round,order,case,implementation,unit,operations,elapsed_ns,ns_per_operation,checksum
0,0,weak_lock_live,own_shared,lock,100000,1498329,14.98329,2350000
0,1,localize_read_drop,own_local,group,100000,1304857,13.04857,2350000
0,2,async_queue_job_1_local_copies,std_shared,job,100,78014,780.14,2000
0,3,async_queue_job_64_borrow_reads,std_shared_then_raw_borrow,job,100,45414,454.14,150400
0,4,async_queue_job_64_local_copies,own_local,job,100,108230,1082.3,150400
0,5,async_queue_job_1024_borrow_reads,std_shared_then_raw_borrow,job,100,146362,1463.62,2406400
0,6,async_queue_job_1024_borrow_reads,own_shared_then_local_view,job,100,114164,1141.64,2406400
0,7,group_setup_then_1_copies,std_shared,group,100000,3552521,35.52521,2000000
0,8,localize_read_drop,std_shared,group,100000,1745982,17.45982,2350000
0,9,weak_lock_live,std_shared,lock,100000,1748481,17.48481,2350000
0,10,group_setup_then_1024_copies,std_shared,group,97,1653199,17043.2886598,2334208
0,11,group_setup_then_64_copies,std_shared,group,1562,1689893,1081.87772087,2349248
0,12,async_queue_job_64_local_copies,std_shared,job,100,357957,3579.57,150400
0,13,scene_4096_attachments,own_local,attachment,98304,147718,1.50266520182,98304
0,14,resource_lifecycle_64_assets_4096_objects,own_local,cycle,10,194507,19450.7,17203200
0,15,resource_lifecycle_64_assets_4096_objects,std_shared,cycle,10,514569,51456.9,17203200
0,16,owner_retained_borrow_parameter,own_local_view,call,100000,63916,0.63916,2350000
0,17,async_queue_job_1_borrow_reads,own_shared_then_local_view,job,100,55039,550.39,2000
0,18,share_read_drop,own_shared,handoff,100000,1117473,11.17473,2350000
0,19,contended_copy_2_workers,own_shared,copy,200000,14979633,74.898165,4700000
0,20,independent_owner_parameter,own_local,call,100000,115414,1.15414,2350000
0,21,share_read_drop,std_shared,handoff,100000,1811609,18.11609,2350000
0,22,independent_owner_parameter,own_shared,call,100000,1846137,18.46137,2350000
0,23,owner_retained_4096_parameter_borrows,own_local_view,frame,24,93156,3881.5,41287680
0,24,owner_retained_4096_draw_borrows,own_local_view,frame,24,47065,1961.04166667,41287680
0,25,group_setup_then_64_copies,own_local,group,1562,111580,71.4340588988,2349248
0,26,group_setup_then_8_copies,own_local,group,12500,276965,22.1572,2350000
0,27,resettable_root_pin_1024_borrow_reads,own_shared_pin_local_view,scope,97,31379,323.494845361,2334208
0,28,async_queue_job_1024_local_copies,own_local,job,100,247456,2474.56,2406400
0,29,create_read_destroy,own_local,asset,100000,1767669,17.67669,65000400000
0,30,group_setup_then_1024_copies,own_local,group,97,233203,2404.15463918,2334208
0,31,owner_retained_4096_draw_borrows,std_raw_borrow,frame,24,50171,2090.45833333,41287680
0,32,copy_read_drop,own_shared,copy,100000,1141652,11.41652,2350000
0,33,async_queue_job_1_borrow_reads,std_shared_then_raw_borrow,job,100,58246,582.46,2000
0,34,copy_read_drop,own_local,copy,100000,101217,1.01217,2350000
0,35,independent_owner_parameter,std_shared,call,100000,1803611,18.03611,2350000
0,36,async_queue_job_1024_local_copies,std_shared,job,100,2510569,25105.69,2406400
0,37,frame_4096_draws_64_unique_leases,own_shared,frame,24,93896,3912.33333333,41287680
0,38,copy_read_drop,std_shared,copy,100000,1674290,16.7429,2350000
0,39,contended_copy_2_workers,std_shared,copy,200000,16101915,80.509575,4700000
0,40,frame_4096_draws_64_unique_leases,std_shared,frame,24,210568,8773.66666667,41287680
0,41,group_setup_then_1_copies,own_local,group,100000,2025437,20.25437,2000000
0,42,async_queue_job_64_borrow_reads,own_shared_then_local_view,job,100,79816,798.16,150400
0,43,owner_retained_borrow_copy_read,own_local_view,read,100000,33770,0.3377,2350000
0,44,scene_4096_attachments,std_shared,attachment,98304,1076129,10.9469502767,98304
0,45,owner_retained_4096_parameter_borrows,std_raw_borrow,frame,24,287014,11958.9166667,41287680
0,46,resettable_root_pin_1024_borrow_reads,std_shared_pin_raw_borrow,scope,97,159214,1641.3814433,2334208
0,47,group_setup_then_8_copies,std_shared,group,12500,2531430,202.5144,2350000
0,48,async_queue_job_1_local_copies,own_local,job,100,66826,668.26,2000
0,49,create_read_destroy,own_shared,asset,100000,1662407,16.62407,65000400000
0,50,weak_lock_expired,own_shared,lock,100000,107014,1.07014,0
0,51,weak_lock_expired,std_shared,lock,100000,94058,0.94058,0
0,52,owner_retained_borrow_parameter,std_raw_borrow,call,100000,61745,0.61745,2350000
0,53,create_read_destroy,std_shared,asset,100000,1333137,13.33137,65000400000
0,54,owner_retained_borrow_copy_read,std_raw_borrow,read,100000,30160,0.3016,2350000
0,55,borrow_read,raw_borrow,read,100000,35498,0.35498,2350000
1,0,resettable_root_pin_1024_borrow_reads,std_shared_pin_raw_borrow,scope,97,31462,324.350515464,2334208
1,1,group_setup_then_8_copies,std_shared,group,12500,2461305,196.9044,2350000
1,2,async_queue_job_1024_borrow_reads,std_shared_then_raw_borrow,job,100,143175,1431.75,2406400
1,3,group_setup_then_1024_copies,std_shared,group,97,1667245,17188.0927835,2334208
1,4,group_setup_then_1_copies,std_shared,group,100000,3411931,34.11931,2000000
1,5,async_queue_job_1_local_copies,own_local,job,100,75534,755.34,2000
1,6,owner_retained_4096_draw_borrows,std_raw_borrow,frame,24,57606,2400.25,41287680
1,7,copy_read_drop,std_shared,copy,100000,1676385,16.76385,2350000
1,8,localize_read_drop,own_local,group,100000,1394527,13.94527,2350000
1,9,create_read_destroy,own_shared,asset,100000,1250342,12.50342,65000400000
1,10,group_setup_then_8_copies,own_local,group,12500,271921,21.75368,2350000
1,11,owner_retained_4096_parameter_borrows,std_raw_borrow,frame,24,76233,3176.375,41287680
1,12,share_read_drop,own_shared,handoff,100000,1165050,11.6505,2350000
1,13,copy_read_drop,own_shared,copy,100000,1201791,12.01791,2350000
1,14,frame_4096_draws_64_unique_leases,own_shared,frame,24,94470,3936.25,41287680
1,15,group_setup_then_1024_copies,own_local,group,97,90954,937.670103093,2334208
1,16,frame_4096_draws_64_unique_leases,std_shared,frame,24,88076,3669.83333333,41287680
1,17,group_setup_then_1_copies,own_local,group,100000,1377465,13.77465,2000000
1,18,async_queue_job_1024_local_copies,std_shared,job,100,2491543,24915.43,2406400
1,19,weak_lock_expired,std_shared,lock,100000,83556,0.83556,0
1,20,scene_4096_attachments,std_shared,attachment,98304,1012799,10.3027242025,98304
1,21,resettable_root_pin_1024_borrow_reads,own_shared_pin_local_view,scope,97,31306,322.742268041,2334208
1,22,async_queue_job_1024_borrow_reads,own_shared_then_local_view,job,100,144034,1440.34,2406400
1,23,borrow_read,raw_borrow,read,100000,35291,0.35291,2350000
1,24,independent_owner_parameter,std_shared,call,100000,1669690,16.6969,2350000
1,25,contended_copy_2_workers,own_shared,copy,200000,12618042,63.09021,4700000
1,26,contended_copy_2_workers,std_shared,copy,200000,13439412,67.19706,4700000
1,27,group_setup_then_64_copies,std_shared,group,1562,2069768,1325.07554417,2349248
1,28,create_read_destroy,std_shared,asset,100000,1741411,17.41411,65000400000
1,29,independent_owner_parameter,own_shared,call,100000,1905850,19.0585,2350000
1,30,async_queue_job_1_local_copies,std_shared,job,100,80385,803.85,2000
1,31,independent_owner_parameter,own_local,call,100000,111802,1.11802,2350000
1,32,owner_retained_borrow_copy_read,std_raw_borrow,read,100000,30174,0.30174,2350000
1,33,owner_retained_borrow_parameter,own_local_view,call,100000,61757,0.61757,2350000
1,34,weak_lock_live,own_shared,lock,100000,1601721,16.01721,2350000
1,35,create_read_destroy,own_local,asset,100000,1527482,15.27482,65000400000
1,36,resource_lifecycle_64_assets_4096_objects,std_shared,cycle,10,534296,53429.6,17203200
1,37,async_queue_job_1_borrow_reads,own_shared_then_local_view,job,100,75078,750.78,2000
1,38,weak_lock_live,std_shared,lock,100000,1698800,16.988,2350000
1,39,async_queue_job_64_local_copies,std_shared,job,100,242827,2428.27,150400
1,40,localize_read_drop,std_shared,group,100000,1502847,15.02847,2350000
1,41,copy_read_drop,own_local,copy,100000,106741,1.06741,2350000
1,42,scene_4096_attachments,own_local,attachment,98304,172035,1.75003051758,98304
1,43,owner_retained_4096_parameter_borrows,own_local_view,frame,24,84993,3541.375,41287680
1,44,async_queue_job_64_borrow_reads,own_shared_then_local_view,job,100,72978,729.78,150400
1,45,async_queue_job_1024_local_copies,own_local,job,100,228922,2289.22,2406400
1,46,async_queue_job_64_borrow_reads,std_shared_then_raw_borrow,job,100,64771,647.71,150400
1,47,share_read_drop,std_shared,handoff,100000,1625944,16.25944,2350000
1,48,async_queue_job_1_borrow_reads,std_shared_then_raw_borrow,job,100,57004,570.04,2000
1,49,async_queue_job_64_local_copies,own_local,job,100,65622,656.22,150400
1,50,weak_lock_expired,own_shared,lock,100000,83692,0.83692,0
1,51,owner_retained_borrow_copy_read,own_local_view,read,100000,32607,0.32607,2350000
1,52,resource_lifecycle_64_assets_4096_objects,own_local,cycle,10,204135,20413.5,17203200
1,53,owner_retained_borrow_parameter,std_raw_borrow,call,100000,69574,0.69574,2350000
1,54,group_setup_then_64_copies,own_local,group,1562,120942,77.4276568502,2349248
1,55,owner_retained_4096_draw_borrows,own_local_view,frame,24,51114,2129.75,41287680
2,0,async_queue_job_1024_borrow_reads,own_shared_then_local_view,job,100,156471,1564.71,2406400
2,1,create_read_destroy,own_local,asset,100000,1582541,15.82541,65000400000
2,2,independent_owner_parameter,own_shared,call,100000,1507173,15.07173,2350000
2,3,copy_read_drop,own_local,copy,100000,101414,1.01414,2350000
2,4,group_setup_then_1_copies,own_local,group,100000,1479058,14.79058,2000000
2,5,owner_retained_borrow_copy_read,own_local_view,read,100000,32510,0.3251,2350000
2,6,resettable_root_pin_1024_borrow_reads,std_shared_pin_raw_borrow,scope,97,34416,354.804123711,2334208
2,7,localize_read_drop,std_shared,group,100000,1634606,16.34606,2350000
2,8,copy_read_drop,own_shared,copy,100000,1178456,11.78456,2350000
2,9,owner_retained_borrow_parameter,std_raw_borrow,call,100000,64066,0.64066,2350000
2,10,copy_read_drop,std_shared,copy,100000,1671321,16.71321,2350000
2,11,owner_retained_4096_draw_borrows,std_raw_borrow,frame,24,1679729,69988.7083333,41287680
2,12,create_read_destroy,own_shared,asset,100000,1256760,12.5676,65000400000
2,13,scene_4096_attachments,std_shared,attachment,98304,1102382,11.2140096029,98304
2,14,independent_owner_parameter,std_shared,call,100000,1644774,16.44774,2350000
2,15,async_queue_job_1024_local_copies,std_shared,job,100,3082886,30828.86,2406400
2,16,owner_retained_4096_parameter_borrows,own_local_view,frame,24,89264,3719.33333333,41287680
2,17,weak_lock_live,own_shared,lock,100000,1799086,17.99086,2350000
2,18,contended_copy_2_workers,own_shared,copy,200000,4697734,23.48867,4700000
2,19,owner_retained_4096_draw_borrows,own_local_view,frame,24,48260,2010.83333333,41287680
2,20,borrow_read,raw_borrow,read,100000,35143,0.35143,2350000
2,21,async_queue_job_64_borrow_reads,own_shared_then_local_view,job,100,761037,7610.37,150400
2,22,async_queue_job_1_local_copies,own_local,job,100,90881,908.81,2000
2,23,group_setup_then_1024_copies,std_shared,group,97,1647396,16983.4639175,2334208
2,24,async_queue_job_64_local_copies,std_shared,job,100,393431,3934.31,150400
2,25,group_setup_then_64_copies,own_local,group,1562,124365,79.619078105,2349248
2,26,frame_4096_draws_64_unique_leases,std_shared,frame,24,103858,4327.41666667,41287680
2,27,weak_lock_expired,own_shared,lock,100000,77247,0.77247,0
2,28,async_queue_job_1024_local_copies,own_local,job,100,338480,3384.8,2406400
2,29,weak_lock_live,std_shared,lock,100000,1704078,17.04078,2350000
2,30,share_read_drop,std_shared,handoff,100000,1469803,14.69803,2350000
2,31,create_read_destroy,std_shared,asset,100000,1244248,12.44248,65000400000
2,32,scene_4096_attachments,own_local,attachment,98304,158469,1.6120300293,98304
2,33,contended_copy_2_workers,std_shared,copy,200000,13089683,65.448415,4700000
2,34,frame_4096_draws_64_unique_leases,own_shared,frame,24,92832,3868,41287680
2,35,async_queue_job_1024_borrow_reads,std_shared_then_raw_borrow,job,100,467793,4677.93,2406400
2,36,async_queue_job_1_borrow_reads,own_shared_then_local_view,job,100,61573,615.73,2000
2,37,owner_retained_borrow_copy_read,std_raw_borrow,read,100000,30558,0.30558,2350000
2,38,owner_retained_4096_parameter_borrows,std_raw_borrow,frame,24,77724,3238.5,41287680
2,39,owner_retained_borrow_parameter,own_local_view,call,100000,64345,0.64345,2350000
2,40,group_setup_then_8_copies,own_local,group,12500,247569,19.80552,2350000
2,41,resettable_root_pin_1024_borrow_reads,own_shared_pin_local_view,scope,97,31266,322.329896907,2334208
2,42,independent_owner_parameter,own_local,call,100000,131396,1.31396,2350000
2,43,async_queue_job_1_local_copies,std_shared,job,100,119454,1194.54,2000
2,44,group_setup_then_8_copies,std_shared,group,12500,1864542,149.16336,2350000
2,45,share_read_drop,own_shared,handoff,100000,1172921,11.72921,2350000
2,46,async_queue_job_1_borrow_reads,std_shared_then_raw_borrow,job,100,86283,862.83,2000
2,47,async_queue_job_64_borrow_reads,std_shared_then_raw_borrow,job,100,72817,728.17,150400
2,48,resource_lifecycle_64_assets_4096_objects,own_local,cycle,10,208979,20897.9,17203200
2,49,resource_lifecycle_64_assets_4096_objects,std_shared,cycle,10,523886,52388.6,17203200
2,50,async_queue_job_64_local_copies,own_local,job,100,70315,703.15,150400
2,51,group_setup_then_1024_copies,own_local,group,97,91337,941.618556701,2334208
2,52,group_setup_then_1_copies,std_shared,group,100000,3343103,33.43103,2000000
2,53,weak_lock_expired,std_shared,lock,100000,99120,0.9912,0
2,54,group_setup_then_64_copies,std_shared,group,1562,1670676,1069.57490397,2349248
2,55,localize_read_drop,own_local,group,100000,1341238,13.41238,2350000
3,0,async_queue_job_1_local_copies,own_local,job,100,54924,549.24,2000
3,1,frame_4096_draws_64_unique_leases,own_shared,frame,24,87322,3638.41666667,41287680
3,2,frame_4096_draws_64_unique_leases,std_shared,frame,24,92349,3847.875,41287680
3,3,share_read_drop,std_shared,handoff,100000,1541593,15.41593,2350000
3,4,owner_retained_borrow_copy_read,std_raw_borrow,read,100000,30056,0.30056,2350000
3,5,group_setup_then_8_copies,std_shared,group,12500,1885644,150.85152,2350000
3,6,resettable_root_pin_1024_borrow_reads,std_shared_pin_raw_borrow,scope,97,31662,326.412371134,2334208
3,7,create_read_destroy,own_shared,asset,100000,1294165,12.94165,65000400000
3,8,async_queue_job_1_local_copies,std_shared,job,100,70223,702.23,2000
3,9,copy_read_drop,own_local,copy,100000,101420,1.0142,2350000
3,10,async_queue_job_1_borrow_reads,std_shared_then_raw_borrow,job,100,65489,654.89,2000
3,11,create_read_destroy,own_local,asset,100000,1675055,16.75055,65000400000
3,12,weak_lock_live,std_shared,lock,100000,1884064,18.84064,2350000
3,13,group_setup_then_64_copies,std_shared,group,1562,1702714,1090.08578745,2349248
3,14,async_queue_job_1024_local_copies,std_shared,job,100,3346216,33462.16,2406400
3,15,independent_owner_parameter,own_shared,call,100000,1470901,14.70901,2350000
3,16,weak_lock_live,own_shared,lock,100000,1547799,15.47799,2350000
3,17,async_queue_job_64_local_copies,std_shared,job,100,323970,3239.7,150400
3,18,contended_copy_2_workers,own_shared,copy,200000,10723454,53.61727,4700000
3,19,async_queue_job_1024_local_copies,own_local,job,100,315149,3151.49,2406400
3,20,owner_retained_borrow_parameter,std_raw_borrow,call,100000,60576,0.60576,2350000
3,21,owner_retained_4096_draw_borrows,own_local_view,frame,24,60546,2522.75,41287680
3,22,group_setup_then_1_copies,std_shared,group,100000,3322571,33.22571,2000000
3,23,owner_retained_borrow_copy_read,own_local_view,read,100000,54826,0.54826,2350000
3,24,async_queue_job_1024_borrow_reads,std_shared_then_raw_borrow,job,100,126733,1267.33,2406400
3,25,resource_lifecycle_64_assets_4096_objects,std_shared,cycle,10,587751,58775.1,17203200
3,26,group_setup_then_1024_copies,std_shared,group,97,1576520,16252.7835052,2334208
3,27,borrow_read,raw_borrow,read,100000,50101,0.50101,2350000
3,28,share_read_drop,own_shared,handoff,100000,1289241,12.89241,2350000
3,29,independent_owner_parameter,std_shared,call,100000,1694860,16.9486,2350000
3,30,owner_retained_4096_parameter_borrows,std_raw_borrow,frame,24,78044,3251.83333333,41287680
3,31,localize_read_drop,std_shared,group,100000,1552428,15.52428,2350000
3,32,copy_read_drop,own_shared,copy,100000,1204138,12.04138,2350000
3,33,owner_retained_4096_parameter_borrows,own_local_view,frame,24,77046,3210.25,41287680
3,34,async_queue_job_64_borrow_reads,std_shared_then_raw_borrow,job,100,67115,671.15,150400
3,35,independent_owner_parameter,own_local,call,100000,142470,1.4247,2350000
3,36,create_read_destroy,std_shared,asset,100000,1346460,13.4646,65000400000
3,37,contended_copy_2_workers,std_shared,copy,200000,13247744,66.23872,4700000
3,38,group_setup_then_64_copies,own_local,group,1562,124958,79.9987195903,2349248
3,39,group_setup_then_8_copies,own_local,group,12500,240550,19.244,2350000
3,40,async_queue_job_64_borrow_reads,own_shared_then_local_view,job,100,75921,759.21,150400
3,41,owner_retained_borrow_parameter,own_local_view,call,100000,78017,0.78017,2350000
3,42,scene_4096_attachments,own_local,attachment,98304,199576,2.03019205729,98304
3,43,async_queue_job_1024_borrow_reads,own_shared_then_local_view,job,100,117158,1171.58,2406400
3,44,copy_read_drop,std_shared,copy,100000,1665223,16.65223,2350000
3,45,scene_4096_attachments,std_shared,attachment,98304,992099,10.0921529134,98304
3,46,async_queue_job_64_local_copies,own_local,job,100,141307,1413.07,150400
3,47,localize_read_drop,own_local,group,100000,1361446,13.61446,2350000
3,48,weak_lock_expired,own_shared,lock,100000,77262,0.77262,0
3,49,async_queue_job_1_borrow_reads,own_shared_then_local_view,job,100,57046,570.46,2000
3,50,owner_retained_4096_draw_borrows,std_raw_borrow,frame,24,49080,2045,41287680
3,51,resource_lifecycle_64_assets_4096_objects,own_local,cycle,10,226889,22688.9,17203200
3,52,resettable_root_pin_1024_borrow_reads,own_shared_pin_local_view,scope,97,31981,329.701030928,2334208
3,53,group_setup_then_1024_copies,own_local,group,97,92640,955.051546392,2334208
3,54,group_setup_then_1_copies,own_local,group,100000,1397666,13.97666,2000000
3,55,weak_lock_expired,std_shared,lock,100000,85849,0.85849,0
4,0,scene_4096_attachments,std_shared,attachment,98304,955976,9.72469075521,98304
4,1,resettable_root_pin_1024_borrow_reads,std_shared_pin_raw_borrow,scope,97,31978,329.670103093,2334208
4,2,owner_retained_4096_parameter_borrows,std_raw_borrow,frame,24,76311,3179.625,41287680
4,3,owner_retained_4096_draw_borrows,own_local_view,frame,24,48037,2001.54166667,41287680
4,4,weak_lock_expired,own_shared,lock,100000,77036,0.77036,0
4,5,resource_lifecycle_64_assets_4096_objects,std_shared,cycle,10,535960,53596,17203200
4,6,copy_read_drop,own_local,copy,100000,101466,1.01466,2350000
4,7,borrow_read,raw_borrow,read,100000,39060,0.3906,2350000
4,8,async_queue_job_64_local_copies,std_shared,job,100,307151,3071.51,150400
4,9,copy_read_drop,own_shared,copy,100000,1264300,12.643,2350000
4,10,weak_lock_live,own_shared,lock,100000,1639134,16.39134,2350000
4,11,async_queue_job_1024_borrow_reads,std_shared_then_raw_borrow,job,100,155314,1553.14,2406400
4,12,frame_4096_draws_64_unique_leases,std_shared,frame,24,109849,4577.04166667,41287680
4,13,async_queue_job_1_local_copies,own_local,job,100,51718,517.18,2000
4,14,async_queue_job_1_borrow_reads,own_shared_then_local_view,job,100,61313,613.13,2000
4,15,weak_lock_live,std_shared,lock,100000,1768321,17.68321,2350000
4,16,async_queue_job_1024_local_copies,std_shared,job,100,2439880,24398.8,2406400
4,17,independent_owner_parameter,std_shared,call,100000,1671524,16.71524,2350000
4,18,group_setup_then_1_copies,std_shared,group,100000,3329092,33.29092,2000000
4,19,copy_read_drop,std_shared,copy,100000,1673120,16.7312,2350000
4,20,scene_4096_attachments,own_local,attachment,98304,171350,1.74306233724,98304
4,21,contended_copy_2_workers,own_shared,copy,200000,13605070,68.02535,4700000
4,22,create_read_destroy,own_local,asset,100000,3575666,35.75666,65000400000
4,23,async_queue_job_64_borrow_reads,own_shared_then_local_view,job,100,3418204,34182.04,150400
4,24,async_queue_job_64_local_copies,own_local,job,100,159763,1597.63,150400
4,25,resettable_root_pin_1024_borrow_reads,own_shared_pin_local_view,scope,97,35026,361.092783505,2334208
4,26,owner_retained_borrow_copy_read,std_raw_borrow,read,100000,34097,0.34097,2350000
4,27,owner_retained_4096_draw_borrows,std_raw_borrow,frame,24,53312,2221.33333333,41287680
4,28,owner_retained_borrow_copy_read,own_local_view,read,100000,33491,0.33491,2350000
4,29,owner_retained_borrow_parameter,own_local_view,call,100000,66852,0.66852,2350000
4,30,async_queue_job_64_borrow_reads,std_shared_then_raw_borrow,job,100,87322,873.22,150400
4,31,group_setup_then_64_copies,std_shared,group,1562,1989560,1273.72599232,2349248
4,32,owner_retained_borrow_parameter,std_raw_borrow,call,100000,65094,0.65094,2350000
4,33,independent_owner_parameter,own_shared,call,100000,1783298,17.83298,2350000
4,34,group_setup_then_1_copies,own_local,group,100000,1405586,14.05586,2000000
4,35,independent_owner_parameter,own_local,call,100000,115504,1.15504,2350000
4,36,weak_lock_expired,std_shared,lock,100000,85749,0.85749,0
4,37,group_setup_then_8_copies,own_local,group,12500,266760,21.3408,2350000
4,38,frame_4096_draws_64_unique_leases,own_shared,frame,24,91449,3810.375,41287680
4,39,group_setup_then_8_copies,std_shared,group,12500,1861702,148.93616,2350000
4,40,owner_retained_4096_parameter_borrows,own_local_view,frame,24,76782,3199.25,41287680
4,41,share_read_drop,std_shared,handoff,100000,1510808,15.10808,2350000
4,42,localize_read_drop,std_shared,group,100000,1473650,14.7365,2350000
4,43,async_queue_job_1_borrow_reads,std_shared_then_raw_borrow,job,100,107908,1079.08,2000
4,44,resource_lifecycle_64_assets_4096_objects,own_local,cycle,10,192804,19280.4,17203200
4,45,contended_copy_2_workers,std_shared,copy,200000,11912067,59.560335,4700000
4,46,create_read_destroy,std_shared,asset,100000,1301812,13.01812,65000400000
4,47,async_queue_job_1024_borrow_reads,own_shared_then_local_view,job,100,235064,2350.64,2406400
4,48,group_setup_then_64_copies,own_local,group,1562,111188,71.1830985915,2349248
4,49,create_read_destroy,own_shared,asset,100000,1225335,12.25335,65000400000
4,50,share_read_drop,own_shared,handoff,100000,1120787,11.20787,2350000
4,51,group_setup_then_1024_copies,std_shared,group,97,1692923,17452.814433,2334208
4,52,async_queue_job_1024_local_copies,own_local,job,100,425906,4259.06,2406400
4,53,group_setup_then_1024_copies,own_local,group,97,112554,1160.35051546,2334208
4,54,localize_read_drop,own_local,group,100000,1285026,12.85026,2350000
4,55,async_queue_job_1_local_copies,std_shared,job,100,101599,1015.99,2000
5,0,localize_read_drop,own_local,group,100000,1276831,12.76831,2350000
5,1,async_queue_job_1024_local_copies,own_local,job,100,731453,7314.53,2406400
5,2,share_read_drop,std_shared,handoff,100000,1463544,14.63544,2350000
5,3,share_read_drop,own_shared,handoff,100000,1116590,11.1659,2350000
5,4,async_queue_job_64_borrow_reads,own_shared_then_local_view,job,100,74428,744.28,150400
5,5,resource_lifecycle_64_assets_4096_objects,own_local,cycle,10,192823,19282.3,17203200
5,6,contended_copy_2_workers,std_shared,copy,200000,14095657,70.478285,4700000
5,7,borrow_read,raw_borrow,read,100000,35572,0.35572,2350000
5,8,group_setup_then_64_copies,own_local,group,1562,113314,72.5441741357,2349248
5,9,independent_owner_parameter,own_shared,call,100000,1457979,14.57979,2350000
5,10,async_queue_job_64_borrow_reads,std_shared_then_raw_borrow,job,100,94714,947.14,150400
5,11,copy_read_drop,std_shared,copy,100000,1668335,16.68335,2350000
5,12,async_queue_job_1024_local_copies,std_shared,job,100,2792878,27928.78,2406400
5,13,group_setup_then_64_copies,std_shared,group,1562,1700861,1088.89948784,2349248
5,14,owner_retained_borrow_parameter,own_local_view,call,100000,340892,3.40892,2350000
5,15,resettable_root_pin_1024_borrow_reads,own_shared_pin_local_view,scope,97,31510,324.845360825,2334208
5,16,create_read_destroy,own_shared,asset,100000,1248778,12.48778,65000400000
5,17,copy_read_drop,own_shared,copy,100000,5645027,56.45027,2350000
5,18,async_queue_job_1_local_copies,std_shared,job,100,586022,5860.22,2000
5,19,copy_read_drop,own_local,copy,100000,105313,1.05313,2350000
5,20,async_queue_job_1_borrow_reads,own_shared_then_local_view,job,100,1274647,12746.47,2000
5,21,resettable_root_pin_1024_borrow_reads,std_shared_pin_raw_borrow,scope,97,40333,415.804123711,2334208
5,22,async_queue_job_1024_borrow_reads,own_shared_then_local_view,job,100,1537339,15373.39,2406400
5,23,weak_lock_expired,own_shared,lock,100000,86111,0.86111,0
5,24,owner_retained_4096_draw_borrows,own_local_view,frame,24,53783,2240.95833333,41287680
5,25,resource_lifecycle_64_assets_4096_objects,std_shared,cycle,10,561177,56117.7,17203200
5,26,owner_retained_4096_draw_borrows,std_raw_borrow,frame,24,55356,2306.5,41287680
5,27,owner_retained_borrow_copy_read,std_raw_borrow,read,100000,33580,0.3358,2350000
5,28,owner_retained_4096_parameter_borrows,std_raw_borrow,frame,24,108024,4501,41287680
5,29,weak_lock_expired,std_shared,lock,100000,100811,1.00811,0
5,30,group_setup_then_8_copies,std_shared,group,12500,2636419,210.91352,2350000
5,31,group_setup_then_1_copies,own_local,group,100000,1833316,18.33316,2000000
5,32,group_setup_then_1024_copies,own_local,group,97,98252,1012.90721649,2334208
5,33,async_queue_job_1024_borrow_reads,std_shared_then_raw_borrow,job,100,111496,1114.96,2406400
5,34,scene_4096_attachments,std_shared,attachment,98304,1024944,10.4262695312,98304
5,35,frame_4096_draws_64_unique_leases,std_shared,frame,24,105813,4408.875,41287680
5,36,async_queue_job_64_local_copies,own_local,job,100,60076,600.76,150400
5,37,weak_lock_live,std_shared,lock,100000,1776930,17.7693,2350000
5,38,owner_retained_4096_parameter_borrows,own_local_view,frame,24,76948,3206.16666667,41287680
5,39,async_queue_job_64_local_copies,std_shared,job,100,384728,3847.28,150400
5,40,weak_lock_live,own_shared,lock,100000,1484767,14.84767,2350000
5,41,frame_4096_draws_64_unique_leases,own_shared,frame,24,91456,3810.66666667,41287680
5,42,owner_retained_borrow_parameter,std_raw_borrow,call,100000,61858,0.61858,2350000
5,43,owner_retained_borrow_copy_read,own_local_view,read,100000,42054,0.42054,2350000
5,44,async_queue_job_1_borrow_reads,std_shared_then_raw_borrow,job,100,69124,691.24,2000
5,45,group_setup_then_8_copies,own_local,group,12500,222166,17.77328,2350000
5,46,scene_4096_attachments,own_local,attachment,98304,151048,1.53653971354,98304
5,47,contended_copy_2_workers,own_shared,copy,200000,11984085,59.920425,4700000
5,48,create_read_destroy,own_local,asset,100000,1552792,15.52792,65000400000
5,49,independent_owner_parameter,own_local,call,100000,116031,1.16031,2350000
5,50,localize_read_drop,std_shared,group,100000,1510894,15.10894,2350000
5,51,async_queue_job_1_local_copies,own_local,job,100,65862,658.62,2000
5,52,independent_owner_parameter,std_shared,call,100000,1679499,16.79499,2350000
5,53,group_setup_then_1_copies,std_shared,group,100000,3338115,33.38115,2000000
5,54,create_read_destroy,std_shared,asset,100000,1263643,12.63643,65000400000
5,55,group_setup_then_1024_copies,std_shared,group,97,1639349,16900.5051546,2334208
6,0,async_queue_job_64_borrow_reads,own_shared_then_local_view,job,100,82764,827.64,150400
6,1,async_queue_job_64_local_copies,own_local,job,100,80950,809.5,150400
6,2,weak_lock_expired,own_shared,lock,100000,81809,0.81809,0
6,3,frame_4096_draws_64_unique_leases,std_shared,frame,24,108072,4503,41287680
6,4,async_queue_job_1024_local_copies,own_local,job,100,194522,1945.22,2406400
6,5,create_read_destroy,std_shared,asset,100000,1258640,12.5864,65000400000
6,6,weak_lock_live,own_shared,lock,100000,1493783,14.93783,2350000
6,7,frame_4096_draws_64_unique_leases,own_shared,frame,24,102225,4259.375,41287680
6,8,independent_owner_parameter,own_local,call,100000,115574,1.15574,2350000
6,9,async_queue_job_1_borrow_reads,own_shared_then_local_view,job,100,69445,694.45,2000
6,10,weak_lock_live,std_shared,lock,100000,1700801,17.00801,2350000
6,11,copy_read_drop,own_local,copy,100000,116093,1.16093,2350000
6,12,async_queue_job_64_borrow_reads,std_shared_then_raw_borrow,job,100,81980,819.8,150400
6,13,async_queue_job_1_local_copies,own_local,job,100,42681,426.81,2000
6,14,localize_read_drop,std_shared,group,100000,1596063,15.96063,2350000
6,15,weak_lock_expired,std_shared,lock,100000,93016,0.93016,0
6,16,create_read_destroy,own_shared,asset,100000,1308654,13.08654,65000400000
6,17,scene_4096_attachments,own_local,attachment,98304,156164,1.58858235677,98304
6,18,owner_retained_borrow_parameter,own_local_view,call,100000,66861,0.66861,2350000
6,19,group_setup_then_8_copies,std_shared,group,12500,1929343,154.34744,2350000
6,20,independent_owner_parameter,own_shared,call,100000,1448552,14.48552,2350000
6,21,group_setup_then_64_copies,own_local,group,1562,114077,73.0326504481,2349248
6,22,async_queue_job_1_borrow_reads,std_shared_then_raw_borrow,job,100,57878,578.78,2000
6,23,async_queue_job_1024_borrow_reads,std_shared_then_raw_borrow,job,100,165835,1658.35,2406400
6,24,group_setup_then_1_copies,own_local,group,100000,1372416,13.72416,2000000
6,25,resource_lifecycle_64_assets_4096_objects,own_local,cycle,10,192468,19246.8,17203200
6,26,group_setup_then_1024_copies,own_local,group,97,90691,934.958762887,2334208
6,27,owner_retained_4096_parameter_borrows,std_raw_borrow,frame,24,79089,3295.375,41287680
6,28,share_read_drop,own_shared,handoff,100000,1120932,11.20932,2350000
6,29,owner_retained_borrow_copy_read,own_local_view,read,100000,30178,0.30178,2350000
6,30,contended_copy_2_workers,own_shared,copy,200000,14563942,72.81971,4700000
6,31,localize_read_drop,own_local,group,100000,1282094,12.82094,2350000
6,32,owner_retained_4096_parameter_borrows,own_local_view,frame,24,89198,3716.58333333,41287680
6,33,owner_retained_borrow_parameter,std_raw_borrow,call,100000,61873,0.61873,2350000
6,34,owner_retained_4096_draw_borrows,own_local_view,frame,24,46938,1955.75,41287680
6,35,share_read_drop,std_shared,handoff,100000,1502220,15.0222,2350000
6,36,async_queue_job_64_local_copies,std_shared,job,100,388370,3883.7,150400
6,37,group_setup_then_64_copies,std_shared,group,1562,1667220,1067.36235595,2349248
6,38,borrow_read,raw_borrow,read,100000,35092,0.35092,2350000
6,39,scene_4096_attachments,std_shared,attachment,98304,978588,9.95471191406,98304
6,40,async_queue_job_1_local_copies,std_shared,job,100,62281,622.81,2000
6,41,async_queue_job_1024_local_copies,std_shared,job,100,2427177,24271.77,2406400
6,42,resettable_root_pin_1024_borrow_reads,std_shared_pin_raw_borrow,scope,97,31723,327.041237113,2334208
6,43,resource_lifecycle_64_assets_4096_objects,std_shared,cycle,10,507791,50779.1,17203200
6,44,independent_owner_parameter,std_shared,call,100000,1550070,15.5007,2350000
6,45,create_read_destroy,own_local,asset,100000,1631453,16.31453,65000400000
6,46,contended_copy_2_workers,std_shared,copy,200000,17738170,88.69085,4700000
6,47,copy_read_drop,std_shared,copy,100000,1700477,17.00477,2350000
6,48,resettable_root_pin_1024_borrow_reads,own_shared_pin_local_view,scope,97,31478,324.515463918,2334208
6,49,group_setup_then_8_copies,own_local,group,12500,271147,21.69176,2350000
6,50,async_queue_job_1024_borrow_reads,own_shared_then_local_view,job,100,161253,1612.53,2406400
6,51,owner_retained_4096_draw_borrows,std_raw_borrow,frame,24,49413,2058.875,41287680
6,52,owner_retained_borrow_copy_read,std_raw_borrow,read,100000,34153,0.34153,2350000
6,53,group_setup_then_1024_copies,std_shared,group,97,1643088,16939.0515464,2334208
6,54,group_setup_then_1_copies,std_shared,group,100000,3343616,33.43616,2000000
6,55,copy_read_drop,own_shared,copy,100000,1113510,11.1351,2350000
7,0,resource_lifecycle_64_assets_4096_objects,own_local,cycle,10,190582,19058.2,17203200
7,1,share_read_drop,std_shared,handoff,100000,1484402,14.84402,2350000
7,2,owner_retained_4096_draw_borrows,own_local_view,frame,24,48937,2039.04166667,41287680
7,3,weak_lock_expired,std_shared,lock,100000,85988,0.85988,0
7,4,async_queue_job_1_borrow_reads,own_shared_then_local_view,job,100,87891,878.91,2000
7,5,async_queue_job_1024_local_copies,std_shared,job,100,2440423,24404.23,2406400
7,6,resource_lifecycle_64_assets_4096_objects,std_shared,cycle,10,516220,51622,17203200
7,7,frame_4096_draws_64_unique_leases,own_shared,frame,24,101916,4246.5,41287680
7,8,group_setup_then_1024_copies,std_shared,group,97,1630341,16807.6391753,2334208
7,9,weak_lock_live,own_shared,lock,100000,1484949,14.84949,2350000
7,10,resettable_root_pin_1024_borrow_reads,std_shared_pin_raw_borrow,scope,97,31627,326.051546392,2334208
7,11,copy_read_drop,own_local,copy,100000,100772,1.00772,2350000
7,12,async_queue_job_1_borrow_reads,std_shared_then_raw_borrow,job,100,48264,482.64,2000
7,13,share_read_drop,own_shared,handoff,100000,1230965,12.30965,2350000
7,14,group_setup_then_64_copies,std_shared,group,1562,1816033,1162.63316261,2349248
7,15,group_setup_then_1_copies,std_shared,group,100000,3393351,33.93351,2000000
7,16,resettable_root_pin_1024_borrow_reads,own_shared_pin_local_view,scope,97,31253,322.195876289,2334208
7,17,create_read_destroy,own_local,asset,100000,1474978,14.74978,65000400000
7,18,independent_owner_parameter,own_shared,call,100000,1466730,14.6673,2350000
7,19,async_queue_job_64_borrow_reads,own_shared_then_local_view,job,100,121040,1210.4,150400
7,20,independent_owner_parameter,own_local,call,100000,128120,1.2812,2350000
7,21,independent_owner_parameter,std_shared,call,100000,1639926,16.39926,2350000
7,22,group_setup_then_8_copies,own_local,group,12500,260606,20.84848,2350000
7,23,localize_read_drop,own_local,group,100000,1388860,13.8886,2350000
7,24,group_setup_then_8_copies,std_shared,group,12500,1654304,132.34432,2350000
7,25,async_queue_job_1_local_copies,std_shared,job,100,93452,934.52,2000
7,26,group_setup_then_1_copies,own_local,group,100000,1671244,16.71244,2000000
7,27,localize_read_drop,std_shared,group,100000,1509928,15.09928,2350000
7,28,create_read_destroy,std_shared,asset,100000,1387065,13.87065,65000400000
7,29,owner_retained_borrow_parameter,std_raw_borrow,call,100000,61835,0.61835,2350000
7,30,owner_retained_4096_parameter_borrows,std_raw_borrow,frame,24,78988,3291.16666667,41287680
7,31,async_queue_job_64_borrow_reads,std_shared_then_raw_borrow,job,100,86969,869.69,150400
7,32,async_queue_job_1024_local_copies,own_local,job,100,255834,2558.34,2406400
7,33,owner_retained_borrow_copy_read,own_local_view,read,100000,30223,0.30223,2350000
7,34,borrow_read,raw_borrow,read,100000,35246,0.35246,2350000
7,35,async_queue_job_1024_borrow_reads,own_shared_then_local_view,job,100,175081,1750.81,2406400
7,36,owner_retained_4096_draw_borrows,std_raw_borrow,frame,24,47188,1966.16666667,41287680
7,37,scene_4096_attachments,std_shared,attachment,98304,966307,9.82978312174,98304
7,38,group_setup_then_1024_copies,own_local,group,97,92503,953.639175258,2334208
7,39,scene_4096_attachments,own_local,attachment,98304,150874,1.53476969401,98304
7,40,owner_retained_4096_parameter_borrows,own_local_view,frame,24,76691,3195.45833333,41287680
7,41,async_queue_job_1_local_copies,own_local,job,100,81048,810.48,2000
7,42,group_setup_then_64_copies,own_local,group,1562,113261,72.5102432778,2349248
7,43,contended_copy_2_workers,std_shared,copy,200000,18916958,94.58479,4700000
7,44,copy_read_drop,std_shared,copy,100000,1674838,16.74838,2350000
7,45,async_queue_job_64_local_copies,own_local,job,100,99024,990.24,150400
7,46,async_queue_job_64_local_copies,std_shared,job,100,433313,4333.13,150400
7,47,owner_retained_borrow_parameter,own_local_view,call,100000,60184,0.60184,2350000
7,48,owner_retained_borrow_copy_read,std_raw_borrow,read,100000,30728,0.30728,2350000
7,49,copy_read_drop,own_shared,copy,100000,1102476,11.02476,2350000
7,50,create_read_destroy,own_shared,asset,100000,1239958,12.39958,65000400000
7,51,contended_copy_2_workers,own_shared,copy,200000,4695029,23.475145,4700000
7,52,weak_lock_expired,own_shared,lock,100000,77133,0.77133,0
7,53,weak_lock_live,std_shared,lock,100000,1690074,16.90074,2350000
7,54,async_queue_job_1024_borrow_reads,std_shared_then_raw_borrow,job,100,118389,1183.89,2406400
7,55,frame_4096_draws_64_unique_leases,std_shared,frame,24,92139,3839.125,41287680
8,0,share_read_drop,std_shared,handoff,100000,1491837,14.91837,2350000
8,1,localize_read_drop,std_shared,group,100000,1509096,15.09096,2350000
8,2,async_queue_job_1_local_copies,own_local,job,100,168413,1684.13,2000
8,3,async_queue_job_1_borrow_reads,std_shared_then_raw_borrow,job,100,49583,495.83,2000
8,4,contended_copy_2_workers,std_shared,copy,200000,14500011,72.500055,4700000
8,5,resettable_root_pin_1024_borrow_reads,own_shared_pin_local_view,scope,97,44908,462.969072165,2334208
8,6,async_queue_job_1_borrow_reads,own_shared_then_local_view,job,100,53530,535.3,2000
8,7,owner_retained_borrow_copy_read,std_raw_borrow,read,100000,30635,0.30635,2350000
8,8,group_setup_then_64_copies,own_local,group,1562,111270,71.2355953905,2349248
8,9,frame_4096_draws_64_unique_leases,own_shared,frame,24,89708,3737.83333333,41287680
8,10,group_setup_then_1_copies,std_shared,group,100000,3374293,33.74293,2000000
8,11,group_setup_then_1024_copies,own_local,group,97,94620,975.463917526,2334208
8,12,owner_retained_4096_parameter_borrows,std_raw_borrow,frame,24,83517,3479.875,41287680
8,13,weak_lock_expired,own_shared,lock,100000,77100,0.771,0
8,14,copy_read_drop,own_local,copy,100000,114426,1.14426,2350000
8,15,async_queue_job_1024_borrow_reads,std_shared_then_raw_borrow,job,100,121309,1213.09,2406400
8,16,create_read_destroy,own_shared,asset,100000,1340574,13.40574,65000400000
8,17,resource_lifecycle_64_assets_4096_objects,own_local,cycle,10,207012,20701.2,17203200
8,18,owner_retained_borrow_copy_read,own_local_view,read,100000,32644,0.32644,2350000
8,19,owner_retained_4096_parameter_borrows,own_local_view,frame,24,83610,3483.75,41287680
8,20,weak_lock_expired,std_shared,lock,100000,95711,0.95711,0
8,21,independent_owner_parameter,own_local,call,100000,135965,1.35965,2350000
8,22,weak_lock_live,std_shared,lock,100000,1833840,18.3384,2350000
8,23,group_setup_then_1_copies,own_local,group,100000,1383947,13.83947,2000000
8,24,frame_4096_draws_64_unique_leases,std_shared,frame,24,90882,3786.75,41287680
8,25,borrow_read,raw_borrow,read,100000,35454,0.35454,2350000
8,26,async_queue_job_1024_borrow_reads,own_shared_then_local_view,job,100,130070,1300.7,2406400
8,27,owner_retained_borrow_parameter,std_raw_borrow,call,100000,59987,0.59987,2350000
8,28,owner_retained_4096_draw_borrows,std_raw_borrow,frame,24,47270,1969.58333333,41287680
8,29,resettable_root_pin_1024_borrow_reads,std_shared_pin_raw_borrow,scope,97,31582,325.587628866,2334208
8,30,create_read_destroy,std_shared,asset,100000,1246905,12.46905,65000400000
8,31,async_queue_job_1024_local_copies,own_local,job,100,350480,3504.8,2406400
8,32,weak_lock_live,own_shared,lock,100000,1503799,15.03799,2350000
8,33,group_setup_then_64_copies,std_shared,group,1562,1652898,1058.19334187,2349248
8,34,async_queue_job_1024_local_copies,std_shared,job,100,2451423,24514.23,2406400
8,35,group_setup_then_8_copies,std_shared,group,12500,1885074,150.80592,2350000
8,36,async_queue_job_1_local_copies,std_shared,job,100,77283,772.83,2000
8,37,copy_read_drop,own_shared,copy,100000,1115909,11.15909,2350000
8,38,async_queue_job_64_borrow_reads,std_shared_then_raw_borrow,job,100,69315,693.15,150400
8,39,async_queue_job_64_borrow_reads,own_shared_then_local_view,job,100,65529,655.29,150400
8,40,resource_lifecycle_64_assets_4096_objects,std_shared,cycle,10,514673,51467.3,17203200
8,41,contended_copy_2_workers,own_shared,copy,200000,15221307,76.106535,4700000
8,42,async_queue_job_64_local_copies,own_local,job,100,110034,1100.34,150400
8,43,create_read_destroy,own_local,asset,100000,1510144,15.10144,65000400000
8,44,independent_owner_parameter,std_shared,call,100000,1679911,16.79911,2350000
8,45,share_read_drop,own_shared,handoff,100000,1141294,11.41294,2350000
8,46,group_setup_then_8_copies,own_local,group,12500,226143,18.09144,2350000
8,47,owner_retained_borrow_parameter,own_local_view,call,100000,63812,0.63812,2350000
8,48,owner_retained_4096_draw_borrows,own_local_view,frame,24,48446,2018.58333333,41287680
8,49,copy_read_drop,std_shared,copy,100000,1658705,16.58705,2350000
8,50,scene_4096_attachments,own_local,attachment,98304,152030,1.54652913411,98304
8,51,async_queue_job_64_local_copies,std_shared,job,100,346468,3464.68,150400
8,52,independent_owner_parameter,own_shared,call,100000,1460339,14.60339,2350000
8,53,localize_read_drop,own_local,group,100000,1487728,14.87728,2350000
8,54,group_setup_then_1024_copies,std_shared,group,97,1482754,15286.1237113,2334208
8,55,scene_4096_attachments,std_shared,attachment,98304,972280,9.89054361979,98304
9,0,async_queue_job_1024_borrow_reads,own_shared_then_local_view,job,100,130498,1304.98,2406400
9,1,group_setup_then_1024_copies,own_local,group,97,91354,941.793814433,2334208
9,2,async_queue_job_64_borrow_reads,std_shared_then_raw_borrow,job,100,68980,689.8,150400
9,3,group_setup_then_1024_copies,std_shared,group,97,1652389,17034.9381443,2334208
9,4,create_read_destroy,std_shared,asset,100000,1259288,12.59288,65000400000
9,5,create_read_destroy,own_shared,asset,100000,1221312,12.21312,65000400000
9,6,resettable_root_pin_1024_borrow_reads,std_shared_pin_raw_borrow,scope,97,31478,324.515463918,2334208
9,7,resource_lifecycle_64_assets_4096_objects,std_shared,cycle,10,517989,51798.9,17203200
9,8,group_setup_then_8_copies,std_shared,group,12500,1868627,149.49016,2350000
9,9,owner_retained_borrow_parameter,own_local_view,call,100000,63689,0.63689,2350000
9,10,owner_retained_4096_draw_borrows,std_raw_borrow,frame,24,50129,2088.70833333,41287680
9,11,weak_lock_live,own_shared,lock,100000,1472743,14.72743,2350000
9,12,copy_read_drop,std_shared,copy,100000,1665464,16.65464,2350000
9,13,group_setup_then_8_copies,own_local,group,12500,266135,21.2908,2350000
9,14,async_queue_job_64_local_copies,own_local,job,100,111345,1113.45,150400
9,15,copy_read_drop,own_shared,copy,100000,1169866,11.69866,2350000
9,16,owner_retained_4096_draw_borrows,own_local_view,frame,24,48598,2024.91666667,41287680
9,17,async_queue_job_1_local_copies,std_shared,job,100,53466,534.66,2000
9,18,group_setup_then_64_copies,std_shared,group,1562,1671737,1070.25416133,2349248
9,19,async_queue_job_64_borrow_reads,own_shared_then_local_view,job,100,83886,838.86,150400
9,20,owner_retained_borrow_copy_read,std_raw_borrow,read,100000,30094,0.30094,2350000
9,21,weak_lock_expired,own_shared,lock,100000,90330,0.9033,0
9,22,scene_4096_attachments,own_local,attachment,98304,146554,1.49082438151,98304
9,23,async_queue_job_1_borrow_reads,own_shared_then_local_view,job,100,69768,697.68,2000
9,24,frame_4096_draws_64_unique_leases,own_shared,frame,24,86389,3599.54166667,41287680
9,25,async_queue_job_1024_local_copies,std_shared,job,100,2436233,24362.33,2406400
9,26,localize_read_drop,own_local,group,100000,1300469,13.00469,2350000
9,27,async_queue_job_64_local_copies,std_shared,job,100,271186,2711.86,150400
9,28,async_queue_job_1024_local_copies,own_local,job,100,285265,2852.65,2406400
9,29,independent_owner_parameter,std_shared,call,100000,1673932,16.73932,2350000
9,30,frame_4096_draws_64_unique_leases,std_shared,frame,24,90537,3772.375,41287680
9,31,weak_lock_live,std_shared,lock,100000,1684879,16.84879,2350000
9,32,weak_lock_expired,std_shared,lock,100000,85720,0.8572,0
9,33,scene_4096_attachments,std_shared,attachment,98304,976814,9.93666585286,98304
9,34,owner_retained_borrow_copy_read,own_local_view,read,100000,30179,0.30179,2350000
9,35,contended_copy_2_workers,std_shared,copy,200000,16961675,84.808375,4700000
9,36,share_read_drop,own_shared,handoff,100000,1121860,11.2186,2350000
9,37,owner_retained_4096_parameter_borrows,std_raw_borrow,frame,24,78449,3268.70833333,41287680
9,38,group_setup_then_1_copies,std_shared,group,100000,3329160,33.2916,2000000
9,39,async_queue_job_1024_borrow_reads,std_shared_then_raw_borrow,job,100,134083,1340.83,2406400
9,40,async_queue_job_1_local_copies,own_local,job,100,61683,616.83,2000
9,41,share_read_drop,std_shared,handoff,100000,1468660,14.6866,2350000
9,42,localize_read_drop,std_shared,group,100000,1493862,14.93862,2350000
9,43,independent_owner_parameter,own_shared,call,100000,1488026,14.88026,2350000
9,44,group_setup_then_1_copies,own_local,group,100000,1486983,14.86983,2000000
9,45,group_setup_then_64_copies,own_local,group,1562,114565,73.3450704225,2349248
9,46,resettable_root_pin_1024_borrow_reads,own_shared_pin_local_view,scope,97,44041,454.030927835,2334208
9,47,independent_owner_parameter,own_local,call,100000,115973,1.15973,2350000
9,48,async_queue_job_1_borrow_reads,std_shared_then_raw_borrow,job,100,114654,1146.54,2000
9,49,create_read_destroy,own_local,asset,100000,1482071,14.82071,65000400000
9,50,copy_read_drop,own_local,copy,100000,101277,1.01277,2350000
9,51,resource_lifecycle_64_assets_4096_objects,own_local,cycle,10,220945,22094.5,17203200
9,52,contended_copy_2_workers,own_shared,copy,200000,15001429,75.007145,4700000
9,53,borrow_read,raw_borrow,read,100000,35369,0.35369,2350000
9,54,owner_retained_borrow_parameter,std_raw_borrow,call,100000,59975,0.59975,2350000
9,55,owner_retained_4096_parameter_borrows,own_local_view,frame,24,96725,4030.20833333,41287680
10,0,weak_lock_live,own_shared,lock,100000,1570045,15.70045,2350000
10,1,borrow_read,raw_borrow,read,100000,51345,0.51345,2350000
10,2,group_setup_then_8_copies,own_local,group,12500,264187,21.13496,2350000
10,3,scene_4096_attachments,std_shared,attachment,98304,956133,9.7262878418,98304
10,4,async_queue_job_1_local_copies,std_shared,job,100,52952,529.52,2000
10,5,create_read_destroy,std_shared,asset,100000,1257859,12.57859,65000400000
10,6,scene_4096_attachments,own_local,attachment,98304,151313,1.53923543294,98304
10,7,owner_retained_4096_draw_borrows,std_raw_borrow,frame,24,48409,2017.04166667,41287680
10,8,localize_read_drop,std_shared,group,100000,1605712,16.05712,2350000
10,9,weak_lock_expired,own_shared,lock,100000,77093,0.77093,0
10,10,resettable_root_pin_1024_borrow_reads,std_shared_pin_raw_borrow,scope,97,31450,324.226804124,2334208
10,11,frame_4096_draws_64_unique_leases,own_shared,frame,24,90373,3765.54166667,41287680
10,12,share_read_drop,own_shared,handoff,100000,1182538,11.82538,2350000
10,13,independent_owner_parameter,own_local,call,100000,115903,1.15903,2350000
10,14,copy_read_drop,own_local,copy,100000,101253,1.01253,2350000
10,15,resettable_root_pin_1024_borrow_reads,own_shared_pin_local_view,scope,97,38022,391.979381443,2334208
10,16,owner_retained_4096_parameter_borrows,own_local_view,frame,24,83267,3469.45833333,41287680
10,17,async_queue_job_1_borrow_reads,std_shared_then_raw_borrow,job,100,52934,529.34,2000
10,18,async_queue_job_64_local_copies,std_shared,job,100,217611,2176.11,150400
10,19,async_queue_job_1024_local_copies,std_shared,job,100,2408043,24080.43,2406400
10,20,contended_copy_2_workers,std_shared,copy,200000,18725752,93.62876,4700000
10,21,async_queue_job_1_local_copies,own_local,job,100,49191,491.91,2000
10,22,independent_owner_parameter,own_shared,call,100000,1471184,14.71184,2350000
10,23,async_queue_job_1_borrow_reads,own_shared_then_local_view,job,100,59991,599.91,2000
10,24,group_setup_then_1024_copies,std_shared,group,97,1643518,16943.4845361,2334208
10,25,async_queue_job_1024_borrow_reads,own_shared_then_local_view,job,100,165713,1657.13,2406400
10,26,async_queue_job_1024_borrow_reads,std_shared_then_raw_borrow,job,100,187281,1872.81,2406400
10,27,create_read_destroy,own_local,asset,100000,1452118,14.52118,65000400000
10,28,group_setup_then_8_copies,std_shared,group,12500,1876126,150.09008,2350000
10,29,async_queue_job_1024_local_copies,own_local,job,100,368830,3688.3,2406400
10,30,copy_read_drop,own_shared,copy,100000,1137852,11.37852,2350000
10,31,owner_retained_borrow_copy_read,std_raw_borrow,read,100000,30078,0.30078,2350000
10,32,contended_copy_2_workers,own_shared,copy,200000,15188259,75.941295,4700000
10,33,copy_read_drop,std_shared,copy,100000,1661838,16.61838,2350000
10,34,group_setup_then_1_copies,own_local,group,100000,1384424,13.84424,2000000
10,35,weak_lock_live,std_shared,lock,100000,1674462,16.74462,2350000
10,36,owner_retained_4096_parameter_borrows,std_raw_borrow,frame,24,79250,3302.08333333,41287680
10,37,async_queue_job_64_borrow_reads,own_shared_then_local_view,job,100,87025,870.25,150400
10,38,async_queue_job_64_borrow_reads,std_shared_then_raw_borrow,job,100,67053,670.53,150400
10,39,owner_retained_borrow_parameter,own_local_view,call,100000,64655,0.64655,2350000
10,40,owner_retained_borrow_copy_read,own_local_view,read,100000,30085,0.30085,2350000
10,41,group_setup_then_1_copies,std_shared,group,100000,3326518,33.26518,2000000
10,42,resource_lifecycle_64_assets_4096_objects,own_local,cycle,10,197272,19727.2,17203200
10,43,independent_owner_parameter,std_shared,call,100000,1673341,16.73341,2350000
10,44,group_setup_then_64_copies,std_shared,group,1562,1662621,1064.41805378,2349248
10,45,group_setup_then_1024_copies,own_local,group,97,93009,958.855670103,2334208
10,46,share_read_drop,std_shared,handoff,100000,1484190,14.8419,2350000
10,47,owner_retained_borrow_parameter,std_raw_borrow,call,100000,64710,0.6471,2350000
10,48,resource_lifecycle_64_assets_4096_objects,std_shared,cycle,10,553783,55378.3,17203200
10,49,owner_retained_4096_draw_borrows,own_local_view,frame,24,47993,1999.70833333,41287680
10,50,group_setup_then_64_copies,own_local,group,1562,111809,71.5806658131,2349248
10,51,frame_4096_draws_64_unique_leases,std_shared,frame,24,91093,3795.54166667,41287680
10,52,create_read_destroy,own_shared,asset,100000,1239474,12.39474,65000400000
10,53,localize_read_drop,own_local,group,100000,1298988,12.98988,2350000
10,54,weak_lock_expired,std_shared,lock,100000,83649,0.83649,0
10,55,async_queue_job_64_local_copies,own_local,job,100,62112,621.12,150400
11,0,async_queue_job_64_borrow_reads,std_shared_then_raw_borrow,job,100,64609,646.09,150400
11,1,owner_retained_borrow_copy_read,own_local_view,read,100000,30189,0.30189,2350000
11,2,weak_lock_live,std_shared,lock,100000,1711925,17.11925,2350000
11,3,owner_retained_borrow_parameter,std_raw_borrow,call,100000,60019,0.60019,2350000
11,4,create_read_destroy,own_local,asset,100000,1544865,15.44865,65000400000
11,5,resource_lifecycle_64_assets_4096_objects,own_local,cycle,10,183808,18380.8,17203200
11,6,group_setup_then_1_copies,own_local,group,100000,1402506,14.02506,2000000
11,7,group_setup_then_1_copies,std_shared,group,100000,3310495,33.10495,2000000
11,8,group_setup_then_8_copies,std_shared,group,12500,1867967,149.43736,2350000
11,9,async_queue_job_1_borrow_reads,std_shared_then_raw_borrow,job,100,58235,582.35,2000
11,10,copy_read_drop,std_shared,copy,100000,1669400,16.694,2350000
11,11,owner_retained_4096_parameter_borrows,own_local_view,frame,24,76477,3186.54166667,41287680
11,12,group_setup_then_64_copies,std_shared,group,1562,1678389,1074.5128041,2349248
11,13,create_read_destroy,own_shared,asset,100000,1221572,12.21572,65000400000
11,14,weak_lock_expired,std_shared,lock,100000,85529,0.85529,0
11,15,resettable_root_pin_1024_borrow_reads,std_shared_pin_raw_borrow,scope,97,31914,329.010309278,2334208
11,16,owner_retained_4096_parameter_borrows,std_raw_borrow,frame,24,77681,3236.70833333,41287680
11,17,share_read_drop,own_shared,handoff,100000,1114970,11.1497,2350000
11,18,scene_4096_attachments,std_shared,attachment,98304,995432,10.1260579427,98304
11,19,contended_copy_2_workers,own_shared,copy,200000,8955187,44.775935,4700000
11,20,copy_read_drop,own_local,copy,100000,101379,1.01379,2350000
11,21,localize_read_drop,own_local,group,100000,1388632,13.88632,2350000
11,22,async_queue_job_1_local_copies,own_local,job,100,54285,542.85,2000
11,23,copy_read_drop,own_shared,copy,100000,1221886,12.21886,2350000
11,24,frame_4096_draws_64_unique_leases,std_shared,frame,24,92069,3836.20833333,41287680
11,25,weak_lock_expired,own_shared,lock,100000,83531,0.83531,0
11,26,resource_lifecycle_64_assets_4096_objects,std_shared,cycle,10,545715,54571.5,17203200
11,27,owner_retained_4096_draw_borrows,own_local_view,frame,24,55462,2310.91666667,41287680
11,28,async_queue_job_1024_local_copies,std_shared,job,100,2412196,24121.96,2406400
11,29,async_queue_job_64_borrow_reads,own_shared_then_local_view,job,100,81746,817.46,150400
11,30,owner_retained_4096_draw_borrows,std_raw_borrow,frame,24,48135,2005.625,41287680
11,31,localize_read_drop,std_shared,group,100000,1530481,15.30481,2350000
11,32,group_setup_then_8_copies,own_local,group,12500,346313,27.70504,2350000
11,33,group_setup_then_1024_copies,std_shared,group,97,1643513,16943.4329897,2334208
11,34,contended_copy_2_workers,std_shared,copy,200000,13591189,67.955945,4700000
11,35,weak_lock_live,own_shared,lock,100000,1501277,15.01277,2350000
11,36,async_queue_job_1024_borrow_reads,own_shared_then_local_view,job,100,203476,2034.76,2406400
11,37,create_read_destroy,std_shared,asset,100000,1231125,12.31125,65000400000
11,38,async_queue_job_1024_borrow_reads,std_shared_then_raw_borrow,job,100,240382,2403.82,2406400
11,39,async_queue_job_1_borrow_reads,own_shared_then_local_view,job,100,47476,474.76,2000
11,40,share_read_drop,std_shared,handoff,100000,1474876,14.74876,2350000
11,41,async_queue_job_64_local_copies,own_local,job,100,102650,1026.5,150400
11,42,frame_4096_draws_64_unique_leases,own_shared,frame,24,94973,3957.20833333,41287680
11,43,scene_4096_attachments,own_local,attachment,98304,142996,1.45463053385,98304
11,44,independent_owner_parameter,std_shared,call,100000,1652065,16.52065,2350000
11,45,independent_owner_parameter,own_local,call,100000,111980,1.1198,2350000
11,46,owner_retained_borrow_parameter,own_local_view,call,100000,60001,0.60001,2350000
11,47,group_setup_then_1024_copies,own_local,group,97,88383,911.164948454,2334208
11,48,resettable_root_pin_1024_borrow_reads,own_shared_pin_local_view,scope,97,31740,327.216494845,2334208
11,49,async_queue_job_1024_local_copies,own_local,job,100,321780,3217.8,2406400
11,50,group_setup_then_64_copies,own_local,group,1562,124802,79.8988476312,2349248
11,51,independent_owner_parameter,own_shared,call,100000,1450606,14.50606,2350000
11,52,borrow_read,raw_borrow,read,100000,36243,0.36243,2350000
11,53,owner_retained_borrow_copy_read,std_raw_borrow,read,100000,29981,0.29981,2350000
11,54,async_queue_job_64_local_copies,std_shared,job,100,323898,3238.98,150400
11,55,async_queue_job_1_local_copies,std_shared,job,100,84826,848.26,2000
12,0,owner_retained_4096_draw_borrows,std_raw_borrow,frame,24,47442,1976.75,41287680
12,1,create_read_destroy,std_shared,asset,100000,1217291,12.17291,65000400000
12,2,group_setup_then_1_copies,own_local,group,100000,1369621,13.69621,2000000
12,3,copy_read_drop,own_local,copy,100000,101644,1.01644,2350000
12,4,copy_read_drop,own_shared,copy,100000,1276882,12.76882,2350000
12,5,group_setup_then_64_copies,own_local,group,1562,123869,79.3015364917,2349248
12,6,owner_retained_borrow_parameter,own_local_view,call,100000,64973,0.64973,2350000
12,7,share_read_drop,std_shared,handoff,100000,1615849,16.15849,2350000
12,8,owner_retained_borrow_parameter,std_raw_borrow,call,100000,64933,0.64933,2350000
12,9,weak_lock_expired,std_shared,lock,100000,106199,1.06199,0
12,10,async_queue_job_1024_local_copies,own_local,job,100,240137,2401.37,2406400
12,11,async_queue_job_64_local_copies,std_shared,job,100,264416,2644.16,150400
12,12,resource_lifecycle_64_assets_4096_objects,own_local,cycle,10,201599,20159.9,17203200
12,13,share_read_drop,own_shared,handoff,100000,1124740,11.2474,2350000
12,14,scene_4096_attachments,std_shared,attachment,98304,949564,9.65946451823,98304
12,15,localize_read_drop,std_shared,group,100000,1716293,17.16293,2350000
12,16,async_queue_job_64_local_copies,own_local,job,100,73594,735.94,150400
12,17,independent_owner_parameter,own_local,call,100000,150107,1.50107,2350000
12,18,localize_read_drop,own_local,group,100000,1494199,14.94199,2350000
12,19,scene_4096_attachments,own_local,attachment,98304,161286,1.64068603516,98304
12,20,group_setup_then_8_copies,std_shared,group,12500,1841267,147.30136,2350000
12,21,async_queue_job_1024_borrow_reads,own_shared_then_local_view,job,100,138069,1380.69,2406400
12,22,group_setup_then_1024_copies,own_local,group,97,91613,944.463917526,2334208
12,23,async_queue_job_1_borrow_reads,own_shared_then_local_view,job,100,50418,504.18,2000
12,24,weak_lock_live,own_shared,lock,100000,1485111,14.85111,2350000
12,25,group_setup_then_8_copies,own_local,group,12500,224903,17.99224,2350000
12,26,frame_4096_draws_64_unique_leases,std_shared,frame,24,92364,3848.5,41287680
12,27,owner_retained_4096_draw_borrows,own_local_view,frame,24,52526,2188.58333333,41287680
12,28,group_setup_then_1_copies,std_shared,group,100000,3320155,33.20155,2000000
12,29,resettable_root_pin_1024_borrow_reads,own_shared_pin_local_view,scope,97,31566,325.422680412,2334208
12,30,async_queue_job_1024_local_copies,std_shared,job,100,2440200,24402,2406400
12,31,create_read_destroy,own_local,asset,100000,1489444,14.89444,65000400000
12,32,async_queue_job_1_local_copies,own_local,job,100,46232,462.32,2000
12,33,group_setup_then_1024_copies,std_shared,group,97,1644357,16952.1340206,2334208
12,34,borrow_read,raw_borrow,read,100000,36169,0.36169,2350000
12,35,owner_retained_borrow_copy_read,own_local_view,read,100000,30692,0.30692,2350000
12,36,copy_read_drop,std_shared,copy,100000,1690132,16.90132,2350000
12,37,async_queue_job_1024_borrow_reads,std_shared_then_raw_borrow,job,100,148250,1482.5,2406400
12,38,create_read_destroy,own_shared,asset,100000,1268392,12.68392,65000400000
12,39,contended_copy_2_workers,std_shared,copy,200000,14646622,73.23311,4700000
12,40,independent_owner_parameter,own_shared,call,100000,1454124,14.54124,2350000
12,41,async_queue_job_64_borrow_reads,own_shared_then_local_view,job,100,68452,684.52,150400
12,42,contended_copy_2_workers,own_shared,copy,200000,13023266,65.11633,4700000
12,43,owner_retained_4096_parameter_borrows,own_local_view,frame,24,76620,3192.5,41287680
12,44,resource_lifecycle_64_assets_4096_objects,std_shared,cycle,10,529980,52998,17203200
12,45,owner_retained_4096_parameter_borrows,std_raw_borrow,frame,24,79882,3328.41666667,41287680
12,46,group_setup_then_64_copies,std_shared,group,1562,1677471,1073.92509603,2349248
12,47,resettable_root_pin_1024_borrow_reads,std_shared_pin_raw_borrow,scope,97,31378,323.484536082,2334208
12,48,async_queue_job_1_borrow_reads,std_shared_then_raw_borrow,job,100,58698,586.98,2000
12,49,async_queue_job_64_borrow_reads,std_shared_then_raw_borrow,job,100,90633,906.33,150400
12,50,weak_lock_expired,own_shared,lock,100000,81308,0.81308,0
12,51,independent_owner_parameter,std_shared,call,100000,1670756,16.70756,2350000
12,52,weak_lock_live,std_shared,lock,100000,1675712,16.75712,2350000
12,53,owner_retained_borrow_copy_read,std_raw_borrow,read,100000,30058,0.30058,2350000
12,54,async_queue_job_1_local_copies,std_shared,job,100,70494,704.94,2000
12,55,frame_4096_draws_64_unique_leases,own_shared,frame,24,110772,4615.5,41287680
13,0,resource_lifecycle_64_assets_4096_objects,own_local,cycle,10,187806,18780.6,17203200
13,1,weak_lock_live,own_shared,lock,100000,1503265,15.03265,2350000
13,2,owner_retained_4096_parameter_borrows,own_local_view,frame,24,76344,3181,41287680
13,3,async_queue_job_1024_borrow_reads,own_shared_then_local_view,job,100,195149,1951.49,2406400
13,4,scene_4096_attachments,own_local,attachment,98304,143988,1.46472167969,98304
13,5,borrow_read,raw_borrow,read,100000,35059,0.35059,2350000
13,6,share_read_drop,std_shared,handoff,100000,1456996,14.56996,2350000
13,7,group_setup_then_64_copies,std_shared,group,1562,1674161,1071.80601793,2349248
13,8,resource_lifecycle_64_assets_4096_objects,std_shared,cycle,10,540757,54075.7,17203200
13,9,frame_4096_draws_64_unique_leases,std_shared,frame,24,105998,4416.58333333,41287680
13,10,async_queue_job_1_local_copies,own_local,job,100,87928,879.28,2000
13,11,contended_copy_2_workers,std_shared,copy,200000,10364010,51.82005,4700000
13,12,async_queue_job_64_borrow_reads,std_shared_then_raw_borrow,job,100,58456,584.56,150400
13,13,independent_owner_parameter,own_local,call,100000,116151,1.16151,2350000
13,14,independent_owner_parameter,std_shared,call,100000,1639294,16.39294,2350000
13,15,async_queue_job_1_borrow_reads,own_shared_then_local_view,job,100,64551,645.51,2000
13,16,copy_read_drop,std_shared,copy,100000,1675277,16.75277,2350000
13,17,group_setup_then_1024_copies,std_shared,group,97,1635911,16865.0618557,2334208
13,18,independent_owner_parameter,own_shared,call,100000,1491204,14.91204,2350000
13,19,group_setup_then_8_copies,own_local,group,12500,263078,21.04624,2350000
13,20,weak_lock_expired,std_shared,lock,100000,83505,0.83505,0
13,21,create_read_destroy,std_shared,asset,100000,1263409,12.63409,65000400000
13,22,localize_read_drop,std_shared,group,100000,1505641,15.05641,2350000
13,23,share_read_drop,own_shared,handoff,100000,1112317,11.12317,2350000
13,24,copy_read_drop,own_shared,copy,100000,1100989,11.00989,2350000
13,25,owner_retained_borrow_parameter,own_local_view,call,100000,61719,0.61719,2350000
13,26,scene_4096_attachments,std_shared,attachment,98304,939610,9.55820719401,98304
13,27,group_setup_then_1024_copies,own_local,group,97,90860,936.701030928,2334208
13,28,weak_lock_live,std_shared,lock,100000,1695493,16.95493,2350000
13,29,create_read_destroy,own_local,asset,100000,1492200,14.922,65000400000
13,30,async_queue_job_64_borrow_reads,own_shared_then_local_view,job,100,72677,726.77,150400
13,31,weak_lock_expired,own_shared,lock,100000,77166,0.77166,0
13,32,owner_retained_4096_parameter_borrows,std_raw_borrow,frame,24,90704,3779.33333333,41287680
13,33,owner_retained_borrow_parameter,std_raw_borrow,call,100000,60005,0.60005,2350000
13,34,owner_retained_4096_draw_borrows,std_raw_borrow,frame,24,47047,1960.29166667,41287680
13,35,async_queue_job_64_local_copies,own_local,job,100,99840,998.4,150400
13,36,resettable_root_pin_1024_borrow_reads,std_shared_pin_raw_borrow,scope,97,31602,325.793814433,2334208
13,37,group_setup_then_1_copies,std_shared,group,100000,3315201,33.15201,2000000
13,38,group_setup_then_1_copies,own_local,group,100000,1375547,13.75547,2000000
13,39,owner_retained_borrow_copy_read,std_raw_borrow,read,100000,42597,0.42597,2350000
13,40,owner_retained_4096_draw_borrows,own_local_view,frame,24,48100,2004.16666667,41287680
13,41,group_setup_then_8_copies,std_shared,group,12500,1844859,147.58872,2350000
13,42,async_queue_job_1_borrow_reads,std_shared_then_raw_borrow,job,100,57526,575.26,2000
13,43,async_queue_job_1024_local_copies,std_shared,job,100,2430848,24308.48,2406400
13,44,owner_retained_borrow_copy_read,own_local_view,read,100000,30439,0.30439,2350000
13,45,async_queue_job_1024_local_copies,own_local,job,100,336886,3368.86,2406400
13,46,async_queue_job_1_local_copies,std_shared,job,100,95101,951.01,2000
13,47,localize_read_drop,own_local,group,100000,1317451,13.17451,2350000
13,48,contended_copy_2_workers,own_shared,copy,200000,11881915,59.409575,4700000
13,49,frame_4096_draws_64_unique_leases,own_shared,frame,24,96266,4011.08333333,41287680
13,50,create_read_destroy,own_shared,asset,100000,1222633,12.22633,65000400000
13,51,resettable_root_pin_1024_borrow_reads,own_shared_pin_local_view,scope,97,31397,323.680412371,2334208
13,52,async_queue_job_64_local_copies,std_shared,job,100,349019,3490.19,150400
13,53,async_queue_job_1024_borrow_reads,std_shared_then_raw_borrow,job,100,107378,1073.78,2406400
13,54,copy_read_drop,own_local,copy,100000,116035,1.16035,2350000
13,55,group_setup_then_64_copies,own_local,group,1562,133015,85.1568501921,2349248
14,0,async_queue_job_1_local_copies,std_shared,job,100,63872,638.72,2000
14,1,owner_retained_4096_draw_borrows,std_raw_borrow,frame,24,59279,2469.95833333,41287680
14,2,copy_read_drop,own_shared,copy,100000,1204317,12.04317,2350000
14,3,localize_read_drop,own_local,group,100000,1382831,13.82831,2350000
14,4,create_read_destroy,own_shared,asset,100000,1352587,13.52587,65000400000
14,5,group_setup_then_1024_copies,std_shared,group,97,1650803,17018.5876289,2334208
14,6,scene_4096_attachments,own_local,attachment,98304,160155,1.6291809082,98304
14,7,async_queue_job_1024_local_copies,own_local,job,100,326927,3269.27,2406400
14,8,owner_retained_4096_parameter_borrows,own_local_view,frame,24,77344,3222.66666667,41287680
14,9,owner_retained_borrow_copy_read,own_local_view,read,100000,30254,0.30254,2350000
14,10,async_queue_job_1024_borrow_reads,own_shared_then_local_view,job,100,211280,2112.8,2406400
14,11,async_queue_job_64_local_copies,own_local,job,100,82449,824.49,150400
14,12,group_setup_then_1024_copies,own_local,group,97,93167,960.484536082,2334208
14,13,group_setup_then_8_copies,std_shared,group,12500,1874278,149.94224,2350000
14,14,localize_read_drop,std_shared,group,100000,1491007,14.91007,2350000
14,15,frame_4096_draws_64_unique_leases,own_shared,frame,24,85962,3581.75,41287680
14,16,async_queue_job_1024_borrow_reads,std_shared_then_raw_borrow,job,100,166097,1660.97,2406400
14,17,group_setup_then_1_copies,own_local,group,100000,1366775,13.66775,2000000
14,18,create_read_destroy,std_shared,asset,100000,1253057,12.53057,65000400000
14,19,owner_retained_borrow_copy_read,std_raw_borrow,read,100000,30081,0.30081,2350000
14,20,weak_lock_expired,std_shared,lock,100000,85665,0.85665,0
14,21,owner_retained_borrow_parameter,std_raw_borrow,call,100000,61791,0.61791,2350000
14,22,group_setup_then_8_copies,own_local,group,12500,253365,20.2692,2350000
14,23,frame_4096_draws_64_unique_leases,std_shared,frame,24,90260,3760.83333333,41287680
14,24,owner_retained_4096_draw_borrows,own_local_view,frame,24,51064,2127.66666667,41287680
14,25,async_queue_job_64_local_copies,std_shared,job,100,343753,3437.53,150400
14,26,weak_lock_expired,own_shared,lock,100000,77176,0.77176,0
14,27,weak_lock_live,std_shared,lock,100000,1698785,16.98785,2350000
14,28,copy_read_drop,own_local,copy,100000,113517,1.13517,2350000
14,29,contended_copy_2_workers,std_shared,copy,200000,17065657,85.328285,4700000
14,30,owner_retained_borrow_parameter,own_local_view,call,100000,63842,0.63842,2350000
14,31,share_read_drop,own_shared,handoff,100000,1113398,11.13398,2350000
14,32,group_setup_then_64_copies,std_shared,group,1562,1674918,1072.29065301,2349248
14,33,weak_lock_live,own_shared,lock,100000,1507610,15.0761,2350000
14,34,resource_lifecycle_64_assets_4096_objects,std_shared,cycle,10,518592,51859.2,17203200
14,35,share_read_drop,std_shared,handoff,100000,1472609,14.72609,2350000
14,36,create_read_destroy,own_local,asset,100000,1479682,14.79682,65000400000
14,37,resettable_root_pin_1024_borrow_reads,std_shared_pin_raw_borrow,scope,97,32110,331.030927835,2334208
14,38,independent_owner_parameter,own_shared,call,100000,1465173,14.65173,2350000
14,39,group_setup_then_64_copies,own_local,group,1562,114185,73.1017925736,2349248
14,40,async_queue_job_64_borrow_reads,own_shared_then_local_view,job,100,62140,621.4,150400
14,41,async_queue_job_1_borrow_reads,std_shared_then_raw_borrow,job,100,85446,854.46,2000
14,42,independent_owner_parameter,std_shared,call,100000,1668489,16.68489,2350000
14,43,contended_copy_2_workers,own_shared,copy,200000,12849241,64.246205,4700000
14,44,async_queue_job_64_borrow_reads,std_shared_then_raw_borrow,job,100,50239,502.39,150400
14,45,owner_retained_4096_parameter_borrows,std_raw_borrow,frame,24,78581,3274.20833333,41287680
14,46,independent_owner_parameter,own_local,call,100000,115732,1.15732,2350000
14,47,group_setup_then_1_copies,std_shared,group,100000,3332388,33.32388,2000000
14,48,resource_lifecycle_64_assets_4096_objects,own_local,cycle,10,186424,18642.4,17203200
14,49,resettable_root_pin_1024_borrow_reads,own_shared_pin_local_view,scope,97,44388,457.608247423,2334208
14,50,async_queue_job_1024_local_copies,std_shared,job,100,2656505,26565.05,2406400
14,51,copy_read_drop,std_shared,copy,100000,1689212,16.89212,2350000
14,52,async_queue_job_1_local_copies,own_local,job,100,73220,732.2,2000
14,53,borrow_read,raw_borrow,read,100000,36803,0.36803,2350000
14,54,async_queue_job_1_borrow_reads,own_shared_then_local_view,job,100,51182,511.82,2000
14,55,scene_4096_attachments,std_shared,attachment,98304,935948,9.52095540365,98304
15,0,async_queue_job_64_borrow_reads,std_shared_then_raw_borrow,job,100,44958,449.58,150400
15,1,localize_read_drop,std_shared,group,100000,1510680,15.1068,2350000
15,2,owner_retained_4096_draw_borrows,own_local_view,frame,24,47272,1969.66666667,41287680
15,3,owner_retained_4096_draw_borrows,std_raw_borrow,frame,24,47121,1963.375,41287680
15,4,async_queue_job_1_local_copies,own_local,job,100,63174,631.74,2000
15,5,owner_retained_borrow_parameter,own_local_view,call,100000,64362,0.64362,2350000
15,6,group_setup_then_1024_copies,std_shared,group,97,1632209,16826.8969072,2334208
15,7,weak_lock_live,std_shared,lock,100000,1691521,16.91521,2350000
15,8,independent_owner_parameter,own_local,call,100000,111805,1.11805,2350000
15,9,async_queue_job_1024_local_copies,own_local,job,100,335125,3351.25,2406400
15,10,group_setup_then_64_copies,own_local,group,1562,111866,71.6171574904,2349248
15,11,weak_lock_expired,own_shared,lock,100000,77072,0.77072,0
15,12,group_setup_then_1024_copies,own_local,group,97,93303,961.886597938,2334208
15,13,localize_read_drop,own_local,group,100000,1275572,12.75572,2350000
15,14,contended_copy_2_workers,own_shared,copy,200000,11705583,58.527915,4700000
15,15,copy_read_drop,own_local,copy,100000,101761,1.01761,2350000
15,16,group_setup_then_64_copies,std_shared,group,1562,1814323,1161.53841229,2349248
15,17,copy_read_drop,own_shared,copy,100000,1222823,12.22823,2350000
15,18,async_queue_job_1024_borrow_reads,own_shared_then_local_view,job,100,116133,1161.33,2406400
15,19,resettable_root_pin_1024_borrow_reads,own_shared_pin_local_view,scope,97,33829,348.75257732,2334208
15,20,frame_4096_draws_64_unique_leases,std_shared,frame,24,93240,3885,41287680
15,21,owner_retained_borrow_copy_read,std_raw_borrow,read,100000,32962,0.32962,2350000
15,22,owner_retained_4096_parameter_borrows,own_local_view,frame,24,82529,3438.70833333,41287680
15,23,group_setup_then_1_copies,own_local,group,100000,1417354,14.17354,2000000
15,24,independent_owner_parameter,std_shared,call,100000,1660245,16.60245,2350000
15,25,async_queue_job_1_local_copies,std_shared,job,100,48934,489.34,2000
15,26,group_setup_then_8_copies,own_local,group,12500,237227,18.97816,2350000
15,27,async_queue_job_1024_local_copies,std_shared,job,100,2409809,24098.09,2406400
15,28,create_read_destroy,own_local,asset,100000,1737872,17.37872,65000400000
15,29,create_read_destroy,std_shared,asset,100000,1294597,12.94597,65000400000
15,30,weak_lock_live,own_shared,lock,100000,1488801,14.88801,2350000
15,31,copy_read_drop,std_shared,copy,100000,1683849,16.83849,2350000
15,32,share_read_drop,std_shared,handoff,100000,1475437,14.75437,2350000
15,33,resettable_root_pin_1024_borrow_reads,std_shared_pin_raw_borrow,scope,97,31546,325.216494845,2334208
15,34,async_queue_job_64_local_copies,std_shared,job,100,325918,3259.18,150400
15,35,contended_copy_2_workers,std_shared,copy,200000,15063104,75.31552,4700000
15,36,async_queue_job_64_borrow_reads,own_shared_then_local_view,job,100,75155,751.55,150400
15,37,async_queue_job_1024_borrow_reads,std_shared_then_raw_borrow,job,100,142198,1421.98,2406400
15,38,independent_owner_parameter,own_shared,call,100000,1466924,14.66924,2350000
15,39,create_read_destroy,own_shared,asset,100000,1251920,12.5192,65000400000
15,40,resource_lifecycle_64_assets_4096_objects,own_local,cycle,10,192914,19291.4,17203200
15,41,borrow_read,raw_borrow,read,100000,36441,0.36441,2350000
15,42,resource_lifecycle_64_assets_4096_objects,std_shared,cycle,10,512180,51218,17203200
15,43,scene_4096_attachments,own_local,attachment,98304,149387,1.51964314779,98304
15,44,weak_lock_expired,std_shared,lock,100000,85618,0.85618,0
15,45,group_setup_then_8_copies,std_shared,group,12500,1862930,149.0344,2350000
15,46,async_queue_job_1_borrow_reads,own_shared_then_local_view,job,100,72434,724.34,2000
15,47,owner_retained_4096_parameter_borrows,std_raw_borrow,frame,24,78679,3278.29166667,41287680
15,48,owner_retained_borrow_copy_read,own_local_view,read,100000,30214,0.30214,2350000
15,49,frame_4096_draws_64_unique_leases,own_shared,frame,24,152683,6361.79166667,41287680
15,50,share_read_drop,own_shared,handoff,100000,1157760,11.5776,2350000
15,51,async_queue_job_1_borrow_reads,std_shared_then_raw_borrow,job,100,56296,562.96,2000
15,52,scene_4096_attachments,std_shared,attachment,98304,936671,9.52831013997,98304
15,53,owner_retained_borrow_parameter,std_raw_borrow,call,100000,60113,0.60113,2350000
15,54,async_queue_job_64_local_copies,own_local,job,100,108962,1089.62,150400
15,55,group_setup_then_1_copies,std_shared,group,100000,3323657,33.23657,2000000
16,0,async_queue_job_1024_borrow_reads,std_shared_then_raw_borrow,job,100,154476,1544.76,2406400
16,1,async_queue_job_64_borrow_reads,std_shared_then_raw_borrow,job,100,53420,534.2,150400
16,2,async_queue_job_1024_borrow_reads,own_shared_then_local_view,job,100,220533,2205.33,2406400
16,3,group_setup_then_1_copies,own_local,group,100000,1366145,13.66145,2000000
16,4,async_queue_job_1_local_copies,own_local,job,100,56694,566.94,2000
16,5,resource_lifecycle_64_assets_4096_objects,own_local,cycle,10,185079,18507.9,17203200
16,6,copy_read_drop,std_shared,copy,100000,1681623,16.81623,2350000
16,7,scene_4096_attachments,std_shared,attachment,98304,957339,9.7385559082,98304
16,8,contended_copy_2_workers,own_shared,copy,200000,12466617,62.333085,4700000
16,9,contended_copy_2_workers,std_shared,copy,200000,16730868,83.65434,4700000
16,10,async_queue_job_64_local_copies,own_local,job,100,70732,707.32,150400
16,11,create_read_destroy,std_shared,asset,100000,1235542,12.35542,65000400000
16,12,owner_retained_4096_parameter_borrows,std_raw_borrow,frame,24,78396,3266.5,41287680
16,13,weak_lock_live,own_shared,lock,100000,1505248,15.05248,2350000
16,14,async_queue_job_1_borrow_reads,own_shared_then_local_view,job,100,58560,585.6,2000
16,15,async_queue_job_1_borrow_reads,std_shared_then_raw_borrow,job,100,67553,675.53,2000
16,16,localize_read_drop,std_shared,group,100000,1504282,15.04282,2350000
16,17,resettable_root_pin_1024_borrow_reads,std_shared_pin_raw_borrow,scope,97,31542,325.175257732,2334208
16,18,async_queue_job_64_local_copies,std_shared,job,100,403099,4030.99,150400
16,19,scene_4096_attachments,own_local,attachment,98304,146541,1.49069213867,98304
16,20,weak_lock_expired,std_shared,lock,100000,89729,0.89729,0
16,21,resource_lifecycle_64_assets_4096_objects,std_shared,cycle,10,510567,51056.7,17203200
16,22,owner_retained_borrow_parameter,std_raw_borrow,call,100000,61770,0.6177,2350000
16,23,share_read_drop,own_shared,handoff,100000,1116600,11.166,2350000
16,24,create_read_destroy,own_local,asset,100000,1456515,14.56515,65000400000
16,25,group_setup_then_8_copies,std_shared,group,12500,1853470,148.2776,2350000
16,26,owner_retained_4096_draw_borrows,own_local_view,frame,24,48830,2034.58333333,41287680
16,27,share_read_drop,std_shared,handoff,100000,1468578,14.68578,2350000
16,28,resettable_root_pin_1024_borrow_reads,own_shared_pin_local_view,scope,97,31418,323.896907216,2334208
16,29,async_queue_job_1024_local_copies,std_shared,job,100,2435839,24358.39,2406400
16,30,owner_retained_borrow_parameter,own_local_view,call,100000,65715,0.65715,2350000
16,31,copy_read_drop,own_local,copy,100000,100752,1.00752,2350000
16,32,group_setup_then_64_copies,own_local,group,1562,133585,85.5217669654,2349248
16,33,group_setup_then_1024_copies,std_shared,group,97,1783329,18384.8350515,2334208
16,34,owner_retained_borrow_copy_read,own_local_view,read,100000,32595,0.32595,2350000
16,35,async_queue_job_1024_local_copies,own_local,job,100,358412,3584.12,2406400
16,36,frame_4096_draws_64_unique_leases,own_shared,frame,24,93920,3913.33333333,41287680
16,37,weak_lock_expired,own_shared,lock,100000,83456,0.83456,0
16,38,weak_lock_live,std_shared,lock,100000,1807351,18.07351,2350000
16,39,async_queue_job_64_borrow_reads,own_shared_then_local_view,job,100,88238,882.38,150400
16,40,copy_read_drop,own_shared,copy,100000,1101445,11.01445,2350000
16,41,localize_read_drop,own_local,group,100000,1300679,13.00679,2350000
16,42,independent_owner_parameter,own_shared,call,100000,1461900,14.619,2350000
16,43,owner_retained_4096_parameter_borrows,own_local_view,frame,24,76137,3172.375,41287680
16,44,async_queue_job_1_local_copies,std_shared,job,100,72931,729.31,2000
16,45,independent_owner_parameter,std_shared,call,100000,1655186,16.55186,2350000
16,46,independent_owner_parameter,own_local,call,100000,126381,1.26381,2350000
16,47,group_setup_then_64_copies,std_shared,group,1562,1676147,1073.07746479,2349248
16,48,group_setup_then_8_copies,own_local,group,12500,253901,20.31208,2350000
16,49,frame_4096_draws_64_unique_leases,std_shared,frame,24,87045,3626.875,41287680
16,50,group_setup_then_1_copies,std_shared,group,100000,3345762,33.45762,2000000
16,51,borrow_read,raw_borrow,read,100000,35158,0.35158,2350000
16,52,create_read_destroy,own_shared,asset,100000,1238902,12.38902,65000400000
16,53,owner_retained_4096_draw_borrows,std_raw_borrow,frame,24,47563,1981.79166667,41287680
16,54,group_setup_then_1024_copies,own_local,group,97,91019,938.340206186,2334208
16,55,owner_retained_borrow_copy_read,std_raw_borrow,read,100000,30023,0.30023,2350000
17,0,async_queue_job_64_local_copies,std_shared,job,100,341912,3419.12,150400
17,1,group_setup_then_1_copies,std_shared,group,100000,3328779,33.28779,2000000
17,2,group_setup_then_1024_copies,std_shared,group,97,1653854,17050.0412371,2334208
17,3,independent_owner_parameter,own_shared,call,100000,1454758,14.54758,2350000
17,4,contended_copy_2_workers,own_shared,copy,200000,12301708,61.50854,4700000
17,5,create_read_destroy,own_local,asset,100000,1514856,15.14856,65000400000
17,6,independent_owner_parameter,std_shared,call,100000,1670467,16.70467,2350000
17,7,async_queue_job_1024_local_copies,std_shared,job,100,2741594,27415.94,2406400
17,8,share_read_drop,std_shared,handoff,100000,1468911,14.68911,2350000
17,9,owner_retained_4096_parameter_borrows,own_local_view,frame,24,76377,3182.375,41287680
17,10,contended_copy_2_workers,std_shared,copy,200000,13073050,65.36525,4700000
17,11,scene_4096_attachments,std_shared,attachment,98304,937838,9.54018147786,98304
17,12,resettable_root_pin_1024_borrow_reads,std_shared_pin_raw_borrow,scope,97,31461,324.340206186,2334208
17,13,copy_read_drop,std_shared,copy,100000,1686767,16.86767,2350000
17,14,copy_read_drop,own_shared,copy,100000,1103148,11.03148,2350000
17,15,owner_retained_borrow_copy_read,own_local_view,read,100000,30149,0.30149,2350000
17,16,async_queue_job_64_local_copies,own_local,job,100,78924,789.24,150400
17,17,async_queue_job_1024_borrow_reads,std_shared_then_raw_borrow,job,100,210792,2107.92,2406400
17,18,group_setup_then_8_copies,own_local,group,12500,252871,20.22968,2350000
17,19,owner_retained_borrow_copy_read,std_raw_borrow,read,100000,30537,0.30537,2350000
17,20,weak_lock_live,own_shared,lock,100000,1514020,15.1402,2350000
17,21,resettable_root_pin_1024_borrow_reads,own_shared_pin_local_view,scope,97,31601,325.783505155,2334208
17,22,share_read_drop,own_shared,handoff,100000,1114553,11.14553,2350000
17,23,async_queue_job_1024_borrow_reads,own_shared_then_local_view,job,100,159600,1596,2406400
17,24,resource_lifecycle_64_assets_4096_objects,std_shared,cycle,10,522354,52235.4,17203200
17,25,create_read_destroy,own_shared,asset,100000,1252495,12.52495,65000400000
17,26,frame_4096_draws_64_unique_leases,own_shared,frame,24,92569,3857.04166667,41287680
17,27,scene_4096_attachments,own_local,attachment,98304,164244,1.67077636719,98304
17,28,async_queue_job_1_local_copies,own_local,job,100,97992,979.92,2000
17,29,owner_retained_4096_parameter_borrows,std_raw_borrow,frame,24,89863,3744.29166667,41287680
17,30,async_queue_job_1024_local_copies,own_local,job,100,310678,3106.78,2406400
17,31,owner_retained_4096_draw_borrows,own_local_view,frame,24,47885,1995.20833333,41287680
17,32,async_queue_job_64_borrow_reads,std_shared_then_raw_borrow,job,100,329897,3298.97,150400
17,33,owner_retained_borrow_parameter,std_raw_borrow,call,100000,60107,0.60107,2350000
17,34,localize_read_drop,own_local,group,100000,1307138,13.07138,2350000
17,35,localize_read_drop,std_shared,group,100000,1473231,14.73231,2350000
17,36,async_queue_job_1_local_copies,std_shared,job,100,93343,933.43,2000
17,37,resource_lifecycle_64_assets_4096_objects,own_local,cycle,10,206178,20617.8,17203200
17,38,group_setup_then_1024_copies,own_local,group,97,87983,907.041237113,2334208
17,39,owner_retained_4096_draw_borrows,std_raw_borrow,frame,24,59065,2461.04166667,41287680
17,40,async_queue_job_1_borrow_reads,std_shared_then_raw_borrow,job,100,72775,727.75,2000
17,41,copy_read_drop,own_local,copy,100000,100822,1.00822,2350000
17,42,async_queue_job_1_borrow_reads,own_shared_then_local_view,job,100,70487,704.87,2000
17,43,owner_retained_borrow_parameter,own_local_view,call,100000,64979,0.64979,2350000
17,44,group_setup_then_64_copies,std_shared,group,1562,1818271,1164.0659411,2349248
17,45,weak_lock_live,std_shared,lock,100000,1824932,18.24932,2350000
17,46,group_setup_then_8_copies,std_shared,group,12500,1876864,150.14912,2350000
17,47,weak_lock_expired,own_shared,lock,100000,77130,0.7713,0
17,48,group_setup_then_64_copies,own_local,group,1562,124732,79.8540332907,2349248
17,49,async_queue_job_64_borrow_reads,own_shared_then_local_view,job,100,58097,580.97,150400
17,50,group_setup_then_1_copies,own_local,group,100000,1350818,13.50818,2000000
17,51,independent_owner_parameter,own_local,call,100000,115660,1.1566,2350000
17,52,borrow_read,raw_borrow,read,100000,35561,0.35561,2350000
17,53,frame_4096_draws_64_unique_leases,std_shared,frame,24,85594,3566.41666667,41287680
17,54,create_read_destroy,std_shared,asset,100000,1297531,12.97531,65000400000
17,55,weak_lock_expired,std_shared,lock,100000,85665,0.85665,0
18,0,async_queue_job_64_local_copies,std_shared,job,100,338336,3383.36,150400
18,1,async_queue_job_1024_borrow_reads,std_shared_then_raw_borrow,job,100,137521,1375.21,2406400
18,2,group_setup_then_1_copies,std_shared,group,100000,3378340,33.7834,2000000
18,3,copy_read_drop,own_local,copy,100000,102215,1.02215,2350000
18,4,group_setup_then_64_copies,own_local,group,1562,120738,77.2970550576,2349248
18,5,resettable_root_pin_1024_borrow_reads,own_shared_pin_local_view,scope,97,33983,350.340206186,2334208
18,6,group_setup_then_1024_copies,std_shared,group,97,1779982,18350.3298969,2334208
18,7,independent_owner_parameter,own_local,call,100000,124426,1.24426,2350000
18,8,group_setup_then_1024_copies,own_local,group,97,98682,1017.34020619,2334208
18,9,group_setup_then_8_copies,std_shared,group,12500,2022369,161.78952,2350000
18,10,weak_lock_live,own_shared,lock,100000,1478844,14.78844,2350000
18,11,independent_owner_parameter,std_shared,call,100000,1670914,16.70914,2350000
18,12,owner_retained_borrow_parameter,own_local_view,call,100000,61681,0.61681,2350000
18,13,owner_retained_4096_parameter_borrows,std_raw_borrow,frame,24,76352,3181.33333333,41287680
18,14,async_queue_job_1_borrow_reads,std_shared_then_raw_borrow,job,100,130190,1301.9,2000
18,15,async_queue_job_1_local_copies,std_shared,job,100,67268,672.68,2000
18,16,async_queue_job_64_borrow_reads,std_shared_then_raw_borrow,job,100,45172,451.72,150400
18,17,weak_lock_live,std_shared,lock,100000,1685127,16.85127,2350000
18,18,resettable_root_pin_1024_borrow_reads,std_shared_pin_raw_borrow,scope,97,31949,329.371134021,2334208
18,19,frame_4096_draws_64_unique_leases,own_shared,frame,24,87242,3635.08333333,41287680
18,20,create_read_destroy,std_shared,asset,100000,1245391,12.45391,65000400000
18,21,contended_copy_2_workers,std_shared,copy,200000,9441234,47.20617,4700000
18,22,weak_lock_expired,std_shared,lock,100000,85814,0.85814,0
18,23,create_read_destroy,own_local,asset,100000,1485817,14.85817,65000400000
18,24,contended_copy_2_workers,own_shared,copy,200000,6991241,34.956205,4700000
18,25,owner_retained_borrow_copy_read,own_local_view,read,100000,30325,0.30325,2350000
18,26,resource_lifecycle_64_assets_4096_objects,own_local,cycle,10,211465,21146.5,17203200
18,27,group_setup_then_8_copies,own_local,group,12500,230772,18.46176,2350000
18,28,share_read_drop,std_shared,handoff,100000,1476779,14.76779,2350000
18,29,owner_retained_borrow_parameter,std_raw_borrow,call,100000,59942,0.59942,2350000
18,30,borrow_read,raw_borrow,read,100000,54896,0.54896,2350000
18,31,async_queue_job_1_local_copies,own_local,job,100,76343,763.43,2000
18,32,owner_retained_borrow_copy_read,std_raw_borrow,read,100000,30438,0.30438,2350000
18,33,localize_read_drop,own_local,group,100000,1291713,12.91713,2350000
18,34,share_read_drop,own_shared,handoff,100000,1110965,11.10965,2350000
18,35,resource_lifecycle_64_assets_4096_objects,std_shared,cycle,10,522555,52255.5,17203200
18,36,group_setup_then_1_copies,own_local,group,100000,1385024,13.85024,2000000
18,37,owner_retained_4096_parameter_borrows,own_local_view,frame,24,78308,3262.83333333,41287680
18,38,owner_retained_4096_draw_borrows,own_local_view,frame,24,46887,1953.625,41287680
18,39,group_setup_then_64_copies,std_shared,group,1562,1712477,1096.33610755,2349248
18,40,async_queue_job_1_borrow_reads,own_shared_then_local_view,job,100,51963,519.63,2000
18,41,copy_read_drop,own_shared,copy,100000,1103736,11.03736,2350000
18,42,create_read_destroy,own_shared,asset,100000,1264817,12.64817,65000400000
18,43,weak_lock_expired,own_shared,lock,100000,77069,0.77069,0
18,44,scene_4096_attachments,std_shared,attachment,98304,936538,9.52695719401,98304
18,45,independent_owner_parameter,own_shared,call,100000,1459396,14.59396,2350000
18,46,async_queue_job_1024_local_copies,own_local,job,100,220342,2203.42,2406400
18,47,scene_4096_attachments,own_local,attachment,98304,147599,1.50145467122,98304
18,48,async_queue_job_64_local_copies,own_local,job,100,67926,679.26,150400
18,49,owner_retained_4096_draw_borrows,std_raw_borrow,frame,24,49773,2073.875,41287680
18,50,async_queue_job_64_borrow_reads,own_shared_then_local_view,job,100,2131071,21310.71,150400
18,51,frame_4096_draws_64_unique_leases,std_shared,frame,24,84754,3531.41666667,41287680
18,52,async_queue_job_1024_local_copies,std_shared,job,100,2471310,24713.1,2406400
18,53,localize_read_drop,std_shared,group,100000,1486236,14.86236,2350000
18,54,copy_read_drop,std_shared,copy,100000,1664757,16.64757,2350000
18,55,async_queue_job_1024_borrow_reads,own_shared_then_local_view,job,100,130915,1309.15,2406400
19,0,async_queue_job_64_borrow_reads,own_shared_then_local_view,job,100,101866,1018.66,150400
19,1,frame_4096_draws_64_unique_leases,own_shared,frame,24,87126,3630.25,41287680
19,2,async_queue_job_64_local_copies,std_shared,job,100,374255,3742.55,150400
19,3,group_setup_then_1024_copies,own_local,group,97,92944,958.18556701,2334208
19,4,owner_retained_borrow_parameter,std_raw_borrow,call,100000,64280,0.6428,2350000
19,5,create_read_destroy,own_shared,asset,100000,1260382,12.60382,65000400000
19,6,localize_read_drop,std_shared,group,100000,1485721,14.85721,2350000
19,7,async_queue_job_1024_local_copies,std_shared,job,100,2392311,23923.11,2406400
19,8,contended_copy_2_workers,own_shared,copy,200000,8299440,41.4972,4700000
19,9,create_read_destroy,std_shared,asset,100000,1264812,12.64812,65000400000
19,10,async_queue_job_1024_local_copies,own_local,job,100,186234,1862.34,2406400
19,11,resource_lifecycle_64_assets_4096_objects,own_local,cycle,10,198284,19828.4,17203200
19,12,owner_retained_4096_draw_borrows,own_local_view,frame,24,48916,2038.16666667,41287680
19,13,independent_owner_parameter,own_shared,call,100000,1479267,14.79267,2350000
19,14,borrow_read,raw_borrow,read,100000,35185,0.35185,2350000
19,15,share_read_drop,own_shared,handoff,100000,1121238,11.21238,2350000
19,16,async_queue_job_64_borrow_reads,std_shared_then_raw_borrow,job,100,71442,714.42,150400
19,17,owner_retained_borrow_copy_read,std_raw_borrow,read,100000,30156,0.30156,2350000
19,18,async_queue_job_1_borrow_reads,own_shared_then_local_view,job,100,61019,610.19,2000
19,19,async_queue_job_1_local_copies,std_shared,job,100,88248,882.48,2000
19,20,create_read_destroy,own_local,asset,100000,1485013,14.85013,65000400000
19,21,share_read_drop,std_shared,handoff,100000,1479053,14.79053,2350000
19,22,owner_retained_borrow_parameter,own_local_view,call,100000,61857,0.61857,2350000
19,23,weak_lock_live,own_shared,lock,100000,1480597,14.80597,2350000
19,24,copy_read_drop,own_shared,copy,100000,1128055,11.28055,2350000
19,25,async_queue_job_1_local_copies,own_local,job,100,68123,681.23,2000
19,26,async_queue_job_1_borrow_reads,std_shared_then_raw_borrow,job,100,61517,615.17,2000
19,27,async_queue_job_1024_borrow_reads,own_shared_then_local_view,job,100,133966,1339.66,2406400
19,28,group_setup_then_1024_copies,std_shared,group,97,1646095,16970.0515464,2334208
19,29,resettable_root_pin_1024_borrow_reads,std_shared_pin_raw_borrow,scope,97,31619,325.969072165,2334208
19,30,copy_read_drop,std_shared,copy,100000,1651840,16.5184,2350000
19,31,weak_lock_expired,std_shared,lock,100000,98852,0.98852,0
19,32,localize_read_drop,own_local,group,100000,1279957,12.79957,2350000
19,33,group_setup_then_1_copies,own_local,group,100000,1351686,13.51686,2000000
19,34,weak_lock_live,std_shared,lock,100000,1695637,16.95637,2350000
19,35,scene_4096_attachments,std_shared,attachment,98304,939593,9.55803426107,98304
19,36,group_setup_then_8_copies,std_shared,group,12500,1824411,145.95288,2350000
19,37,scene_4096_attachments,own_local,attachment,98304,160345,1.63111368815,98304
19,38,owner_retained_borrow_copy_read,own_local_view,read,100000,30089,0.30089,2350000
19,39,independent_owner_parameter,own_local,call,100000,115537,1.15537,2350000
19,40,copy_read_drop,own_local,copy,100000,101497,1.01497,2350000
19,41,owner_retained_4096_draw_borrows,std_raw_borrow,frame,24,53443,2226.79166667,41287680
19,42,contended_copy_2_workers,std_shared,copy,200000,12574129,62.870645,4700000
19,43,weak_lock_expired,own_shared,lock,100000,77132,0.77132,0
19,44,group_setup_then_64_copies,own_local,group,1562,111999,71.7023047375,2349248
19,45,owner_retained_4096_parameter_borrows,std_raw_borrow,frame,24,76572,3190.5,41287680
19,46,group_setup_then_64_copies,std_shared,group,1562,1667125,1067.30153649,2349248
19,47,async_queue_job_64_local_copies,own_local,job,100,68195,681.95,150400
19,48,group_setup_then_8_copies,own_local,group,12500,248576,19.88608,2350000
19,49,group_setup_then_1_copies,std_shared,group,100000,3335303,33.35303,2000000
19,50,resettable_root_pin_1024_borrow_reads,own_shared_pin_local_view,scope,97,31512,324.865979381,2334208
19,51,owner_retained_4096_parameter_borrows,own_local_view,frame,24,76247,3176.95833333,41287680
19,52,resource_lifecycle_64_assets_4096_objects,std_shared,cycle,10,513609,51360.9,17203200
19,53,frame_4096_draws_64_unique_leases,std_shared,frame,24,85951,3581.29166667,41287680
19,54,async_queue_job_1024_borrow_reads,std_shared_then_raw_borrow,job,100,109973,1099.73,2406400
19,55,independent_owner_parameter,std_shared,call,100000,1674068,16.74068,2350000
20,0,copy_read_drop,own_shared,copy,100000,1101972,11.01972,2350000
20,1,async_queue_job_1024_borrow_reads,own_shared_then_local_view,job,100,124268,1242.68,2406400
20,2,weak_lock_expired,own_shared,lock,100000,77057,0.77057,0
20,3,group_setup_then_64_copies,std_shared,group,1562,1671749,1070.26184379,2349248
20,4,async_queue_job_1024_borrow_reads,std_shared_then_raw_borrow,job,100,158077,1580.77,2406400
20,5,frame_4096_draws_64_unique_leases,own_shared,frame,24,87029,3626.20833333,41287680
20,6,owner_retained_4096_draw_borrows,own_local_view,frame,24,46827,1951.125,41287680
20,7,resettable_root_pin_1024_borrow_reads,own_shared_pin_local_view,scope,97,31119,320.81443299,2334208
20,8,async_queue_job_1_local_copies,std_shared,job,100,62931,629.31,2000
20,9,frame_4096_draws_64_unique_leases,std_shared,frame,24,85108,3546.16666667,41287680
20,10,group_setup_then_1_copies,std_shared,group,100000,3319773,33.19773,2000000
20,11,async_queue_job_1024_local_copies,std_shared,job,100,2405425,24054.25,2406400
20,12,async_queue_job_64_borrow_reads,std_shared_then_raw_borrow,job,100,88838,888.38,150400
20,13,async_queue_job_1_borrow_reads,std_shared_then_raw_borrow,job,100,32761,327.61,2000
20,14,async_queue_job_1_local_copies,own_local,job,100,68756,687.56,2000
20,15,independent_owner_parameter,std_shared,call,100000,1659928,16.59928,2350000
20,16,owner_retained_4096_parameter_borrows,std_raw_borrow,frame,24,76218,3175.75,41287680
20,17,resource_lifecycle_64_assets_4096_objects,own_local,cycle,10,185961,18596.1,17203200
20,18,copy_read_drop,own_local,copy,100000,101206,1.01206,2350000
20,19,async_queue_job_64_borrow_reads,own_shared_then_local_view,job,100,60817,608.17,150400
20,20,contended_copy_2_workers,own_shared,copy,200000,11265526,56.32763,4700000
20,21,group_setup_then_1024_copies,own_local,group,97,95822,987.855670103,2334208
20,22,independent_owner_parameter,own_shared,call,100000,1502050,15.0205,2350000
20,23,owner_retained_borrow_parameter,std_raw_borrow,call,100000,64209,0.64209,2350000
20,24,group_setup_then_1024_copies,std_shared,group,97,1662410,17138.2474227,2334208
20,25,share_read_drop,std_shared,handoff,100000,1478138,14.78138,2350000
20,26,owner_retained_4096_draw_borrows,std_raw_borrow,frame,24,74482,3103.41666667,41287680
20,27,weak_lock_live,own_shared,lock,100000,1494963,14.94963,2350000
20,28,share_read_drop,own_shared,handoff,100000,1160886,11.60886,2350000
20,29,independent_owner_parameter,own_local,call,100000,120998,1.20998,2350000
20,30,async_queue_job_1024_local_copies,own_local,job,100,271462,2714.62,2406400
20,31,group_setup_then_64_copies,own_local,group,1562,117695,75.3489116517,2349248
20,32,weak_lock_expired,std_shared,lock,100000,109061,1.09061,0
20,33,contended_copy_2_workers,std_shared,copy,200000,13615982,68.07991,4700000
20,34,resource_lifecycle_64_assets_4096_objects,std_shared,cycle,10,548657,54865.7,17203200
20,35,group_setup_then_8_copies,own_local,group,12500,233008,18.64064,2350000
20,36,owner_retained_borrow_copy_read,own_local_view,read,100000,30112,0.30112,2350000
20,37,owner_retained_4096_parameter_borrows,own_local_view,frame,24,77326,3221.91666667,41287680
20,38,copy_read_drop,std_shared,copy,100000,1704258,17.04258,2350000
20,39,owner_retained_borrow_copy_read,std_raw_borrow,read,100000,30071,0.30071,2350000
20,40,create_read_destroy,own_local,asset,100000,1554207,15.54207,65000400000
20,41,localize_read_drop,own_local,group,100000,1299459,12.99459,2350000
20,42,borrow_read,raw_borrow,read,100000,39470,0.3947,2350000
20,43,owner_retained_borrow_parameter,own_local_view,call,100000,66788,0.66788,2350000
20,44,group_setup_then_1_copies,own_local,group,100000,1356354,13.56354,2000000
20,45,async_queue_job_1_borrow_reads,own_shared_then_local_view,job,100,65401,654.01,2000
20,46,group_setup_then_8_copies,std_shared,group,12500,1912069,152.96552,2350000
20,47,localize_read_drop,std_shared,group,100000,1503688,15.03688,2350000
20,48,scene_4096_attachments,std_shared,attachment,98304,955757,9.72246297201,98304
20,49,scene_4096_attachments,own_local,attachment,98304,153813,1.56466674805,98304
20,50,weak_lock_live,std_shared,lock,100000,1703037,17.03037,2350000
20,51,async_queue_job_64_local_copies,own_local,job,100,2102608,21026.08,150400
20,52,create_read_destroy,std_shared,asset,100000,1296633,12.96633,65000400000
20,53,async_queue_job_64_local_copies,std_shared,job,100,351202,3512.02,150400
20,54,create_read_destroy,own_shared,asset,100000,1266182,12.66182,65000400000
20,55,resettable_root_pin_1024_borrow_reads,std_shared_pin_raw_borrow,scope,97,46261,476.917525773,2334208
21,0,owner_retained_4096_draw_borrows,own_local_view,frame,24,47127,1963.625,41287680
21,1,weak_lock_expired,own_shared,lock,100000,77051,0.77051,0
21,2,owner_retained_4096_draw_borrows,std_raw_borrow,frame,24,48187,2007.79166667,41287680
21,3,owner_retained_borrow_copy_read,std_raw_borrow,read,100000,34892,0.34892,2350000
21,4,create_read_destroy,own_local,asset,100000,1520538,15.20538,65000400000
21,5,frame_4096_draws_64_unique_leases,own_shared,frame,24,86353,3598.04166667,41287680
21,6,group_setup_then_1_copies,own_local,group,100000,1380146,13.80146,2000000
21,7,group_setup_then_64_copies,std_shared,group,1562,1696971,1086.40909091,2349248
21,8,localize_read_drop,own_local,group,100000,1293938,12.93938,2350000
21,9,borrow_read,raw_borrow,read,100000,44662,0.44662,2350000
21,10,independent_owner_parameter,std_shared,call,100000,1653509,16.53509,2350000
21,11,weak_lock_live,own_shared,lock,100000,1520955,15.20955,2350000
21,12,owner_retained_4096_parameter_borrows,std_raw_borrow,frame,24,76207,3175.29166667,41287680
21,13,independent_owner_parameter,own_local,call,100000,115503,1.15503,2350000
21,14,async_queue_job_64_borrow_reads,std_shared_then_raw_borrow,job,100,62964,629.64,150400
21,15,independent_owner_parameter,own_shared,call,100000,1482905,14.82905,2350000
21,16,scene_4096_attachments,own_local,attachment,98304,144194,1.46681722005,98304
21,17,async_queue_job_1_local_copies,own_local,job,100,948877,9488.77,2000
21,18,async_queue_job_1_local_copies,std_shared,job,100,61772,617.72,2000
21,19,group_setup_then_1024_copies,std_shared,group,97,1708986,17618.4123711,2334208
21,20,contended_copy_2_workers,own_shared,copy,200000,12717180,63.5859,4700000
21,21,async_queue_job_1024_borrow_reads,own_shared_then_local_view,job,100,152226,1522.26,2406400
21,22,owner_retained_borrow_copy_read,own_local_view,read,100000,30207,0.30207,2350000
21,23,async_queue_job_64_borrow_reads,own_shared_then_local_view,job,100,79306,793.06,150400
21,24,group_setup_then_8_copies,own_local,group,12500,223619,17.88952,2350000
21,25,copy_read_drop,std_shared,copy,100000,1690499,16.90499,2350000
21,26,group_setup_then_1_copies,std_shared,group,100000,3344525,33.44525,2000000
21,27,async_queue_job_1_borrow_reads,own_shared_then_local_view,job,100,74541,745.41,2000
21,28,copy_read_drop,own_local,copy,100000,101423,1.01423,2350000
21,29,async_queue_job_1024_borrow_reads,std_shared_then_raw_borrow,job,100,164629,1646.29,2406400
21,30,async_queue_job_64_local_copies,own_local,job,100,89326,893.26,150400
21,31,owner_retained_borrow_parameter,std_raw_borrow,call,100000,69741,0.69741,2350000
21,32,copy_read_drop,own_shared,copy,100000,1219531,12.19531,2350000
21,33,async_queue_job_1024_local_copies,std_shared,job,100,2423421,24234.21,2406400
21,34,share_read_drop,own_shared,handoff,100000,1144863,11.44863,2350000
21,35,create_read_destroy,own_shared,asset,100000,1219151,12.19151,65000400000
21,36,resettable_root_pin_1024_borrow_reads,std_shared_pin_raw_borrow,scope,97,31598,325.75257732,2334208
21,37,async_queue_job_1_borrow_reads,std_shared_then_raw_borrow,job,100,97890,978.9,2000
21,38,group_setup_then_8_copies,std_shared,group,12500,1880548,150.44384,2350000
21,39,share_read_drop,std_shared,handoff,100000,1486876,14.86876,2350000
21,40,resettable_root_pin_1024_borrow_reads,own_shared_pin_local_view,scope,97,31271,322.381443299,2334208
21,41,create_read_destroy,std_shared,asset,100000,1236849,12.36849,65000400000
21,42,weak_lock_live,std_shared,lock,100000,1774319,17.74319,2350000
21,43,group_setup_then_64_copies,own_local,group,1562,114707,73.4359795134,2349248
21,44,owner_retained_4096_parameter_borrows,own_local_view,frame,24,81810,3408.75,41287680
21,45,resource_lifecycle_64_assets_4096_objects,own_local,cycle,10,191654,19165.4,17203200
21,46,group_setup_then_1024_copies,own_local,group,97,88565,913.041237113,2334208
21,47,async_queue_job_1024_local_copies,own_local,job,100,253704,2537.04,2406400
21,48,frame_4096_draws_64_unique_leases,std_shared,frame,24,93032,3876.33333333,41287680
21,49,contended_copy_2_workers,std_shared,copy,200000,10274418,51.37209,4700000
21,50,async_queue_job_64_local_copies,std_shared,job,100,373955,3739.55,150400
21,51,localize_read_drop,std_shared,group,100000,1489478,14.89478,2350000
21,52,resource_lifecycle_64_assets_4096_objects,std_shared,cycle,10,502024,50202.4,17203200
21,53,scene_4096_attachments,std_shared,attachment,98304,938074,9.54258219401,98304
21,54,owner_retained_borrow_parameter,own_local_view,call,100000,60028,0.60028,2350000
21,55,weak_lock_expired,std_shared,lock,100000,109403,1.09403,0
22,0,async_queue_job_1_local_copies,std_shared,job,100,66647,666.47,2000
22,1,async_queue_job_1024_borrow_reads,own_shared_then_local_view,job,100,173165,1731.65,2406400
22,2,owner_retained_4096_draw_borrows,std_raw_borrow,frame,24,48886,2036.91666667,41287680
22,3,share_read_drop,own_shared,handoff,100000,1135856,11.35856,2350000
22,4,group_setup_then_8_copies,std_shared,group,12500,2191250,175.3,2350000
22,5,group_setup_then_64_copies,std_shared,group,1562,1697363,1086.66005122,2349248
22,6,async_queue_job_1_borrow_reads,own_shared_then_local_view,job,100,68224,682.24,2000
22,7,async_queue_job_1024_local_copies,own_local,job,100,336239,3362.39,2406400
22,8,async_queue_job_64_local_copies,std_shared,job,100,459579,4595.79,150400
22,9,independent_owner_parameter,own_shared,call,100000,1453543,14.53543,2350000
22,10,async_queue_job_1_local_copies,own_local,job,100,108068,1080.68,2000
22,11,frame_4096_draws_64_unique_leases,std_shared,frame,24,86166,3590.25,41287680
22,12,resettable_root_pin_1024_borrow_reads,std_shared_pin_raw_borrow,scope,97,31842,328.268041237,2334208
22,13,create_read_destroy,std_shared,asset,100000,1261312,12.61312,65000400000
22,14,owner_retained_borrow_copy_read,std_raw_borrow,read,100000,30132,0.30132,2350000
22,15,weak_lock_live,own_shared,lock,100000,1493923,14.93923,2350000
22,16,resource_lifecycle_64_assets_4096_objects,own_local,cycle,10,187553,18755.3,17203200
22,17,async_queue_job_64_local_copies,own_local,job,100,116806,1168.06,150400
22,18,frame_4096_draws_64_unique_leases,own_shared,frame,24,90099,3754.125,41287680
22,19,async_queue_job_64_borrow_reads,own_shared_then_local_view,job,100,46508,465.08,150400
22,20,owner_retained_4096_draw_borrows,own_local_view,frame,24,48385,2016.04166667,41287680
22,21,group_setup_then_1_copies,std_shared,group,100000,3359789,33.59789,2000000
22,22,independent_owner_parameter,own_local,call,100000,118651,1.18651,2350000
22,23,owner_retained_4096_parameter_borrows,std_raw_borrow,frame,24,77403,3225.125,41287680
22,24,create_read_destroy,own_shared,asset,100000,1242229,12.42229,65000400000
22,25,localize_read_drop,std_shared,group,100000,1506213,15.06213,2350000
22,26,copy_read_drop,own_shared,copy,100000,1102451,11.02451,2350000
22,27,group_setup_then_1024_copies,std_shared,group,97,1662913,17143.4329897,2334208
22,28,group_setup_then_1_copies,own_local,group,100000,1510766,15.10766,2000000
22,29,independent_owner_parameter,std_shared,call,100000,1655258,16.55258,2350000
22,30,async_queue_job_1024_local_copies,std_shared,job,100,2402890,24028.9,2406400
22,31,owner_retained_borrow_parameter,std_raw_borrow,call,100000,60013,0.60013,2350000
22,32,group_setup_then_1024_copies,own_local,group,97,102975,1061.59793814,2334208
22,33,weak_lock_live,std_shared,lock,100000,1673759,16.73759,2350000
22,34,weak_lock_expired,std_shared,lock,100000,85565,0.85565,0
22,35,async_queue_job_64_borrow_reads,std_shared_then_raw_borrow,job,100,66360,663.6,150400
22,36,owner_retained_borrow_copy_read,own_local_view,read,100000,30103,0.30103,2350000
22,37,create_read_destroy,own_local,asset,100000,1549190,15.4919,65000400000
22,38,share_read_drop,std_shared,handoff,100000,1461353,14.61353,2350000
22,39,scene_4096_attachments,std_shared,attachment,98304,931403,9.47472127279,98304
22,40,localize_read_drop,own_local,group,100000,1305939,13.05939,2350000
22,41,copy_read_drop,std_shared,copy,100000,1650384,16.50384,2350000
22,42,weak_lock_expired,own_shared,lock,100000,77157,0.77157,0
22,43,borrow_read,raw_borrow,read,100000,36064,0.36064,2350000
22,44,resettable_root_pin_1024_borrow_reads,own_shared_pin_local_view,scope,97,31385,323.556701031,2334208
22,45,owner_retained_4096_parameter_borrows,own_local_view,frame,24,88635,3693.125,41287680
22,46,async_queue_job_1_borrow_reads,std_shared_then_raw_borrow,job,100,18274971,182749.71,2000
22,47,resource_lifecycle_64_assets_4096_objects,std_shared,cycle,10,615405,61540.5,17203200
22,48,scene_4096_attachments,own_local,attachment,98304,193134,1.96466064453,98304
22,49,group_setup_then_64_copies,own_local,group,1562,134715,86.2451984635,2349248
22,50,copy_read_drop,own_local,copy,100000,120965,1.20965,2350000
22,51,group_setup_then_8_copies,own_local,group,12500,321821,25.74568,2350000
22,52,async_queue_job_1024_borrow_reads,std_shared_then_raw_borrow,job,100,142724,1427.24,2406400
22,53,contended_copy_2_workers,own_shared,copy,200000,11232903,56.164515,4700000
22,54,owner_retained_borrow_parameter,own_local_view,call,100000,61944,0.61944,2350000
22,55,contended_copy_2_workers,std_shared,copy,200000,16363882,81.81941,4700000
23,0,owner_retained_borrow_copy_read,own_local_view,read,100000,39381,0.39381,2350000
23,1,group_setup_then_8_copies,own_local,group,12500,247519,19.80152,2350000
23,2,contended_copy_2_workers,own_shared,copy,200000,15198064,75.99032,4700000
23,3,async_queue_job_1_local_copies,own_local,job,100,73000,730,2000
23,4,group_setup_then_64_copies,own_local,group,1562,128370,82.1830985915,2349248
23,5,resettable_root_pin_1024_borrow_reads,std_shared_pin_raw_borrow,scope,97,35828,369.360824742,2334208
23,6,resource_lifecycle_64_assets_4096_objects,std_shared,cycle,10,557432,55743.2,17203200
23,7,copy_read_drop,own_local,copy,100000,102806,1.02806,2350000
23,8,async_queue_job_1024_local_copies,std_shared,job,100,2662108,26621.08,2406400
23,9,group_setup_then_1_copies,own_local,group,100000,1489613,14.89613,2000000
23,10,independent_owner_parameter,own_shared,call,100000,1459130,14.5913,2350000
23,11,async_queue_job_64_local_copies,std_shared,job,100,302765,3027.65,150400
23,12,weak_lock_live,std_shared,lock,100000,1693633,16.93633,2350000
23,13,localize_read_drop,std_shared,group,100000,1493600,14.936,2350000
23,14,create_read_destroy,own_local,asset,100000,1525349,15.25349,65000400000
23,15,group_setup_then_64_copies,std_shared,group,1562,1680438,1075.82458387,2349248
23,16,weak_lock_live,own_shared,lock,100000,1509854,15.09854,2350000
23,17,owner_retained_borrow_parameter,std_raw_borrow,call,100000,64357,0.64357,2350000
23,18,create_read_destroy,own_shared,asset,100000,1250464,12.50464,65000400000
23,19,copy_read_drop,std_shared,copy,100000,1665392,16.65392,2350000
23,20,create_read_destroy,std_shared,asset,100000,1284277,12.84277,65000400000
23,21,async_queue_job_64_borrow_reads,own_shared_then_local_view,job,100,64035,640.35,150400
23,22,owner_retained_borrow_copy_read,std_raw_borrow,read,100000,30101,0.30101,2350000
23,23,async_queue_job_64_local_copies,own_local,job,100,52423,524.23,150400
23,24,share_read_drop,std_shared,handoff,100000,1487230,14.8723,2350000
23,25,async_queue_job_1_borrow_reads,own_shared_then_local_view,job,100,66209,662.09,2000
23,26,contended_copy_2_workers,std_shared,copy,200000,14809753,74.048765,4700000
23,27,async_queue_job_1024_local_copies,own_local,job,100,298675,2986.75,2406400
23,28,share_read_drop,own_shared,handoff,100000,1240835,12.40835,2350000
23,29,independent_owner_parameter,std_shared,call,100000,1848823,18.48823,2350000
23,30,async_queue_job_1_borrow_reads,std_shared_then_raw_borrow,job,100,71497,714.97,2000
23,31,independent_owner_parameter,own_local,call,100000,121295,1.21295,2350000
23,32,group_setup_then_1024_copies,own_local,group,97,100139,1032.36082474,2334208
23,33,weak_lock_expired,own_shared,lock,100000,83586,0.83586,0
23,34,weak_lock_expired,std_shared,lock,100000,92745,0.92745,0
23,35,async_queue_job_1024_borrow_reads,own_shared_then_local_view,job,100,127600,1276,2406400
23,36,async_queue_job_64_borrow_reads,std_shared_then_raw_borrow,job,100,84704,847.04,150400
23,37,group_setup_then_8_copies,std_shared,group,12500,1927565,154.2052,2350000
23,38,owner_retained_4096_parameter_borrows,own_local_view,frame,24,79784,3324.33333333,41287680
23,39,group_setup_then_1_copies,std_shared,group,100000,3351216,33.51216,2000000
23,40,scene_4096_attachments,std_shared,attachment,98304,939073,9.55274454753,98304
23,41,owner_retained_4096_draw_borrows,own_local_view,frame,24,46863,1952.625,41287680
23,42,copy_read_drop,own_shared,copy,100000,1116828,11.16828,2350000
23,43,frame_4096_draws_64_unique_leases,std_shared,frame,24,84995,3541.45833333,41287680
23,44,owner_retained_borrow_parameter,own_local_view,call,100000,60001,0.60001,2350000
23,45,group_setup_then_1024_copies,std_shared,group,97,1635546,16861.2989691,2334208
23,46,resettable_root_pin_1024_borrow_reads,own_shared_pin_local_view,scope,97,31478,324.515463918,2334208
23,47,resource_lifecycle_64_assets_4096_objects,own_local,cycle,10,191791,19179.1,17203200
23,48,async_queue_job_1_local_copies,std_shared,job,100,106697,1066.97,2000
23,49,owner_retained_4096_draw_borrows,std_raw_borrow,frame,24,52406,2183.58333333,41287680
23,50,localize_read_drop,own_local,group,100000,1270067,12.70067,2350000
23,51,owner_retained_4096_parameter_borrows,std_raw_borrow,frame,24,90861,3785.875,41287680
23,52,frame_4096_draws_64_unique_leases,own_shared,frame,24,91041,3793.375,41287680
23,53,async_queue_job_1024_borrow_reads,std_shared_then_raw_borrow,job,100,349498,3494.98,2406400
23,54,scene_4096_attachments,own_local,attachment,98304,145242,1.47747802734,98304
23,55,borrow_read,raw_borrow,read,100000,35540,0.3554,2350000
24,0,async_queue_job_1_local_copies,std_shared,job,100,97869,978.69,2000
24,1,owner_retained_4096_parameter_borrows,own_local_view,frame,24,76027,3167.79166667,41287680
24,2,copy_read_drop,std_shared,copy,100000,1663513,16.63513,2350000
24,3,scene_4096_attachments,own_local,attachment,98304,143729,1.46208699544,98304
24,4,owner_retained_borrow_parameter,std_raw_borrow,call,100000,59920,0.5992,2350000
24,5,group_setup_then_1024_copies,own_local,group,97,90867,936.773195876,2334208
24,6,group_setup_then_64_copies,own_local,group,1562,113953,72.9532650448,2349248
24,7,contended_copy_2_workers,std_shared,copy,200000,8489182,42.44591,4700000
24,8,contended_copy_2_workers,own_shared,copy,200000,12785756,63.92878,4700000
24,9,group_setup_then_8_copies,own_local,group,12500,254226,20.33808,2350000
24,10,share_read_drop,std_shared,handoff,100000,1446239,14.46239,2350000
24,11,scene_4096_attachments,std_shared,attachment,98304,928636,9.44657389323,98304
24,12,async_queue_job_1024_borrow_reads,std_shared_then_raw_borrow,job,100,340370,3403.7,2406400
24,13,frame_4096_draws_64_unique_leases,own_shared,frame,24,102209,4258.70833333,41287680
24,14,group_setup_then_1_copies,own_local,group,100000,2647503,26.47503,2000000
24,15,localize_read_drop,own_local,group,100000,1282856,12.82856,2350000
24,16,owner_retained_4096_draw_borrows,own_local_view,frame,24,60535,2522.29166667,41287680
24,17,async_queue_job_1024_borrow_reads,own_shared_then_local_view,job,100,101987,1019.87,2406400
24,18,owner_retained_borrow_copy_read,own_local_view,read,100000,30258,0.30258,2350000
24,19,async_queue_job_64_borrow_reads,std_shared_then_raw_borrow,job,100,99326,993.26,150400
24,20,create_read_destroy,own_shared,asset,100000,1268614,12.68614,65000400000
24,21,share_read_drop,own_shared,handoff,100000,1117439,11.17439,2350000
24,22,frame_4096_draws_64_unique_leases,std_shared,frame,24,92429,3851.20833333,41287680
24,23,borrow_read,raw_borrow,read,100000,35485,0.35485,2350000
24,24,group_setup_then_1024_copies,std_shared,group,97,1641066,16918.2061856,2334208
24,25,resettable_root_pin_1024_borrow_reads,own_shared_pin_local_view,scope,97,31666,326.453608247,2334208
24,26,async_queue_job_64_local_copies,std_shared,job,100,492568,4925.68,150400
24,27,async_queue_job_64_borrow_reads,own_shared_then_local_view,job,100,57308,573.08,150400
24,28,resettable_root_pin_1024_borrow_reads,std_shared_pin_raw_borrow,scope,97,31718,326.989690722,2334208
24,29,copy_read_drop,own_shared,copy,100000,1106643,11.06643,2350000
24,30,async_queue_job_1_local_copies,own_local,job,100,74152,741.52,2000
24,31,group_setup_then_8_copies,std_shared,group,12500,1882391,150.59128,2350000
24,32,owner_retained_4096_parameter_borrows,std_raw_borrow,frame,24,82082,3420.08333333,41287680
24,33,independent_owner_parameter,std_shared,call,100000,1665236,16.65236,2350000
24,34,resource_lifecycle_64_assets_4096_objects,std_shared,cycle,10,530680,53068,17203200
24,35,async_queue_job_1024_local_copies,std_shared,job,100,2663915,26639.15,2406400
24,36,group_setup_then_1_copies,std_shared,group,100000,3306735,33.06735,2000000
24,37,weak_lock_live,std_shared,lock,100000,1695258,16.95258,2350000
24,38,group_setup_then_64_copies,std_shared,group,1562,1660480,1063.04737516,2349248
24,39,create_read_destroy,own_local,asset,100000,1515623,15.15623,65000400000
24,40,weak_lock_expired,own_shared,lock,100000,77233,0.77233,0
24,41,async_queue_job_1024_local_copies,own_local,job,100,359064,3590.64,2406400
24,42,weak_lock_expired,std_shared,lock,100000,85665,0.85665,0
24,43,async_queue_job_1_borrow_reads,own_shared_then_local_view,job,100,45327,453.27,2000
24,44,owner_retained_borrow_parameter,own_local_view,call,100000,61915,0.61915,2350000
24,45,owner_retained_borrow_copy_read,std_raw_borrow,read,100000,30042,0.30042,2350000
24,46,independent_owner_parameter,own_local,call,100000,126287,1.26287,2350000
24,47,weak_lock_live,own_shared,lock,100000,1492200,14.922,2350000
24,48,independent_owner_parameter,own_shared,call,100000,1488189,14.88189,2350000
24,49,localize_read_drop,std_shared,group,100000,1476667,14.76667,2350000
24,50,create_read_destroy,std_shared,asset,100000,1216894,12.16894,65000400000
24,51,resource_lifecycle_64_assets_4096_objects,own_local,cycle,10,187966,18796.6,17203200
24,52,async_queue_job_64_local_copies,own_local,job,100,92141,921.41,150400
24,53,async_queue_job_1_borrow_reads,std_shared_then_raw_borrow,job,100,78484,784.84,2000
24,54,owner_retained_4096_draw_borrows,std_raw_borrow,frame,24,48143,2005.95833333,41287680
24,55,copy_read_drop,own_local,copy,100000,101216,1.01216,2350000
25,0,async_queue_job_1024_borrow_reads,own_shared_then_local_view,job,100,109643,1096.43,2406400
25,1,async_queue_job_1_local_copies,std_shared,job,100,65683,656.83,2000
25,2,owner_retained_4096_parameter_borrows,std_raw_borrow,frame,24,82482,3436.75,41287680
25,3,weak_lock_live,own_shared,lock,100000,1635824,16.35824,2350000
25,4,independent_owner_parameter,std_shared,call,100000,1781371,17.81371,2350000
25,5,owner_retained_borrow_parameter,std_raw_borrow,call,100000,77842,0.77842,2350000
25,6,async_queue_job_1_borrow_reads,std_shared_then_raw_borrow,job,100,67192,671.92,2000
25,7,async_queue_job_1024_local_copies,std_shared,job,100,2492325,24923.25,2406400
25,8,owner_retained_borrow_copy_read,own_local_view,read,100000,30005,0.30005,2350000
25,9,group_setup_then_8_copies,own_local,group,12500,268773,21.50184,2350000
25,10,group_setup_then_1_copies,std_shared,group,100000,3336797,33.36797,2000000
25,11,weak_lock_live,std_shared,lock,100000,1678045,16.78045,2350000
25,12,frame_4096_draws_64_unique_leases,own_shared,frame,24,102597,4274.875,41287680
25,13,share_read_drop,std_shared,handoff,100000,1477798,14.77798,2350000
25,14,owner_retained_4096_parameter_borrows,own_local_view,frame,24,76986,3207.75,41287680
25,15,owner_retained_4096_draw_borrows,own_local_view,frame,24,46836,1951.5,41287680
25,16,async_queue_job_1_local_copies,own_local,job,100,69896,698.96,2000
25,17,copy_read_drop,std_shared,copy,100000,1663190,16.6319,2350000
25,18,async_queue_job_64_borrow_reads,own_shared_then_local_view,job,100,79434,794.34,150400
25,19,async_queue_job_1_borrow_reads,own_shared_then_local_view,job,100,67749,677.49,2000
25,20,copy_read_drop,own_shared,copy,100000,1101059,11.01059,2350000
25,21,group_setup_then_64_copies,std_shared,group,1562,1686048,1079.41613316,2349248
25,22,create_read_destroy,own_local,asset,100000,1529957,15.29957,65000400000
25,23,weak_lock_expired,own_shared,lock,100000,77121,0.77121,0
25,24,independent_owner_parameter,own_local,call,100000,126101,1.26101,2350000
25,25,resettable_root_pin_1024_borrow_reads,own_shared_pin_local_view,scope,97,31303,322.711340206,2334208
25,26,resettable_root_pin_1024_borrow_reads,std_shared_pin_raw_borrow,scope,97,31590,325.670103093,2334208
25,27,group_setup_then_1024_copies,own_local,group,97,88321,910.525773196,2334208
25,28,owner_retained_borrow_copy_read,std_raw_borrow,read,100000,30018,0.30018,2350000
25,29,frame_4096_draws_64_unique_leases,std_shared,frame,24,86751,3614.625,41287680
25,30,localize_read_drop,own_local,group,100000,1293609,12.93609,2350000
25,31,contended_copy_2_workers,std_shared,copy,200000,17281702,86.40851,4700000
25,32,independent_owner_parameter,own_shared,call,100000,1464979,14.64979,2350000
25,33,async_queue_job_64_borrow_reads,std_shared_then_raw_borrow,job,100,60240,602.4,150400
25,34,group_setup_then_1024_copies,std_shared,group,97,1862161,19197.5360825,2334208
25,35,group_setup_then_64_copies,own_local,group,1562,126415,80.9314980794,2349248
25,36,group_setup_then_1_copies,own_local,group,100000,1381021,13.81021,2000000
25,37,copy_read_drop,own_local,copy,100000,105786,1.05786,2350000
25,38,contended_copy_2_workers,own_shared,copy,200000,11037049,55.185245,4700000
25,39,async_queue_job_1024_local_copies,own_local,job,100,890769,8907.69,2406400
25,40,resource_lifecycle_64_assets_4096_objects,std_shared,cycle,10,520987,52098.7,17203200
25,41,owner_retained_borrow_parameter,own_local_view,call,100000,61701,0.61701,2350000
25,42,scene_4096_attachments,own_local,attachment,98304,149343,1.51919555664,98304
25,43,create_read_destroy,std_shared,asset,100000,1281251,12.81251,65000400000
25,44,async_queue_job_64_local_copies,std_shared,job,100,374439,3744.39,150400
25,45,resource_lifecycle_64_assets_4096_objects,own_local,cycle,10,187702,18770.2,17203200
25,46,owner_retained_4096_draw_borrows,std_raw_borrow,frame,24,62793,2616.375,41287680
25,47,create_read_destroy,own_shared,asset,100000,1225057,12.25057,65000400000
25,48,async_queue_job_1024_borrow_reads,std_shared_then_raw_borrow,job,100,431941,4319.41,2406400
25,49,scene_4096_attachments,std_shared,attachment,98304,965105,9.81755574544,98304
25,50,weak_lock_expired,std_shared,lock,100000,83696,0.83696,0
25,51,async_queue_job_64_local_copies,own_local,job,100,87680,876.8,150400
25,52,borrow_read,raw_borrow,read,100000,35469,0.35469,2350000
25,53,localize_read_drop,std_shared,group,100000,1473602,14.73602,2350000
25,54,group_setup_then_8_copies,std_shared,group,12500,4809313,384.74504,2350000
25,55,share_read_drop,own_shared,handoff,100000,1148733,11.48733,2350000
26,0,localize_read_drop,own_local,group,100000,1320948,13.20948,2350000
26,1,async_queue_job_1024_local_copies,own_local,job,100,3469523,34695.23,2406400
26,2,frame_4096_draws_64_unique_leases,own_shared,frame,24,89792,3741.33333333,41287680
26,3,share_read_drop,own_shared,handoff,100000,1115240,11.1524,2350000
26,4,group_setup_then_64_copies,std_shared,group,1562,1686491,1079.69974392,2349248
26,5,create_read_destroy,own_local,asset,100000,1528531,15.28531,65000400000
26,6,weak_lock_live,std_shared,lock,100000,1679660,16.7966,2350000
26,7,copy_read_drop,own_local,copy,100000,101536,1.01536,2350000
26,8,scene_4096_attachments,own_local,attachment,98304,167818,1.70713297526,98304
26,9,async_queue_job_1024_local_copies,std_shared,job,100,2438412,24384.12,2406400
26,10,owner_retained_borrow_parameter,std_raw_borrow,call,100000,66986,0.66986,2350000
26,11,resource_lifecycle_64_assets_4096_objects,own_local,cycle,10,207631,20763.1,17203200
26,12,async_queue_job_64_local_copies,own_local,job,100,94115,941.15,150400
26,13,group_setup_then_8_copies,std_shared,group,12500,1971151,157.69208,2350000
26,14,contended_copy_2_workers,own_shared,copy,200000,11266842,56.33421,4700000
26,15,async_queue_job_64_borrow_reads,std_shared_then_raw_borrow,job,100,56527,565.27,150400
26,16,owner_retained_borrow_parameter,own_local_view,call,100000,61852,0.61852,2350000
26,17,group_setup_then_8_copies,own_local,group,12500,270230,21.6184,2350000
26,18,owner_retained_4096_draw_borrows,std_raw_borrow,frame,24,51374,2140.58333333,41287680
26,19,async_queue_job_1_local_copies,std_shared,job,100,75283,752.83,2000
26,20,owner_retained_4096_draw_borrows,own_local_view,frame,24,49306,2054.41666667,41287680
26,21,group_setup_then_1_copies,own_local,group,100000,1620494,16.20494,2000000
26,22,independent_owner_parameter,own_shared,call,100000,1474918,14.74918,2350000
26,23,async_queue_job_1_borrow_reads,std_shared_then_raw_borrow,job,100,69572,695.72,2000
26,24,localize_read_drop,std_shared,group,100000,1509419,15.09419,2350000
26,25,async_queue_job_64_borrow_reads,own_shared_then_local_view,job,100,55927,559.27,150400
26,26,weak_lock_expired,std_shared,lock,100000,85712,0.85712,0
26,27,copy_read_drop,own_shared,copy,100000,1103127,11.03127,2350000
26,28,owner_retained_4096_parameter_borrows,own_local_view,frame,24,77864,3244.33333333,41287680
26,29,owner_retained_borrow_copy_read,std_raw_borrow,read,100000,30060,0.3006,2350000
26,30,group_setup_then_1_copies,std_shared,group,100000,3374202,33.74202,2000000
26,31,resettable_root_pin_1024_borrow_reads,std_shared_pin_raw_borrow,scope,97,31587,325.639175258,2334208
26,32,weak_lock_expired,own_shared,lock,100000,77224,0.77224,0
26,33,owner_retained_borrow_copy_read,own_local_view,read,100000,30022,0.30022,2350000
26,34,share_read_drop,std_shared,handoff,100000,1456696,14.56696,2350000
26,35,async_queue_job_64_local_copies,std_shared,job,100,408895,4088.95,150400
26,36,borrow_read,raw_borrow,read,100000,35105,0.35105,2350000
26,37,group_setup_then_1024_copies,own_local,group,97,90973,937.865979381,2334208
26,38,independent_owner_parameter,std_shared,call,100000,1735499,17.35499,2350000
26,39,contended_copy_2_workers,std_shared,copy,200000,17693379,88.466895,4700000
26,40,create_read_destroy,own_shared,asset,100000,1230817,12.30817,65000400000
26,41,scene_4096_attachments,std_shared,attachment,98304,943668,9.59948730469,98304
26,42,owner_retained_4096_parameter_borrows,std_raw_borrow,frame,24,80113,3338.04166667,41287680
26,43,group_setup_then_64_copies,own_local,group,1562,188303,120.552496799,2349248
26,44,weak_lock_live,own_shared,lock,100000,1490512,14.90512,2350000
26,45,copy_read_drop,std_shared,copy,100000,1703126,17.03126,2350000
26,46,create_read_destroy,std_shared,asset,100000,1219321,12.19321,65000400000
26,47,async_queue_job_1024_borrow_reads,own_shared_then_local_view,job,100,127408,1274.08,2406400
26,48,frame_4096_draws_64_unique_leases,std_shared,frame,24,84686,3528.58333333,41287680
26,49,async_queue_job_1_local_copies,own_local,job,100,47665,476.65,2000
26,50,async_queue_job_1024_borrow_reads,std_shared_then_raw_borrow,job,100,119294,1192.94,2406400
26,51,resettable_root_pin_1024_borrow_reads,own_shared_pin_local_view,scope,97,36132,372.494845361,2334208
26,52,independent_owner_parameter,own_local,call,100000,115861,1.15861,2350000
26,53,async_queue_job_1_borrow_reads,own_shared_then_local_view,job,100,42527,425.27,2000
26,54,resource_lifecycle_64_assets_4096_objects,std_shared,cycle,10,502757,50275.7,17203200
26,55,group_setup_then_1024_copies,std_shared,group,97,1673568,17253.2783505,2334208
27,0,group_setup_then_8_copies,own_local,group,12500,223105,17.8484,2350000
27,1,copy_read_drop,own_local,copy,100000,101311,1.01311,2350000
27,2,share_read_drop,std_shared,handoff,100000,1746507,17.46507,2350000
27,3,async_queue_job_64_borrow_reads,std_shared_then_raw_borrow,job,100,60843,608.43,150400
27,4,scene_4096_attachments,std_shared,attachment,98304,1018125,10.3569030762,98304
27,5,async_queue_job_64_local_copies,own_local,job,100,84656,846.56,150400
27,6,contended_copy_2_workers,std_shared,copy,200000,17526002,87.63001,4700000
27,7,owner_retained_borrow_copy_read,std_raw_borrow,read,100000,30504,0.30504,2350000
27,8,resettable_root_pin_1024_borrow_reads,own_shared_pin_local_view,scope,97,31411,323.824742268,2334208
27,9,async_queue_job_1024_local_copies,own_local,job,100,379732,3797.32,2406400
27,10,owner_retained_borrow_parameter,std_raw_borrow,call,100000,75141,0.75141,2350000
27,11,weak_lock_expired,own_shared,lock,100000,89570,0.8957,0
27,12,weak_lock_live,own_shared,lock,100000,1719692,17.19692,2350000
27,13,copy_read_drop,std_shared,copy,100000,1718633,17.18633,2350000
27,14,group_setup_then_64_copies,std_shared,group,1562,1764390,1129.57106274,2349248
27,15,async_queue_job_1_local_copies,own_local,job,100,58434,584.34,2000
27,16,scene_4096_attachments,own_local,attachment,98304,173383,1.76374308268,98304
27,17,weak_lock_live,std_shared,lock,100000,1767081,17.67081,2350000
27,18,async_queue_job_1024_local_copies,std_shared,job,100,2391893,23918.93,2406400
27,19,independent_owner_parameter,own_local,call,100000,115868,1.15868,2350000
27,20,contended_copy_2_workers,own_shared,copy,200000,15352871,76.764355,4700000
27,21,async_queue_job_1024_borrow_reads,own_shared_then_local_view,job,100,103889,1038.89,2406400
27,22,frame_4096_draws_64_unique_leases,own_shared,frame,24,106395,4433.125,41287680
27,23,copy_read_drop,own_shared,copy,100000,1131559,11.31559,2350000
27,24,async_queue_job_64_borrow_reads,own_shared_then_local_view,job,100,66729,667.29,150400
27,25,share_read_drop,own_shared,handoff,100000,1114036,11.14036,2350000
27,26,owner_retained_borrow_copy_read,own_local_view,read,100000,30129,0.30129,2350000
27,27,group_setup_then_1_copies,own_local,group,100000,1355460,13.5546,2000000
27,28,group_setup_then_1024_copies,own_local,group,97,87062,897.546391753,2334208
27,29,weak_lock_expired,std_shared,lock,100000,85745,0.85745,0
27,30,group_setup_then_1024_copies,std_shared,group,97,1678011,17299.0824742,2334208
27,31,independent_owner_parameter,own_shared,call,100000,1471102,14.71102,2350000
27,32,owner_retained_4096_draw_borrows,own_local_view,frame,24,50364,2098.5,41287680
27,33,borrow_read,raw_borrow,read,100000,35042,0.35042,2350000
27,34,localize_read_drop,std_shared,group,100000,1472506,14.72506,2350000
27,35,resource_lifecycle_64_assets_4096_objects,std_shared,cycle,10,533143,53314.3,17203200
27,36,create_read_destroy,own_shared,asset,100000,1215176,12.15176,65000400000
27,37,resettable_root_pin_1024_borrow_reads,std_shared_pin_raw_borrow,scope,97,31648,326.268041237,2334208
27,38,owner_retained_4096_parameter_borrows,own_local_view,frame,24,76059,3169.125,41287680
27,39,owner_retained_4096_draw_borrows,std_raw_borrow,frame,24,50129,2088.70833333,41287680
27,40,group_setup_then_8_copies,std_shared,group,12500,1866752,149.34016,2350000
27,41,async_queue_job_1_borrow_reads,own_shared_then_local_view,job,100,46493,464.93,2000
27,42,owner_retained_4096_parameter_borrows,std_raw_borrow,frame,24,76275,3178.125,41287680
27,43,async_queue_job_1024_borrow_reads,std_shared_then_raw_borrow,job,100,136361,1363.61,2406400
27,44,async_queue_job_64_local_copies,std_shared,job,100,400684,4006.84,150400
27,45,frame_4096_draws_64_unique_leases,std_shared,frame,24,91633,3818.04166667,41287680
27,46,create_read_destroy,own_local,asset,100000,1447297,14.47297,65000400000
27,47,create_read_destroy,std_shared,asset,100000,1209487,12.09487,65000400000
27,48,independent_owner_parameter,std_shared,call,100000,1678539,16.78539,2350000
27,49,localize_read_drop,own_local,group,100000,1278151,12.78151,2350000
27,50,group_setup_then_64_copies,own_local,group,1562,113049,72.3745198464,2349248
27,51,owner_retained_borrow_parameter,own_local_view,call,100000,72956,0.72956,2350000
27,52,async_queue_job_1_borrow_reads,std_shared_then_raw_borrow,job,100,52908,529.08,2000
27,53,async_queue_job_1_local_copies,std_shared,job,100,67464,674.64,2000
27,54,resource_lifecycle_64_assets_4096_objects,own_local,cycle,10,187685,18768.5,17203200
27,55,group_setup_then_1_copies,std_shared,group,100000,3328476,33.28476,2000000
28,0,group_setup_then_8_copies,own_local,group,12500,261577,20.92616,2350000
28,1,scene_4096_attachments,std_shared,attachment,98304,936443,9.52599080404,98304
28,2,owner_retained_4096_draw_borrows,own_local_view,frame,24,47038,1959.91666667,41287680
28,3,group_setup_then_1024_copies,std_shared,group,97,1656621,17078.5670103,2334208
28,4,async_queue_job_64_local_copies,std_shared,job,100,350930,3509.3,150400
28,5,group_setup_then_8_copies,std_shared,group,12500,1864390,149.1512,2350000
28,6,independent_owner_parameter,own_shared,call,100000,1474643,14.74643,2350000
28,7,create_read_destroy,std_shared,asset,100000,1237713,12.37713,65000400000
28,8,copy_read_drop,std_shared,copy,100000,1662158,16.62158,2350000
28,9,async_queue_job_64_borrow_reads,std_shared_then_raw_borrow,job,100,55915,559.15,150400
28,10,async_queue_job_1_local_copies,own_local,job,100,75522,755.22,2000
28,11,group_setup_then_64_copies,own_local,group,1562,111814,71.5838668374,2349248
28,12,copy_read_drop,own_shared,copy,100000,1122233,11.22233,2350000
28,13,async_queue_job_1024_local_copies,std_shared,job,100,2375792,23757.92,2406400
28,14,async_queue_job_64_local_copies,own_local,job,100,104307,1043.07,150400
28,15,async_queue_job_1024_local_copies,own_local,job,100,296720,2967.2,2406400
28,16,weak_lock_expired,std_shared,lock,100000,85662,0.85662,0
28,17,create_read_destroy,own_local,asset,100000,1477165,14.77165,65000400000
28,18,owner_retained_4096_parameter_borrows,own_local_view,frame,24,76276,3178.16666667,41287680
28,19,frame_4096_draws_64_unique_leases,own_shared,frame,24,100806,4200.25,41287680
28,20,group_setup_then_1_copies,own_local,group,100000,1401432,14.01432,2000000
28,21,async_queue_job_1_local_copies,std_shared,job,100,65741,657.41,2000
28,22,group_setup_then_1_copies,std_shared,group,100000,3361804,33.61804,2000000
28,23,independent_owner_parameter,own_local,call,100000,126547,1.26547,2350000
28,24,create_read_destroy,own_shared,asset,100000,1254614,12.54614,65000400000
28,25,share_read_drop,own_shared,handoff,100000,1130345,11.30345,2350000
28,26,resource_lifecycle_64_assets_4096_objects,std_shared,cycle,10,501018,50101.8,17203200
28,27,resettable_root_pin_1024_borrow_reads,std_shared_pin_raw_borrow,scope,97,31856,328.412371134,2334208
28,28,contended_copy_2_workers,std_shared,copy,200000,17960545,89.802725,4700000
28,29,localize_read_drop,std_shared,group,100000,1514874,15.14874,2350000
28,30,owner_retained_borrow_copy_read,own_local_view,read,100000,33557,0.33557,2350000
28,31,scene_4096_attachments,own_local,attachment,98304,144490,1.46982828776,98304
28,32,frame_4096_draws_64_unique_leases,std_shared,frame,24,88160,3673.33333333,41287680
28,33,async_queue_job_1_borrow_reads,std_shared_then_raw_borrow,job,100,50759,507.59,2000
28,34,owner_retained_borrow_parameter,own_local_view,call,100000,60008,0.60008,2350000
28,35,weak_lock_live,own_shared,lock,100000,2563301,25.63301,2350000
28,36,weak_lock_live,std_shared,lock,100000,1724859,17.24859,2350000
28,37,contended_copy_2_workers,own_shared,copy,200000,13130616,65.65308,4700000
28,38,owner_retained_borrow_copy_read,std_raw_borrow,read,100000,30091,0.30091,2350000
28,39,async_queue_job_64_borrow_reads,own_shared_then_local_view,job,100,68978,689.78,150400
28,40,weak_lock_expired,own_shared,lock,100000,77347,0.77347,0
28,41,group_setup_then_64_copies,std_shared,group,1562,1699259,1087.87387964,2349248
28,42,resource_lifecycle_64_assets_4096_objects,own_local,cycle,10,195949,19594.9,17203200
28,43,owner_retained_borrow_parameter,std_raw_borrow,call,100000,61624,0.61624,2350000
28,44,resettable_root_pin_1024_borrow_reads,own_shared_pin_local_view,scope,97,31684,326.639175258,2334208
28,45,owner_retained_4096_parameter_borrows,std_raw_borrow,frame,24,78385,3266.04166667,41287680
28,46,async_queue_job_1_borrow_reads,own_shared_then_local_view,job,100,58092,580.92,2000
28,47,owner_retained_4096_draw_borrows,std_raw_borrow,frame,24,46916,1954.83333333,41287680
28,48,async_queue_job_1024_borrow_reads,std_shared_then_raw_borrow,job,100,179151,1791.51,2406400
28,49,independent_owner_parameter,std_shared,call,100000,1652672,16.52672,2350000
28,50,localize_read_drop,own_local,group,100000,1318620,13.1862,2350000
28,51,borrow_read,raw_borrow,read,100000,36052,0.36052,2350000
28,52,copy_read_drop,own_local,copy,100000,101956,1.01956,2350000
28,53,group_setup_then_1024_copies,own_local,group,97,113378,1168.84536082,2334208
28,54,async_queue_job_1024_borrow_reads,own_shared_then_local_view,job,100,119305,1193.05,2406400
28,55,share_read_drop,std_shared,handoff,100000,1592727,15.92727,2350000
29,0,owner_retained_borrow_copy_read,own_local_view,read,100000,33024,0.33024,2350000
29,1,async_queue_job_1024_local_copies,own_local,job,100,260098,2600.98,2406400
29,2,group_setup_then_64_copies,std_shared,group,1562,1815393,1162.2234315,2349248
29,3,group_setup_then_8_copies,own_local,group,12500,249750,19.98,2350000
29,4,weak_lock_live,std_shared,lock,100000,1668498,16.68498,2350000
29,5,independent_owner_parameter,own_shared,call,100000,1459276,14.59276,2350000
29,6,localize_read_drop,std_shared,group,100000,1489823,14.89823,2350000
29,7,async_queue_job_1_borrow_reads,own_shared_then_local_view,job,100,65098,650.98,2000
29,8,owner_retained_4096_draw_borrows,std_raw_borrow,frame,24,47108,1962.83333333,41287680
29,9,async_queue_job_64_local_copies,own_local,job,100,149691,1496.91,150400
29,10,scene_4096_attachments,std_shared,attachment,98304,939336,9.55541992188,98304
29,11,create_read_destroy,std_shared,asset,100000,1246841,12.46841,65000400000
29,12,group_setup_then_8_copies,std_shared,group,12500,1878936,150.31488,2350000
29,13,async_queue_job_64_borrow_reads,std_shared_then_raw_borrow,job,100,65947,659.47,150400
29,14,group_setup_then_1_copies,std_shared,group,100000,3454948,34.54948,2000000
29,15,create_read_destroy,own_shared,asset,100000,1269274,12.69274,65000400000
29,16,weak_lock_expired,std_shared,lock,100000,107567,1.07567,0
29,17,resource_lifecycle_64_assets_4096_objects,own_local,cycle,10,193914,19391.4,17203200
29,18,borrow_read,raw_borrow,read,100000,34886,0.34886,2350000
29,19,independent_owner_parameter,std_shared,call,100000,1678206,16.78206,2350000
29,20,async_queue_job_64_local_copies,std_shared,job,100,317106,3171.06,150400
29,21,resettable_root_pin_1024_borrow_reads,own_shared_pin_local_view,scope,97,31633,326.113402062,2334208
29,22,weak_lock_expired,own_shared,lock,100000,77258,0.77258,0
29,23,owner_retained_4096_draw_borrows,own_local_view,frame,24,49437,2059.875,41287680
29,24,copy_read_drop,own_shared,copy,100000,1111394,11.11394,2350000
29,25,resettable_root_pin_1024_borrow_reads,std_shared_pin_raw_borrow,scope,97,31517,324.917525773,2334208
29,26,group_setup_then_64_copies,own_local,group,1562,116737,74.7355953905,2349248
29,27,create_read_destroy,own_local,asset,100000,1513021,15.13021,65000400000
29,28,weak_lock_live,own_shared,lock,100000,1516844,15.16844,2350000
29,29,async_queue_job_1_local_copies,own_local,job,100,99745,997.45,2000
29,30,localize_read_drop,own_local,group,100000,1287069,12.87069,2350000
29,31,async_queue_job_1_local_copies,std_shared,job,100,573434,5734.34,2000
29,32,owner_retained_4096_parameter_borrows,own_local_view,frame,24,79851,3327.125,41287680
29,33,group_setup_then_1_copies,own_local,group,100000,1387670,13.8767,2000000
29,34,contended_copy_2_workers,std_shared,copy,200000,15903160,79.5158,4700000
29,35,async_queue_job_64_borrow_reads,own_shared_then_local_view,job,100,132366,1323.66,150400
29,36,async_queue_job_1024_borrow_reads,std_shared_then_raw_borrow,job,100,201021,2010.21,2406400
29,37,owner_retained_borrow_parameter,own_local_view,call,100000,61794,0.61794,2350000
29,38,resource_lifecycle_64_assets_4096_objects,std_shared,cycle,10,522573,52257.3,17203200
29,39,frame_4096_draws_64_unique_leases,std_shared,frame,24,90506,3771.08333333,41287680
29,40,owner_retained_borrow_copy_read,std_raw_borrow,read,100000,30079,0.30079,2350000
29,41,async_queue_job_1_borrow_reads,std_shared_then_raw_borrow,job,100,56432,564.32,2000
29,42,owner_retained_borrow_parameter,std_raw_borrow,call,100000,59979,0.59979,2350000
29,43,owner_retained_4096_parameter_borrows,std_raw_borrow,frame,24,79593,3316.375,41287680
29,44,scene_4096_attachments,own_local,attachment,98304,148305,1.50863647461,98304
29,45,independent_owner_parameter,own_local,call,100000,114024,1.14024,2350000
29,46,copy_read_drop,own_local,copy,100000,101259,1.01259,2350000
29,47,contended_copy_2_workers,own_shared,copy,200000,14159915,70.799575,4700000
29,48,group_setup_then_1024_copies,std_shared,group,97,1646292,16972.0824742,2334208
29,49,share_read_drop,own_shared,handoff,100000,1111493,11.11493,2350000
29,50,share_read_drop,std_shared,handoff,100000,1497205,14.97205,2350000
29,51,copy_read_drop,std_shared,copy,100000,1679369,16.79369,2350000
29,52,async_queue_job_1024_local_copies,std_shared,job,100,2424205,24242.05,2406400
29,53,async_queue_job_1024_borrow_reads,own_shared_then_local_view,job,100,178528,1785.28,2406400
29,54,frame_4096_draws_64_unique_leases,own_shared,frame,24,87836,3659.83333333,41287680
29,55,group_setup_then_1024_copies,own_local,group,97,91291,941.144329897,2334208
30,0,resource_lifecycle_64_assets_4096_objects,std_shared,cycle,10,515294,51529.4,17203200
30,1,resettable_root_pin_1024_borrow_reads,own_shared_pin_local_view,scope,97,31232,321.979381443,2334208
30,2,contended_copy_2_workers,std_shared,copy,200000,15254248,76.27124,4700000
30,3,resettable_root_pin_1024_borrow_reads,std_shared_pin_raw_borrow,scope,97,31835,328.195876289,2334208
30,4,owner_retained_borrow_copy_read,std_raw_borrow,read,100000,30674,0.30674,2350000
30,5,async_queue_job_1024_local_copies,own_local,job,100,729649,7296.49,2406400
30,6,create_read_destroy,own_local,asset,100000,1643944,16.43944,65000400000
30,7,async_queue_job_1024_local_copies,std_shared,job,100,2522080,25220.8,2406400
30,8,async_queue_job_1_local_copies,std_shared,job,100,82330,823.3,2000
30,9,share_read_drop,std_shared,handoff,100000,1687948,16.87948,2350000
30,10,group_setup_then_1024_copies,std_shared,group,97,1924115,19836.2371134,2334208
30,11,frame_4096_draws_64_unique_leases,std_shared,frame,24,102579,4274.125,41287680
30,12,group_setup_then_8_copies,own_local,group,12500,305765,24.4612,2350000
30,13,group_setup_then_64_copies,own_local,group,1562,135724,86.8911651729,2349248
30,14,async_queue_job_1024_borrow_reads,own_shared_then_local_view,job,100,161916,1619.16,2406400
30,15,group_setup_then_8_copies,std_shared,group,12500,1965358,157.22864,2350000
30,16,async_queue_job_1_borrow_reads,std_shared_then_raw_borrow,job,100,49496,494.96,2000
30,17,async_queue_job_1_borrow_reads,own_shared_then_local_view,job,100,65325,653.25,2000
30,18,owner_retained_borrow_parameter,std_raw_borrow,call,100000,60124,0.60124,2350000
30,19,scene_4096_attachments,std_shared,attachment,98304,953893,9.70350138346,98304
30,20,group_setup_then_1024_copies,own_local,group,97,102080,1052.37113402,2334208
30,21,async_queue_job_64_borrow_reads,own_shared_then_local_view,job,100,56146,561.46,150400
30,22,contended_copy_2_workers,own_shared,copy,200000,15102670,75.51335,4700000
30,23,group_setup_then_1_copies,own_local,group,100000,1514692,15.14692,2000000
30,24,resource_lifecycle_64_assets_4096_objects,own_local,cycle,10,216591,21659.1,17203200
30,25,weak_lock_live,std_shared,lock,100000,1897276,18.97276,2350000
30,26,async_queue_job_64_local_copies,std_shared,job,100,320444,3204.44,150400
30,27,independent_owner_parameter,own_local,call,100000,128795,1.28795,2350000
30,28,scene_4096_attachments,own_local,attachment,98304,164705,1.67546590169,98304
30,29,owner_retained_4096_draw_borrows,own_local_view,frame,24,54087,2253.625,41287680
30,30,independent_owner_parameter,own_shared,call,100000,1572800,15.728,2350000
30,31,async_queue_job_64_local_copies,own_local,job,100,64165,641.65,150400
30,32,owner_retained_borrow_copy_read,own_local_view,read,100000,33528,0.33528,2350000
30,33,owner_retained_4096_parameter_borrows,own_local_view,frame,24,76051,3168.79166667,41287680
30,34,localize_read_drop,own_local,group,100000,1280288,12.80288,2350000
30,35,group_setup_then_1_copies,std_shared,group,100000,3333265,33.33265,2000000
30,36,share_read_drop,own_shared,handoff,100000,1292126,12.92126,2350000
30,37,copy_read_drop,own_shared,copy,100000,1394721,13.94721,2350000
30,38,weak_lock_expired,std_shared,lock,100000,108308,1.08308,0
30,39,owner_retained_4096_draw_borrows,std_raw_borrow,frame,24,66095,2753.95833333,41287680
30,40,localize_read_drop,std_shared,group,100000,1835222,18.35222,2350000
30,41,copy_read_drop,own_local,copy,100000,190932,1.90932,2350000
30,42,independent_owner_parameter,std_shared,call,100000,1660845,16.60845,2350000
30,43,async_queue_job_1_local_copies,own_local,job,100,98403,984.03,2000
30,44,frame_4096_draws_64_unique_leases,own_shared,frame,24,89115,3713.125,41287680
30,45,create_read_destroy,std_shared,asset,100000,1214893,12.14893,65000400000
30,46,async_queue_job_64_borrow_reads,std_shared_then_raw_borrow,job,100,82186,821.86,150400
30,47,weak_lock_expired,own_shared,lock,100000,90228,0.90228,0
30,48,weak_lock_live,own_shared,lock,100000,1546294,15.46294,2350000
30,49,owner_retained_borrow_parameter,own_local_view,call,100000,60022,0.60022,2350000
30,50,owner_retained_4096_parameter_borrows,std_raw_borrow,frame,24,89468,3727.83333333,41287680
30,51,group_setup_then_64_copies,std_shared,group,1562,1671529,1070.12099872,2349248
30,52,copy_read_drop,std_shared,copy,100000,1698686,16.98686,2350000
30,53,borrow_read,raw_borrow,read,100000,36104,0.36104,2350000
30,54,async_queue_job_1024_borrow_reads,std_shared_then_raw_borrow,job,100,154870,1548.7,2406400
30,55,create_read_destroy,own_shared,asset,100000,1241252,12.41252,65000400000
31,0,weak_lock_live,std_shared,lock,100000,1691641,16.91641,2350000
31,1,weak_lock_expired,std_shared,lock,100000,85576,0.85576,0
31,2,async_queue_job_1_local_copies,own_local,job,100,80541,805.41,2000
31,3,owner_retained_borrow_parameter,own_local_view,call,100000,59942,0.59942,2350000
31,4,frame_4096_draws_64_unique_leases,own_shared,frame,24,87197,3633.20833333,41287680
31,5,copy_read_drop,std_shared,copy,100000,1685366,16.85366,2350000
31,6,owner_retained_borrow_copy_read,std_raw_borrow,read,100000,30036,0.30036,2350000
31,7,group_setup_then_1_copies,own_local,group,100000,1356103,13.56103,2000000
31,8,scene_4096_attachments,own_local,attachment,98304,143666,1.4614461263,98304
31,9,scene_4096_attachments,std_shared,attachment,98304,948932,9.65303548177,98304
31,10,async_queue_job_64_borrow_reads,std_shared_then_raw_borrow,job,100,62016,620.16,150400
31,11,independent_owner_parameter,std_shared,call,100000,1603202,16.03202,2350000
31,12,async_queue_job_64_borrow_reads,own_shared_then_local_view,job,100,89332,893.32,150400
31,13,async_queue_job_1_borrow_reads,own_shared_then_local_view,job,100,64030,640.3,2000
31,14,owner_retained_borrow_copy_read,own_local_view,read,100000,30616,0.30616,2350000
31,15,borrow_read,raw_borrow,read,100000,34933,0.34933,2350000
31,16,async_queue_job_1024_local_copies,own_local,job,100,251348,2513.48,2406400
31,17,async_queue_job_64_local_copies,own_local,job,100,83740,837.4,150400
31,18,group_setup_then_1024_copies,std_shared,group,97,1628550,16789.1752577,2334208
31,19,resettable_root_pin_1024_borrow_reads,std_shared_pin_raw_borrow,scope,97,31823,328.072164948,2334208
31,20,async_queue_job_1_borrow_reads,std_shared_then_raw_borrow,job,100,86377,863.77,2000
31,21,copy_read_drop,own_local,copy,100000,100822,1.00822,2350000
31,22,group_setup_then_8_copies,own_local,group,12500,256760,20.5408,2350000
31,23,localize_read_drop,own_local,group,100000,1398961,13.98961,2350000
31,24,resource_lifecycle_64_assets_4096_objects,std_shared,cycle,10,554970,55497,17203200
31,25,create_read_destroy,own_local,asset,100000,1613185,16.13185,65000400000
31,26,group_setup_then_8_copies,std_shared,group,12500,1890022,151.20176,2350000
31,27,owner_retained_4096_parameter_borrows,std_raw_borrow,frame,24,78047,3251.95833333,41287680
31,28,weak_lock_live,own_shared,lock,100000,1483202,14.83202,2350000
31,29,resource_lifecycle_64_assets_4096_objects,own_local,cycle,10,182371,18237.1,17203200
31,30,async_queue_job_1024_borrow_reads,own_shared_then_local_view,job,100,132182,1321.82,2406400
31,31,share_read_drop,std_shared,handoff,100000,1496310,14.9631,2350000
31,32,copy_read_drop,own_shared,copy,100000,1110722,11.10722,2350000
31,33,share_read_drop,own_shared,handoff,100000,1106282,11.06282,2350000
31,34,async_queue_job_1024_local_copies,std_shared,job,100,2376109,23761.09,2406400
31,35,frame_4096_draws_64_unique_leases,std_shared,frame,24,91186,3799.41666667,41287680
31,36,contended_copy_2_workers,std_shared,copy,200000,17128001,85.640005,4700000
31,37,owner_retained_4096_parameter_borrows,own_local_view,frame,24,89244,3718.5,41287680
31,38,async_queue_job_1_local_copies,std_shared,job,100,60734,607.34,2000
31,39,resettable_root_pin_1024_borrow_reads,own_shared_pin_local_view,scope,97,35905,370.154639175,2334208
31,40,owner_retained_4096_draw_borrows,std_raw_borrow,frame,24,53341,2222.54166667,41287680
31,41,owner_retained_4096_draw_borrows,own_local_view,frame,24,52101,2170.875,41287680
31,42,group_setup_then_1024_copies,own_local,group,97,97730,1007.5257732,2334208
31,43,group_setup_then_64_copies,own_local,group,1562,123527,79.0825864277,2349248
31,44,group_setup_then_64_copies,std_shared,group,1562,1880655,1204.00448143,2349248
31,45,localize_read_drop,std_shared,group,100000,1647691,16.47691,2350000
31,46,create_read_destroy,std_shared,asset,100000,1338761,13.38761,65000400000
31,47,contended_copy_2_workers,own_shared,copy,200000,13827673,69.138365,4700000
31,48,create_read_destroy,own_shared,asset,100000,1361269,13.61269,65000400000
31,49,independent_owner_parameter,own_local,call,100000,124227,1.24227,2350000
31,50,owner_retained_borrow_parameter,std_raw_borrow,call,100000,66830,0.6683,2350000
31,51,weak_lock_expired,own_shared,lock,100000,86164,0.86164,0
31,52,group_setup_then_1_copies,std_shared,group,100000,3725749,37.25749,2000000
31,53,async_queue_job_1024_borrow_reads,std_shared_then_raw_borrow,job,100,93873,938.73,2406400
31,54,independent_owner_parameter,own_shared,call,100000,1547856,15.47856,2350000
31,55,async_queue_job_64_local_copies,std_shared,job,100,238600,2386,150400
32,0,localize_read_drop,own_local,group,100000,1219068,12.19068,2350000
32,1,copy_read_drop,own_shared,copy,100000,1068444,10.68444,2350000
32,2,independent_owner_parameter,own_local,call,100000,113168,1.13168,2350000
32,3,group_setup_then_64_copies,std_shared,group,1562,1657614,1061.21254802,2349248
32,4,async_queue_job_64_borrow_reads,own_shared_then_local_view,job,100,81745,817.45,150400
32,5,owner_retained_borrow_parameter,std_raw_borrow,call,100000,58408,0.58408,2350000
32,6,independent_owner_parameter,std_shared,call,100000,1608831,16.08831,2350000
32,7,owner_retained_4096_draw_borrows,own_local_view,frame,24,45840,1910,41287680
32,8,scene_4096_attachments,own_local,attachment,98304,143243,1.45714314779,98304
32,9,resettable_root_pin_1024_borrow_reads,own_shared_pin_local_view,scope,97,30810,317.628865979,2334208
32,10,weak_lock_live,std_shared,lock,100000,1657444,16.57444,2350000
32,11,independent_owner_parameter,own_shared,call,100000,1446639,14.46639,2350000
32,12,weak_lock_live,own_shared,lock,100000,1468290,14.6829,2350000
32,13,contended_copy_2_workers,own_shared,copy,200000,12899647,64.498235,4700000
32,14,async_queue_job_1_borrow_reads,std_shared_then_raw_borrow,job,100,40301,403.01,2000
32,15,group_setup_then_1024_copies,std_shared,group,97,1830751,18873.7216495,2334208
32,16,async_queue_job_64_local_copies,std_shared,job,100,300309,3003.09,150400
32,17,owner_retained_4096_parameter_borrows,std_raw_borrow,frame,24,87907,3662.79166667,41287680
32,18,copy_read_drop,own_local,copy,100000,104813,1.04813,2350000
32,19,frame_4096_draws_64_unique_leases,own_shared,frame,24,99658,4152.41666667,41287680
32,20,owner_retained_4096_draw_borrows,std_raw_borrow,frame,24,52544,2189.33333333,41287680
32,21,async_queue_job_1024_borrow_reads,std_shared_then_raw_borrow,job,100,96263,962.63,2406400
32,22,group_setup_then_8_copies,std_shared,group,12500,2071316,165.70528,2350000
32,23,async_queue_job_1_local_copies,own_local,job,100,80627,806.27,2000
32,24,owner_retained_borrow_copy_read,own_local_view,read,100000,31679,0.31679,2350000
32,25,owner_retained_borrow_copy_read,std_raw_borrow,read,100000,31639,0.31639,2350000
32,26,async_queue_job_1024_local_copies,own_local,job,100,274007,2740.07,2406400
32,27,resettable_root_pin_1024_borrow_reads,std_shared_pin_raw_borrow,scope,97,34401,354.649484536,2334208
32,28,async_queue_job_1024_borrow_reads,own_shared_then_local_view,job,100,129733,1297.33,2406400
32,29,scene_4096_attachments,std_shared,attachment,98304,993524,10.106648763,98304
32,30,weak_lock_expired,own_shared,lock,100000,81437,0.81437,0
32,31,owner_retained_4096_parameter_borrows,own_local_view,frame,24,82102,3420.91666667,41287680
32,32,async_queue_job_64_local_copies,own_local,job,100,67759,677.59,150400
32,33,weak_lock_expired,std_shared,lock,100000,90588,0.90588,0
32,34,resource_lifecycle_64_assets_4096_objects,std_shared,cycle,10,551030,55103,17203200
32,35,group_setup_then_1024_copies,own_local,group,97,88728,914.721649485,2334208
32,36,group_setup_then_64_copies,own_local,group,1562,108287,69.3258642766,2349248
32,37,localize_read_drop,std_shared,group,100000,1446391,14.46391,2350000
32,38,frame_4096_draws_64_unique_leases,std_shared,frame,24,82090,3420.41666667,41287680
32,39,share_read_drop,own_shared,handoff,100000,1105835,11.05835,2350000
32,40,copy_read_drop,std_shared,copy,100000,1659819,16.59819,2350000
32,41,group_setup_then_1_copies,own_local,group,100000,1354648,13.54648,2000000
32,42,create_read_destroy,own_shared,asset,100000,1280104,12.80104,65000400000
32,43,async_queue_job_1_local_copies,std_shared,job,100,70496,704.96,2000
32,44,create_read_destroy,own_local,asset,100000,1737875,17.37875,65000400000
32,45,group_setup_then_8_copies,own_local,group,12500,221976,17.75808,2350000
32,46,owner_retained_borrow_parameter,own_local_view,call,100000,60043,0.60043,2350000
32,47,share_read_drop,std_shared,handoff,100000,1465400,14.654,2350000
32,48,resource_lifecycle_64_assets_4096_objects,own_local,cycle,10,199608,19960.8,17203200
32,49,async_queue_job_1_borrow_reads,own_shared_then_local_view,job,100,72821,728.21,2000
32,50,borrow_read,raw_borrow,read,100000,36133,0.36133,2350000
32,51,async_queue_job_64_borrow_reads,std_shared_then_raw_borrow,job,100,55243,552.43,150400
32,52,async_queue_job_1024_local_copies,std_shared,job,100,2397108,23971.08,2406400
32,53,create_read_destroy,std_shared,asset,100000,1260389,12.60389,65000400000
32,54,contended_copy_2_workers,std_shared,copy,200000,17834916,89.17458,4700000
32,55,group_setup_then_1_copies,std_shared,group,100000,3791955,37.91955,2000000
33,0,share_read_drop,own_shared,handoff,100000,1217309,12.17309,2350000
33,1,owner_retained_borrow_copy_read,std_raw_borrow,read,100000,36136,0.36136,2350000
33,2,create_read_destroy,own_shared,asset,100000,1367904,13.67904,65000400000
33,3,resource_lifecycle_64_assets_4096_objects,std_shared,cycle,10,550647,55064.7,17203200
33,4,create_read_destroy,own_local,asset,100000,1536631,15.36631,65000400000
33,5,owner_retained_4096_parameter_borrows,std_raw_borrow,frame,24,78938,3289.08333333,41287680
33,6,independent_owner_parameter,own_shared,call,100000,1494624,14.94624,2350000
33,7,async_queue_job_64_borrow_reads,std_shared_then_raw_borrow,job,100,70556,705.56,150400
33,8,resettable_root_pin_1024_borrow_reads,own_shared_pin_local_view,scope,97,34700,357.731958763,2334208
33,9,weak_lock_expired,own_shared,lock,100000,80369,0.80369,0
33,10,async_queue_job_1024_borrow_reads,std_shared_then_raw_borrow,job,100,119244,1192.44,2406400
33,11,contended_copy_2_workers,std_shared,copy,200000,17219627,86.098135,4700000
33,12,owner_retained_borrow_parameter,std_raw_borrow,call,100000,75488,0.75488,2350000
33,13,group_setup_then_8_copies,std_shared,group,12500,2133651,170.69208,2350000
33,14,owner_retained_4096_draw_borrows,std_raw_borrow,frame,24,54282,2261.75,41287680
33,15,owner_retained_4096_parameter_borrows,own_local_view,frame,24,86520,3605,41287680
33,16,share_read_drop,std_shared,handoff,100000,1734028,17.34028,2350000
33,17,contended_copy_2_workers,own_shared,copy,200000,14908228,74.54114,4700000
33,18,weak_lock_live,std_shared,lock,100000,1916216,19.16216,2350000
33,19,copy_read_drop,own_local,copy,100000,104311,1.04311,2350000
33,20,scene_4096_attachments,std_shared,attachment,98304,1043865,10.6187438965,98304
33,21,owner_retained_borrow_parameter,own_local_view,call,100000,68782,0.68782,2350000
33,22,async_queue_job_1_borrow_reads,std_shared_then_raw_borrow,job,100,59382,593.82,2000
33,23,frame_4096_draws_64_unique_leases,own_shared,frame,24,104218,4342.41666667,41287680
33,24,independent_owner_parameter,std_shared,call,100000,1845052,18.45052,2350000
33,25,independent_owner_parameter,own_local,call,100000,121141,1.21141,2350000
33,26,async_queue_job_1_local_copies,std_shared,job,100,57634,576.34,2000
33,27,localize_read_drop,std_shared,group,100000,1676610,16.7661,2350000
33,28,owner_retained_4096_draw_borrows,own_local_view,frame,24,50120,2088.33333333,41287680
33,29,async_queue_job_1024_local_copies,own_local,job,100,291785,2917.85,2406400
33,30,async_queue_job_64_local_copies,own_local,job,100,78037,780.37,150400
33,31,group_setup_then_1_copies,own_local,group,100000,1392184,13.92184,2000000
33,32,resettable_root_pin_1024_borrow_reads,std_shared_pin_raw_borrow,scope,97,31396,323.670103093,2334208
33,33,weak_lock_live,own_shared,lock,100000,1476627,14.76627,2350000
33,34,group_setup_then_1024_copies,own_local,group,97,88806,915.525773196,2334208
33,35,async_queue_job_1024_borrow_reads,own_shared_then_local_view,job,100,143528,1435.28,2406400
33,36,owner_retained_borrow_copy_read,own_local_view,read,100000,30591,0.30591,2350000
33,37,async_queue_job_64_local_copies,std_shared,job,100,403956,4039.56,150400
33,38,scene_4096_attachments,own_local,attachment,98304,144905,1.47404988607,98304
33,39,copy_read_drop,own_shared,copy,100000,1101758,11.01758,2350000
33,40,group_setup_then_64_copies,own_local,group,1562,114819,73.5076824584,2349248
33,41,frame_4096_draws_64_unique_leases,std_shared,frame,24,100620,4192.5,41287680
33,42,copy_read_drop,std_shared,copy,100000,1662719,16.62719,2350000
33,43,borrow_read,raw_borrow,read,100000,36033,0.36033,2350000
33,44,group_setup_then_1024_copies,std_shared,group,97,1636575,16871.9072165,2334208
33,45,async_queue_job_64_borrow_reads,own_shared_then_local_view,job,100,60374,603.74,150400
33,46,weak_lock_expired,std_shared,lock,100000,85569,0.85569,0
33,47,group_setup_then_8_copies,own_local,group,12500,221657,17.73256,2350000
33,48,group_setup_then_1_copies,std_shared,group,100000,3324336,33.24336,2000000
33,49,async_queue_job_1_borrow_reads,own_shared_then_local_view,job,100,47349,473.49,2000
33,50,async_queue_job_1024_local_copies,std_shared,job,100,2428729,24287.29,2406400
33,51,async_queue_job_1_local_copies,own_local,job,100,64491,644.91,2000
33,52,resource_lifecycle_64_assets_4096_objects,own_local,cycle,10,205817,20581.7,17203200
33,53,localize_read_drop,own_local,group,100000,1309727,13.09727,2350000
33,54,create_read_destroy,std_shared,asset,100000,1280608,12.80608,65000400000
33,55,group_setup_then_64_copies,std_shared,group,1562,1671370,1070.01920615,2349248
34,0,borrow_read,raw_borrow,read,100000,36028,0.36028,2350000
34,1,scene_4096_attachments,own_local,attachment,98304,157672,1.60392252604,98304
34,2,contended_copy_2_workers,std_shared,copy,200000,18050741,90.253705,4700000
34,3,group_setup_then_1_copies,std_shared,group,100000,3661526,36.61526,2000000
34,4,weak_lock_live,own_shared,lock,100000,1652286,16.52286,2350000
34,5,copy_read_drop,own_shared,copy,100000,1136652,11.36652,2350000
34,6,owner_retained_borrow_parameter,std_raw_borrow,call,100000,60087,0.60087,2350000
34,7,copy_read_drop,own_local,copy,100000,101728,1.01728,2350000
34,8,group_setup_then_1_copies,own_local,group,100000,1535071,15.35071,2000000
34,9,independent_owner_parameter,std_shared,call,100000,1796640,17.9664,2350000
34,10,localize_read_drop,own_local,group,100000,1339895,13.39895,2350000
34,11,group_setup_then_1024_copies,std_shared,group,97,1663470,17149.1752577,2334208
34,12,async_queue_job_64_local_copies,std_shared,job,100,362672,3626.72,150400
34,13,contended_copy_2_workers,own_shared,copy,200000,14090117,70.450585,4700000
34,14,owner_retained_4096_parameter_borrows,std_raw_borrow,frame,24,91859,3827.45833333,41287680
34,15,frame_4096_draws_64_unique_leases,own_shared,frame,24,120315,5013.125,41287680
34,16,async_queue_job_1024_borrow_reads,std_shared_then_raw_borrow,job,100,123605,1236.05,2406400
34,17,scene_4096_attachments,std_shared,attachment,98304,1046260,10.6431070964,98304
34,18,weak_lock_live,std_shared,lock,100000,2146272,21.46272,2350000
34,19,share_read_drop,own_shared,handoff,100000,1618878,16.18878,2350000
34,20,resettable_root_pin_1024_borrow_reads,own_shared_pin_local_view,scope,97,34146,352.020618557,2334208
34,21,weak_lock_expired,own_shared,lock,100000,83516,0.83516,0
34,22,independent_owner_parameter,own_shared,call,100000,2034008,20.34008,2350000
34,23,create_read_destroy,std_shared,asset,100000,1251765,12.51765,65000400000
34,24,owner_retained_4096_draw_borrows,own_local_view,frame,24,48945,2039.375,41287680
34,25,async_queue_job_64_local_copies,own_local,job,100,60540,605.4,150400
34,26,resource_lifecycle_64_assets_4096_objects,std_shared,cycle,10,509721,50972.1,17203200
34,27,weak_lock_expired,std_shared,lock,100000,85856,0.85856,0
34,28,group_setup_then_1024_copies,own_local,group,97,87114,898.082474227,2334208
34,29,owner_retained_borrow_copy_read,std_raw_borrow,read,100000,52267,0.52267,2350000
34,30,async_queue_job_1024_local_copies,own_local,job,100,325303,3253.03,2406400
34,31,frame_4096_draws_64_unique_leases,std_shared,frame,24,360350,15014.5833333,41287680
34,32,share_read_drop,std_shared,handoff,100000,1892433,18.92433,2350000
34,33,async_queue_job_1024_borrow_reads,own_shared_then_local_view,job,100,261359,2613.59,2406400
34,34,group_setup_then_8_copies,own_local,group,12500,407308,32.58464,2350000
34,35,create_read_destroy,own_local,asset,100000,4212543,42.12543,65000400000
34,36,async_queue_job_1_borrow_reads,own_shared_then_local_view,job,100,46466,464.66,2000
34,37,group_setup_then_64_copies,std_shared,group,1562,1681379,1076.42701665,2349248
34,38,localize_read_drop,std_shared,group,100000,1478883,14.78883,2350000
34,39,group_setup_then_8_copies,std_shared,group,12500,1887295,150.9836,2350000
34,40,owner_retained_borrow_copy_read,own_local_view,read,100000,30631,0.30631,2350000
34,41,group_setup_then_64_copies,own_local,group,1562,111926,71.6555697823,2349248
34,42,resource_lifecycle_64_assets_4096_objects,own_local,cycle,10,196764,19676.4,17203200
34,43,async_queue_job_64_borrow_reads,own_shared_then_local_view,job,100,57903,579.03,150400
34,44,async_queue_job_64_borrow_reads,std_shared_then_raw_borrow,job,100,67470,674.7,150400
34,45,create_read_destroy,own_shared,asset,100000,1249279,12.49279,65000400000
34,46,independent_owner_parameter,own_local,call,100000,115701,1.15701,2350000
34,47,resettable_root_pin_1024_borrow_reads,std_shared_pin_raw_borrow,scope,97,31996,329.855670103,2334208
34,48,owner_retained_borrow_parameter,own_local_view,call,100000,61643,0.61643,2350000
34,49,async_queue_job_1_local_copies,own_local,job,100,56278,562.78,2000
34,50,owner_retained_4096_parameter_borrows,own_local_view,frame,24,77925,3246.875,41287680
34,51,async_queue_job_1_borrow_reads,std_shared_then_raw_borrow,job,100,78397,783.97,2000
34,52,async_queue_job_1024_local_copies,std_shared,job,100,2397690,23976.9,2406400
34,53,owner_retained_4096_draw_borrows,std_raw_borrow,frame,24,50201,2091.70833333,41287680
34,54,copy_read_drop,std_shared,copy,100000,1675954,16.75954,2350000
34,55,async_queue_job_1_local_copies,std_shared,job,100,62657,626.57,2000
35,0,borrow_read,raw_borrow,read,100000,61236,0.61236,2350000
35,1,create_read_destroy,own_shared,asset,100000,1200011,12.00011,65000400000
35,2,contended_copy_2_workers,std_shared,copy,200000,16880168,84.40084,4700000
35,3,owner_retained_4096_draw_borrows,std_raw_borrow,frame,24,49823,2075.95833333,41287680
35,4,owner_retained_borrow_copy_read,std_raw_borrow,read,100000,30234,0.30234,2350000
35,5,independent_owner_parameter,own_shared,call,100000,1459960,14.5996,2350000
35,6,resource_lifecycle_64_assets_4096_objects,own_local,cycle,10,216552,21655.2,17203200
35,7,async_queue_job_1024_local_copies,own_local,job,100,417122,4171.22,2406400
35,8,create_read_destroy,own_local,asset,100000,1517262,15.17262,65000400000
35,9,async_queue_job_64_local_copies,std_shared,job,100,343157,3431.57,150400
35,10,group_setup_then_1_copies,own_local,group,100000,1365768,13.65768,2000000
35,11,group_setup_then_8_copies,std_shared,group,12500,1844814,147.58512,2350000
35,12,async_queue_job_1024_local_copies,std_shared,job,100,2431292,24312.92,2406400
35,13,copy_read_drop,own_local,copy,100000,100669,1.00669,2350000
35,14,async_queue_job_64_local_copies,own_local,job,100,67514,675.14,150400
35,15,async_queue_job_1_local_copies,own_local,job,100,43898,438.98,2000
35,16,create_read_destroy,std_shared,asset,100000,1330462,13.30462,65000400000
35,17,owner_retained_borrow_parameter,own_local_view,call,100000,67028,0.67028,2350000
35,18,group_setup_then_1_copies,std_shared,group,100000,3546823,35.46823,2000000
35,19,weak_lock_live,own_shared,lock,100000,1484557,14.84557,2350000
35,20,owner_retained_4096_draw_borrows,own_local_view,frame,24,48374,2015.58333333,41287680
35,21,async_queue_job_1_borrow_reads,std_shared_then_raw_borrow,job,100,65379,653.79,2000
35,22,frame_4096_draws_64_unique_leases,own_shared,frame,24,94020,3917.5,41287680
35,23,independent_owner_parameter,own_local,call,100000,115577,1.15577,2350000
35,24,frame_4096_draws_64_unique_leases,std_shared,frame,24,88545,3689.375,41287680
35,25,async_queue_job_64_borrow_reads,own_shared_then_local_view,job,100,124539,1245.39,150400
35,26,weak_lock_live,std_shared,lock,100000,1686273,16.86273,2350000
35,27,async_queue_job_1_local_copies,std_shared,job,100,61993,619.93,2000
35,28,owner_retained_borrow_parameter,std_raw_borrow,call,100000,64322,0.64322,2350000
35,29,group_setup_then_64_copies,std_shared,group,1562,1676583,1073.35659411,2349248
35,30,resettable_root_pin_1024_borrow_reads,own_shared_pin_local_view,scope,97,31489,324.628865979,2334208
35,31,group_setup_then_64_copies,own_local,group,1562,113713,72.7996158771,2349248
35,32,group_setup_then_8_copies,own_local,group,12500,260612,20.84896,2350000
35,33,independent_owner_parameter,std_shared,call,100000,1669561,16.69561,2350000
35,34,contended_copy_2_workers,own_shared,copy,200000,12499741,62.498705,4700000
35,35,owner_retained_4096_parameter_borrows,std_raw_borrow,frame,24,78431,3267.95833333,41287680
35,36,resettable_root_pin_1024_borrow_reads,std_shared_pin_raw_borrow,scope,97,31784,327.670103093,2334208
35,37,weak_lock_expired,std_shared,lock,100000,85674,0.85674,0
35,38,share_read_drop,std_shared,handoff,100000,1472127,14.72127,2350000
35,39,share_read_drop,own_shared,handoff,100000,1131277,11.31277,2350000
35,40,scene_4096_attachments,std_shared,attachment,98304,935725,9.51868693034,98304
35,41,localize_read_drop,std_shared,group,100000,1486754,14.86754,2350000
35,42,resource_lifecycle_64_assets_4096_objects,std_shared,cycle,10,509639,50963.9,17203200
35,43,async_queue_job_64_borrow_reads,std_shared_then_raw_borrow,job,100,54981,549.81,150400
35,44,async_queue_job_1_borrow_reads,own_shared_then_local_view,job,100,88037,880.37,2000
35,45,weak_lock_expired,own_shared,lock,100000,77125,0.77125,0
35,46,scene_4096_attachments,own_local,attachment,98304,146283,1.48806762695,98304
35,47,group_setup_then_1024_copies,std_shared,group,97,1659556,17108.8247423,2334208
35,48,async_queue_job_1024_borrow_reads,std_shared_then_raw_borrow,job,100,164251,1642.51,2406400
35,49,localize_read_drop,own_local,group,100000,1274894,12.74894,2350000
35,50,owner_retained_borrow_copy_read,own_local_view,read,100000,30224,0.30224,2350000
35,51,group_setup_then_1024_copies,own_local,group,97,101568,1047.09278351,2334208
35,52,async_queue_job_1024_borrow_reads,own_shared_then_local_view,job,100,160249,1602.49,2406400
35,53,copy_read_drop,own_shared,copy,100000,1129530,11.2953,2350000
35,54,copy_read_drop,std_shared,copy,100000,1700948,17.00948,2350000
35,55,owner_retained_4096_parameter_borrows,own_local_view,frame,24,76279,3178.29166667,41287680
36,0,create_read_destroy,std_shared,asset,100000,1257081,12.57081,65000400000
36,1,owner_retained_borrow_copy_read,own_local_view,read,100000,30039,0.30039,2350000
36,2,independent_owner_parameter,own_shared,call,100000,1534676,15.34676,2350000
36,3,scene_4096_attachments,std_shared,attachment,98304,934766,9.50893147786,98304
36,4,owner_retained_borrow_parameter,own_local_view,call,100000,64330,0.6433,2350000
36,5,weak_lock_expired,own_shared,lock,100000,77089,0.77089,0
36,6,group_setup_then_1024_copies,std_shared,group,97,1670141,17217.9484536,2334208
36,7,frame_4096_draws_64_unique_leases,own_shared,frame,24,89220,3717.5,41287680
36,8,group_setup_then_8_copies,std_shared,group,12500,1868386,149.47088,2350000
36,9,owner_retained_borrow_parameter,std_raw_borrow,call,100000,64006,0.64006,2350000
36,10,async_queue_job_1_borrow_reads,own_shared_then_local_view,job,100,79166,791.66,2000
36,11,borrow_read,raw_borrow,read,100000,35514,0.35514,2350000
36,12,group_setup_then_64_copies,std_shared,group,1562,1672014,1070.43149808,2349248
36,13,owner_retained_4096_parameter_borrows,std_raw_borrow,frame,24,77851,3243.79166667,41287680
36,14,contended_copy_2_workers,own_shared,copy,200000,12536871,62.684355,4700000
36,15,owner_retained_borrow_copy_read,std_raw_borrow,read,100000,30047,0.30047,2350000
36,16,resettable_root_pin_1024_borrow_reads,std_shared_pin_raw_borrow,scope,97,38731,399.288659794,2334208
36,17,owner_retained_4096_draw_borrows,own_local_view,frame,24,62637,2609.875,41287680
36,18,frame_4096_draws_64_unique_leases,std_shared,frame,24,85699,3570.79166667,41287680
36,19,resource_lifecycle_64_assets_4096_objects,own_local,cycle,10,208140,20814,17203200
36,20,weak_lock_live,own_shared,lock,100000,1472413,14.72413,2350000
36,21,independent_owner_parameter,std_shared,call,100000,1659869,16.59869,2350000
36,22,localize_read_drop,own_local,group,100000,1479172,14.79172,2350000
36,23,async_queue_job_1024_borrow_reads,own_shared_then_local_view,job,100,104584,1045.84,2406400
36,24,async_queue_job_64_borrow_reads,std_shared_then_raw_borrow,job,100,50768,507.68,150400
36,25,localize_read_drop,std_shared,group,100000,1521580,15.2158,2350000
36,26,weak_lock_live,std_shared,lock,100000,1728354,17.28354,2350000
36,27,copy_read_drop,own_local,copy,100000,101670,1.0167,2350000
36,28,scene_4096_attachments,own_local,attachment,98304,161644,1.64432779948,98304
36,29,async_queue_job_64_local_copies,own_local,job,100,68563,685.63,150400
36,30,group_setup_then_1024_copies,own_local,group,97,98906,1019.64948454,2334208
36,31,resource_lifecycle_64_assets_4096_objects,std_shared,cycle,10,595994,59599.4,17203200
36,32,share_read_drop,std_shared,handoff,100000,1661803,16.61803,2350000
36,33,async_queue_job_1024_local_copies,std_shared,job,100,2483156,24831.56,2406400
36,34,group_setup_then_1_copies,std_shared,group,100000,3334047,33.34047,2000000
36,35,independent_owner_parameter,own_local,call,100000,116223,1.16223,2350000
36,36,group_setup_then_8_copies,own_local,group,12500,266862,21.34896,2350000
36,37,copy_read_drop,std_shared,copy,100000,1658663,16.58663,2350000
36,38,owner_retained_4096_draw_borrows,std_raw_borrow,frame,24,49178,2049.08333333,41287680
36,39,copy_read_drop,own_shared,copy,100000,1149160,11.4916,2350000
36,40,create_read_destroy,own_shared,asset,100000,1280476,12.80476,65000400000
36,41,async_queue_job_1_local_copies,std_shared,job,100,66192,661.92,2000
36,42,group_setup_then_1_copies,own_local,group,100000,1362349,13.62349,2000000
36,43,weak_lock_expired,std_shared,lock,100000,85821,0.85821,0
36,44,async_queue_job_1_borrow_reads,std_shared_then_raw_borrow,job,100,46906,469.06,2000
36,45,async_queue_job_1024_local_copies,own_local,job,100,310362,3103.62,2406400
36,46,owner_retained_4096_parameter_borrows,own_local_view,frame,24,80628,3359.5,41287680
36,47,share_read_drop,own_shared,handoff,100000,1164557,11.64557,2350000
36,48,async_queue_job_64_borrow_reads,own_shared_then_local_view,job,100,122131,1221.31,150400
36,49,contended_copy_2_workers,std_shared,copy,200000,15937846,79.68923,4700000
36,50,group_setup_then_64_copies,own_local,group,1562,112989,72.3361075544,2349248
36,51,async_queue_job_64_local_copies,std_shared,job,100,400500,4005,150400
36,52,async_queue_job_1024_borrow_reads,std_shared_then_raw_borrow,job,100,195718,1957.18,2406400
36,53,create_read_destroy,own_local,asset,100000,1518716,15.18716,65000400000
36,54,resettable_root_pin_1024_borrow_reads,own_shared_pin_local_view,scope,97,31623,326.010309278,2334208
36,55,async_queue_job_1_local_copies,own_local,job,100,61593,615.93,2000
37,0,owner_retained_4096_draw_borrows,own_local_view,frame,24,47492,1978.83333333,41287680
37,1,resettable_root_pin_1024_borrow_reads,std_shared_pin_raw_borrow,scope,97,31247,322.134020619,2334208
37,2,weak_lock_live,own_shared,lock,100000,1522089,15.22089,2350000
37,3,weak_lock_expired,own_shared,lock,100000,77166,0.77166,0
37,4,frame_4096_draws_64_unique_leases,std_shared,frame,24,90550,3772.91666667,41287680
37,5,async_queue_job_64_local_copies,own_local,job,100,89950,899.5,150400
37,6,create_read_destroy,std_shared,asset,100000,1237494,12.37494,65000400000
37,7,owner_retained_4096_parameter_borrows,own_local_view,frame,24,76157,3173.20833333,41287680
37,8,owner_retained_borrow_parameter,own_local_view,call,100000,64267,0.64267,2350000
37,9,share_read_drop,std_shared,handoff,100000,1473371,14.73371,2350000
37,10,copy_read_drop,std_shared,copy,100000,1689283,16.89283,2350000
37,11,frame_4096_draws_64_unique_leases,own_shared,frame,24,89848,3743.66666667,41287680
37,12,owner_retained_borrow_parameter,std_raw_borrow,call,100000,64232,0.64232,2350000
37,13,async_queue_job_1024_local_copies,std_shared,job,100,2400324,24003.24,2406400
37,14,contended_copy_2_workers,std_shared,copy,200000,17317939,86.589695,4700000
37,15,group_setup_then_1_copies,std_shared,group,100000,3348649,33.48649,2000000
37,16,contended_copy_2_workers,own_shared,copy,200000,8846335,44.231675,4700000
37,17,resource_lifecycle_64_assets_4096_objects,std_shared,cycle,10,511119,51111.9,17203200
37,18,owner_retained_borrow_copy_read,own_local_view,read,100000,30131,0.30131,2350000
37,19,async_queue_job_1024_local_copies,own_local,job,100,372611,3726.11,2406400
37,20,localize_read_drop,std_shared,group,100000,1472806,14.72806,2350000
37,21,async_queue_job_1024_borrow_reads,std_shared_then_raw_borrow,job,100,108382,1083.82,2406400
37,22,async_queue_job_1024_borrow_reads,own_shared_then_local_view,job,100,153611,1536.11,2406400
37,23,weak_lock_live,std_shared,lock,100000,1684069,16.84069,2350000
37,24,scene_4096_attachments,own_local,attachment,98304,172565,1.75542195638,98304
37,25,create_read_destroy,own_shared,asset,100000,1217948,12.17948,65000400000
37,26,async_queue_job_1_local_copies,std_shared,job,100,88733,887.33,2000
37,27,copy_read_drop,own_shared,copy,100000,1128020,11.2802,2350000
37,28,async_queue_job_64_borrow_reads,own_shared_then_local_view,job,100,77714,777.14,150400
37,29,group_setup_then_64_copies,own_local,group,1562,114483,73.2925736236,2349248
37,30,group_setup_then_64_copies,std_shared,group,1562,1674538,1072.04737516,2349248
37,31,async_queue_job_64_local_copies,std_shared,job,100,374981,3749.81,150400
37,32,owner_retained_borrow_copy_read,std_raw_borrow,read,100000,30202,0.30202,2350000
37,33,independent_owner_parameter,std_shared,call,100000,1678031,16.78031,2350000
37,34,independent_owner_parameter,own_local,call,100000,112104,1.12104,2350000
37,35,group_setup_then_1024_copies,own_local,group,97,91111,939.288659794,2334208
37,36,async_queue_job_1_local_copies,own_local,job,100,51565,515.65,2000
37,37,resource_lifecycle_64_assets_4096_objects,own_local,cycle,10,192023,19202.3,17203200
37,38,copy_read_drop,own_local,copy,100000,100703,1.00703,2350000
37,39,share_read_drop,own_shared,handoff,100000,1192680,11.9268,2350000
37,40,resettable_root_pin_1024_borrow_reads,own_shared_pin_local_view,scope,97,34235,352.93814433,2334208
37,41,scene_4096_attachments,std_shared,attachment,98304,1013132,10.3061116536,98304
37,42,async_queue_job_64_borrow_reads,std_shared_then_raw_borrow,job,100,80912,809.12,150400
37,43,group_setup_then_8_copies,own_local,group,12500,291960,23.3568,2350000
37,44,owner_retained_4096_draw_borrows,std_raw_borrow,frame,24,53689,2237.04166667,41287680
37,45,group_setup_then_1024_copies,std_shared,group,97,1764256,18188.2061856,2334208
37,46,localize_read_drop,own_local,group,100000,1270496,12.70496,2350000
37,47,borrow_read,raw_borrow,read,100000,36066,0.36066,2350000
37,48,async_queue_job_1_borrow_reads,own_shared_then_local_view,job,100,49392,493.92,2000
37,49,owner_retained_4096_parameter_borrows,std_raw_borrow,frame,24,86650,3610.41666667,41287680
37,50,independent_owner_parameter,own_shared,call,100000,1480822,14.80822,2350000
37,51,create_read_destroy,own_local,asset,100000,1533161,15.33161,65000400000
37,52,weak_lock_expired,std_shared,lock,100000,85606,0.85606,0
37,53,group_setup_then_8_copies,std_shared,group,12500,1855490,148.4392,2350000
37,54,group_setup_then_1_copies,own_local,group,100000,1437572,14.37572,2000000
37,55,async_queue_job_1_borrow_reads,std_shared_then_raw_borrow,job,100,50209,502.09,2000
38,0,share_read_drop,own_shared,handoff,100000,1125901,11.25901,2350000
38,1,async_queue_job_1024_local_copies,std_shared,job,100,2398879,23988.79,2406400
38,2,weak_lock_live,std_shared,lock,100000,1677358,16.77358,2350000
38,3,async_queue_job_1_borrow_reads,own_shared_then_local_view,job,100,77654,776.54,2000
38,4,resource_lifecycle_64_assets_4096_objects,std_shared,cycle,10,508408,50840.8,17203200
38,5,owner_retained_4096_draw_borrows,std_raw_borrow,frame,24,47664,1986,41287680
38,6,weak_lock_expired,std_shared,lock,100000,97866,0.97866,0
38,7,scene_4096_attachments,own_local,attachment,98304,143979,1.46463012695,98304
38,8,resettable_root_pin_1024_borrow_reads,own_shared_pin_local_view,scope,97,30584,315.298969072,2334208
38,9,create_read_destroy,own_shared,asset,100000,1269541,12.69541,65000400000
38,10,copy_read_drop,own_shared,copy,100000,1106568,11.06568,2350000
38,11,resettable_root_pin_1024_borrow_reads,std_shared_pin_raw_borrow,scope,97,31594,325.711340206,2334208
38,12,owner_retained_4096_parameter_borrows,std_raw_borrow,frame,24,78232,3259.66666667,41287680
38,13,independent_owner_parameter,std_shared,call,100000,1656649,16.56649,2350000
38,14,async_queue_job_1024_borrow_reads,std_shared_then_raw_borrow,job,100,134576,1345.76,2406400
38,15,localize_read_drop,own_local,group,100000,1297335,12.97335,2350000
38,16,group_setup_then_1_copies,std_shared,group,100000,3330384,33.30384,2000000
38,17,frame_4096_draws_64_unique_leases,std_shared,frame,24,87054,3627.25,41287680
38,18,independent_owner_parameter,own_shared,call,100000,1450380,14.5038,2350000
38,19,group_setup_then_64_copies,own_local,group,1562,115122,73.7016645327,2349248
38,20,independent_owner_parameter,own_local,call,100000,118088,1.18088,2350000
38,21,async_queue_job_1_borrow_reads,std_shared_then_raw_borrow,job,100,66386,663.86,2000
38,22,owner_retained_borrow_parameter,own_local_view,call,100000,71591,0.71591,2350000
38,23,async_queue_job_1_local_copies,own_local,job,100,67220,672.2,2000
38,24,async_queue_job_64_local_copies,std_shared,job,100,435950,4359.5,150400
38,25,contended_copy_2_workers,std_shared,copy,200000,10795300,53.9765,4700000
38,26,async_queue_job_64_borrow_reads,own_shared_then_local_view,job,100,64784,647.84,150400
38,27,async_queue_job_1024_borrow_reads,own_shared_then_local_view,job,100,88880,888.8,2406400
38,28,create_read_destroy,own_local,asset,100000,1555773,15.55773,65000400000
38,29,frame_4096_draws_64_unique_leases,own_shared,frame,24,86889,3620.375,41287680
38,30,owner_retained_borrow_parameter,std_raw_borrow,call,100000,60007,0.60007,2350000
38,31,borrow_read,raw_borrow,read,100000,35034,0.35034,2350000
38,32,async_queue_job_1024_local_copies,own_local,job,100,314290,3142.9,2406400
38,33,copy_read_drop,std_shared,copy,100000,2181325,21.81325,2350000
38,34,share_read_drop,std_shared,handoff,100000,1476152,14.76152,2350000
38,35,scene_4096_attachments,std_shared,attachment,98304,1254987,12.7663879395,98304
38,36,resource_lifecycle_64_assets_4096_objects,own_local,cycle,10,200460,20046,17203200
38,37,copy_read_drop,own_local,copy,100000,101354,1.01354,2350000
38,38,async_queue_job_1_local_copies,std_shared,job,100,48751,487.51,2000
38,39,owner_retained_4096_parameter_borrows,own_local_view,frame,24,83692,3487.16666667,41287680
38,40,localize_read_drop,std_shared,group,100000,1607490,16.0749,2350000
38,41,group_setup_then_64_copies,std_shared,group,1562,1826464,1169.31113956,2349248
38,42,group_setup_then_8_copies,own_local,group,12500,265843,21.26744,2350000
38,43,async_queue_job_64_borrow_reads,std_shared_then_raw_borrow,job,100,68139,681.39,150400
38,44,async_queue_job_64_local_copies,own_local,job,100,65706,657.06,150400
38,45,weak_lock_expired,own_shared,lock,100000,85002,0.85002,0
38,46,create_read_destroy,std_shared,asset,100000,1313417,13.13417,65000400000
38,47,group_setup_then_1024_copies,own_local,group,97,91069,938.855670103,2334208
38,48,owner_retained_4096_draw_borrows,own_local_view,frame,24,46963,1956.79166667,41287680
38,49,weak_lock_live,own_shared,lock,100000,1491730,14.9173,2350000
38,50,contended_copy_2_workers,own_shared,copy,200000,11668726,58.34363,4700000
38,51,group_setup_then_1024_copies,std_shared,group,97,1659509,17108.3402062,2334208
38,52,group_setup_then_8_copies,std_shared,group,12500,1857540,148.6032,2350000
38,53,group_setup_then_1_copies,own_local,group,100000,1376278,13.76278,2000000
38,54,owner_retained_borrow_copy_read,std_raw_borrow,read,100000,30063,0.30063,2350000
38,55,owner_retained_borrow_copy_read,own_local_view,read,100000,30024,0.30024,2350000
39,0,group_setup_then_1024_copies,std_shared,group,97,1638790,16894.742268,2334208
39,1,scene_4096_attachments,std_shared,attachment,98304,936476,9.5263264974,98304
39,2,scene_4096_attachments,own_local,attachment,98304,146967,1.49502563477,98304
39,3,owner_retained_4096_draw_borrows,own_local_view,frame,24,46934,1955.58333333,41287680
39,4,owner_retained_borrow_copy_read,std_raw_borrow,read,100000,29984,0.29984,2350000
39,5,resource_lifecycle_64_assets_4096_objects,own_local,cycle,10,191209,19120.9,17203200
39,6,independent_owner_parameter,std_shared,call,100000,1663795,16.63795,2350000
39,7,async_queue_job_1_borrow_reads,std_shared_then_raw_borrow,job,100,45006,450.06,2000
39,8,owner_retained_borrow_parameter,std_raw_borrow,call,100000,61729,0.61729,2350000
39,9,group_setup_then_1_copies,std_shared,group,100000,3326914,33.26914,2000000
39,10,group_setup_then_1_copies,own_local,group,100000,1349922,13.49922,2000000
39,11,create_read_destroy,own_local,asset,100000,1500322,15.00322,65000400000
39,12,resource_lifecycle_64_assets_4096_objects,std_shared,cycle,10,519810,51981,17203200
39,13,contended_copy_2_workers,std_shared,copy,200000,15917129,79.585645,4700000
39,14,contended_copy_2_workers,own_shared,copy,200000,11941093,59.705465,4700000
39,15,async_queue_job_1024_local_copies,std_shared,job,100,2662833,26628.33,2406400
39,16,async_queue_job_1_local_copies,std_shared,job,100,58164,581.64,2000
39,17,group_setup_then_8_copies,std_shared,group,12500,1881128,150.49024,2350000
39,18,weak_lock_expired,std_shared,lock,100000,85650,0.8565,0
39,19,independent_owner_parameter,own_local,call,100000,116033,1.16033,2350000
39,20,share_read_drop,std_shared,handoff,100000,1471210,14.7121,2350000
39,21,localize_read_drop,std_shared,group,100000,1477925,14.77925,2350000
39,22,owner_retained_4096_parameter_borrows,own_local_view,frame,24,76286,3178.58333333,41287680
39,23,copy_read_drop,std_shared,copy,100000,1689181,16.89181,2350000
39,24,weak_lock_live,own_shared,lock,100000,1517108,15.17108,2350000
39,25,copy_read_drop,own_local,copy,100000,116073,1.16073,2350000
39,26,localize_read_drop,own_local,group,100000,1549028,15.49028,2350000
39,27,owner_retained_borrow_copy_read,own_local_view,read,100000,32601,0.32601,2350000
39,28,async_queue_job_1_borrow_reads,own_shared_then_local_view,job,100,79881,798.81,2000
39,29,async_queue_job_64_local_copies,std_shared,job,100,251221,2512.21,150400
39,30,weak_lock_expired,own_shared,lock,100000,95390,0.9539,0
39,31,group_setup_then_8_copies,own_local,group,12500,254167,20.33336,2350000
39,32,copy_read_drop,own_shared,copy,100000,1199212,11.99212,2350000
39,33,async_queue_job_1024_local_copies,own_local,job,100,213461,2134.61,2406400
39,34,create_read_destroy,own_shared,asset,100000,1345443,13.45443,65000400000
39,35,resettable_root_pin_1024_borrow_reads,own_shared_pin_local_view,scope,97,31264,322.309278351,2334208
39,36,async_queue_job_1024_borrow_reads,std_shared_then_raw_borrow,job,100,216720,2167.2,2406400
39,37,async_queue_job_64_borrow_reads,std_shared_then_raw_borrow,job,100,45880,458.8,150400
39,38,async_queue_job_64_local_copies,own_local,job,100,52247,522.47,150400
39,39,frame_4096_draws_64_unique_leases,own_shared,frame,24,89936,3747.33333333,41287680
39,40,group_setup_then_1024_copies,own_local,group,97,93103,959.824742268,2334208
39,41,independent_owner_parameter,own_shared,call,100000,1472743,14.72743,2350000
39,42,borrow_read,raw_borrow,read,100000,35205,0.35205,2350000
39,43,owner_retained_4096_draw_borrows,std_raw_borrow,frame,24,49023,2042.625,41287680
39,44,async_queue_job_64_borrow_reads,own_shared_then_local_view,job,100,72458,724.58,150400
39,45,async_queue_job_1024_borrow_reads,own_shared_then_local_view,job,100,169936,1699.36,2406400
39,46,frame_4096_draws_64_unique_leases,std_shared,frame,24,88346,3681.08333333,41287680
39,47,group_setup_then_64_copies,std_shared,group,1562,1706526,1092.5262484,2349248
39,48,resettable_root_pin_1024_borrow_reads,std_shared_pin_raw_borrow,scope,97,31929,329.164948454,2334208
39,49,create_read_destroy,std_shared,asset,100000,1247868,12.47868,65000400000
39,50,owner_retained_4096_parameter_borrows,std_raw_borrow,frame,24,76943,3205.95833333,41287680
39,51,share_read_drop,own_shared,handoff,100000,1116012,11.16012,2350000
39,52,owner_retained_borrow_parameter,own_local_view,call,100000,59993,0.59993,2350000
39,53,weak_lock_live,std_shared,lock,100000,1697474,16.97474,2350000
39,54,group_setup_then_64_copies,own_local,group,1562,135867,86.9827144686,2349248
39,55,async_queue_job_1_local_copies,own_local,job,100,69023,690.23,2000
40,0,share_read_drop,own_shared,handoff,100000,1111851,11.11851,2350000
40,1,group_setup_then_1_copies,own_local,group,100000,1362953,13.62953,2000000
40,2,independent_owner_parameter,own_local,call,100000,115190,1.1519,2350000
40,3,group_setup_then_1_copies,std_shared,group,100000,3309149,33.09149,2000000
40,4,create_read_destroy,own_shared,asset,100000,1286240,12.8624,65000400000
40,5,owner_retained_borrow_parameter,own_local_view,call,100000,59957,0.59957,2350000
40,6,scene_4096_attachments,own_local,attachment,98304,158413,1.61146036784,98304
40,7,owner_retained_4096_draw_borrows,own_local_view,frame,24,47355,1973.125,41287680
40,8,weak_lock_expired,std_shared,lock,100000,85701,0.85701,0
40,9,copy_read_drop,std_shared,copy,100000,1656760,16.5676,2350000
40,10,weak_lock_live,std_shared,lock,100000,1679959,16.79959,2350000
40,11,weak_lock_live,own_shared,lock,100000,1508540,15.0854,2350000
40,12,group_setup_then_64_copies,own_local,group,1562,113888,72.9116517286,2349248
40,13,async_queue_job_1_borrow_reads,own_shared_then_local_view,job,100,59137,591.37,2000
40,14,async_queue_job_1024_borrow_reads,std_shared_then_raw_borrow,job,100,180011,1800.11,2406400
40,15,group_setup_then_64_copies,std_shared,group,1562,1678641,1074.67413572,2349248
40,16,resource_lifecycle_64_assets_4096_objects,own_local,cycle,10,199933,19993.3,17203200
40,17,async_queue_job_1024_borrow_reads,own_shared_then_local_view,job,100,125025,1250.25,2406400
40,18,localize_read_drop,own_local,group,100000,1292722,12.92722,2350000
40,19,async_queue_job_1_local_copies,own_local,job,100,40827,408.27,2000
40,20,owner_retained_borrow_parameter,std_raw_borrow,call,100000,61869,0.61869,2350000
40,21,independent_owner_parameter,std_shared,call,100000,1655950,16.5595,2350000
40,22,async_queue_job_1024_local_copies,own_local,job,100,349989,3499.89,2406400
40,23,share_read_drop,std_shared,handoff,100000,1495809,14.95809,2350000
40,24,frame_4096_draws_64_unique_leases,own_shared,frame,24,91936,3830.66666667,41287680
40,25,group_setup_then_8_copies,std_shared,group,12500,1855149,148.41192,2350000
40,26,resource_lifecycle_64_assets_4096_objects,std_shared,cycle,10,506137,50613.7,17203200
40,27,async_queue_job_64_borrow_reads,std_shared_then_raw_borrow,job,100,80996,809.96,150400
40,28,scene_4096_attachments,std_shared,attachment,98304,953409,9.69857788086,98304
40,29,group_setup_then_8_copies,own_local,group,12500,256189,20.49512,2350000
40,30,create_read_destroy,own_local,asset,100000,1440223,14.40223,65000400000
40,31,owner_retained_borrow_copy_read,own_local_view,read,100000,30139,0.30139,2350000
40,32,owner_retained_4096_parameter_borrows,own_local_view,frame,24,77848,3243.66666667,41287680
40,33,independent_owner_parameter,own_shared,call,100000,1473560,14.7356,2350000
40,34,resettable_root_pin_1024_borrow_reads,own_shared_pin_local_view,scope,97,31276,322.432989691,2334208
40,35,copy_read_drop,own_shared,copy,100000,1116870,11.1687,2350000
40,36,create_read_destroy,std_shared,asset,100000,1275305,12.75305,65000400000
40,37,copy_read_drop,own_local,copy,100000,101823,1.01823,2350000
40,38,async_queue_job_1024_local_copies,std_shared,job,100,2502275,25022.75,2406400
40,39,owner_retained_4096_draw_borrows,std_raw_borrow,frame,24,53042,2210.08333333,41287680
40,40,contended_copy_2_workers,std_shared,copy,200000,11452713,57.263565,4700000
40,41,group_setup_then_1024_copies,std_shared,group,97,1667066,17186.2474227,2334208
40,42,owner_retained_4096_parameter_borrows,std_raw_borrow,frame,24,77747,3239.45833333,41287680
40,43,localize_read_drop,std_shared,group,100000,1480391,14.80391,2350000
40,44,frame_4096_draws_64_unique_leases,std_shared,frame,24,87218,3634.08333333,41287680
40,45,group_setup_then_1024_copies,own_local,group,97,105672,1089.40206186,2334208
40,46,async_queue_job_64_borrow_reads,own_shared_then_local_view,job,100,104238,1042.38,150400
40,47,async_queue_job_1_local_copies,std_shared,job,100,56591,565.91,2000
40,48,async_queue_job_1_borrow_reads,std_shared_then_raw_borrow,job,100,47892,478.92,2000
40,49,borrow_read,raw_borrow,read,100000,35234,0.35234,2350000
40,50,async_queue_job_64_local_copies,std_shared,job,100,283920,2839.2,150400
40,51,resettable_root_pin_1024_borrow_reads,std_shared_pin_raw_borrow,scope,97,31870,328.556701031,2334208
40,52,async_queue_job_64_local_copies,own_local,job,100,109286,1092.86,150400
40,53,weak_lock_expired,own_shared,lock,100000,77321,0.77321,0
40,54,owner_retained_borrow_copy_read,std_raw_borrow,read,100000,30097,0.30097,2350000
40,55,contended_copy_2_workers,own_shared,copy,200000,5941411,29.707055,4700000
41,0,independent_owner_parameter,own_shared,call,100000,1468113,14.68113,2350000
41,1,create_read_destroy,own_local,asset,100000,1554089,15.54089,65000400000
41,2,group_setup_then_1_copies,std_shared,group,100000,3340969,33.40969,2000000
41,3,group_setup_then_1024_copies,std_shared,group,97,1627779,16781.2268041,2334208
41,4,copy_read_drop,own_local,copy,100000,101288,1.01288,2350000
41,5,independent_owner_parameter,own_local,call,100000,134833,1.34833,2350000
41,6,owner_retained_borrow_parameter,own_local_view,call,100000,64985,0.64985,2350000
41,7,owner_retained_borrow_copy_read,std_raw_borrow,read,100000,32567,0.32567,2350000
41,8,async_queue_job_1024_local_copies,std_shared,job,100,2404074,24040.74,2406400
41,9,weak_lock_expired,std_shared,lock,100000,92846,0.92846,0
41,10,async_queue_job_1_borrow_reads,own_shared_then_local_view,job,100,72318,723.18,2000
41,11,resettable_root_pin_1024_borrow_reads,own_shared_pin_local_view,scope,97,33943,349.927835052,2334208
41,12,async_queue_job_64_local_copies,own_local,job,100,61692,616.92,150400
41,13,frame_4096_draws_64_unique_leases,own_shared,frame,24,112718,4696.58333333,41287680
41,14,scene_4096_attachments,std_shared,attachment,98304,1012252,10.2971598307,98304
41,15,contended_copy_2_workers,std_shared,copy,200000,13408103,67.040515,4700000
41,16,async_queue_job_64_borrow_reads,std_shared_then_raw_borrow,job,100,67074,670.74,150400
41,17,independent_owner_parameter,std_shared,call,100000,1664511,16.64511,2350000
41,18,async_queue_job_1_borrow_reads,std_shared_then_raw_borrow,job,100,69485,694.85,2000
41,19,weak_lock_live,own_shared,lock,100000,1489857,14.89857,2350000
41,20,weak_lock_expired,own_shared,lock,100000,77045,0.77045,0
41,21,owner_retained_4096_draw_borrows,own_local_view,frame,24,50592,2108,41287680
41,22,share_read_drop,own_shared,handoff,100000,2494089,24.94089,2350000
41,23,owner_retained_borrow_parameter,std_raw_borrow,call,100000,112970,1.1297,2350000
41,24,group_setup_then_1024_copies,own_local,group,97,161518,1665.13402062,2334208
41,25,contended_copy_2_workers,own_shared,copy,200000,5776398,28.88199,4700000
41,26,group_setup_then_64_copies,std_shared,group,1562,1787310,1144.24455826,2349248
41,27,weak_lock_live,std_shared,lock,100000,2065695,20.65695,2350000
41,28,async_queue_job_1_local_copies,own_local,job,100,75077,750.77,2000
41,29,async_queue_job_1024_borrow_reads,own_shared_then_local_view,job,100,221665,2216.65,2406400
41,30,create_read_destroy,std_shared,asset,100000,1376594,13.76594,65000400000
41,31,frame_4096_draws_64_unique_leases,std_shared,frame,24,127507,5312.79166667,41287680
41,32,group_setup_then_8_copies,std_shared,group,12500,1966225,157.298,2350000
41,33,owner_retained_4096_draw_borrows,std_raw_borrow,frame,24,51027,2126.125,41287680
41,34,borrow_read,raw_borrow,read,100000,35443,0.35443,2350000
41,35,owner_retained_4096_parameter_borrows,own_local_view,frame,24,78783,3282.625,41287680
41,36,group_setup_then_8_copies,own_local,group,12500,272056,21.76448,2350000
41,37,localize_read_drop,std_shared,group,100000,1640257,16.40257,2350000
41,38,async_queue_job_1024_borrow_reads,std_shared_then_raw_borrow,job,100,259692,2596.92,2406400
41,39,async_queue_job_1024_local_copies,own_local,job,100,224940,2249.4,2406400
41,40,async_queue_job_64_local_copies,std_shared,job,100,237116,2371.16,150400
41,41,localize_read_drop,own_local,group,100000,1395105,13.95105,2350000
41,42,group_setup_then_64_copies,own_local,group,1562,128642,82.357234315,2349248
41,43,create_read_destroy,own_shared,asset,100000,1249187,12.49187,65000400000
41,44,owner_retained_borrow_copy_read,own_local_view,read,100000,30115,0.30115,2350000
41,45,scene_4096_attachments,own_local,attachment,98304,148915,1.51484171549,98304
41,46,copy_read_drop,std_shared,copy,100000,1662581,16.62581,2350000
41,47,async_queue_job_64_borrow_reads,own_shared_then_local_view,job,100,105079,1050.79,150400
41,48,resource_lifecycle_64_assets_4096_objects,std_shared,cycle,10,528521,52852.1,17203200
41,49,resettable_root_pin_1024_borrow_reads,std_shared_pin_raw_borrow,scope,97,31386,323.567010309,2334208
41,50,resource_lifecycle_64_assets_4096_objects,own_local,cycle,10,191760,19176,17203200
41,51,copy_read_drop,own_shared,copy,100000,1131980,11.3198,2350000
41,52,async_queue_job_1_local_copies,std_shared,job,100,61415,614.15,2000
41,53,share_read_drop,std_shared,handoff,100000,1472052,14.72052,2350000
41,54,owner_retained_4096_parameter_borrows,std_raw_borrow,frame,24,76645,3193.54166667,41287680
41,55,group_setup_then_1_copies,own_local,group,100000,1359691,13.59691,2000000
42,0,share_read_drop,std_shared,handoff,100000,1471545,14.71545,2350000
42,1,weak_lock_live,std_shared,lock,100000,1679453,16.79453,2350000
42,2,create_read_destroy,own_shared,asset,100000,1328452,13.28452,65000400000
42,3,owner_retained_4096_parameter_borrows,std_raw_borrow,frame,24,87378,3640.75,41287680
42,4,group_setup_then_1024_copies,own_local,group,97,92914,957.87628866,2334208
42,5,group_setup_then_1_copies,std_shared,group,100000,3306910,33.0691,2000000
42,6,async_queue_job_64_borrow_reads,own_shared_then_local_view,job,100,90406,904.06,150400
42,7,weak_lock_expired,std_shared,lock,100000,85690,0.8569,0
42,8,independent_owner_parameter,std_shared,call,100000,1664416,16.64416,2350000
42,9,group_setup_then_8_copies,own_local,group,12500,237524,19.00192,2350000
42,10,group_setup_then_8_copies,std_shared,group,12500,1852799,148.22392,2350000
42,11,contended_copy_2_workers,own_shared,copy,200000,8923932,44.61966,4700000
42,12,group_setup_then_64_copies,own_local,group,1562,114034,73.0051216389,2349248
42,13,async_queue_job_64_borrow_reads,std_shared_then_raw_borrow,job,100,57340,573.4,150400
42,14,resource_lifecycle_64_assets_4096_objects,own_local,cycle,10,199208,19920.8,17203200
42,15,async_queue_job_1024_local_copies,std_shared,job,100,2752024,27520.24,2406400
42,16,resettable_root_pin_1024_borrow_reads,own_shared_pin_local_view,scope,97,31354,323.237113402,2334208
42,17,frame_4096_draws_64_unique_leases,std_shared,frame,24,86442,3601.75,41287680
42,18,scene_4096_attachments,std_shared,attachment,98304,947392,9.63736979167,98304
42,19,owner_retained_4096_draw_borrows,std_raw_borrow,frame,24,47088,1962,41287680
42,20,contended_copy_2_workers,std_shared,copy,200000,8529039,42.645195,4700000
42,21,independent_owner_parameter,own_shared,call,100000,1453950,14.5395,2350000
42,22,async_queue_job_1_borrow_reads,std_shared_then_raw_borrow,job,100,86051,860.51,2000
42,23,resettable_root_pin_1024_borrow_reads,std_shared_pin_raw_borrow,scope,97,31792,327.75257732,2334208
42,24,async_queue_job_1024_borrow_reads,std_shared_then_raw_borrow,job,100,349638,3496.38,2406400
42,25,group_setup_then_1_copies,own_local,group,100000,1381739,13.81739,2000000
42,26,frame_4096_draws_64_unique_leases,own_shared,frame,24,92958,3873.25,41287680
42,27,weak_lock_live,own_shared,lock,100000,1485177,14.85177,2350000
42,28,create_read_destroy,own_local,asset,100000,1496572,14.96572,65000400000
42,29,async_queue_job_1024_local_copies,own_local,job,100,292214,2922.14,2406400
42,30,owner_retained_borrow_copy_read,own_local_view,read,100000,30169,0.30169,2350000
42,31,owner_retained_borrow_parameter,std_raw_borrow,call,100000,63673,0.63673,2350000
42,32,owner_retained_4096_parameter_borrows,own_local_view,frame,24,78070,3252.91666667,41287680
42,33,owner_retained_borrow_copy_read,std_raw_borrow,read,100000,42877,0.42877,2350000
42,34,localize_read_drop,own_local,group,100000,1277064,12.77064,2350000
42,35,async_queue_job_1_borrow_reads,own_shared_then_local_view,job,100,62051,620.51,2000
42,36,scene_4096_attachments,own_local,attachment,98304,144095,1.46581013997,98304
42,37,group_setup_then_64_copies,std_shared,group,1562,1672351,1070.64724712,2349248
42,38,share_read_drop,own_shared,handoff,100000,1126267,11.26267,2350000
42,39,async_queue_job_64_local_copies,own_local,job,100,72285,722.85,150400
42,40,async_queue_job_1024_borrow_reads,own_shared_then_local_view,job,100,119273,1192.73,2406400
42,41,async_queue_job_1_local_copies,std_shared,job,100,68368,683.68,2000
42,42,borrow_read,raw_borrow,read,100000,35050,0.3505,2350000
42,43,create_read_destroy,std_shared,asset,100000,1227785,12.27785,65000400000
42,44,weak_lock_expired,own_shared,lock,100000,77253,0.77253,0
42,45,copy_read_drop,own_shared,copy,100000,1119320,11.1932,2350000
42,46,localize_read_drop,std_shared,group,100000,1500377,15.00377,2350000
42,47,async_queue_job_1_local_copies,own_local,job,100,52873,528.73,2000
42,48,owner_retained_borrow_parameter,own_local_view,call,100000,61735,0.61735,2350000
42,49,group_setup_then_1024_copies,std_shared,group,97,1642520,16933.1958763,2334208
42,50,copy_read_drop,own_local,copy,100000,101271,1.01271,2350000
42,51,copy_read_drop,std_shared,copy,100000,1825486,18.25486,2350000
42,52,resource_lifecycle_64_assets_4096_objects,std_shared,cycle,10,547581,54758.1,17203200
42,53,async_queue_job_64_local_copies,std_shared,job,100,276473,2764.73,150400
42,54,independent_owner_parameter,own_local,call,100000,125698,1.25698,2350000
42,55,owner_retained_4096_draw_borrows,own_local_view,frame,24,51228,2134.5,41287680
43,0,copy_read_drop,std_shared,copy,100000,1754908,17.54908,2350000
43,1,owner_retained_4096_draw_borrows,own_local_view,frame,24,46767,1948.625,41287680
43,2,resettable_root_pin_1024_borrow_reads,std_shared_pin_raw_borrow,scope,97,31859,328.443298969,2334208
43,3,share_read_drop,std_shared,handoff,100000,1471637,14.71637,2350000
43,4,async_queue_job_1024_local_copies,std_shared,job,100,2471072,24710.72,2406400
43,5,async_queue_job_64_local_copies,std_shared,job,100,261018,2610.18,150400
43,6,weak_lock_live,std_shared,lock,100000,1703698,17.03698,2350000
43,7,owner_retained_borrow_copy_read,std_raw_borrow,read,100000,29989,0.29989,2350000
43,8,contended_copy_2_workers,own_shared,copy,200000,10411863,52.059315,4700000
43,9,localize_read_drop,own_local,group,100000,1293486,12.93486,2350000
43,10,resource_lifecycle_64_assets_4096_objects,std_shared,cycle,10,518079,51807.9,17203200
43,11,async_queue_job_64_borrow_reads,own_shared_then_local_view,job,100,73383,733.83,150400
43,12,owner_retained_4096_parameter_borrows,std_raw_borrow,frame,24,79541,3314.20833333,41287680
43,13,group_setup_then_1_copies,std_shared,group,100000,3323438,33.23438,2000000
43,14,group_setup_then_1024_copies,std_shared,group,97,1637927,16885.8453608,2334208
43,15,weak_lock_expired,own_shared,lock,100000,77104,0.77104,0
43,16,async_queue_job_1024_borrow_reads,std_shared_then_raw_borrow,job,100,91085,910.85,2406400
43,17,create_read_destroy,std_shared,asset,100000,1287491,12.87491,65000400000
43,18,resettable_root_pin_1024_borrow_reads,own_shared_pin_local_view,scope,97,31268,322.350515464,2334208
43,19,group_setup_then_64_copies,own_local,group,1562,124720,79.8463508323,2349248
43,20,scene_4096_attachments,own_local,attachment,98304,145269,1.47775268555,98304
43,21,weak_lock_expired,std_shared,lock,100000,85585,0.85585,0
43,22,async_queue_job_1_local_copies,own_local,job,100,81441,814.41,2000
43,23,resource_lifecycle_64_assets_4096_objects,own_local,cycle,10,192491,19249.1,17203200
43,24,owner_retained_borrow_copy_read,own_local_view,read,100000,30076,0.30076,2350000
43,25,copy_read_drop,own_shared,copy,100000,1107996,11.07996,2350000
43,26,create_read_destroy,own_local,asset,100000,1476251,14.76251,65000400000
43,27,async_queue_job_1024_local_copies,own_local,job,100,247744,2477.44,2406400
43,28,weak_lock_live,own_shared,lock,100000,1537057,15.37057,2350000
43,29,async_queue_job_1_borrow_reads,std_shared_then_raw_borrow,job,100,52103,521.03,2000
43,30,owner_retained_4096_draw_borrows,std_raw_borrow,frame,24,48087,2003.625,41287680
43,31,independent_owner_parameter,own_local,call,100000,119755,1.19755,2350000
43,32,group_setup_then_8_copies,std_shared,group,12500,1872304,149.78432,2350000
43,33,async_queue_job_1_borrow_reads,own_shared_then_local_view,job,100,65582,655.82,2000
43,34,async_queue_job_1024_borrow_reads,own_shared_then_local_view,job,100,138720,1387.2,2406400
43,35,async_queue_job_64_local_copies,own_local,job,100,75841,758.41,150400
43,36,owner_retained_4096_parameter_borrows,own_local_view,frame,24,79109,3296.20833333,41287680
43,37,contended_copy_2_workers,std_shared,copy,200000,12940405,64.702025,4700000
43,38,frame_4096_draws_64_unique_leases,std_shared,frame,24,87885,3661.875,41287680
43,39,borrow_read,raw_borrow,read,100000,34940,0.3494,2350000
43,40,group_setup_then_1_copies,own_local,group,100000,1368096,13.68096,2000000
43,41,owner_retained_borrow_parameter,std_raw_borrow,call,100000,63508,0.63508,2350000
43,42,group_setup_then_1024_copies,own_local,group,97,105658,1089.25773196,2334208
43,43,group_setup_then_64_copies,std_shared,group,1562,1685758,1079.23047375,2349248
43,44,async_queue_job_64_borrow_reads,std_shared_then_raw_borrow,job,100,59568,595.68,150400
43,45,copy_read_drop,own_local,copy,100000,104856,1.04856,2350000
43,46,create_read_destroy,own_shared,asset,100000,1359769,13.59769,65000400000
43,47,owner_retained_borrow_parameter,own_local_view,call,100000,64944,0.64944,2350000
43,48,share_read_drop,own_shared,handoff,100000,1213459,12.13459,2350000
43,49,async_queue_job_1_local_copies,std_shared,job,100,72219,722.19,2000
43,50,localize_read_drop,std_shared,group,100000,1630995,16.30995,2350000
43,51,scene_4096_attachments,std_shared,attachment,98304,953388,9.69836425781,98304
43,52,independent_owner_parameter,own_shared,call,100000,1452097,14.52097,2350000
43,53,frame_4096_draws_64_unique_leases,own_shared,frame,24,89299,3720.79166667,41287680
43,54,group_setup_then_8_copies,own_local,group,12500,276219,22.09752,2350000
43,55,independent_owner_parameter,std_shared,call,100000,1792731,17.92731,2350000
44,0,resource_lifecycle_64_assets_4096_objects,std_shared,cycle,10,568332,56833.2,17203200
44,1,create_read_destroy,own_shared,asset,100000,1357777,13.57777,65000400000
44,2,resettable_root_pin_1024_borrow_reads,std_shared_pin_raw_borrow,scope,97,34510,355.773195876,2334208
44,3,owner_retained_borrow_copy_read,own_local_view,read,100000,32636,0.32636,2350000
44,4,independent_owner_parameter,std_shared,call,100000,1699275,16.99275,2350000
44,5,resettable_root_pin_1024_borrow_reads,own_shared_pin_local_view,scope,97,31497,324.711340206,2334208
44,6,owner_retained_borrow_copy_read,std_raw_borrow,read,100000,30008,0.30008,2350000
44,7,weak_lock_expired,own_shared,lock,100000,77063,0.77063,0
44,8,owner_retained_4096_parameter_borrows,std_raw_borrow,frame,24,77181,3215.875,41287680
44,9,independent_owner_parameter,own_local,call,100000,114592,1.14592,2350000
44,10,async_queue_job_64_borrow_reads,std_shared_then_raw_borrow,job,100,678381,6783.81,150400
44,11,localize_read_drop,own_local,group,100000,1290368,12.90368,2350000
44,12,resource_lifecycle_64_assets_4096_objects,own_local,cycle,10,200787,20078.7,17203200
44,13,owner_retained_4096_draw_borrows,std_raw_borrow,frame,24,47433,1976.375,41287680
44,14,group_setup_then_1024_copies,own_local,group,97,88358,910.907216495,2334208
44,15,independent_owner_parameter,own_shared,call,100000,1591062,15.91062,2350000
44,16,copy_read_drop,own_shared,copy,100000,1109548,11.09548,2350000
44,17,async_queue_job_1_borrow_reads,std_shared_then_raw_borrow,job,100,61991,619.91,2000
44,18,create_read_destroy,own_local,asset,100000,1558613,15.58613,65000400000
44,19,async_queue_job_1024_borrow_reads,std_shared_then_raw_borrow,job,100,108819,1088.19,2406400
44,20,share_read_drop,std_shared,handoff,100000,1497684,14.97684,2350000
44,21,async_queue_job_64_local_copies,std_shared,job,100,331227,3312.27,150400
44,22,async_queue_job_64_local_copies,own_local,job,100,91481,914.81,150400
44,23,copy_read_drop,std_shared,copy,100000,1673260,16.7326,2350000
44,24,weak_lock_live,std_shared,lock,100000,1684522,16.84522,2350000
44,25,localize_read_drop,std_shared,group,100000,1485036,14.85036,2350000
44,26,async_queue_job_1_local_copies,own_local,job,100,229079,2290.79,2000
44,27,owner_retained_borrow_parameter,own_local_view,call,100000,64300,0.643,2350000
44,28,async_queue_job_64_borrow_reads,own_shared_then_local_view,job,100,68053,680.53,150400
44,29,owner_retained_borrow_parameter,std_raw_borrow,call,100000,62985,0.62985,2350000
44,30,contended_copy_2_workers,own_shared,copy,200000,6081772,30.40886,4700000
44,31,group_setup_then_1_copies,own_local,group,100000,1361991,13.61991,2000000
44,32,async_queue_job_1024_local_copies,std_shared,job,100,2441950,24419.5,2406400
44,33,copy_read_drop,own_local,copy,100000,101395,1.01395,2350000
44,34,frame_4096_draws_64_unique_leases,own_shared,frame,24,94395,3933.125,41287680
44,35,owner_retained_4096_draw_borrows,own_local_view,frame,24,64574,2690.58333333,41287680
44,36,group_setup_then_64_copies,std_shared,group,1562,1797425,1150.72023047,2349248
44,37,group_setup_then_1_copies,std_shared,group,100000,3497289,34.97289,2000000
44,38,share_read_drop,own_shared,handoff,100000,1113450,11.1345,2350000
44,39,group_setup_then_8_copies,std_shared,group,12500,1876399,150.11192,2350000
44,40,borrow_read,raw_borrow,read,100000,35024,0.35024,2350000
44,41,scene_4096_attachments,std_shared,attachment,98304,933392,9.49495442708,98304
44,42,create_read_destroy,std_shared,asset,100000,1274320,12.7432,65000400000
44,43,group_setup_then_64_copies,own_local,group,1562,109393,70.0339308579,2349248
44,44,async_queue_job_1024_local_copies,own_local,job,100,359177,3591.77,2406400
44,45,async_queue_job_1_local_copies,std_shared,job,100,58567,585.67,2000
44,46,weak_lock_expired,std_shared,lock,100000,94418,0.94418,0
44,47,frame_4096_draws_64_unique_leases,std_shared,frame,24,95410,3975.41666667,41287680
44,48,async_queue_job_1024_borrow_reads,own_shared_then_local_view,job,100,167078,1670.78,2406400
44,49,group_setup_then_1024_copies,std_shared,group,97,1605045,16546.8556701,2334208
44,50,group_setup_then_8_copies,own_local,group,12500,217934,17.43472,2350000
44,51,owner_retained_4096_parameter_borrows,own_local_view,frame,24,75831,3159.625,41287680
44,52,scene_4096_attachments,own_local,attachment,98304,140820,1.43249511719,98304
44,53,contended_copy_2_workers,std_shared,copy,200000,11069721,55.348605,4700000
44,54,async_queue_job_1_borrow_reads,own_shared_then_local_view,job,100,593844,5938.44,2000
44,55,weak_lock_live,own_shared,lock,100000,1436724,14.36724,2350000
45,0,create_read_destroy,std_shared,asset,100000,1229930,12.2993,65000400000
45,1,async_queue_job_64_borrow_reads,own_shared_then_local_view,job,100,101779,1017.79,150400
45,2,group_setup_then_1_copies,own_local,group,100000,1367271,13.67271,2000000
45,3,group_setup_then_64_copies,std_shared,group,1562,1691921,1083.17605634,2349248
45,4,copy_read_drop,own_local,copy,100000,101937,1.01937,2350000
45,5,resource_lifecycle_64_assets_4096_objects,std_shared,cycle,10,553112,55311.2,17203200
45,6,create_read_destroy,own_local,asset,100000,1617711,16.17711,65000400000
45,7,independent_owner_parameter,own_local,call,100000,120684,1.20684,2350000
45,8,contended_copy_2_workers,own_shared,copy,200000,10560755,52.803775,4700000
45,9,group_setup_then_1024_copies,std_shared,group,97,1644006,16948.5154639,2334208
45,10,resettable_root_pin_1024_borrow_reads,own_shared_pin_local_view,scope,97,31720,327.010309278,2334208
45,11,weak_lock_live,std_shared,lock,100000,1700075,17.00075,2350000
45,12,share_read_drop,std_shared,handoff,100000,1468019,14.68019,2350000
45,13,group_setup_then_8_copies,own_local,group,12500,259563,20.76504,2350000
45,14,create_read_destroy,own_shared,asset,100000,1251832,12.51832,65000400000
45,15,copy_read_drop,own_shared,copy,100000,1135630,11.3563,2350000
45,16,frame_4096_draws_64_unique_leases,std_shared,frame,24,87187,3632.79166667,41287680
45,17,share_read_drop,own_shared,handoff,100000,1110683,11.10683,2350000
45,18,group_setup_then_8_copies,std_shared,group,12500,1851710,148.1368,2350000
45,19,async_queue_job_1_local_copies,std_shared,job,100,80949,809.49,2000
45,20,owner_retained_borrow_copy_read,std_raw_borrow,read,100000,30095,0.30095,2350000
45,21,owner_retained_borrow_parameter,own_local_view,call,100000,82014,0.82014,2350000
45,22,async_queue_job_64_local_copies,own_local,job,100,57370,573.7,150400
45,23,independent_owner_parameter,std_shared,call,100000,1651065,16.51065,2350000
45,24,async_queue_job_1024_borrow_reads,std_shared_then_raw_borrow,job,100,110805,1108.05,2406400
45,25,scene_4096_attachments,std_shared,attachment,98304,936000,9.521484375,98304
45,26,localize_read_drop,own_local,group,100000,1324839,13.24839,2350000
45,27,async_queue_job_1_borrow_reads,std_shared_then_raw_borrow,job,100,52946,529.46,2000
45,28,weak_lock_live,own_shared,lock,100000,1492117,14.92117,2350000
45,29,resource_lifecycle_64_assets_4096_objects,own_local,cycle,10,196059,19605.9,17203200
45,30,weak_lock_expired,std_shared,lock,100000,83423,0.83423,0
45,31,owner_retained_4096_draw_borrows,own_local_view,frame,24,48901,2037.54166667,41287680
45,32,async_queue_job_64_local_copies,std_shared,job,100,314131,3141.31,150400
45,33,contended_copy_2_workers,std_shared,copy,200000,10795583,53.977915,4700000
45,34,async_queue_job_1_local_copies,own_local,job,100,60998,609.98,2000
45,35,independent_owner_parameter,own_shared,call,100000,1460086,14.60086,2350000
45,36,group_setup_then_1_copies,std_shared,group,100000,3318129,33.18129,2000000
45,37,owner_retained_borrow_parameter,std_raw_borrow,call,100000,59920,0.5992,2350000
45,38,async_queue_job_1_borrow_reads,own_shared_then_local_view,job,100,62002,620.02,2000
45,39,frame_4096_draws_64_unique_leases,own_shared,frame,24,89160,3715,41287680
45,40,scene_4096_attachments,own_local,attachment,98304,155484,1.58166503906,98304
45,41,async_queue_job_64_borrow_reads,std_shared_then_raw_borrow,job,100,54876,548.76,150400
45,42,owner_retained_4096_parameter_borrows,own_local_view,frame,24,76592,3191.33333333,41287680
45,43,owner_retained_4096_parameter_borrows,std_raw_borrow,frame,24,79866,3327.75,41287680
45,44,resettable_root_pin_1024_borrow_reads,std_shared_pin_raw_borrow,scope,97,31725,327.06185567,2334208
45,45,group_setup_then_64_copies,own_local,group,1562,115844,74.1638924456,2349248
45,46,async_queue_job_1024_local_copies,own_local,job,100,217264,2172.64,2406400
45,47,localize_read_drop,std_shared,group,100000,1613394,16.13394,2350000
45,48,group_setup_then_1024_copies,own_local,group,97,104303,1075.28865979,2334208
45,49,copy_read_drop,std_shared,copy,100000,1560097,15.60097,2350000
45,50,owner_retained_borrow_copy_read,own_local_view,read,100000,30134,0.30134,2350000
45,51,borrow_read,raw_borrow,read,100000,57678,0.57678,2350000
45,52,async_queue_job_1024_local_copies,std_shared,job,100,2474515,24745.15,2406400
45,53,owner_retained_4096_draw_borrows,std_raw_borrow,frame,24,50522,2105.08333333,41287680
45,54,weak_lock_expired,own_shared,lock,100000,77116,0.77116,0
45,55,async_queue_job_1024_borrow_reads,own_shared_then_local_view,job,100,92594,925.94,2406400
46,0,owner_retained_borrow_copy_read,std_raw_borrow,read,100000,30092,0.30092,2350000
46,1,copy_read_drop,own_shared,copy,100000,1101714,11.01714,2350000
46,2,async_queue_job_1_local_copies,std_shared,job,100,64070,640.7,2000
46,3,scene_4096_attachments,own_local,attachment,98304,168747,1.71658325195,98304
46,4,resource_lifecycle_64_assets_4096_objects,own_local,cycle,10,197490,19749,17203200
46,5,owner_retained_4096_draw_borrows,std_raw_borrow,frame,24,47002,1958.41666667,41287680
46,6,copy_read_drop,own_local,copy,100000,101348,1.01348,2350000
46,7,weak_lock_live,std_shared,lock,100000,1845643,18.45643,2350000
46,8,contended_copy_2_workers,own_shared,copy,200000,9121016,45.60508,4700000
46,9,resource_lifecycle_64_assets_4096_objects,std_shared,cycle,10,505679,50567.9,17203200
46,10,async_queue_job_1024_borrow_reads,std_shared_then_raw_borrow,job,100,126489,1264.89,2406400
46,11,owner_retained_borrow_parameter,own_local_view,call,100000,59964,0.59964,2350000
46,12,async_queue_job_64_local_copies,std_shared,job,100,336224,3362.24,150400
46,13,independent_owner_parameter,own_local,call,100000,115812,1.15812,2350000
46,14,async_queue_job_64_local_copies,own_local,job,100,88387,883.87,150400
46,15,group_setup_then_1024_copies,own_local,group,97,92543,954.051546392,2334208
46,16,group_setup_then_1_copies,own_local,group,100000,1379418,13.79418,2000000
46,17,owner_retained_borrow_copy_read,own_local_view,read,100000,30013,0.30013,2350000
46,18,async_queue_job_64_borrow_reads,own_shared_then_local_view,job,100,63368,633.68,150400
46,19,independent_owner_parameter,std_shared,call,100000,1641200,16.412,2350000
46,20,async_queue_job_1_borrow_reads,own_shared_then_local_view,job,100,72801,728.01,2000
46,21,create_read_destroy,std_shared,asset,100000,1248651,12.48651,65000400000
46,22,weak_lock_live,own_shared,lock,100000,1505340,15.0534,2350000
46,23,owner_retained_4096_parameter_borrows,own_local_view,frame,24,78380,3265.83333333,41287680
46,24,group_setup_then_8_copies,own_local,group,12500,274258,21.94064,2350000
46,25,async_queue_job_1_local_copies,own_local,job,100,71856,718.56,2000
46,26,owner_retained_4096_draw_borrows,own_local_view,frame,24,46973,1957.20833333,41287680
46,27,weak_lock_expired,std_shared,lock,100000,83539,0.83539,0
46,28,share_read_drop,own_shared,handoff,100000,1116256,11.16256,2350000
46,29,async_queue_job_64_borrow_reads,std_shared_then_raw_borrow,job,100,43319,433.19,150400
46,30,frame_4096_draws_64_unique_leases,std_shared,frame,24,91119,3796.625,41287680
46,31,independent_owner_parameter,own_shared,call,100000,1474118,14.74118,2350000
46,32,owner_retained_borrow_parameter,std_raw_borrow,call,100000,59954,0.59954,2350000
46,33,resettable_root_pin_1024_borrow_reads,std_shared_pin_raw_borrow,scope,97,31662,326.412371134,2334208
46,34,resettable_root_pin_1024_borrow_reads,own_shared_pin_local_view,scope,97,35992,371.051546392,2334208
46,35,async_queue_job_1024_local_copies,own_local,job,100,276226,2762.26,2406400
46,36,owner_retained_4096_parameter_borrows,std_raw_borrow,frame,24,78215,3258.95833333,41287680
46,37,weak_lock_expired,own_shared,lock,100000,77101,0.77101,0
46,38,contended_copy_2_workers,std_shared,copy,200000,11408597,57.042985,4700000
46,39,borrow_read,raw_borrow,read,100000,35083,0.35083,2350000
46,40,group_setup_then_64_copies,own_local,group,1562,113964,72.9603072983,2349248
46,41,async_queue_job_1_borrow_reads,std_shared_then_raw_borrow,job,100,39191,391.91,2000
46,42,async_queue_job_1024_borrow_reads,own_shared_then_local_view,job,100,192623,1926.23,2406400
46,43,localize_read_drop,own_local,group,100000,1282411,12.82411,2350000
46,44,group_setup_then_64_copies,std_shared,group,1562,1673584,1071.43661972,2349248
46,45,create_read_destroy,own_shared,asset,100000,1229814,12.29814,65000400000
46,46,group_setup_then_8_copies,std_shared,group,12500,1853016,148.24128,2350000
46,47,share_read_drop,std_shared,handoff,100000,1480283,14.80283,2350000
46,48,scene_4096_attachments,std_shared,attachment,98304,932677,9.48768107096,98304
46,49,localize_read_drop,std_shared,group,100000,1500810,15.0081,2350000
46,50,create_read_destroy,own_local,asset,100000,1629132,16.29132,65000400000
46,51,copy_read_drop,std_shared,copy,100000,1743566,17.43566,2350000
46,52,frame_4096_draws_64_unique_leases,own_shared,frame,24,94716,3946.5,41287680
46,53,group_setup_then_1_copies,std_shared,group,100000,3474413,34.74413,2000000
46,54,group_setup_then_1024_copies,std_shared,group,97,1705671,17584.2371134,2334208
46,55,async_queue_job_1024_local_copies,std_shared,job,100,2691334,26913.34,2406400
47,0,async_queue_job_64_local_copies,own_local,job,100,103599,1035.99,150400
47,1,frame_4096_draws_64_unique_leases,own_shared,frame,24,92905,3871.04166667,41287680
47,2,weak_lock_live,std_shared,lock,100000,1805996,18.05996,2350000
47,3,create_read_destroy,std_shared,asset,100000,1252753,12.52753,65000400000
47,4,independent_owner_parameter,std_shared,call,100000,1696397,16.96397,2350000
47,5,owner_retained_4096_draw_borrows,own_local_view,frame,24,51575,2148.95833333,41287680
47,6,async_queue_job_1024_borrow_reads,std_shared_then_raw_borrow,job,100,133001,1330.01,2406400
47,7,async_queue_job_1024_local_copies,std_shared,job,100,2607510,26075.1,2406400
47,8,async_queue_job_1_borrow_reads,std_shared_then_raw_borrow,job,100,55404,554.04,2000
47,9,async_queue_job_64_local_copies,std_shared,job,100,364066,3640.66,150400
47,10,group_setup_then_8_copies,std_shared,group,12500,1928782,154.30256,2350000
47,11,share_read_drop,own_shared,handoff,100000,1156470,11.5647,2350000
47,12,group_setup_then_1024_copies,std_shared,group,97,1649519,17005.3505155,2334208
47,13,async_queue_job_64_borrow_reads,std_shared_then_raw_borrow,job,100,99955,999.55,150400
47,14,share_read_drop,std_shared,handoff,100000,1545598,15.45598,2350000
47,15,owner_retained_borrow_copy_read,own_local_view,read,100000,30088,0.30088,2350000
47,16,resource_lifecycle_64_assets_4096_objects,own_local,cycle,10,202810,20281,17203200
47,17,group_setup_then_64_copies,own_local,group,1562,121473,77.7676056338,2349248
47,18,copy_read_drop,own_local,copy,100000,114623,1.14623,2350000
47,19,localize_read_drop,own_local,group,100000,1503667,15.03667,2350000
47,20,async_queue_job_1024_borrow_reads,own_shared_then_local_view,job,100,131182,1311.82,2406400
47,21,contended_copy_2_workers,std_shared,copy,200000,10170975,50.854875,4700000
47,22,resource_lifecycle_64_assets_4096_objects,std_shared,cycle,10,532849,53284.9,17203200
47,23,copy_read_drop,std_shared,copy,100000,1700177,17.00177,2350000
47,24,independent_owner_parameter,own_local,call,100000,115446,1.15446,2350000
47,25,frame_4096_draws_64_unique_leases,std_shared,frame,24,101102,4212.58333333,41287680
47,26,async_queue_job_1_borrow_reads,own_shared_then_local_view,job,100,56139,561.39,2000
47,27,owner_retained_borrow_copy_read,std_raw_borrow,read,100000,30162,0.30162,2350000
47,28,borrow_read,raw_borrow,read,100000,35220,0.3522,2350000
47,29,group_setup_then_8_copies,own_local,group,12500,224619,17.96952,2350000
47,30,owner_retained_4096_parameter_borrows,own_local_view,frame,24,76297,3179.04166667,41287680
47,31,resettable_root_pin_1024_borrow_reads,own_shared_pin_local_view,scope,97,31595,325.721649485,2334208
47,32,localize_read_drop,std_shared,group,100000,1519508,15.19508,2350000
47,33,scene_4096_attachments,std_shared,attachment,98304,984882,10.018737793,98304
47,34,weak_lock_live,own_shared,lock,100000,1499650,14.9965,2350000
47,35,group_setup_then_1_copies,std_shared,group,100000,3424004,34.24004,2000000
47,36,create_read_destroy,own_local,asset,100000,1565708,15.65708,65000400000
47,37,async_queue_job_1_local_copies,std_shared,job,100,74513,745.13,2000
47,38,group_setup_then_1024_copies,own_local,group,97,100447,1035.53608247,2334208
47,39,owner_retained_4096_parameter_borrows,std_raw_borrow,frame,24,78262,3260.91666667,41287680
47,40,async_queue_job_1024_local_copies,own_local,job,100,268074,2680.74,2406400
47,41,copy_read_drop,own_shared,copy,100000,1174822,11.74822,2350000
47,42,group_setup_then_64_copies,std_shared,group,1562,1719578,1100.8822023,2349248
47,43,owner_retained_borrow_parameter,std_raw_borrow,call,100000,76722,0.76722,2350000
47,44,async_queue_job_1_local_copies,own_local,job,100,65330,653.3,2000
47,45,owner_retained_4096_draw_borrows,std_raw_borrow,frame,24,47095,1962.29166667,41287680
47,46,owner_retained_borrow_parameter,own_local_view,call,100000,64235,0.64235,2350000
47,47,async_queue_job_64_borrow_reads,own_shared_then_local_view,job,100,54360,543.6,150400
47,48,group_setup_then_1_copies,own_local,group,100000,1412925,14.12925,2000000
47,49,weak_lock_expired,own_shared,lock,100000,84569,0.84569,0
47,50,create_read_destroy,own_shared,asset,100000,1300439,13.00439,65000400000
47,51,independent_owner_parameter,own_shared,call,100000,1540139,15.40139,2350000
47,52,scene_4096_attachments,own_local,attachment,98304,162524,1.6532796224,98304
47,53,weak_lock_expired,std_shared,lock,100000,96244,0.96244,0
47,54,contended_copy_2_workers,own_shared,copy,200000,8662313,43.311565,4700000
47,55,resettable_root_pin_1024_borrow_reads,std_shared_pin_raw_borrow,scope,97,35634,367.360824742,2334208
48,0,weak_lock_live,std_shared,lock,100000,1735466,17.35466,2350000
48,1,scene_4096_attachments,own_local,attachment,98304,143838,1.46319580078,98304
48,2,owner_retained_borrow_parameter,std_raw_borrow,call,100000,59944,0.59944,2350000
48,3,independent_owner_parameter,std_shared,call,100000,1692648,16.92648,2350000
48,4,async_queue_job_1_local_copies,std_shared,job,100,74593,745.93,2000
48,5,copy_read_drop,own_shared,copy,100000,1220350,12.2035,2350000
48,6,async_queue_job_64_borrow_reads,std_shared_then_raw_borrow,job,100,80372,803.72,150400
48,7,localize_read_drop,own_local,group,100000,1474405,14.74405,2350000
48,8,share_read_drop,own_shared,handoff,100000,1219080,12.1908,2350000
48,9,async_queue_job_1_borrow_reads,std_shared_then_raw_borrow,job,100,74505,745.05,2000
48,10,owner_retained_4096_draw_borrows,std_raw_borrow,frame,24,56103,2337.625,41287680
48,11,group_setup_then_8_copies,own_local,group,12500,263800,21.104,2350000
48,12,group_setup_then_64_copies,std_shared,group,1562,1735935,1111.35403329,2349248
48,13,group_setup_then_1024_copies,std_shared,group,97,1686722,17388.8865979,2334208
48,14,share_read_drop,std_shared,handoff,100000,1481246,14.81246,2350000
48,15,frame_4096_draws_64_unique_leases,own_shared,frame,24,94824,3951,41287680
48,16,async_queue_job_64_borrow_reads,own_shared_then_local_view,job,100,70810,708.1,150400
48,17,resource_lifecycle_64_assets_4096_objects,own_local,cycle,10,232248,23224.8,17203200
48,18,owner_retained_borrow_copy_read,own_local_view,read,100000,30216,0.30216,2350000
48,19,owner_retained_borrow_parameter,own_local_view,call,100000,64224,0.64224,2350000
48,20,create_read_destroy,std_shared,asset,100000,1364689,13.64689,65000400000
48,21,group_setup_then_64_copies,own_local,group,1562,117767,75.395006402,2349248
48,22,create_read_destroy,own_local,asset,100000,1589022,15.89022,65000400000
48,23,async_queue_job_1024_borrow_reads,own_shared_then_local_view,job,100,115596,1155.96,2406400
48,24,async_queue_job_1_borrow_reads,own_shared_then_local_view,job,100,52401,524.01,2000
48,25,independent_owner_parameter,own_local,call,100000,111923,1.11923,2350000
48,26,contended_copy_2_workers,own_shared,copy,200000,3855055,19.275275,4700000
48,27,contended_copy_2_workers,std_shared,copy,200000,15194975,75.974875,4700000
48,28,weak_lock_live,own_shared,lock,100000,1521311,15.21311,2350000
48,29,copy_read_drop,std_shared,copy,100000,1748793,17.48793,2350000
48,30,async_queue_job_1024_local_copies,std_shared,job,100,2901342,29013.42,2406400
48,31,owner_retained_4096_parameter_borrows,std_raw_borrow,frame,24,92073,3836.375,41287680
48,32,independent_owner_parameter,own_shared,call,100000,1466627,14.66627,2350000
48,33,async_queue_job_64_local_copies,std_shared,job,100,393427,3934.27,150400
48,34,resettable_root_pin_1024_borrow_reads,std_shared_pin_raw_borrow,scope,97,35697,368.010309278,2334208
48,35,async_queue_job_64_local_copies,own_local,job,100,65127,651.27,150400
48,36,borrow_read,raw_borrow,read,100000,39251,0.39251,2350000
48,37,async_queue_job_1024_local_copies,own_local,job,100,336431,3364.31,2406400
48,38,group_setup_then_1_copies,own_local,group,100000,1390193,13.90193,2000000
48,39,copy_read_drop,own_local,copy,100000,137517,1.37517,2350000
48,40,group_setup_then_8_copies,std_shared,group,12500,2095069,167.60552,2350000
48,41,owner_retained_4096_parameter_borrows,own_local_view,frame,24,84888,3537,41287680
48,42,group_setup_then_1_copies,std_shared,group,100000,3605954,36.05954,2000000
48,43,resettable_root_pin_1024_borrow_reads,own_shared_pin_local_view,scope,97,31285,322.525773196,2334208
48,44,localize_read_drop,std_shared,group,100000,1488642,14.88642,2350000
48,45,weak_lock_expired,own_shared,lock,100000,80469,0.80469,0
48,46,owner_retained_borrow_copy_read,std_raw_borrow,read,100000,46689,0.46689,2350000
48,47,scene_4096_attachments,std_shared,attachment,98304,1043359,10.6135965983,98304
48,48,owner_retained_4096_draw_borrows,own_local_view,frame,24,54777,2282.375,41287680
48,49,async_queue_job_1024_borrow_reads,std_shared_then_raw_borrow,job,100,153888,1538.88,2406400
48,50,create_read_destroy,own_shared,asset,100000,1287780,12.8778,65000400000
48,51,frame_4096_draws_64_unique_leases,std_shared,frame,24,91794,3824.75,41287680
48,52,weak_lock_expired,std_shared,lock,100000,85655,0.85655,0
48,53,group_setup_then_1024_copies,own_local,group,97,110298,1137.09278351,2334208
48,54,resource_lifecycle_64_assets_4096_objects,std_shared,cycle,10,554709,55470.9,17203200
48,55,async_queue_job_1_local_copies,own_local,job,100,56800,568,2000
49,0,contended_copy_2_workers,own_shared,copy,200000,11449154,57.24577,4700000
49,1,weak_lock_expired,own_shared,lock,100000,87224,0.87224,0
49,2,copy_read_drop,std_shared,copy,100000,1747076,17.47076,2350000
49,3,weak_lock_live,std_shared,lock,100000,1719205,17.19205,2350000
49,4,owner_retained_borrow_parameter,std_raw_borrow,call,100000,67595,0.67595,2350000
49,5,resettable_root_pin_1024_borrow_reads,own_shared_pin_local_view,scope,97,35149,362.360824742,2334208
49,6,owner_retained_borrow_copy_read,own_local_view,read,100000,30657,0.30657,2350000
49,7,resource_lifecycle_64_assets_4096_objects,std_shared,cycle,10,525292,52529.2,17203200
49,8,group_setup_then_1_copies,std_shared,group,100000,3452305,34.52305,2000000
49,9,async_queue_job_64_borrow_reads,own_shared_then_local_view,job,100,81097,810.97,150400
49,10,share_read_drop,own_shared,handoff,100000,1223077,12.23077,2350000
49,11,independent_owner_parameter,std_shared,call,100000,1728487,17.28487,2350000
49,12,resettable_root_pin_1024_borrow_reads,std_shared_pin_raw_borrow,scope,97,36249,373.701030928,2334208
49,13,group_setup_then_8_copies,own_local,group,12500,263233,21.05864,2350000
49,14,create_read_destroy,own_shared,asset,100000,1311489,13.11489,65000400000
49,15,owner_retained_4096_parameter_borrows,std_raw_borrow,frame,24,86277,3594.875,41287680
49,16,resource_lifecycle_64_assets_4096_objects,own_local,cycle,10,211327,21132.7,17203200
49,17,copy_read_drop,own_shared,copy,100000,1135513,11.35513,2350000
49,18,async_queue_job_1_local_copies,std_shared,job,100,90410,904.1,2000
49,19,async_queue_job_64_local_copies,own_local,job,100,62828,628.28,150400
49,20,frame_4096_draws_64_unique_leases,own_shared,frame,24,89622,3734.25,41287680
49,21,owner_retained_4096_draw_borrows,own_local_view,frame,24,48008,2000.33333333,41287680
49,22,weak_lock_expired,std_shared,lock,100000,85745,0.85745,0
49,23,localize_read_drop,own_local,group,100000,1306892,13.06892,2350000
49,24,group_setup_then_1_copies,own_local,group,100000,1471800,14.718,2000000
49,25,copy_read_drop,own_local,copy,100000,111792,1.11792,2350000
49,26,group_setup_then_8_copies,std_shared,group,12500,2142943,171.43544,2350000
49,27,async_queue_job_1_borrow_reads,std_shared_then_raw_borrow,job,100,50556,505.56,2000
49,28,async_queue_job_64_borrow_reads,std_shared_then_raw_borrow,job,100,63025,630.25,150400
49,29,group_setup_then_1024_copies,std_shared,group,97,1854912,19122.8041237,2334208
49,30,async_queue_job_64_local_copies,std_shared,job,100,232392,2323.92,150400
49,31,group_setup_then_1024_copies,own_local,group,97,88977,917.288659794,2334208
49,32,async_queue_job_1_local_copies,own_local,job,100,66367,663.67,2000
49,33,group_setup_then_64_copies,std_shared,group,1562,1697516,1086.75800256,2349248
49,34,async_queue_job_1024_local_copies,own_local,job,100,284941,2849.41,2406400
49,35,create_read_destroy,own_local,asset,100000,1627503,16.27503,65000400000
49,36,weak_lock_live,own_shared,lock,100000,1616244,16.16244,2350000
49,37,owner_retained_4096_draw_borrows,std_raw_borrow,frame,24,60062,2502.58333333,41287680
49,38,borrow_read,raw_borrow,read,100000,35013,0.35013,2350000
49,39,independent_owner_parameter,own_local,call,100000,125542,1.25542,2350000
49,40,scene_4096_attachments,std_shared,attachment,98304,998859,10.1609191895,98304
49,41,async_queue_job_1024_borrow_reads,own_shared_then_local_view,job,100,142549,1425.49,2406400
49,42,independent_owner_parameter,own_shared,call,100000,1489331,14.89331,2350000
49,43,group_setup_then_64_copies,own_local,group,1562,113133,72.4282970551,2349248
49,44,share_read_drop,std_shared,handoff,100000,1473157,14.73157,2350000
49,45,owner_retained_borrow_parameter,own_local_view,call,100000,66465,0.66465,2350000
49,46,scene_4096_attachments,own_local,attachment,98304,153001,1.5564066569,98304
49,47,contended_copy_2_workers,std_shared,copy,200000,13083941,65.419705,4700000
49,48,async_queue_job_1024_local_copies,std_shared,job,100,2453391,24533.91,2406400
49,49,async_queue_job_1_borrow_reads,own_shared_then_local_view,job,100,137206,1372.06,2000
49,50,frame_4096_draws_64_unique_leases,std_shared,frame,24,87218,3634.08333333,41287680
49,51,create_read_destroy,std_shared,asset,100000,1198623,11.98623,65000400000
49,52,owner_retained_4096_parameter_borrows,own_local_view,frame,24,78164,3256.83333333,41287680
49,53,async_queue_job_1024_borrow_reads,std_shared_then_raw_borrow,job,100,355509,3555.09,2406400
49,54,localize_read_drop,std_shared,group,100000,1503096,15.03096,2350000
49,55,owner_retained_borrow_copy_read,std_raw_borrow,read,100000,30152,0.30152,2350000
50,0,frame_4096_draws_64_unique_leases,std_shared,frame,24,88527,3688.625,41287680
50,1,resettable_root_pin_1024_borrow_reads,own_shared_pin_local_view,scope,97,31346,323.154639175,2334208
50,2,share_read_drop,std_shared,handoff,100000,1473564,14.73564,2350000
50,3,resource_lifecycle_64_assets_4096_objects,own_local,cycle,10,196971,19697.1,17203200
50,4,owner_retained_borrow_parameter,own_local_view,call,100000,64161,0.64161,2350000
50,5,async_queue_job_1_local_copies,own_local,job,100,127990,1279.9,2000
50,6,async_queue_job_64_local_copies,own_local,job,100,135993,1359.93,150400
50,7,async_queue_job_64_local_copies,std_shared,job,100,449127,4491.27,150400
50,8,async_queue_job_1024_local_copies,std_shared,job,100,2506852,25068.52,2406400
50,9,weak_lock_expired,std_shared,lock,100000,85635,0.85635,0
50,10,copy_read_drop,own_local,copy,100000,101480,1.0148,2350000
50,11,async_queue_job_64_borrow_reads,own_shared_then_local_view,job,100,124438,1244.38,150400
50,12,group_setup_then_8_copies,own_local,group,12500,259983,20.79864,2350000
50,13,weak_lock_live,std_shared,lock,100000,1836740,18.3674,2350000
50,14,async_queue_job_1_local_copies,std_shared,job,100,116241,1162.41,2000
50,15,owner_retained_4096_parameter_borrows,own_local_view,frame,24,82634,3443.08333333,41287680
50,16,create_read_destroy,own_shared,asset,100000,1370012,13.70012,65000400000
50,17,contended_copy_2_workers,std_shared,copy,200000,12542277,62.711385,4700000
50,18,group_setup_then_1_copies,std_shared,group,100000,3482254,34.82254,2000000
50,19,independent_owner_parameter,own_shared,call,100000,1583890,15.8389,2350000
50,20,resettable_root_pin_1024_borrow_reads,std_shared_pin_raw_borrow,scope,97,35837,369.453608247,2334208
50,21,async_queue_job_1024_borrow_reads,own_shared_then_local_view,job,100,264169,2641.69,2406400
50,22,group_setup_then_8_copies,std_shared,group,12500,1966363,157.30904,2350000
50,23,weak_lock_expired,own_shared,lock,100000,83591,0.83591,0
50,24,share_read_drop,own_shared,handoff,100000,1180386,11.80386,2350000
50,25,owner_retained_4096_parameter_borrows,std_raw_borrow,frame,24,81835,3409.79166667,41287680
50,26,scene_4096_attachments,std_shared,attachment,98304,1003288,10.2059733073,98304
50,27,resource_lifecycle_64_assets_4096_objects,std_shared,cycle,10,543939,54393.9,17203200
50,28,borrow_read,raw_borrow,read,100000,36423,0.36423,2350000
50,29,contended_copy_2_workers,own_shared,copy,200000,8768222,43.84111,4700000
50,30,group_setup_then_1024_copies,std_shared,group,97,1640876,16916.2474227,2334208
50,31,independent_owner_parameter,std_shared,call,100000,1648047,16.48047,2350000
50,32,owner_retained_borrow_parameter,std_raw_borrow,call,100000,61677,0.61677,2350000
50,33,localize_read_drop,own_local,group,100000,1298892,12.98892,2350000
50,34,frame_4096_draws_64_unique_leases,own_shared,frame,24,107503,4479.29166667,41287680
50,35,copy_read_drop,own_shared,copy,100000,1144392,11.44392,2350000
50,36,owner_retained_4096_draw_borrows,own_local_view,frame,24,47500,1979.16666667,41287680
50,37,async_queue_job_1_borrow_reads,own_shared_then_local_view,job,100,103653,1036.53,2000
50,38,owner_retained_4096_draw_borrows,std_raw_borrow,frame,24,51671,2152.95833333,41287680
50,39,create_read_destroy,own_local,asset,100000,1653705,16.53705,65000400000
50,40,group_setup_then_1_copies,own_local,group,100000,1402560,14.0256,2000000
50,41,group_setup_then_64_copies,own_local,group,1562,110936,71.0217669654,2349248
50,42,owner_retained_borrow_copy_read,std_raw_borrow,read,100000,30046,0.30046,2350000
50,43,create_read_destroy,std_shared,asset,100000,1325107,13.25107,65000400000
50,44,localize_read_drop,std_shared,group,100000,1533996,15.33996,2350000
50,45,group_setup_then_64_copies,std_shared,group,1562,1715902,1098.52880922,2349248
50,46,weak_lock_live,own_shared,lock,100000,1532997,15.32997,2350000
50,47,scene_4096_attachments,own_local,attachment,98304,143217,1.45687866211,98304
50,48,copy_read_drop,std_shared,copy,100000,1715065,17.15065,2350000
50,49,async_queue_job_1024_local_copies,own_local,job,100,507188,5071.88,2406400
50,50,async_queue_job_64_borrow_reads,std_shared_then_raw_borrow,job,100,69311,693.11,150400
50,51,async_queue_job_1024_borrow_reads,std_shared_then_raw_borrow,job,100,213966,2139.66,2406400
50,52,owner_retained_borrow_copy_read,own_local_view,read,100000,30214,0.30214,2350000
50,53,group_setup_then_1024_copies,own_local,group,97,94195,971.082474227,2334208
50,54,independent_owner_parameter,own_local,call,100000,119394,1.19394,2350000
50,55,async_queue_job_1_borrow_reads,std_shared_then_raw_borrow,job,100,94731,947.31,2000
51,0,group_setup_then_64_copies,own_local,group,1562,127118,81.3815620999,2349248
51,1,resource_lifecycle_64_assets_4096_objects,own_local,cycle,10,214522,21452.2,17203200
51,2,contended_copy_2_workers,std_shared,copy,200000,11546374,57.73187,4700000
51,3,group_setup_then_1_copies,own_local,group,100000,1383294,13.83294,2000000
51,4,owner_retained_borrow_copy_read,own_local_view,read,100000,30050,0.3005,2350000
51,5,create_read_destroy,own_local,asset,100000,1531189,15.31189,65000400000
51,6,contended_copy_2_workers,own_shared,copy,200000,8157760,40.7888,4700000
51,7,share_read_drop,own_shared,handoff,100000,1217135,12.17135,2350000
51,8,owner_retained_borrow_copy_read,std_raw_borrow,read,100000,30489,0.30489,2350000
51,9,group_setup_then_1_copies,std_shared,group,100000,3826862,38.26862,2000000
51,10,owner_retained_4096_draw_borrows,std_raw_borrow,frame,24,50065,2086.04166667,41287680
51,11,owner_retained_borrow_parameter,std_raw_borrow,call,100000,84025,0.84025,2350000
51,12,owner_retained_4096_parameter_borrows,std_raw_borrow,frame,24,82156,3423.16666667,41287680
51,13,async_queue_job_64_local_copies,own_local,job,100,140907,1409.07,150400
51,14,group_setup_then_8_copies,std_shared,group,12500,1902467,152.19736,2350000
51,15,independent_owner_parameter,own_shared,call,100000,1466075,14.66075,2350000
51,16,share_read_drop,std_shared,handoff,100000,1512690,15.1269,2350000
51,17,borrow_read,raw_borrow,read,100000,36150,0.3615,2350000
51,18,async_queue_job_64_borrow_reads,std_shared_then_raw_borrow,job,100,103380,1033.8,150400
51,19,copy_read_drop,own_local,copy,100000,117654,1.17654,2350000
51,20,weak_lock_expired,std_shared,lock,100000,107704,1.07704,0
51,21,owner_retained_4096_parameter_borrows,own_local_view,frame,24,84131,3505.45833333,41287680
51,22,weak_lock_live,own_shared,lock,100000,1646621,16.46621,2350000
51,23,scene_4096_attachments,std_shared,attachment,98304,1109212,11.2834879557,98304
51,24,owner_retained_4096_draw_borrows,own_local_view,frame,24,64691,2695.45833333,41287680
51,25,localize_read_drop,std_shared,group,100000,1655225,16.55225,2350000
51,26,group_setup_then_1024_copies,own_local,group,97,96349,993.288659794,2334208
51,27,independent_owner_parameter,own_local,call,100000,115696,1.15696,2350000
51,28,localize_read_drop,own_local,group,100000,1358234,13.58234,2350000
51,29,async_queue_job_1_local_copies,own_local,job,100,146171,1461.71,2000
51,30,async_queue_job_1_borrow_reads,std_shared_then_raw_borrow,job,100,77706,777.06,2000
51,31,resource_lifecycle_64_assets_4096_objects,std_shared,cycle,10,538048,53804.8,17203200
51,32,async_queue_job_1_borrow_reads,own_shared_then_local_view,job,100,93002,930.02,2000
51,33,async_queue_job_1_local_copies,std_shared,job,100,74375,743.75,2000
51,34,resettable_root_pin_1024_borrow_reads,own_shared_pin_local_view,scope,97,31368,323.381443299,2334208
51,35,weak_lock_live,std_shared,lock,100000,1715646,17.15646,2350000
51,36,create_read_destroy,std_shared,asset,100000,1307495,13.07495,65000400000
51,37,scene_4096_attachments,own_local,attachment,98304,169254,1.72174072266,98304
51,38,group_setup_then_64_copies,std_shared,group,1562,1678651,1074.68053777,2349248
51,39,group_setup_then_8_copies,own_local,group,12500,223842,17.90736,2350000
51,40,independent_owner_parameter,std_shared,call,100000,1665646,16.65646,2350000
51,41,copy_read_drop,own_shared,copy,100000,1164547,11.64547,2350000
51,42,async_queue_job_64_local_copies,std_shared,job,100,511644,5116.44,150400
51,43,async_queue_job_64_borrow_reads,own_shared_then_local_view,job,100,87488,874.88,150400
51,44,group_setup_then_1024_copies,std_shared,group,97,1645934,16968.3917526,2334208
51,45,async_queue_job_1024_local_copies,std_shared,job,100,2866405,28664.05,2406400
51,46,owner_retained_borrow_parameter,own_local_view,call,100000,60000,0.6,2350000
51,47,resettable_root_pin_1024_borrow_reads,std_shared_pin_raw_borrow,scope,97,31687,326.670103093,2334208
51,48,frame_4096_draws_64_unique_leases,std_shared,frame,24,87733,3655.54166667,41287680
51,49,create_read_destroy,own_shared,asset,100000,1307125,13.07125,65000400000
51,50,async_queue_job_1024_borrow_reads,std_shared_then_raw_borrow,job,100,135672,1356.72,2406400
51,51,async_queue_job_1024_borrow_reads,own_shared_then_local_view,job,100,129815,1298.15,2406400
51,52,frame_4096_draws_64_unique_leases,own_shared,frame,24,101429,4226.20833333,41287680
51,53,copy_read_drop,std_shared,copy,100000,1691835,16.91835,2350000
51,54,weak_lock_expired,own_shared,lock,100000,92330,0.9233,0
51,55,async_queue_job_1024_local_copies,own_local,job,100,274389,2743.89,2406400
52,0,independent_owner_parameter,std_shared,call,100000,1671609,16.71609,2350000
52,1,owner_retained_borrow_copy_read,own_local_view,read,100000,31151,0.31151,2350000
52,2,create_read_destroy,std_shared,asset,100000,1291650,12.9165,65000400000
52,3,owner_retained_borrow_parameter,std_raw_borrow,call,100000,65327,0.65327,2350000
52,4,resettable_root_pin_1024_borrow_reads,own_shared_pin_local_view,scope,97,35242,363.319587629,2334208
52,5,group_setup_then_1024_copies,std_shared,group,97,1651536,17026.1443299,2334208
52,6,group_setup_then_64_copies,std_shared,group,1562,1714639,1097.72023047,2349248
52,7,async_queue_job_1_borrow_reads,std_shared_then_raw_borrow,job,100,439618,4396.18,2000
52,8,resource_lifecycle_64_assets_4096_objects,own_local,cycle,10,215694,21569.4,17203200
52,9,async_queue_job_1024_local_copies,std_shared,job,100,2478470,24784.7,2406400
52,10,contended_copy_2_workers,own_shared,copy,200000,10608775,53.043875,4700000
52,11,independent_owner_parameter,own_shared,call,100000,1621645,16.21645,2350000
52,12,copy_read_drop,own_shared,copy,100000,1225531,12.25531,2350000
52,13,scene_4096_attachments,std_shared,attachment,98304,1031889,10.4969177246,98304
52,14,group_setup_then_1024_copies,own_local,group,97,91474,943.030927835,2334208
52,15,group_setup_then_64_copies,own_local,group,1562,124569,79.7496798976,2349248
52,16,share_read_drop,own_shared,handoff,100000,1130354,11.30354,2350000
52,17,async_queue_job_1_borrow_reads,own_shared_then_local_view,job,100,51843,518.43,2000
52,18,async_queue_job_64_borrow_reads,own_shared_then_local_view,job,100,61954,619.54,150400
52,19,create_read_destroy,own_local,asset,100000,1523316,15.23316,65000400000
52,20,localize_read_drop,own_local,group,100000,1290980,12.9098,2350000
52,21,owner_retained_borrow_parameter,own_local_view,call,100000,64450,0.6445,2350000
52,22,share_read_drop,std_shared,handoff,100000,1461273,14.61273,2350000
52,23,owner_retained_4096_draw_borrows,own_local_view,frame,24,49489,2062.04166667,41287680
52,24,owner_retained_borrow_copy_read,std_raw_borrow,read,100000,46078,0.46078,2350000
52,25,localize_read_drop,std_shared,group,100000,1501468,15.01468,2350000
52,26,async_queue_job_1024_local_copies,own_local,job,100,276918,2769.18,2406400
52,27,scene_4096_attachments,own_local,attachment,98304,148201,1.5075785319,98304
52,28,resource_lifecycle_64_assets_4096_objects,std_shared,cycle,10,549105,54910.5,17203200
52,29,frame_4096_draws_64_unique_leases,own_shared,frame,24,90012,3750.5,41287680
52,30,contended_copy_2_workers,std_shared,copy,200000,12719649,63.598245,4700000
52,31,async_queue_job_1024_borrow_reads,own_shared_then_local_view,job,100,152138,1521.38,2406400
52,32,group_setup_then_1_copies,std_shared,group,100000,3706054,37.06054,2000000
52,33,weak_lock_expired,own_shared,lock,100000,94696,0.94696,0
52,34,async_queue_job_64_local_copies,own_local,job,100,78789,787.89,150400
52,35,borrow_read,raw_borrow,read,100000,42748,0.42748,2350000
52,36,frame_4096_draws_64_unique_leases,std_shared,frame,24,95126,3963.58333333,41287680
52,37,weak_lock_live,std_shared,lock,100000,1794522,17.94522,2350000
52,38,owner_retained_4096_parameter_borrows,own_local_view,frame,24,78287,3261.95833333,41287680
52,39,async_queue_job_1024_borrow_reads,std_shared_then_raw_borrow,job,100,143136,1431.36,2406400
52,40,group_setup_then_8_copies,std_shared,group,12500,1863187,149.05496,2350000
52,41,async_queue_job_64_borrow_reads,std_shared_then_raw_borrow,job,100,59584,595.84,150400
52,42,weak_lock_live,own_shared,lock,100000,1527184,15.27184,2350000
52,43,copy_read_drop,std_shared,copy,100000,1680326,16.80326,2350000
52,44,copy_read_drop,own_local,copy,100000,101579,1.01579,2350000
52,45,owner_retained_4096_draw_borrows,std_raw_borrow,frame,24,54395,2266.45833333,41287680
52,46,owner_retained_4096_parameter_borrows,std_raw_borrow,frame,24,82488,3437,41287680
52,47,group_setup_then_8_copies,own_local,group,12500,288151,23.05208,2350000
52,48,weak_lock_expired,std_shared,lock,100000,106797,1.06797,0
52,49,create_read_destroy,own_shared,asset,100000,1432674,14.32674,65000400000
52,50,async_queue_job_1_local_copies,own_local,job,100,64959,649.59,2000
52,51,async_queue_job_1_local_copies,std_shared,job,100,65616,656.16,2000
52,52,group_setup_then_1_copies,own_local,group,100000,1505960,15.0596,2000000
52,53,independent_owner_parameter,own_local,call,100000,125024,1.25024,2350000
52,54,async_queue_job_64_local_copies,std_shared,job,100,251950,2519.5,150400
52,55,resettable_root_pin_1024_borrow_reads,std_shared_pin_raw_borrow,scope,97,35538,366.371134021,2334208
53,0,resource_lifecycle_64_assets_4096_objects,own_local,cycle,10,198705,19870.5,17203200
53,1,copy_read_drop,std_shared,copy,100000,1692772,16.92772,2350000
53,2,frame_4096_draws_64_unique_leases,own_shared,frame,24,89230,3717.91666667,41287680
53,3,async_queue_job_1024_local_copies,own_local,job,100,274463,2744.63,2406400
53,4,borrow_read,raw_borrow,read,100000,37168,0.37168,2350000
53,5,weak_lock_expired,std_shared,lock,100000,85621,0.85621,0
53,6,async_queue_job_1024_local_copies,std_shared,job,100,2447927,24479.27,2406400
53,7,owner_retained_borrow_parameter,std_raw_borrow,call,100000,67863,0.67863,2350000
53,8,localize_read_drop,own_local,group,100000,1310561,13.10561,2350000
53,9,share_read_drop,own_shared,handoff,100000,1143552,11.43552,2350000
53,10,create_read_destroy,own_local,asset,100000,1524792,15.24792,65000400000
53,11,contended_copy_2_workers,std_shared,copy,200000,11208518,56.04259,4700000
53,12,weak_lock_expired,own_shared,lock,100000,85969,0.85969,0
53,13,group_setup_then_8_copies,std_shared,group,12500,2111653,168.93224,2350000
53,14,weak_lock_live,own_shared,lock,100000,1605840,16.0584,2350000
53,15,group_setup_then_8_copies,own_local,group,12500,255218,20.41744,2350000
53,16,owner_retained_4096_draw_borrows,std_raw_borrow,frame,24,53404,2225.16666667,41287680
53,17,async_queue_job_64_local_copies,std_shared,job,100,265183,2651.83,150400
53,18,contended_copy_2_workers,own_shared,copy,200000,11140312,55.70156,4700000
53,19,owner_retained_borrow_copy_read,std_raw_borrow,read,100000,33589,0.33589,2350000
53,20,async_queue_job_1024_borrow_reads,own_shared_then_local_view,job,100,123645,1236.45,2406400
53,21,independent_owner_parameter,own_shared,call,100000,1676384,16.76384,2350000
53,22,share_read_drop,std_shared,handoff,100000,1583401,15.83401,2350000
53,23,async_queue_job_64_local_copies,own_local,job,100,75593,755.93,150400
53,24,copy_read_drop,own_shared,copy,100000,1185838,11.85838,2350000
53,25,independent_owner_parameter,own_local,call,100000,136224,1.36224,2350000
53,26,async_queue_job_1_local_copies,own_local,job,100,58575,585.75,2000
53,27,resettable_root_pin_1024_borrow_reads,own_shared_pin_local_view,scope,97,31272,322.391752577,2334208
53,28,group_setup_then_1024_copies,own_local,group,97,91344,941.690721649,2334208
53,29,owner_retained_4096_draw_borrows,own_local_view,frame,24,48853,2035.54166667,41287680
53,30,async_queue_job_1_borrow_reads,own_shared_then_local_view,job,100,56216,562.16,2000
53,31,owner_retained_4096_parameter_borrows,own_local_view,frame,24,76993,3208.04166667,41287680
53,32,create_read_destroy,own_shared,asset,100000,1243475,12.43475,65000400000
53,33,weak_lock_live,std_shared,lock,100000,1696448,16.96448,2350000
53,34,create_read_destroy,std_shared,asset,100000,1324746,13.24746,65000400000
53,35,group_setup_then_64_copies,std_shared,group,1562,1727837,1106.16965429,2349248
53,36,independent_owner_parameter,std_shared,call,100000,1649058,16.49058,2350000
53,37,resource_lifecycle_64_assets_4096_objects,std_shared,cycle,10,512944,51294.4,17203200
53,38,owner_retained_4096_parameter_borrows,std_raw_borrow,frame,24,80562,3356.75,41287680
53,39,group_setup_then_64_copies,own_local,group,1562,138815,88.8700384123,2349248
53,40,group_setup_then_1_copies,std_shared,group,100000,3324983,33.24983,2000000
53,41,owner_retained_borrow_parameter,own_local_view,call,100000,60000,0.6,2350000
53,42,copy_read_drop,own_local,copy,100000,104240,1.0424,2350000
53,43,async_queue_job_1_borrow_reads,std_shared_then_raw_borrow,job,100,73117,731.17,2000
53,44,resettable_root_pin_1024_borrow_reads,std_shared_pin_raw_borrow,scope,97,34476,355.422680412,2334208
53,45,scene_4096_attachments,std_shared,attachment,98304,1153442,11.7334187826,98304
53,46,async_queue_job_1024_borrow_reads,std_shared_then_raw_borrow,job,100,146509,1465.09,2406400
53,47,scene_4096_attachments,own_local,attachment,98304,158630,1.61366780599,98304
53,48,async_queue_job_64_borrow_reads,std_shared_then_raw_borrow,job,100,56057,560.57,150400
53,49,frame_4096_draws_64_unique_leases,std_shared,frame,24,111514,4646.41666667,41287680
53,50,localize_read_drop,std_shared,group,100000,1643546,16.43546,2350000
53,51,group_setup_then_1_copies,own_local,group,100000,1457304,14.57304,2000000
53,52,async_queue_job_1_local_copies,std_shared,job,100,87035,870.35,2000
53,53,async_queue_job_64_borrow_reads,own_shared_then_local_view,job,100,50036,500.36,150400
53,54,owner_retained_borrow_copy_read,own_local_view,read,100000,36316,0.36316,2350000
53,55,group_setup_then_1024_copies,std_shared,group,97,1648606,16995.9381443,2334208
54,0,async_queue_job_1_borrow_reads,own_shared_then_local_view,job,100,67362,673.62,2000
54,1,async_queue_job_1_local_copies,std_shared,job,100,59537,595.37,2000
54,2,weak_lock_live,own_shared,lock,100000,1502929,15.02929,2350000
54,3,localize_read_drop,own_local,group,100000,1317098,13.17098,2350000
54,4,contended_copy_2_workers,std_shared,copy,200000,4820617,24.103085,4700000
54,5,group_setup_then_1_copies,own_local,group,100000,1400224,14.00224,2000000
54,6,copy_read_drop,own_local,copy,100000,105131,1.05131,2350000
54,7,borrow_read,raw_borrow,read,100000,37948,0.37948,2350000
54,8,frame_4096_draws_64_unique_leases,own_shared,frame,24,94111,3921.29166667,41287680
54,9,group_setup_then_1024_copies,std_shared,group,97,1870457,19283.0618557,2334208
54,10,localize_read_drop,std_shared,group,100000,1613557,16.13557,2350000
54,11,async_queue_job_1024_local_copies,own_local,job,100,287415,2874.15,2406400
54,12,copy_read_drop,own_shared,copy,100000,1157157,11.57157,2350000
54,13,weak_lock_live,std_shared,lock,100000,1702250,17.0225,2350000
54,14,independent_owner_parameter,own_shared,call,100000,1456066,14.56066,2350000
54,15,async_queue_job_64_borrow_reads,own_shared_then_local_view,job,100,81745,817.45,150400
54,16,group_setup_then_8_copies,std_shared,group,12500,1940737,155.25896,2350000
54,17,async_queue_job_64_borrow_reads,std_shared_then_raw_borrow,job,100,68294,682.94,150400
54,18,owner_retained_4096_parameter_borrows,own_local_view,frame,24,77458,3227.41666667,41287680
54,19,resettable_root_pin_1024_borrow_reads,own_shared_pin_local_view,scope,97,31531,325.06185567,2334208
54,20,contended_copy_2_workers,own_shared,copy,200000,10547593,52.737965,4700000
54,21,group_setup_then_64_copies,own_local,group,1562,132024,84.5224071703,2349248
54,22,create_read_destroy,std_shared,asset,100000,1392836,13.92836,65000400000
54,23,resettable_root_pin_1024_borrow_reads,std_shared_pin_raw_borrow,scope,97,34853,359.309278351,2334208
54,24,create_read_destroy,own_shared,asset,100000,1372043,13.72043,65000400000
54,25,copy_read_drop,std_shared,copy,100000,1975061,19.75061,2350000
54,26,resource_lifecycle_64_assets_4096_objects,own_local,cycle,10,236532,23653.2,17203200
54,27,independent_owner_parameter,own_local,call,100000,139026,1.39026,2350000
54,28,async_queue_job_1024_borrow_reads,std_shared_then_raw_borrow,job,100,167493,1674.93,2406400
54,29,weak_lock_expired,own_shared,lock,100000,85966,0.85966,0
54,30,owner_retained_4096_draw_borrows,own_local_view,frame,24,52134,2172.25,41287680
54,31,weak_lock_expired,std_shared,lock,100000,111930,1.1193,0
54,32,resource_lifecycle_64_assets_4096_objects,std_shared,cycle,10,548108,54810.8,17203200
54,33,async_queue_job_64_local_copies,std_shared,job,100,251082,2510.82,150400
54,34,owner_retained_borrow_parameter,std_raw_borrow,call,100000,64987,0.64987,2350000
54,35,async_queue_job_1024_local_copies,std_shared,job,100,2519065,25190.65,2406400
54,36,group_setup_then_8_copies,own_local,group,12500,252002,20.16016,2350000
54,37,async_queue_job_1_borrow_reads,std_shared_then_raw_borrow,job,100,57354,573.54,2000
54,38,share_read_drop,own_shared,handoff,100000,1124241,11.24241,2350000
54,39,group_setup_then_1024_copies,own_local,group,97,88530,912.680412371,2334208
54,40,independent_owner_parameter,std_shared,call,100000,1690522,16.90522,2350000
54,41,frame_4096_draws_64_unique_leases,std_shared,frame,24,85737,3572.375,41287680
54,42,share_read_drop,std_shared,handoff,100000,1485072,14.85072,2350000
54,43,scene_4096_attachments,std_shared,attachment,98304,944912,9.61214192708,98304
54,44,async_queue_job_1_local_copies,own_local,job,100,71296,712.96,2000
54,45,async_queue_job_64_local_copies,own_local,job,100,66662,666.62,150400
54,46,owner_retained_4096_parameter_borrows,std_raw_borrow,frame,24,80737,3364.04166667,41287680
54,47,owner_retained_4096_draw_borrows,std_raw_borrow,frame,24,46799,1949.95833333,41287680
54,48,owner_retained_borrow_copy_read,own_local_view,read,100000,33209,0.33209,2350000
54,49,async_queue_job_1024_borrow_reads,own_shared_then_local_view,job,100,121943,1219.43,2406400
54,50,owner_retained_borrow_parameter,own_local_view,call,100000,68382,0.68382,2350000
54,51,group_setup_then_1_copies,std_shared,group,100000,3376393,33.76393,2000000
54,52,owner_retained_borrow_copy_read,std_raw_borrow,read,100000,30068,0.30068,2350000
54,53,group_setup_then_64_copies,std_shared,group,1562,1694280,1084.68629962,2349248
54,54,create_read_destroy,own_local,asset,100000,1506616,15.06616,65000400000
54,55,scene_4096_attachments,own_local,attachment,98304,144621,1.47116088867,98304
55,0,owner_retained_4096_draw_borrows,own_local_view,frame,24,47186,1966.08333333,41287680
55,1,resource_lifecycle_64_assets_4096_objects,own_local,cycle,10,187098,18709.8,17203200
55,2,async_queue_job_64_borrow_reads,std_shared_then_raw_borrow,job,100,71468,714.68,150400
55,3,weak_lock_expired,own_shared,lock,100000,81954,0.81954,0
55,4,create_read_destroy,own_shared,asset,100000,1276920,12.7692,65000400000
55,5,async_queue_job_1024_local_copies,own_local,job,100,270172,2701.72,2406400
55,6,contended_copy_2_workers,std_shared,copy,200000,11049835,55.249175,4700000
55,7,share_read_drop,own_shared,handoff,100000,1280314,12.80314,2350000
55,8,copy_read_drop,std_shared,copy,100000,1857312,18.57312,2350000
55,9,group_setup_then_1_copies,own_local,group,100000,1549089,15.49089,2000000
55,10,scene_4096_attachments,own_local,attachment,98304,160977,1.63754272461,98304
55,11,async_queue_job_1_local_copies,own_local,job,100,54225,542.25,2000
55,12,borrow_read,raw_borrow,read,100000,42562,0.42562,2350000
55,13,owner_retained_borrow_parameter,std_raw_borrow,call,100000,71435,0.71435,2350000
55,14,resource_lifecycle_64_assets_4096_objects,std_shared,cycle,10,579900,57990,17203200
55,15,async_queue_job_1_borrow_reads,std_shared_then_raw_borrow,job,100,60468,604.68,2000
55,16,async_queue_job_1024_local_copies,std_shared,job,100,2551280,25512.8,2406400
55,17,weak_lock_live,std_shared,lock,100000,1725961,17.25961,2350000
55,18,owner_retained_4096_draw_borrows,std_raw_borrow,frame,24,47301,1970.875,41287680
55,19,independent_owner_parameter,std_shared,call,100000,1657210,16.5721,2350000
55,20,async_queue_job_1024_borrow_reads,std_shared_then_raw_borrow,job,100,121068,1210.68,2406400
55,21,group_setup_then_64_copies,std_shared,group,1562,1683874,1078.02432778,2349248
55,22,owner_retained_4096_parameter_borrows,std_raw_borrow,frame,24,88374,3682.25,41287680
55,23,resettable_root_pin_1024_borrow_reads,std_shared_pin_raw_borrow,scope,97,31827,328.113402062,2334208
55,24,share_read_drop,std_shared,handoff,100000,1460398,14.60398,2350000
55,25,group_setup_then_1024_copies,std_shared,group,97,1655263,17064.5670103,2334208
55,26,contended_copy_2_workers,own_shared,copy,200000,9883912,49.41956,4700000
55,27,frame_4096_draws_64_unique_leases,own_shared,frame,24,96424,4017.66666667,41287680
55,28,owner_retained_borrow_copy_read,own_local_view,read,100000,34060,0.3406,2350000
55,29,owner_retained_4096_parameter_borrows,own_local_view,frame,24,104919,4371.625,41287680
55,30,group_setup_then_1_copies,std_shared,group,100000,3747553,37.47553,2000000
55,31,resettable_root_pin_1024_borrow_reads,own_shared_pin_local_view,scope,97,34910,359.896907216,2334208
55,32,create_read_destroy,own_local,asset,100000,1660723,16.60723,65000400000
55,33,group_setup_then_8_copies,own_local,group,12500,289092,23.12736,2350000
55,34,independent_owner_parameter,own_local,call,100000,128703,1.28703,2350000
55,35,group_setup_then_64_copies,own_local,group,1562,129515,82.9161331626,2349248
55,36,localize_read_drop,own_local,group,100000,1400364,14.00364,2350000
55,37,async_queue_job_1024_borrow_reads,own_shared_then_local_view,job,100,141491,1414.91,2406400
55,38,scene_4096_attachments,std_shared,attachment,98304,948153,9.64511108398,98304
55,39,group_setup_then_1024_copies,own_local,group,97,91049,938.649484536,2334208
55,40,copy_read_drop,own_local,copy,100000,117247,1.17247,2350000
55,41,create_read_destroy,std_shared,asset,100000,1421925,14.21925,65000400000
55,42,weak_lock_expired,std_shared,lock,100000,90438,0.90438,0
55,43,async_queue_job_64_borrow_reads,own_shared_then_local_view,job,100,51968,519.68,150400
55,44,weak_lock_live,own_shared,lock,100000,1640711,16.40711,2350000
55,45,owner_retained_borrow_parameter,own_local_view,call,100000,65171,0.65171,2350000
55,46,owner_retained_borrow_copy_read,std_raw_borrow,read,100000,32631,0.32631,2350000
55,47,copy_read_drop,own_shared,copy,100000,1203502,12.03502,2350000
55,48,async_queue_job_64_local_copies,std_shared,job,100,295898,2958.98,150400
55,49,async_queue_job_1_local_copies,std_shared,job,100,53441,534.41,2000
55,50,independent_owner_parameter,own_shared,call,100000,1479296,14.79296,2350000
55,51,async_queue_job_64_local_copies,own_local,job,100,77051,770.51,150400
55,52,frame_4096_draws_64_unique_leases,std_shared,frame,24,85124,3546.83333333,41287680
55,53,async_queue_job_1_borrow_reads,own_shared_then_local_view,job,100,52253,522.53,2000
55,54,group_setup_then_8_copies,std_shared,group,12500,1901379,152.11032,2350000
55,55,localize_read_drop,std_shared,group,100000,1524742,15.24742,2350000
56,0,weak_lock_expired,std_shared,lock,100000,88573,0.88573,0
56,1,resource_lifecycle_64_assets_4096_objects,std_shared,cycle,10,516077,51607.7,17203200
56,2,async_queue_job_64_borrow_reads,own_shared_then_local_view,job,100,67420,674.2,150400
56,3,owner_retained_4096_draw_borrows,std_raw_borrow,frame,24,48007,2000.29166667,41287680
56,4,group_setup_then_1024_copies,own_local,group,97,91265,940.87628866,2334208
56,5,contended_copy_2_workers,std_shared,copy,200000,14599289,72.996445,4700000
56,6,resource_lifecycle_64_assets_4096_objects,own_local,cycle,10,231368,23136.8,17203200
56,7,owner_retained_borrow_parameter,std_raw_borrow,call,100000,78879,0.78879,2350000
56,8,frame_4096_draws_64_unique_leases,std_shared,frame,24,102104,4254.33333333,41287680
56,9,owner_retained_4096_parameter_borrows,own_local_view,frame,24,114273,4761.375,41287680
56,10,resettable_root_pin_1024_borrow_reads,own_shared_pin_local_view,scope,97,38806,400.06185567,2334208
56,11,group_setup_then_64_copies,std_shared,group,1562,1918126,1227.99359795,2349248
56,12,frame_4096_draws_64_unique_leases,own_shared,frame,24,108880,4536.66666667,41287680
56,13,resettable_root_pin_1024_borrow_reads,std_shared_pin_raw_borrow,scope,97,31541,325.164948454,2334208
56,14,create_read_destroy,std_shared,asset,100000,1299298,12.99298,65000400000
56,15,async_queue_job_1024_local_copies,own_local,job,100,315858,3158.58,2406400
56,16,contended_copy_2_workers,own_shared,copy,200000,10719711,53.598555,4700000
56,17,independent_owner_parameter,own_local,call,100000,130016,1.30016,2350000
56,18,group_setup_then_1_copies,std_shared,group,100000,3707495,37.07495,2000000
56,19,group_setup_then_64_copies,own_local,group,1562,122545,78.4539052497,2349248
56,20,async_queue_job_1024_local_copies,std_shared,job,100,2577670,25776.7,2406400
56,21,async_queue_job_64_local_copies,own_local,job,100,54333,543.33,150400
56,22,share_read_drop,own_shared,handoff,100000,1125620,11.2562,2350000
56,23,group_setup_then_8_copies,own_local,group,12500,231024,18.48192,2350000
56,24,async_queue_job_64_borrow_reads,std_shared_then_raw_borrow,job,100,65072,650.72,150400
56,25,async_queue_job_1_borrow_reads,own_shared_then_local_view,job,100,55941,559.41,2000
56,26,async_queue_job_1_local_copies,own_local,job,100,56152,561.52,2000
56,27,group_setup_then_1024_copies,std_shared,group,97,1711500,17644.3298969,2334208
56,28,create_read_destroy,own_local,asset,100000,1578781,15.78781,65000400000
56,29,owner_retained_borrow_copy_read,std_raw_borrow,read,100000,34521,0.34521,2350000
56,30,copy_read_drop,own_local,copy,100000,114588,1.14588,2350000
56,31,group_setup_then_1_copies,own_local,group,100000,1553346,15.53346,2000000
56,32,async_queue_job_1_borrow_reads,std_shared_then_raw_borrow,job,100,53980,539.8,2000
56,33,async_queue_job_64_local_copies,std_shared,job,100,232154,2321.54,150400
56,34,share_read_drop,std_shared,handoff,100000,1612578,16.12578,2350000
56,35,owner_retained_borrow_copy_read,own_local_view,read,100000,32534,0.32534,2350000
56,36,localize_read_drop,own_local,group,100000,1348683,13.48683,2350000
56,37,async_queue_job_1024_borrow_reads,own_shared_then_local_view,job,100,171951,1719.51,2406400
56,38,borrow_read,raw_borrow,read,100000,46227,0.46227,2350000
56,39,copy_read_drop,std_shared,copy,100000,1653973,16.53973,2350000
56,40,async_queue_job_1024_borrow_reads,std_shared_then_raw_borrow,job,100,137316,1373.16,2406400
56,41,owner_retained_borrow_parameter,own_local_view,call,100000,72367,0.72367,2350000
56,42,scene_4096_attachments,own_local,attachment,98304,145021,1.47522989909,98304
56,43,create_read_destroy,own_shared,asset,100000,1200788,12.00788,65000400000
56,44,scene_4096_attachments,std_shared,attachment,98304,973500,9.90295410156,98304
56,45,owner_retained_4096_parameter_borrows,std_raw_borrow,frame,24,76735,3197.29166667,41287680
56,46,async_queue_job_1_local_copies,std_shared,job,100,68334,683.34,2000
56,47,group_setup_then_8_copies,std_shared,group,12500,2076326,166.10608,2350000
56,48,weak_lock_live,own_shared,lock,100000,1674010,16.7401,2350000
56,49,weak_lock_live,std_shared,lock,100000,1799250,17.9925,2350000
56,50,independent_owner_parameter,std_shared,call,100000,1752165,17.52165,2350000
56,51,weak_lock_expired,own_shared,lock,100000,77182,0.77182,0
56,52,independent_owner_parameter,own_shared,call,100000,1492229,14.92229,2350000
56,53,owner_retained_4096_draw_borrows,own_local_view,frame,24,48374,2015.58333333,41287680
56,54,copy_read_drop,own_shared,copy,100000,1146271,11.46271,2350000
56,55,localize_read_drop,std_shared,group,100000,1592401,15.92401,2350000
57,0,owner_retained_borrow_parameter,std_raw_borrow,call,100000,68391,0.68391,2350000
57,1,async_queue_job_64_borrow_reads,std_shared_then_raw_borrow,job,100,74271,742.71,150400
57,2,group_setup_then_1024_copies,std_shared,group,97,1696474,17489.4226804,2334208
57,3,localize_read_drop,own_local,group,100000,1323566,13.23566,2350000
57,4,async_queue_job_1_local_copies,own_local,job,100,45265,452.65,2000
57,5,group_setup_then_8_copies,own_local,group,12500,260930,20.8744,2350000
57,6,group_setup_then_1_copies,own_local,group,100000,1442971,14.42971,2000000
57,7,create_read_destroy,own_local,asset,100000,1552231,15.52231,65000400000
57,8,async_queue_job_1024_borrow_reads,std_shared_then_raw_borrow,job,100,155344,1553.44,2406400
57,9,independent_owner_parameter,std_shared,call,100000,1736072,17.36072,2350000
57,10,resource_lifecycle_64_assets_4096_objects,std_shared,cycle,10,547454,54745.4,17203200
57,11,group_setup_then_8_copies,std_shared,group,12500,1893337,151.46696,2350000
57,12,weak_lock_live,std_shared,lock,100000,1748509,17.48509,2350000
57,13,localize_read_drop,std_shared,group,100000,1545816,15.45816,2350000
57,14,copy_read_drop,std_shared,copy,100000,1732659,17.32659,2350000
57,15,contended_copy_2_workers,std_shared,copy,200000,11927640,59.6382,4700000
57,16,owner_retained_4096_draw_borrows,own_local_view,frame,24,61787,2574.45833333,41287680
57,17,independent_owner_parameter,own_local,call,100000,159592,1.59592,2350000
57,18,group_setup_then_1024_copies,own_local,group,97,103234,1064.26804124,2334208
57,19,group_setup_then_1_copies,std_shared,group,100000,3817971,38.17971,2000000
57,20,async_queue_job_1_local_copies,std_shared,job,100,82764,827.64,2000
57,21,weak_lock_expired,std_shared,lock,100000,92845,0.92845,0
57,22,owner_retained_borrow_copy_read,own_local_view,read,100000,32650,0.3265,2350000
57,23,create_read_destroy,own_shared,asset,100000,1375206,13.75206,65000400000
57,24,weak_lock_live,own_shared,lock,100000,1536029,15.36029,2350000
57,25,contended_copy_2_workers,own_shared,copy,200000,11132466,55.66233,4700000
57,26,resource_lifecycle_64_assets_4096_objects,own_local,cycle,10,214320,21432,17203200
57,27,weak_lock_expired,own_shared,lock,100000,86011,0.86011,0
57,28,share_read_drop,std_shared,handoff,100000,1673974,16.73974,2350000
57,29,owner_retained_borrow_parameter,own_local_view,call,100000,68842,0.68842,2350000
57,30,copy_read_drop,own_shared,copy,100000,1226871,12.26871,2350000
57,31,owner_retained_borrow_copy_read,std_raw_borrow,read,100000,33574,0.33574,2350000
57,32,frame_4096_draws_64_unique_leases,std_shared,frame,24,96925,4038.54166667,41287680
57,33,independent_owner_parameter,own_shared,call,100000,1607942,16.07942,2350000
57,34,create_read_destroy,std_shared,asset,100000,1365984,13.65984,65000400000
57,35,frame_4096_draws_64_unique_leases,own_shared,frame,24,95469,3977.875,41287680
57,36,async_queue_job_1024_local_copies,std_shared,job,100,2467046,24670.46,2406400
57,37,owner_retained_4096_parameter_borrows,own_local_view,frame,24,77982,3249.25,41287680
57,38,scene_4096_attachments,own_local,attachment,98304,143886,1.46368408203,98304
57,39,async_queue_job_64_local_copies,own_local,job,100,58957,589.57,150400
57,40,resettable_root_pin_1024_borrow_reads,std_shared_pin_raw_borrow,scope,97,56404,581.484536082,2334208
57,41,owner_retained_4096_parameter_borrows,std_raw_borrow,frame,24,80977,3374.04166667,41287680
57,42,group_setup_then_64_copies,own_local,group,1562,114642,73.3943661972,2349248
57,43,group_setup_then_64_copies,std_shared,group,1562,1680003,1075.54609475,2349248
57,44,copy_read_drop,own_local,copy,100000,101888,1.01888,2350000
57,45,resettable_root_pin_1024_borrow_reads,own_shared_pin_local_view,scope,97,34125,351.804123711,2334208
57,46,share_read_drop,own_shared,handoff,100000,1194920,11.9492,2350000
57,47,async_queue_job_64_borrow_reads,own_shared_then_local_view,job,100,83958,839.58,150400
57,48,borrow_read,raw_borrow,read,100000,38023,0.38023,2350000
57,49,async_queue_job_1_borrow_reads,own_shared_then_local_view,job,100,60124,601.24,2000
57,50,async_queue_job_1024_borrow_reads,own_shared_then_local_view,job,100,142177,1421.77,2406400
57,51,async_queue_job_64_local_copies,std_shared,job,100,249817,2498.17,150400
57,52,owner_retained_4096_draw_borrows,std_raw_borrow,frame,24,58529,2438.70833333,41287680
57,53,async_queue_job_1024_local_copies,own_local,job,100,327382,3273.82,2406400
57,54,async_queue_job_1_borrow_reads,std_shared_then_raw_borrow,job,100,64801,648.01,2000
57,55,scene_4096_attachments,std_shared,attachment,98304,1026687,10.4440002441,98304
58,0,async_queue_job_64_local_copies,own_local,job,100,60982,609.82,150400
58,1,async_queue_job_64_borrow_reads,std_shared_then_raw_borrow,job,100,51898,518.98,150400
58,2,owner_retained_4096_draw_borrows,std_raw_borrow,frame,24,56660,2360.83333333,41287680
58,3,resettable_root_pin_1024_borrow_reads,own_shared_pin_local_view,scope,97,33777,348.216494845,2334208
58,4,resettable_root_pin_1024_borrow_reads,std_shared_pin_raw_borrow,scope,97,34677,357.494845361,2334208
58,5,weak_lock_live,own_shared,lock,100000,1521018,15.21018,2350000
58,6,copy_read_drop,std_shared,copy,100000,1691690,16.9169,2350000
58,7,async_queue_job_1_local_copies,std_shared,job,100,61989,619.89,2000
58,8,owner_retained_borrow_parameter,std_raw_borrow,call,100000,60048,0.60048,2350000
58,9,scene_4096_attachments,own_local,attachment,98304,143381,1.45854695638,98304
58,10,group_setup_then_8_copies,own_local,group,12500,249577,19.96616,2350000
58,11,create_read_destroy,std_shared,asset,100000,1234145,12.34145,65000400000
58,12,async_queue_job_1024_borrow_reads,own_shared_then_local_view,job,100,130635,1306.35,2406400
58,13,owner_retained_4096_parameter_borrows,std_raw_borrow,frame,24,76073,3169.70833333,41287680
58,14,async_queue_job_64_local_copies,std_shared,job,100,210037,2100.37,150400
58,15,create_read_destroy,own_local,asset,100000,1496965,14.96965,65000400000
58,16,contended_copy_2_workers,std_shared,copy,200000,13504743,67.523715,4700000
58,17,localize_read_drop,std_shared,group,100000,1657004,16.57004,2350000
58,18,owner_retained_4096_draw_borrows,own_local_view,frame,24,52798,2199.91666667,41287680
58,19,create_read_destroy,own_shared,asset,100000,1406991,14.06991,65000400000
58,20,frame_4096_draws_64_unique_leases,own_shared,frame,24,96388,4016.16666667,41287680
58,21,async_queue_job_1_borrow_reads,own_shared_then_local_view,job,100,88980,889.8,2000
58,22,group_setup_then_1024_copies,own_local,group,97,99175,1022.42268041,2334208
58,23,group_setup_then_1_copies,own_local,group,100000,1505029,15.05029,2000000
58,24,resource_lifecycle_64_assets_4096_objects,std_shared,cycle,10,560368,56036.8,17203200
58,25,async_queue_job_1_borrow_reads,std_shared_then_raw_borrow,job,100,63076,630.76,2000
58,26,group_setup_then_8_copies,std_shared,group,12500,1988904,159.11232,2350000
58,27,weak_lock_live,std_shared,lock,100000,1675786,16.75786,2350000
58,28,group_setup_then_1024_copies,std_shared,group,97,1658510,17098.0412371,2334208
58,29,copy_read_drop,own_local,copy,100000,101367,1.01367,2350000
58,30,independent_owner_parameter,own_shared,call,100000,1582233,15.82233,2350000
58,31,owner_retained_borrow_copy_read,own_local_view,read,100000,32608,0.32608,2350000
58,32,async_queue_job_1024_local_copies,std_shared,job,100,2657162,26571.62,2406400
58,33,async_queue_job_1_local_copies,own_local,job,100,165217,1652.17,2000
58,34,group_setup_then_64_copies,own_local,group,1562,117423,75.1747759283,2349248
58,35,weak_lock_expired,own_shared,lock,100000,84672,0.84672,0
58,36,copy_read_drop,own_shared,copy,100000,1130196,11.30196,2350000
58,37,frame_4096_draws_64_unique_leases,std_shared,frame,24,85681,3570.04166667,41287680
58,38,async_queue_job_1024_borrow_reads,std_shared_then_raw_borrow,job,100,142910,1429.1,2406400
58,39,async_queue_job_1024_local_copies,own_local,job,100,232221,2322.21,2406400
58,40,owner_retained_4096_parameter_borrows,own_local_view,frame,24,88182,3674.25,41287680
58,41,async_queue_job_64_borrow_reads,own_shared_then_local_view,job,100,56242,562.42,150400
58,42,localize_read_drop,own_local,group,100000,1293316,12.93316,2350000
58,43,borrow_read,raw_borrow,read,100000,35579,0.35579,2350000
58,44,owner_retained_borrow_parameter,own_local_view,call,100000,59934,0.59934,2350000
58,45,independent_owner_parameter,std_shared,call,100000,1648768,16.48768,2350000
58,46,resource_lifecycle_64_assets_4096_objects,own_local,cycle,10,189932,18993.2,17203200
58,47,owner_retained_borrow_copy_read,std_raw_borrow,read,100000,29996,0.29996,2350000
58,48,scene_4096_attachments,std_shared,attachment,98304,983906,10.0088094076,98304
58,49,share_read_drop,own_shared,handoff,100000,1138042,11.38042,2350000
58,50,independent_owner_parameter,own_local,call,100000,115288,1.15288,2350000
58,51,group_setup_then_64_copies,std_shared,group,1562,1669226,1068.64660691,2349248
58,52,weak_lock_expired,std_shared,lock,100000,85651,0.85651,0
58,53,group_setup_then_1_copies,std_shared,group,100000,3314554,33.14554,2000000
58,54,share_read_drop,std_shared,handoff,100000,1481038,14.81038,2350000
58,55,contended_copy_2_workers,own_shared,copy,200000,10510559,52.552795,4700000
59,0,group_setup_then_1024_copies,std_shared,group,97,1644705,16955.7216495,2334208
59,1,frame_4096_draws_64_unique_leases,std_shared,frame,24,85621,3567.54166667,41287680
59,2,owner_retained_borrow_parameter,std_raw_borrow,call,100000,60095,0.60095,2350000
59,3,contended_copy_2_workers,std_shared,copy,200000,12618310,63.09155,4700000
59,4,resettable_root_pin_1024_borrow_reads,std_shared_pin_raw_borrow,scope,97,32732,337.443298969,2334208
59,5,resource_lifecycle_64_assets_4096_objects,std_shared,cycle,10,507281,50728.1,17203200
59,6,async_queue_job_64_borrow_reads,std_shared_then_raw_borrow,job,100,53715,537.15,150400
59,7,create_read_destroy,std_shared,asset,100000,1231820,12.3182,65000400000
59,8,async_queue_job_64_borrow_reads,own_shared_then_local_view,job,100,93216,932.16,150400
59,9,group_setup_then_64_copies,own_local,group,1562,122041,78.1312419974,2349248
59,10,localize_read_drop,own_local,group,100000,1269682,12.69682,2350000
59,11,scene_4096_attachments,std_shared,attachment,98304,959370,9.75921630859,98304
59,12,owner_retained_borrow_copy_read,own_local_view,read,100000,30103,0.30103,2350000
59,13,copy_read_drop,own_local,copy,100000,112296,1.12296,2350000
59,14,async_queue_job_64_local_copies,own_local,job,100,69125,691.25,150400
59,15,group_setup_then_8_copies,std_shared,group,12500,2021809,161.74472,2350000
59,16,weak_lock_live,std_shared,lock,100000,1849941,18.49941,2350000
59,17,async_queue_job_1_local_copies,own_local,job,100,74197,741.97,2000
59,18,create_read_destroy,own_local,asset,100000,1530772,15.30772,65000400000
59,19,async_queue_job_1_local_copies,std_shared,job,100,387296,3872.96,2000
59,20,owner_retained_4096_parameter_borrows,std_raw_borrow,frame,24,78179,3257.45833333,41287680
59,21,async_queue_job_1024_local_copies,own_local,job,100,258811,2588.11,2406400
59,22,async_queue_job_64_local_copies,std_shared,job,100,304574,3045.74,150400
59,23,owner_retained_borrow_parameter,own_local_view,call,100000,64261,0.64261,2350000
59,24,async_queue_job_1024_borrow_reads,std_shared_then_raw_borrow,job,100,137151,1371.51,2406400
59,25,frame_4096_draws_64_unique_leases,own_shared,frame,24,88431,3684.625,41287680
59,26,group_setup_then_1_copies,std_shared,group,100000,3322035,33.22035,2000000
59,27,weak_lock_expired,std_shared,lock,100000,85531,0.85531,0
59,28,weak_lock_expired,own_shared,lock,100000,77361,0.77361,0
59,29,async_queue_job_1024_local_copies,std_shared,job,100,2451274,24512.74,2406400
59,30,async_queue_job_1024_borrow_reads,own_shared_then_local_view,job,100,92215,922.15,2406400
59,31,independent_owner_parameter,own_shared,call,100000,1447149,14.47149,2350000
59,32,async_queue_job_1_borrow_reads,std_shared_then_raw_borrow,job,100,48172,481.72,2000
59,33,resettable_root_pin_1024_borrow_reads,own_shared_pin_local_view,scope,97,31216,321.81443299,2334208
59,34,owner_retained_borrow_copy_read,std_raw_borrow,read,100000,30670,0.3067,2350000
59,35,group_setup_then_1024_copies,own_local,group,97,91320,941.443298969,2334208
59,36,owner_retained_4096_parameter_borrows,own_local_view,frame,24,77326,3221.91666667,41287680
59,37,owner_retained_4096_draw_borrows,std_raw_borrow,frame,24,47003,1958.45833333,41287680
59,38,async_queue_job_1_borrow_reads,own_shared_then_local_view,job,100,55478,554.78,2000
59,39,borrow_read,raw_borrow,read,100000,35121,0.35121,2350000
59,40,copy_read_drop,std_shared,copy,100000,1683423,16.83423,2350000
59,41,share_read_drop,own_shared,handoff,100000,1109059,11.09059,2350000
59,42,group_setup_then_8_copies,own_local,group,12500,222043,17.76344,2350000
59,43,independent_owner_parameter,std_shared,call,100000,1654194,16.54194,2350000
59,44,weak_lock_live,own_shared,lock,100000,1490404,14.90404,2350000
59,45,create_read_destroy,own_shared,asset,100000,1204641,12.04641,65000400000
59,46,contended_copy_2_workers,own_shared,copy,200000,6463946,32.31973,4700000
59,47,scene_4096_attachments,own_local,attachment,98304,149102,1.51674397786,98304
59,48,independent_owner_parameter,own_local,call,100000,115311,1.15311,2350000
59,49,owner_retained_4096_draw_borrows,own_local_view,frame,24,47806,1991.91666667,41287680
59,50,group_setup_then_1_copies,own_local,group,100000,1355901,13.55901,2000000
59,51,localize_read_drop,std_shared,group,100000,1500096,15.00096,2350000
59,52,copy_read_drop,own_shared,copy,100000,1105519,11.05519,2350000
59,53,resource_lifecycle_64_assets_4096_objects,own_local,cycle,10,193219,19321.9,17203200
59,54,group_setup_then_64_copies,std_shared,group,1562,1676833,1073.51664533,2349248
59,55,share_read_drop,std_shared,handoff,100000,1479129,14.79129,2350000
60,0,async_queue_job_1024_borrow_reads,own_shared_then_local_view,job,100,95152,951.52,2406400
60,1,borrow_read,raw_borrow,read,100000,64107,0.64107,2350000
60,2,copy_read_drop,own_shared,copy,100000,1101433,11.01433,2350000
60,3,create_read_destroy,std_shared,asset,100000,1243357,12.43357,65000400000
60,4,resettable_root_pin_1024_borrow_reads,std_shared_pin_raw_borrow,scope,97,31695,326.75257732,2334208
60,5,frame_4096_draws_64_unique_leases,own_shared,frame,24,85200,3550,41287680
60,6,group_setup_then_1024_copies,own_local,group,97,101523,1046.62886598,2334208
60,7,owner_retained_4096_draw_borrows,own_local_view,frame,24,46919,1954.95833333,41287680
60,8,contended_copy_2_workers,std_shared,copy,200000,9007942,45.03971,4700000
60,9,async_queue_job_1_local_copies,std_shared,job,100,77063,770.63,2000
60,10,async_queue_job_64_borrow_reads,std_shared_then_raw_borrow,job,100,57520,575.2,150400
60,11,owner_retained_borrow_copy_read,std_raw_borrow,read,100000,30103,0.30103,2350000
60,12,owner_retained_4096_parameter_borrows,own_local_view,frame,24,76319,3179.95833333,41287680
60,13,group_setup_then_8_copies,std_shared,group,12500,1854356,148.34848,2350000
60,14,independent_owner_parameter,std_shared,call,100000,1673047,16.73047,2350000
60,15,owner_retained_4096_draw_borrows,std_raw_borrow,frame,24,47919,1996.625,41287680
60,16,resource_lifecycle_64_assets_4096_objects,std_shared,cycle,10,517578,51757.8,17203200
60,17,create_read_destroy,own_local,asset,100000,1422836,14.22836,65000400000
60,18,share_read_drop,std_shared,handoff,100000,1477836,14.77836,2350000
60,19,scene_4096_attachments,std_shared,attachment,98304,938982,9.55181884766,98304
60,20,async_queue_job_1_local_copies,own_local,job,100,88036,880.36,2000
60,21,share_read_drop,own_shared,handoff,100000,1128441,11.28441,2350000
60,22,weak_lock_expired,own_shared,lock,100000,77020,0.7702,0
60,23,weak_lock_expired,std_shared,lock,100000,85599,0.85599,0
60,24,group_setup_then_64_copies,std_shared,group,1562,1680875,1076.10435339,2349248
60,25,group_setup_then_1_copies,own_local,group,100000,1365839,13.65839,2000000
60,26,owner_retained_borrow_copy_read,own_local_view,read,100000,30047,0.30047,2350000
60,27,async_queue_job_64_borrow_reads,own_shared_then_local_view,job,100,77968,779.68,150400
60,28,frame_4096_draws_64_unique_leases,std_shared,frame,24,84657,3527.375,41287680
60,29,resettable_root_pin_1024_borrow_reads,own_shared_pin_local_view,scope,97,31213,321.783505155,2334208
60,30,owner_retained_borrow_parameter,std_raw_borrow,call,100000,59975,0.59975,2350000
60,31,scene_4096_attachments,own_local,attachment,98304,142764,1.45227050781,98304
60,32,async_queue_job_64_local_copies,own_local,job,100,67570,675.7,150400
60,33,async_queue_job_1_borrow_reads,std_shared_then_raw_borrow,job,100,52018,520.18,2000
60,34,weak_lock_live,std_shared,lock,100000,1679380,16.7938,2350000
60,35,weak_lock_live,own_shared,lock,100000,1508669,15.08669,2350000
60,36,group_setup_then_1024_copies,std_shared,group,97,1628089,16784.4226804,2334208
60,37,owner_retained_4096_parameter_borrows,std_raw_borrow,frame,24,76485,3186.875,41287680
60,38,async_queue_job_1024_local_copies,std_shared,job,100,2467239,24672.39,2406400
60,39,group_setup_then_8_copies,own_local,group,12500,223497,17.87976,2350000
60,40,async_queue_job_1_borrow_reads,own_shared_then_local_view,job,100,52717,527.17,2000
60,41,copy_read_drop,own_local,copy,100000,101827,1.01827,2350000
60,42,async_queue_job_1024_borrow_reads,std_shared_then_raw_borrow,job,100,141936,1419.36,2406400
60,43,resource_lifecycle_64_assets_4096_objects,own_local,cycle,10,206343,20634.3,17203200
60,44,contended_copy_2_workers,own_shared,copy,200000,10132722,50.66361,4700000
60,45,async_queue_job_1024_local_copies,own_local,job,100,326735,3267.35,2406400
60,46,group_setup_then_64_copies,own_local,group,1562,184544,118.145966709,2349248
60,47,localize_read_drop,own_local,group,100000,1364203,13.64203,2350000
60,48,copy_read_drop,std_shared,copy,100000,1665042,16.65042,2350000
60,49,owner_retained_borrow_parameter,own_local_view,call,100000,82576,0.82576,2350000
60,50,localize_read_drop,std_shared,group,100000,1549612,15.49612,2350000
60,51,group_setup_then_1_copies,std_shared,group,100000,3382561,33.82561,2000000
60,52,create_read_destroy,own_shared,asset,100000,1223341,12.23341,65000400000
60,53,async_queue_job_64_local_copies,std_shared,job,100,335697,3356.97,150400
60,54,independent_owner_parameter,own_local,call,100000,115726,1.15726,2350000
60,55,independent_owner_parameter,own_shared,call,100000,1467222,14.67222,2350000
61,0,resettable_root_pin_1024_borrow_reads,std_shared_pin_raw_borrow,scope,97,31954,329.422680412,2334208
61,1,owner_retained_borrow_parameter,own_local_view,call,100000,63314,0.63314,2350000
61,2,frame_4096_draws_64_unique_leases,own_shared,frame,24,104553,4356.375,41287680
61,3,async_queue_job_64_borrow_reads,std_shared_then_raw_borrow,job,100,58780,587.8,150400
61,4,group_setup_then_8_copies,own_local,group,12500,223562,17.88496,2350000
61,5,weak_lock_live,std_shared,lock,100000,1737318,17.37318,2350000
61,6,owner_retained_borrow_copy_read,std_raw_borrow,read,100000,30187,0.30187,2350000
61,7,contended_copy_2_workers,own_shared,copy,200000,10171654,50.85827,4700000
61,8,group_setup_then_1_copies,std_shared,group,100000,3363821,33.63821,2000000
61,9,async_queue_job_64_local_copies,own_local,job,100,134032,1340.32,150400
61,10,async_queue_job_1_borrow_reads,own_shared_then_local_view,job,100,73501,735.01,2000
61,11,localize_read_drop,own_local,group,100000,1287205,12.87205,2350000
61,12,async_queue_job_64_borrow_reads,own_shared_then_local_view,job,100,70308,703.08,150400
61,13,copy_read_drop,std_shared,copy,100000,1656839,16.56839,2350000
61,14,create_read_destroy,own_shared,asset,100000,1272288,12.72288,65000400000
61,15,owner_retained_4096_draw_borrows,own_local_view,frame,24,48670,2027.91666667,41287680
61,16,independent_owner_parameter,own_shared,call,100000,1451317,14.51317,2350000
61,17,independent_owner_parameter,std_shared,call,100000,1659401,16.59401,2350000
61,18,weak_lock_live,own_shared,lock,100000,1495498,14.95498,2350000
61,19,weak_lock_expired,own_shared,lock,100000,77308,0.77308,0
61,20,group_setup_then_64_copies,std_shared,group,1562,1675903,1072.9212548,2349248
61,21,async_queue_job_1_borrow_reads,std_shared_then_raw_borrow,job,100,55317,553.17,2000
61,22,resource_lifecycle_64_assets_4096_objects,own_local,cycle,10,195627,19562.7,17203200
61,23,owner_retained_4096_parameter_borrows,std_raw_borrow,frame,24,79294,3303.91666667,41287680
61,24,group_setup_then_64_copies,own_local,group,1562,124094,79.4455825864,2349248
61,25,owner_retained_4096_parameter_borrows,own_local_view,frame,24,76054,3168.91666667,41287680
61,26,independent_owner_parameter,own_local,call,100000,115804,1.15804,2350000
61,27,async_queue_job_1_local_copies,std_shared,job,100,76131,761.31,2000
61,28,share_read_drop,own_shared,handoff,100000,1130334,11.30334,2350000
61,29,group_setup_then_1024_copies,std_shared,group,97,1638552,16892.2886598,2334208
61,30,scene_4096_attachments,own_local,attachment,98304,145858,1.48374430339,98304
61,31,contended_copy_2_workers,std_shared,copy,200000,13885740,69.4287,4700000
61,32,owner_retained_borrow_parameter,std_raw_borrow,call,100000,64338,0.64338,2350000
61,33,async_queue_job_1024_local_copies,own_local,job,100,333667,3336.67,2406400
61,34,resettable_root_pin_1024_borrow_reads,own_shared_pin_local_view,scope,97,31381,323.515463918,2334208
61,35,async_queue_job_1024_borrow_reads,std_shared_then_raw_borrow,job,100,140180,1401.8,2406400
61,36,create_read_destroy,std_shared,asset,100000,1462983,14.62983,65000400000
61,37,copy_read_drop,own_local,copy,100000,103222,1.03222,2350000
61,38,scene_4096_attachments,std_shared,attachment,98304,1022216,10.3985188802,98304
61,39,async_queue_job_1024_local_copies,std_shared,job,100,2497208,24972.08,2406400
61,40,share_read_drop,std_shared,handoff,100000,1532873,15.32873,2350000
61,41,group_setup_then_1_copies,own_local,group,100000,1385365,13.85365,2000000
61,42,owner_retained_4096_draw_borrows,std_raw_borrow,frame,24,49179,2049.125,41287680
61,43,copy_read_drop,own_shared,copy,100000,1110032,11.10032,2350000
61,44,async_queue_job_1_local_copies,own_local,job,100,67395,673.95,2000
61,45,frame_4096_draws_64_unique_leases,std_shared,frame,24,100140,4172.5,41287680
61,46,group_setup_then_8_copies,std_shared,group,12500,1869498,149.55984,2350000
61,47,async_queue_job_1024_borrow_reads,own_shared_then_local_view,job,100,114360,1143.6,2406400
61,48,borrow_read,raw_borrow,read,100000,36080,0.3608,2350000
61,49,create_read_destroy,own_local,asset,100000,1696868,16.96868,65000400000
61,50,async_queue_job_64_local_copies,std_shared,job,100,340196,3401.96,150400
61,51,weak_lock_expired,std_shared,lock,100000,83633,0.83633,0
61,52,localize_read_drop,std_shared,group,100000,1477227,14.77227,2350000
61,53,owner_retained_borrow_copy_read,own_local_view,read,100000,45753,0.45753,2350000
61,54,group_setup_then_1024_copies,own_local,group,97,88843,915.907216495,2334208
61,55,resource_lifecycle_64_assets_4096_objects,std_shared,cycle,10,527445,52744.5,17203200
62,0,async_queue_job_64_local_copies,std_shared,job,100,328680,3286.8,150400
62,1,borrow_read,raw_borrow,read,100000,35127,0.35127,2350000
62,2,contended_copy_2_workers,std_shared,copy,200000,13785071,68.925355,4700000
62,3,frame_4096_draws_64_unique_leases,own_shared,frame,24,88067,3669.45833333,41287680
62,4,async_queue_job_64_borrow_reads,std_shared_then_raw_borrow,job,100,57141,571.41,150400
62,5,resettable_root_pin_1024_borrow_reads,std_shared_pin_raw_borrow,scope,97,31988,329.773195876,2334208
62,6,independent_owner_parameter,own_shared,call,100000,1672860,16.7286,2350000
62,7,independent_owner_parameter,own_local,call,100000,111630,1.1163,2350000
62,8,weak_lock_expired,own_shared,lock,100000,77143,0.77143,0
62,9,independent_owner_parameter,std_shared,call,100000,1697343,16.97343,2350000
62,10,async_queue_job_1_local_copies,std_shared,job,100,61338,613.38,2000
62,11,owner_retained_4096_draw_borrows,std_raw_borrow,frame,24,49360,2056.66666667,41287680
62,12,copy_read_drop,own_local,copy,100000,101637,1.01637,2350000
62,13,async_queue_job_1024_borrow_reads,std_shared_then_raw_borrow,job,100,133621,1336.21,2406400
62,14,owner_retained_4096_parameter_borrows,std_raw_borrow,frame,24,82576,3440.66666667,41287680
62,15,async_queue_job_64_local_copies,own_local,job,100,97946,979.46,150400
62,16,owner_retained_4096_parameter_borrows,own_local_view,frame,24,83973,3498.875,41287680
62,17,localize_read_drop,own_local,group,100000,1506737,15.06737,2350000
62,18,group_setup_then_64_copies,std_shared,group,1562,1944719,1245.01856594,2349248
62,19,owner_retained_borrow_copy_read,own_local_view,read,100000,32562,0.32562,2350000
62,20,owner_retained_4096_draw_borrows,own_local_view,frame,24,51051,2127.125,41287680
62,21,group_setup_then_1024_copies,own_local,group,97,100778,1038.94845361,2334208
62,22,group_setup_then_1024_copies,std_shared,group,97,1665954,17174.7835052,2334208
62,23,async_queue_job_1024_local_copies,std_shared,job,100,2445125,24451.25,2406400
62,24,resource_lifecycle_64_assets_4096_objects,own_local,cycle,10,195052,19505.2,17203200
62,25,group_setup_then_1_copies,own_local,group,100000,1391595,13.91595,2000000
62,26,share_read_drop,std_shared,handoff,100000,1554343,15.54343,2350000
62,27,weak_lock_expired,std_shared,lock,100000,89591,0.89591,0
62,28,create_read_destroy,own_local,asset,100000,1577761,15.77761,65000400000
62,29,weak_lock_live,std_shared,lock,100000,1827671,18.27671,2350000
62,30,resettable_root_pin_1024_borrow_reads,own_shared_pin_local_view,scope,97,31316,322.845360825,2334208
62,31,create_read_destroy,own_shared,asset,100000,1322693,13.22693,65000400000
62,32,scene_4096_attachments,own_local,attachment,98304,168495,1.71401977539,98304
62,33,async_queue_job_1024_local_copies,own_local,job,100,254566,2545.66,2406400
62,34,async_queue_job_1_local_copies,own_local,job,100,66018,660.18,2000
62,35,resource_lifecycle_64_assets_4096_objects,std_shared,cycle,10,505162,50516.2,17203200
62,36,create_read_destroy,std_shared,asset,100000,1255312,12.55312,65000400000
62,37,owner_retained_borrow_parameter,own_local_view,call,100000,61847,0.61847,2350000
62,38,copy_read_drop,own_shared,copy,100000,1133471,11.33471,2350000
62,39,localize_read_drop,std_shared,group,100000,1476893,14.76893,2350000
62,40,async_queue_job_64_borrow_reads,own_shared_then_local_view,job,100,70345,703.45,150400
62,41,owner_retained_borrow_parameter,std_raw_borrow,call,100000,64283,0.64283,2350000
62,42,share_read_drop,own_shared,handoff,100000,1119763,11.19763,2350000
62,43,scene_4096_attachments,std_shared,attachment,98304,941911,9.58161417643,98304
62,44,owner_retained_borrow_copy_read,std_raw_borrow,read,100000,30173,0.30173,2350000
62,45,group_setup_then_8_copies,own_local,group,12500,264516,21.16128,2350000
62,46,async_queue_job_1_borrow_reads,own_shared_then_local_view,job,100,48829,488.29,2000
62,47,async_queue_job_1_borrow_reads,std_shared_then_raw_borrow,job,100,71358,713.58,2000
62,48,group_setup_then_8_copies,std_shared,group,12500,1870147,149.61176,2350000
62,49,copy_read_drop,std_shared,copy,100000,1708691,17.08691,2350000
62,50,contended_copy_2_workers,own_shared,copy,200000,4179238,20.89619,4700000
62,51,group_setup_then_64_copies,own_local,group,1562,121226,77.609475032,2349248
62,52,group_setup_then_1_copies,std_shared,group,100000,3336182,33.36182,2000000
62,53,weak_lock_live,own_shared,lock,100000,1491170,14.9117,2350000
62,54,async_queue_job_1024_borrow_reads,own_shared_then_local_view,job,100,112107,1121.07,2406400
62,55,frame_4096_draws_64_unique_leases,std_shared,frame,24,88675,3694.79166667,41287680
63,0,copy_read_drop,own_local,copy,100000,101912,1.01912,2350000
63,1,copy_read_drop,own_shared,copy,100000,1227819,12.27819,2350000
63,2,weak_lock_expired,own_shared,lock,100000,83570,0.8357,0
63,3,group_setup_then_1_copies,own_local,group,100000,1474263,14.74263,2000000
63,4,async_queue_job_1024_borrow_reads,own_shared_then_local_view,job,100,145187,1451.87,2406400
63,5,share_read_drop,std_shared,handoff,100000,1619473,16.19473,2350000
63,6,independent_owner_parameter,std_shared,call,100000,1650525,16.50525,2350000
63,7,owner_retained_4096_parameter_borrows,own_local_view,frame,24,77193,3216.375,41287680
63,8,borrow_read,raw_borrow,read,100000,36155,0.36155,2350000
63,9,weak_lock_live,own_shared,lock,100000,1483787,14.83787,2350000
63,10,owner_retained_borrow_copy_read,std_raw_borrow,read,100000,30012,0.30012,2350000
63,11,resettable_root_pin_1024_borrow_reads,own_shared_pin_local_view,scope,97,31277,322.443298969,2334208
63,12,create_read_destroy,std_shared,asset,100000,1270313,12.70313,65000400000
63,13,frame_4096_draws_64_unique_leases,own_shared,frame,24,87163,3631.79166667,41287680
63,14,group_setup_then_64_copies,own_local,group,1562,113993,72.9788732394,2349248
63,15,async_queue_job_1024_borrow_reads,std_shared_then_raw_borrow,job,100,154165,1541.65,2406400
63,16,owner_retained_4096_draw_borrows,own_local_view,frame,24,46848,1952,41287680
63,17,weak_lock_live,std_shared,lock,100000,1680151,16.80151,2350000
63,18,owner_retained_4096_draw_borrows,std_raw_borrow,frame,24,49005,2041.875,41287680
63,19,group_setup_then_8_copies,std_shared,group,12500,1868118,149.44944,2350000
63,20,async_queue_job_64_local_copies,std_shared,job,100,341546,3415.46,150400
63,21,independent_owner_parameter,own_local,call,100000,111547,1.11547,2350000
63,22,weak_lock_expired,std_shared,lock,100000,139349,1.39349,0
63,23,owner_retained_borrow_parameter,own_local_view,call,100000,64219,0.64219,2350000
63,24,resource_lifecycle_64_assets_4096_objects,own_local,cycle,10,202335,20233.5,17203200
63,25,contended_copy_2_workers,own_shared,copy,200000,9877220,49.3861,4700000
63,26,scene_4096_attachments,std_shared,attachment,98304,951518,9.67934163411,98304
63,27,async_queue_job_1024_local_copies,std_shared,job,100,2582635,25826.35,2406400
63,28,async_queue_job_1_borrow_reads,own_shared_then_local_view,job,100,69961,699.61,2000
63,29,group_setup_then_1024_copies,std_shared,group,97,1779262,18342.9072165,2334208
63,30,async_queue_job_1_borrow_reads,std_shared_then_raw_borrow,job,100,51868,518.68,2000
63,31,group_setup_then_1024_copies,own_local,group,97,123520,1273.40206186,2334208
63,32,group_setup_then_64_copies,std_shared,group,1562,1758548,1125.83098592,2349248
63,33,localize_read_drop,std_shared,group,100000,1505935,15.05935,2350000
63,34,copy_read_drop,std_shared,copy,100000,1704248,17.04248,2350000
63,35,owner_retained_borrow_parameter,std_raw_borrow,call,100000,64327,0.64327,2350000
63,36,async_queue_job_64_borrow_reads,std_shared_then_raw_borrow,job,100,60873,608.73,150400
63,37,scene_4096_attachments,own_local,attachment,98304,157323,1.60037231445,98304
63,38,group_setup_then_1_copies,std_shared,group,100000,3316490,33.1649,2000000
63,39,async_queue_job_1_local_copies,std_shared,job,100,78191,781.91,2000
63,40,async_queue_job_64_local_copies,own_local,job,100,70596,705.96,150400
63,41,contended_copy_2_workers,std_shared,copy,200000,12784647,63.923235,4700000
63,42,create_read_destroy,own_shared,asset,100000,1264613,12.64613,65000400000
63,43,resettable_root_pin_1024_borrow_reads,std_shared_pin_raw_borrow,scope,97,31942,329.298969072,2334208
63,44,share_read_drop,own_shared,handoff,100000,1117875,11.17875,2350000
63,45,localize_read_drop,own_local,group,100000,1294827,12.94827,2350000
63,46,owner_retained_4096_parameter_borrows,std_raw_borrow,frame,24,77941,3247.54166667,41287680
63,47,owner_retained_borrow_copy_read,own_local_view,read,100000,30064,0.30064,2350000
63,48,resource_lifecycle_64_assets_4096_objects,std_shared,cycle,10,510907,51090.7,17203200
63,49,async_queue_job_64_borrow_reads,own_shared_then_local_view,job,100,62584,625.84,150400
63,50,independent_owner_parameter,own_shared,call,100000,1483061,14.83061,2350000
63,51,frame_4096_draws_64_unique_leases,std_shared,frame,24,87496,3645.66666667,41287680
63,52,async_queue_job_1024_local_copies,own_local,job,100,301569,3015.69,2406400
63,53,group_setup_then_8_copies,own_local,group,12500,252229,20.17832,2350000
63,54,create_read_destroy,own_local,asset,100000,1575028,15.75028,65000400000
63,55,async_queue_job_1_local_copies,own_local,job,100,47622,476.22,2000
64,0,independent_owner_parameter,own_local,call,100000,115607,1.15607,2350000
64,1,create_read_destroy,own_local,asset,100000,1510329,15.10329,65000400000
64,2,frame_4096_draws_64_unique_leases,own_shared,frame,24,86607,3608.625,41287680
64,3,group_setup_then_1_copies,std_shared,group,100000,3305548,33.05548,2000000
64,4,group_setup_then_1024_copies,own_local,group,97,90831,936.402061856,2334208
64,5,weak_lock_live,own_shared,lock,100000,1761211,17.61211,2350000
64,6,contended_copy_2_workers,own_shared,copy,200000,11375027,56.875135,4700000
64,7,independent_owner_parameter,std_shared,call,100000,1693089,16.93089,2350000
64,8,create_read_destroy,own_shared,asset,100000,1268457,12.68457,65000400000
64,9,async_queue_job_1024_local_copies,own_local,job,100,300480,3004.8,2406400
64,10,share_read_drop,std_shared,handoff,100000,1461423,14.61423,2350000
64,11,copy_read_drop,std_shared,copy,100000,1710471,17.10471,2350000
64,12,owner_retained_borrow_copy_read,std_raw_borrow,read,100000,30071,0.30071,2350000
64,13,async_queue_job_1_local_copies,std_shared,job,100,64353,643.53,2000
64,14,frame_4096_draws_64_unique_leases,std_shared,frame,24,86050,3585.41666667,41287680
64,15,async_queue_job_1_borrow_reads,own_shared_then_local_view,job,100,50239,502.39,2000
64,16,async_queue_job_64_borrow_reads,own_shared_then_local_view,job,100,68410,684.1,150400
64,17,localize_read_drop,std_shared,group,100000,1518110,15.1811,2350000
64,18,owner_retained_borrow_parameter,own_local_view,call,100000,64324,0.64324,2350000
64,19,copy_read_drop,own_local,copy,100000,101438,1.01438,2350000
64,20,contended_copy_2_workers,std_shared,copy,200000,12688609,63.443045,4700000
64,21,async_queue_job_64_local_copies,std_shared,job,100,336938,3369.38,150400
64,22,weak_lock_live,std_shared,lock,100000,1687757,16.87757,2350000
64,23,share_read_drop,own_shared,handoff,100000,1122790,11.2279,2350000
64,24,copy_read_drop,own_shared,copy,100000,1102742,11.02742,2350000
64,25,owner_retained_4096_parameter_borrows,std_raw_borrow,frame,24,77347,3222.79166667,41287680
64,26,async_queue_job_1_local_copies,own_local,job,100,52306,523.06,2000
64,27,async_queue_job_64_local_copies,own_local,job,100,58841,588.41,150400
64,28,owner_retained_4096_parameter_borrows,own_local_view,frame,24,77132,3213.83333333,41287680
64,29,resettable_root_pin_1024_borrow_reads,own_shared_pin_local_view,scope,97,31539,325.144329897,2334208
64,30,weak_lock_expired,std_shared,lock,100000,85860,0.8586,0
64,31,owner_retained_4096_draw_borrows,own_local_view,frame,24,46795,1949.79166667,41287680
64,32,independent_owner_parameter,own_shared,call,100000,1626237,16.26237,2350000
64,33,owner_retained_borrow_copy_read,own_local_view,read,100000,30121,0.30121,2350000
64,34,scene_4096_attachments,std_shared,attachment,98304,999508,10.1675211589,98304
64,35,async_queue_job_1024_borrow_reads,own_shared_then_local_view,job,100,98933,989.33,2406400
64,36,resource_lifecycle_64_assets_4096_objects,own_local,cycle,10,236195,23619.5,17203200
64,37,group_setup_then_64_copies,std_shared,group,1562,1672332,1070.63508323,2349248
64,38,async_queue_job_1024_local_copies,std_shared,job,100,2563402,25634.02,2406400
64,39,group_setup_then_1024_copies,std_shared,group,97,1640652,16913.9381443,2334208
64,40,localize_read_drop,own_local,group,100000,1304462,13.04462,2350000
64,41,group_setup_then_8_copies,own_local,group,12500,271288,21.70304,2350000
64,42,owner_retained_4096_draw_borrows,std_raw_borrow,frame,24,47292,1970.5,41287680
64,43,group_setup_then_1_copies,own_local,group,100000,1359803,13.59803,2000000
64,44,weak_lock_expired,own_shared,lock,100000,77100,0.771,0
64,45,group_setup_then_8_copies,std_shared,group,12500,1876629,150.13032,2350000
64,46,scene_4096_attachments,own_local,attachment,98304,144518,1.47011311849,98304
64,47,owner_retained_borrow_parameter,std_raw_borrow,call,100000,57065,0.57065,2350000
64,48,resource_lifecycle_64_assets_4096_objects,std_shared,cycle,10,498422,49842.2,17203200
64,49,async_queue_job_64_borrow_reads,std_shared_then_raw_borrow,job,100,74449,744.49,150400
64,50,borrow_read,raw_borrow,read,100000,33516,0.33516,2350000
64,51,async_queue_job_1_borrow_reads,std_shared_then_raw_borrow,job,100,39144,391.44,2000
64,52,async_queue_job_1024_borrow_reads,std_shared_then_raw_borrow,job,100,104671,1046.71,2406400
64,53,group_setup_then_64_copies,own_local,group,1562,109022,69.7964148528,2349248
64,54,resettable_root_pin_1024_borrow_reads,std_shared_pin_raw_borrow,scope,97,30745,316.958762887,2334208
64,55,create_read_destroy,std_shared,asset,100000,1207552,12.07552,65000400000
65,0,independent_owner_parameter,std_shared,call,100000,1622827,16.22827,2350000
65,1,owner_retained_4096_draw_borrows,std_raw_borrow,frame,24,45852,1910.5,41287680
65,2,localize_read_drop,own_local,group,100000,1249158,12.49158,2350000
65,3,scene_4096_attachments,own_local,attachment,98304,140985,1.43417358398,98304
65,4,group_setup_then_64_copies,std_shared,group,1562,1663459,1064.95454545,2349248
65,5,share_read_drop,std_shared,handoff,100000,1668327,16.68327,2350000
65,6,create_read_destroy,std_shared,asset,100000,1272317,12.72317,65000400000
65,7,resource_lifecycle_64_assets_4096_objects,own_local,cycle,10,200777,20077.7,17203200
65,8,borrow_read,raw_borrow,read,100000,35508,0.35508,2350000
65,9,group_setup_then_1_copies,std_shared,group,100000,3766469,37.66469,2000000
65,10,independent_owner_parameter,own_local,call,100000,115611,1.15611,2350000
65,11,group_setup_then_1024_copies,std_shared,group,97,1715850,17689.1752577,2334208
65,12,async_queue_job_1024_borrow_reads,std_shared_then_raw_borrow,job,100,146244,1462.44,2406400
65,13,weak_lock_live,std_shared,lock,100000,1690459,16.90459,2350000
65,14,async_queue_job_64_local_copies,own_local,job,100,87959,879.59,150400
65,15,copy_read_drop,own_local,copy,100000,101093,1.01093,2350000
65,16,scene_4096_attachments,std_shared,attachment,98304,1022789,10.4043477376,98304
65,17,frame_4096_draws_64_unique_leases,std_shared,frame,24,90745,3781.04166667,41287680
65,18,async_queue_job_1_local_copies,own_local,job,100,65047,650.47,2000
65,19,resettable_root_pin_1024_borrow_reads,own_shared_pin_local_view,scope,97,34141,351.969072165,2334208
65,20,create_read_destroy,own_local,asset,100000,1641077,16.41077,65000400000
65,21,copy_read_drop,own_shared,copy,100000,1213954,12.13954,2350000
65,22,async_queue_job_1024_local_copies,std_shared,job,100,2459924,24599.24,2406400
65,23,group_setup_then_8_copies,own_local,group,12500,327913,26.23304,2350000
65,24,async_queue_job_1024_local_copies,own_local,job,100,253750,2537.5,2406400
65,25,copy_read_drop,std_shared,copy,100000,1665587,16.65587,2350000
65,26,localize_read_drop,std_shared,group,100000,1495261,14.95261,2350000
65,27,owner_retained_borrow_copy_read,std_raw_borrow,read,100000,30528,0.30528,2350000
65,28,weak_lock_expired,own_shared,lock,100000,77304,0.77304,0
65,29,async_queue_job_64_borrow_reads,std_shared_then_raw_borrow,job,100,64832,648.32,150400
65,30,owner_retained_4096_draw_borrows,own_local_view,frame,24,48268,2011.16666667,41287680
65,31,frame_4096_draws_64_unique_leases,own_shared,frame,24,138717,5779.875,41287680
65,32,share_read_drop,own_shared,handoff,100000,1133108,11.33108,2350000
65,33,async_queue_job_1_local_copies,std_shared,job,100,61141,611.41,2000
65,34,owner_retained_4096_parameter_borrows,own_local_view,frame,24,76152,3173,41287680
65,35,resource_lifecycle_64_assets_4096_objects,std_shared,cycle,10,509601,50960.1,17203200
65,36,owner_retained_4096_parameter_borrows,std_raw_borrow,frame,24,77342,3222.58333333,41287680
65,37,independent_owner_parameter,own_shared,call,100000,1494177,14.94177,2350000
65,38,async_queue_job_64_local_copies,std_shared,job,100,325572,3255.72,150400
65,39,group_setup_then_64_copies,own_local,group,1562,113190,72.4647887324,2349248
65,40,weak_lock_live,own_shared,lock,100000,1504808,15.04808,2350000
65,41,create_read_destroy,own_shared,asset,100000,1202679,12.02679,65000400000
65,42,group_setup_then_8_copies,std_shared,group,12500,1871163,149.69304,2350000
65,43,resettable_root_pin_1024_borrow_reads,std_shared_pin_raw_borrow,scope,97,52584,542.103092784,2334208
65,44,async_queue_job_1_borrow_reads,own_shared_then_local_view,job,100,52003,520.03,2000
65,45,owner_retained_borrow_copy_read,own_local_view,read,100000,30155,0.30155,2350000
65,46,group_setup_then_1_copies,own_local,group,100000,1351858,13.51858,2000000
65,47,weak_lock_expired,std_shared,lock,100000,97032,0.97032,0
65,48,owner_retained_borrow_parameter,own_local_view,call,100000,60080,0.6008,2350000
65,49,group_setup_then_1024_copies,own_local,group,97,91155,939.742268041,2334208
65,50,contended_copy_2_workers,std_shared,copy,200000,12777806,63.88903,4700000
65,51,async_queue_job_1024_borrow_reads,own_shared_then_local_view,job,100,139557,1395.57,2406400
65,52,async_queue_job_64_borrow_reads,own_shared_then_local_view,job,100,68273,682.73,150400
65,53,async_queue_job_1_borrow_reads,std_shared_then_raw_borrow,job,100,43462,434.62,2000
65,54,contended_copy_2_workers,own_shared,copy,200000,10988610,54.94305,4700000
65,55,owner_retained_borrow_parameter,std_raw_borrow,call,100000,68017,0.68017,2350000
66,0,owner_retained_borrow_copy_read,own_local_view,read,100000,30108,0.30108,2350000
66,1,independent_owner_parameter,std_shared,call,100000,1723019,17.23019,2350000
66,2,create_read_destroy,own_shared,asset,100000,1227096,12.27096,65000400000
66,3,contended_copy_2_workers,own_shared,copy,200000,11817130,59.08565,4700000
66,4,resettable_root_pin_1024_borrow_reads,std_shared_pin_raw_borrow,scope,97,32159,331.536082474,2334208
66,5,group_setup_then_1024_copies,own_local,group,97,91333,941.577319588,2334208
66,6,group_setup_then_1_copies,std_shared,group,100000,4209504,42.09504,2000000
66,7,share_read_drop,std_shared,handoff,100000,2405639,24.05639,2350000
66,8,group_setup_then_64_copies,std_shared,group,1562,2056312,1316.4609475,2349248
66,9,contended_copy_2_workers,std_shared,copy,200000,12186405,60.932025,4700000
66,10,async_queue_job_64_borrow_reads,std_shared_then_raw_borrow,job,100,59209,592.09,150400
66,11,owner_retained_borrow_parameter,std_raw_borrow,call,100000,65376,0.65376,2350000
66,12,group_setup_then_8_copies,own_local,group,12500,229310,18.3448,2350000
66,13,async_queue_job_1_borrow_reads,std_shared_then_raw_borrow,job,100,50322,503.22,2000
66,14,async_queue_job_1024_borrow_reads,own_shared_then_local_view,job,100,103186,1031.86,2406400
66,15,owner_retained_4096_draw_borrows,own_local_view,frame,24,47942,1997.58333333,41287680
66,16,owner_retained_borrow_parameter,own_local_view,call,100000,77514,0.77514,2350000
66,17,owner_retained_4096_parameter_borrows,own_local_view,frame,24,75997,3166.54166667,41287680
66,18,localize_read_drop,std_shared,group,100000,1497626,14.97626,2350000
66,19,owner_retained_4096_parameter_borrows,std_raw_borrow,frame,24,77155,3214.79166667,41287680
66,20,async_queue_job_1_borrow_reads,own_shared_then_local_view,job,100,77800,778,2000
66,21,create_read_destroy,own_local,asset,100000,3557081,35.57081,65000400000
66,22,resource_lifecycle_64_assets_4096_objects,own_local,cycle,10,208784,20878.4,17203200
66,23,create_read_destroy,std_shared,asset,100000,5390024,53.90024,65000400000
66,24,async_queue_job_64_local_copies,std_shared,job,100,316070,3160.7,150400
66,25,scene_4096_attachments,std_shared,attachment,98304,3100542,31.5403442383,98304
66,26,group_setup_then_64_copies,own_local,group,1562,121432,77.7413572343,2349248
66,27,async_queue_job_64_borrow_reads,own_shared_then_local_view,job,100,105916,1059.16,150400
66,28,group_setup_then_8_copies,std_shared,group,12500,4041294,323.30352,2350000
66,29,async_queue_job_1024_local_copies,own_local,job,100,264076,2640.76,2406400
66,30,async_queue_job_1_local_copies,own_local,job,100,78092,780.92,2000
66,31,async_queue_job_1024_local_copies,std_shared,job,100,3290985,32909.85,2406400
66,32,async_queue_job_1024_borrow_reads,std_shared_then_raw_borrow,job,100,143237,1432.37,2406400
66,33,copy_read_drop,own_shared,copy,100000,1104019,11.04019,2350000
66,34,scene_4096_attachments,own_local,attachment,98304,146872,1.49405924479,98304
66,35,weak_lock_expired,own_shared,lock,100000,77194,0.77194,0
66,36,frame_4096_draws_64_unique_leases,own_shared,frame,24,85618,3567.41666667,41287680
66,37,async_queue_job_1_local_copies,std_shared,job,100,77886,778.86,2000
66,38,weak_lock_live,own_shared,lock,100000,1618025,16.18025,2350000
66,39,copy_read_drop,own_local,copy,100000,101639,1.01639,2350000
66,40,share_read_drop,own_shared,handoff,100000,1208258,12.08258,2350000
66,41,resource_lifecycle_64_assets_4096_objects,std_shared,cycle,10,573072,57307.2,17203200
66,42,group_setup_then_1024_copies,std_shared,group,97,1812144,18681.8969072,2334208
66,43,owner_retained_borrow_copy_read,std_raw_borrow,read,100000,32669,0.32669,2350000
66,44,independent_owner_parameter,own_local,call,100000,125010,1.2501,2350000
66,45,copy_read_drop,std_shared,copy,100000,1681527,16.81527,2350000
66,46,frame_4096_draws_64_unique_leases,std_shared,frame,24,86329,3597.04166667,41287680
66,47,weak_lock_live,std_shared,lock,100000,1712624,17.12624,2350000
66,48,borrow_read,raw_borrow,read,100000,316568,3.16568,2350000
66,49,group_setup_then_1_copies,own_local,group,100000,1498107,14.98107,2000000
66,50,localize_read_drop,own_local,group,100000,1297811,12.97811,2350000
66,51,weak_lock_expired,std_shared,lock,100000,85724,0.85724,0
66,52,independent_owner_parameter,own_shared,call,100000,2966924,29.66924,2350000
66,53,resettable_root_pin_1024_borrow_reads,own_shared_pin_local_view,scope,97,31330,322.989690722,2334208
66,54,async_queue_job_64_local_copies,own_local,job,100,894390,8943.9,150400
66,55,owner_retained_4096_draw_borrows,std_raw_borrow,frame,24,48355,2014.79166667,41287680
67,0,async_queue_job_1024_borrow_reads,own_shared_then_local_view,job,100,97245,972.45,2406400
67,1,resettable_root_pin_1024_borrow_reads,std_shared_pin_raw_borrow,scope,97,44829,462.154639175,2334208
67,2,group_setup_then_1024_copies,own_local,group,97,91055,938.711340206,2334208
67,3,independent_owner_parameter,own_shared,call,100000,2511281,25.11281,2350000
67,4,borrow_read,raw_borrow,read,100000,35077,0.35077,2350000
67,5,resettable_root_pin_1024_borrow_reads,own_shared_pin_local_view,scope,97,31474,324.474226804,2334208
67,6,independent_owner_parameter,std_shared,call,100000,1760817,17.60817,2350000
67,7,owner_retained_borrow_copy_read,std_raw_borrow,read,100000,30522,0.30522,2350000
67,8,frame_4096_draws_64_unique_leases,own_shared,frame,24,88987,3707.79166667,41287680
67,9,owner_retained_4096_parameter_borrows,own_local_view,frame,24,77526,3230.25,41287680
67,10,group_setup_then_8_copies,std_shared,group,12500,3257418,260.59344,2350000
67,11,async_queue_job_1_local_copies,std_shared,job,100,25464,254.64,2000
67,12,owner_retained_4096_draw_borrows,std_raw_borrow,frame,24,51458,2144.08333333,41287680
67,13,localize_read_drop,std_shared,group,100000,2374203,23.74203,2350000
67,14,contended_copy_2_workers,std_shared,copy,200000,7966853,39.834265,4700000
67,15,localize_read_drop,own_local,group,100000,1347229,13.47229,2350000
67,16,async_queue_job_64_borrow_reads,std_shared_then_raw_borrow,job,100,100185,1001.85,150400
67,17,frame_4096_draws_64_unique_leases,std_shared,frame,24,89594,3733.08333333,41287680
67,18,owner_retained_borrow_copy_read,own_local_view,read,100000,30151,0.30151,2350000
67,19,group_setup_then_64_copies,std_shared,group,1562,1718677,1100.30537772,2349248
67,20,async_queue_job_64_local_copies,own_local,job,100,92199,921.99,150400
67,21,resource_lifecycle_64_assets_4096_objects,std_shared,cycle,10,551951,55195.1,17203200
67,22,group_setup_then_1_copies,std_shared,group,100000,3437724,34.37724,2000000
67,23,async_queue_job_64_local_copies,std_shared,job,100,289893,2898.93,150400
67,24,owner_retained_borrow_parameter,own_local_view,call,100000,64442,0.64442,2350000
67,25,resource_lifecycle_64_assets_4096_objects,own_local,cycle,10,219866,21986.6,17203200
67,26,async_queue_job_1_borrow_reads,std_shared_then_raw_borrow,job,100,52217,522.17,2000
67,27,group_setup_then_8_copies,own_local,group,12500,227000,18.16,2350000
67,28,async_queue_job_1_local_copies,own_local,job,100,54492,544.92,2000
67,29,weak_lock_live,own_shared,lock,100000,2172429,21.72429,2350000
67,30,scene_4096_attachments,std_shared,attachment,98304,1069282,10.8772989909,98304
67,31,create_read_destroy,std_shared,asset,100000,1417772,14.17772,65000400000
67,32,owner_retained_4096_parameter_borrows,std_raw_borrow,frame,24,101289,4220.375,41287680
67,33,weak_lock_expired,own_shared,lock,100000,77351,0.77351,0
67,34,copy_read_drop,own_shared,copy,100000,1306096,13.06096,2350000
67,35,create_read_destroy,own_local,asset,100000,1603887,16.03887,65000400000
67,36,create_read_destroy,own_shared,asset,100000,1426589,14.26589,65000400000
67,37,group_setup_then_64_copies,own_local,group,1562,130021,83.2400768246,2349248
67,38,share_read_drop,own_shared,handoff,100000,1112650,11.1265,2350000
67,39,contended_copy_2_workers,own_shared,copy,200000,3850762,19.25381,4700000
67,40,async_queue_job_1_borrow_reads,own_shared_then_local_view,job,100,68986,689.86,2000
67,41,scene_4096_attachments,own_local,attachment,98304,151699,1.54316202799,98304
67,42,independent_owner_parameter,own_local,call,100000,115715,1.15715,2350000
67,43,owner_retained_borrow_parameter,std_raw_borrow,call,100000,64353,0.64353,2350000
67,44,async_queue_job_1024_local_copies,std_shared,job,100,2381560,23815.6,2406400
67,45,owner_retained_4096_draw_borrows,own_local_view,frame,24,48400,2016.66666667,41287680
67,46,share_read_drop,std_shared,handoff,100000,1476194,14.76194,2350000
67,47,group_setup_then_1024_copies,std_shared,group,97,1627483,16778.1752577,2334208
67,48,copy_read_drop,own_local,copy,100000,113605,1.13605,2350000
67,49,copy_read_drop,std_shared,copy,100000,2516591,25.16591,2350000
67,50,weak_lock_live,std_shared,lock,100000,1807153,18.07153,2350000
67,51,weak_lock_expired,std_shared,lock,100000,85673,0.85673,0
67,52,async_queue_job_1024_borrow_reads,std_shared_then_raw_borrow,job,100,110180,1101.8,2406400
67,53,async_queue_job_64_borrow_reads,own_shared_then_local_view,job,100,83243,832.43,150400
67,54,group_setup_then_1_copies,own_local,group,100000,1919194,19.19194,2000000
67,55,async_queue_job_1024_local_copies,own_local,job,100,274291,2742.91,2406400
68,0,async_queue_job_1_borrow_reads,own_shared_then_local_view,job,100,89294,892.94,2000
68,1,frame_4096_draws_64_unique_leases,own_shared,frame,24,88922,3705.08333333,41287680
68,2,independent_owner_parameter,own_shared,call,100000,1447844,14.47844,2350000
68,3,weak_lock_live,std_shared,lock,100000,1807503,18.07503,2350000
68,4,copy_read_drop,std_shared,copy,100000,1676384,16.76384,2350000
68,5,async_queue_job_64_local_copies,std_shared,job,100,308381,3083.81,150400
68,6,async_queue_job_1024_borrow_reads,own_shared_then_local_view,job,100,251643,2516.43,2406400
68,7,group_setup_then_1024_copies,std_shared,group,97,1665442,17169.5051546,2334208
68,8,resettable_root_pin_1024_borrow_reads,std_shared_pin_raw_borrow,scope,97,31561,325.371134021,2334208
68,9,weak_lock_live,own_shared,lock,100000,1472422,14.72422,2350000
68,10,copy_read_drop,own_local,copy,100000,101683,1.01683,2350000
68,11,owner_retained_borrow_copy_read,own_local_view,read,100000,32690,0.3269,2350000
68,12,scene_4096_attachments,own_local,attachment,98304,169377,1.72299194336,98304
68,13,async_queue_job_1_borrow_reads,std_shared_then_raw_borrow,job,100,91133,911.33,2000
68,14,async_queue_job_1024_local_copies,std_shared,job,100,2411127,24111.27,2406400
68,15,group_setup_then_1_copies,own_local,group,100000,1471763,14.71763,2000000
68,16,independent_owner_parameter,std_shared,call,100000,1672334,16.72334,2350000
68,17,resource_lifecycle_64_assets_4096_objects,own_local,cycle,10,207193,20719.3,17203200
68,18,share_read_drop,own_shared,handoff,100000,1131917,11.31917,2350000
68,19,owner_retained_borrow_parameter,std_raw_borrow,call,100000,61713,0.61713,2350000
68,20,async_queue_job_64_borrow_reads,own_shared_then_local_view,job,100,66554,665.54,150400
68,21,create_read_destroy,own_shared,asset,100000,1248790,12.4879,65000400000
68,22,group_setup_then_8_copies,std_shared,group,12500,1877974,150.23792,2350000
68,23,contended_copy_2_workers,std_shared,copy,200000,15159544,75.79772,4700000
68,24,localize_read_drop,std_shared,group,100000,1664004,16.64004,2350000
68,25,contended_copy_2_workers,own_shared,copy,200000,2884322,14.42161,4700000
68,26,group_setup_then_1_copies,std_shared,group,100000,3350797,33.50797,2000000
68,27,group_setup_then_8_copies,own_local,group,12500,273509,21.88072,2350000
68,28,async_queue_job_64_borrow_reads,std_shared_then_raw_borrow,job,100,57720,577.2,150400
68,29,share_read_drop,std_shared,handoff,100000,1594131,15.94131,2350000
68,30,owner_retained_4096_parameter_borrows,own_local_view,frame,24,85131,3547.125,41287680
68,31,owner_retained_4096_draw_borrows,own_local_view,frame,24,50813,2117.20833333,41287680
68,32,owner_retained_4096_draw_borrows,std_raw_borrow,frame,24,53013,2208.875,41287680
68,33,scene_4096_attachments,std_shared,attachment,98304,1012353,10.2981872559,98304
68,34,copy_read_drop,own_shared,copy,100000,1245860,12.4586,2350000
68,35,async_queue_job_64_local_copies,own_local,job,100,68192,681.92,150400
68,36,owner_retained_4096_parameter_borrows,std_raw_borrow,frame,24,82816,3450.66666667,41287680
68,37,resource_lifecycle_64_assets_4096_objects,std_shared,cycle,10,556035,55603.5,17203200
68,38,weak_lock_expired,own_shared,lock,100000,77195,0.77195,0
68,39,create_read_destroy,own_local,asset,100000,1547934,15.47934,65000400000
68,40,async_queue_job_1024_borrow_reads,std_shared_then_raw_borrow,job,100,205277,2052.77,2406400
68,41,async_queue_job_1_local_copies,own_local,job,100,57693,576.93,2000
68,42,resettable_root_pin_1024_borrow_reads,own_shared_pin_local_view,scope,97,31462,324.350515464,2334208
68,43,group_setup_then_64_copies,own_local,group,1562,113576,72.7119078105,2349248
68,44,localize_read_drop,own_local,group,100000,1316857,13.16857,2350000
68,45,owner_retained_borrow_parameter,own_local_view,call,100000,60121,0.60121,2350000
68,46,create_read_destroy,std_shared,asset,100000,1257169,12.57169,65000400000
68,47,owner_retained_borrow_copy_read,std_raw_borrow,read,100000,30585,0.30585,2350000
68,48,group_setup_then_1024_copies,own_local,group,97,92789,956.587628866,2334208
68,49,frame_4096_draws_64_unique_leases,std_shared,frame,24,85544,3564.33333333,41287680
68,50,weak_lock_expired,std_shared,lock,100000,85660,0.8566,0
68,51,async_queue_job_1_local_copies,std_shared,job,100,92872,928.72,2000
68,52,group_setup_then_64_copies,std_shared,group,1562,1687699,1080.4731114,2349248
68,53,borrow_read,raw_borrow,read,100000,36066,0.36066,2350000
68,54,independent_owner_parameter,own_local,call,100000,115208,1.15208,2350000
68,55,async_queue_job_1024_local_copies,own_local,job,100,245498,2454.98,2406400
69,0,owner_retained_borrow_parameter,std_raw_borrow,call,100000,64293,0.64293,2350000
69,1,share_read_drop,std_shared,handoff,100000,1653975,16.53975,2350000
69,2,resource_lifecycle_64_assets_4096_objects,own_local,cycle,10,200334,20033.4,17203200
69,3,group_setup_then_1_copies,own_local,group,100000,1393006,13.93006,2000000
69,4,async_queue_job_1024_borrow_reads,std_shared_then_raw_borrow,job,100,182894,1828.94,2406400
69,5,resettable_root_pin_1024_borrow_reads,std_shared_pin_raw_borrow,scope,97,31873,328.587628866,2334208
69,6,async_queue_job_1024_local_copies,std_shared,job,100,2367351,23673.51,2406400
69,7,resettable_root_pin_1024_borrow_reads,own_shared_pin_local_view,scope,97,31657,326.360824742,2334208
69,8,async_queue_job_64_borrow_reads,std_shared_then_raw_borrow,job,100,43017,430.17,150400
69,9,localize_read_drop,std_shared,group,100000,1518406,15.18406,2350000
69,10,async_queue_job_1024_local_copies,own_local,job,100,236540,2365.4,2406400
69,11,async_queue_job_64_local_copies,std_shared,job,100,382808,3828.08,150400
69,12,create_read_destroy,std_shared,asset,100000,1300949,13.00949,65000400000
69,13,share_read_drop,own_shared,handoff,100000,1121058,11.21058,2350000
69,14,weak_lock_live,own_shared,lock,100000,1489777,14.89777,2350000
69,15,group_setup_then_1024_copies,std_shared,group,97,1638065,16887.2680412,2334208
69,16,weak_lock_expired,std_shared,lock,100000,85650,0.8565,0
69,17,weak_lock_live,std_shared,lock,100000,1718358,17.18358,2350000
69,18,independent_owner_parameter,own_shared,call,100000,1450960,14.5096,2350000
69,19,async_queue_job_1_borrow_reads,own_shared_then_local_view,job,100,85107,851.07,2000
69,20,owner_retained_borrow_parameter,own_local_view,call,100000,61810,0.6181,2350000
69,21,frame_4096_draws_64_unique_leases,own_shared,frame,24,92940,3872.5,41287680
69,22,group_setup_then_8_copies,std_shared,group,12500,1888410,151.0728,2350000
69,23,weak_lock_expired,own_shared,lock,100000,77234,0.77234,0
69,24,async_queue_job_1_local_copies,own_local,job,100,82182,821.82,2000
69,25,owner_retained_4096_draw_borrows,own_local_view,frame,24,60297,2512.375,41287680
69,26,group_setup_then_1024_copies,own_local,group,97,91120,939.381443299,2334208
69,27,create_read_destroy,own_local,asset,100000,1529999,15.29999,65000400000
69,28,group_setup_then_8_copies,own_local,group,12500,247314,19.78512,2350000
69,29,scene_4096_attachments,own_local,attachment,98304,156815,1.59520467122,98304
69,30,group_setup_then_64_copies,own_local,group,1562,111437,71.3425096031,2349248
69,31,owner_retained_4096_parameter_borrows,own_local_view,frame,24,76155,3173.125,41287680
69,32,resource_lifecycle_64_assets_4096_objects,std_shared,cycle,10,538427,53842.7,17203200
69,33,owner_retained_4096_parameter_borrows,std_raw_borrow,frame,24,82191,3424.625,41287680
69,34,scene_4096_attachments,std_shared,attachment,98304,958347,9.74880981445,98304
69,35,borrow_read,raw_borrow,read,100000,35286,0.35286,2350000
69,36,async_queue_job_1_borrow_reads,std_shared_then_raw_borrow,job,100,65179,651.79,2000
69,37,copy_read_drop,std_shared,copy,100000,1667059,16.67059,2350000
69,38,independent_owner_parameter,own_local,call,100000,115414,1.15414,2350000
69,39,create_read_destroy,own_shared,asset,100000,1259015,12.59015,65000400000
69,40,owner_retained_borrow_copy_read,own_local_view,read,100000,30076,0.30076,2350000
69,41,async_queue_job_64_borrow_reads,own_shared_then_local_view,job,100,72303,723.03,150400
69,42,owner_retained_4096_draw_borrows,std_raw_borrow,frame,24,47087,1961.95833333,41287680
69,43,frame_4096_draws_64_unique_leases,std_shared,frame,24,89635,3734.79166667,41287680
69,44,async_queue_job_1_local_copies,std_shared,job,100,51953,519.53,2000
69,45,async_queue_job_1024_borrow_reads,own_shared_then_local_view,job,100,153703,1537.03,2406400
69,46,copy_read_drop,own_shared,copy,100000,1120374,11.20374,2350000
69,47,contended_copy_2_workers,own_shared,copy,200000,13107536,65.53768,4700000
69,48,contended_copy_2_workers,std_shared,copy,200000,14639146,73.19573,4700000
69,49,group_setup_then_64_copies,std_shared,group,1562,1681836,1076.71959027,2349248
69,50,localize_read_drop,own_local,group,100000,1285249,12.85249,2350000
69,51,independent_owner_parameter,std_shared,call,100000,1678187,16.78187,2350000
69,52,owner_retained_borrow_copy_read,std_raw_borrow,read,100000,30052,0.30052,2350000
69,53,async_queue_job_64_local_copies,own_local,job,100,74175,741.75,150400
69,54,copy_read_drop,own_local,copy,100000,101419,1.01419,2350000
69,55,group_setup_then_1_copies,std_shared,group,100000,3651480,36.5148,2000000
70,0,group_setup_then_64_copies,std_shared,group,1562,1710992,1095.38540333,2349248
70,1,async_queue_job_64_local_copies,std_shared,job,100,335331,3353.31,150400
70,2,group_setup_then_1_copies,own_local,group,100000,1383224,13.83224,2000000
70,3,weak_lock_live,own_shared,lock,100000,1472209,14.72209,2350000
70,4,async_queue_job_64_local_copies,own_local,job,100,68809,688.09,150400
70,5,owner_retained_borrow_copy_read,std_raw_borrow,read,100000,30136,0.30136,2350000
70,6,owner_retained_4096_parameter_borrows,std_raw_borrow,frame,24,87545,3647.70833333,41287680
70,7,owner_retained_4096_draw_borrows,std_raw_borrow,frame,24,50881,2120.04166667,41287680
70,8,frame_4096_draws_64_unique_leases,own_shared,frame,24,87515,3646.45833333,41287680
70,9,owner_retained_borrow_copy_read,own_local_view,read,100000,30069,0.30069,2350000
70,10,async_queue_job_1024_borrow_reads,std_shared_then_raw_borrow,job,100,137435,1374.35,2406400
70,11,owner_retained_4096_parameter_borrows,own_local_view,frame,24,76623,3192.625,41287680
70,12,async_queue_job_1_borrow_reads,own_shared_then_local_view,job,100,59975,599.75,2000
70,13,independent_owner_parameter,own_local,call,100000,115752,1.15752,2350000
70,14,scene_4096_attachments,own_local,attachment,98304,144774,1.47271728516,98304
70,15,resettable_root_pin_1024_borrow_reads,own_shared_pin_local_view,scope,97,31354,323.237113402,2334208
70,16,async_queue_job_1024_local_copies,own_local,job,100,290495,2904.95,2406400
70,17,async_queue_job_64_borrow_reads,std_shared_then_raw_borrow,job,100,108007,1080.07,150400
70,18,independent_owner_parameter,std_shared,call,100000,1654682,16.54682,2350000
70,19,create_read_destroy,own_local,asset,100000,1473653,14.73653,65000400000
70,20,localize_read_drop,own_local,group,100000,1273255,12.73255,2350000
70,21,create_read_destroy,std_shared,asset,100000,1254799,12.54799,65000400000
70,22,resource_lifecycle_64_assets_4096_objects,std_shared,cycle,10,520161,52016.1,17203200
70,23,create_read_destroy,own_shared,asset,100000,1228411,12.28411,65000400000
70,24,weak_lock_live,std_shared,lock,100000,1697822,16.97822,2350000
70,25,owner_retained_4096_draw_borrows,own_local_view,frame,24,51007,2125.29166667,41287680
70,26,share_read_drop,own_shared,handoff,100000,1114204,11.14204,2350000
70,27,resource_lifecycle_64_assets_4096_objects,own_local,cycle,10,191421,19142.1,17203200
70,28,async_queue_job_1_borrow_reads,std_shared_then_raw_borrow,job,100,67424,674.24,2000
70,29,group_setup_then_64_copies,own_local,group,1562,114474,73.2868117798,2349248
70,30,async_queue_job_64_borrow_reads,own_shared_then_local_view,job,100,74013,740.13,150400
70,31,group_setup_then_8_copies,std_shared,group,12500,1880000,150.4,2350000
70,32,group_setup_then_1_copies,std_shared,group,100000,3318323,33.18323,2000000
70,33,contended_copy_2_workers,std_shared,copy,200000,13878955,69.394775,4700000
70,34,frame_4096_draws_64_unique_leases,std_shared,frame,24,98262,4094.25,41287680
70,35,group_setup_then_8_copies,own_local,group,12500,260482,20.83856,2350000
70,36,async_queue_job_1024_local_copies,std_shared,job,100,2666617,26666.17,2406400
70,37,copy_read_drop,own_shared,copy,100000,1101912,11.01912,2350000
70,38,weak_lock_expired,std_shared,lock,100000,85604,0.85604,0
70,39,group_setup_then_1024_copies,own_local,group,97,87676,903.87628866,2334208
70,40,resettable_root_pin_1024_borrow_reads,std_shared_pin_raw_borrow,scope,97,31687,326.670103093,2334208
70,41,group_setup_then_1024_copies,std_shared,group,97,1632599,16830.9175258,2334208
70,42,borrow_read,raw_borrow,read,100000,53106,0.53106,2350000
70,43,scene_4096_attachments,std_shared,attachment,98304,938701,9.54896036784,98304
70,44,independent_owner_parameter,own_shared,call,100000,1457818,14.57818,2350000
70,45,owner_retained_borrow_parameter,std_raw_borrow,call,100000,60051,0.60051,2350000
70,46,contended_copy_2_workers,own_shared,copy,200000,12798072,63.99036,4700000
70,47,owner_retained_borrow_parameter,own_local_view,call,100000,61941,0.61941,2350000
70,48,async_queue_job_1_local_copies,std_shared,job,100,60505,605.05,2000
70,49,localize_read_drop,std_shared,group,100000,1508207,15.08207,2350000
70,50,weak_lock_expired,own_shared,lock,100000,93887,0.93887,0
70,51,copy_read_drop,std_shared,copy,100000,1661845,16.61845,2350000
70,52,copy_read_drop,own_local,copy,100000,100746,1.00746,2350000
70,53,share_read_drop,std_shared,handoff,100000,1607073,16.07073,2350000
70,54,async_queue_job_1_local_copies,own_local,job,100,73210,732.1,2000
70,55,async_queue_job_1024_borrow_reads,own_shared_then_local_view,job,100,131467,1314.67,2406400
71,0,borrow_read,raw_borrow,read,100000,37922,0.37922,2350000
71,1,group_setup_then_1024_copies,own_local,group,97,127358,1312.96907216,2334208
71,2,independent_owner_parameter,std_shared,call,100000,1801664,18.01664,2350000
71,3,async_queue_job_64_borrow_reads,std_shared_then_raw_borrow,job,100,69610,696.1,150400
71,4,independent_owner_parameter,own_shared,call,100000,1478431,14.78431,2350000
71,5,owner_retained_4096_draw_borrows,own_local_view,frame,24,48999,2041.625,41287680
71,6,owner_retained_borrow_parameter,own_local_view,call,100000,59892,0.59892,2350000
71,7,scene_4096_attachments,own_local,attachment,98304,150524,1.5312093099,98304
71,8,owner_retained_4096_parameter_borrows,std_raw_borrow,frame,24,78022,3250.91666667,41287680
71,9,async_queue_job_1024_borrow_reads,std_shared_then_raw_borrow,job,100,164737,1647.37,2406400
71,10,group_setup_then_8_copies,std_shared,group,12500,1886237,150.89896,2350000
71,11,localize_read_drop,std_shared,group,100000,1497564,14.97564,2350000
71,12,resettable_root_pin_1024_borrow_reads,own_shared_pin_local_view,scope,97,31507,324.81443299,2334208
71,13,async_queue_job_64_local_copies,own_local,job,100,70895,708.95,150400
71,14,async_queue_job_64_local_copies,std_shared,job,100,263248,2632.48,150400
71,15,frame_4096_draws_64_unique_leases,own_shared,frame,24,86258,3594.08333333,41287680
71,16,owner_retained_4096_parameter_borrows,own_local_view,frame,24,76210,3175.41666667,41287680
71,17,group_setup_then_1024_copies,std_shared,group,97,1659479,17108.0309278,2334208
71,18,async_queue_job_1_borrow_reads,std_shared_then_raw_borrow,job,100,61501,615.01,2000
71,19,owner_retained_borrow_parameter,std_raw_borrow,call,100000,63807,0.63807,2350000
71,20,group_setup_then_1_copies,own_local,group,100000,1359377,13.59377,2000000
71,21,contended_copy_2_workers,std_shared,copy,200000,13718437,68.592185,4700000
71,22,owner_retained_borrow_copy_read,own_local_view,read,100000,36849,0.36849,2350000
71,23,localize_read_drop,own_local,group,100000,1281355,12.81355,2350000
71,24,group_setup_then_64_copies,own_local,group,1562,112593,72.0825864277,2349248
71,25,resource_lifecycle_64_assets_4096_objects,own_local,cycle,10,213639,21363.9,17203200
71,26,weak_lock_expired,own_shared,lock,100000,77034,0.77034,0
71,27,async_queue_job_1024_local_copies,std_shared,job,100,2687545,26875.45,2406400
71,28,weak_lock_live,own_shared,lock,100000,1563254,15.63254,2350000
71,29,resettable_root_pin_1024_borrow_reads,std_shared_pin_raw_borrow,scope,97,31806,327.896907216,2334208
71,30,group_setup_then_8_copies,own_local,group,12500,246218,19.69744,2350000
71,31,independent_owner_parameter,own_local,call,100000,116090,1.1609,2350000
71,32,group_setup_then_64_copies,std_shared,group,1562,1694762,1084.99487836,2349248
71,33,frame_4096_draws_64_unique_leases,std_shared,frame,24,90417,3767.375,41287680
71,34,async_queue_job_1_local_copies,std_shared,job,100,76191,761.91,2000
71,35,owner_retained_borrow_copy_read,std_raw_borrow,read,100000,33449,0.33449,2350000
71,36,create_read_destroy,own_shared,asset,100000,1261233,12.61233,65000400000
71,37,async_queue_job_1_borrow_reads,own_shared_then_local_view,job,100,74845,748.45,2000
71,38,copy_read_drop,own_local,copy,100000,101231,1.01231,2350000
71,39,weak_lock_expired,std_shared,lock,100000,92721,0.92721,0
71,40,resource_lifecycle_64_assets_4096_objects,std_shared,cycle,10,545330,54533,17203200
71,41,create_read_destroy,own_local,asset,100000,1698263,16.98263,65000400000
71,42,async_queue_job_1024_local_copies,own_local,job,100,267454,2674.54,2406400
71,43,create_read_destroy,std_shared,asset,100000,1382462,13.82462,65000400000
71,44,group_setup_then_1_copies,std_shared,group,100000,3323742,33.23742,2000000
71,45,share_read_drop,own_shared,handoff,100000,1115394,11.15394,2350000
71,46,async_queue_job_1024_borrow_reads,own_shared_then_local_view,job,100,100767,1007.67,2406400
71,47,async_queue_job_64_borrow_reads,own_shared_then_local_view,job,100,81769,817.69,150400
71,48,share_read_drop,std_shared,handoff,100000,1482688,14.82688,2350000
71,49,contended_copy_2_workers,own_shared,copy,200000,11748620,58.7431,4700000
71,50,copy_read_drop,own_shared,copy,100000,1108646,11.08646,2350000
71,51,async_queue_job_1_local_copies,own_local,job,100,41275,412.75,2000
71,52,scene_4096_attachments,std_shared,attachment,98304,940880,9.57112630208,98304
71,53,weak_lock_live,std_shared,lock,100000,1684229,16.84229,2350000
71,54,owner_retained_4096_draw_borrows,std_raw_borrow,frame,24,47587,1982.79166667,41287680
71,55,copy_read_drop,std_shared,copy,100000,1663014,16.63014,2350000
72,0,async_queue_job_64_borrow_reads,std_shared_then_raw_borrow,job,100,71890,718.9,150400
72,1,resettable_root_pin_1024_borrow_reads,std_shared_pin_raw_borrow,scope,97,31693,326.731958763,2334208
72,2,owner_retained_4096_draw_borrows,own_local_view,frame,24,47930,1997.08333333,41287680
72,3,async_queue_job_1_borrow_reads,own_shared_then_local_view,job,100,65907,659.07,2000
72,4,localize_read_drop,std_shared,group,100000,1499749,14.99749,2350000
72,5,independent_owner_parameter,own_shared,call,100000,1485043,14.85043,2350000
72,6,async_queue_job_1_local_copies,own_local,job,100,52855,528.55,2000
72,7,async_queue_job_64_local_copies,own_local,job,100,96595,965.95,150400
72,8,group_setup_then_1024_copies,own_local,group,97,105354,1086.12371134,2334208
72,9,owner_retained_borrow_parameter,own_local_view,call,100000,66313,0.66313,2350000
72,10,group_setup_then_1_copies,own_local,group,100000,1351617,13.51617,2000000
72,11,async_queue_job_1024_local_copies,std_shared,job,100,2539136,25391.36,2406400
72,12,localize_read_drop,own_local,group,100000,1279607,12.79607,2350000
72,13,contended_copy_2_workers,std_shared,copy,200000,14449058,72.24529,4700000
72,14,group_setup_then_1_copies,std_shared,group,100000,3331349,33.31349,2000000
72,15,weak_lock_expired,own_shared,lock,100000,77058,0.77058,0
72,16,scene_4096_attachments,own_local,attachment,98304,145476,1.47985839844,98304
72,17,copy_read_drop,std_shared,copy,100000,1654118,16.54118,2350000
72,18,group_setup_then_8_copies,std_shared,group,12500,1877479,150.19832,2350000
72,19,weak_lock_live,std_shared,lock,100000,1680610,16.8061,2350000
72,20,independent_owner_parameter,own_local,call,100000,115652,1.15652,2350000
72,21,contended_copy_2_workers,own_shared,copy,200000,13175483,65.877415,4700000
72,22,borrow_read,raw_borrow,read,100000,34992,0.34992,2350000
72,23,weak_lock_live,own_shared,lock,100000,1510624,15.10624,2350000
72,24,weak_lock_expired,std_shared,lock,100000,85618,0.85618,0
72,25,async_queue_job_1_local_copies,std_shared,job,100,131300,1313,2000
72,26,owner_retained_borrow_copy_read,own_local_view,read,100000,30091,0.30091,2350000
72,27,async_queue_job_1024_local_copies,own_local,job,100,311082,3110.82,2406400
72,28,group_setup_then_1024_copies,std_shared,group,97,1638416,16890.8865979,2334208
72,29,resource_lifecycle_64_assets_4096_objects,own_local,cycle,10,199352,19935.2,17203200
72,30,share_read_drop,std_shared,handoff,100000,1494866,14.94866,2350000
72,31,owner_retained_4096_draw_borrows,std_raw_borrow,frame,24,48096,2004,41287680
72,32,group_setup_then_64_copies,std_shared,group,1562,1674121,1071.78040973,2349248
72,33,owner_retained_4096_parameter_borrows,std_raw_borrow,frame,24,76073,3169.70833333,41287680
72,34,create_read_destroy,own_shared,asset,100000,1266643,12.66643,65000400000
72,35,resource_lifecycle_64_assets_4096_objects,std_shared,cycle,10,521968,52196.8,17203200
72,36,async_queue_job_1024_borrow_reads,own_shared_then_local_view,job,100,134952,1349.52,2406400
72,37,owner_retained_borrow_parameter,std_raw_borrow,call,100000,59943,0.59943,2350000
72,38,copy_read_drop,own_local,copy,100000,100682,1.00682,2350000
72,39,async_queue_job_1_borrow_reads,std_shared_then_raw_borrow,job,100,75738,757.38,2000
72,40,scene_4096_attachments,std_shared,attachment,98304,1019197,10.3678080241,98304
72,41,independent_owner_parameter,std_shared,call,100000,1787991,17.87991,2350000
72,42,async_queue_job_64_borrow_reads,own_shared_then_local_view,job,100,65751,657.51,150400
72,43,resettable_root_pin_1024_borrow_reads,own_shared_pin_local_view,scope,97,34569,356.381443299,2334208
72,44,async_queue_job_1024_borrow_reads,std_shared_then_raw_borrow,job,100,165741,1657.41,2406400
72,45,copy_read_drop,own_shared,copy,100000,1187170,11.8717,2350000
72,46,frame_4096_draws_64_unique_leases,std_shared,frame,24,84218,3509.08333333,41287680
72,47,share_read_drop,own_shared,handoff,100000,1112062,11.12062,2350000
72,48,create_read_destroy,std_shared,asset,100000,1201899,12.01899,65000400000
72,49,frame_4096_draws_64_unique_leases,own_shared,frame,24,98462,4102.58333333,41287680
72,50,owner_retained_borrow_copy_read,std_raw_borrow,read,100000,30037,0.30037,2350000
72,51,group_setup_then_8_copies,own_local,group,12500,223000,17.84,2350000
72,52,owner_retained_4096_parameter_borrows,own_local_view,frame,24,76631,3192.95833333,41287680
72,53,group_setup_then_64_copies,own_local,group,1562,113253,72.5051216389,2349248
72,54,create_read_destroy,own_local,asset,100000,1456832,14.56832,65000400000
72,55,async_queue_job_64_local_copies,std_shared,job,100,365710,3657.1,150400
73,0,resource_lifecycle_64_assets_4096_objects,own_local,cycle,10,193766,19376.6,17203200
73,1,async_queue_job_1024_local_copies,own_local,job,100,293682,2936.82,2406400
73,2,async_queue_job_64_borrow_reads,own_shared_then_local_view,job,100,71355,713.55,150400
73,3,group_setup_then_8_copies,own_local,group,12500,240583,19.24664,2350000
73,4,scene_4096_attachments,std_shared,attachment,98304,945230,9.61537679036,98304
73,5,owner_retained_borrow_parameter,std_raw_borrow,call,100000,59943,0.59943,2350000
73,6,async_queue_job_64_local_copies,std_shared,job,100,263491,2634.91,150400
73,7,owner_retained_borrow_parameter,own_local_view,call,100000,59904,0.59904,2350000
73,8,create_read_destroy,std_shared,asset,100000,1220091,12.20091,65000400000
73,9,owner_retained_4096_parameter_borrows,own_local_view,frame,24,76973,3207.20833333,41287680
73,10,contended_copy_2_workers,std_shared,copy,200000,13592364,67.96182,4700000
73,11,group_setup_then_1024_copies,own_local,group,97,88771,915.164948454,2334208
73,12,contended_copy_2_workers,own_shared,copy,200000,13418994,67.09497,4700000
73,13,group_setup_then_1024_copies,std_shared,group,97,1637681,16883.3092784,2334208
73,14,async_queue_job_1_borrow_reads,std_shared_then_raw_borrow,job,100,40498,404.98,2000
73,15,independent_owner_parameter,std_shared,call,100000,1661306,16.61306,2350000
73,16,independent_owner_parameter,own_local,call,100000,111927,1.11927,2350000
73,17,async_queue_job_1024_borrow_reads,std_shared_then_raw_borrow,job,100,134285,1342.85,2406400
73,18,async_queue_job_64_borrow_reads,std_shared_then_raw_borrow,job,100,68660,686.6,150400
73,19,frame_4096_draws_64_unique_leases,std_shared,frame,24,88642,3693.41666667,41287680
73,20,group_setup_then_64_copies,own_local,group,1562,129668,83.014084507,2349248
73,21,resettable_root_pin_1024_borrow_reads,std_shared_pin_raw_borrow,scope,97,31948,329.360824742,2334208
73,22,async_queue_job_1024_borrow_reads,own_shared_then_local_view,job,100,209526,2095.26,2406400
73,23,owner_retained_4096_draw_borrows,std_raw_borrow,frame,24,48187,2007.79166667,41287680
73,24,group_setup_then_1_copies,std_shared,group,100000,3305311,33.05311,2000000
73,25,localize_read_drop,own_local,group,100000,1305309,13.05309,2350000
73,26,weak_lock_expired,std_shared,lock,100000,85618,0.85618,0
73,27,share_read_drop,own_shared,handoff,100000,1114099,11.14099,2350000
73,28,weak_lock_live,std_shared,lock,100000,1684848,16.84848,2350000
73,29,localize_read_drop,std_shared,group,100000,1507809,15.07809,2350000
73,30,weak_lock_live,own_shared,lock,100000,1475414,14.75414,2350000
73,31,weak_lock_expired,own_shared,lock,100000,77090,0.7709,0
73,32,resettable_root_pin_1024_borrow_reads,own_shared_pin_local_view,scope,97,31436,324.082474227,2334208
73,33,borrow_read,raw_borrow,read,100000,35076,0.35076,2350000
73,34,async_queue_job_1_local_copies,std_shared,job,100,67289,672.89,2000
73,35,resource_lifecycle_64_assets_4096_objects,std_shared,cycle,10,524710,52471,17203200
73,36,create_read_destroy,own_local,asset,100000,1510792,15.10792,65000400000
73,37,async_queue_job_1_local_copies,own_local,job,100,78116,781.16,2000
73,38,group_setup_then_8_copies,std_shared,group,12500,1858610,148.6888,2350000
73,39,scene_4096_attachments,own_local,attachment,98304,146624,1.49153645833,98304
73,40,async_queue_job_1024_local_copies,std_shared,job,100,2440079,24400.79,2406400
73,41,owner_retained_borrow_copy_read,std_raw_borrow,read,100000,30170,0.3017,2350000
73,42,create_read_destroy,own_shared,asset,100000,1250197,12.50197,65000400000
73,43,copy_read_drop,own_local,copy,100000,100030,1.0003,2350000
73,44,frame_4096_draws_64_unique_leases,own_shared,frame,24,93645,3901.875,41287680
73,45,group_setup_then_64_copies,std_shared,group,1562,1825351,1168.59859155,2349248
73,46,async_queue_job_1_borrow_reads,own_shared_then_local_view,job,100,67819,678.19,2000
73,47,group_setup_then_1_copies,own_local,group,100000,1485148,14.85148,2000000
73,48,owner_retained_4096_draw_borrows,own_local_view,frame,24,52494,2187.25,41287680
73,49,owner_retained_4096_parameter_borrows,std_raw_borrow,frame,24,87072,3628,41287680
73,50,independent_owner_parameter,own_shared,call,100000,1505122,15.05122,2350000
73,51,share_read_drop,std_shared,handoff,100000,1469198,14.69198,2350000
73,52,async_queue_job_64_local_copies,own_local,job,100,83290,832.9,150400
73,53,copy_read_drop,std_shared,copy,100000,1664199,16.64199,2350000
73,54,copy_read_drop,own_shared,copy,100000,1115990,11.1599,2350000
73,55,owner_retained_borrow_copy_read,own_local_view,read,100000,30087,0.30087,2350000
74,0,borrow_read,raw_borrow,read,100000,35040,0.3504,2350000
74,1,weak_lock_live,std_shared,lock,100000,1668507,16.68507,2350000
74,2,create_read_destroy,own_shared,asset,100000,1229696,12.29696,65000400000
74,3,independent_owner_parameter,own_local,call,100000,115562,1.15562,2350000
74,4,resource_lifecycle_64_assets_4096_objects,own_local,cycle,10,190111,19011.1,17203200
74,5,async_queue_job_64_borrow_reads,std_shared_then_raw_borrow,job,100,53792,537.92,150400
74,6,async_queue_job_64_borrow_reads,own_shared_then_local_view,job,100,60534,605.34,150400
74,7,weak_lock_expired,own_shared,lock,100000,77069,0.77069,0
74,8,resettable_root_pin_1024_borrow_reads,own_shared_pin_local_view,scope,97,46480,479.175257732,2334208
74,9,group_setup_then_64_copies,own_local,group,1562,111055,71.0979513444,2349248
74,10,group_setup_then_1_copies,std_shared,group,100000,3320871,33.20871,2000000
74,11,async_queue_job_1_borrow_reads,std_shared_then_raw_borrow,job,100,100817,1008.17,2000
74,12,group_setup_then_1024_copies,std_shared,group,97,1652967,17040.8969072,2334208
74,13,frame_4096_draws_64_unique_leases,own_shared,frame,24,105410,4392.08333333,41287680
74,14,copy_read_drop,own_shared,copy,100000,1123479,11.23479,2350000
74,15,resource_lifecycle_64_assets_4096_objects,std_shared,cycle,10,513839,51383.9,17203200
74,16,localize_read_drop,own_local,group,100000,1306174,13.06174,2350000
74,17,owner_retained_4096_draw_borrows,own_local_view,frame,24,48463,2019.29166667,41287680
74,18,async_queue_job_64_local_copies,own_local,job,100,69861,698.61,150400
74,19,localize_read_drop,std_shared,group,100000,1477612,14.77612,2350000
74,20,create_read_destroy,own_local,asset,100000,1501249,15.01249,65000400000
74,21,independent_owner_parameter,std_shared,call,100000,1654995,16.54995,2350000
74,22,async_queue_job_64_local_copies,std_shared,job,100,363004,3630.04,150400
74,23,async_queue_job_1024_borrow_reads,own_shared_then_local_view,job,100,163642,1636.42,2406400
74,24,contended_copy_2_workers,own_shared,copy,200000,9326504,46.63252,4700000
74,25,owner_retained_4096_parameter_borrows,own_local_view,frame,24,78516,3271.5,41287680
74,26,async_queue_job_1024_borrow_reads,std_shared_then_raw_borrow,job,100,127733,1277.33,2406400
74,27,owner_retained_4096_draw_borrows,std_raw_borrow,frame,24,51667,2152.79166667,41287680
74,28,copy_read_drop,std_shared,copy,100000,1684045,16.84045,2350000
74,29,scene_4096_attachments,std_shared,attachment,98304,1921318,19.5446573893,98304
74,30,owner_retained_borrow_parameter,std_raw_borrow,call,100000,61780,0.6178,2350000
74,31,async_queue_job_1024_local_copies,std_shared,job,100,2413235,24132.35,2406400
74,32,async_queue_job_1024_local_copies,own_local,job,100,247004,2470.04,2406400
74,33,owner_retained_borrow_copy_read,own_local_view,read,100000,30580,0.3058,2350000
74,34,async_queue_job_1_borrow_reads,own_shared_then_local_view,job,100,44334,443.34,2000
74,35,async_queue_job_1_local_copies,std_shared,job,100,78532,785.32,2000
74,36,scene_4096_attachments,own_local,attachment,98304,149325,1.51901245117,98304
74,37,frame_4096_draws_64_unique_leases,std_shared,frame,24,85522,3563.41666667,41287680
74,38,group_setup_then_1_copies,own_local,group,100000,1372561,13.72561,2000000
74,39,async_queue_job_1_local_copies,own_local,job,100,73837,738.37,2000
74,40,owner_retained_borrow_copy_read,std_raw_borrow,read,100000,30477,0.30477,2350000
74,41,copy_read_drop,own_local,copy,100000,101434,1.01434,2350000
74,42,group_setup_then_1024_copies,own_local,group,97,98497,1015.43298969,2334208
74,43,group_setup_then_8_copies,own_local,group,12500,283741,22.69928,2350000
74,44,owner_retained_4096_parameter_borrows,std_raw_borrow,frame,24,84521,3521.70833333,41287680
74,45,weak_lock_live,own_shared,lock,100000,1631678,16.31678,2350000
74,46,contended_copy_2_workers,std_shared,copy,200000,11787182,58.93591,4700000
74,47,create_read_destroy,std_shared,asset,100000,1288301,12.88301,65000400000
74,48,weak_lock_expired,std_shared,lock,100000,85719,0.85719,0
74,49,resettable_root_pin_1024_borrow_reads,std_shared_pin_raw_borrow,scope,97,31329,322.979381443,2334208
74,50,owner_retained_borrow_parameter,own_local_view,call,100000,62432,0.62432,2350000
74,51,share_read_drop,own_shared,handoff,100000,1134469,11.34469,2350000
74,52,share_read_drop,std_shared,handoff,100000,1473841,14.73841,2350000
74,53,independent_owner_parameter,own_shared,call,100000,1454045,14.54045,2350000
74,54,group_setup_then_8_copies,std_shared,group,12500,1837765,147.0212,2350000
74,55,group_setup_then_64_copies,std_shared,group,1562,1669251,1068.66261204,2349248
75,0,independent_owner_parameter,own_local,call,100000,115562,1.15562,2350000
75,1,async_queue_job_1_local_copies,own_local,job,100,102797,1027.97,2000
75,2,owner_retained_4096_parameter_borrows,std_raw_borrow,frame,24,78166,3256.91666667,41287680
75,3,weak_lock_expired,std_shared,lock,100000,85553,0.85553,0
75,4,scene_4096_attachments,std_shared,attachment,98304,939035,9.55235799154,98304
75,5,async_queue_job_64_borrow_reads,own_shared_then_local_view,job,100,53894,538.94,150400
75,6,frame_4096_draws_64_unique_leases,own_shared,frame,24,92479,3853.29166667,41287680
75,7,copy_read_drop,std_shared,copy,100000,1681794,16.81794,2350000
75,8,async_queue_job_1_local_copies,std_shared,job,100,68700,687,2000
75,9,async_queue_job_1_borrow_reads,own_shared_then_local_view,job,100,58832,588.32,2000
75,10,async_queue_job_1024_local_copies,std_shared,job,100,2434204,24342.04,2406400
75,11,resettable_root_pin_1024_borrow_reads,own_shared_pin_local_view,scope,97,45528,469.360824742,2334208
75,12,owner_retained_borrow_parameter,own_local_view,call,100000,64280,0.6428,2350000
75,13,owner_retained_4096_draw_borrows,std_raw_borrow,frame,24,52598,2191.58333333,41287680
75,14,independent_owner_parameter,own_shared,call,100000,1454458,14.54458,2350000
75,15,weak_lock_live,std_shared,lock,100000,1694365,16.94365,2350000
75,16,weak_lock_expired,own_shared,lock,100000,77154,0.77154,0
75,17,owner_retained_borrow_copy_read,std_raw_borrow,read,100000,30025,0.30025,2350000
75,18,resource_lifecycle_64_assets_4096_objects,own_local,cycle,10,226013,22601.3,17203200
75,19,group_setup_then_64_copies,own_local,group,1562,136738,87.5403329065,2349248
75,20,group_setup_then_1_copies,own_local,group,100000,1377608,13.77608,2000000
75,21,async_queue_job_1024_borrow_reads,std_shared_then_raw_borrow,job,100,743822,7438.22,2406400
75,22,contended_copy_2_workers,std_shared,copy,200000,13348327,66.741635,4700000
75,23,owner_retained_4096_draw_borrows,own_local_view,frame,24,49953,2081.375,41287680
75,24,contended_copy_2_workers,own_shared,copy,200000,11835140,59.1757,4700000
75,25,independent_owner_parameter,std_shared,call,100000,1695913,16.95913,2350000
75,26,scene_4096_attachments,own_local,attachment,98304,163893,1.66720581055,98304
75,27,async_queue_job_1_borrow_reads,std_shared_then_raw_borrow,job,100,73557,735.57,2000
75,28,share_read_drop,std_shared,handoff,100000,1470755,14.70755,2350000
75,29,owner_retained_borrow_copy_read,own_local_view,read,100000,30151,0.30151,2350000
75,30,async_queue_job_64_borrow_reads,std_shared_then_raw_borrow,job,100,75248,752.48,150400
75,31,async_queue_job_64_local_copies,std_shared,job,100,342741,3427.41,150400
75,32,group_setup_then_1024_copies,std_shared,group,97,1666667,17182.1340206,2334208
75,33,resource_lifecycle_64_assets_4096_objects,std_shared,cycle,10,538047,53804.7,17203200
75,34,async_queue_job_1024_borrow_reads,own_shared_then_local_view,job,100,126765,1267.65,2406400
75,35,weak_lock_live,own_shared,lock,100000,1501695,15.01695,2350000
75,36,owner_retained_4096_parameter_borrows,own_local_view,frame,24,78529,3272.04166667,41287680
75,37,copy_read_drop,own_shared,copy,100000,1138405,11.38405,2350000
75,38,group_setup_then_8_copies,own_local,group,12500,239985,19.1988,2350000
75,39,create_read_destroy,own_local,asset,100000,1559812,15.59812,65000400000
75,40,async_queue_job_1024_local_copies,own_local,job,100,296064,2960.64,2406400
75,41,async_queue_job_64_local_copies,own_local,job,100,91236,912.36,150400
75,42,frame_4096_draws_64_unique_leases,std_shared,frame,24,88485,3686.875,41287680
75,43,share_read_drop,own_shared,handoff,100000,1123283,11.23283,2350000
75,44,group_setup_then_8_copies,std_shared,group,12500,1876713,150.13704,2350000
75,45,create_read_destroy,own_shared,asset,100000,1253073,12.53073,65000400000
75,46,copy_read_drop,own_local,copy,100000,100645,1.00645,2350000
75,47,borrow_read,raw_borrow,read,100000,37988,0.37988,2350000
75,48,create_read_destroy,std_shared,asset,100000,1408191,14.08191,65000400000
75,49,localize_read_drop,std_shared,group,100000,1610067,16.10067,2350000
75,50,group_setup_then_1_copies,std_shared,group,100000,3422748,34.22748,2000000
75,51,group_setup_then_64_copies,std_shared,group,1562,1664816,1065.82330346,2349248
75,52,resettable_root_pin_1024_borrow_reads,std_shared_pin_raw_borrow,scope,97,31246,322.12371134,2334208
75,53,localize_read_drop,own_local,group,100000,1313886,13.13886,2350000
75,54,owner_retained_borrow_parameter,std_raw_borrow,call,100000,64332,0.64332,2350000
75,55,group_setup_then_1024_copies,own_local,group,97,90800,936.082474227,2334208
76,0,async_queue_job_64_local_copies,std_shared,job,100,381463,3814.63,150400
76,1,share_read_drop,std_shared,handoff,100000,1485729,14.85729,2350000
76,2,weak_lock_expired,std_shared,lock,100000,85646,0.85646,0
76,3,localize_read_drop,own_local,group,100000,1286621,12.86621,2350000
76,4,resettable_root_pin_1024_borrow_reads,own_shared_pin_local_view,scope,97,31595,325.721649485,2334208
76,5,weak_lock_live,std_shared,lock,100000,1714637,17.14637,2350000
76,6,create_read_destroy,std_shared,asset,100000,1230083,12.30083,65000400000
76,7,group_setup_then_1_copies,std_shared,group,100000,3390522,33.90522,2000000
76,8,group_setup_then_8_copies,std_shared,group,12500,1870989,149.67912,2350000
76,9,resource_lifecycle_64_assets_4096_objects,std_shared,cycle,10,524218,52421.8,17203200
76,10,scene_4096_attachments,std_shared,attachment,98304,942975,9.59243774414,98304
76,11,independent_owner_parameter,own_local,call,100000,116157,1.16157,2350000
76,12,frame_4096_draws_64_unique_leases,std_shared,frame,24,83267,3469.45833333,41287680
76,13,independent_owner_parameter,own_shared,call,100000,1464245,14.64245,2350000
76,14,async_queue_job_1024_local_copies,own_local,job,100,209676,2096.76,2406400
76,15,independent_owner_parameter,std_shared,call,100000,1665891,16.65891,2350000
76,16,owner_retained_borrow_copy_read,own_local_view,read,100000,30099,0.30099,2350000
76,17,share_read_drop,own_shared,handoff,100000,1142456,11.42456,2350000
76,18,weak_lock_live,own_shared,lock,100000,1486500,14.865,2350000
76,19,owner_retained_4096_parameter_borrows,std_raw_borrow,frame,24,90281,3761.70833333,41287680
76,20,contended_copy_2_workers,std_shared,copy,200000,12057567,60.287835,4700000
76,21,weak_lock_expired,own_shared,lock,100000,77084,0.77084,0
76,22,async_queue_job_64_local_copies,own_local,job,100,70427,704.27,150400
76,23,contended_copy_2_workers,own_shared,copy,200000,7681460,38.4073,4700000
76,24,group_setup_then_8_copies,own_local,group,12500,282786,22.62288,2350000
76,25,group_setup_then_1024_copies,own_local,group,97,95665,986.237113402,2334208
76,26,owner_retained_borrow_parameter,std_raw_borrow,call,100000,76051,0.76051,2350000
76,27,group_setup_then_1_copies,own_local,group,100000,1377077,13.77077,2000000
76,28,copy_read_drop,own_shared,copy,100000,1131358,11.31358,2350000
76,29,async_queue_job_64_borrow_reads,std_shared_then_raw_borrow,job,100,64347,643.47,150400
76,30,async_queue_job_1_local_copies,std_shared,job,100,78531,785.31,2000
76,31,owner_retained_4096_draw_borrows,own_local_view,frame,24,49113,2046.375,41287680
76,32,async_queue_job_1_borrow_reads,own_shared_then_local_view,job,100,59823,598.23,2000
76,33,create_read_destroy,own_local,asset,100000,1594052,15.94052,65000400000
76,34,async_queue_job_64_borrow_reads,own_shared_then_local_view,job,100,79509,795.09,150400
76,35,async_queue_job_1024_borrow_reads,std_shared_then_raw_borrow,job,100,162479,1624.79,2406400
76,36,owner_retained_4096_parameter_borrows,own_local_view,frame,24,76228,3176.16666667,41287680
76,37,group_setup_then_1024_copies,std_shared,group,97,1654535,17057.0618557,2334208
76,38,async_queue_job_1024_borrow_reads,own_shared_then_local_view,job,100,98108,981.08,2406400
76,39,copy_read_drop,std_shared,copy,100000,1699520,16.9952,2350000
76,40,create_read_destroy,own_shared,asset,100000,1206144,12.06144,65000400000
76,41,owner_retained_borrow_copy_read,std_raw_borrow,read,100000,30032,0.30032,2350000
76,42,borrow_read,raw_borrow,read,100000,35045,0.35045,2350000
76,43,copy_read_drop,own_local,copy,100000,101729,1.01729,2350000
76,44,resource_lifecycle_64_assets_4096_objects,own_local,cycle,10,209819,20981.9,17203200
76,45,async_queue_job_1_local_copies,own_local,job,100,60952,609.52,2000
76,46,resettable_root_pin_1024_borrow_reads,std_shared_pin_raw_borrow,scope,97,38081,392.587628866,2334208
76,47,group_setup_then_64_copies,own_local,group,1562,138722,88.8104993598,2349248
76,48,async_queue_job_1_borrow_reads,std_shared_then_raw_borrow,job,100,60921,609.21,2000
76,49,localize_read_drop,std_shared,group,100000,1615011,16.15011,2350000
76,50,frame_4096_draws_64_unique_leases,own_shared,frame,24,96220,4009.16666667,41287680
76,51,group_setup_then_64_copies,std_shared,group,1562,1822504,1166.7759283,2349248
76,52,scene_4096_attachments,own_local,attachment,98304,148097,1.50652058919,98304
76,53,owner_retained_4096_draw_borrows,std_raw_borrow,frame,24,48258,2010.75,41287680
76,54,async_queue_job_1024_local_copies,std_shared,job,100,2442500,24425,2406400
76,55,owner_retained_borrow_parameter,own_local_view,call,100000,64384,0.64384,2350000
77,0,resource_lifecycle_64_assets_4096_objects,std_shared,cycle,10,510467,51046.7,17203200
77,1,async_queue_job_1024_borrow_reads,std_shared_then_raw_borrow,job,100,135264,1352.64,2406400
77,2,localize_read_drop,std_shared,group,100000,1488164,14.88164,2350000
77,3,owner_retained_4096_draw_borrows,own_local_view,frame,24,47457,1977.375,41287680
77,4,share_read_drop,std_shared,handoff,100000,1507531,15.07531,2350000
77,5,async_queue_job_1024_local_copies,own_local,job,100,2128607,21286.07,2406400
77,6,resettable_root_pin_1024_borrow_reads,std_shared_pin_raw_borrow,scope,97,31897,328.835051546,2334208
77,7,owner_retained_4096_draw_borrows,std_raw_borrow,frame,24,47294,1970.58333333,41287680
77,8,group_setup_then_64_copies,std_shared,group,1562,1700621,1088.74583867,2349248
77,9,create_read_destroy,std_shared,asset,100000,1249580,12.4958,65000400000
77,10,weak_lock_expired,own_shared,lock,100000,77092,0.77092,0
77,11,contended_copy_2_workers,own_shared,copy,200000,10783412,53.91706,4700000
77,12,borrow_read,raw_borrow,read,100000,39648,0.39648,2350000
77,13,async_queue_job_1_local_copies,std_shared,job,100,70783,707.83,2000
77,14,create_read_destroy,own_local,asset,100000,1440400,14.404,65000400000
77,15,group_setup_then_64_copies,own_local,group,1562,124808,79.9026888604,2349248
77,16,async_queue_job_64_borrow_reads,std_shared_then_raw_borrow,job,100,59291,592.91,150400
77,17,owner_retained_borrow_copy_read,own_local_view,read,100000,30294,0.30294,2350000
77,18,owner_retained_borrow_parameter,own_local_view,call,100000,72750,0.7275,2350000
77,19,owner_retained_4096_parameter_borrows,own_local_view,frame,24,76419,3184.125,41287680
77,20,independent_owner_parameter,std_shared,call,100000,1672020,16.7202,2350000
77,21,async_queue_job_64_local_copies,own_local,job,100,1572082,15720.82,150400
77,22,async_queue_job_1_borrow_reads,std_shared_then_raw_borrow,job,100,45124,451.24,2000
77,23,owner_retained_4096_parameter_borrows,std_raw_borrow,frame,24,76704,3196,41287680
77,24,group_setup_then_1024_copies,std_shared,group,97,1651798,17028.8453608,2334208
77,25,scene_4096_attachments,std_shared,attachment,98304,966160,9.82828776042,98304
77,26,weak_lock_expired,std_shared,lock,100000,85667,0.85667,0
77,27,async_queue_job_64_local_copies,std_shared,job,100,292175,2921.75,150400
77,28,copy_read_drop,own_shared,copy,100000,1122230,11.2223,2350000
77,29,independent_owner_parameter,own_shared,call,100000,1471472,14.71472,2350000
77,30,localize_read_drop,own_local,group,100000,1300377,13.00377,2350000
77,31,copy_read_drop,std_shared,copy,100000,1680018,16.80018,2350000
77,32,frame_4096_draws_64_unique_leases,own_shared,frame,24,86601,3608.375,41287680
77,33,weak_lock_live,own_shared,lock,100000,1484426,14.84426,2350000
77,34,copy_read_drop,own_local,copy,100000,119620,1.1962,2350000
77,35,create_read_destroy,own_shared,asset,100000,1349566,13.49566,65000400000
77,36,group_setup_then_8_copies,own_local,group,12500,241055,19.2844,2350000
77,37,weak_lock_live,std_shared,lock,100000,1840178,18.40178,2350000
77,38,owner_retained_borrow_parameter,std_raw_borrow,call,100000,64936,0.64936,2350000
77,39,resource_lifecycle_64_assets_4096_objects,own_local,cycle,10,211813,21181.3,17203200
77,40,group_setup_then_8_copies,std_shared,group,12500,1911650,152.932,2350000
77,41,share_read_drop,own_shared,handoff,100000,1120906,11.20906,2350000
77,42,owner_retained_borrow_copy_read,std_raw_borrow,read,100000,29996,0.29996,2350000
77,43,group_setup_then_1024_copies,own_local,group,97,95804,987.670103093,2334208
77,44,independent_owner_parameter,own_local,call,100000,111555,1.11555,2350000
77,45,resettable_root_pin_1024_borrow_reads,own_shared_pin_local_view,scope,97,31337,323.06185567,2334208
77,46,scene_4096_attachments,own_local,attachment,98304,147235,1.49775187174,98304
77,47,async_queue_job_1024_borrow_reads,own_shared_then_local_view,job,100,172630,1726.3,2406400
77,48,async_queue_job_1_borrow_reads,own_shared_then_local_view,job,100,58680,586.8,2000
77,49,group_setup_then_1_copies,std_shared,group,100000,3345654,33.45654,2000000
77,50,group_setup_then_1_copies,own_local,group,100000,1382962,13.82962,2000000
77,51,frame_4096_draws_64_unique_leases,std_shared,frame,24,97878,4078.25,41287680
77,52,async_queue_job_1_local_copies,own_local,job,100,70133,701.33,2000
77,53,async_queue_job_64_borrow_reads,own_shared_then_local_view,job,100,55663,556.63,150400
77,54,contended_copy_2_workers,std_shared,copy,200000,12626038,63.13019,4700000
77,55,async_queue_job_1024_local_copies,std_shared,job,100,2741353,27413.53,2406400
78,0,group_setup_then_8_copies,own_local,group,12500,271546,21.72368,2350000
78,1,create_read_destroy,own_shared,asset,100000,1276914,12.76914,65000400000
78,2,owner_retained_borrow_copy_read,std_raw_borrow,read,100000,30087,0.30087,2350000
78,3,async_queue_job_1024_borrow_reads,own_shared_then_local_view,job,100,126882,1268.82,2406400
78,4,scene_4096_attachments,own_local,attachment,98304,144140,1.46626790365,98304
78,5,owner_retained_borrow_parameter,std_raw_borrow,call,100000,59918,0.59918,2350000
78,6,create_read_destroy,own_local,asset,100000,1539571,15.39571,65000400000
78,7,frame_4096_draws_64_unique_leases,std_shared,frame,24,101405,4225.20833333,41287680
78,8,create_read_destroy,std_shared,asset,100000,1296808,12.96808,65000400000
78,9,copy_read_drop,own_local,copy,100000,106379,1.06379,2350000
78,10,owner_retained_borrow_parameter,own_local_view,call,100000,64950,0.6495,2350000
78,11,owner_retained_borrow_copy_read,own_local_view,read,100000,32643,0.32643,2350000
78,12,group_setup_then_64_copies,std_shared,group,1562,1846085,1181.87259923,2349248
78,13,copy_read_drop,std_shared,copy,100000,1836147,18.36147,2350000
78,14,localize_read_drop,own_local,group,100000,1315043,13.15043,2350000
78,15,async_queue_job_1024_local_copies,own_local,job,100,232515,2325.15,2406400
78,16,contended_copy_2_workers,own_shared,copy,200000,8249836,41.24918,4700000
78,17,async_queue_job_1_local_copies,own_local,job,100,64263,642.63,2000
78,18,localize_read_drop,std_shared,group,100000,1508155,15.08155,2350000
78,19,resettable_root_pin_1024_borrow_reads,own_shared_pin_local_view,scope,97,31574,325.505154639,2334208
78,20,group_setup_then_64_copies,own_local,group,1562,150729,96.4974391805,2349248
78,21,independent_owner_parameter,std_shared,call,100000,1683748,16.83748,2350000
78,22,group_setup_then_8_copies,std_shared,group,12500,1870686,149.65488,2350000
78,23,share_read_drop,std_shared,handoff,100000,1486597,14.86597,2350000
78,24,async_queue_job_64_borrow_reads,own_shared_then_local_view,job,100,77991,779.91,150400
78,25,weak_lock_live,own_shared,lock,100000,1510408,15.10408,2350000
78,26,scene_4096_attachments,std_shared,attachment,98304,941243,9.57481892904,98304
78,27,async_queue_job_1_borrow_reads,std_shared_then_raw_borrow,job,100,46660,466.6,2000
78,28,owner_retained_4096_parameter_borrows,own_local_view,frame,24,83646,3485.25,41287680
78,29,resource_lifecycle_64_assets_4096_objects,std_shared,cycle,10,564516,56451.6,17203200
78,30,group_setup_then_1_copies,own_local,group,100000,1358840,13.5884,2000000
78,31,owner_retained_4096_parameter_borrows,std_raw_borrow,frame,24,76799,3199.95833333,41287680
78,32,borrow_read,raw_borrow,read,100000,34956,0.34956,2350000
78,33,copy_read_drop,own_shared,copy,100000,1118127,11.18127,2350000
78,34,async_queue_job_64_local_copies,own_local,job,100,1227872,12278.72,150400
78,35,share_read_drop,own_shared,handoff,100000,1142237,11.42237,2350000
78,36,async_queue_job_64_local_copies,std_shared,job,100,280606,2806.06,150400
78,37,async_queue_job_64_borrow_reads,std_shared_then_raw_borrow,job,100,78097,780.97,150400
78,38,independent_owner_parameter,own_local,call,100000,115954,1.15954,2350000
78,39,weak_lock_expired,own_shared,lock,100000,77169,0.77169,0
78,40,independent_owner_parameter,own_shared,call,100000,1467150,14.6715,2350000
78,41,async_queue_job_1_borrow_reads,own_shared_then_local_view,job,100,37692,376.92,2000
78,42,weak_lock_expired,std_shared,lock,100000,85752,0.85752,0
78,43,contended_copy_2_workers,std_shared,copy,200000,12481556,62.40778,4700000
78,44,weak_lock_live,std_shared,lock,100000,1701005,17.01005,2350000
78,45,resettable_root_pin_1024_borrow_reads,std_shared_pin_raw_borrow,scope,97,32109,331.020618557,2334208
78,46,group_setup_then_1_copies,std_shared,group,100000,3354207,33.54207,2000000
78,47,async_queue_job_1024_local_copies,std_shared,job,100,2501705,25017.05,2406400
78,48,group_setup_then_1024_copies,std_shared,group,97,1678227,17301.3092784,2334208
78,49,async_queue_job_1024_borrow_reads,std_shared_then_raw_borrow,job,100,135448,1354.48,2406400
78,50,resource_lifecycle_64_assets_4096_objects,own_local,cycle,10,200064,20006.4,17203200
78,51,async_queue_job_1_local_copies,std_shared,job,100,65126,651.26,2000
78,52,owner_retained_4096_draw_borrows,own_local_view,frame,24,48170,2007.08333333,41287680
78,53,frame_4096_draws_64_unique_leases,own_shared,frame,24,88455,3685.625,41287680
78,54,owner_retained_4096_draw_borrows,std_raw_borrow,frame,24,48314,2013.08333333,41287680
78,55,group_setup_then_1024_copies,own_local,group,97,91237,940.587628866,2334208
79,0,async_queue_job_1_borrow_reads,std_shared_then_raw_borrow,job,100,70592,705.92,2000
79,1,owner_retained_borrow_copy_read,own_local_view,read,100000,30037,0.30037,2350000
79,2,async_queue_job_1_local_copies,own_local,job,100,62325,623.25,2000
79,3,localize_read_drop,std_shared,group,100000,1499926,14.99926,2350000
79,4,async_queue_job_64_local_copies,std_shared,job,100,272484,2724.84,150400
79,5,owner_retained_4096_parameter_borrows,own_local_view,frame,24,91929,3830.375,41287680
79,6,localize_read_drop,own_local,group,100000,1365598,13.65598,2350000
79,7,independent_owner_parameter,std_shared,call,100000,1663580,16.6358,2350000
79,8,resource_lifecycle_64_assets_4096_objects,own_local,cycle,10,211574,21157.4,17203200
79,9,owner_retained_4096_draw_borrows,std_raw_borrow,frame,24,47660,1985.83333333,41287680
79,10,owner_retained_borrow_parameter,own_local_view,call,100000,61708,0.61708,2350000
79,11,group_setup_then_64_copies,std_shared,group,1562,1696734,1086.25736236,2349248
79,12,contended_copy_2_workers,own_shared,copy,200000,15922517,79.612585,4700000
79,13,group_setup_then_8_copies,std_shared,group,12500,1881968,150.55744,2350000
79,14,group_setup_then_1024_copies,std_shared,group,97,1662724,17141.4845361,2334208
79,15,borrow_read,raw_borrow,read,100000,35089,0.35089,2350000
79,16,create_read_destroy,own_shared,asset,100000,1220184,12.20184,65000400000
79,17,async_queue_job_1024_local_copies,std_shared,job,100,4138226,41382.26,2406400
79,18,async_queue_job_64_borrow_reads,std_shared_then_raw_borrow,job,100,56938,569.38,150400
79,19,group_setup_then_64_copies,own_local,group,1562,124480,79.6927016645,2349248
79,20,create_read_destroy,own_local,asset,100000,1565152,15.65152,65000400000
79,21,frame_4096_draws_64_unique_leases,own_shared,frame,24,89206,3716.91666667,41287680
79,22,group_setup_then_1024_copies,own_local,group,97,91100,939.175257732,2334208
79,23,async_queue_job_1_borrow_reads,own_shared_then_local_view,job,100,43374,433.74,2000
79,24,resettable_root_pin_1024_borrow_reads,own_shared_pin_local_view,scope,97,48031,495.164948454,2334208
79,25,resource_lifecycle_64_assets_4096_objects,std_shared,cycle,10,546767,54676.7,17203200
79,26,group_setup_then_1_copies,own_local,group,100000,1362416,13.62416,2000000
79,27,frame_4096_draws_64_unique_leases,std_shared,frame,24,87464,3644.33333333,41287680
79,28,async_queue_job_1024_borrow_reads,std_shared_then_raw_borrow,job,100,128834,1288.34,2406400
79,29,async_queue_job_1024_borrow_reads,own_shared_then_local_view,job,100,142897,1428.97,2406400
79,30,resettable_root_pin_1024_borrow_reads,std_shared_pin_raw_borrow,scope,97,31717,326.979381443,2334208
79,31,owner_retained_4096_draw_borrows,own_local_view,frame,24,49344,2056,41287680
79,32,group_setup_then_8_copies,own_local,group,12500,223095,17.8476,2350000
79,33,group_setup_then_1_copies,std_shared,group,100000,3346613,33.46613,2000000
79,34,scene_4096_attachments,own_local,attachment,98304,144593,1.47087605794,98304
79,35,create_read_destroy,std_shared,asset,100000,1277245,12.77245,65000400000
79,36,independent_owner_parameter,own_shared,call,100000,1483792,14.83792,2350000
79,37,owner_retained_borrow_parameter,std_raw_borrow,call,100000,63413,0.63413,2350000
79,38,share_read_drop,std_shared,handoff,100000,1490023,14.90023,2350000
79,39,scene_4096_attachments,std_shared,attachment,98304,955666,9.72153727214,98304
79,40,async_queue_job_64_borrow_reads,own_shared_then_local_view,job,100,67274,672.74,150400
79,41,async_queue_job_64_local_copies,own_local,job,100,71285,712.85,150400
79,42,owner_retained_4096_parameter_borrows,std_raw_borrow,frame,24,81386,3391.08333333,41287680
79,43,weak_lock_expired,std_shared,lock,100000,90164,0.90164,0
79,44,independent_owner_parameter,own_local,call,100000,119564,1.19564,2350000
79,45,async_queue_job_1_local_copies,std_shared,job,100,60792,607.92,2000
79,46,contended_copy_2_workers,std_shared,copy,200000,14129834,70.64917,4700000
79,47,share_read_drop,own_shared,handoff,100000,1123146,11.23146,2350000
79,48,owner_retained_borrow_copy_read,std_raw_borrow,read,100000,34146,0.34146,2350000
79,49,weak_lock_expired,own_shared,lock,100000,90200,0.902,0
79,50,weak_lock_live,own_shared,lock,100000,1509821,15.09821,2350000
79,51,weak_lock_live,std_shared,lock,100000,1688915,16.88915,2350000
79,52,async_queue_job_1024_local_copies,own_local,job,100,280303,2803.03,2406400
79,53,copy_read_drop,own_local,copy,100000,105729,1.05729,2350000
79,54,copy_read_drop,own_shared,copy,100000,1232096,12.32096,2350000
79,55,copy_read_drop,std_shared,copy,100000,1839090,18.3909,2350000
80,0,async_queue_job_64_borrow_reads,own_shared_then_local_view,job,100,60503,605.03,150400
80,1,frame_4096_draws_64_unique_leases,own_shared,frame,24,95547,3981.125,41287680
80,2,localize_read_drop,std_shared,group,100000,1598866,15.98866,2350000
80,3,async_queue_job_64_local_copies,own_local,job,100,63412,634.12,150400
80,4,resource_lifecycle_64_assets_4096_objects,own_local,cycle,10,216314,21631.4,17203200
80,5,group_setup_then_1024_copies,own_local,group,97,103489,1066.89690722,2334208
80,6,async_queue_job_1_borrow_reads,own_shared_then_local_view,job,100,80884,808.84,2000
80,7,owner_retained_4096_parameter_borrows,std_raw_borrow,frame,24,100563,4190.125,41287680
80,8,group_setup_then_64_copies,own_local,group,1562,114869,73.5396927017,2349248
80,9,owner_retained_borrow_copy_read,own_local_view,read,100000,30095,0.30095,2350000
80,10,scene_4096_attachments,std_shared,attachment,98304,951425,9.67839558919,98304
80,11,group_setup_then_1024_copies,std_shared,group,97,1629750,16801.5463918,2334208
80,12,weak_lock_live,own_shared,lock,100000,1533271,15.33271,2350000
80,13,scene_4096_attachments,own_local,attachment,98304,144954,1.47454833984,98304
80,14,independent_owner_parameter,own_local,call,100000,114188,1.14188,2350000
80,15,owner_retained_borrow_copy_read,std_raw_borrow,read,100000,30444,0.30444,2350000
80,16,copy_read_drop,own_local,copy,100000,101822,1.01822,2350000
80,17,group_setup_then_64_copies,std_shared,group,1562,1816164,1162.71702945,2349248
80,18,group_setup_then_1_copies,own_local,group,100000,1501363,15.01363,2000000
80,19,borrow_read,raw_borrow,read,100000,37844,0.37844,2350000
80,20,weak_lock_live,std_shared,lock,100000,1767677,17.67677,2350000
80,21,create_read_destroy,own_shared,asset,100000,1258785,12.58785,65000400000
80,22,localize_read_drop,own_local,group,100000,1321937,13.21937,2350000
80,23,create_read_destroy,std_shared,asset,100000,1235224,12.35224,65000400000
80,24,group_setup_then_8_copies,std_shared,group,12500,1857284,148.58272,2350000
80,25,owner_retained_borrow_parameter,own_local_view,call,100000,60019,0.60019,2350000
80,26,async_queue_job_1024_local_copies,own_local,job,100,241101,2411.01,2406400
80,27,async_queue_job_1024_borrow_reads,std_shared_then_raw_borrow,job,100,146094,1460.94,2406400
80,28,share_read_drop,own_shared,handoff,100000,1114528,11.14528,2350000
80,29,async_queue_job_1_local_copies,own_local,job,100,62364,623.64,2000
80,30,frame_4096_draws_64_unique_leases,std_shared,frame,24,86034,3584.75,41287680
80,31,weak_lock_expired,own_shared,lock,100000,77103,0.77103,0
80,32,group_setup_then_8_copies,own_local,group,12500,222308,17.78464,2350000
80,33,create_read_destroy,own_local,asset,100000,1520971,15.20971,65000400000
80,34,independent_owner_parameter,std_shared,call,100000,1665869,16.65869,2350000
80,35,independent_owner_parameter,own_shared,call,100000,1458843,14.58843,2350000
80,36,resettable_root_pin_1024_borrow_reads,std_shared_pin_raw_borrow,scope,97,32000,329.896907216,2334208
80,37,group_setup_then_1_copies,std_shared,group,100000,3323961,33.23961,2000000
80,38,async_queue_job_1024_local_copies,std_shared,job,100,2428284,24282.84,2406400
80,39,resource_lifecycle_64_assets_4096_objects,std_shared,cycle,10,511946,51194.6,17203200
80,40,owner_retained_4096_draw_borrows,own_local_view,frame,24,49011,2042.125,41287680
80,41,owner_retained_4096_parameter_borrows,own_local_view,frame,24,76041,3168.375,41287680
80,42,owner_retained_4096_draw_borrows,std_raw_borrow,frame,24,47943,1997.625,41287680
80,43,copy_read_drop,std_shared,copy,100000,1669482,16.69482,2350000
80,44,async_queue_job_64_borrow_reads,std_shared_then_raw_borrow,job,100,85159,851.59,150400
80,45,contended_copy_2_workers,own_shared,copy,200000,9991816,49.95908,4700000
80,46,weak_lock_expired,std_shared,lock,100000,85623,0.85623,0
80,47,resettable_root_pin_1024_borrow_reads,own_shared_pin_local_view,scope,97,31925,329.12371134,2334208
80,48,share_read_drop,std_shared,handoff,100000,1474739,14.74739,2350000
80,49,contended_copy_2_workers,std_shared,copy,200000,14479654,72.39827,4700000
80,50,async_queue_job_1024_borrow_reads,own_shared_then_local_view,job,100,130397,1303.97,2406400
80,51,copy_read_drop,own_shared,copy,100000,1106918,11.06918,2350000
80,52,owner_retained_borrow_parameter,std_raw_borrow,call,100000,64282,0.64282,2350000
80,53,async_queue_job_64_local_copies,std_shared,job,100,351197,3511.97,150400
80,54,async_queue_job_1_local_copies,std_shared,job,100,60253,602.53,2000
80,55,async_queue_job_1_borrow_reads,std_shared_then_raw_borrow,job,100,59690,596.9,2000
81,0,group_setup_then_8_copies,own_local,group,12500,222539,17.80312,2350000
81,1,copy_read_drop,own_shared,copy,100000,1100786,11.00786,2350000
81,2,async_queue_job_1024_borrow_reads,own_shared_then_local_view,job,100,164351,1643.51,2406400
81,3,async_queue_job_1_borrow_reads,own_shared_then_local_view,job,100,62605,626.05,2000
81,4,async_queue_job_64_borrow_reads,own_shared_then_local_view,job,100,53888,538.88,150400
81,5,owner_retained_4096_parameter_borrows,std_raw_borrow,frame,24,98884,4120.16666667,41287680
81,6,group_setup_then_1024_copies,own_local,group,97,91236,940.577319588,2334208
81,7,owner_retained_borrow_parameter,std_raw_borrow,call,100000,64212,0.64212,2350000
81,8,scene_4096_attachments,std_shared,attachment,98304,936256,9.52408854167,98304
81,9,contended_copy_2_workers,std_shared,copy,200000,13639259,68.196295,4700000
81,10,create_read_destroy,std_shared,asset,100000,1258541,12.58541,65000400000
81,11,create_read_destroy,own_local,asset,100000,1437097,14.37097,65000400000
81,12,scene_4096_attachments,own_local,attachment,98304,146381,1.48906453451,98304
81,13,share_read_drop,std_shared,handoff,100000,1468607,14.68607,2350000
81,14,group_setup_then_1024_copies,std_shared,group,97,1650844,17019.0103093,2334208
81,15,create_read_destroy,own_shared,asset,100000,1266500,12.665,65000400000
81,16,async_queue_job_64_borrow_reads,std_shared_then_raw_borrow,job,100,56523,565.23,150400
81,17,resource_lifecycle_64_assets_4096_objects,own_local,cycle,10,196291,19629.1,17203200
81,18,async_queue_job_64_local_copies,std_shared,job,100,326741,3267.41,150400
81,19,contended_copy_2_workers,own_shared,copy,200000,10975735,54.878675,4700000
81,20,group_setup_then_8_copies,std_shared,group,12500,1857870,148.6296,2350000
81,21,independent_owner_parameter,std_shared,call,100000,1668361,16.68361,2350000
81,22,resettable_root_pin_1024_borrow_reads,own_shared_pin_local_view,scope,97,31612,325.896907216,2334208
81,23,group_setup_then_1_copies,own_local,group,100000,1354344,13.54344,2000000
81,24,async_queue_job_1_borrow_reads,std_shared_then_raw_borrow,job,100,63618,636.18,2000
81,25,localize_read_drop,own_local,group,100000,1294506,12.94506,2350000
81,26,frame_4096_draws_64_unique_leases,own_shared,frame,24,86698,3612.41666667,41287680
81,27,async_queue_job_1024_local_copies,std_shared,job,100,2398464,23984.64,2406400
81,28,resource_lifecycle_64_assets_4096_objects,std_shared,cycle,10,506888,50688.8,17203200
81,29,weak_lock_live,own_shared,lock,100000,1537968,15.37968,2350000
81,30,owner_retained_4096_draw_borrows,std_raw_borrow,frame,24,47921,1996.70833333,41287680
81,31,weak_lock_expired,own_shared,lock,100000,77228,0.77228,0
81,32,owner_retained_4096_parameter_borrows,own_local_view,frame,24,82292,3428.83333333,41287680
81,33,localize_read_drop,std_shared,group,100000,1490215,14.90215,2350000
81,34,frame_4096_draws_64_unique_leases,std_shared,frame,24,85693,3570.54166667,41287680
81,35,async_queue_job_1024_borrow_reads,std_shared_then_raw_borrow,job,100,145899,1458.99,2406400
81,36,weak_lock_live,std_shared,lock,100000,1713194,17.13194,2350000
81,37,owner_retained_borrow_copy_read,std_raw_borrow,read,100000,30087,0.30087,2350000
81,38,group_setup_then_64_copies,own_local,group,1562,116181,74.3796414853,2349248
81,39,share_read_drop,own_shared,handoff,100000,1108747,11.08747,2350000
81,40,copy_read_drop,std_shared,copy,100000,1695612,16.95612,2350000
81,41,async_queue_job_64_local_copies,own_local,job,100,78399,783.99,150400
81,42,async_queue_job_1_local_copies,std_shared,job,100,82026,820.26,2000
81,43,owner_retained_borrow_copy_read,own_local_view,read,100000,30151,0.30151,2350000
81,44,resettable_root_pin_1024_borrow_reads,std_shared_pin_raw_borrow,scope,97,31813,327.969072165,2334208
81,45,group_setup_then_64_copies,std_shared,group,1562,1682389,1077.07362356,2349248
81,46,owner_retained_borrow_parameter,own_local_view,call,100000,79174,0.79174,2350000
81,47,copy_read_drop,own_local,copy,100000,102111,1.02111,2350000
81,48,independent_owner_parameter,own_shared,call,100000,1567774,15.67774,2350000
81,49,weak_lock_expired,std_shared,lock,100000,92758,0.92758,0
81,50,async_queue_job_1_local_copies,own_local,job,100,70815,708.15,2000
81,51,borrow_read,raw_borrow,read,100000,38018,0.38018,2350000
81,52,group_setup_then_1_copies,std_shared,group,100000,3501768,35.01768,2000000
81,53,independent_owner_parameter,own_local,call,100000,115809,1.15809,2350000
81,54,async_queue_job_1024_local_copies,own_local,job,100,230373,2303.73,2406400
81,55,owner_retained_4096_draw_borrows,own_local_view,frame,24,47862,1994.25,41287680
82,0,group_setup_then_1024_copies,std_shared,group,97,1658731,17100.3195876,2334208
82,1,scene_4096_attachments,std_shared,attachment,98304,934364,9.5048421224,98304
82,2,create_read_destroy,own_shared,asset,100000,1253872,12.53872,65000400000
82,3,copy_read_drop,own_shared,copy,100000,1126873,11.26873,2350000
82,4,async_queue_job_64_local_copies,std_shared,job,100,312355,3123.55,150400
82,5,async_queue_job_1_borrow_reads,own_shared_then_local_view,job,100,47169,471.69,2000
82,6,async_queue_job_64_borrow_reads,own_shared_then_local_view,job,100,52680,526.8,150400
82,7,contended_copy_2_workers,own_shared,copy,200000,9645598,48.22799,4700000
82,8,owner_retained_borrow_copy_read,std_raw_borrow,read,100000,30136,0.30136,2350000
82,9,owner_retained_4096_parameter_borrows,std_raw_borrow,frame,24,76582,3190.91666667,41287680
82,10,group_setup_then_8_copies,std_shared,group,12500,1919630,153.5704,2350000
82,11,contended_copy_2_workers,std_shared,copy,200000,11606923,58.034615,4700000
82,12,group_setup_then_8_copies,own_local,group,12500,240407,19.23256,2350000
82,13,async_queue_job_64_local_copies,own_local,job,100,80989,809.89,150400
82,14,async_queue_job_1024_borrow_reads,std_shared_then_raw_borrow,job,100,98636,986.36,2406400
82,15,copy_read_drop,own_local,copy,100000,114159,1.14159,2350000
82,16,group_setup_then_1_copies,own_local,group,100000,1471086,14.71086,2000000
82,17,frame_4096_draws_64_unique_leases,std_shared,frame,24,94336,3930.66666667,41287680
82,18,async_queue_job_1024_local_copies,own_local,job,100,319379,3193.79,2406400
82,19,weak_lock_live,own_shared,lock,100000,1628117,16.28117,2350000
82,20,independent_owner_parameter,own_local,call,100000,157976,1.57976,2350000
82,21,weak_lock_expired,own_shared,lock,100000,83510,0.8351,0
82,22,resettable_root_pin_1024_borrow_reads,own_shared_pin_local_view,scope,97,34294,353.546391753,2334208
82,23,group_setup_then_64_copies,std_shared,group,1562,1690202,1082.07554417,2349248
82,24,weak_lock_expired,std_shared,lock,100000,83533,0.83533,0
82,25,create_read_destroy,own_local,asset,100000,1502820,15.0282,65000400000
82,26,weak_lock_live,std_shared,lock,100000,1693801,16.93801,2350000
82,27,borrow_read,raw_borrow,read,100000,34954,0.34954,2350000
82,28,group_setup_then_1024_copies,own_local,group,97,99201,1022.69072165,2334208
82,29,localize_read_drop,std_shared,group,100000,1472115,14.72115,2350000
82,30,owner_retained_4096_parameter_borrows,own_local_view,frame,24,77109,3212.875,41287680
82,31,independent_owner_parameter,own_shared,call,100000,1480728,14.80728,2350000
82,32,create_read_destroy,std_shared,asset,100000,1260803,12.60803,65000400000
82,33,frame_4096_draws_64_unique_leases,own_shared,frame,24,89472,3728,41287680
82,34,owner_retained_borrow_parameter,own_local_view,call,100000,59902,0.59902,2350000
82,35,resettable_root_pin_1024_borrow_reads,std_shared_pin_raw_borrow,scope,97,31496,324.701030928,2334208
82,36,async_queue_job_1_local_copies,std_shared,job,100,69248,692.48,2000
82,37,async_queue_job_1024_local_copies,std_shared,job,100,2436990,24369.9,2406400
82,38,owner_retained_borrow_copy_read,own_local_view,read,100000,30868,0.30868,2350000
82,39,group_setup_then_64_copies,own_local,group,1562,118337,75.7599231754,2349248
82,40,async_queue_job_1024_borrow_reads,own_shared_then_local_view,job,100,115467,1154.67,2406400
82,41,copy_read_drop,std_shared,copy,100000,1657597,16.57597,2350000
82,42,async_queue_job_1_borrow_reads,std_shared_then_raw_borrow,job,100,75929,759.29,2000
82,43,group_setup_then_1_copies,std_shared,group,100000,3322501,33.22501,2000000
82,44,localize_read_drop,own_local,group,100000,1278115,12.78115,2350000
82,45,share_read_drop,std_shared,handoff,100000,1490757,14.90757,2350000
82,46,async_queue_job_64_borrow_reads,std_shared_then_raw_borrow,job,100,65184,651.84,150400
82,47,scene_4096_attachments,own_local,attachment,98304,144002,1.46486409505,98304
82,48,owner_retained_4096_draw_borrows,std_raw_borrow,frame,24,48969,2040.375,41287680
82,49,async_queue_job_1_local_copies,own_local,job,100,111906,1119.06,2000
82,50,owner_retained_borrow_parameter,std_raw_borrow,call,100000,64301,0.64301,2350000
82,51,independent_owner_parameter,std_shared,call,100000,1660741,16.60741,2350000
82,52,resource_lifecycle_64_assets_4096_objects,std_shared,cycle,10,508382,50838.2,17203200
82,53,owner_retained_4096_draw_borrows,own_local_view,frame,24,51460,2144.16666667,41287680
82,54,resource_lifecycle_64_assets_4096_objects,own_local,cycle,10,191838,19183.8,17203200
82,55,share_read_drop,own_shared,handoff,100000,1149320,11.4932,2350000
83,0,resettable_root_pin_1024_borrow_reads,own_shared_pin_local_view,scope,97,31503,324.773195876,2334208
83,1,owner_retained_4096_draw_borrows,own_local_view,frame,24,46854,1952.25,41287680
83,2,independent_owner_parameter,std_shared,call,100000,1645218,16.45218,2350000
83,3,owner_retained_borrow_copy_read,std_raw_borrow,read,100000,30441,0.30441,2350000
83,4,group_setup_then_1024_copies,std_shared,group,97,1644155,16950.0515464,2334208
83,5,copy_read_drop,std_shared,copy,100000,1716656,17.16656,2350000
83,6,weak_lock_live,own_shared,lock,100000,1471793,14.71793,2350000
83,7,create_read_destroy,own_local,asset,100000,1588155,15.88155,65000400000
83,8,independent_owner_parameter,own_local,call,100000,115443,1.15443,2350000
83,9,copy_read_drop,own_shared,copy,100000,1105814,11.05814,2350000
83,10,contended_copy_2_workers,std_shared,copy,200000,10429246,52.14623,4700000
83,11,localize_read_drop,own_local,group,100000,1302680,13.0268,2350000
83,12,scene_4096_attachments,std_shared,attachment,98304,935901,9.52047729492,98304
83,13,weak_lock_expired,std_shared,lock,100000,83453,0.83453,0
83,14,async_queue_job_1024_borrow_reads,std_shared_then_raw_borrow,job,100,142336,1423.36,2406400
83,15,frame_4096_draws_64_unique_leases,own_shared,frame,24,88670,3694.58333333,41287680
83,16,borrow_read,raw_borrow,read,100000,35141,0.35141,2350000
83,17,contended_copy_2_workers,own_shared,copy,200000,10882453,54.412265,4700000
83,18,localize_read_drop,std_shared,group,100000,1473515,14.73515,2350000
83,19,group_setup_then_1024_copies,own_local,group,97,104337,1075.63917526,2334208
83,20,group_setup_then_8_copies,own_local,group,12500,228538,18.28304,2350000
83,21,async_queue_job_64_borrow_reads,std_shared_then_raw_borrow,job,100,57166,571.66,150400
83,22,group_setup_then_8_copies,std_shared,group,12500,1877053,150.16424,2350000
83,23,copy_read_drop,own_local,copy,100000,101494,1.01494,2350000
83,24,owner_retained_4096_draw_borrows,std_raw_borrow,frame,24,53218,2217.41666667,41287680
83,25,owner_retained_4096_parameter_borrows,own_local_view,frame,24,84192,3508,41287680
83,26,owner_retained_borrow_parameter,std_raw_borrow,call,100000,64966,0.64966,2350000
83,27,async_queue_job_64_local_copies,own_local,job,100,70811,708.11,150400
83,28,async_queue_job_1_borrow_reads,own_shared_then_local_view,job,100,73330,733.3,2000
83,29,share_read_drop,std_shared,handoff,100000,1596182,15.96182,2350000
83,30,independent_owner_parameter,own_shared,call,100000,1592067,15.92067,2350000
83,31,weak_lock_expired,own_shared,lock,100000,83558,0.83558,0
83,32,owner_retained_4096_parameter_borrows,std_raw_borrow,frame,24,112303,4679.29166667,41287680
83,33,scene_4096_attachments,own_local,attachment,98304,155031,1.57705688477,98304
83,34,owner_retained_borrow_parameter,own_local_view,call,100000,64880,0.6488,2350000
83,35,group_setup_then_64_copies,own_local,group,1562,123577,79.1145966709,2349248
83,36,async_queue_job_64_borrow_reads,own_shared_then_local_view,job,100,70913,709.13,150400
83,37,share_read_drop,own_shared,handoff,100000,1111959,11.11959,2350000
83,38,create_read_destroy,own_shared,asset,100000,1246237,12.46237,65000400000
83,39,resource_lifecycle_64_assets_4096_objects,own_local,cycle,10,212064,21206.4,17203200
83,40,frame_4096_draws_64_unique_leases,std_shared,frame,24,85328,3555.33333333,41287680
83,41,owner_retained_borrow_copy_read,own_local_view,read,100000,30023,0.30023,2350000
83,42,async_queue_job_64_local_copies,std_shared,job,100,273763,2737.63,150400
83,43,async_queue_job_1024_borrow_reads,own_shared_then_local_view,job,100,91220,912.2,2406400
83,44,async_queue_job_1024_local_copies,own_local,job,100,232500,2325,2406400
83,45,create_read_destroy,std_shared,asset,100000,1232231,12.32231,65000400000
83,46,async_queue_job_1_local_copies,std_shared,job,100,55883,558.83,2000
83,47,weak_lock_live,std_shared,lock,100000,1688283,16.88283,2350000
83,48,async_queue_job_1_local_copies,own_local,job,100,62091,620.91,2000
83,49,group_setup_then_64_copies,std_shared,group,1562,1669505,1068.82522407,2349248
83,50,async_queue_job_1_borrow_reads,std_shared_then_raw_borrow,job,100,63153,631.53,2000
83,51,async_queue_job_1024_local_copies,std_shared,job,100,2396131,23961.31,2406400
83,52,resettable_root_pin_1024_borrow_reads,std_shared_pin_raw_borrow,scope,97,43213,445.494845361,2334208
83,53,resource_lifecycle_64_assets_4096_objects,std_shared,cycle,10,511213,51121.3,17203200
83,54,group_setup_then_1_copies,own_local,group,100000,1375114,13.75114,2000000
83,55,group_setup_then_1_copies,std_shared,group,100000,3397314,33.97314,2000000
84,0,async_queue_job_1024_borrow_reads,std_shared_then_raw_borrow,job,100,126544,1265.44,2406400
84,1,resettable_root_pin_1024_borrow_reads,own_shared_pin_local_view,scope,97,31486,324.597938144,2334208
84,2,share_read_drop,std_shared,handoff,100000,1461978,14.61978,2350000
84,3,weak_lock_live,std_shared,lock,100000,1704068,17.04068,2350000
84,4,owner_retained_4096_parameter_borrows,std_raw_borrow,frame,24,76329,3180.375,41287680
84,5,contended_copy_2_workers,own_shared,copy,200000,9878901,49.394505,4700000
84,6,resource_lifecycle_64_assets_4096_objects,std_shared,cycle,10,554351,55435.1,17203200
84,7,async_queue_job_1_local_copies,std_shared,job,100,71250,712.5,2000
84,8,weak_lock_expired,own_shared,lock,100000,77350,0.7735,0
84,9,async_queue_job_1024_borrow_reads,own_shared_then_local_view,job,100,117332,1173.32,2406400
84,10,resettable_root_pin_1024_borrow_reads,std_shared_pin_raw_borrow,scope,97,31931,329.18556701,2334208
84,11,weak_lock_live,own_shared,lock,100000,1503038,15.03038,2350000
84,12,async_queue_job_1_borrow_reads,own_shared_then_local_view,job,100,80003,800.03,2000
84,13,owner_retained_borrow_copy_read,own_local_view,read,100000,30331,0.30331,2350000
84,14,group_setup_then_8_copies,std_shared,group,12500,1876222,150.09776,2350000
84,15,async_queue_job_64_borrow_reads,own_shared_then_local_view,job,100,54677,546.77,150400
84,16,owner_retained_4096_draw_borrows,own_local_view,frame,24,49070,2044.58333333,41287680
84,17,localize_read_drop,std_shared,group,100000,1496735,14.96735,2350000
84,18,resource_lifecycle_64_assets_4096_objects,own_local,cycle,10,195361,19536.1,17203200
84,19,group_setup_then_64_copies,std_shared,group,1562,1669301,1068.69462228,2349248
84,20,async_queue_job_1024_local_copies,own_local,job,100,226628,2266.28,2406400
84,21,async_queue_job_64_borrow_reads,std_shared_then_raw_borrow,job,100,76247,762.47,150400
84,22,independent_owner_parameter,own_shared,call,100000,1499221,14.99221,2350000
84,23,weak_lock_expired,std_shared,lock,100000,85694,0.85694,0
84,24,async_queue_job_1024_local_copies,std_shared,job,100,2381422,23814.22,2406400
84,25,async_queue_job_64_local_copies,own_local,job,100,69541,695.41,150400
84,26,group_setup_then_64_copies,own_local,group,1562,112133,71.7880921895,2349248
84,27,owner_retained_4096_draw_borrows,std_raw_borrow,frame,24,65116,2713.16666667,41287680
84,28,independent_owner_parameter,own_local,call,100000,115606,1.15606,2350000
84,29,async_queue_job_64_local_copies,std_shared,job,100,255008,2550.08,150400
84,30,frame_4096_draws_64_unique_leases,std_shared,frame,24,88254,3677.25,41287680
84,31,group_setup_then_1_copies,std_shared,group,100000,3388099,33.88099,2000000
84,32,create_read_destroy,std_shared,asset,100000,1289708,12.89708,65000400000
84,33,owner_retained_borrow_parameter,own_local_view,call,100000,65807,0.65807,2350000
84,34,copy_read_drop,std_shared,copy,100000,1652231,16.52231,2350000
84,35,share_read_drop,own_shared,handoff,100000,1162494,11.62494,2350000
84,36,borrow_read,raw_borrow,read,100000,35014,0.35014,2350000
84,37,copy_read_drop,own_local,copy,100000,101558,1.01558,2350000
84,38,group_setup_then_8_copies,own_local,group,12500,259595,20.7676,2350000
84,39,group_setup_then_1_copies,own_local,group,100000,1509999,15.09999,2000000
84,40,group_setup_then_1024_copies,std_shared,group,97,1789525,18448.7113402,2334208
84,41,async_queue_job_1_local_copies,own_local,job,100,70878,708.78,2000
84,42,contended_copy_2_workers,std_shared,copy,200000,11935317,59.676585,4700000
84,43,frame_4096_draws_64_unique_leases,own_shared,frame,24,91387,3807.79166667,41287680
84,44,localize_read_drop,own_local,group,100000,1303770,13.0377,2350000
84,45,scene_4096_attachments,own_local,attachment,98304,143966,1.46449788411,98304
84,46,create_read_destroy,own_shared,asset,100000,1414689,14.14689,65000400000
84,47,scene_4096_attachments,std_shared,attachment,98304,946387,9.62714640299,98304
84,48,owner_retained_borrow_parameter,std_raw_borrow,call,100000,64018,0.64018,2350000
84,49,owner_retained_4096_parameter_borrows,own_local_view,frame,24,76991,3207.95833333,41287680
84,50,create_read_destroy,own_local,asset,100000,1524576,15.24576,65000400000
84,51,group_setup_then_1024_copies,own_local,group,97,92674,955.402061856,2334208
84,52,async_queue_job_1_borrow_reads,std_shared_then_raw_borrow,job,100,65801,658.01,2000
84,53,copy_read_drop,own_shared,copy,100000,1108900,11.089,2350000
84,54,independent_owner_parameter,std_shared,call,100000,1654183,16.54183,2350000
84,55,owner_retained_borrow_copy_read,std_raw_borrow,read,100000,30171,0.30171,2350000
85,0,owner_retained_4096_draw_borrows,std_raw_borrow,frame,24,49943,2080.95833333,41287680
85,1,contended_copy_2_workers,own_shared,copy,200000,11108411,55.542055,4700000
85,2,group_setup_then_1_copies,own_local,group,100000,1372015,13.72015,2000000
85,3,async_queue_job_1024_borrow_reads,std_shared_then_raw_borrow,job,100,113633,1136.33,2406400
85,4,localize_read_drop,own_local,group,100000,1298454,12.98454,2350000
85,5,localize_read_drop,std_shared,group,100000,1488944,14.88944,2350000
85,6,owner_retained_borrow_copy_read,own_local_view,read,100000,30027,0.30027,2350000
85,7,owner_retained_4096_draw_borrows,own_local_view,frame,24,47338,1972.41666667,41287680
85,8,async_queue_job_1024_borrow_reads,own_shared_then_local_view,job,100,101768,1017.68,2406400
85,9,independent_owner_parameter,own_local,call,100000,127156,1.27156,2350000
85,10,copy_read_drop,own_local,copy,100000,100891,1.00891,2350000
85,11,group_setup_then_64_copies,own_local,group,1562,123776,79.2419974392,2349248
85,12,contended_copy_2_workers,std_shared,copy,200000,10915077,54.575385,4700000
85,13,resource_lifecycle_64_assets_4096_objects,own_local,cycle,10,203535,20353.5,17203200
85,14,frame_4096_draws_64_unique_leases,own_shared,frame,24,107253,4468.875,41287680
85,15,async_queue_job_1_borrow_reads,std_shared_then_raw_borrow,job,100,90594,905.94,2000
85,16,async_queue_job_1_borrow_reads,own_shared_then_local_view,job,100,60341,603.41,2000
85,17,scene_4096_attachments,std_shared,attachment,98304,942704,9.58968098958,98304
85,18,copy_read_drop,own_shared,copy,100000,1128030,11.2803,2350000
85,19,group_setup_then_64_copies,std_shared,group,1562,1680476,1075.84891165,2349248
85,20,group_setup_then_1024_copies,own_local,group,97,89121,918.773195876,2334208
85,21,owner_retained_borrow_parameter,std_raw_borrow,call,100000,59988,0.59988,2350000
85,22,resettable_root_pin_1024_borrow_reads,std_shared_pin_raw_borrow,scope,97,31518,324.927835052,2334208
85,23,resource_lifecycle_64_assets_4096_objects,std_shared,cycle,10,553265,55326.5,17203200
85,24,owner_retained_borrow_copy_read,std_raw_borrow,read,100000,30500,0.305,2350000
85,25,group_setup_then_1_copies,std_shared,group,100000,3330163,33.30163,2000000
85,26,owner_retained_borrow_parameter,own_local_view,call,100000,64464,0.64464,2350000
85,27,weak_lock_live,std_shared,lock,100000,1696709,16.96709,2350000
85,28,create_read_destroy,own_local,asset,100000,1501643,15.01643,65000400000
85,29,independent_owner_parameter,own_shared,call,100000,1479259,14.79259,2350000
85,30,async_queue_job_1_local_copies,own_local,job,100,78962,789.62,2000
85,31,async_queue_job_64_borrow_reads,own_shared_then_local_view,job,100,56335,563.35,150400
85,32,async_queue_job_64_local_copies,std_shared,job,100,247195,2471.95,150400
85,33,independent_owner_parameter,std_shared,call,100000,1678499,16.78499,2350000
85,34,async_queue_job_1_local_copies,std_shared,job,100,78338,783.38,2000
85,35,weak_lock_expired,std_shared,lock,100000,83623,0.83623,0
85,36,resettable_root_pin_1024_borrow_reads,own_shared_pin_local_view,scope,97,31363,323.329896907,2334208
85,37,share_read_drop,own_shared,handoff,100000,1117126,11.17126,2350000
85,38,group_setup_then_8_copies,std_shared,group,12500,1873502,149.88016,2350000
85,39,group_setup_then_1024_copies,std_shared,group,97,1628025,16783.7628866,2334208
85,40,async_queue_job_64_borrow_reads,std_shared_then_raw_borrow,job,100,71031,710.31,150400
85,41,create_read_destroy,own_shared,asset,100000,1231454,12.31454,65000400000
85,42,frame_4096_draws_64_unique_leases,std_shared,frame,24,86388,3599.5,41287680
85,43,owner_retained_4096_parameter_borrows,own_local_view,frame,24,77556,3231.5,41287680
85,44,async_queue_job_1024_local_copies,std_shared,job,100,2511208,25112.08,2406400
85,45,owner_retained_4096_parameter_borrows,std_raw_borrow,frame,24,152025,6334.375,41287680
85,46,share_read_drop,std_shared,handoff,100000,1939636,19.39636,2350000
85,47,group_setup_then_8_copies,own_local,group,12500,335808,26.86464,2350000
85,48,weak_lock_expired,own_shared,lock,100000,127382,1.27382,0
85,49,create_read_destroy,std_shared,asset,100000,1458093,14.58093,65000400000
85,50,async_queue_job_64_local_copies,own_local,job,100,59807,598.07,150400
85,51,scene_4096_attachments,own_local,attachment,98304,164724,1.67565917969,98304
85,52,async_queue_job_1024_local_copies,own_local,job,100,223708,2237.08,2406400
85,53,weak_lock_live,own_shared,lock,100000,1617538,16.17538,2350000
85,54,copy_read_drop,std_shared,copy,100000,1695207,16.95207,2350000
85,55,borrow_read,raw_borrow,read,100000,52028,0.52028,2350000
86,0,async_queue_job_1024_borrow_reads,own_shared_then_local_view,job,100,121982,1219.82,2406400
86,1,async_queue_job_64_borrow_reads,std_shared_then_raw_borrow,job,100,79387,793.87,150400
86,2,owner_retained_4096_parameter_borrows,own_local_view,frame,24,78541,3272.54166667,41287680
86,3,group_setup_then_1_copies,own_local,group,100000,1566405,15.66405,2000000
86,4,owner_retained_4096_draw_borrows,own_local_view,frame,24,48067,2002.79166667,41287680
86,5,resource_lifecycle_64_assets_4096_objects,own_local,cycle,10,240774,24077.4,17203200
86,6,owner_retained_borrow_copy_read,own_local_view,read,100000,30179,0.30179,2350000
86,7,independent_owner_parameter,std_shared,call,100000,1622897,16.22897,2350000
86,8,async_queue_job_1_local_copies,std_shared,job,100,99895,998.95,2000
86,9,group_setup_then_64_copies,std_shared,group,1562,1697944,1087.03201024,2349248
86,10,weak_lock_live,std_shared,lock,100000,1749605,17.49605,2350000
86,11,localize_read_drop,own_local,group,100000,1517455,15.17455,2350000
86,12,resource_lifecycle_64_assets_4096_objects,std_shared,cycle,10,535039,53503.9,17203200
86,13,owner_retained_borrow_parameter,own_local_view,call,100000,64369,0.64369,2350000
86,14,group_setup_then_1024_copies,own_local,group,97,122479,1262.67010309,2334208
86,15,copy_read_drop,std_shared,copy,100000,1711635,17.11635,2350000
86,16,contended_copy_2_workers,own_shared,copy,200000,9981824,49.90912,4700000
86,17,async_queue_job_1_local_copies,own_local,job,100,68273,682.73,2000
86,18,localize_read_drop,std_shared,group,100000,1508376,15.08376,2350000
86,19,group_setup_then_1_copies,std_shared,group,100000,3339513,33.39513,2000000
86,20,scene_4096_attachments,own_local,attachment,98304,146523,1.4905090332,98304
86,21,frame_4096_draws_64_unique_leases,own_shared,frame,24,85109,3546.20833333,41287680
86,22,owner_retained_4096_draw_borrows,std_raw_borrow,frame,24,49531,2063.79166667,41287680
86,23,copy_read_drop,own_local,copy,100000,100320,1.0032,2350000
86,24,owner_retained_4096_parameter_borrows,std_raw_borrow,frame,24,82557,3439.875,41287680
86,25,copy_read_drop,own_shared,copy,100000,1261401,12.61401,2350000
86,26,independent_owner_parameter,own_local,call,100000,127359,1.27359,2350000
86,27,create_read_destroy,std_shared,asset,100000,1434620,14.3462,65000400000
86,28,create_read_destroy,own_shared,asset,100000,1345303,13.45303,65000400000
86,29,async_queue_job_1024_borrow_reads,std_shared_then_raw_borrow,job,100,316745,3167.45,2406400
86,30,owner_retained_borrow_copy_read,std_raw_borrow,read,100000,30131,0.30131,2350000
86,31,share_read_drop,std_shared,handoff,100000,1480978,14.80978,2350000
86,32,create_read_destroy,own_local,asset,100000,1581034,15.81034,65000400000
86,33,group_setup_then_1024_copies,std_shared,group,97,1786762,18420.2268041,2334208
86,34,async_queue_job_64_borrow_reads,own_shared_then_local_view,job,100,58420,584.2,150400
86,35,async_queue_job_1024_local_copies,own_local,job,100,212510,2125.1,2406400
86,36,async_queue_job_64_local_copies,std_shared,job,100,320825,3208.25,150400
86,37,weak_lock_live,own_shared,lock,100000,1542700,15.427,2350000
86,38,weak_lock_expired,std_shared,lock,100000,99998,0.99998,0
86,39,async_queue_job_1024_local_copies,std_shared,job,100,2448288,24482.88,2406400
86,40,resettable_root_pin_1024_borrow_reads,own_shared_pin_local_view,scope,97,48822,503.319587629,2334208
86,41,borrow_read,raw_borrow,read,100000,35310,0.3531,2350000
86,42,scene_4096_attachments,std_shared,attachment,98304,1451325,14.7636413574,98304
86,43,resettable_root_pin_1024_borrow_reads,std_shared_pin_raw_borrow,scope,97,31858,328.432989691,2334208
86,44,independent_owner_parameter,own_shared,call,100000,1469056,14.69056,2350000
86,45,async_queue_job_1_borrow_reads,std_shared_then_raw_borrow,job,100,69999,699.99,2000
86,46,async_queue_job_1_borrow_reads,own_shared_then_local_view,job,100,55872,558.72,2000
86,47,group_setup_then_64_copies,own_local,group,1562,112776,72.1997439181,2349248
86,48,async_queue_job_64_local_copies,own_local,job,100,67280,672.8,150400
86,49,frame_4096_draws_64_unique_leases,std_shared,frame,24,85593,3566.375,41287680
86,50,contended_copy_2_workers,std_shared,copy,200000,11280267,56.401335,4700000
86,51,owner_retained_borrow_parameter,std_raw_borrow,call,100000,97322,0.97322,2350000
86,52,group_setup_then_8_copies,std_shared,group,12500,1840459,147.23672,2350000
86,53,group_setup_then_8_copies,own_local,group,12500,250095,20.0076,2350000
86,54,share_read_drop,own_shared,handoff,100000,1132689,11.32689,2350000
86,55,weak_lock_expired,own_shared,lock,100000,77134,0.77134,0
87,0,async_queue_job_1_borrow_reads,std_shared_then_raw_borrow,job,100,69952,699.52,2000
87,1,frame_4096_draws_64_unique_leases,std_shared,frame,24,92097,3837.375,41287680
87,2,async_queue_job_1_borrow_reads,own_shared_then_local_view,job,100,45260,452.6,2000
87,3,owner_retained_borrow_copy_read,std_raw_borrow,read,100000,30127,0.30127,2350000
87,4,create_read_destroy,own_local,asset,100000,1549681,15.49681,65000400000
87,5,owner_retained_borrow_parameter,std_raw_borrow,call,100000,64133,0.64133,2350000
87,6,share_read_drop,std_shared,handoff,100000,1503814,15.03814,2350000
87,7,resource_lifecycle_64_assets_4096_objects,own_local,cycle,10,201635,20163.5,17203200
87,8,resettable_root_pin_1024_borrow_reads,own_shared_pin_local_view,scope,97,31752,327.340206186,2334208
87,9,weak_lock_live,own_shared,lock,100000,1522101,15.22101,2350000
87,10,async_queue_job_1_local_copies,own_local,job,100,71500,715,2000
87,11,independent_owner_parameter,own_local,call,100000,111877,1.11877,2350000
87,12,async_queue_job_64_local_copies,own_local,job,100,52850,528.5,150400
87,13,async_queue_job_64_borrow_reads,own_shared_then_local_view,job,100,73861,738.61,150400
87,14,localize_read_drop,own_local,group,100000,1293456,12.93456,2350000
87,15,weak_lock_expired,std_shared,lock,100000,83583,0.83583,0
87,16,group_setup_then_1_copies,std_shared,group,100000,3321030,33.2103,2000000
87,17,frame_4096_draws_64_unique_leases,own_shared,frame,24,105734,4405.58333333,41287680
87,18,owner_retained_4096_parameter_borrows,own_local_view,frame,24,110033,4584.70833333,41287680
87,19,group_setup_then_8_copies,std_shared,group,12500,1869433,149.55464,2350000
87,20,owner_retained_4096_draw_borrows,own_local_view,frame,24,47182,1965.91666667,41287680
87,21,resettable_root_pin_1024_borrow_reads,std_shared_pin_raw_borrow,scope,97,31771,327.536082474,2334208
87,22,group_setup_then_1_copies,own_local,group,100000,1374077,13.74077,2000000
87,23,borrow_read,raw_borrow,read,100000,36082,0.36082,2350000
87,24,copy_read_drop,own_local,copy,100000,101456,1.01456,2350000
87,25,group_setup_then_1024_copies,own_local,group,97,114598,1181.42268041,2334208
87,26,weak_lock_live,std_shared,lock,100000,1935279,19.35279,2350000
87,27,scene_4096_attachments,std_shared,attachment,98304,1035095,10.5295308431,98304
87,28,async_queue_job_1024_borrow_reads,std_shared_then_raw_borrow,job,100,134804,1348.04,2406400
87,29,create_read_destroy,own_shared,asset,100000,1304799,13.04799,65000400000
87,30,async_queue_job_1_local_copies,std_shared,job,100,72124,721.24,2000
87,31,scene_4096_attachments,own_local,attachment,98304,144822,1.47320556641,98304
87,32,group_setup_then_8_copies,own_local,group,12500,262311,20.98488,2350000
87,33,localize_read_drop,std_shared,group,100000,1503624,15.03624,2350000
87,34,group_setup_then_1024_copies,std_shared,group,97,1653677,17048.2164948,2334208
87,35,owner_retained_4096_draw_borrows,std_raw_borrow,frame,24,49818,2075.75,41287680
87,36,async_queue_job_1024_local_copies,std_shared,job,100,2438220,24382.2,2406400
87,37,copy_read_drop,own_shared,copy,100000,1189935,11.89935,2350000
87,38,group_setup_then_64_copies,own_local,group,1562,157732,100.980793854,2349248
87,39,contended_copy_2_workers,own_shared,copy,200000,10100927,50.504635,4700000
87,40,async_queue_job_1024_borrow_reads,own_shared_then_local_view,job,100,125399,1253.99,2406400
87,41,group_setup_then_64_copies,std_shared,group,1562,1658927,1062.053137,2349248
87,42,create_read_destroy,std_shared,asset,100000,1521538,15.21538,65000400000
87,43,owner_retained_borrow_copy_read,own_local_view,read,100000,42883,0.42883,2350000
87,44,async_queue_job_64_local_copies,std_shared,job,100,336937,3369.37,150400
87,45,owner_retained_4096_parameter_borrows,std_raw_borrow,frame,24,83151,3464.625,41287680
87,46,independent_owner_parameter,std_shared,call,100000,1660714,16.60714,2350000
87,47,async_queue_job_1024_local_copies,own_local,job,100,228034,2280.34,2406400
87,48,contended_copy_2_workers,std_shared,copy,200000,11620012,58.10006,4700000
87,49,owner_retained_borrow_parameter,own_local_view,call,100000,62060,0.6206,2350000
87,50,async_queue_job_64_borrow_reads,std_shared_then_raw_borrow,job,100,62958,629.58,150400
87,51,copy_read_drop,std_shared,copy,100000,1711699,17.11699,2350000
87,52,weak_lock_expired,own_shared,lock,100000,80832,0.80832,0
87,53,independent_owner_parameter,own_shared,call,100000,1484879,14.84879,2350000
87,54,share_read_drop,own_shared,handoff,100000,1147761,11.47761,2350000
87,55,resource_lifecycle_64_assets_4096_objects,std_shared,cycle,10,611921,61192.1,17203200
88,0,weak_lock_expired,own_shared,lock,100000,77100,0.771,0
88,1,independent_owner_parameter,std_shared,call,100000,1694727,16.94727,2350000
88,2,resettable_root_pin_1024_borrow_reads,own_shared_pin_local_view,scope,97,31446,324.18556701,2334208
88,3,weak_lock_live,std_shared,lock,100000,1702814,17.02814,2350000
88,4,group_setup_then_64_copies,own_local,group,1562,223939,143.366837388,2349248
88,5,create_read_destroy,own_local,asset,100000,1534789,15.34789,65000400000
88,6,async_queue_job_1_local_copies,std_shared,job,100,96754,967.54,2000
88,7,create_read_destroy,own_shared,asset,100000,1231376,12.31376,65000400000
88,8,copy_read_drop,own_local,copy,100000,101406,1.01406,2350000
88,9,group_setup_then_8_copies,own_local,group,12500,249424,19.95392,2350000
88,10,independent_owner_parameter,own_shared,call,100000,1597577,15.97577,2350000
88,11,async_queue_job_1_local_copies,own_local,job,100,61993,619.93,2000
88,12,async_queue_job_1_borrow_reads,std_shared_then_raw_borrow,job,100,45995,459.95,2000
88,13,group_setup_then_1024_copies,own_local,group,97,138084,1423.54639175,2334208
88,14,async_queue_job_64_local_copies,std_shared,job,100,243135,2431.35,150400
88,15,async_queue_job_1024_borrow_reads,own_shared_then_local_view,job,100,108816,1088.16,2406400
88,16,weak_lock_expired,std_shared,lock,100000,93018,0.93018,0
88,17,independent_owner_parameter,own_local,call,100000,142862,1.42862,2350000
88,18,borrow_read,raw_borrow,read,100000,38164,0.38164,2350000
88,19,copy_read_drop,own_shared,copy,100000,1198843,11.98843,2350000
88,20,contended_copy_2_workers,own_shared,copy,200000,10729629,53.648145,4700000
88,21,localize_read_drop,std_shared,group,100000,1479028,14.79028,2350000
88,22,async_queue_job_1024_local_copies,std_shared,job,100,2682299,26822.99,2406400
88,23,async_queue_job_1024_local_copies,own_local,job,100,322039,3220.39,2406400
88,24,scene_4096_attachments,std_shared,attachment,98304,938047,9.54230753581,98304
88,25,owner_retained_4096_parameter_borrows,std_raw_borrow,frame,24,78423,3267.625,41287680
88,26,localize_read_drop,own_local,group,100000,1322735,13.22735,2350000
88,27,owner_retained_borrow_parameter,own_local_view,call,100000,61718,0.61718,2350000
88,28,copy_read_drop,std_shared,copy,100000,1662677,16.62677,2350000
88,29,share_read_drop,own_shared,handoff,100000,1111458,11.11458,2350000
88,30,owner_retained_4096_draw_borrows,own_local_view,frame,24,48881,2036.70833333,41287680
88,31,weak_lock_live,own_shared,lock,100000,1495578,14.95578,2350000
88,32,resource_lifecycle_64_assets_4096_objects,own_local,cycle,10,201362,20136.2,17203200
88,33,share_read_drop,std_shared,handoff,100000,1475113,14.75113,2350000
88,34,create_read_destroy,std_shared,asset,100000,1275497,12.75497,65000400000
88,35,owner_retained_4096_draw_borrows,std_raw_borrow,frame,24,47196,1966.5,41287680
88,36,owner_retained_borrow_copy_read,own_local_view,read,100000,30033,0.30033,2350000
88,37,owner_retained_4096_parameter_borrows,own_local_view,frame,24,76075,3169.79166667,41287680
88,38,group_setup_then_1_copies,std_shared,group,100000,3356156,33.56156,2000000
88,39,async_queue_job_1_borrow_reads,own_shared_then_local_view,job,100,64540,645.4,2000
88,40,group_setup_then_1_copies,own_local,group,100000,1392668,13.92668,2000000
88,41,resource_lifecycle_64_assets_4096_objects,std_shared,cycle,10,505121,50512.1,17203200
88,42,async_queue_job_64_local_copies,own_local,job,100,985066,9850.66,150400
88,43,frame_4096_draws_64_unique_leases,own_shared,frame,24,89971,3748.79166667,41287680
88,44,frame_4096_draws_64_unique_leases,std_shared,frame,24,108900,4537.5,41287680
88,45,scene_4096_attachments,own_local,attachment,98304,163092,1.65905761719,98304
88,46,owner_retained_borrow_parameter,std_raw_borrow,call,100000,60031,0.60031,2350000
88,47,async_queue_job_1024_borrow_reads,std_shared_then_raw_borrow,job,100,168803,1688.03,2406400
88,48,group_setup_then_8_copies,std_shared,group,12500,1883229,150.65832,2350000
88,49,async_queue_job_64_borrow_reads,own_shared_then_local_view,job,100,67880,678.8,150400
88,50,group_setup_then_64_copies,std_shared,group,1562,1669370,1068.73879641,2349248
88,51,contended_copy_2_workers,std_shared,copy,200000,13465322,67.32661,4700000
88,52,async_queue_job_64_borrow_reads,std_shared_then_raw_borrow,job,100,64857,648.57,150400
88,53,owner_retained_borrow_copy_read,std_raw_borrow,read,100000,30130,0.3013,2350000
88,54,group_setup_then_1024_copies,std_shared,group,97,1675626,17274.4948454,2334208
88,55,resettable_root_pin_1024_borrow_reads,std_shared_pin_raw_borrow,scope,97,31744,327.257731959,2334208
89,0,async_queue_job_1_borrow_reads,std_shared_then_raw_borrow,job,100,70745,707.45,2000
89,1,owner_retained_4096_parameter_borrows,own_local_view,frame,24,80949,3372.875,41287680
89,2,weak_lock_live,own_shared,lock,100000,1499143,14.99143,2350000
89,3,owner_retained_borrow_copy_read,own_local_view,read,100000,30044,0.30044,2350000
89,4,async_queue_job_1024_local_copies,own_local,job,100,245208,2452.08,2406400
89,5,contended_copy_2_workers,own_shared,copy,200000,11105446,55.52723,4700000
89,6,contended_copy_2_workers,std_shared,copy,200000,15205335,76.026675,4700000
89,7,weak_lock_expired,own_shared,lock,100000,88626,0.88626,0
89,8,async_queue_job_1_local_copies,own_local,job,100,56980,569.8,2000
89,9,owner_retained_4096_draw_borrows,own_local_view,frame,24,53798,2241.58333333,41287680
89,10,scene_4096_attachments,own_local,attachment,98304,167848,1.70743815104,98304
89,11,group_setup_then_1024_copies,own_local,group,97,104862,1081.05154639,2334208
89,12,independent_owner_parameter,std_shared,call,100000,1852047,18.52047,2350000
89,13,borrow_read,raw_borrow,read,100000,38013,0.38013,2350000
89,14,create_read_destroy,own_shared,asset,100000,1297093,12.97093,65000400000
89,15,owner_retained_borrow_copy_read,std_raw_borrow,read,100000,30037,0.30037,2350000
89,16,resettable_root_pin_1024_borrow_reads,own_shared_pin_local_view,scope,97,31331,323,2334208
89,17,owner_retained_4096_parameter_borrows,std_raw_borrow,frame,24,86177,3590.70833333,41287680
89,18,group_setup_then_1_copies,std_shared,group,100000,3354695,33.54695,2000000
89,19,resource_lifecycle_64_assets_4096_objects,own_local,cycle,10,210292,21029.2,17203200
89,20,frame_4096_draws_64_unique_leases,own_shared,frame,24,86001,3583.375,41287680
89,21,share_read_drop,own_shared,handoff,100000,1131369,11.31369,2350000
89,22,owner_retained_4096_draw_borrows,std_raw_borrow,frame,24,51470,2144.58333333,41287680
89,23,group_setup_then_64_copies,own_local,group,1562,136740,87.5416133163,2349248
89,24,create_read_destroy,own_local,asset,100000,1538848,15.38848,65000400000
89,25,async_queue_job_1024_borrow_reads,own_shared_then_local_view,job,100,178182,1781.82,2406400
89,26,async_queue_job_64_local_copies,own_local,job,100,74448,744.48,150400
89,27,resettable_root_pin_1024_borrow_reads,std_shared_pin_raw_borrow,scope,97,31915,329.020618557,2334208
89,28,weak_lock_live,std_shared,lock,100000,1690165,16.90165,2350000
89,29,owner_retained_borrow_parameter,own_local_view,call,100000,61808,0.61808,2350000
89,30,localize_read_drop,std_shared,group,100000,1500928,15.00928,2350000
89,31,async_queue_job_1024_local_copies,std_shared,job,100,2429101,24291.01,2406400
89,32,copy_read_drop,own_local,copy,100000,100593,1.00593,2350000
89,33,group_setup_then_8_copies,own_local,group,12500,271696,21.73568,2350000
89,34,async_queue_job_1_local_copies,std_shared,job,100,74225,742.25,2000
89,35,group_setup_then_1_copies,own_local,group,100000,1509121,15.09121,2000000
89,36,frame_4096_draws_64_unique_leases,std_shared,frame,24,96988,4041.16666667,41287680
89,37,copy_read_drop,own_shared,copy,100000,1217507,12.17507,2350000
89,38,async_queue_job_1_borrow_reads,own_shared_then_local_view,job,100,54963,549.63,2000
89,39,copy_read_drop,std_shared,copy,100000,1719731,17.19731,2350000
89,40,independent_owner_parameter,own_shared,call,100000,1494569,14.94569,2350000
89,41,independent_owner_parameter,own_local,call,100000,111562,1.11562,2350000
89,42,weak_lock_expired,std_shared,lock,100000,87550,0.8755,0
89,43,scene_4096_attachments,std_shared,attachment,98304,948362,9.64723714193,98304
89,44,resource_lifecycle_64_assets_4096_objects,std_shared,cycle,10,524325,52432.5,17203200
89,45,async_queue_job_64_borrow_reads,own_shared_then_local_view,job,100,80749,807.49,150400
89,46,share_read_drop,std_shared,handoff,100000,1469158,14.69158,2350000
89,47,owner_retained_borrow_parameter,std_raw_borrow,call,100000,60056,0.60056,2350000
89,48,async_queue_job_64_borrow_reads,std_shared_then_raw_borrow,job,100,77485,774.85,150400
89,49,create_read_destroy,std_shared,asset,100000,1263541,12.63541,65000400000
89,50,group_setup_then_64_copies,std_shared,group,1562,2130587,1364.01216389,2349248
89,51,async_queue_job_1024_borrow_reads,std_shared_then_raw_borrow,job,100,125651,1256.51,2406400
89,52,localize_read_drop,own_local,group,100000,1308864,13.08864,2350000
89,53,async_queue_job_64_local_copies,std_shared,job,100,333539,3335.39,150400
89,54,group_setup_then_1024_copies,std_shared,group,97,1648912,16999.0927835,2334208
89,55,group_setup_then_8_copies,std_shared,group,12500,1881177,150.49416,2350000
90,0,weak_lock_live,std_shared,lock,100000,1696572,16.96572,2350000
90,1,owner_retained_4096_draw_borrows,own_local_view,frame,24,47961,1998.375,41287680
90,2,localize_read_drop,std_shared,group,100000,1489089,14.89089,2350000
90,3,resource_lifecycle_64_assets_4096_objects,own_local,cycle,10,194400,19440,17203200
90,4,copy_read_drop,own_local,copy,100000,112917,1.12917,2350000
90,5,async_queue_job_1024_local_copies,own_local,job,100,338859,3388.59,2406400
90,6,resource_lifecycle_64_assets_4096_objects,std_shared,cycle,10,545891,54589.1,17203200
90,7,localize_read_drop,own_local,group,100000,1387734,13.87734,2350000
90,8,group_setup_then_1024_copies,own_local,group,97,100089,1031.84536082,2334208
90,9,frame_4096_draws_64_unique_leases,std_shared,frame,24,93341,3889.20833333,41287680
90,10,owner_retained_borrow_parameter,std_raw_borrow,call,100000,64978,0.64978,2350000
90,11,async_queue_job_64_borrow_reads,own_shared_then_local_view,job,100,44280,442.8,150400
90,12,create_read_destroy,own_shared,asset,100000,1393426,13.93426,65000400000
90,13,owner_retained_4096_parameter_borrows,std_raw_borrow,frame,24,82060,3419.16666667,41287680
90,14,async_queue_job_1_local_copies,std_shared,job,100,66262,662.62,2000
90,15,group_setup_then_1_copies,std_shared,group,100000,3302850,33.0285,2000000
90,16,weak_lock_live,own_shared,lock,100000,1522837,15.22837,2350000
90,17,async_queue_job_1_local_copies,own_local,job,100,54282,542.82,2000
90,18,frame_4096_draws_64_unique_leases,own_shared,frame,24,92156,3839.83333333,41287680
90,19,independent_owner_parameter,own_shared,call,100000,1452208,14.52208,2350000
90,20,owner_retained_4096_parameter_borrows,own_local_view,frame,24,76135,3172.29166667,41287680
90,21,group_setup_then_1024_copies,std_shared,group,97,1655528,17067.2989691,2334208
90,22,async_queue_job_1024_borrow_reads,std_shared_then_raw_borrow,job,100,157547,1575.47,2406400
90,23,weak_lock_expired,std_shared,lock,100000,88481,0.88481,0
90,24,copy_read_drop,own_shared,copy,100000,1102001,11.02001,2350000
90,25,owner_retained_borrow_copy_read,own_local_view,read,100000,30105,0.30105,2350000
90,26,async_queue_job_1_borrow_reads,std_shared_then_raw_borrow,job,100,58810,588.1,2000
90,27,group_setup_then_64_copies,own_local,group,1562,114163,73.0877080666,2349248
90,28,share_read_drop,own_shared,handoff,100000,1127101,11.27101,2350000
90,29,async_queue_job_1_borrow_reads,own_shared_then_local_view,job,100,51520,515.2,2000
90,30,create_read_destroy,std_shared,asset,100000,1281720,12.8172,65000400000
90,31,async_queue_job_64_local_copies,std_shared,job,100,305925,3059.25,150400
90,32,group_setup_then_8_copies,own_local,group,12500,233896,18.71168,2350000
90,33,independent_owner_parameter,std_shared,call,100000,1655817,16.55817,2350000
90,34,owner_retained_borrow_parameter,own_local_view,call,100000,64253,0.64253,2350000
90,35,borrow_read,raw_borrow,read,100000,35120,0.3512,2350000
90,36,group_setup_then_64_copies,std_shared,group,1562,1684759,1078.59090909,2349248
90,37,weak_lock_expired,own_shared,lock,100000,77113,0.77113,0
90,38,async_queue_job_64_local_copies,own_local,job,100,73069,730.69,150400
90,39,async_queue_job_64_borrow_reads,std_shared_then_raw_borrow,job,100,73936,739.36,150400
90,40,contended_copy_2_workers,own_shared,copy,200000,10452413,52.262065,4700000
90,41,async_queue_job_1024_local_copies,std_shared,job,100,2745267,27452.67,2406400
90,42,contended_copy_2_workers,std_shared,copy,200000,14711652,73.55826,4700000
90,43,group_setup_then_8_copies,std_shared,group,12500,2053532,164.28256,2350000
90,44,copy_read_drop,std_shared,copy,100000,1778680,17.7868,2350000
90,45,independent_owner_parameter,own_local,call,100000,115726,1.15726,2350000
90,46,resettable_root_pin_1024_borrow_reads,std_shared_pin_raw_borrow,scope,97,31746,327.278350515,2334208
90,47,async_queue_job_1024_borrow_reads,own_shared_then_local_view,job,100,126374,1263.74,2406400
90,48,resettable_root_pin_1024_borrow_reads,own_shared_pin_local_view,scope,97,31543,325.18556701,2334208
90,49,scene_4096_attachments,own_local,attachment,98304,141732,1.44177246094,98304
90,50,share_read_drop,std_shared,handoff,100000,1469698,14.69698,2350000
90,51,create_read_destroy,own_local,asset,100000,1559995,15.59995,65000400000
90,52,scene_4096_attachments,std_shared,attachment,98304,1043281,10.6128031413,98304
90,53,owner_retained_borrow_copy_read,std_raw_borrow,read,100000,30110,0.3011,2350000
90,54,owner_retained_4096_draw_borrows,std_raw_borrow,frame,24,49053,2043.875,41287680
90,55,group_setup_then_1_copies,own_local,group,100000,1580281,15.80281,2000000
91,0,group_setup_then_64_copies,own_local,group,1562,189377,121.240076825,2349248
91,1,group_setup_then_64_copies,std_shared,group,1562,1696821,1086.31306018,2349248
91,2,contended_copy_2_workers,std_shared,copy,200000,14661597,73.307985,4700000
91,3,async_queue_job_64_borrow_reads,std_shared_then_raw_borrow,job,100,73689,736.89,150400
91,4,group_setup_then_8_copies,std_shared,group,12500,2109544,168.76352,2350000
91,5,owner_retained_borrow_parameter,std_raw_borrow,call,100000,83037,0.83037,2350000
91,6,async_queue_job_64_local_copies,std_shared,job,100,294604,2946.04,150400
91,7,resettable_root_pin_1024_borrow_reads,own_shared_pin_local_view,scope,97,34907,359.865979381,2334208
91,8,owner_retained_borrow_copy_read,std_raw_borrow,read,100000,33618,0.33618,2350000
91,9,owner_retained_4096_parameter_borrows,own_local_view,frame,24,93548,3897.83333333,41287680
91,10,independent_owner_parameter,own_shared,call,100000,2486906,24.86906,2350000
91,11,borrow_read,raw_borrow,read,100000,39256,0.39256,2350000
91,12,scene_4096_attachments,std_shared,attachment,98304,1026621,10.4433288574,98304
91,13,owner_retained_borrow_copy_read,own_local_view,read,100000,32550,0.3255,2350000
91,14,copy_read_drop,own_local,copy,100000,127556,1.27556,2350000
91,15,group_setup_then_1_copies,std_shared,group,100000,3449076,34.49076,2000000
91,16,async_queue_job_1_local_copies,own_local,job,100,80122,801.22,2000
91,17,group_setup_then_1024_copies,std_shared,group,97,1630966,16814.0824742,2334208
91,18,weak_lock_expired,own_shared,lock,100000,77409,0.77409,0
91,19,group_setup_then_1024_copies,own_local,group,97,90970,937.835051546,2334208
91,20,resource_lifecycle_64_assets_4096_objects,own_local,cycle,10,214371,21437.1,17203200
91,21,async_queue_job_64_borrow_reads,own_shared_then_local_view,job,100,55239,552.39,150400
91,22,async_queue_job_1024_borrow_reads,std_shared_then_raw_borrow,job,100,157826,1578.26,2406400
91,23,resource_lifecycle_64_assets_4096_objects,std_shared,cycle,10,557089,55708.9,17203200
91,24,independent_owner_parameter,std_shared,call,100000,1654874,16.54874,2350000
91,25,async_queue_job_1024_local_copies,own_local,job,100,206463,2064.63,2406400
91,26,async_queue_job_1_borrow_reads,own_shared_then_local_view,job,100,62728,627.28,2000
91,27,group_setup_then_8_copies,own_local,group,12500,246770,19.7416,2350000
91,28,independent_owner_parameter,own_local,call,100000,115434,1.15434,2350000
91,29,copy_read_drop,own_shared,copy,100000,1101312,11.01312,2350000
91,30,async_queue_job_1024_local_copies,std_shared,job,100,2434327,24343.27,2406400
91,31,async_queue_job_1024_borrow_reads,own_shared_then_local_view,job,100,159413,1594.13,2406400
91,32,async_queue_job_64_local_copies,own_local,job,100,80697,806.97,150400
91,33,owner_retained_borrow_parameter,own_local_view,call,100000,60111,0.60111,2350000
91,34,create_read_destroy,own_local,asset,100000,1502515,15.02515,65000400000
91,35,frame_4096_draws_64_unique_leases,std_shared,frame,24,86934,3622.25,41287680
91,36,contended_copy_2_workers,own_shared,copy,200000,12969382,64.84691,4700000
91,37,weak_lock_live,std_shared,lock,100000,1681918,16.81918,2350000
91,38,weak_lock_live,own_shared,lock,100000,1492995,14.92995,2350000
91,39,owner_retained_4096_draw_borrows,std_raw_borrow,frame,24,49594,2066.41666667,41287680
91,40,owner_retained_4096_draw_borrows,own_local_view,frame,24,47867,1994.45833333,41287680
91,41,localize_read_drop,std_shared,group,100000,1486985,14.86985,2350000
91,42,share_read_drop,own_shared,handoff,100000,1105654,11.05654,2350000
91,43,frame_4096_draws_64_unique_leases,own_shared,frame,24,87624,3651,41287680
91,44,async_queue_job_1_local_copies,std_shared,job,100,60845,608.45,2000
91,45,copy_read_drop,std_shared,copy,100000,1689895,16.89895,2350000
91,46,create_read_destroy,std_shared,asset,100000,1218544,12.18544,65000400000
91,47,weak_lock_expired,std_shared,lock,100000,85612,0.85612,0
91,48,group_setup_then_1_copies,own_local,group,100000,1361185,13.61185,2000000
91,49,owner_retained_4096_parameter_borrows,std_raw_borrow,frame,24,78375,3265.625,41287680
91,50,localize_read_drop,own_local,group,100000,1287129,12.87129,2350000
91,51,async_queue_job_1_borrow_reads,std_shared_then_raw_borrow,job,100,68673,686.73,2000
91,52,scene_4096_attachments,own_local,attachment,98304,144066,1.46551513672,98304
91,53,share_read_drop,std_shared,handoff,100000,1470808,14.70808,2350000
91,54,resettable_root_pin_1024_borrow_reads,std_shared_pin_raw_borrow,scope,97,31320,322.886597938,2334208
91,55,create_read_destroy,own_shared,asset,100000,1235844,12.35844,65000400000
92,0,async_queue_job_1_borrow_reads,std_shared_then_raw_borrow,job,100,33888,338.88,2000
92,1,share_read_drop,own_shared,handoff,100000,1151920,11.5192,2350000
92,2,async_queue_job_1024_borrow_reads,own_shared_then_local_view,job,100,127325,1273.25,2406400
92,3,async_queue_job_1024_borrow_reads,std_shared_then_raw_borrow,job,100,118992,1189.92,2406400
92,4,group_setup_then_1_copies,std_shared,group,100000,3328954,33.28954,2000000
92,5,copy_read_drop,own_local,copy,100000,101273,1.01273,2350000
92,6,weak_lock_live,own_shared,lock,100000,1614903,16.14903,2350000
92,7,localize_read_drop,std_shared,group,100000,1610483,16.10483,2350000
92,8,group_setup_then_8_copies,std_shared,group,12500,1932314,154.58512,2350000
92,9,group_setup_then_1024_copies,std_shared,group,97,1642910,16937.2164948,2334208
92,10,owner_retained_borrow_copy_read,std_raw_borrow,read,100000,30112,0.30112,2350000
92,11,async_queue_job_64_local_copies,std_shared,job,100,270634,2706.34,150400
92,12,contended_copy_2_workers,std_shared,copy,200000,14743425,73.717125,4700000
92,13,create_read_destroy,own_local,asset,100000,1507003,15.07003,65000400000
92,14,owner_retained_4096_parameter_borrows,own_local_view,frame,24,92352,3848,41287680
92,15,async_queue_job_64_borrow_reads,std_shared_then_raw_borrow,job,100,85536,855.36,150400
92,16,group_setup_then_8_copies,own_local,group,12500,250243,20.01944,2350000
92,17,resource_lifecycle_64_assets_4096_objects,own_local,cycle,10,195629,19562.9,17203200
92,18,async_queue_job_1_local_copies,own_local,job,100,58940,589.4,2000
92,19,owner_retained_borrow_parameter,own_local_view,call,100000,64286,0.64286,2350000
92,20,frame_4096_draws_64_unique_leases,std_shared,frame,24,85957,3581.54166667,41287680
92,21,scene_4096_attachments,std_shared,attachment,98304,938700,9.54895019531,98304
92,22,create_read_destroy,own_shared,asset,100000,1238943,12.38943,65000400000
92,23,resettable_root_pin_1024_borrow_reads,own_shared_pin_local_view,scope,97,31287,322.546391753,2334208
92,24,frame_4096_draws_64_unique_leases,own_shared,frame,24,86677,3611.54166667,41287680
92,25,group_setup_then_64_copies,own_local,group,1562,117859,75.4539052497,2349248
92,26,async_queue_job_1024_local_copies,own_local,job,100,265921,2659.21,2406400
92,27,weak_lock_live,std_shared,lock,100000,1691386,16.91386,2350000
92,28,group_setup_then_64_copies,std_shared,group,1562,1674547,1072.053137,2349248
92,29,independent_owner_parameter,own_local,call,100000,112335,1.12335,2350000
92,30,contended_copy_2_workers,own_shared,copy,200000,13288366,66.44183,4700000
92,31,copy_read_drop,std_shared,copy,100000,1677372,16.77372,2350000
92,32,owner_retained_borrow_copy_read,own_local_view,read,100000,30152,0.30152,2350000
92,33,group_setup_then_1024_copies,own_local,group,97,91036,938.515463918,2334208
92,34,share_read_drop,std_shared,handoff,100000,1501417,15.01417,2350000
92,35,async_queue_job_1024_local_copies,std_shared,job,100,2660309,26603.09,2406400
92,36,copy_read_drop,own_shared,copy,100000,1117121,11.17121,2350000
92,37,async_queue_job_1_borrow_reads,own_shared_then_local_view,job,100,58873,588.73,2000
92,38,async_queue_job_64_local_copies,own_local,job,100,83785,837.85,150400
92,39,weak_lock_expired,own_shared,lock,100000,77251,0.77251,0
92,40,owner_retained_4096_draw_borrows,std_raw_borrow,frame,24,52978,2207.41666667,41287680
92,41,localize_read_drop,own_local,group,100000,1303318,13.03318,2350000
92,42,independent_owner_parameter,own_shared,call,100000,1460393,14.60393,2350000
92,43,owner_retained_4096_parameter_borrows,std_raw_borrow,frame,24,76107,3171.125,41287680
92,44,async_queue_job_1_local_copies,std_shared,job,100,66605,666.05,2000
92,45,owner_retained_borrow_parameter,std_raw_borrow,call,100000,61670,0.6167,2350000
92,46,owner_retained_4096_draw_borrows,own_local_view,frame,24,47445,1976.875,41287680
92,47,resettable_root_pin_1024_borrow_reads,std_shared_pin_raw_borrow,scope,97,31375,323.453608247,2334208
92,48,independent_owner_parameter,std_shared,call,100000,1673647,16.73647,2350000
92,49,borrow_read,raw_borrow,read,100000,36025,0.36025,2350000
92,50,create_read_destroy,std_shared,asset,100000,1263958,12.63958,65000400000
92,51,group_setup_then_1_copies,own_local,group,100000,1356247,13.56247,2000000
92,52,resource_lifecycle_64_assets_4096_objects,std_shared,cycle,10,522748,52274.8,17203200
92,53,weak_lock_expired,std_shared,lock,100000,83482,0.83482,0
92,54,scene_4096_attachments,own_local,attachment,98304,144775,1.47272745768,98304
92,55,async_queue_job_64_borrow_reads,own_shared_then_local_view,job,100,50693,506.93,150400
93,0,group_setup_then_8_copies,std_shared,group,12500,1877843,150.22744,2350000
93,1,resource_lifecycle_64_assets_4096_objects,own_local,cycle,10,189551,18955.1,17203200
93,2,async_queue_job_1024_borrow_reads,own_shared_then_local_view,job,100,100196,1001.96,2406400
93,3,owner_retained_borrow_copy_read,own_local_view,read,100000,30166,0.30166,2350000
93,4,owner_retained_4096_draw_borrows,std_raw_borrow,frame,24,47186,1966.08333333,41287680
93,5,group_setup_then_1_copies,std_shared,group,100000,3341010,33.4101,2000000
93,6,async_queue_job_1024_local_copies,std_shared,job,100,2375577,23755.77,2406400
93,7,frame_4096_draws_64_unique_leases,own_shared,frame,24,85948,3581.16666667,41287680
93,8,group_setup_then_8_copies,own_local,group,12500,261548,20.92384,2350000
93,9,copy_read_drop,own_local,copy,100000,114889,1.14889,2350000
93,10,create_read_destroy,own_local,asset,100000,1612115,16.12115,65000400000
93,11,resettable_root_pin_1024_borrow_reads,own_shared_pin_local_view,scope,97,34330,353.917525773,2334208
93,12,scene_4096_attachments,own_local,attachment,98304,156352,1.59049479167,98304
93,13,weak_lock_live,std_shared,lock,100000,1831512,18.31512,2350000
93,14,group_setup_then_1024_copies,own_local,group,97,116169,1197.6185567,2334208
93,15,owner_retained_4096_draw_borrows,own_local_view,frame,24,51030,2126.25,41287680
93,16,resettable_root_pin_1024_borrow_reads,std_shared_pin_raw_borrow,scope,97,33892,349.402061856,2334208
93,17,contended_copy_2_workers,std_shared,copy,200000,14925530,74.62765,4700000
93,18,independent_owner_parameter,std_shared,call,100000,1862520,18.6252,2350000
93,19,async_queue_job_1_local_copies,own_local,job,100,52708,527.08,2000
93,20,scene_4096_attachments,std_shared,attachment,98304,1036922,10.5481160482,98304
93,21,copy_read_drop,own_shared,copy,100000,1197806,11.97806,2350000
93,22,weak_lock_live,own_shared,lock,100000,1609732,16.09732,2350000
93,23,async_queue_job_1_local_copies,std_shared,job,100,120843,1208.43,2000
93,24,async_queue_job_1_borrow_reads,std_shared_then_raw_borrow,job,100,54874,548.74,2000
93,25,owner_retained_4096_parameter_borrows,std_raw_borrow,frame,24,77905,3246.04166667,41287680
93,26,frame_4096_draws_64_unique_leases,std_shared,frame,24,84672,3528,41287680
93,27,async_queue_job_1024_borrow_reads,std_shared_then_raw_borrow,job,100,218381,2183.81,2406400
93,28,independent_owner_parameter,own_shared,call,100000,1453734,14.53734,2350000
93,29,owner_retained_borrow_parameter,std_raw_borrow,call,100000,60080,0.6008,2350000
93,30,owner_retained_borrow_parameter,own_local_view,call,100000,64233,0.64233,2350000
93,31,independent_owner_parameter,own_local,call,100000,111826,1.11826,2350000
93,32,group_setup_then_1_copies,own_local,group,100000,1386477,13.86477,2000000
93,33,borrow_read,raw_borrow,read,100000,34997,0.34997,2350000
93,34,localize_read_drop,own_local,group,100000,1277443,12.77443,2350000
93,35,weak_lock_expired,std_shared,lock,100000,83595,0.83595,0
93,36,localize_read_drop,std_shared,group,100000,1488552,14.88552,2350000
93,37,async_queue_job_64_local_copies,std_shared,job,100,307922,3079.22,150400
93,38,owner_retained_borrow_copy_read,std_raw_borrow,read,100000,30099,0.30099,2350000
93,39,async_queue_job_64_borrow_reads,own_shared_then_local_view,job,100,69642,696.42,150400
93,40,async_queue_job_64_local_copies,own_local,job,100,77417,774.17,150400
93,41,group_setup_then_1024_copies,std_shared,group,97,1659010,17103.1958763,2334208
93,42,async_queue_job_1_borrow_reads,own_shared_then_local_view,job,100,83022,830.22,2000
93,43,share_read_drop,std_shared,handoff,100000,1476536,14.76536,2350000
93,44,share_read_drop,own_shared,handoff,100000,1166850,11.6685,2350000
93,45,group_setup_then_64_copies,std_shared,group,1562,1670546,1069.49167734,2349248
93,46,create_read_destroy,std_shared,asset,100000,1241455,12.41455,65000400000
93,47,resource_lifecycle_64_assets_4096_objects,std_shared,cycle,10,539894,53989.4,17203200
93,48,owner_retained_4096_parameter_borrows,own_local_view,frame,24,77759,3239.95833333,41287680
93,49,async_queue_job_1024_local_copies,own_local,job,100,1297052,12970.52,2406400
93,50,async_queue_job_64_borrow_reads,std_shared_then_raw_borrow,job,100,97258,972.58,150400
93,51,contended_copy_2_workers,own_shared,copy,200000,13898629,69.493145,4700000
93,52,copy_read_drop,std_shared,copy,100000,1678194,16.78194,2350000
93,53,weak_lock_expired,own_shared,lock,100000,77195,0.77195,0
93,54,create_read_destroy,own_shared,asset,100000,1218502,12.18502,65000400000
93,55,group_setup_then_64_copies,own_local,group,1562,114179,73.0979513444,2349248
94,0,resource_lifecycle_64_assets_4096_objects,std_shared,cycle,10,518631,51863.1,17203200
94,1,resource_lifecycle_64_assets_4096_objects,own_local,cycle,10,185806,18580.6,17203200
94,2,weak_lock_expired,own_shared,lock,100000,76988,0.76988,0
94,3,owner_retained_borrow_copy_read,own_local_view,read,100000,30043,0.30043,2350000
94,4,group_setup_then_1_copies,std_shared,group,100000,3337577,33.37577,2000000
94,5,async_queue_job_1024_borrow_reads,own_shared_then_local_view,job,100,117893,1178.93,2406400
94,6,share_read_drop,std_shared,handoff,100000,1456352,14.56352,2350000
94,7,async_queue_job_1_borrow_reads,own_shared_then_local_view,job,100,91799,917.99,2000
94,8,async_queue_job_64_local_copies,std_shared,job,100,306618,3066.18,150400
94,9,share_read_drop,own_shared,handoff,100000,1118885,11.18885,2350000
94,10,group_setup_then_1024_copies,own_local,group,97,92541,954.030927835,2334208
94,11,owner_retained_4096_parameter_borrows,own_local_view,frame,24,76353,3181.375,41287680
94,12,localize_read_drop,own_local,group,100000,1286722,12.86722,2350000
94,13,weak_lock_live,own_shared,lock,100000,1524887,15.24887,2350000
94,14,owner_retained_borrow_copy_read,std_raw_borrow,read,100000,30114,0.30114,2350000
94,15,async_queue_job_64_borrow_reads,std_shared_then_raw_borrow,job,100,78254,782.54,150400
94,16,async_queue_job_1024_local_copies,std_shared,job,100,2409929,24099.29,2406400
94,17,copy_read_drop,own_shared,copy,100000,1137134,11.37134,2350000
94,18,weak_lock_live,std_shared,lock,100000,1680180,16.8018,2350000
94,19,independent_owner_parameter,own_shared,call,100000,1447560,14.4756,2350000
94,20,owner_retained_4096_draw_borrows,std_raw_borrow,frame,24,75296,3137.33333333,41287680
94,21,resettable_root_pin_1024_borrow_reads,std_shared_pin_raw_borrow,scope,97,31861,328.463917526,2334208
94,22,create_read_destroy,own_local,asset,100000,1581870,15.8187,65000400000
94,23,borrow_read,raw_borrow,read,100000,35110,0.3511,2350000
94,24,copy_read_drop,own_local,copy,100000,101182,1.01182,2350000
94,25,frame_4096_draws_64_unique_leases,std_shared,frame,24,93984,3916,41287680
94,26,async_queue_job_1_local_copies,own_local,job,100,69066,690.66,2000
94,27,create_read_destroy,own_shared,asset,100000,1348249,13.48249,65000400000
94,28,independent_owner_parameter,own_local,call,100000,125413,1.25413,2350000
94,29,create_read_destroy,std_shared,asset,100000,1383018,13.83018,65000400000
94,30,owner_retained_4096_parameter_borrows,std_raw_borrow,frame,24,82737,3447.375,41287680
94,31,async_queue_job_1_local_copies,std_shared,job,100,73017,730.17,2000
94,32,group_setup_then_8_copies,own_local,group,12500,277314,22.18512,2350000
94,33,async_queue_job_64_borrow_reads,own_shared_then_local_view,job,100,36273,362.73,150400
94,34,copy_read_drop,std_shared,copy,100000,1711225,17.11225,2350000
94,35,group_setup_then_8_copies,std_shared,group,12500,1895838,151.66704,2350000
94,36,owner_retained_borrow_parameter,std_raw_borrow,call,100000,74221,0.74221,2350000
94,37,async_queue_job_64_local_copies,own_local,job,100,61992,619.92,150400
94,38,async_queue_job_1_borrow_reads,std_shared_then_raw_borrow,job,100,63046,630.46,2000
94,39,async_queue_job_1024_borrow_reads,std_shared_then_raw_borrow,job,100,201189,2011.89,2406400
94,40,group_setup_then_1024_copies,std_shared,group,97,1628595,16789.6391753,2334208
94,41,frame_4096_draws_64_unique_leases,own_shared,frame,24,101767,4240.29166667,41287680
94,42,owner_retained_4096_draw_borrows,own_local_view,frame,24,47445,1976.875,41287680
94,43,group_setup_then_1_copies,own_local,group,100000,1363063,13.63063,2000000
94,44,contended_copy_2_workers,own_shared,copy,200000,13348502,66.74251,4700000
94,45,independent_owner_parameter,std_shared,call,100000,1664519,16.64519,2350000
94,46,scene_4096_attachments,own_local,attachment,98304,144774,1.47271728516,98304
94,47,weak_lock_expired,std_shared,lock,100000,85625,0.85625,0
94,48,resettable_root_pin_1024_borrow_reads,own_shared_pin_local_view,scope,97,31925,329.12371134,2334208
94,49,async_queue_job_1024_local_copies,own_local,job,100,320827,3208.27,2406400
94,50,owner_retained_borrow_parameter,own_local_view,call,100000,64371,0.64371,2350000
94,51,contended_copy_2_workers,std_shared,copy,200000,16584638,82.92319,4700000
94,52,localize_read_drop,std_shared,group,100000,1511144,15.11144,2350000
94,53,group_setup_then_64_copies,own_local,group,1562,113358,72.5723431498,2349248
94,54,scene_4096_attachments,std_shared,attachment,98304,937483,9.53657023112,98304
94,55,group_setup_then_64_copies,std_shared,group,1562,1699033,1087.72919334,2349248
95,0,localize_read_drop,own_local,group,100000,1286951,12.86951,2350000
95,1,owner_retained_4096_draw_borrows,std_raw_borrow,frame,24,49297,2054.04166667,41287680
95,2,weak_lock_live,own_shared,lock,100000,1448025,14.48025,2350000
95,3,owner_retained_4096_parameter_borrows,std_raw_borrow,frame,24,72562,3023.41666667,41287680
95,4,group_setup_then_1024_copies,own_local,group,97,99135,1022.01030928,2334208
95,5,independent_owner_parameter,own_shared,call,100000,1471636,14.71636,2350000
95,6,copy_read_drop,own_shared,copy,100000,1080289,10.80289,2350000
95,7,owner_retained_4096_parameter_borrows,own_local_view,frame,24,75624,3151,41287680
95,8,group_setup_then_1_copies,std_shared,group,100000,3239802,32.39802,2000000
95,9,async_queue_job_1024_borrow_reads,own_shared_then_local_view,job,100,144732,1447.32,2406400
95,10,owner_retained_borrow_parameter,own_local_view,call,100000,62754,0.62754,2350000
95,11,scene_4096_attachments,own_local,attachment,98304,146765,1.49297078451,98304
95,12,weak_lock_expired,std_shared,lock,100000,85621,0.85621,0
95,13,contended_copy_2_workers,own_shared,copy,200000,9146494,45.73247,4700000
95,14,resource_lifecycle_64_assets_4096_objects,std_shared,cycle,10,526692,52669.2,17203200
95,15,frame_4096_draws_64_unique_leases,own_shared,frame,24,86181,3590.875,41287680
95,16,group_setup_then_64_copies,own_local,group,1562,111275,71.2387964149,2349248
95,17,async_queue_job_1024_borrow_reads,std_shared_then_raw_borrow,job,100,129868,1298.68,2406400
95,18,group_setup_then_1024_copies,std_shared,group,97,1659003,17103.1237113,2334208
95,19,async_queue_job_64_borrow_reads,own_shared_then_local_view,job,100,60894,608.94,150400
95,20,independent_owner_parameter,own_local,call,100000,117632,1.17632,2350000
95,21,share_read_drop,own_shared,handoff,100000,1113521,11.13521,2350000
95,22,async_queue_job_1024_local_copies,own_local,job,100,273152,2731.52,2406400
95,23,async_queue_job_1024_local_copies,std_shared,job,100,2477468,24774.68,2406400
95,24,async_queue_job_64_local_copies,std_shared,job,100,256995,2569.95,150400
95,25,copy_read_drop,std_shared,copy,100000,1667354,16.67354,2350000
95,26,borrow_read,raw_borrow,read,100000,35126,0.35126,2350000
95,27,group_setup_then_8_copies,std_shared,group,12500,1858019,148.64152,2350000
95,28,copy_read_drop,own_local,copy,100000,112438,1.12438,2350000
95,29,weak_lock_expired,own_shared,lock,100000,83545,0.83545,0
95,30,owner_retained_4096_draw_borrows,own_local_view,frame,24,52090,2170.41666667,41287680
95,31,resource_lifecycle_64_assets_4096_objects,own_local,cycle,10,207714,20771.4,17203200
95,32,async_queue_job_64_local_copies,own_local,job,100,225657,2256.57,150400
95,33,create_read_destroy,std_shared,asset,100000,1306149,13.06149,65000400000
95,34,async_queue_job_64_borrow_reads,std_shared_then_raw_borrow,job,100,64414,644.14,150400
95,35,weak_lock_live,std_shared,lock,100000,1841013,18.41013,2350000
95,36,owner_retained_borrow_copy_read,own_local_view,read,100000,32618,0.32618,2350000
95,37,create_read_destroy,own_local,asset,100000,1496438,14.96438,65000400000
95,38,resettable_root_pin_1024_borrow_reads,std_shared_pin_raw_borrow,scope,97,31267,322.340206186,2334208
95,39,group_setup_then_1_copies,own_local,group,100000,1366674,13.66674,2000000
95,40,owner_retained_borrow_copy_read,std_raw_borrow,read,100000,30003,0.30003,2350000
95,41,async_queue_job_1_local_copies,std_shared,job,100,81987,819.87,2000
95,42,independent_owner_parameter,std_shared,call,100000,1649970,16.4997,2350000
95,43,contended_copy_2_workers,std_shared,copy,200000,14100901,70.504505,4700000
95,44,async_queue_job_1_borrow_reads,std_shared_then_raw_borrow,job,100,77099,770.99,2000
95,45,scene_4096_attachments,std_shared,attachment,98304,960424,9.76993815104,98304
95,46,group_setup_then_64_copies,std_shared,group,1562,1678664,1074.68886044,2349248
95,47,localize_read_drop,std_shared,group,100000,1498939,14.98939,2350000
95,48,share_read_drop,std_shared,handoff,100000,1468329,14.68329,2350000
95,49,frame_4096_draws_64_unique_leases,std_shared,frame,24,84619,3525.79166667,41287680
95,50,create_read_destroy,own_shared,asset,100000,1254891,12.54891,65000400000
95,51,async_queue_job_1_borrow_reads,own_shared_then_local_view,job,100,71252,712.52,2000
95,52,group_setup_then_8_copies,own_local,group,12500,222118,17.76944,2350000
95,53,owner_retained_borrow_parameter,std_raw_borrow,call,100000,74565,0.74565,2350000
95,54,resettable_root_pin_1024_borrow_reads,own_shared_pin_local_view,scope,97,31587,325.639175258,2334208
95,55,async_queue_job_1_local_copies,own_local,job,100,66233,662.33,2000
96,0,async_queue_job_1_borrow_reads,own_shared_then_local_view,job,100,51377,513.77,2000
96,1,localize_read_drop,own_local,group,100000,1295492,12.95492,2350000
96,2,group_setup_then_64_copies,own_local,group,1562,113802,72.8565941101,2349248
96,3,async_queue_job_1_local_copies,std_shared,job,100,76779,767.79,2000
96,4,owner_retained_borrow_copy_read,std_raw_borrow,read,100000,30092,0.30092,2350000
96,5,group_setup_then_1024_copies,std_shared,group,97,1631566,16820.2680412,2334208
96,6,group_setup_then_1_copies,own_local,group,100000,1363291,13.63291,2000000
96,7,weak_lock_live,own_shared,lock,100000,1547135,15.47135,2350000
96,8,async_queue_job_64_borrow_reads,std_shared_then_raw_borrow,job,100,80903,809.03,150400
96,9,contended_copy_2_workers,own_shared,copy,200000,12785934,63.92967,4700000
96,10,async_queue_job_1024_local_copies,std_shared,job,100,2664400,26644,2406400
96,11,async_queue_job_64_borrow_reads,own_shared_then_local_view,job,100,64795,647.95,150400
96,12,owner_retained_borrow_parameter,own_local_view,call,100000,64472,0.64472,2350000
96,13,create_read_destroy,std_shared,asset,100000,1252446,12.52446,65000400000
96,14,group_setup_then_8_copies,own_local,group,12500,249263,19.94104,2350000
96,15,copy_read_drop,std_shared,copy,100000,1694271,16.94271,2350000
96,16,group_setup_then_1_copies,std_shared,group,100000,3304376,33.04376,2000000
96,17,resource_lifecycle_64_assets_4096_objects,std_shared,cycle,10,530737,53073.7,17203200
96,18,async_queue_job_1024_local_copies,own_local,job,100,230269,2302.69,2406400
96,19,async_queue_job_1024_borrow_reads,own_shared_then_local_view,job,100,106240,1062.4,2406400
96,20,resettable_root_pin_1024_borrow_reads,std_shared_pin_raw_borrow,scope,97,31622,326,2334208
96,21,weak_lock_live,std_shared,lock,100000,1685946,16.85946,2350000
96,22,share_read_drop,std_shared,handoff,100000,1458287,14.58287,2350000
96,23,async_queue_job_64_local_copies,own_local,job,100,103716,1037.16,150400
96,24,async_queue_job_64_local_copies,std_shared,job,100,311520,3115.2,150400
96,25,scene_4096_attachments,own_local,attachment,98304,160132,1.6289469401,98304
96,26,owner_retained_4096_draw_borrows,own_local_view,frame,24,48213,2008.875,41287680
96,27,group_setup_then_1024_copies,own_local,group,97,92433,952.917525773,2334208
96,28,copy_read_drop,own_shared,copy,100000,1103103,11.03103,2350000
96,29,async_queue_job_1_local_copies,own_local,job,100,56719,567.19,2000
96,30,weak_lock_expired,std_shared,lock,100000,85673,0.85673,0
96,31,owner_retained_4096_draw_borrows,std_raw_borrow,frame,24,49946,2081.08333333,41287680
96,32,group_setup_then_64_copies,std_shared,group,1562,1672880,1070.98591549,2349248
96,33,async_queue_job_1_borrow_reads,std_shared_then_raw_borrow,job,100,101236,1012.36,2000
96,34,async_queue_job_1024_borrow_reads,std_shared_then_raw_borrow,job,100,110333,1103.33,2406400
96,35,share_read_drop,own_shared,handoff,100000,1143644,11.43644,2350000
96,36,localize_read_drop,std_shared,group,100000,1494883,14.94883,2350000
96,37,resettable_root_pin_1024_borrow_reads,own_shared_pin_local_view,scope,97,31310,322.783505155,2334208
96,38,independent_owner_parameter,std_shared,call,100000,1653724,16.53724,2350000
96,39,group_setup_then_8_copies,std_shared,group,12500,1852960,148.2368,2350000
96,40,frame_4096_draws_64_unique_leases,std_shared,frame,24,89744,3739.33333333,41287680
96,41,copy_read_drop,own_local,copy,100000,101284,1.01284,2350000
96,42,borrow_read,raw_borrow,read,100000,38168,0.38168,2350000
96,43,owner_retained_borrow_parameter,std_raw_borrow,call,100000,69260,0.6926,2350000
96,44,contended_copy_2_workers,std_shared,copy,200000,11842756,59.21378,4700000
96,45,scene_4096_attachments,std_shared,attachment,98304,943017,9.59286499023,98304
96,46,owner_retained_4096_parameter_borrows,std_raw_borrow,frame,24,76889,3203.70833333,41287680
96,47,owner_retained_4096_parameter_borrows,own_local_view,frame,24,80602,3358.41666667,41287680
96,48,resource_lifecycle_64_assets_4096_objects,own_local,cycle,10,214046,21404.6,17203200
96,49,create_read_destroy,own_local,asset,100000,1545779,15.45779,65000400000
96,50,independent_owner_parameter,own_local,call,100000,120071,1.20071,2350000
96,51,create_read_destroy,own_shared,asset,100000,1263246,12.63246,65000400000
96,52,owner_retained_borrow_copy_read,own_local_view,read,100000,30054,0.30054,2350000
96,53,weak_lock_expired,own_shared,lock,100000,77111,0.77111,0
96,54,frame_4096_draws_64_unique_leases,own_shared,frame,24,87857,3660.70833333,41287680
96,55,independent_owner_parameter,own_shared,call,100000,1458429,14.58429,2350000
97,0,async_queue_job_64_local_copies,std_shared,job,100,299786,2997.86,150400
97,1,contended_copy_2_workers,own_shared,copy,200000,5233678,26.16839,4700000
97,2,async_queue_job_1_local_copies,std_shared,job,100,47788,477.88,2000
97,3,independent_owner_parameter,std_shared,call,100000,1663140,16.6314,2350000
97,4,group_setup_then_64_copies,own_local,group,1562,111623,71.4615877081,2349248
97,5,share_read_drop,std_shared,handoff,100000,1503746,15.03746,2350000
97,6,scene_4096_attachments,std_shared,attachment,98304,990812,10.0790608724,98304
97,7,group_setup_then_8_copies,own_local,group,12500,258394,20.67152,2350000
97,8,group_setup_then_1024_copies,std_shared,group,97,1640557,16912.9587629,2334208
97,9,async_queue_job_1024_local_copies,std_shared,job,100,2394565,23945.65,2406400
97,10,async_queue_job_1_local_copies,own_local,job,100,83836,838.36,2000
97,11,owner_retained_4096_parameter_borrows,own_local_view,frame,24,76752,3198,41287680
97,12,group_setup_then_8_copies,std_shared,group,12500,1865038,149.20304,2350000
97,13,group_setup_then_64_copies,std_shared,group,1562,2219044,1420.64276569,2349248
97,14,localize_read_drop,own_local,group,100000,1360349,13.60349,2350000
97,15,async_queue_job_64_borrow_reads,std_shared_then_raw_borrow,job,100,58727,587.27,150400
97,16,resettable_root_pin_1024_borrow_reads,own_shared_pin_local_view,scope,97,31716,326.969072165,2334208
97,17,async_queue_job_1_borrow_reads,own_shared_then_local_view,job,100,54651,546.51,2000
97,18,weak_lock_expired,own_shared,lock,100000,101078,1.01078,0
97,19,create_read_destroy,own_shared,asset,100000,1235367,12.35367,65000400000
97,20,weak_lock_live,own_shared,lock,100000,1494975,14.94975,2350000
97,21,async_queue_job_64_borrow_reads,own_shared_then_local_view,job,100,65737,657.37,150400
97,22,async_queue_job_64_local_copies,own_local,job,100,89613,896.13,150400
97,23,async_queue_job_1024_borrow_reads,std_shared_then_raw_borrow,job,100,190296,1902.96,2406400
97,24,copy_read_drop,own_local,copy,100000,105826,1.05826,2350000
97,25,resource_lifecycle_64_assets_4096_objects,std_shared,cycle,10,561038,56103.8,17203200
97,26,create_read_destroy,std_shared,asset,100000,1391862,13.91862,65000400000
97,27,copy_read_drop,std_shared,copy,100000,1812707,18.12707,2350000
97,28,owner_retained_borrow_parameter,own_local_view,call,100000,66943,0.66943,2350000
97,29,weak_lock_expired,std_shared,lock,100000,92776,0.92776,0
97,30,group_setup_then_1_copies,std_shared,group,100000,3348904,33.48904,2000000
97,31,independent_owner_parameter,own_shared,call,100000,1446035,14.46035,2350000
97,32,group_setup_then_1024_copies,own_local,group,97,103181,1063.72164948,2334208
97,33,owner_retained_4096_draw_borrows,std_raw_borrow,frame,24,49113,2046.375,41287680
97,34,frame_4096_draws_64_unique_leases,own_shared,frame,24,90807,3783.625,41287680
97,35,owner_retained_4096_parameter_borrows,std_raw_borrow,frame,24,91994,3833.08333333,41287680
97,36,weak_lock_live,std_shared,lock,100000,1887440,18.8744,2350000
97,37,async_queue_job_1024_local_copies,own_local,job,100,264920,2649.2,2406400
97,38,share_read_drop,own_shared,handoff,100000,1109436,11.09436,2350000
97,39,scene_4096_attachments,own_local,attachment,98304,144705,1.47201538086,98304
97,40,borrow_read,raw_borrow,read,100000,35312,0.35312,2350000
97,41,async_queue_job_1_borrow_reads,std_shared_then_raw_borrow,job,100,71969,719.69,2000
97,42,copy_read_drop,own_shared,copy,100000,1117701,11.17701,2350000
97,43,owner_retained_borrow_copy_read,std_raw_borrow,read,100000,30112,0.30112,2350000
97,44,contended_copy_2_workers,std_shared,copy,200000,14823862,74.11931,4700000
97,45,frame_4096_draws_64_unique_leases,std_shared,frame,24,89551,3731.29166667,41287680
97,46,async_queue_job_1024_borrow_reads,own_shared_then_local_view,job,100,371401,3714.01,2406400
97,47,owner_retained_borrow_copy_read,own_local_view,read,100000,30234,0.30234,2350000
97,48,group_setup_then_1_copies,own_local,group,100000,1352417,13.52417,2000000
97,49,resettable_root_pin_1024_borrow_reads,std_shared_pin_raw_borrow,scope,97,31758,327.402061856,2334208
97,50,resource_lifecycle_64_assets_4096_objects,own_local,cycle,10,198506,19850.6,17203200
97,51,independent_owner_parameter,own_local,call,100000,115860,1.1586,2350000
97,52,localize_read_drop,std_shared,group,100000,1486547,14.86547,2350000
97,53,create_read_destroy,own_local,asset,100000,1522863,15.22863,65000400000
97,54,owner_retained_borrow_parameter,std_raw_borrow,call,100000,64214,0.64214,2350000
97,55,owner_retained_4096_draw_borrows,own_local_view,frame,24,48078,2003.25,41287680
98,0,independent_owner_parameter,own_local,call,100000,128195,1.28195,2350000
98,1,owner_retained_borrow_copy_read,own_local_view,read,100000,30065,0.30065,2350000
98,2,owner_retained_4096_draw_borrows,own_local_view,frame,24,46887,1953.625,41287680
98,3,weak_lock_expired,own_shared,lock,100000,77113,0.77113,0
98,4,weak_lock_expired,std_shared,lock,100000,85585,0.85585,0
98,5,frame_4096_draws_64_unique_leases,own_shared,frame,24,89133,3713.875,41287680
98,6,async_queue_job_1_borrow_reads,own_shared_then_local_view,job,100,111569,1115.69,2000
98,7,resource_lifecycle_64_assets_4096_objects,own_local,cycle,10,189648,18964.8,17203200
98,8,async_queue_job_1024_borrow_reads,std_shared_then_raw_borrow,job,100,167536,1675.36,2406400
98,9,owner_retained_borrow_parameter,std_raw_borrow,call,100000,59904,0.59904,2350000
98,10,async_queue_job_1_local_copies,own_local,job,100,127552,1275.52,2000
98,11,create_read_destroy,std_shared,asset,100000,1194469,11.94469,65000400000
98,12,owner_retained_borrow_parameter,own_local_view,call,100000,61678,0.61678,2350000
98,13,independent_owner_parameter,own_shared,call,100000,1478521,14.78521,2350000
98,14,async_queue_job_1024_borrow_reads,own_shared_then_local_view,job,100,274531,2745.31,2406400
98,15,localize_read_drop,std_shared,group,100000,1472626,14.72626,2350000
98,16,resettable_root_pin_1024_borrow_reads,std_shared_pin_raw_borrow,scope,97,31670,326.494845361,2334208
98,17,async_queue_job_64_borrow_reads,std_shared_then_raw_borrow,job,100,69423,694.23,150400
98,18,async_queue_job_1_borrow_reads,std_shared_then_raw_borrow,job,100,55132,551.32,2000
98,19,group_setup_then_8_copies,own_local,group,12500,256770,20.5416,2350000
98,20,group_setup_then_8_copies,std_shared,group,12500,2036841,162.94728,2350000
98,21,group_setup_then_1024_copies,own_local,group,97,90113,929,2334208
98,22,group_setup_then_64_copies,own_local,group,1562,115524,73.9590268886,2349248
98,23,async_queue_job_1_local_copies,std_shared,job,100,76554,765.54,2000
98,24,group_setup_then_1_copies,std_shared,group,100000,3333593,33.33593,2000000
98,25,resource_lifecycle_64_assets_4096_objects,std_shared,cycle,10,528722,52872.2,17203200
98,26,create_read_destroy,own_local,asset,100000,1467845,14.67845,65000400000
98,27,async_queue_job_64_local_copies,std_shared,job,100,345624,3456.24,150400
98,28,contended_copy_2_workers,own_shared,copy,200000,11650644,58.25322,4700000
98,29,async_queue_job_1024_local_copies,std_shared,job,100,2417422,24174.22,2406400
98,30,async_queue_job_1024_local_copies,own_local,job,100,449846,4498.46,2406400
98,31,group_setup_then_1_copies,own_local,group,100000,1362675,13.62675,2000000
98,32,localize_read_drop,own_local,group,100000,1304165,13.04165,2350000
98,33,copy_read_drop,std_shared,copy,100000,1654298,16.54298,2350000
98,34,group_setup_then_1024_copies,std_shared,group,97,1639127,16898.2164948,2334208
98,35,create_read_destroy,own_shared,asset,100000,1261633,12.61633,65000400000
98,36,scene_4096_attachments,std_shared,attachment,98304,963986,9.8061726888,98304
98,37,share_read_drop,std_shared,handoff,100000,1521310,15.2131,2350000
98,38,resettable_root_pin_1024_borrow_reads,own_shared_pin_local_view,scope,97,31559,325.350515464,2334208
98,39,async_queue_job_64_borrow_reads,own_shared_then_local_view,job,100,99339,993.39,150400
98,40,scene_4096_attachments,own_local,attachment,98304,153991,1.56647745768,98304
98,41,independent_owner_parameter,std_shared,call,100000,1678325,16.78325,2350000
98,42,copy_read_drop,own_local,copy,100000,101295,1.01295,2350000
98,43,owner_retained_borrow_copy_read,std_raw_borrow,read,100000,36217,0.36217,2350000
98,44,owner_retained_4096_parameter_borrows,std_raw_borrow,frame,24,84582,3524.25,41287680
98,45,frame_4096_draws_64_unique_leases,std_shared,frame,24,96076,4003.16666667,41287680
98,46,share_read_drop,own_shared,handoff,100000,1204140,12.0414,2350000
98,47,async_queue_job_64_local_copies,own_local,job,100,84310,843.1,150400
98,48,group_setup_then_64_copies,std_shared,group,1562,1831827,1172.74455826,2349248
98,49,owner_retained_4096_draw_borrows,std_raw_borrow,frame,24,51471,2144.625,41287680
98,50,owner_retained_4096_parameter_borrows,own_local_view,frame,24,83491,3478.79166667,41287680
98,51,borrow_read,raw_borrow,read,100000,38386,0.38386,2350000
98,52,weak_lock_live,own_shared,lock,100000,1531229,15.31229,2350000
98,53,copy_read_drop,own_shared,copy,100000,1130950,11.3095,2350000
98,54,contended_copy_2_workers,std_shared,copy,200000,14107363,70.536815,4700000
98,55,weak_lock_live,std_shared,lock,100000,1697280,16.9728,2350000
99,0,create_read_destroy,own_shared,asset,100000,1243387,12.43387,65000400000
99,1,owner_retained_4096_draw_borrows,own_local_view,frame,24,48293,2012.20833333,41287680
99,2,frame_4096_draws_64_unique_leases,own_shared,frame,24,93458,3894.08333333,41287680
99,3,scene_4096_attachments,std_shared,attachment,98304,935480,9.51619466146,98304
99,4,copy_read_drop,std_shared,copy,100000,1676149,16.76149,2350000
99,5,resettable_root_pin_1024_borrow_reads,own_shared_pin_local_view,scope,97,31605,325.824742268,2334208
99,6,group_setup_then_8_copies,own_local,group,12500,268996,21.51968,2350000
99,7,borrow_read,raw_borrow,read,100000,72187,0.72187,2350000
99,8,contended_copy_2_workers,std_shared,copy,200000,12987969,64.939845,4700000
99,9,owner_retained_4096_parameter_borrows,std_raw_borrow,frame,24,79762,3323.41666667,41287680
99,10,group_setup_then_1024_copies,own_local,group,97,89024,917.773195876,2334208
99,11,group_setup_then_1024_copies,std_shared,group,97,1638766,16894.4948454,2334208
99,12,share_read_drop,std_shared,handoff,100000,1495860,14.9586,2350000
99,13,localize_read_drop,std_shared,group,100000,1486341,14.86341,2350000
99,14,owner_retained_borrow_parameter,std_raw_borrow,call,100000,59978,0.59978,2350000
99,15,group_setup_then_1_copies,std_shared,group,100000,3325512,33.25512,2000000
99,16,async_queue_job_1_local_copies,own_local,job,100,82649,826.49,2000
99,17,group_setup_then_64_copies,own_local,group,1562,111489,71.3758002561,2349248
99,18,weak_lock_expired,own_shared,lock,100000,77062,0.77062,0
99,19,copy_read_drop,own_local,copy,100000,101727,1.01727,2350000
99,20,async_queue_job_1_borrow_reads,std_shared_then_raw_borrow,job,100,66224,662.24,2000
99,21,async_queue_job_1_borrow_reads,own_shared_then_local_view,job,100,51786,517.86,2000
99,22,async_queue_job_64_borrow_reads,std_shared_then_raw_borrow,job,100,76243,762.43,150400
99,23,async_queue_job_64_local_copies,std_shared,job,100,245270,2452.7,150400
99,24,contended_copy_2_workers,own_shared,copy,200000,10063292,50.31646,4700000
99,25,localize_read_drop,own_local,group,100000,1294580,12.9458,2350000
99,26,resource_lifecycle_64_assets_4096_objects,std_shared,cycle,10,518526,51852.6,17203200
99,27,group_setup_then_64_copies,std_shared,group,1562,1669800,1069.01408451,2349248
99,28,async_queue_job_64_borrow_reads,own_shared_then_local_view,job,100,55000,550,150400
99,29,weak_lock_expired,std_shared,lock,100000,85734,0.85734,0
99,30,copy_read_drop,own_shared,copy,100000,1124632,11.24632,2350000
99,31,resource_lifecycle_64_assets_4096_objects,own_local,cycle,10,193108,19310.8,17203200
99,32,create_read_destroy,own_local,asset,100000,1464971,14.64971,65000400000
99,33,owner_retained_borrow_parameter,own_local_view,call,100000,60012,0.60012,2350000
99,34,async_queue_job_1024_borrow_reads,std_shared_then_raw_borrow,job,100,105333,1053.33,2406400
99,35,scene_4096_attachments,own_local,attachment,98304,146148,1.48669433594,98304
99,36,share_read_drop,own_shared,handoff,100000,1115991,11.15991,2350000
99,37,weak_lock_live,own_shared,lock,100000,1502095,15.02095,2350000
99,38,weak_lock_live,std_shared,lock,100000,1668847,16.68847,2350000
99,39,owner_retained_4096_draw_borrows,std_raw_borrow,frame,24,48101,2004.20833333,41287680
99,40,async_queue_job_1024_local_copies,std_shared,job,100,2423624,24236.24,2406400
99,41,owner_retained_borrow_copy_read,own_local_view,read,100000,30056,0.30056,2350000
99,42,owner_retained_4096_parameter_borrows,own_local_view,frame,24,77121,3213.375,41287680
99,43,async_queue_job_1_local_copies,std_shared,job,100,84251,842.51,2000
99,44,async_queue_job_1024_local_copies,own_local,job,100,4395479,43954.79,2406400
99,45,create_read_destroy,std_shared,asset,100000,1297464,12.97464,65000400000
99,46,independent_owner_parameter,own_local,call,100000,115789,1.15789,2350000
99,47,async_queue_job_64_local_copies,own_local,job,100,78280,782.8,150400
99,48,group_setup_then_1_copies,own_local,group,100000,1375363,13.75363,2000000
99,49,independent_owner_parameter,std_shared,call,100000,1650481,16.50481,2350000
99,50,group_setup_then_8_copies,std_shared,group,12500,1868384,149.47072,2350000
99,51,independent_owner_parameter,own_shared,call,100000,1485993,14.85993,2350000
99,52,async_queue_job_1024_borrow_reads,own_shared_then_local_view,job,100,108075,1080.75,2406400
99,53,resettable_root_pin_1024_borrow_reads,std_shared_pin_raw_borrow,scope,97,31553,325.288659794,2334208
99,54,owner_retained_borrow_copy_read,std_raw_borrow,read,100000,42219,0.42219,2350000
99,55,frame_4096_draws_64_unique_leases,std_shared,frame,24,86560,3606.66666667,41287680
100,0,borrow_read,raw_borrow,read,100000,35414,0.35414,2350000
100,1,group_setup_then_8_copies,own_local,group,12500,257744,20.61952,2350000
100,2,frame_4096_draws_64_unique_leases,own_shared,frame,24,86056,3585.66666667,41287680
100,3,contended_copy_2_workers,std_shared,copy,200000,14519331,72.596655,4700000
100,4,create_read_destroy,own_shared,asset,100000,1239857,12.39857,65000400000
100,5,async_queue_job_1024_borrow_reads,own_shared_then_local_view,job,100,128826,1288.26,2406400
100,6,share_read_drop,own_shared,handoff,100000,1114581,11.14581,2350000
100,7,group_setup_then_8_copies,std_shared,group,12500,1858525,148.682,2350000
100,8,frame_4096_draws_64_unique_leases,std_shared,frame,24,83481,3478.375,41287680
100,9,async_queue_job_64_local_copies,std_shared,job,100,474531,4745.31,150400
100,10,weak_lock_live,own_shared,lock,100000,1474343,14.74343,2350000
100,11,owner_retained_borrow_parameter,own_local_view,call,100000,61679,0.61679,2350000
100,12,async_queue_job_1_borrow_reads,own_shared_then_local_view,job,100,72058,720.58,2000
100,13,localize_read_drop,own_local,group,100000,1307586,13.07586,2350000
100,14,share_read_drop,std_shared,handoff,100000,1479295,14.79295,2350000
100,15,group_setup_then_1_copies,own_local,group,100000,1367123,13.67123,2000000
100,16,async_queue_job_64_borrow_reads,std_shared_then_raw_borrow,job,100,80502,805.02,150400
100,17,independent_owner_parameter,own_local,call,100000,116134,1.16134,2350000
100,18,group_setup_then_64_copies,own_local,group,1562,128138,82.0345710627,2349248
100,19,contended_copy_2_workers,own_shared,copy,200000,6095253,30.476265,4700000
100,20,async_queue_job_1024_local_copies,own_local,job,100,209050,2090.5,2406400
100,21,weak_lock_expired,own_shared,lock,100000,77149,0.77149,0
100,22,localize_read_drop,std_shared,group,100000,1501370,15.0137,2350000
100,23,group_setup_then_1024_copies,std_shared,group,97,1512404,15591.7938144,2334208
100,24,independent_owner_parameter,own_shared,call,100000,1471829,14.71829,2350000
100,25,resettable_root_pin_1024_borrow_reads,std_shared_pin_raw_borrow,scope,97,58291,600.93814433,2334208
100,26,async_queue_job_64_local_copies,own_local,job,100,73595,735.95,150400
100,27,async_queue_job_1024_borrow_reads,std_shared_then_raw_borrow,job,100,162526,1625.26,2406400
100,28,async_queue_job_1_borrow_reads,std_shared_then_raw_borrow,job,100,40247,402.47,2000
100,29,resettable_root_pin_1024_borrow_reads,own_shared_pin_local_view,scope,97,31749,327.309278351,2334208
100,30,copy_read_drop,own_shared,copy,100000,1145296,11.45296,2350000
100,31,async_queue_job_1_local_copies,std_shared,job,100,100097,1000.97,2000
100,32,owner_retained_borrow_copy_read,std_raw_borrow,read,100000,30296,0.30296,2350000
100,33,independent_owner_parameter,std_shared,call,100000,1589563,15.89563,2350000
100,34,create_read_destroy,std_shared,asset,100000,1308311,13.08311,65000400000
100,35,weak_lock_live,std_shared,lock,100000,2085137,20.85137,2350000
100,36,async_queue_job_64_borrow_reads,own_shared_then_local_view,job,100,62971,629.71,150400
100,37,owner_retained_4096_draw_borrows,std_raw_borrow,frame,24,51356,2139.83333333,41287680
100,38,group_setup_then_64_copies,std_shared,group,1562,1689950,1081.91421255,2349248
100,39,owner_retained_borrow_parameter,std_raw_borrow,call,100000,64283,0.64283,2350000
100,40,owner_retained_4096_draw_borrows,own_local_view,frame,24,47897,1995.70833333,41287680
100,41,copy_read_drop,own_local,copy,100000,130140,1.3014,2350000
100,42,resource_lifecycle_64_assets_4096_objects,std_shared,cycle,10,641222,64122.2,17203200
100,43,owner_retained_4096_parameter_borrows,std_raw_borrow,frame,24,99695,4153.95833333,41287680
100,44,copy_read_drop,std_shared,copy,100000,1708762,17.08762,2350000
100,45,async_queue_job_1_local_copies,own_local,job,100,59205,592.05,2000
100,46,weak_lock_expired,std_shared,lock,100000,116929,1.16929,0
100,47,scene_4096_attachments,own_local,attachment,98304,179886,1.82989501953,98304
100,48,async_queue_job_1024_local_copies,std_shared,job,100,3233900,32339,2406400
100,49,group_setup_then_1024_copies,own_local,group,97,117596,1212.32989691,2334208
100,50,owner_retained_4096_parameter_borrows,own_local_view,frame,24,81258,3385.75,41287680
100,51,create_read_destroy,own_local,asset,100000,1671857,16.71857,65000400000
100,52,resource_lifecycle_64_assets_4096_objects,own_local,cycle,10,234005,23400.5,17203200
100,53,scene_4096_attachments,std_shared,attachment,98304,946857,9.63192749023,98304
100,54,group_setup_then_1_copies,std_shared,group,100000,3376894,33.76894,2000000
100,55,owner_retained_borrow_copy_read,own_local_view,read,100000,30134,0.30134,2350000
