round,order,case,implementation,unit,operations,elapsed_ns,ns_per_operation,checksum
0,0,resource_lifecycle_64_assets_4096_objects,own_local,cycle,10,355766,35576.6,17203200
0,1,weak_lock_expired,std_shared,lock,100000,162911,1.62911,0
0,2,weak_lock_live,std_shared,lock,100000,915935,9.15935,2350000
0,3,async_queue_job_64_local_copies,std_shared,job,100,273515,2735.15,150400
0,4,async_queue_job_1_local_copies,std_shared,job,100,35222,352.22,2000
0,5,contended_copy_2_workers,std_shared,copy,200000,3880099,19.400495,4700000
0,6,async_queue_job_1024_local_copies,std_shared,job,100,3666122,36661.22,2406400
0,7,share_read_drop,own_shared,handoff,100000,447712,4.47712,2350000
0,8,create_read_destroy,own_shared,asset,100000,1233234,12.33234,65000400000
0,9,copy_read_drop,own_local,copy,100000,121569,1.21569,2350000
0,10,async_queue_job_1_local_copies,own_local,job,100,99417,994.17,2000
0,11,async_queue_job_64_local_copies,own_local,job,100,240336,2403.36,150400
0,12,create_read_destroy,std_shared,asset,100000,1154858,11.54858,65000400000
0,13,async_queue_job_1024_local_copies,own_local,job,100,334955,3349.55,2406400
0,14,group_setup_then_1_copies,std_shared,group,100000,1877537,18.77537,2000000
0,15,scene_4096_attachments,own_local,attachment,98304,494572,5.03104654948,98304
0,16,copy_read_drop,own_shared,copy,100000,1061570,10.6157,2350000
0,17,group_setup_then_8_copies,own_local,group,12500,345842,27.66736,2350000
0,18,borrow_read,raw_borrow,read,100000,54471,0.54471,2350000
0,19,localize_read_drop,own_local,group,100000,1325060,13.2506,2350000
0,20,share_read_drop,std_shared,handoff,100000,1441943,14.41943,2350000
0,21,frame_4096_draws_64_unique_leases,std_shared,frame,24,94069,3919.54166667,41287680
0,22,localize_read_drop,std_shared,group,100000,1242738,12.42738,2350000
0,23,contended_copy_2_workers,own_shared,copy,200000,7381592,36.90796,4700000
0,24,create_read_destroy,own_local,asset,100000,2541659,25.41659,65000400000
0,25,frame_4096_draws_64_unique_leases,own_shared,frame,24,109191,4549.625,41287680
0,26,scene_4096_attachments,std_shared,attachment,98304,670592,6.82161458333,98304
0,27,group_setup_then_1024_copies,std_shared,group,97,1632014,16824.8865979,2334208
0,28,group_setup_then_64_copies,own_local,group,1562,170022,108.848911652,2349248
0,29,weak_lock_live,own_shared,lock,100000,450677,4.50677,2350000
0,30,copy_read_drop,std_shared,copy,100000,1416495,14.16495,2350000
0,31,group_setup_then_8_copies,std_shared,group,12500,1466368,117.30944,2350000
0,32,group_setup_then_1_copies,own_local,group,100000,3268034,32.68034,2000000
0,33,resource_lifecycle_64_assets_4096_objects,std_shared,cycle,10,391709,39170.9,17203200
0,34,group_setup_then_64_copies,std_shared,group,1562,1287174,824.055057618,2349248
0,35,group_setup_then_1024_copies,own_local,group,97,136212,1404.24742268,2334208
0,36,weak_lock_expired,own_shared,lock,100000,135881,1.35881,0
1,0,copy_read_drop,std_shared,copy,100000,1434412,14.34412,2350000
1,1,localize_read_drop,std_shared,group,100000,1191402,11.91402,2350000
1,2,contended_copy_2_workers,own_shared,copy,200000,2161217,10.806085,4700000
1,3,create_read_destroy,std_shared,asset,100000,3374326,33.74326,65000400000
1,4,group_setup_then_1024_copies,own_local,group,97,137343,1415.90721649,2334208
1,5,localize_read_drop,own_local,group,100000,1129460,11.2946,2350000
1,6,share_read_drop,own_shared,handoff,100000,453191,4.53191,2350000
1,7,weak_lock_live,std_shared,lock,100000,1179425,11.79425,2350000
1,8,group_setup_then_8_copies,std_shared,group,12500,2317268,185.38144,2350000
1,9,create_read_destroy,own_local,asset,100000,2279311,22.79311,65000400000
1,10,scene_4096_attachments,std_shared,attachment,98304,522433,5.31446329753,98304
1,11,group_setup_then_1_copies,std_shared,group,100000,2229698,22.29698,2000000
1,12,contended_copy_2_workers,std_shared,copy,200000,5118871,25.594355,4700000
1,13,weak_lock_expired,own_shared,lock,100000,135661,1.35661,0
1,14,scene_4096_attachments,own_local,attachment,98304,150923,1.53526814779,98304
1,15,borrow_read,raw_borrow,read,100000,54601,0.54601,2350000
1,16,group_setup_then_1024_copies,std_shared,group,97,1192363,12292.4020619,2334208
1,17,group_setup_then_64_copies,own_local,group,1562,169190,108.316261204,2349248
1,18,group_setup_then_64_copies,std_shared,group,1562,1274545,815.969910371,2349248
1,19,async_queue_job_1_local_copies,own_local,job,100,71015,710.15,2000
1,20,resource_lifecycle_64_assets_4096_objects,std_shared,cycle,10,354415,35441.5,17203200
1,21,share_read_drop,std_shared,handoff,100000,1206184,12.06184,2350000
1,22,weak_lock_expired,std_shared,lock,100000,173126,1.73126,0
1,23,async_queue_job_1024_local_copies,std_shared,job,100,1993088,19930.88,2406400
1,24,async_queue_job_1_local_copies,std_shared,job,100,28032,280.32,2000
1,25,async_queue_job_64_local_copies,std_shared,job,100,193586,1935.86,150400
1,26,async_queue_job_1024_local_copies,own_local,job,100,405980,4059.8,2406400
1,27,copy_read_drop,own_local,copy,100000,147108,1.47108,2350000
1,28,frame_4096_draws_64_unique_leases,std_shared,frame,24,93578,3899.08333333,41287680
1,29,resource_lifecycle_64_assets_4096_objects,own_local,cycle,10,289799,28979.9,17203200
1,30,async_queue_job_64_local_copies,own_local,job,100,69913,699.13,150400
1,31,create_read_destroy,own_shared,asset,100000,1418217,14.18217,65000400000
1,32,frame_4096_draws_64_unique_leases,own_shared,frame,24,222339,9264.125,41287680
1,33,group_setup_then_1_copies,own_local,group,100000,3125964,31.25964,2000000
1,34,group_setup_then_8_copies,own_local,group,12500,347975,27.838,2350000
1,35,copy_read_drop,own_shared,copy,100000,466350,4.6635,2350000
1,36,weak_lock_live,own_shared,lock,100000,450346,4.50346,2350000
2,0,async_queue_job_1024_local_copies,own_local,job,100,391830,3918.3,2406400
2,1,async_queue_job_1_local_copies,own_local,job,100,71286,712.86,2000
2,2,share_read_drop,std_shared,handoff,100000,1245462,12.45462,2350000
2,3,borrow_read,raw_borrow,read,100000,54331,0.54331,2350000
2,4,weak_lock_live,own_shared,lock,100000,450245,4.50245,2350000
2,5,resource_lifecycle_64_assets_4096_objects,std_shared,cycle,10,351770,35177,17203200
2,6,group_setup_then_64_copies,std_shared,group,1562,1160807,743.154289373,2349248
2,7,copy_read_drop,std_shared,copy,100000,1177301,11.77301,2350000
2,8,scene_4096_attachments,std_shared,attachment,98304,496044,5.04602050781,98304
2,9,share_read_drop,own_shared,handoff,100000,456626,4.56626,2350000
2,10,async_queue_job_1_local_copies,std_shared,job,100,72407,724.07,2000
2,11,localize_read_drop,own_local,group,100000,1701727,17.01727,2350000
2,12,create_read_destroy,own_shared,asset,100000,1235217,12.35217,65000400000
2,13,weak_lock_live,std_shared,lock,100000,975683,9.75683,2350000
2,14,resource_lifecycle_64_assets_4096_objects,own_local,cycle,10,236299,23629.9,17203200
2,15,async_queue_job_64_local_copies,std_shared,job,100,197973,1979.73,150400
2,16,group_setup_then_64_copies,own_local,group,1562,183601,117.542253521,2349248
2,17,weak_lock_expired,std_shared,lock,100000,162510,1.6251,0
2,18,async_queue_job_1024_local_copies,std_shared,job,100,1629560,16295.6,2406400
2,19,async_queue_job_64_local_copies,own_local,job,100,74781,747.81,150400
2,20,frame_4096_draws_64_unique_leases,own_shared,frame,24,118545,4939.375,41287680
2,21,group_setup_then_1024_copies,own_local,group,97,198744,2048.90721649,2334208
2,22,contended_copy_2_workers,own_shared,copy,200000,3279350,16.39675,4700000
2,23,group_setup_then_1_copies,own_local,group,100000,2428282,24.28282,2000000
2,24,group_setup_then_8_copies,own_local,group,12500,370829,29.66632,2350000
2,25,copy_read_drop,own_local,copy,100000,122461,1.22461,2350000
2,26,create_read_destroy,std_shared,asset,100000,1210641,12.10641,65000400000
2,27,group_setup_then_1024_copies,std_shared,group,97,1228797,12668.0103093,2334208
2,28,create_read_destroy,own_local,asset,100000,2196709,21.96709,65000400000
2,29,contended_copy_2_workers,std_shared,copy,200000,4847030,24.23515,4700000
2,30,group_setup_then_1_copies,std_shared,group,100000,2161247,21.61247,2000000
2,31,frame_4096_draws_64_unique_leases,std_shared,frame,24,95030,3959.58333333,41287680
2,32,weak_lock_expired,own_shared,lock,100000,135600,1.356,0
2,33,group_setup_then_8_copies,std_shared,group,12500,2439518,195.16144,2350000
2,34,copy_read_drop,own_shared,copy,100000,478488,4.78488,2350000
2,35,localize_read_drop,std_shared,group,100000,1208228,12.08228,2350000
2,36,scene_4096_attachments,own_local,attachment,98304,156942,1.59649658203,98304
3,0,localize_read_drop,std_shared,group,100000,1271911,12.71911,2350000
3,1,create_read_destroy,std_shared,asset,100000,1741846,17.41846,65000400000
3,2,group_setup_then_1024_copies,std_shared,group,97,2807522,28943.5257732,2334208
3,3,weak_lock_expired,std_shared,lock,100000,162871,1.62871,0
3,4,group_setup_then_64_copies,std_shared,group,1562,1171423,749.950704225,2349248
3,5,scene_4096_attachments,std_shared,attachment,98304,1492668,15.1842041016,98304
3,6,scene_4096_attachments,own_local,attachment,98304,149971,1.52558390299,98304
3,7,copy_read_drop,own_local,copy,100000,121470,1.2147,2350000
3,8,async_queue_job_64_local_copies,own_local,job,100,83874,838.74,150400
3,9,weak_lock_live,own_shared,lock,100000,518627,5.18627,2350000
3,10,group_setup_then_8_copies,std_shared,group,12500,1513989,121.11912,2350000
3,11,frame_4096_draws_64_unique_leases,std_shared,frame,24,89272,3719.66666667,41287680
3,12,weak_lock_expired,own_shared,lock,100000,156371,1.56371,0
3,13,async_queue_job_1024_local_copies,own_local,job,100,402345,4023.45,2406400
3,14,async_queue_job_64_local_copies,std_shared,job,100,202450,2024.5,150400
3,15,group_setup_then_8_copies,own_local,group,12500,452219,36.17752,2350000
3,16,create_read_destroy,own_local,asset,100000,2458576,24.58576,65000400000
3,17,async_queue_job_1_local_copies,std_shared,job,100,48362,483.62,2000
3,18,async_queue_job_1_local_copies,own_local,job,100,43434,434.34,2000
3,19,share_read_drop,own_shared,handoff,100000,462384,4.62384,2350000
3,20,group_setup_then_1_copies,std_shared,group,100000,2005266,20.05266,2000000
3,21,copy_read_drop,std_shared,copy,100000,1211592,12.11592,2350000
3,22,frame_4096_draws_64_unique_leases,own_shared,frame,24,93288,3887,41287680
3,23,create_read_destroy,own_shared,asset,100000,1233614,12.33614,65000400000
3,24,group_setup_then_1024_copies,own_local,group,97,137323,1415.70103093,2334208
3,25,contended_copy_2_workers,std_shared,copy,200000,4499475,22.497375,4700000
3,26,group_setup_then_64_copies,own_local,group,1562,211483,135.392445583,2349248
3,27,resource_lifecycle_64_assets_4096_objects,std_shared,cycle,10,342557,34255.7,17203200
3,28,weak_lock_live,std_shared,lock,100000,938287,9.38287,2350000
3,29,share_read_drop,std_shared,handoff,100000,1189369,11.89369,2350000
3,30,borrow_read,raw_borrow,read,100000,54461,0.54461,2350000
3,31,group_setup_then_1_copies,own_local,group,100000,2561329,25.61329,2000000
3,32,resource_lifecycle_64_assets_4096_objects,own_local,cycle,10,234417,23441.7,17203200
3,33,async_queue_job_1024_local_copies,std_shared,job,100,1652064,16520.64,2406400
3,34,copy_read_drop,own_shared,copy,100000,617383,6.17383,2350000
3,35,localize_read_drop,own_local,group,100000,1193585,11.93585,2350000
3,36,contended_copy_2_workers,own_shared,copy,200000,2763337,13.816685,4700000
4,0,create_read_destroy,own_local,asset,100000,2219532,22.19532,65000400000
4,1,async_queue_job_1_local_copies,own_local,job,100,64094,640.94,2000
4,2,group_setup_then_1024_copies,std_shared,group,97,1210170,12475.9793814,2334208
4,3,async_queue_job_1024_local_copies,own_local,job,100,449675,4496.75,2406400
4,4,group_setup_then_64_copies,std_shared,group,1562,1176270,753.053777209,2349248
4,5,scene_4096_attachments,std_shared,attachment,98304,497336,5.05916341146,98304
4,6,create_read_destroy,own_shared,asset,100000,1224340,12.2434,65000400000
4,7,borrow_read,raw_borrow,read,100000,54330,0.5433,2350000
4,8,copy_read_drop,own_local,copy,100000,179756,1.79756,2350000
4,9,async_queue_job_1024_local_copies,std_shared,job,100,1615149,16151.49,2406400
4,10,share_read_drop,std_shared,handoff,100000,1202920,12.0292,2350000
4,11,group_setup_then_8_copies,std_shared,group,12500,1284571,102.76568,2350000
4,12,resource_lifecycle_64_assets_4096_objects,own_local,cycle,10,297250,29725,17203200
4,13,copy_read_drop,std_shared,copy,100000,1170291,11.70291,2350000
4,14,create_read_destroy,std_shared,asset,100000,1147126,11.47126,65000400000
4,15,async_queue_job_64_local_copies,own_local,job,100,78416,784.16,150400
4,16,group_setup_then_1_copies,std_shared,group,100000,2068759,20.68759,2000000
4,17,group_setup_then_8_copies,own_local,group,12500,419450,33.556,2350000
4,18,share_read_drop,own_shared,handoff,100000,730310,7.3031,2350000
4,19,localize_read_drop,std_shared,group,100000,1492488,14.92488,2350000
4,20,contended_copy_2_workers,std_shared,copy,200000,4390013,21.950065,4700000
4,21,group_setup_then_1_copies,own_local,group,100000,2982852,29.82852,2000000
4,22,frame_4096_draws_64_unique_leases,own_shared,frame,24,94150,3922.91666667,41287680
4,23,scene_4096_attachments,own_local,attachment,98304,146627,1.49156697591,98304
4,24,group_setup_then_64_copies,own_local,group,1562,168930,108.149807939,2349248
4,25,async_queue_job_1_local_copies,std_shared,job,100,52808,528.08,2000
4,26,weak_lock_expired,std_shared,lock,100000,223580,2.2358,0
4,27,weak_lock_live,std_shared,lock,100000,918328,9.18328,2350000
4,28,group_setup_then_1024_copies,own_local,group,97,139617,1439.35051546,2334208
4,29,copy_read_drop,own_shared,copy,100000,455283,4.55283,2350000
4,30,localize_read_drop,own_local,group,100000,1185854,11.85854,2350000
4,31,resource_lifecycle_64_assets_4096_objects,std_shared,cycle,10,338470,33847,17203200
4,32,weak_lock_expired,own_shared,lock,100000,135500,1.355,0
4,33,async_queue_job_64_local_copies,std_shared,job,100,200156,2001.56,150400
4,34,weak_lock_live,own_shared,lock,100000,450266,4.50266,2350000
4,35,frame_4096_draws_64_unique_leases,std_shared,frame,24,94019,3917.45833333,41287680
4,36,contended_copy_2_workers,own_shared,copy,200000,3025615,15.128075,4700000
5,0,group_setup_then_64_copies,own_local,group,1562,227587,145.702304738,2349248
5,1,async_queue_job_1024_local_copies,own_local,job,100,391329,3913.29,2406400
5,2,async_queue_job_1_local_copies,std_shared,job,100,42693,426.93,2000
5,3,async_queue_job_64_local_copies,own_local,job,100,76192,761.92,150400
5,4,localize_read_drop,own_local,group,100000,1067068,10.67068,2350000
5,5,group_setup_then_64_copies,std_shared,group,1562,1212543,776.275928297,2349248
5,6,copy_read_drop,std_shared,copy,100000,1284520,12.8452,2350000
5,7,group_setup_then_8_copies,own_local,group,12500,349507,27.96056,2350000
5,8,copy_read_drop,own_local,copy,100000,121600,1.216,2350000
5,9,group_setup_then_1_copies,own_local,group,100000,2363836,23.63836,2000000
5,10,contended_copy_2_workers,std_shared,copy,200000,5005283,25.026415,4700000
5,11,async_queue_job_1_local_copies,own_local,job,100,63414,634.14,2000
5,12,create_read_destroy,own_local,asset,100000,2493248,24.93248,65000400000
5,13,group_setup_then_8_copies,std_shared,group,12500,1574338,125.94704,2350000
5,14,frame_4096_draws_64_unique_leases,std_shared,frame,24,95341,3972.54166667,41287680
5,15,async_queue_job_1024_local_copies,std_shared,job,100,1718652,17186.52,2406400
5,16,contended_copy_2_workers,own_shared,copy,200000,1763662,8.81831,4700000
5,17,create_read_destroy,own_shared,asset,100000,1460480,14.6048,65000400000
5,18,resource_lifecycle_64_assets_4096_objects,std_shared,cycle,10,349758,34975.8,17203200
5,19,borrow_read,raw_borrow,read,100000,56894,0.56894,2350000
5,20,weak_lock_expired,std_shared,lock,100000,162710,1.6271,0
5,21,weak_lock_live,own_shared,lock,100000,495473,4.95473,2350000
5,22,share_read_drop,std_shared,handoff,100000,1428002,14.28002,2350000
5,23,resource_lifecycle_64_assets_4096_objects,own_local,cycle,10,274386,27438.6,17203200
5,24,scene_4096_attachments,own_local,attachment,98304,150713,1.53313191732,98304
5,25,group_setup_then_1_copies,std_shared,group,100000,2204810,22.0481,2000000
5,26,frame_4096_draws_64_unique_leases,own_shared,frame,24,92447,3851.95833333,41287680
5,27,weak_lock_live,std_shared,lock,100000,1004415,10.04415,2350000
5,28,weak_lock_expired,own_shared,lock,100000,135521,1.35521,0
5,29,scene_4096_attachments,std_shared,attachment,98304,512137,5.2097269694,98304
5,30,share_read_drop,own_shared,handoff,100000,453561,4.53561,2350000
5,31,group_setup_then_1024_copies,own_local,group,97,218193,2249.41237113,2334208
5,32,group_setup_then_1024_copies,std_shared,group,97,1284139,13238.5463918,2334208
5,33,copy_read_drop,own_shared,copy,100000,455353,4.55353,2350000
5,34,localize_read_drop,std_shared,group,100000,1182909,11.82909,2350000
5,35,create_read_destroy,std_shared,asset,100000,1394483,13.94483,65000400000
5,36,async_queue_job_64_local_copies,std_shared,job,100,251918,2519.18,150400
6,0,borrow_read,raw_borrow,read,100000,54731,0.54731,2350000
6,1,async_queue_job_64_local_copies,own_local,job,100,88571,885.71,150400
6,2,copy_read_drop,own_local,copy,100000,131985,1.31985,2350000
6,3,scene_4096_attachments,own_local,attachment,98304,150723,1.53323364258,98304
6,4,group_setup_then_1_copies,own_local,group,100000,2519636,25.19636,2000000
6,5,resource_lifecycle_64_assets_4096_objects,std_shared,cycle,10,341274,34127.4,17203200
6,6,share_read_drop,own_shared,handoff,100000,474161,4.74161,2350000
6,7,frame_4096_draws_64_unique_leases,own_shared,frame,24,91395,3808.125,41287680
6,8,async_queue_job_1024_local_copies,own_local,job,100,412901,4129.01,2406400
6,9,copy_read_drop,std_shared,copy,100000,1355365,13.55365,2350000
6,10,frame_4096_draws_64_unique_leases,std_shared,frame,24,92447,3851.95833333,41287680
6,11,create_read_destroy,own_shared,asset,100000,1460481,14.60481,65000400000
6,12,async_queue_job_64_local_copies,std_shared,job,100,198293,1982.93,150400
6,13,async_queue_job_1024_local_copies,std_shared,job,100,1579546,15795.46,2406400
6,14,group_setup_then_64_copies,std_shared,group,1562,1715206,1098.08322663,2349248
6,15,group_setup_then_1024_copies,own_local,group,97,188949,1947.92783505,2334208
6,16,group_setup_then_64_copies,own_local,group,1562,195359,125.06978233,2349248
6,17,group_setup_then_8_copies,std_shared,group,12500,1744941,139.59528,2350000
6,18,group_setup_then_8_copies,own_local,group,12500,526869,42.14952,2350000
6,19,group_setup_then_1024_copies,std_shared,group,97,1350717,13924.9175258,2334208
6,20,contended_copy_2_workers,std_shared,copy,200000,4282364,21.41182,4700000
6,21,async_queue_job_1_local_copies,std_shared,job,100,60660,606.6,2000
6,22,resource_lifecycle_64_assets_4096_objects,own_local,cycle,10,239935,23993.5,17203200
6,23,share_read_drop,std_shared,handoff,100000,1169670,11.6967,2350000
6,24,localize_read_drop,std_shared,group,100000,1246293,12.46293,2350000
6,25,copy_read_drop,own_shared,copy,100000,455724,4.55724,2350000
6,26,localize_read_drop,own_local,group,100000,1070674,10.70674,2350000
6,27,create_read_destroy,std_shared,asset,100000,1109421,11.09421,65000400000
6,28,create_read_destroy,own_local,asset,100000,2127817,21.27817,65000400000
6,29,async_queue_job_1_local_copies,own_local,job,100,90123,901.23,2000
6,30,weak_lock_expired,own_shared,lock,100000,135741,1.35741,0
6,31,weak_lock_live,std_shared,lock,100000,925579,9.25579,2350000
6,32,contended_copy_2_workers,own_shared,copy,200000,1856696,9.28348,4700000
6,33,scene_4096_attachments,std_shared,attachment,98304,529002,5.38128662109,98304
6,34,group_setup_then_1_copies,std_shared,group,100000,1882344,18.82344,2000000
6,35,weak_lock_expired,std_shared,lock,100000,162630,1.6263,0
6,36,weak_lock_live,own_shared,lock,100000,464688,4.64688,2350000
7,0,localize_read_drop,own_local,group,100000,1109791,11.09791,2350000
7,1,async_queue_job_1_local_copies,std_shared,job,100,62633,626.33,2000
7,2,resource_lifecycle_64_assets_4096_objects,std_shared,cycle,10,337419,33741.9,17203200
7,3,scene_4096_attachments,own_local,attachment,98304,150052,1.5264078776,98304
7,4,async_queue_job_64_local_copies,std_shared,job,100,267666,2676.66,150400
7,5,localize_read_drop,std_shared,group,100000,1172814,11.72814,2350000
7,6,weak_lock_live,own_shared,lock,100000,450346,4.50346,2350000
7,7,weak_lock_expired,own_shared,lock,100000,135621,1.35621,0
7,8,group_setup_then_1024_copies,std_shared,group,97,1149520,11850.7216495,2334208
7,9,scene_4096_attachments,std_shared,attachment,98304,538126,5.4741007487,98304
7,10,group_setup_then_64_copies,std_shared,group,1562,1168207,747.891805378,2349248
7,11,resource_lifecycle_64_assets_4096_objects,own_local,cycle,10,231523,23152.3,17203200
7,12,copy_read_drop,own_shared,copy,100000,467261,4.67261,2350000
7,13,group_setup_then_8_copies,std_shared,group,12500,1248947,99.91576,2350000
7,14,create_read_destroy,std_shared,asset,100000,1159294,11.59294,65000400000
7,15,group_setup_then_8_copies,own_local,group,12500,367954,29.43632,2350000
7,16,async_queue_job_1_local_copies,own_local,job,100,93519,935.19,2000
7,17,async_queue_job_64_local_copies,own_local,job,100,72768,727.68,150400
7,18,contended_copy_2_workers,own_shared,copy,200000,1976713,9.883565,4700000
7,19,copy_read_drop,own_local,copy,100000,122971,1.22971,2350000
7,20,share_read_drop,own_shared,handoff,100000,441303,4.41303,2350000
7,21,async_queue_job_1024_local_copies,own_local,job,100,433040,4330.4,2406400
7,22,share_read_drop,std_shared,handoff,100000,1169419,11.69419,2350000
7,23,contended_copy_2_workers,std_shared,copy,200000,3938665,19.693325,4700000
7,24,create_read_destroy,own_local,asset,100000,2222177,22.22177,65000400000
7,25,async_queue_job_1024_local_copies,std_shared,job,100,1863326,18633.26,2406400
7,26,group_setup_then_1_copies,own_local,group,100000,1994710,19.9471,2000000
7,27,group_setup_then_1_copies,std_shared,group,100000,1894752,18.94752,2000000
7,28,frame_4096_draws_64_unique_leases,std_shared,frame,24,92567,3856.95833333,41287680
7,29,create_read_destroy,own_shared,asset,100000,1221176,12.21176,65000400000
7,30,group_setup_then_1024_copies,own_local,group,97,137503,1417.55670103,2334208
7,31,frame_4096_draws_64_unique_leases,own_shared,frame,24,92537,3855.70833333,41287680
7,32,borrow_read,raw_borrow,read,100000,67720,0.6772,2350000
7,33,copy_read_drop,std_shared,copy,100000,1179925,11.79925,2350000
7,34,weak_lock_expired,std_shared,lock,100000,162651,1.62651,0
7,35,weak_lock_live,std_shared,lock,100000,912489,9.12489,2350000
7,36,group_setup_then_64_copies,own_local,group,1562,181158,115.978233035,2349248
8,0,group_setup_then_8_copies,own_local,group,12500,354424,28.35392,2350000
8,1,resource_lifecycle_64_assets_4096_objects,own_local,cycle,10,251902,25190.2,17203200
8,2,group_setup_then_64_copies,own_local,group,1562,188860,120.909090909,2349248
8,3,async_queue_job_1024_local_copies,std_shared,job,100,1911126,19111.26,2406400
8,4,share_read_drop,std_shared,handoff,100000,1181006,11.81006,2350000
8,5,group_setup_then_1024_copies,std_shared,group,97,1148759,11842.8762887,2334208
8,6,group_setup_then_1_copies,std_shared,group,100000,1907381,19.07381,2000000
8,7,group_setup_then_64_copies,std_shared,group,1562,1164342,745.417413572,2349248
8,8,scene_4096_attachments,own_local,attachment,98304,150913,1.53516642253,98304
8,9,weak_lock_live,std_shared,lock,100000,927071,9.27071,2350000
8,10,group_setup_then_8_copies,std_shared,group,12500,1236299,98.90392,2350000
8,11,frame_4096_draws_64_unique_leases,std_shared,frame,24,106738,4447.41666667,41287680
8,12,async_queue_job_64_local_copies,own_local,job,100,120158,1201.58,150400
8,13,weak_lock_live,own_shared,lock,100000,465448,4.65448,2350000
8,14,copy_read_drop,std_shared,copy,100000,1173896,11.73896,2350000
8,15,copy_read_drop,own_local,copy,100000,195149,1.95149,2350000
8,16,create_read_destroy,own_local,asset,100000,2202928,22.02928,65000400000
8,17,async_queue_job_1_local_copies,own_local,job,100,54040,540.4,2000
8,18,localize_read_drop,std_shared,group,100000,1187556,11.87556,2350000
8,19,contended_copy_2_workers,std_shared,copy,200000,4330284,21.65142,4700000
8,20,resource_lifecycle_64_assets_4096_objects,std_shared,cycle,10,361685,36168.5,17203200
8,21,async_queue_job_1024_local_copies,own_local,job,100,425930,4259.3,2406400
8,22,contended_copy_2_workers,own_shared,copy,200000,1748987,8.744935,4700000
8,23,weak_lock_expired,std_shared,lock,100000,162941,1.62941,0
8,24,scene_4096_attachments,std_shared,attachment,98304,496204,5.04764811198,98304
8,25,create_read_destroy,std_shared,asset,100000,1143141,11.43141,65000400000
8,26,copy_read_drop,own_shared,copy,100000,455754,4.55754,2350000
8,27,group_setup_then_1_copies,own_local,group,100000,2621157,26.21157,2000000
8,28,localize_read_drop,own_local,group,100000,1054189,10.54189,2350000
8,29,frame_4096_draws_64_unique_leases,own_shared,frame,24,92196,3841.5,41287680
8,30,async_queue_job_1_local_copies,std_shared,job,100,72177,721.77,2000
8,31,create_read_destroy,own_shared,asset,100000,1241937,12.41937,65000400000
8,32,share_read_drop,own_shared,handoff,100000,491267,4.91267,2350000
8,33,borrow_read,raw_borrow,read,100000,54450,0.5445,2350000
8,34,weak_lock_expired,own_shared,lock,100000,135610,1.3561,0
8,35,async_queue_job_64_local_copies,std_shared,job,100,252193,2521.93,150400
8,36,group_setup_then_1024_copies,own_local,group,97,139837,1441.6185567,2334208
9,0,group_setup_then_8_copies,std_shared,group,12500,1277009,102.16072,2350000
9,1,localize_read_drop,std_shared,group,100000,1169570,11.6957,2350000
9,2,create_read_destroy,own_shared,asset,100000,1253915,12.53915,65000400000
9,3,contended_copy_2_workers,std_shared,copy,200000,4623498,23.11749,4700000
9,4,weak_lock_live,std_shared,lock,100000,920361,9.20361,2350000
9,5,async_queue_job_64_local_copies,own_local,job,100,72888,728.88,150400
9,6,group_setup_then_1024_copies,std_shared,group,97,1144153,11795.3917526,2334208
9,7,group_setup_then_8_copies,own_local,group,12500,348896,27.91168,2350000
9,8,weak_lock_live,own_shared,lock,100000,497426,4.97426,2350000
9,9,borrow_read,raw_borrow,read,100000,54530,0.5453,2350000
9,10,group_setup_then_1_copies,std_shared,group,100000,1862325,18.62325,2000000
9,11,create_read_destroy,std_shared,asset,100000,1126096,11.26096,65000400000
9,12,group_setup_then_64_copies,own_local,group,1562,169110,108.265044814,2349248
9,13,contended_copy_2_workers,own_shared,copy,200000,1942313,9.711565,4700000
9,14,async_queue_job_1024_local_copies,std_shared,job,100,1866260,18662.6,2406400
9,15,resource_lifecycle_64_assets_4096_objects,own_local,cycle,10,252734,25273.4,17203200
9,16,async_queue_job_1_local_copies,std_shared,job,100,44436,444.36,2000
9,17,copy_read_drop,own_local,copy,100000,124654,1.24654,2350000
9,18,copy_read_drop,own_shared,copy,100000,522643,5.22643,2350000
9,19,group_setup_then_1_copies,own_local,group,100000,2565425,25.65425,2000000
9,20,scene_4096_attachments,own_local,attachment,98304,150232,1.52823893229,98304
9,21,resource_lifecycle_64_assets_4096_objects,std_shared,cycle,10,351249,35124.9,17203200
9,22,share_read_drop,std_shared,handoff,100000,1179144,11.79144,2350000
9,23,copy_read_drop,std_shared,copy,100000,1158363,11.58363,2350000
9,24,share_read_drop,own_shared,handoff,100000,441513,4.41513,2350000
9,25,async_queue_job_1_local_copies,own_local,job,100,116662,1166.62,2000
9,26,group_setup_then_64_copies,std_shared,group,1562,1196289,765.870038412,2349248
9,27,weak_lock_expired,std_shared,lock,100000,162941,1.62941,0
9,28,frame_4096_draws_64_unique_leases,own_shared,frame,24,93017,3875.70833333,41287680
9,29,localize_read_drop,own_local,group,100000,1276258,12.76258,2350000
9,30,frame_4096_draws_64_unique_leases,std_shared,frame,24,93278,3886.58333333,41287680
9,31,async_queue_job_64_local_copies,std_shared,job,100,172615,1726.15,150400
9,32,group_setup_then_1024_copies,own_local,group,97,135781,1399.80412371,2334208
9,33,async_queue_job_1024_local_copies,own_local,job,100,404849,4048.49,2406400
9,34,weak_lock_expired,own_shared,lock,100000,135621,1.35621,0
9,35,scene_4096_attachments,std_shared,attachment,98304,507260,5.1601155599,98304
9,36,create_read_destroy,own_local,asset,100000,2213935,22.13935,65000400000
10,0,scene_4096_attachments,std_shared,attachment,98304,507761,5.16521199544,98304
10,1,weak_lock_expired,own_shared,lock,100000,135460,1.3546,0
10,2,group_setup_then_1_copies,std_shared,group,100000,1869125,18.69125,2000000
10,3,async_queue_job_1024_local_copies,std_shared,job,100,1683635,16836.35,2406400
10,4,group_setup_then_64_copies,own_local,group,1562,171784,109.976952625,2349248
10,5,share_read_drop,std_shared,handoff,100000,1201477,12.01477,2350000
10,6,create_read_destroy,std_shared,asset,100000,1098294,10.98294,65000400000
10,7,frame_4096_draws_64_unique_leases,std_shared,frame,24,94700,3945.83333333,41287680
10,8,async_queue_job_64_local_copies,std_shared,job,100,320645,3206.45,150400
10,9,copy_read_drop,std_shared,copy,100000,1227536,12.27536,2350000
10,10,weak_lock_live,std_shared,lock,100000,927191,9.27191,2350000
10,11,async_queue_job_64_local_copies,own_local,job,100,102993,1029.93,150400
10,12,scene_4096_attachments,own_local,attachment,98304,163492,1.6631266276,98304
10,13,localize_read_drop,std_shared,group,100000,1228037,12.28037,2350000
10,14,group_setup_then_8_copies,own_local,group,12500,347394,27.79152,2350000
10,15,copy_read_drop,own_shared,copy,100000,485469,4.85469,2350000
10,16,borrow_read,raw_borrow,read,100000,54421,0.54421,2350000
10,17,resource_lifecycle_64_assets_4096_objects,own_local,cycle,10,246033,24603.3,17203200
10,18,frame_4096_draws_64_unique_leases,own_shared,frame,24,90443,3768.45833333,41287680
10,19,async_queue_job_1_local_copies,std_shared,job,100,50525,505.25,2000
10,20,resource_lifecycle_64_assets_4096_objects,std_shared,cycle,10,335296,33529.6,17203200
10,21,async_queue_job_1_local_copies,own_local,job,100,46819,468.19,2000
10,22,group_setup_then_64_copies,std_shared,group,1562,1177671,753.950704225,2349248
10,23,group_setup_then_8_copies,std_shared,group,12500,1394733,111.57864,2350000
10,24,contended_copy_2_workers,std_shared,copy,200000,4552885,22.764425,4700000
10,25,group_setup_then_1_copies,own_local,group,100000,2629749,26.29749,2000000
10,26,create_read_destroy,own_shared,asset,100000,1363036,13.63036,65000400000
10,27,weak_lock_live,own_shared,lock,100000,450536,4.50536,2350000
10,28,group_setup_then_1024_copies,std_shared,group,97,1155028,11907.5051546,2334208
10,29,weak_lock_expired,std_shared,lock,100000,162510,1.6251,0
10,30,localize_read_drop,own_local,group,100000,1041571,10.41571,2350000
10,31,copy_read_drop,own_local,copy,100000,236930,2.3693,2350000
10,32,async_queue_job_1024_local_copies,own_local,job,100,410968,4109.68,2406400
10,33,share_read_drop,own_shared,handoff,100000,466490,4.6649,2350000
10,34,create_read_destroy,own_local,asset,100000,2303697,23.03697,65000400000
10,35,group_setup_then_1024_copies,own_local,group,97,140437,1447.80412371,2334208
10,36,contended_copy_2_workers,own_shared,copy,200000,1485918,7.42959,4700000
11,0,copy_read_drop,own_local,copy,100000,554490,5.5449,2350000
11,1,group_setup_then_8_copies,std_shared,group,12500,1618304,129.46432,2350000
11,2,group_setup_then_1024_copies,own_local,group,97,137774,1420.35051546,2334208
11,3,weak_lock_expired,std_shared,lock,100000,162600,1.626,0
11,4,scene_4096_attachments,std_shared,attachment,98304,508802,5.17580159505,98304
11,5,share_read_drop,own_shared,handoff,100000,763048,7.63048,2350000
11,6,borrow_read,raw_borrow,read,100000,54421,0.54421,2350000
11,7,group_setup_then_64_copies,std_shared,group,1562,1234025,790.028809219,2349248
11,8,weak_lock_expired,own_shared,lock,100000,135641,1.35641,0
11,9,group_setup_then_8_copies,own_local,group,12500,384889,30.79112,2350000
11,10,async_queue_job_1024_local_copies,own_local,job,100,429856,4298.56,2406400
11,11,async_queue_job_64_local_copies,own_local,job,100,134188,1341.88,150400
11,12,scene_4096_attachments,own_local,attachment,98304,151704,1.54321289062,98304
11,13,contended_copy_2_workers,own_shared,copy,200000,1759252,8.79626,4700000
11,14,weak_lock_live,std_shared,lock,100000,931988,9.31988,2350000
11,15,frame_4096_draws_64_unique_leases,own_shared,frame,24,109632,4568,41287680
11,16,share_read_drop,std_shared,handoff,100000,1178132,11.78132,2350000
11,17,contended_copy_2_workers,std_shared,copy,200000,4043050,20.21525,4700000
11,18,copy_read_drop,std_shared,copy,100000,1165063,11.65063,2350000
11,19,group_setup_then_1_copies,std_shared,group,100000,1874823,18.74823,2000000
11,20,resource_lifecycle_64_assets_4096_objects,std_shared,cycle,10,388544,38854.4,17203200
11,21,async_queue_job_1_local_copies,std_shared,job,100,57435,574.35,2000
11,22,async_queue_job_64_local_copies,std_shared,job,100,167037,1670.37,150400
11,23,resource_lifecycle_64_assets_4096_objects,own_local,cycle,10,260856,26085.6,17203200
11,24,group_setup_then_1_copies,own_local,group,100000,2568458,25.68458,2000000
11,25,async_queue_job_1_local_copies,own_local,job,100,98822,988.22,2000
11,26,group_setup_then_64_copies,own_local,group,1562,191363,122.511523688,2349248
11,27,create_read_destroy,own_local,asset,100000,2156770,21.5677,65000400000
11,28,create_read_destroy,std_shared,asset,100000,1132995,11.32995,65000400000
11,29,create_read_destroy,own_shared,asset,100000,1257851,12.57851,65000400000
11,30,frame_4096_draws_64_unique_leases,std_shared,frame,24,91636,3818.16666667,41287680
11,31,group_setup_then_1024_copies,std_shared,group,97,1152945,11886.0309278,2334208
11,32,async_queue_job_1024_local_copies,std_shared,job,100,2384567,23845.67,2406400
11,33,copy_read_drop,own_shared,copy,100000,496294,4.96294,2350000
11,34,localize_read_drop,std_shared,group,100000,1184773,11.84773,2350000
11,35,weak_lock_live,own_shared,lock,100000,450607,4.50607,2350000
11,36,localize_read_drop,own_local,group,100000,1072796,10.72796,2350000
12,0,group_setup_then_8_copies,own_local,group,12500,351279,28.10232,2350000
12,1,create_read_destroy,own_shared,asset,100000,1323327,13.23327,65000400000
12,2,async_queue_job_64_local_copies,std_shared,job,100,199185,1991.85,150400
12,3,group_setup_then_1024_copies,own_local,group,97,136872,1411.05154639,2334208
12,4,create_read_destroy,std_shared,asset,100000,1099506,10.99506,65000400000
12,5,copy_read_drop,own_local,copy,100000,122111,1.22111,2350000
12,6,group_setup_then_64_copies,std_shared,group,1562,1197401,766.581946223,2349248
12,7,async_queue_job_1024_local_copies,own_local,job,100,759763,7597.63,2406400
12,8,localize_read_drop,std_shared,group,100000,1179644,11.79644,2350000
12,9,share_read_drop,std_shared,handoff,100000,1191011,11.91011,2350000
12,10,contended_copy_2_workers,std_shared,copy,200000,4118452,20.59226,4700000
12,11,async_queue_job_1024_local_copies,std_shared,job,100,1700675,17006.75,2406400
12,12,share_read_drop,own_shared,handoff,100000,454181,4.54181,2350000
12,13,copy_read_drop,std_shared,copy,100000,1167096,11.67096,2350000
12,14,borrow_read,raw_borrow,read,100000,54340,0.5434,2350000
12,15,resource_lifecycle_64_assets_4096_objects,std_shared,cycle,10,335646,33564.6,17203200
12,16,group_setup_then_1024_copies,std_shared,group,97,1199574,12366.742268,2334208
12,17,create_read_destroy,own_local,asset,100000,2232201,22.32201,65000400000
12,18,weak_lock_expired,std_shared,lock,100000,162561,1.62561,0
12,19,scene_4096_attachments,std_shared,attachment,98304,530935,5.40095011393,98304
12,20,weak_lock_expired,own_shared,lock,100000,135491,1.35491,0
12,21,async_queue_job_1_local_copies,std_shared,job,100,54601,546.01,2000
12,22,weak_lock_live,own_shared,lock,100000,450236,4.50236,2350000
12,23,group_setup_then_1_copies,std_shared,group,100000,1865609,18.65609,2000000
12,24,resource_lifecycle_64_assets_4096_objects,own_local,cycle,10,234587,23458.7,17203200
12,25,frame_4096_draws_64_unique_leases,own_shared,frame,24,93518,3896.58333333,41287680
12,26,group_setup_then_1_copies,own_local,group,100000,2303848,23.03848,2000000
12,27,async_queue_job_64_local_copies,own_local,job,100,119917,1199.17,150400
12,28,frame_4096_draws_64_unique_leases,std_shared,frame,24,89723,3738.45833333,41287680
12,29,scene_4096_attachments,own_local,attachment,98304,147969,1.50521850586,98304
12,30,contended_copy_2_workers,own_shared,copy,200000,1445819,7.229095,4700000
12,31,weak_lock_live,std_shared,lock,100000,898249,8.98249,2350000
12,32,copy_read_drop,own_shared,copy,100000,482534,4.82534,2350000
12,33,async_queue_job_1_local_copies,own_local,job,100,53610,536.1,2000
12,34,localize_read_drop,own_local,group,100000,1070243,10.70243,2350000
12,35,group_setup_then_8_copies,std_shared,group,12500,1248757,99.90056,2350000
12,36,group_setup_then_64_copies,own_local,group,1562,169160,108.297055058,2349248
13,0,group_setup_then_1024_copies,std_shared,group,97,1416174,14599.7319588,2334208
13,1,share_read_drop,std_shared,handoff,100000,1170531,11.70531,2350000
13,2,frame_4096_draws_64_unique_leases,std_shared,frame,24,90103,3754.29166667,41287680
13,3,contended_copy_2_workers,own_shared,copy,200000,1837628,9.18814,4700000
13,4,group_setup_then_1024_copies,own_local,group,97,136682,1409.09278351,2334208
13,5,scene_4096_attachments,own_local,attachment,98304,147798,1.50347900391,98304
13,6,resource_lifecycle_64_assets_4096_objects,std_shared,cycle,10,372581,37258.1,17203200
13,7,weak_lock_live,own_shared,lock,100000,450436,4.50436,2350000
13,8,async_queue_job_1024_local_copies,own_local,job,100,443195,4431.95,2406400
13,9,async_queue_job_1024_local_copies,std_shared,job,100,1710961,17109.61,2406400
13,10,create_read_destroy,std_shared,asset,100000,1174077,11.74077,65000400000
13,11,weak_lock_expired,std_shared,lock,100000,191373,1.91373,0
13,12,frame_4096_draws_64_unique_leases,own_shared,frame,24,90294,3762.25,41287680
13,13,borrow_read,raw_borrow,read,100000,54451,0.54451,2350000
13,14,resource_lifecycle_64_assets_4096_objects,own_local,cycle,10,301856,30185.6,17203200
13,15,copy_read_drop,std_shared,copy,100000,1168598,11.68598,2350000
13,16,group_setup_then_64_copies,own_local,group,1562,180476,115.541613316,2349248
13,17,async_queue_job_64_local_copies,own_local,job,100,109572,1095.72,150400
13,18,async_queue_job_1_local_copies,std_shared,job,100,47931,479.31,2000
13,19,share_read_drop,own_shared,handoff,100000,441413,4.41413,2350000
13,20,contended_copy_2_workers,std_shared,copy,200000,4116869,20.584345,4700000
13,21,group_setup_then_1_copies,own_local,group,100000,2569330,25.6933,2000000
13,22,copy_read_drop,own_shared,copy,100000,571595,5.71595,2350000
13,23,create_read_destroy,own_shared,asset,100000,1232222,12.32222,65000400000
13,24,localize_read_drop,std_shared,group,100000,1190501,11.90501,2350000
13,25,weak_lock_expired,own_shared,lock,100000,135500,1.355,0
13,26,group_setup_then_64_copies,std_shared,group,1562,1169410,748.661971831,2349248
13,27,copy_read_drop,own_local,copy,100000,121550,1.2155,2350000
13,28,group_setup_then_1_copies,std_shared,group,100000,1876205,18.76205,2000000
13,29,group_setup_then_8_copies,std_shared,group,12500,1258211,100.65688,2350000
13,30,group_setup_then_8_copies,own_local,group,12500,411229,32.89832,2350000
13,31,async_queue_job_1_local_copies,own_local,job,100,272122,2721.22,2000
13,32,localize_read_drop,own_local,group,100000,1063023,10.63023,2350000
13,33,async_queue_job_64_local_copies,std_shared,job,100,221628,2216.28,150400
13,34,weak_lock_live,std_shared,lock,100000,912800,9.128,2350000
13,35,scene_4096_attachments,std_shared,attachment,98304,524085,5.33126831055,98304
13,36,create_read_destroy,own_local,asset,100000,2120547,21.20547,65000400000
14,0,scene_4096_attachments,own_local,attachment,98304,150082,1.52671305339,98304
14,1,create_read_destroy,own_shared,asset,100000,1223840,12.2384,65000400000
14,2,group_setup_then_1_copies,std_shared,group,100000,1876194,18.76194,2000000
14,3,group_setup_then_1024_copies,own_local,group,97,137303,1415.49484536,2334208
14,4,weak_lock_expired,own_shared,lock,100000,135460,1.3546,0
14,5,weak_lock_live,std_shared,lock,100000,910437,9.10437,2350000
14,6,weak_lock_expired,std_shared,lock,100000,162591,1.62591,0
14,7,async_queue_job_1_local_copies,own_local,job,100,257952,2579.52,2000
14,8,async_queue_job_64_local_copies,own_local,job,100,63013,630.13,150400
14,9,localize_read_drop,std_shared,group,100000,1235177,12.35177,2350000
14,10,async_queue_job_1024_local_copies,std_shared,job,100,1861072,18610.72,2406400
14,11,frame_4096_draws_64_unique_leases,std_shared,frame,24,90324,3763.5,41287680
14,12,group_setup_then_8_copies,own_local,group,12500,346472,27.71776,2350000
14,13,contended_copy_2_workers,own_shared,copy,200000,1669940,8.3497,4700000
14,14,borrow_read,raw_borrow,read,100000,54511,0.54511,2350000
14,15,resource_lifecycle_64_assets_4096_objects,own_local,cycle,10,239113,23911.3,17203200
14,16,async_queue_job_64_local_copies,std_shared,job,100,252373,2523.73,150400
14,17,group_setup_then_1_copies,own_local,group,100000,2539796,25.39796,2000000
14,18,localize_read_drop,own_local,group,100000,1193565,11.93565,2350000
14,19,weak_lock_live,own_shared,lock,100000,471147,4.71147,2350000
14,20,frame_4096_draws_64_unique_leases,own_shared,frame,24,93709,3904.54166667,41287680
14,21,create_read_destroy,std_shared,asset,100000,1163761,11.63761,65000400000
14,22,group_setup_then_64_copies,own_local,group,1562,167588,107.290653009,2349248
14,23,create_read_destroy,own_local,asset,100000,2165202,21.65202,65000400000
14,24,group_setup_then_1024_copies,std_shared,group,97,1163431,11994.1340206,2334208
14,25,copy_read_drop,own_local,copy,100000,121450,1.2145,2350000
14,26,async_queue_job_1_local_copies,std_shared,job,100,66749,667.49,2000
14,27,share_read_drop,own_shared,handoff,100000,441793,4.41793,2350000
14,28,async_queue_job_1024_local_copies,own_local,job,100,568501,5685.01,2406400
14,29,resource_lifecycle_64_assets_4096_objects,std_shared,cycle,10,388364,38836.4,17203200
14,30,group_setup_then_64_copies,std_shared,group,1562,1311439,839.589628681,2349248
14,31,contended_copy_2_workers,std_shared,copy,200000,3871456,19.35728,4700000
14,32,group_setup_then_8_copies,std_shared,group,12500,1357087,108.56696,2350000
14,33,scene_4096_attachments,std_shared,attachment,98304,496524,5.05090332031,98304
14,34,copy_read_drop,own_shared,copy,100000,469995,4.69995,2350000
14,35,share_read_drop,std_shared,handoff,100000,1206925,12.06925,2350000
14,36,copy_read_drop,std_shared,copy,100000,1223169,12.23169,2350000
15,0,create_read_destroy,own_shared,asset,100000,1244040,12.4404,65000400000
15,1,group_setup_then_64_copies,std_shared,group,1562,1212914,776.513444302,2349248
15,2,async_queue_job_64_local_copies,own_local,job,100,94970,949.7,150400
15,3,group_setup_then_8_copies,std_shared,group,12500,1310538,104.84304,2350000
15,4,contended_copy_2_workers,std_shared,copy,200000,3737067,18.685335,4700000
15,5,weak_lock_live,std_shared,lock,100000,982153,9.82153,2350000
15,6,create_read_destroy,std_shared,asset,100000,1097503,10.97503,65000400000
15,7,group_setup_then_1024_copies,own_local,group,97,138564,1428.49484536,2334208
15,8,copy_read_drop,own_local,copy,100000,121660,1.2166,2350000
15,9,contended_copy_2_workers,own_shared,copy,200000,1726153,8.630765,4700000
15,10,async_queue_job_1024_local_copies,own_local,job,100,349047,3490.47,2406400
15,11,localize_read_drop,own_local,group,100000,1541250,15.4125,2350000
15,12,scene_4096_attachments,own_local,attachment,98304,150903,1.53506469727,98304
15,13,async_queue_job_64_local_copies,std_shared,job,100,225654,2256.54,150400
15,14,borrow_read,raw_borrow,read,100000,54530,0.5453,2350000
15,15,weak_lock_expired,own_shared,lock,100000,135501,1.35501,0
15,16,group_setup_then_8_copies,own_local,group,12500,381143,30.49144,2350000
15,17,weak_lock_expired,std_shared,lock,100000,162680,1.6268,0
15,18,resource_lifecycle_64_assets_4096_objects,own_local,cycle,10,238262,23826.2,17203200
15,19,group_setup_then_1_copies,own_local,group,100000,2403074,24.03074,2000000
15,20,share_read_drop,own_shared,handoff,100000,753735,7.53735,2350000
15,21,create_read_destroy,own_local,asset,100000,2381182,23.81182,65000400000
15,22,group_setup_then_1024_copies,std_shared,group,97,1150642,11862.2886598,2334208
15,23,frame_4096_draws_64_unique_leases,std_shared,frame,24,121480,5061.66666667,41287680
15,24,frame_4096_draws_64_unique_leases,own_shared,frame,24,114269,4761.20833333,41287680
15,25,async_queue_job_1024_local_copies,std_shared,job,100,2757268,27572.68,2406400
15,26,localize_read_drop,std_shared,group,100000,1164392,11.64392,2350000
15,27,copy_read_drop,std_shared,copy,100000,1185303,11.85303,2350000
15,28,async_queue_job_1_local_copies,own_local,job,100,92106,921.06,2000
15,29,group_setup_then_64_copies,own_local,group,1562,213145,136.456466069,2349248
15,30,share_read_drop,std_shared,handoff,100000,1183380,11.8338,2350000
15,31,scene_4096_attachments,std_shared,attachment,98304,498577,5.07178751628,98304
15,32,copy_read_drop,own_shared,copy,100000,467171,4.67171,2350000
15,33,group_setup_then_1_copies,std_shared,group,100000,1882004,18.82004,2000000
15,34,resource_lifecycle_64_assets_4096_objects,std_shared,cycle,10,420783,42078.3,17203200
15,35,async_queue_job_1_local_copies,std_shared,job,100,62373,623.73,2000
15,36,weak_lock_live,own_shared,lock,100000,453221,4.53221,2350000
16,0,group_setup_then_8_copies,own_local,group,12500,397097,31.76776,2350000
16,1,group_setup_then_8_copies,std_shared,group,12500,1245633,99.65064,2350000
16,2,weak_lock_live,own_shared,lock,100000,489554,4.89554,2350000
16,3,create_read_destroy,own_local,asset,100000,2165863,21.65863,65000400000
16,4,async_queue_job_64_local_copies,own_local,job,100,81991,819.91,150400
16,5,group_setup_then_1024_copies,own_local,group,97,137503,1417.55670103,2334208
16,6,async_queue_job_1024_local_copies,std_shared,job,100,1654157,16541.57,2406400
16,7,copy_read_drop,std_shared,copy,100000,1165174,11.65174,2350000
16,8,async_queue_job_1024_local_copies,own_local,job,100,403997,4039.97,2406400
16,9,copy_read_drop,own_local,copy,100000,122061,1.22061,2350000
16,10,create_read_destroy,std_shared,asset,100000,1105384,11.05384,65000400000
16,11,group_setup_then_1024_copies,std_shared,group,97,1204922,12421.8762887,2334208
16,12,weak_lock_live,std_shared,lock,100000,916625,9.16625,2350000
16,13,resource_lifecycle_64_assets_4096_objects,std_shared,cycle,10,335527,33552.7,17203200
16,14,contended_copy_2_workers,own_shared,copy,200000,1613396,8.06698,4700000
16,15,localize_read_drop,std_shared,group,100000,1540098,15.40098,2350000
16,16,group_setup_then_64_copies,std_shared,group,1562,1166826,747.007682458,2349248
16,17,group_setup_then_64_copies,own_local,group,1562,172656,110.535211268,2349248
16,18,share_read_drop,std_shared,handoff,100000,1194647,11.94647,2350000
16,19,scene_4096_attachments,std_shared,attachment,98304,498357,5.06954956055,98304
16,20,weak_lock_expired,own_shared,lock,100000,135621,1.35621,0
16,21,resource_lifecycle_64_assets_4096_objects,own_local,cycle,10,233305,23330.5,17203200
16,22,frame_4096_draws_64_unique_leases,own_shared,frame,24,146216,6092.33333333,41287680
16,23,borrow_read,raw_borrow,read,100000,54350,0.5435,2350000
16,24,async_queue_job_1_local_copies,own_local,job,100,49293,492.93,2000
16,25,group_setup_then_1_copies,std_shared,group,100000,1901733,19.01733,2000000
16,26,weak_lock_expired,std_shared,lock,100000,162650,1.6265,0
16,27,frame_4096_draws_64_unique_leases,std_shared,frame,24,92087,3836.95833333,41287680
16,28,create_read_destroy,own_shared,asset,100000,1244060,12.4406,65000400000
16,29,group_setup_then_1_copies,own_local,group,100000,2570682,25.70682,2000000
16,30,share_read_drop,own_shared,handoff,100000,441714,4.41714,2350000
16,31,localize_read_drop,own_local,group,100000,1087439,10.87439,2350000
16,32,async_queue_job_1_local_copies,std_shared,job,100,60970,609.7,2000
16,33,async_queue_job_64_local_copies,std_shared,job,100,213646,2136.46,150400
16,34,copy_read_drop,own_shared,copy,100000,468973,4.68973,2350000
16,35,scene_4096_attachments,own_local,attachment,98304,148830,1.51397705078,98304
16,36,contended_copy_2_workers,std_shared,copy,200000,3845438,19.22719,4700000
17,0,scene_4096_attachments,std_shared,attachment,98304,494992,5.03531901042,98304
17,1,copy_read_drop,own_shared,copy,100000,469585,4.69585,2350000
17,2,localize_read_drop,own_local,group,100000,1072436,10.72436,2350000
17,3,share_read_drop,own_shared,handoff,100000,441593,4.41593,2350000
17,4,group_setup_then_8_copies,std_shared,group,12500,1303518,104.28144,2350000
17,5,create_read_destroy,own_shared,asset,100000,1219093,12.19093,65000400000
17,6,async_queue_job_64_local_copies,std_shared,job,100,308837,3088.37,150400
17,7,resource_lifecycle_64_assets_4096_objects,own_local,cycle,10,250631,25063.1,17203200
17,8,async_queue_job_64_local_copies,own_local,job,100,101620,1016.2,150400
17,9,group_setup_then_1_copies,std_shared,group,100000,1866260,18.6626,2000000
17,10,group_setup_then_1024_copies,own_local,group,97,157413,1622.81443299,2334208
17,11,scene_4096_attachments,own_local,attachment,98304,148069,1.50623575846,98304
17,12,create_read_destroy,own_local,asset,100000,2116040,21.1604,65000400000
17,13,weak_lock_live,std_shared,lock,100000,915244,9.15244,2350000
17,14,group_setup_then_1_copies,own_local,group,100000,2562700,25.627,2000000
17,15,resource_lifecycle_64_assets_4096_objects,std_shared,cycle,10,351230,35123,17203200
17,16,share_read_drop,std_shared,handoff,100000,1164713,11.64713,2350000
17,17,frame_4096_draws_64_unique_leases,own_shared,frame,24,91114,3796.41666667,41287680
17,18,async_queue_job_1024_local_copies,std_shared,job,100,1766092,17660.92,2406400
17,19,async_queue_job_1_local_copies,own_local,job,100,70755,707.55,2000
17,20,frame_4096_draws_64_unique_leases,std_shared,frame,24,207057,8627.375,41287680
17,21,localize_read_drop,std_shared,group,100000,1171713,11.71713,2350000
17,22,group_setup_then_64_copies,std_shared,group,1562,1254205,802.948143406,2349248
17,23,copy_read_drop,own_local,copy,100000,122742,1.22742,2350000
17,24,group_setup_then_1024_copies,std_shared,group,97,1150552,11861.3608247,2334208
17,25,contended_copy_2_workers,own_shared,copy,200000,1959578,9.79789,4700000
17,26,group_setup_then_64_copies,own_local,group,1562,167748,107.393085787,2349248
17,27,group_setup_then_8_copies,own_local,group,12500,346272,27.70176,2350000
17,28,copy_read_drop,std_shared,copy,100000,1194768,11.94768,2350000
17,29,async_queue_job_1024_local_copies,own_local,job,100,408464,4084.64,2406400
17,30,borrow_read,raw_borrow,read,100000,54240,0.5424,2350000
17,31,weak_lock_expired,std_shared,lock,100000,162500,1.625,0
17,32,weak_lock_expired,own_shared,lock,100000,135510,1.3551,0
17,33,weak_lock_live,own_shared,lock,100000,466009,4.66009,2350000
17,34,async_queue_job_1_local_copies,std_shared,job,100,46298,462.98,2000
17,35,contended_copy_2_workers,std_shared,copy,200000,6119852,30.59926,4700000
17,36,create_read_destroy,std_shared,asset,100000,1097303,10.97303,65000400000
18,0,scene_4096_attachments,own_local,attachment,98304,149251,1.51825968424,98304
18,1,create_read_destroy,own_shared,asset,100000,1217231,12.17231,65000400000
18,2,group_setup_then_1024_copies,own_local,group,97,147899,1524.73195876,2334208
18,3,async_queue_job_1_local_copies,std_shared,job,100,49784,497.84,2000
18,4,frame_4096_draws_64_unique_leases,std_shared,frame,24,91856,3827.33333333,41287680
18,5,share_read_drop,own_shared,handoff,100000,441613,4.41613,2350000
18,6,contended_copy_2_workers,own_shared,copy,200000,3631361,18.156805,4700000
18,7,weak_lock_expired,own_shared,lock,100000,135831,1.35831,0
18,8,group_setup_then_1024_copies,std_shared,group,97,1161497,11974.1958763,2334208
18,9,localize_read_drop,own_local,group,100000,1066598,10.66598,2350000
18,10,contended_copy_2_workers,std_shared,copy,200000,5311456,26.55728,4700000
18,11,group_setup_then_64_copies,own_local,group,1562,181769,116.369398207,2349248
18,12,scene_4096_attachments,std_shared,attachment,98304,495944,5.04500325521,98304
18,13,async_queue_job_1_local_copies,own_local,job,100,54981,549.81,2000
18,14,localize_read_drop,std_shared,group,100000,1192845,11.92845,2350000
18,15,copy_read_drop,own_local,copy,100000,136562,1.36562,2350000
18,16,weak_lock_expired,std_shared,lock,100000,162630,1.6263,0
18,17,group_setup_then_8_copies,own_local,group,12500,346823,27.74584,2350000
18,18,async_queue_job_1024_local_copies,std_shared,job,100,1734475,17344.75,2406400
18,19,group_setup_then_8_copies,std_shared,group,12500,1273263,101.86104,2350000
18,20,async_queue_job_64_local_copies,own_local,job,100,85376,853.76,150400
18,21,create_read_destroy,own_local,asset,100000,2134357,21.34357,65000400000
18,22,copy_read_drop,std_shared,copy,100000,1174888,11.74888,2350000
18,23,weak_lock_live,std_shared,lock,100000,929986,9.29986,2350000
18,24,frame_4096_draws_64_unique_leases,own_shared,frame,24,111154,4631.41666667,41287680
18,25,async_queue_job_64_local_copies,std_shared,job,100,230371,2303.71,150400
18,26,resource_lifecycle_64_assets_4096_objects,std_shared,cycle,10,342257,34225.7,17203200
18,27,share_read_drop,std_shared,handoff,100000,1167516,11.67516,2350000
18,28,group_setup_then_64_copies,std_shared,group,1562,1447902,926.95390525,2349248
18,29,group_setup_then_1_copies,std_shared,group,100000,1939258,19.39258,2000000
18,30,group_setup_then_1_copies,own_local,group,100000,2559516,25.59516,2000000
18,31,async_queue_job_1024_local_copies,own_local,job,100,439099,4390.99,2406400
18,32,copy_read_drop,own_shared,copy,100000,457727,4.57727,2350000
18,33,create_read_destroy,std_shared,asset,100000,1123873,11.23873,65000400000
18,34,resource_lifecycle_64_assets_4096_objects,own_local,cycle,10,231943,23194.3,17203200
18,35,borrow_read,raw_borrow,read,100000,113167,1.13167,2350000
18,36,weak_lock_live,own_shared,lock,100000,450266,4.50266,2350000
19,0,weak_lock_live,own_shared,lock,100000,474452,4.74452,2350000
19,1,frame_4096_draws_64_unique_leases,std_shared,frame,24,119086,4961.91666667,41287680
19,2,group_setup_then_1024_copies,std_shared,group,97,1146175,11816.2371134,2334208
19,3,group_setup_then_1_copies,own_local,group,100000,2596840,25.9684,2000000
19,4,async_queue_job_1_local_copies,own_local,job,100,45908,459.08,2000
19,5,borrow_read,raw_borrow,read,100000,54210,0.5421,2350000
19,6,copy_read_drop,own_local,copy,100000,149211,1.49211,2350000
19,7,weak_lock_live,std_shared,lock,100000,948002,9.48002,2350000
19,8,share_read_drop,std_shared,handoff,100000,1186765,11.86765,2350000
19,9,async_queue_job_64_local_copies,std_shared,job,100,233014,2330.14,150400
19,10,contended_copy_2_workers,std_shared,copy,200000,6139741,30.698705,4700000
19,11,group_setup_then_1024_copies,own_local,group,97,136903,1411.37113402,2334208
19,12,scene_4096_attachments,own_local,attachment,98304,153196,1.55839029948,98304
19,13,localize_read_drop,std_shared,group,100000,1186024,11.86024,2350000
19,14,contended_copy_2_workers,own_shared,copy,200000,1559402,7.79701,4700000
19,15,resource_lifecycle_64_assets_4096_objects,own_local,cycle,10,235108,23510.8,17203200
19,16,copy_read_drop,own_shared,copy,100000,544856,5.44856,2350000
19,17,copy_read_drop,std_shared,copy,100000,1195107,11.95107,2350000
19,18,group_setup_then_1_copies,std_shared,group,100000,1868804,18.68804,2000000
19,19,localize_read_drop,own_local,group,100000,1069722,10.69722,2350000
19,20,frame_4096_draws_64_unique_leases,own_shared,frame,24,93679,3903.29166667,41287680
19,21,group_setup_then_64_copies,own_local,group,1562,167978,107.540332907,2349248
19,22,create_read_destroy,own_shared,asset,100000,1260765,12.60765,65000400000
19,23,async_queue_job_1024_local_copies,std_shared,job,100,1724882,17248.82,2406400
19,24,async_queue_job_64_local_copies,own_local,job,100,85657,856.57,150400
19,25,group_setup_then_8_copies,own_local,group,12500,386883,30.95064,2350000
19,26,weak_lock_expired,own_shared,lock,100000,135640,1.3564,0
19,27,async_queue_job_1024_local_copies,own_local,job,100,381213,3812.13,2406400
19,28,create_read_destroy,std_shared,asset,100000,1245482,12.45482,65000400000
19,29,weak_lock_expired,std_shared,lock,100000,162661,1.62661,0
19,30,group_setup_then_64_copies,std_shared,group,1562,1163601,744.943021767,2349248
19,31,resource_lifecycle_64_assets_4096_objects,std_shared,cycle,10,339693,33969.3,17203200
19,32,create_read_destroy,own_local,asset,100000,2419608,24.19608,65000400000
19,33,group_setup_then_8_copies,std_shared,group,12500,1261786,100.94288,2350000
19,34,share_read_drop,own_shared,handoff,100000,454943,4.54943,2350000
19,35,scene_4096_attachments,std_shared,attachment,98304,570614,5.80458577474,98304
19,36,async_queue_job_1_local_copies,std_shared,job,100,55772,557.72,2000
20,0,scene_4096_attachments,std_shared,attachment,98304,515372,5.24263509115,98304
20,1,async_queue_job_1_local_copies,std_shared,job,100,48672,486.72,2000
20,2,copy_read_drop,own_shared,copy,100000,455143,4.55143,2350000
20,3,async_queue_job_64_local_copies,own_local,job,100,99197,991.97,150400
20,4,group_setup_then_1024_copies,own_local,group,97,137453,1417.04123711,2334208
20,5,resource_lifecycle_64_assets_4096_objects,std_shared,cycle,10,350869,35086.9,17203200
20,6,group_setup_then_1_copies,own_local,group,100000,2565524,25.65524,2000000
20,7,group_setup_then_8_copies,own_local,group,12500,361745,28.9396,2350000
20,8,create_read_destroy,own_shared,asset,100000,1212954,12.12954,65000400000
20,9,group_setup_then_64_copies,own_local,group,1562,171433,109.752240717,2349248
20,10,create_read_destroy,std_shared,asset,100000,1125024,11.25024,65000400000
20,11,async_queue_job_1_local_copies,own_local,job,100,54100,541,2000
20,12,resource_lifecycle_64_assets_4096_objects,own_local,cycle,10,228538,22853.8,17203200
20,13,borrow_read,raw_borrow,read,100000,69373,0.69373,2350000
20,14,share_read_drop,own_shared,handoff,100000,463806,4.63806,2350000
20,15,group_setup_then_8_copies,std_shared,group,12500,1249519,99.96152,2350000
20,16,share_read_drop,std_shared,handoff,100000,1177212,11.77212,2350000
20,17,group_setup_then_64_copies,std_shared,group,1562,1190441,762.126120359,2349248
20,18,create_read_destroy,own_local,asset,100000,2117011,21.17011,65000400000
20,19,copy_read_drop,own_local,copy,100000,122211,1.22211,2350000
20,20,weak_lock_live,own_shared,lock,100000,543945,5.43945,2350000
20,21,async_queue_job_1024_local_copies,own_local,job,100,488893,4888.93,2406400
20,22,localize_read_drop,own_local,group,100000,1159745,11.59745,2350000
20,23,weak_lock_live,std_shared,lock,100000,995723,9.95723,2350000
20,24,group_setup_then_1024_copies,std_shared,group,97,1154017,11897.0824742,2334208
20,25,contended_copy_2_workers,own_shared,copy,200000,2113146,10.56573,4700000
20,26,weak_lock_expired,own_shared,lock,100000,135891,1.35891,0
20,27,localize_read_drop,std_shared,group,100000,1188989,11.88989,2350000
20,28,group_setup_then_1_copies,std_shared,group,100000,2059916,20.59916,2000000
20,29,frame_4096_draws_64_unique_leases,std_shared,frame,24,91676,3819.83333333,41287680
20,30,weak_lock_expired,std_shared,lock,100000,162510,1.6251,0
20,31,copy_read_drop,std_shared,copy,100000,1165404,11.65404,2350000
20,32,scene_4096_attachments,own_local,attachment,98304,150122,1.52711995443,98304
20,33,frame_4096_draws_64_unique_leases,own_shared,frame,24,89452,3727.16666667,41287680
20,34,async_queue_job_64_local_copies,std_shared,job,100,216320,2163.2,150400
20,35,async_queue_job_1024_local_copies,std_shared,job,100,1603342,16033.42,2406400
20,36,contended_copy_2_workers,std_shared,copy,200000,5994235,29.971175,4700000
21,0,async_queue_job_64_local_copies,own_local,job,100,100178,1001.78,150400
21,1,resource_lifecycle_64_assets_4096_objects,std_shared,cycle,10,362136,36213.6,17203200
21,2,weak_lock_expired,std_shared,lock,100000,162521,1.62521,0
21,3,borrow_read,raw_borrow,read,100000,54210,0.5421,2350000
21,4,share_read_drop,std_shared,handoff,100000,1174126,11.74126,2350000
21,5,weak_lock_expired,own_shared,lock,100000,135811,1.35811,0
21,6,group_setup_then_8_copies,own_local,group,12500,448243,35.85944,2350000
21,7,weak_lock_live,std_shared,lock,100000,930977,9.30977,2350000
21,8,share_read_drop,own_shared,handoff,100000,452820,4.5282,2350000
21,9,group_setup_then_1_copies,std_shared,group,100000,1865239,18.65239,2000000
21,10,async_queue_job_1024_local_copies,own_local,job,100,553198,5531.98,2406400
21,11,resource_lifecycle_64_assets_4096_objects,own_local,cycle,10,296299,29629.9,17203200
21,12,async_queue_job_1_local_copies,own_local,job,100,52417,524.17,2000
21,13,copy_read_drop,own_shared,copy,100000,456615,4.56615,2350000
21,14,frame_4096_draws_64_unique_leases,std_shared,frame,24,93358,3889.91666667,41287680
21,15,create_read_destroy,std_shared,asset,100000,1279803,12.79803,65000400000
21,16,async_queue_job_64_local_copies,std_shared,job,100,202364,2023.64,150400
21,17,create_read_destroy,own_local,asset,100000,2116941,21.16941,65000400000
21,18,copy_read_drop,own_local,copy,100000,121630,1.2163,2350000
21,19,copy_read_drop,std_shared,copy,100000,1173536,11.73536,2350000
21,20,localize_read_drop,own_local,group,100000,1166896,11.66896,2350000
21,21,contended_copy_2_workers,std_shared,copy,200000,7822329,39.111645,4700000
21,22,weak_lock_live,own_shared,lock,100000,493150,4.9315,2350000
21,23,create_read_destroy,own_shared,asset,100000,1224060,12.2406,65000400000
21,24,group_setup_then_64_copies,std_shared,group,1562,1161678,743.71190781,2349248
21,25,localize_read_drop,std_shared,group,100000,1164852,11.64852,2350000
21,26,group_setup_then_64_copies,own_local,group,1562,183091,117.21574904,2349248
21,27,async_queue_job_1024_local_copies,std_shared,job,100,2003784,20037.84,2406400
21,28,scene_4096_attachments,own_local,attachment,98304,150432,1.5302734375,98304
21,29,async_queue_job_1_local_copies,std_shared,job,100,37695,376.95,2000
21,30,group_setup_then_1024_copies,std_shared,group,97,1147086,11825.628866,2334208
21,31,group_setup_then_1024_copies,own_local,group,97,138896,1431.91752577,2334208
21,32,contended_copy_2_workers,own_shared,copy,200000,4771037,23.855185,4700000
21,33,scene_4096_attachments,std_shared,attachment,98304,494862,5.03399658203,98304
21,34,group_setup_then_8_copies,std_shared,group,12500,1312431,104.99448,2350000
21,35,frame_4096_draws_64_unique_leases,own_shared,frame,24,91375,3807.29166667,41287680
21,36,group_setup_then_1_copies,own_local,group,100000,2541259,25.41259,2000000
22,0,frame_4096_draws_64_unique_leases,std_shared,frame,24,89573,3732.20833333,41287680
22,1,weak_lock_expired,own_shared,lock,100000,135460,1.3546,0
22,2,async_queue_job_1_local_copies,own_local,job,100,125025,1250.25,2000
22,3,group_setup_then_1024_copies,own_local,group,97,151193,1558.69072165,2334208
22,4,copy_read_drop,own_local,copy,100000,122601,1.22601,2350000
22,5,localize_read_drop,own_local,group,100000,1069792,10.69792,2350000
22,6,create_read_destroy,own_shared,asset,100000,1214596,12.14596,65000400000
22,7,frame_4096_draws_64_unique_leases,own_shared,frame,24,91396,3808.16666667,41287680
22,8,group_setup_then_64_copies,own_local,group,1562,189631,121.40268886,2349248
22,9,group_setup_then_64_copies,std_shared,group,1562,1196350,765.909090909,2349248
22,10,create_read_destroy,own_local,asset,100000,2103451,21.03451,65000400000
22,11,copy_read_drop,own_shared,copy,100000,455474,4.55474,2350000
22,12,async_queue_job_1024_local_copies,own_local,job,100,417337,4173.37,2406400
22,13,group_setup_then_1_copies,std_shared,group,100000,1893931,18.93931,2000000
22,14,async_queue_job_64_local_copies,std_shared,job,100,195809,1958.09,150400
22,15,group_setup_then_8_copies,std_shared,group,12500,1244711,99.57688,2350000
22,16,resource_lifecycle_64_assets_4096_objects,own_local,cycle,10,236139,23613.9,17203200
22,17,async_queue_job_1_local_copies,std_shared,job,100,45318,453.18,2000
22,18,share_read_drop,std_shared,handoff,100000,1215408,12.15408,2350000
22,19,copy_read_drop,std_shared,copy,100000,1288185,12.88185,2350000
22,20,contended_copy_2_workers,own_shared,copy,200000,3129779,15.648895,4700000
22,21,share_read_drop,own_shared,handoff,100000,441443,4.41443,2350000
22,22,scene_4096_attachments,std_shared,attachment,98304,517606,5.26536051432,98304
22,23,localize_read_drop,std_shared,group,100000,1168949,11.68949,2350000
22,24,scene_4096_attachments,own_local,attachment,98304,149181,1.51754760742,98304
22,25,weak_lock_expired,std_shared,lock,100000,163973,1.63973,0
22,26,resource_lifecycle_64_assets_4096_objects,std_shared,cycle,10,355276,35527.6,17203200
22,27,group_setup_then_1024_copies,std_shared,group,97,1168458,12045.9587629,2334208
22,28,borrow_read,raw_borrow,read,100000,54360,0.5436,2350000
22,29,create_read_destroy,std_shared,asset,100000,1125675,11.25675,65000400000
22,30,contended_copy_2_workers,std_shared,copy,200000,5132481,25.662405,4700000
22,31,group_setup_then_1_copies,own_local,group,100000,2575729,25.75729,2000000
22,32,group_setup_then_8_copies,own_local,group,12500,350879,28.07032,2350000
22,33,weak_lock_live,own_shared,lock,100000,462574,4.62574,2350000
22,34,weak_lock_live,std_shared,lock,100000,915344,9.15344,2350000
22,35,async_queue_job_64_local_copies,own_local,job,100,74119,741.19,150400
22,36,async_queue_job_1024_local_copies,std_shared,job,100,1984635,19846.35,2406400
23,0,group_setup_then_8_copies,own_local,group,12500,354954,28.39632,2350000
23,1,weak_lock_expired,std_shared,lock,100000,162611,1.62611,0
23,2,share_read_drop,own_shared,handoff,100000,469164,4.69164,2350000
23,3,group_setup_then_1_copies,own_local,group,100000,2582730,25.8273,2000000
23,4,group_setup_then_64_copies,own_local,group,1562,165335,105.848271447,2349248
23,5,async_queue_job_64_local_copies,own_local,job,100,80029,800.29,150400
23,6,scene_4096_attachments,std_shared,attachment,98304,510074,5.18874104818,98304
23,7,weak_lock_expired,own_shared,lock,100000,135480,1.3548,0
23,8,async_queue_job_1_local_copies,own_local,job,100,40029,400.29,2000
23,9,async_queue_job_1_local_copies,std_shared,job,100,51346,513.46,2000
23,10,weak_lock_live,own_shared,lock,100000,626206,6.26206,2350000
23,11,create_read_destroy,std_shared,asset,100000,1131213,11.31213,65000400000
23,12,copy_read_drop,own_shared,copy,100000,455394,4.55394,2350000
23,13,copy_read_drop,own_local,copy,100000,134710,1.3471,2350000
23,14,async_queue_job_1024_local_copies,std_shared,job,100,1816967,18169.67,2406400
23,15,create_read_destroy,own_shared,asset,100000,1238532,12.38532,65000400000
23,16,frame_4096_draws_64_unique_leases,std_shared,frame,24,91085,3795.20833333,41287680
23,17,copy_read_drop,std_shared,copy,100000,1276058,12.76058,2350000
23,18,frame_4096_draws_64_unique_leases,own_shared,frame,24,92647,3860.29166667,41287680
23,19,localize_read_drop,std_shared,group,100000,1228397,12.28397,2350000
23,20,create_read_destroy,own_local,asset,100000,2120046,21.20046,65000400000
23,21,resource_lifecycle_64_assets_4096_objects,own_local,cycle,10,269919,26991.9,17203200
23,22,resource_lifecycle_64_assets_4096_objects,std_shared,cycle,10,332451,33245.1,17203200
23,23,async_queue_job_64_local_copies,std_shared,job,100,1588449,15884.49,150400
23,24,async_queue_job_1024_local_copies,own_local,job,100,422224,4222.24,2406400
23,25,contended_copy_2_workers,own_shared,copy,200000,4654093,23.270465,4700000
23,26,contended_copy_2_workers,std_shared,copy,200000,4213582,21.06791,4700000
23,27,group_setup_then_8_copies,std_shared,group,12500,1258802,100.70416,2350000
23,28,weak_lock_live,std_shared,lock,100000,915965,9.15965,2350000
23,29,scene_4096_attachments,own_local,attachment,98304,150763,1.53364054362,98304
23,30,localize_read_drop,own_local,group,100000,1056583,10.56583,2350000
23,31,group_setup_then_1024_copies,own_local,group,97,137944,1422.10309278,2334208
23,32,borrow_read,raw_borrow,read,100000,69032,0.69032,2350000
23,33,group_setup_then_1024_copies,std_shared,group,97,1189139,12259.1649485,2334208
23,34,group_setup_then_1_copies,std_shared,group,100000,1880702,18.80702,2000000
23,35,share_read_drop,std_shared,handoff,100000,1172394,11.72394,2350000
23,36,group_setup_then_64_copies,std_shared,group,1562,1176290,753.066581306,2349248
24,0,resource_lifecycle_64_assets_4096_objects,own_local,cycle,10,239534,23953.4,17203200
24,1,async_queue_job_1024_local_copies,std_shared,job,100,1730339,17303.39,2406400
24,2,async_queue_job_64_local_copies,own_local,job,100,74951,749.51,150400
24,3,scene_4096_attachments,own_local,attachment,98304,149331,1.51907348633,98304
24,4,group_setup_then_64_copies,std_shared,group,1562,1222258,782.495518566,2349248
24,5,scene_4096_attachments,std_shared,attachment,98304,530796,5.39953613281,98304
24,6,group_setup_then_1024_copies,own_local,group,97,137794,1420.55670103,2334208
24,7,async_queue_job_1024_local_copies,own_local,job,100,407132,4071.32,2406400
24,8,weak_lock_expired,own_shared,lock,100000,147278,1.47278,0
24,9,copy_read_drop,std_shared,copy,100000,1161467,11.61467,2350000
24,10,weak_lock_live,own_shared,lock,100000,645585,6.45585,2350000
24,11,async_queue_job_1_local_copies,std_shared,job,100,43805,438.05,2000
24,12,async_queue_job_64_local_copies,std_shared,job,100,136252,1362.52,150400
24,13,frame_4096_draws_64_unique_leases,std_shared,frame,24,89733,3738.875,41287680
24,14,frame_4096_draws_64_unique_leases,own_shared,frame,24,91044,3793.5,41287680
24,15,group_setup_then_8_copies,std_shared,group,12500,1322797,105.82376,2350000
24,16,contended_copy_2_workers,own_shared,copy,200000,4592072,22.96036,4700000
24,17,localize_read_drop,std_shared,group,100000,1180937,11.80937,2350000
24,18,weak_lock_live,std_shared,lock,100000,921283,9.21283,2350000
24,19,create_read_destroy,own_shared,asset,100000,1270069,12.70069,65000400000
24,20,localize_read_drop,own_local,group,100000,1066597,10.66597,2350000
24,21,group_setup_then_1_copies,std_shared,group,100000,1862264,18.62264,2000000
24,22,create_read_destroy,own_local,asset,100000,2157331,21.57331,65000400000
24,23,group_setup_then_1024_copies,std_shared,group,97,1148950,11844.8453608,2334208
24,24,async_queue_job_1_local_copies,own_local,job,100,63264,632.64,2000
24,25,copy_read_drop,own_shared,copy,100000,468072,4.68072,2350000
24,26,group_setup_then_1_copies,own_local,group,100000,2564734,25.64734,2000000
24,27,group_setup_then_64_copies,own_local,group,1562,183551,117.510243278,2349248
24,28,create_read_destroy,std_shared,asset,100000,1149981,11.49981,65000400000
24,29,contended_copy_2_workers,std_shared,copy,200000,4257657,21.288285,4700000
24,30,weak_lock_expired,std_shared,lock,100000,223331,2.23331,0
24,31,share_read_drop,own_shared,handoff,100000,510775,5.10775,2350000
24,32,copy_read_drop,own_local,copy,100000,194508,1.94508,2350000
24,33,share_read_drop,std_shared,handoff,100000,1170441,11.70441,2350000
24,34,resource_lifecycle_64_assets_4096_objects,std_shared,cycle,10,341725,34172.5,17203200
24,35,borrow_read,raw_borrow,read,100000,68020,0.6802,2350000
24,36,group_setup_then_8_copies,own_local,group,12500,347003,27.76024,2350000
25,0,share_read_drop,own_shared,handoff,100000,441322,4.41322,2350000
25,1,copy_read_drop,own_local,copy,100000,121279,1.21279,2350000
25,2,resource_lifecycle_64_assets_4096_objects,std_shared,cycle,10,345882,34588.2,17203200
25,3,borrow_read,raw_borrow,read,100000,54160,0.5416,2350000
25,4,localize_read_drop,std_shared,group,100000,1181888,11.81888,2350000
25,5,async_queue_job_1024_local_copies,own_local,job,100,600658,6006.58,2406400
25,6,contended_copy_2_workers,std_shared,copy,200000,5525363,27.626815,4700000
25,7,scene_4096_attachments,std_shared,attachment,98304,510185,5.18987019857,98304
25,8,async_queue_job_64_local_copies,std_shared,job,100,217311,2173.11,150400
25,9,weak_lock_expired,own_shared,lock,100000,135520,1.3552,0
25,10,group_setup_then_1024_copies,std_shared,group,97,1321855,13627.371134,2334208
25,11,group_setup_then_1_copies,own_local,group,100000,2570151,25.70151,2000000
25,12,group_setup_then_8_copies,std_shared,group,12500,1316797,105.34376,2350000
25,13,contended_copy_2_workers,own_shared,copy,200000,4303034,21.51517,4700000
25,14,weak_lock_live,own_shared,lock,100000,471137,4.71137,2350000
25,15,copy_read_drop,own_shared,copy,100000,467762,4.67762,2350000
25,16,frame_4096_draws_64_unique_leases,std_shared,frame,24,93198,3883.25,41287680
25,17,scene_4096_attachments,own_local,attachment,98304,152906,1.55544026693,98304
25,18,group_setup_then_8_copies,own_local,group,12500,346943,27.75544,2350000
25,19,async_queue_job_1_local_copies,own_local,job,100,50214,502.14,2000
25,20,async_queue_job_1_local_copies,std_shared,job,100,42984,429.84,2000
25,21,frame_4096_draws_64_unique_leases,own_shared,frame,24,89722,3738.41666667,41287680
25,22,create_read_destroy,std_shared,asset,100000,1098144,10.98144,65000400000
25,23,copy_read_drop,std_shared,copy,100000,1261646,12.61646,2350000
25,24,create_read_destroy,own_local,asset,100000,2126415,21.26415,65000400000
25,25,localize_read_drop,own_local,group,100000,1091034,10.91034,2350000
25,26,group_setup_then_64_copies,own_local,group,1562,176181,112.791933419,2349248
25,27,async_queue_job_1024_local_copies,std_shared,job,100,1647287,16472.87,2406400
25,28,resource_lifecycle_64_assets_4096_objects,own_local,cycle,10,240105,24010.5,17203200
25,29,group_setup_then_1024_copies,own_local,group,97,138805,1430.97938144,2334208
25,30,share_read_drop,std_shared,handoff,100000,1173686,11.73686,2350000
25,31,create_read_destroy,own_shared,asset,100000,1252452,12.52452,65000400000
25,32,group_setup_then_1_copies,std_shared,group,100000,1850097,18.50097,2000000
25,33,weak_lock_live,std_shared,lock,100000,926941,9.26941,2350000
25,34,async_queue_job_64_local_copies,own_local,job,100,72768,727.68,150400
25,35,weak_lock_expired,std_shared,lock,100000,186596,1.86596,0
25,36,group_setup_then_64_copies,std_shared,group,1562,1168228,747.90524968,2349248
26,0,localize_read_drop,own_local,group,100000,1306843,13.06843,2350000
26,1,async_queue_job_1_local_copies,own_local,job,100,45948,459.48,2000
26,2,weak_lock_expired,own_shared,lock,100000,135481,1.35481,0
26,3,group_setup_then_1024_copies,own_local,group,97,136652,1408.78350515,2334208
26,4,group_setup_then_8_copies,std_shared,group,12500,1355395,108.4316,2350000
26,5,frame_4096_draws_64_unique_leases,std_shared,frame,24,140347,5847.79166667,41287680
26,6,weak_lock_expired,std_shared,lock,100000,162531,1.62531,0
26,7,group_setup_then_1024_copies,std_shared,group,97,1147407,11828.9381443,2334208
26,8,async_queue_job_64_local_copies,own_local,job,100,79958,799.58,150400
26,9,borrow_read,raw_borrow,read,100000,54461,0.54461,2350000
26,10,async_queue_job_64_local_copies,std_shared,job,100,263219,2632.19,150400
26,11,group_setup_then_1_copies,std_shared,group,100000,1846240,18.4624,2000000
26,12,resource_lifecycle_64_assets_4096_objects,own_local,cycle,10,261417,26141.7,17203200
26,13,create_read_destroy,own_shared,asset,100000,1222828,12.22828,65000400000
26,14,async_queue_job_1024_local_copies,std_shared,job,100,1645905,16459.05,2406400
26,15,weak_lock_live,own_shared,lock,100000,450336,4.50336,2350000
26,16,create_read_destroy,own_local,asset,100000,2128067,21.28067,65000400000
26,17,share_read_drop,std_shared,handoff,100000,1173977,11.73977,2350000
26,18,weak_lock_live,std_shared,lock,100000,932039,9.32039,2350000
26,19,async_queue_job_1_local_copies,std_shared,job,100,45788,457.88,2000
26,20,copy_read_drop,std_shared,copy,100000,1184452,11.84452,2350000
26,21,share_read_drop,own_shared,handoff,100000,441132,4.41132,2350000
26,22,resource_lifecycle_64_assets_4096_objects,std_shared,cycle,10,335577,33557.7,17203200
26,23,group_setup_then_8_copies,own_local,group,12500,366162,29.29296,2350000
26,24,async_queue_job_1024_local_copies,own_local,job,100,410026,4100.26,2406400
26,25,scene_4096_attachments,std_shared,attachment,98304,507992,5.16756184896,98304
26,26,create_read_destroy,std_shared,asset,100000,1178062,11.78062,65000400000
26,27,localize_read_drop,std_shared,group,100000,1236108,12.36108,2350000
26,28,copy_read_drop,own_local,copy,100000,121650,1.2165,2350000
26,29,group_setup_then_64_copies,std_shared,group,1562,1187487,760.234955186,2349248
26,30,scene_4096_attachments,own_local,attachment,98304,163842,1.66668701172,98304
26,31,contended_copy_2_workers,own_shared,copy,200000,2401421,12.007105,4700000
26,32,group_setup_then_64_copies,own_local,group,1562,168049,107.585787452,2349248
26,33,contended_copy_2_workers,std_shared,copy,200000,5565612,27.82806,4700000
26,34,copy_read_drop,own_shared,copy,100000,455013,4.55013,2350000
26,35,frame_4096_draws_64_unique_leases,own_shared,frame,24,92217,3842.375,41287680
26,36,group_setup_then_1_copies,own_local,group,100000,2245030,22.4503,2000000
27,0,frame_4096_draws_64_unique_leases,own_shared,frame,24,106037,4418.20833333,41287680
27,1,share_read_drop,own_shared,handoff,100000,447982,4.47982,2350000
27,2,weak_lock_live,own_shared,lock,100000,450186,4.50186,2350000
27,3,localize_read_drop,own_local,group,100000,1169620,11.6962,2350000
27,4,scene_4096_attachments,std_shared,attachment,98304,495423,5.03970336914,98304
27,5,group_setup_then_8_copies,std_shared,group,12500,1247805,99.8244,2350000
27,6,group_setup_then_1_copies,own_local,group,100000,2433439,24.33439,2000000
27,7,async_queue_job_64_local_copies,own_local,job,100,69142,691.42,150400
27,8,borrow_read,raw_borrow,read,100000,54451,0.54451,2350000
27,9,group_setup_then_1024_copies,std_shared,group,97,1169299,12054.628866,2334208
27,10,async_queue_job_1_local_copies,std_shared,job,100,53880,538.8,2000
27,11,frame_4096_draws_64_unique_leases,std_shared,frame,24,91035,3793.125,41287680
27,12,async_queue_job_1024_local_copies,own_local,job,100,399281,3992.81,2406400
27,13,weak_lock_expired,own_shared,lock,100000,136382,1.36382,0
27,14,share_read_drop,std_shared,handoff,100000,1182369,11.82369,2350000
27,15,weak_lock_live,std_shared,lock,100000,947201,9.47201,2350000
27,16,async_queue_job_64_local_copies,std_shared,job,100,217672,2176.72,150400
27,17,copy_read_drop,std_shared,copy,100000,1169980,11.6998,2350000
27,18,group_setup_then_1024_copies,own_local,group,97,137413,1416.62886598,2334208
27,19,resource_lifecycle_64_assets_4096_objects,own_local,cycle,10,248858,24885.8,17203200
27,20,group_setup_then_8_copies,own_local,group,12500,345351,27.62808,2350000
27,21,copy_read_drop,own_local,copy,100000,121400,1.214,2350000
27,22,create_read_destroy,std_shared,asset,100000,1097694,10.97694,65000400000
27,23,create_read_destroy,own_shared,asset,100000,1244220,12.4422,65000400000
27,24,contended_copy_2_workers,own_shared,copy,200000,3046887,15.234435,4700000
27,25,weak_lock_expired,std_shared,lock,100000,163221,1.63221,0
27,26,resource_lifecycle_64_assets_4096_objects,std_shared,cycle,10,341946,34194.6,17203200
27,27,localize_read_drop,std_shared,group,100000,1183000,11.83,2350000
27,28,async_queue_job_1_local_copies,own_local,job,100,43705,437.05,2000
27,29,group_setup_then_64_copies,std_shared,group,1562,1202758,770.011523688,2349248
27,30,async_queue_job_1024_local_copies,std_shared,job,100,1621798,16217.98,2406400
27,31,copy_read_drop,own_shared,copy,100000,474332,4.74332,2350000
27,32,create_read_destroy,own_local,asset,100000,2149429,21.49429,65000400000
27,33,contended_copy_2_workers,std_shared,copy,200000,5321751,26.608755,4700000
27,34,group_setup_then_64_copies,own_local,group,1562,236981,151.716389245,2349248
27,35,scene_4096_attachments,own_local,attachment,98304,177843,1.80911254883,98304
27,36,group_setup_then_1_copies,std_shared,group,100000,1865689,18.65689,2000000
28,0,borrow_read,raw_borrow,read,100000,54370,0.5437,2350000
28,1,async_queue_job_64_local_copies,own_local,job,100,91075,910.75,150400
28,2,group_setup_then_1024_copies,own_local,group,97,201648,2078.84536082,2334208
28,3,group_setup_then_64_copies,std_shared,group,1562,1206425,772.35915493,2349248
28,4,weak_lock_expired,std_shared,lock,100000,162641,1.62641,0
28,5,weak_lock_live,own_shared,lock,100000,471727,4.71727,2350000
28,6,async_queue_job_1_local_copies,own_local,job,100,49974,499.74,2000
28,7,create_read_destroy,std_shared,asset,100000,1150672,11.50672,65000400000
28,8,resource_lifecycle_64_assets_4096_objects,own_local,cycle,10,238273,23827.3,17203200
28,9,share_read_drop,std_shared,handoff,100000,1239613,12.39613,2350000
28,10,scene_4096_attachments,own_local,attachment,98304,148210,1.50767008464,98304
28,11,weak_lock_expired,own_shared,lock,100000,187397,1.87397,0
28,12,create_read_destroy,own_shared,asset,100000,1306442,13.06442,65000400000
28,13,contended_copy_2_workers,own_shared,copy,200000,4738398,23.69199,4700000
28,14,frame_4096_draws_64_unique_leases,std_shared,frame,24,94029,3917.875,41287680
28,15,contended_copy_2_workers,std_shared,copy,200000,4237387,21.186935,4700000
28,16,group_setup_then_8_copies,std_shared,group,12500,1256248,100.49984,2350000
28,17,async_queue_job_64_local_copies,std_shared,job,100,204162,2041.62,150400
28,18,group_setup_then_64_copies,own_local,group,1562,212955,136.334827145,2349248
28,19,frame_4096_draws_64_unique_leases,own_shared,frame,24,93548,3897.83333333,41287680
28,20,weak_lock_live,std_shared,lock,100000,951367,9.51367,2350000
28,21,group_setup_then_1_copies,own_local,group,100000,2545885,25.45885,2000000
28,22,scene_4096_attachments,std_shared,attachment,98304,538116,5.47399902344,98304
28,23,async_queue_job_1024_local_copies,own_local,job,100,355827,3558.27,2406400
28,24,share_read_drop,own_shared,handoff,100000,463796,4.63796,2350000
28,25,resource_lifecycle_64_assets_4096_objects,std_shared,cycle,10,341324,34132.4,17203200
28,26,async_queue_job_1_local_copies,std_shared,job,100,46949,469.49,2000
28,27,copy_read_drop,std_shared,copy,100000,1157892,11.57892,2350000
28,28,async_queue_job_1024_local_copies,std_shared,job,100,1824599,18245.99,2406400
28,29,group_setup_then_1024_copies,std_shared,group,97,1157012,11927.9587629,2334208
28,30,localize_read_drop,own_local,group,100000,1067339,10.67339,2350000
28,31,create_read_destroy,own_local,asset,100000,2107477,21.07477,65000400000
28,32,localize_read_drop,std_shared,group,100000,1173696,11.73696,2350000
28,33,copy_read_drop,own_shared,copy,100000,455433,4.55433,2350000
28,34,group_setup_then_1_copies,std_shared,group,100000,1891557,18.91557,2000000
28,35,group_setup_then_8_copies,own_local,group,12500,439409,35.15272,2350000
28,36,copy_read_drop,own_local,copy,100000,149682,1.49682,2350000
29,0,copy_read_drop,std_shared,copy,100000,1158323,11.58323,2350000
29,1,create_read_destroy,own_shared,asset,100000,1248487,12.48487,65000400000
29,2,frame_4096_draws_64_unique_leases,std_shared,frame,24,91506,3812.75,41287680
29,3,localize_read_drop,std_shared,group,100000,1182549,11.82549,2350000
29,4,group_setup_then_1_copies,std_shared,group,100000,1871147,18.71147,2000000
29,5,resource_lifecycle_64_assets_4096_objects,own_local,cycle,10,234376,23437.6,17203200
29,6,share_read_drop,own_shared,handoff,100000,457837,4.57837,2350000
29,7,group_setup_then_64_copies,std_shared,group,1562,1171923,750.270806658,2349248
29,8,copy_read_drop,own_shared,copy,100000,455293,4.55293,2350000
29,9,async_queue_job_64_local_copies,std_shared,job,100,233275,2332.75,150400
29,10,contended_copy_2_workers,std_shared,copy,200000,4191569,20.957845,4700000
29,11,group_setup_then_1024_copies,own_local,group,97,138365,1426.44329897,2334208
29,12,group_setup_then_1_copies,own_local,group,100000,2604502,26.04502,2000000
29,13,scene_4096_attachments,own_local,attachment,98304,149091,1.51663208008,98304
29,14,resource_lifecycle_64_assets_4096_objects,std_shared,cycle,10,339202,33920.2,17203200
29,15,copy_read_drop,own_local,copy,100000,122040,1.2204,2350000
29,16,localize_read_drop,own_local,group,100000,1118685,11.18685,2350000
29,17,frame_4096_draws_64_unique_leases,own_shared,frame,24,90234,3759.75,41287680
29,18,async_queue_job_1024_local_copies,std_shared,job,100,1636290,16362.9,2406400
29,19,weak_lock_expired,own_shared,lock,100000,135641,1.35641,0
29,20,group_setup_then_8_copies,own_local,group,12500,453470,36.2776,2350000
29,21,create_read_destroy,std_shared,asset,100000,1152355,11.52355,65000400000
29,22,async_queue_job_1_local_copies,std_shared,job,100,78926,789.26,2000
29,23,borrow_read,raw_borrow,read,100000,54581,0.54581,2350000
29,24,async_queue_job_1024_local_copies,own_local,job,100,402595,4025.95,2406400
29,25,async_queue_job_64_local_copies,own_local,job,100,65036,650.36,150400
29,26,async_queue_job_1_local_copies,own_local,job,100,22834,228.34,2000
29,27,group_setup_then_1024_copies,std_shared,group,97,1171933,12081.7835052,2334208
29,28,contended_copy_2_workers,own_shared,copy,200000,2276928,11.38464,4700000
29,29,weak_lock_live,own_shared,lock,100000,450486,4.50486,2350000
29,30,group_setup_then_64_copies,own_local,group,1562,184523,118.132522407,2349248
29,31,weak_lock_expired,std_shared,lock,100000,163342,1.63342,0
29,32,share_read_drop,std_shared,handoff,100000,1167998,11.67998,2350000
29,33,weak_lock_live,std_shared,lock,100000,942975,9.42975,2350000
29,34,create_read_destroy,own_local,asset,100000,2202818,22.02818,65000400000
29,35,scene_4096_attachments,std_shared,attachment,98304,678433,6.90137736003,98304
29,36,group_setup_then_8_copies,std_shared,group,12500,1318169,105.45352,2350000
30,0,borrow_read,raw_borrow,read,100000,54220,0.5422,2350000
30,1,copy_read_drop,own_local,copy,100000,121419,1.21419,2350000
30,2,share_read_drop,std_shared,handoff,100000,1175668,11.75668,2350000
30,3,localize_read_drop,own_local,group,100000,1103462,11.03462,2350000
30,4,localize_read_drop,std_shared,group,100000,1230640,12.3064,2350000
30,5,scene_4096_attachments,own_local,attachment,98304,147288,1.49829101562,98304
30,6,create_read_destroy,own_shared,asset,100000,1225182,12.25182,65000400000
30,7,async_queue_job_64_local_copies,std_shared,job,100,233175,2331.75,150400
30,8,create_read_destroy,std_shared,asset,100000,1123962,11.23962,65000400000
30,9,resource_lifecycle_64_assets_4096_objects,own_local,cycle,10,249780,24978,17203200
30,10,async_queue_job_1_local_copies,std_shared,job,100,41752,417.52,2000
30,11,weak_lock_expired,own_shared,lock,100000,135630,1.3563,0
30,12,async_queue_job_64_local_copies,own_local,job,100,79968,799.68,150400
30,13,copy_read_drop,own_shared,copy,100000,455133,4.55133,2350000
30,14,frame_4096_draws_64_unique_leases,own_shared,frame,24,121359,5056.625,41287680
30,15,weak_lock_expired,std_shared,lock,100000,162771,1.62771,0
30,16,async_queue_job_1_local_copies,own_local,job,100,49974,499.74,2000
30,17,async_queue_job_1024_local_copies,own_local,job,100,358050,3580.5,2406400
30,18,scene_4096_attachments,std_shared,attachment,98304,599427,6.09768676758,98304
30,19,group_setup_then_8_copies,std_shared,group,12500,1247385,99.7908,2350000
30,20,resource_lifecycle_64_assets_4096_objects,std_shared,cycle,10,336879,33687.9,17203200
30,21,async_queue_job_1024_local_copies,std_shared,job,100,1642340,16423.4,2406400
30,22,group_setup_then_64_copies,std_shared,group,1562,1161979,743.904609475,2349248
30,23,group_setup_then_8_copies,own_local,group,12500,466900,37.352,2350000
30,24,copy_read_drop,std_shared,copy,100000,1213165,12.13165,2350000
30,25,group_setup_then_1_copies,std_shared,group,100000,1933149,19.33149,2000000
30,26,contended_copy_2_workers,std_shared,copy,200000,4892967,24.464835,4700000
30,27,weak_lock_live,own_shared,lock,100000,450186,4.50186,2350000
30,28,group_setup_then_64_copies,own_local,group,1562,168439,107.83546735,2349248
30,29,share_read_drop,own_shared,handoff,100000,466801,4.66801,2350000
30,30,group_setup_then_1_copies,own_local,group,100000,2569371,25.69371,2000000
30,31,contended_copy_2_workers,own_shared,copy,200000,3346190,16.73095,4700000
30,32,group_setup_then_1024_copies,own_local,group,97,159506,1644.39175258,2334208
30,33,weak_lock_live,std_shared,lock,100000,916886,9.16886,2350000
30,34,group_setup_then_1024_copies,std_shared,group,97,1312582,13531.7731959,2334208
30,35,frame_4096_draws_64_unique_leases,std_shared,frame,24,91435,3809.79166667,41287680
30,36,create_read_destroy,own_local,asset,100000,2793342,27.93342,65000400000
31,0,create_read_destroy,std_shared,asset,100000,1098946,10.98946,65000400000
31,1,async_queue_job_64_local_copies,own_local,job,100,85306,853.06,150400
31,2,resource_lifecycle_64_assets_4096_objects,own_local,cycle,10,616872,61687.2,17203200
31,3,copy_read_drop,own_local,copy,100000,121750,1.2175,2350000
31,4,copy_read_drop,std_shared,copy,100000,1285422,12.85422,2350000
31,5,async_queue_job_1024_local_copies,own_local,job,100,287095,2870.95,2406400
31,6,async_queue_job_1024_local_copies,std_shared,job,100,1885018,18850.18,2406400
31,7,contended_copy_2_workers,own_shared,copy,200000,2196168,10.98084,4700000
31,8,contended_copy_2_workers,std_shared,copy,200000,5242163,26.210815,4700000
31,9,group_setup_then_64_copies,std_shared,group,1562,1304259,834.992957746,2349248
31,10,group_setup_then_1024_copies,own_local,group,97,138845,1431.39175258,2334208
31,11,weak_lock_live,std_shared,lock,100000,915244,9.15244,2350000
31,12,share_read_drop,own_shared,handoff,100000,507681,5.07681,2350000
31,13,group_setup_then_1_copies,std_shared,group,100000,1892589,18.92589,2000000
31,14,group_setup_then_8_copies,std_shared,group,12500,1415213,113.21704,2350000
31,15,async_queue_job_64_local_copies,std_shared,job,100,238453,2384.53,150400
31,16,group_setup_then_64_copies,own_local,group,1562,432009,276.574263764,2349248
31,17,scene_4096_attachments,own_local,attachment,98304,232915,2.36933390299,98304
31,18,weak_lock_expired,own_shared,lock,100000,135491,1.35491,0
31,19,localize_read_drop,own_local,group,100000,1168689,11.68689,2350000
31,20,scene_4096_attachments,std_shared,attachment,98304,535913,5.45158894857,98304
31,21,copy_read_drop,own_shared,copy,100000,460011,4.60011,2350000
31,22,group_setup_then_1_copies,own_local,group,100000,2481110,24.8111,2000000
31,23,share_read_drop,std_shared,handoff,100000,1278981,12.78981,2350000
31,24,group_setup_then_1024_copies,std_shared,group,97,1311520,13520.8247423,2334208
31,25,create_read_destroy,own_shared,asset,100000,1622820,16.2282,65000400000
31,26,create_read_destroy,own_local,asset,100000,2424175,24.24175,65000400000
31,27,resource_lifecycle_64_assets_4096_objects,std_shared,cycle,10,368175,36817.5,17203200
31,28,borrow_read,raw_borrow,read,100000,54972,0.54972,2350000
31,29,frame_4096_draws_64_unique_leases,own_shared,frame,24,94300,3929.16666667,41287680
31,30,weak_lock_expired,std_shared,lock,100000,163962,1.63962,0
31,31,group_setup_then_8_copies,own_local,group,12500,464527,37.16216,2350000
31,32,localize_read_drop,std_shared,group,100000,1244981,12.44981,2350000
31,33,frame_4096_draws_64_unique_leases,std_shared,frame,24,91245,3801.875,41287680
31,34,async_queue_job_1_local_copies,std_shared,job,100,66409,664.09,2000
31,35,async_queue_job_1_local_copies,own_local,job,100,74450,744.5,2000
31,36,weak_lock_live,own_shared,lock,100000,515863,5.15863,2350000
32,0,group_setup_then_8_copies,std_shared,group,12500,1312651,105.01208,2350000
32,1,weak_lock_expired,own_shared,lock,100000,136542,1.36542,0
32,2,resource_lifecycle_64_assets_4096_objects,own_local,cycle,10,458418,45841.8,17203200
32,3,create_read_destroy,std_shared,asset,100000,1304399,13.04399,65000400000
32,4,weak_lock_live,own_shared,lock,100000,498888,4.98888,2350000
32,5,group_setup_then_1_copies,std_shared,group,100000,1927011,19.27011,2000000
32,6,group_setup_then_8_copies,own_local,group,12500,369707,29.57656,2350000
32,7,copy_read_drop,own_shared,copy,100000,466139,4.66139,2350000
32,8,copy_read_drop,std_shared,copy,100000,1342015,13.42015,2350000
32,9,group_setup_then_1024_copies,own_local,group,97,159926,1648.72164948,2334208
32,10,contended_copy_2_workers,own_shared,copy,200000,2811589,14.057945,4700000
32,11,async_queue_job_1024_local_copies,std_shared,job,100,1686715,16867.15,2406400
32,12,group_setup_then_64_copies,own_local,group,1562,167378,107.156209987,2349248
32,13,share_read_drop,own_shared,handoff,100000,593628,5.93628,2350000
32,14,frame_4096_draws_64_unique_leases,std_shared,frame,24,91936,3830.66666667,41287680
32,15,copy_read_drop,own_local,copy,100000,121439,1.21439,2350000
32,16,scene_4096_attachments,std_shared,attachment,98304,514902,5.23785400391,98304
32,17,weak_lock_live,std_shared,lock,100000,959739,9.59739,2350000
32,18,group_setup_then_1_copies,own_local,group,100000,2419409,24.19409,2000000
32,19,borrow_read,raw_borrow,read,100000,54471,0.54471,2350000
32,20,async_queue_job_1_local_copies,own_local,job,100,55572,555.72,2000
32,21,group_setup_then_1024_copies,std_shared,group,97,1146235,11816.8556701,2334208
32,22,async_queue_job_64_local_copies,own_local,job,100,83383,833.83,150400
32,23,weak_lock_expired,std_shared,lock,100000,174318,1.74318,0
32,24,create_read_destroy,own_local,asset,100000,2460870,24.6087,65000400000
32,25,create_read_destroy,own_shared,asset,100000,1270419,12.70419,65000400000
32,26,async_queue_job_64_local_copies,std_shared,job,100,191413,1914.13,150400
32,27,share_read_drop,std_shared,handoff,100000,1224632,12.24632,2350000
32,28,async_queue_job_1024_local_copies,own_local,job,100,408014,4080.14,2406400
32,29,localize_read_drop,std_shared,group,100000,1389304,13.89304,2350000
32,30,group_setup_then_64_copies,std_shared,group,1562,1265382,810.103713188,2349248
32,31,contended_copy_2_workers,std_shared,copy,200000,4133564,20.66782,4700000
32,32,frame_4096_draws_64_unique_leases,own_shared,frame,24,156341,6514.20833333,41287680
32,33,async_queue_job_1_local_copies,std_shared,job,100,54020,540.2,2000
32,34,localize_read_drop,own_local,group,100000,1071084,10.71084,2350000
32,35,resource_lifecycle_64_assets_4096_objects,std_shared,cycle,10,353273,35327.3,17203200
32,36,scene_4096_attachments,own_local,attachment,98304,233325,2.37350463867,98304
33,0,share_read_drop,std_shared,handoff,100000,1172104,11.72104,2350000
33,1,group_setup_then_64_copies,std_shared,group,1562,1411878,903.891165173,2349248
33,2,borrow_read,raw_borrow,read,100000,54230,0.5423,2350000
33,3,copy_read_drop,own_shared,copy,100000,473731,4.73731,2350000
33,4,localize_read_drop,std_shared,group,100000,1212203,12.12203,2350000
33,5,weak_lock_expired,std_shared,lock,100000,162650,1.6265,0
33,6,resource_lifecycle_64_assets_4096_objects,std_shared,cycle,10,362847,36284.7,17203200
33,7,copy_read_drop,std_shared,copy,100000,1253634,12.53634,2350000
33,8,weak_lock_live,std_shared,lock,100000,914322,9.14322,2350000
33,9,group_setup_then_8_copies,std_shared,group,12500,1488321,119.06568,2350000
33,10,async_queue_job_64_local_copies,std_shared,job,100,298161,2981.61,150400
33,11,scene_4096_attachments,own_local,attachment,98304,152135,1.54759724935,98304
33,12,create_read_destroy,own_local,asset,100000,2851077,28.51077,65000400000
33,13,group_setup_then_8_copies,own_local,group,12500,407753,32.62024,2350000
33,14,localize_read_drop,own_local,group,100000,1191072,11.91072,2350000
33,15,async_queue_job_1024_local_copies,std_shared,job,100,1687777,16877.77,2406400
33,16,async_queue_job_1_local_copies,own_local,job,100,146086,1460.86,2000
33,17,contended_copy_2_workers,std_shared,copy,200000,4401430,22.00715,4700000
33,18,group_setup_then_64_copies,own_local,group,1562,193937,124.159411012,2349248
33,19,group_setup_then_1_copies,own_local,group,100000,2567096,25.67096,2000000
33,20,weak_lock_expired,own_shared,lock,100000,135741,1.35741,0
33,21,frame_4096_draws_64_unique_leases,std_shared,frame,24,94760,3948.33333333,41287680
33,22,copy_read_drop,own_local,copy,100000,151124,1.51124,2350000
33,23,async_queue_job_1_local_copies,std_shared,job,100,58897,588.97,2000
33,24,frame_4096_draws_64_unique_leases,own_shared,frame,24,151674,6319.75,41287680
33,25,create_read_destroy,own_shared,asset,100000,1254345,12.54345,65000400000
33,26,group_setup_then_1_copies,std_shared,group,100000,1938657,19.38657,2000000
33,27,scene_4096_attachments,std_shared,attachment,98304,507461,5.16216023763,98304
33,28,create_read_destroy,std_shared,asset,100000,1101179,11.01179,65000400000
33,29,contended_copy_2_workers,own_shared,copy,200000,2541959,12.709795,4700000
33,30,async_queue_job_1024_local_copies,own_local,job,100,553299,5532.99,2406400
33,31,group_setup_then_1024_copies,std_shared,group,97,1345801,13874.2371134,2334208
33,32,share_read_drop,own_shared,handoff,100000,484366,4.84366,2350000
33,33,async_queue_job_64_local_copies,own_local,job,100,67590,675.9,150400
33,34,weak_lock_live,own_shared,lock,100000,450366,4.50366,2350000
33,35,resource_lifecycle_64_assets_4096_objects,own_local,cycle,10,235999,23599.9,17203200
33,36,group_setup_then_1024_copies,own_local,group,97,162580,1676.08247423,2334208
34,0,weak_lock_live,own_shared,lock,100000,482954,4.82954,2350000
34,1,group_setup_then_1_copies,own_local,group,100000,2442342,24.42342,2000000
34,2,copy_read_drop,std_shared,copy,100000,1309627,13.09627,2350000
34,3,async_queue_job_64_local_copies,own_local,job,100,78216,782.16,150400
34,4,group_setup_then_8_copies,std_shared,group,12500,1321434,105.71472,2350000
34,5,create_read_destroy,own_local,asset,100000,2267464,22.67464,65000400000
34,6,localize_read_drop,std_shared,group,100000,1310989,13.10989,2350000
34,7,group_setup_then_1024_copies,std_shared,group,97,1148779,11843.0824742,2334208
34,8,localize_read_drop,own_local,group,100000,1141779,11.41779,2350000
34,9,share_read_drop,own_shared,handoff,100000,455413,4.55413,2350000
34,10,group_setup_then_8_copies,own_local,group,12500,367754,29.42032,2350000
34,11,async_queue_job_1_local_copies,std_shared,job,100,59798,597.98,2000
34,12,share_read_drop,std_shared,handoff,100000,1208858,12.08858,2350000
34,13,create_read_destroy,std_shared,asset,100000,1304449,13.04449,65000400000
34,14,async_queue_job_1024_local_copies,own_local,job,100,332481,3324.81,2406400
34,15,frame_4096_draws_64_unique_leases,own_shared,frame,24,93728,3905.33333333,41287680
34,16,weak_lock_expired,own_shared,lock,100000,135531,1.35531,0
34,17,scene_4096_attachments,own_local,attachment,98304,242719,2.46906534831,98304
34,18,group_setup_then_64_copies,own_local,group,1562,167007,106.918693982,2349248
34,19,weak_lock_live,std_shared,lock,100000,1212614,12.12614,2350000
34,20,async_queue_job_64_local_copies,std_shared,job,100,254717,2547.17,150400
34,21,create_read_destroy,own_shared,asset,100000,1384297,13.84297,65000400000
34,22,copy_read_drop,own_shared,copy,100000,716090,7.1609,2350000
34,23,copy_read_drop,own_local,copy,100000,121329,1.21329,2350000
34,24,contended_copy_2_workers,own_shared,copy,200000,2545665,12.728325,4700000
34,25,group_setup_then_64_copies,std_shared,group,1562,1241266,794.66453265,2349248
34,26,group_setup_then_1_copies,std_shared,group,100000,2146585,21.46585,2000000
34,27,resource_lifecycle_64_assets_4096_objects,std_shared,cycle,10,348025,34802.5,17203200
34,28,async_queue_job_1024_local_copies,std_shared,job,100,2293562,22935.62,2406400
34,29,contended_copy_2_workers,std_shared,copy,200000,5308272,26.54136,4700000
34,30,async_queue_job_1_local_copies,own_local,job,100,54841,548.41,2000
34,31,borrow_read,raw_borrow,read,100000,54350,0.5435,2350000
34,32,weak_lock_expired,std_shared,lock,100000,162610,1.6261,0
34,33,group_setup_then_1024_copies,own_local,group,97,163572,1686.30927835,2334208
34,34,frame_4096_draws_64_unique_leases,std_shared,frame,24,100118,4171.58333333,41287680
34,35,scene_4096_attachments,std_shared,attachment,98304,537595,5.46869913737,98304
34,36,resource_lifecycle_64_assets_4096_objects,own_local,cycle,10,410617,41061.7,17203200
35,0,async_queue_job_1024_local_copies,own_local,job,100,487370,4873.7,2406400
35,1,frame_4096_draws_64_unique_leases,own_shared,frame,24,92977,3874.04166667,41287680
35,2,copy_read_drop,own_local,copy,100000,121370,1.2137,2350000
35,3,contended_copy_2_workers,own_shared,copy,200000,2861082,14.30541,4700000
35,4,create_read_destroy,own_shared,asset,100000,1235718,12.35718,65000400000
35,5,localize_read_drop,own_local,group,100000,1077994,10.77994,2350000
35,6,copy_read_drop,own_shared,copy,100000,471518,4.71518,2350000
35,7,resource_lifecycle_64_assets_4096_objects,std_shared,cycle,10,342266,34226.6,17203200
35,8,frame_4096_draws_64_unique_leases,std_shared,frame,24,92948,3872.83333333,41287680
35,9,create_read_destroy,std_shared,asset,100000,1594288,15.94288,65000400000
35,10,share_read_drop,std_shared,handoff,100000,1328194,13.28194,2350000
35,11,localize_read_drop,std_shared,group,100000,1566286,15.66286,2350000
35,12,copy_read_drop,std_shared,copy,100000,1786652,17.86652,2350000
35,13,async_queue_job_1024_local_copies,std_shared,job,100,1895363,18953.63,2406400
35,14,async_queue_job_64_local_copies,std_shared,job,100,235838,2358.38,150400
35,15,async_queue_job_1_local_copies,std_shared,job,100,22774,227.74,2000
35,16,scene_4096_attachments,std_shared,attachment,98304,496284,5.04846191406,98304
35,17,share_read_drop,own_shared,handoff,100000,749399,7.49399,2350000
35,18,scene_4096_attachments,own_local,attachment,98304,149751,1.52334594727,98304
35,19,group_setup_then_64_copies,own_local,group,1562,167407,107.174775928,2349248
35,20,group_setup_then_1024_copies,std_shared,group,97,1523103,15702.0927835,2334208
35,21,group_setup_then_1_copies,std_shared,group,100000,2127778,21.27778,2000000
35,22,weak_lock_live,own_shared,lock,100000,484486,4.84486,2350000
35,23,group_setup_then_8_copies,own_local,group,12500,346002,27.68016,2350000
35,24,borrow_read,raw_borrow,read,100000,54521,0.54521,2350000
35,25,group_setup_then_1024_copies,own_local,group,97,136962,1411.97938144,2334208
35,26,contended_copy_2_workers,std_shared,copy,200000,4997842,24.98921,4700000
35,27,weak_lock_expired,std_shared,lock,100000,162690,1.6269,0
35,28,group_setup_then_8_copies,std_shared,group,12500,1667626,133.41008,2350000
35,29,weak_lock_expired,own_shared,lock,100000,244080,2.4408,0
35,30,create_read_destroy,own_local,asset,100000,2446369,24.46369,65000400000
35,31,async_queue_job_64_local_copies,own_local,job,100,91676,916.76,150400
35,32,weak_lock_live,std_shared,lock,100000,987351,9.87351,2350000
35,33,group_setup_then_64_copies,std_shared,group,1562,1344058,860.472471191,2349248
35,34,group_setup_then_1_copies,own_local,group,100000,2901812,29.01812,2000000
35,35,resource_lifecycle_64_assets_4096_objects,own_local,cycle,10,239975,23997.5,17203200
35,36,async_queue_job_1_local_copies,own_local,job,100,51577,515.77,2000
36,0,group_setup_then_8_copies,std_shared,group,12500,1356857,108.54856,2350000
36,1,frame_4096_draws_64_unique_leases,own_shared,frame,24,93338,3889.08333333,41287680
36,2,group_setup_then_1_copies,std_shared,group,100000,2086937,20.86937,2000000
36,3,group_setup_then_1024_copies,own_local,group,97,137554,1418.08247423,2334208
36,4,copy_read_drop,own_shared,copy,100000,455334,4.55334,2350000
36,5,group_setup_then_8_copies,own_local,group,12500,419010,33.5208,2350000
36,6,frame_4096_draws_64_unique_leases,std_shared,frame,24,92016,3834,41287680
36,7,async_queue_job_1024_local_copies,own_local,job,100,389947,3899.47,2406400
36,8,async_queue_job_64_local_copies,std_shared,job,100,204553,2045.53,150400
36,9,async_queue_job_1024_local_copies,std_shared,job,100,1664672,16646.72,2406400
36,10,share_read_drop,own_shared,handoff,100000,472879,4.72879,2350000
36,11,borrow_read,raw_borrow,read,100000,54410,0.5441,2350000
36,12,async_queue_job_1_local_copies,own_local,job,100,40420,404.2,2000
36,13,contended_copy_2_workers,own_shared,copy,200000,3006487,15.032435,4700000
36,14,scene_4096_attachments,own_local,attachment,98304,148149,1.50704956055,98304
36,15,create_read_destroy,own_shared,asset,100000,1263919,12.63919,65000400000
36,16,scene_4096_attachments,std_shared,attachment,98304,613868,6.24458821615,98304
36,17,share_read_drop,std_shared,handoff,100000,2197950,21.9795,2350000
36,18,group_setup_then_1024_copies,std_shared,group,97,1227966,12659.443299,2334208
36,19,localize_read_drop,std_shared,group,100000,1306102,13.06102,2350000
36,20,localize_read_drop,own_local,group,100000,1034430,10.3443,2350000
36,21,contended_copy_2_workers,std_shared,copy,200000,6146341,30.731705,4700000
36,22,copy_read_drop,own_local,copy,100000,174629,1.74629,2350000
36,23,resource_lifecycle_64_assets_4096_objects,own_local,cycle,10,241076,24107.6,17203200
36,24,copy_read_drop,std_shared,copy,100000,1170531,11.70531,2350000
36,25,weak_lock_expired,own_shared,lock,100000,135541,1.35541,0
36,26,group_setup_then_64_copies,std_shared,group,1562,1209369,774.243918054,2349248
36,27,weak_lock_live,own_shared,lock,100000,450566,4.50566,2350000
36,28,create_read_destroy,own_local,asset,100000,2237860,22.3786,65000400000
36,29,async_queue_job_1_local_copies,std_shared,job,100,55603,556.03,2000
36,30,resource_lifecycle_64_assets_4096_objects,std_shared,cycle,10,467672,46767.2,17203200
36,31,group_setup_then_1_copies,own_local,group,100000,2262397,22.62397,2000000
36,32,weak_lock_expired,std_shared,lock,100000,165344,1.65344,0
36,33,async_queue_job_64_local_copies,own_local,job,100,65087,650.87,150400
36,34,create_read_destroy,std_shared,asset,100000,1157552,11.57552,65000400000
36,35,weak_lock_live,std_shared,lock,100000,971517,9.71517,2350000
36,36,group_setup_then_64_copies,own_local,group,1562,169100,108.258642766,2349248
37,0,create_read_destroy,own_local,asset,100000,2332751,23.32751,65000400000
37,1,group_setup_then_64_copies,std_shared,group,1562,1472157,942.482074264,2349248
37,2,group_setup_then_1_copies,std_shared,group,100000,2143611,21.43611,2000000
37,3,weak_lock_live,std_shared,lock,100000,1156621,11.56621,2350000
37,4,contended_copy_2_workers,std_shared,copy,200000,5942680,29.7134,4700000
37,5,group_setup_then_1024_copies,std_shared,group,97,1264661,13037.742268,2334208
37,6,copy_read_drop,own_local,copy,100000,122161,1.22161,2350000
37,7,localize_read_drop,own_local,group,100000,1239283,12.39283,2350000
37,8,async_queue_job_1_local_copies,std_shared,job,100,57015,570.15,2000
37,9,copy_read_drop,std_shared,copy,100000,1458567,14.58567,2350000
37,10,copy_read_drop,own_shared,copy,100000,458488,4.58488,2350000
37,11,frame_4096_draws_64_unique_leases,std_shared,frame,24,134770,5615.41666667,41287680
37,12,share_read_drop,std_shared,handoff,100000,1435022,14.35022,2350000
37,13,resource_lifecycle_64_assets_4096_objects,own_local,cycle,10,237702,23770.2,17203200
37,14,weak_lock_expired,own_shared,lock,100000,135520,1.3552,0
37,15,group_setup_then_8_copies,std_shared,group,12500,1461722,116.93776,2350000
37,16,resource_lifecycle_64_assets_4096_objects,std_shared,cycle,10,340944,34094.4,17203200
37,17,group_setup_then_8_copies,own_local,group,12500,404698,32.37584,2350000
37,18,weak_lock_expired,std_shared,lock,100000,301706,3.01706,0
37,19,frame_4096_draws_64_unique_leases,own_shared,frame,24,146407,6100.29166667,41287680
37,20,contended_copy_2_workers,own_shared,copy,200000,2673845,13.369225,4700000
37,21,async_queue_job_1024_local_copies,own_local,job,100,308006,3080.06,2406400
37,22,weak_lock_live,own_shared,lock,100000,658925,6.58925,2350000
37,23,share_read_drop,own_shared,handoff,100000,658554,6.58554,2350000
37,24,group_setup_then_1024_copies,own_local,group,97,163331,1683.82474227,2334208
37,25,create_read_destroy,std_shared,asset,100000,1531676,15.31676,65000400000
37,26,async_queue_job_64_local_copies,std_shared,job,100,162470,1624.7,150400
37,27,async_queue_job_64_local_copies,own_local,job,100,85747,857.47,150400
37,28,localize_read_drop,std_shared,group,100000,1227325,12.27325,2350000
37,29,group_setup_then_64_copies,own_local,group,1562,168138,107.642765685,2349248
37,30,borrow_read,raw_borrow,read,100000,54340,0.5434,2350000
37,31,scene_4096_attachments,own_local,attachment,98304,204293,2.07817586263,98304
37,32,group_setup_then_1_copies,own_local,group,100000,2487469,24.87469,2000000
37,33,async_queue_job_1_local_copies,own_local,job,100,79778,797.78,2000
37,34,create_read_destroy,own_shared,asset,100000,1214676,12.14676,65000400000
37,35,async_queue_job_1024_local_copies,std_shared,job,100,1640437,16404.37,2406400
37,36,scene_4096_attachments,std_shared,attachment,98304,568100,5.77901204427,98304
38,0,group_setup_then_1_copies,own_local,group,100000,3326671,33.26671,2000000
38,1,create_read_destroy,own_local,asset,100000,2286091,22.86091,65000400000
38,2,group_setup_then_8_copies,std_shared,group,12500,1376545,110.1236,2350000
38,3,async_queue_job_1024_local_copies,std_shared,job,100,1696459,16964.59,2406400
38,4,async_queue_job_1024_local_copies,own_local,job,100,386722,3867.22,2406400
38,5,weak_lock_expired,own_shared,lock,100000,190251,1.90251,0
38,6,localize_read_drop,own_local,group,100000,1386221,13.86221,2350000
38,7,create_read_destroy,std_shared,asset,100000,1281155,12.81155,65000400000
38,8,localize_read_drop,std_shared,group,100000,1326632,13.26632,2350000
38,9,async_queue_job_64_local_copies,own_local,job,100,74350,743.5,150400
38,10,scene_4096_attachments,own_local,attachment,98304,178404,1.81481933594,98304
38,11,resource_lifecycle_64_assets_4096_objects,std_shared,cycle,10,395394,39539.4,17203200
38,12,scene_4096_attachments,std_shared,attachment,98304,496314,5.04876708984,98304
38,13,copy_read_drop,std_shared,copy,100000,1468111,14.68111,2350000
38,14,async_queue_job_1_local_copies,own_local,job,100,38877,388.77,2000
38,15,share_read_drop,std_shared,handoff,100000,1188759,11.88759,2350000
38,16,weak_lock_live,own_shared,lock,100000,468483,4.68483,2350000
38,17,create_read_destroy,own_shared,asset,100000,1596291,15.96291,65000400000
38,18,contended_copy_2_workers,own_shared,copy,200000,3280442,16.40221,4700000
38,19,frame_4096_draws_64_unique_leases,own_shared,frame,24,93298,3887.41666667,41287680
38,20,async_queue_job_64_local_copies,std_shared,job,100,123203,1232.03,150400
38,21,group_setup_then_1024_copies,own_local,group,97,137433,1416.83505155,2334208
38,22,group_setup_then_8_copies,own_local,group,12500,345050,27.604,2350000
38,23,contended_copy_2_workers,std_shared,copy,200000,5433957,27.169785,4700000
38,24,borrow_read,raw_borrow,read,100000,54461,0.54461,2350000
38,25,copy_read_drop,own_shared,copy,100000,505127,5.05127,2350000
38,26,resource_lifecycle_64_assets_4096_objects,own_local,cycle,10,236099,23609.9,17203200
38,27,group_setup_then_64_copies,std_shared,group,1562,1533308,981.631241997,2349248
38,28,frame_4096_draws_64_unique_leases,std_shared,frame,24,93118,3879.91666667,41287680
38,29,copy_read_drop,own_local,copy,100000,121770,1.2177,2350000
38,30,group_setup_then_1_copies,std_shared,group,100000,2047638,20.47638,2000000
38,31,group_setup_then_1024_copies,std_shared,group,97,1333081,13743.1030928,2334208
38,32,weak_lock_live,std_shared,lock,100000,1586146,15.86146,2350000
38,33,share_read_drop,own_shared,handoff,100000,482704,4.82704,2350000
38,34,group_setup_then_64_copies,own_local,group,1562,168849,108.097951344,2349248
38,35,weak_lock_expired,std_shared,lock,100000,162601,1.62601,0
38,36,async_queue_job_1_local_copies,std_shared,job,100,83112,831.12,2000
39,0,group_setup_then_1024_copies,own_local,group,97,137133,1413.74226804,2334208
39,1,group_setup_then_1_copies,own_local,group,100000,2738260,27.3826,2000000
39,2,async_queue_job_1024_local_copies,own_local,job,100,402836,4028.36,2406400
39,3,localize_read_drop,own_local,group,100000,1150622,11.50622,2350000
39,4,weak_lock_expired,std_shared,lock,100000,162771,1.62771,0
39,5,group_setup_then_8_copies,own_local,group,12500,377808,30.22464,2350000
39,6,weak_lock_live,own_shared,lock,100000,465429,4.65429,2350000
39,7,async_queue_job_64_local_copies,own_local,job,100,117965,1179.65,150400
39,8,localize_read_drop,std_shared,group,100000,1519067,15.19067,2350000
39,9,async_queue_job_64_local_copies,std_shared,job,100,172906,1729.06,150400
39,10,group_setup_then_8_copies,std_shared,group,12500,1405248,112.41984,2350000
39,11,create_read_destroy,std_shared,asset,100000,1186255,11.86255,65000400000
39,12,contended_copy_2_workers,own_shared,copy,200000,1981561,9.907805,4700000
39,13,scene_4096_attachments,own_local,attachment,98304,157573,1.60291544596,98304
39,14,contended_copy_2_workers,std_shared,copy,200000,4816614,24.08307,4700000
39,15,copy_read_drop,std_shared,copy,100000,1410015,14.10015,2350000
39,16,weak_lock_live,std_shared,lock,100000,998056,9.98056,2350000
39,17,group_setup_then_1_copies,std_shared,group,100000,2390145,23.90145,2000000
39,18,async_queue_job_1_local_copies,own_local,job,100,81050,810.5,2000
39,19,resource_lifecycle_64_assets_4096_objects,own_local,cycle,10,242098,24209.8,17203200
39,20,group_setup_then_64_copies,own_local,group,1562,175200,112.163892446,2349248
39,21,group_setup_then_64_copies,std_shared,group,1562,1258232,805.526248399,2349248
39,22,borrow_read,raw_borrow,read,100000,99347,0.99347,2350000
39,23,weak_lock_expired,own_shared,lock,100000,135480,1.3548,0
39,24,resource_lifecycle_64_assets_4096_objects,std_shared,cycle,10,339943,33994.3,17203200
39,25,frame_4096_draws_64_unique_leases,std_shared,frame,24,94941,3955.875,41287680
39,26,frame_4096_draws_64_unique_leases,own_shared,frame,24,93168,3882,41287680
39,27,async_queue_job_1024_local_copies,std_shared,job,100,1800182,18001.82,2406400
39,28,share_read_drop,std_shared,handoff,100000,1168468,11.68468,2350000
39,29,scene_4096_attachments,std_shared,attachment,98304,551085,5.60592651367,98304
39,30,share_read_drop,own_shared,handoff,100000,441263,4.41263,2350000
39,31,copy_read_drop,own_local,copy,100000,121380,1.2138,2350000
39,32,create_read_destroy,own_local,asset,100000,2482382,24.82382,65000400000
39,33,create_read_destroy,own_shared,asset,100000,1317138,13.17138,65000400000
39,34,group_setup_then_1024_copies,std_shared,group,97,1158793,11946.3195876,2334208
39,35,async_queue_job_1_local_copies,std_shared,job,100,71155,711.55,2000
39,36,copy_read_drop,own_shared,copy,100000,469183,4.69183,2350000
40,0,share_read_drop,own_shared,handoff,100000,441603,4.41603,2350000
40,1,group_setup_then_8_copies,own_local,group,12500,362677,29.01416,2350000
40,2,group_setup_then_1024_copies,std_shared,group,97,1484576,15304.9072165,2334208
40,3,async_queue_job_1_local_copies,own_local,job,100,62913,629.13,2000
40,4,group_setup_then_1024_copies,own_local,group,97,200647,2068.5257732,2334208
40,5,create_read_destroy,std_shared,asset,100000,1293954,12.93954,65000400000
40,6,group_setup_then_64_copies,std_shared,group,1562,1451927,929.530729834,2349248
40,7,async_queue_job_64_local_copies,std_shared,job,100,220316,2203.16,150400
40,8,copy_read_drop,own_local,copy,100000,179836,1.79836,2350000
40,9,async_queue_job_1024_local_copies,own_local,job,100,430336,4303.36,2406400
40,10,contended_copy_2_workers,own_shared,copy,200000,2483754,12.41877,4700000
40,11,weak_lock_live,own_shared,lock,100000,453501,4.53501,2350000
40,12,async_queue_job_1024_local_copies,std_shared,job,100,1999508,19995.08,2406400
40,13,scene_4096_attachments,std_shared,attachment,98304,522453,5.31466674805,98304
40,14,async_queue_job_1_local_copies,std_shared,job,100,45878,458.78,2000
40,15,weak_lock_live,std_shared,lock,100000,959459,9.59459,2350000
40,16,group_setup_then_64_copies,own_local,group,1562,175680,112.471190781,2349248
40,17,async_queue_job_64_local_copies,own_local,job,100,87660,876.6,150400
40,18,borrow_read,raw_borrow,read,100000,54210,0.5421,2350000
40,19,frame_4096_draws_64_unique_leases,std_shared,frame,24,88801,3700.04166667,41287680
40,20,localize_read_drop,std_shared,group,100000,1272282,12.72282,2350000
40,21,scene_4096_attachments,own_local,attachment,98304,347384,3.53377278646,98304
40,22,localize_read_drop,own_local,group,100000,1228498,12.28498,2350000
40,23,group_setup_then_1_copies,own_local,group,100000,2979887,29.79887,2000000
40,24,share_read_drop,std_shared,handoff,100000,1609871,16.09871,2350000
40,25,create_read_destroy,own_shared,asset,100000,1318410,13.1841,65000400000
40,26,group_setup_then_8_copies,std_shared,group,12500,1815075,145.206,2350000
40,27,frame_4096_draws_64_unique_leases,own_shared,frame,24,92066,3836.08333333,41287680
40,28,resource_lifecycle_64_assets_4096_objects,own_local,cycle,10,238543,23854.3,17203200
40,29,weak_lock_expired,std_shared,lock,100000,162741,1.62741,0
40,30,copy_read_drop,std_shared,copy,100000,1210641,12.10641,2350000
40,31,contended_copy_2_workers,std_shared,copy,200000,5301080,26.5054,4700000
40,32,copy_read_drop,own_shared,copy,100000,462504,4.62504,2350000
40,33,weak_lock_expired,own_shared,lock,100000,135601,1.35601,0
40,34,resource_lifecycle_64_assets_4096_objects,std_shared,cycle,10,368615,36861.5,17203200
40,35,group_setup_then_1_copies,std_shared,group,100000,3526646,35.26646,2000000
40,36,create_read_destroy,own_local,asset,100000,2483674,24.83674,65000400000
41,0,borrow_read,raw_borrow,read,100000,54480,0.5448,2350000
41,1,group_setup_then_1_copies,own_local,group,100000,3169388,31.69388,2000000
41,2,resource_lifecycle_64_assets_4096_objects,std_shared,cycle,10,344530,34453,17203200
41,3,async_queue_job_1024_local_copies,std_shared,job,100,2040518,20405.18,2406400
41,4,share_read_drop,own_shared,handoff,100000,462304,4.62304,2350000
41,5,scene_4096_attachments,own_local,attachment,98304,150884,1.53487141927,98304
41,6,frame_4096_draws_64_unique_leases,std_shared,frame,24,91064,3794.33333333,41287680
41,7,copy_read_drop,std_shared,copy,100000,1357198,13.57198,2350000
41,8,group_setup_then_1_copies,std_shared,group,100000,2077613,20.77613,2000000
41,9,create_read_destroy,own_shared,asset,100000,1718351,17.18351,65000400000
41,10,create_read_destroy,std_shared,asset,100000,1202008,12.02008,65000400000
41,11,resource_lifecycle_64_assets_4096_objects,own_local,cycle,10,313164,31316.4,17203200
41,12,share_read_drop,std_shared,handoff,100000,1231081,12.31081,2350000
41,13,create_read_destroy,own_local,asset,100000,2198131,21.98131,65000400000
41,14,copy_read_drop,own_local,copy,100000,121510,1.2151,2350000
41,15,contended_copy_2_workers,std_shared,copy,200000,5088386,25.44193,4700000
41,16,async_queue_job_1_local_copies,std_shared,job,100,56323,563.23,2000
41,17,copy_read_drop,own_shared,copy,100000,473580,4.7358,2350000
41,18,async_queue_job_64_local_copies,own_local,job,100,91195,911.95,150400
41,19,group_setup_then_1024_copies,own_local,group,97,139446,1437.58762887,2334208
41,20,group_setup_then_8_copies,std_shared,group,12500,1249398,99.95184,2350000
41,21,weak_lock_expired,std_shared,lock,100000,162781,1.62781,0
41,22,contended_copy_2_workers,own_shared,copy,200000,1853021,9.265105,4700000
41,23,group_setup_then_64_copies,std_shared,group,1562,1183661,757.78553137,2349248
41,24,group_setup_then_64_copies,own_local,group,1562,165274,105.80921895,2349248
41,25,group_setup_then_8_copies,own_local,group,12500,349216,27.93728,2350000
41,26,weak_lock_expired,own_shared,lock,100000,135641,1.35641,0
41,27,weak_lock_live,std_shared,lock,100000,1307084,13.07084,2350000
41,28,localize_read_drop,own_local,group,100000,1294074,12.94074,2350000
41,29,async_queue_job_1_local_copies,own_local,job,100,62342,623.42,2000
41,30,group_setup_then_1024_copies,std_shared,group,97,1539437,15870.4845361,2334208
41,31,weak_lock_live,own_shared,lock,100000,530024,5.30024,2350000
41,32,async_queue_job_64_local_copies,std_shared,job,100,205844,2058.44,150400
41,33,async_queue_job_1024_local_copies,own_local,job,100,435744,4357.44,2406400
41,34,localize_read_drop,std_shared,group,100000,1179945,11.79945,2350000
41,35,frame_4096_draws_64_unique_leases,own_shared,frame,24,93168,3882,41287680
41,36,scene_4096_attachments,std_shared,attachment,98304,508422,5.17193603516,98304
42,0,group_setup_then_1_copies,own_local,group,100000,2604622,26.04622,2000000
42,1,weak_lock_expired,std_shared,lock,100000,162620,1.6262,0
42,2,frame_4096_draws_64_unique_leases,std_shared,frame,24,88721,3696.70833333,41287680
42,3,copy_read_drop,std_shared,copy,100000,1261906,12.61906,2350000
42,4,group_setup_then_1_copies,std_shared,group,100000,1895133,18.95133,2000000
42,5,scene_4096_attachments,own_local,attachment,98304,161218,1.63999430339,98304
42,6,weak_lock_expired,own_shared,lock,100000,135461,1.35461,0
42,7,group_setup_then_8_copies,own_local,group,12500,431408,34.51264,2350000
42,8,share_read_drop,own_shared,handoff,100000,642840,6.4284,2350000
42,9,contended_copy_2_workers,own_shared,copy,200000,2631082,13.15541,4700000
42,10,group_setup_then_1024_copies,own_local,group,97,171374,1766.74226804,2334208
42,11,borrow_read,raw_borrow,read,100000,54381,0.54381,2350000
42,12,share_read_drop,std_shared,handoff,100000,1195838,11.95838,2350000
42,13,contended_copy_2_workers,std_shared,copy,200000,4448450,22.24225,4700000
42,14,weak_lock_live,own_shared,lock,100000,478488,4.78488,2350000
42,15,localize_read_drop,std_shared,group,100000,1194687,11.94687,2350000
42,16,scene_4096_attachments,std_shared,attachment,98304,517616,5.26546223958,98304
42,17,async_queue_job_1_local_copies,own_local,job,100,72147,721.47,2000
42,18,frame_4096_draws_64_unique_leases,own_shared,frame,24,93408,3892,41287680
42,19,async_queue_job_64_local_copies,own_local,job,100,66028,660.28,150400
42,20,create_read_destroy,std_shared,asset,100000,1140907,11.40907,65000400000
42,21,create_read_destroy,own_shared,asset,100000,1247255,12.47255,65000400000
42,22,group_setup_then_64_copies,own_local,group,1562,209039,133.827784891,2349248
42,23,create_read_destroy,own_local,asset,100000,2419258,24.19258,65000400000
42,24,resource_lifecycle_64_assets_4096_objects,std_shared,cycle,10,342967,34296.7,17203200
42,25,async_queue_job_1_local_copies,std_shared,job,100,65017,650.17,2000
42,26,copy_read_drop,own_local,copy,100000,122040,1.2204,2350000
42,27,group_setup_then_64_copies,std_shared,group,1562,1383676,885.836107554,2349248
42,28,async_queue_job_1024_local_copies,std_shared,job,100,1620037,16200.37,2406400
42,29,group_setup_then_8_copies,std_shared,group,12500,1809937,144.79496,2350000
42,30,copy_read_drop,own_shared,copy,100000,503245,5.03245,2350000
42,31,async_queue_job_1024_local_copies,own_local,job,100,408354,4083.54,2406400
42,32,weak_lock_live,std_shared,lock,100000,1439649,14.39649,2350000
42,33,localize_read_drop,own_local,group,100000,1657381,16.57381,2350000
42,34,async_queue_job_64_local_copies,std_shared,job,100,131845,1318.45,150400
42,35,resource_lifecycle_64_assets_4096_objects,own_local,cycle,10,361194,36119.4,17203200
42,36,group_setup_then_1024_copies,std_shared,group,97,1221626,12594.0824742,2334208
43,0,async_queue_job_1024_local_copies,std_shared,job,100,1946018,19460.18,2406400
43,1,resource_lifecycle_64_assets_4096_objects,own_local,cycle,10,233065,23306.5,17203200
43,2,create_read_destroy,own_local,asset,100000,2695927,26.95927,65000400000
43,3,create_read_destroy,own_shared,asset,100000,1523533,15.23533,65000400000
43,4,group_setup_then_1_copies,own_local,group,100000,3191180,31.9118,2000000
43,5,frame_4096_draws_64_unique_leases,own_shared,frame,24,124704,5196,41287680
43,6,async_queue_job_64_local_copies,std_shared,job,100,231672,2316.72,150400
43,7,share_read_drop,own_shared,handoff,100000,441543,4.41543,2350000
43,8,weak_lock_live,std_shared,lock,100000,928504,9.28504,2350000
43,9,copy_read_drop,own_shared,copy,100000,466951,4.66951,2350000
43,10,group_setup_then_8_copies,std_shared,group,12500,1303918,104.31344,2350000
43,11,group_setup_then_1_copies,std_shared,group,100000,1885498,18.85498,2000000
43,12,copy_read_drop,own_local,copy,100000,121770,1.2177,2350000
43,13,localize_read_drop,std_shared,group,100000,1166785,11.66785,2350000
43,14,contended_copy_2_workers,std_shared,copy,200000,5206220,26.0311,4700000
43,15,async_queue_job_1_local_copies,own_local,job,100,46188,461.88,2000
43,16,group_setup_then_8_copies,own_local,group,12500,383257,30.66056,2350000
43,17,share_read_drop,std_shared,handoff,100000,1337147,13.37147,2350000
43,18,group_setup_then_64_copies,std_shared,group,1562,1212082,775.980793854,2349248
43,19,weak_lock_expired,std_shared,lock,100000,211012,2.11012,0
43,20,frame_4096_draws_64_unique_leases,std_shared,frame,24,94770,3948.75,41287680
43,21,weak_lock_live,own_shared,lock,100000,450386,4.50386,2350000
43,22,contended_copy_2_workers,own_shared,copy,200000,1454631,7.273155,4700000
43,23,borrow_read,raw_borrow,read,100000,54600,0.546,2350000
43,24,weak_lock_expired,own_shared,lock,100000,135801,1.35801,0
43,25,async_queue_job_1_local_copies,std_shared,job,100,41642,416.42,2000
43,26,group_setup_then_1024_copies,std_shared,group,97,1627217,16775.4329897,2334208
43,27,group_setup_then_64_copies,own_local,group,1562,192855,123.466709347,2349248
43,28,create_read_destroy,std_shared,asset,100000,1096282,10.96282,65000400000
43,29,localize_read_drop,own_local,group,100000,1194446,11.94446,2350000
43,30,resource_lifecycle_64_assets_4096_objects,std_shared,cycle,10,347234,34723.4,17203200
43,31,scene_4096_attachments,own_local,attachment,98304,151084,1.53690592448,98304
43,32,async_queue_job_1024_local_copies,own_local,job,100,423666,4236.66,2406400
43,33,copy_read_drop,std_shared,copy,100000,1158784,11.58784,2350000
43,34,scene_4096_attachments,std_shared,attachment,98304,509674,5.18467203776,98304
43,35,async_queue_job_64_local_copies,own_local,job,100,70284,702.84,150400
43,36,group_setup_then_1024_copies,own_local,group,97,136061,1402.69072165,2334208
44,0,async_queue_job_64_local_copies,own_local,job,100,75852,758.52,150400
44,1,localize_read_drop,own_local,group,100000,1065175,10.65175,2350000
44,2,group_setup_then_8_copies,own_local,group,12500,347564,27.80512,2350000
44,3,async_queue_job_1_local_copies,own_local,job,100,59498,594.98,2000
44,4,localize_read_drop,std_shared,group,100000,1178303,11.78303,2350000
44,5,copy_read_drop,own_shared,copy,100000,455253,4.55253,2350000
44,6,group_setup_then_64_copies,own_local,group,1562,174888,111.964148528,2349248
44,7,weak_lock_live,std_shared,lock,100000,922284,9.22284,2350000
44,8,weak_lock_expired,own_shared,lock,100000,135590,1.3559,0
44,9,async_queue_job_1024_local_copies,own_local,job,100,392290,3922.9,2406400
44,10,async_queue_job_64_local_copies,std_shared,job,100,276218,2762.18,150400
44,11,frame_4096_draws_64_unique_leases,own_shared,frame,24,91715,3821.45833333,41287680
44,12,borrow_read,raw_borrow,read,100000,54360,0.5436,2350000
44,13,scene_4096_attachments,std_shared,attachment,98304,516283,5.25190226237,98304
44,14,share_read_drop,std_shared,handoff,100000,1163961,11.63961,2350000
44,15,async_queue_job_1024_local_copies,std_shared,job,100,1731691,17316.91,2406400
44,16,create_read_destroy,own_local,asset,100000,2121478,21.21478,65000400000
44,17,scene_4096_attachments,own_local,attachment,98304,150343,1.52936808268,98304
44,18,create_read_destroy,std_shared,asset,100000,1098134,10.98134,65000400000
44,19,contended_copy_2_workers,std_shared,copy,200000,5288762,26.44381,4700000
44,20,share_read_drop,own_shared,handoff,100000,464878,4.64878,2350000
44,21,group_setup_then_1_copies,std_shared,group,100000,1846091,18.46091,2000000
44,22,group_setup_then_64_copies,std_shared,group,1562,1212222,776.070422535,2349248
44,23,group_setup_then_1024_copies,std_shared,group,97,1168278,12044.1030928,2334208
44,24,resource_lifecycle_64_assets_4096_objects,std_shared,cycle,10,344610,34461,17203200
44,25,group_setup_then_8_copies,std_shared,group,12500,1254065,100.3252,2350000
44,26,weak_lock_live,own_shared,lock,100000,466881,4.66881,2350000
44,27,group_setup_then_1_copies,own_local,group,100000,2566747,25.66747,2000000
44,28,resource_lifecycle_64_assets_4096_objects,own_local,cycle,10,249499,24949.9,17203200
44,29,group_setup_then_1024_copies,own_local,group,97,138244,1425.19587629,2334208
44,30,weak_lock_expired,std_shared,lock,100000,162781,1.62781,0
44,31,async_queue_job_1_local_copies,std_shared,job,100,87770,877.7,2000
44,32,copy_read_drop,std_shared,copy,100000,1164412,11.64412,2350000
44,33,create_read_destroy,own_shared,asset,100000,1348334,13.48334,65000400000
44,34,copy_read_drop,own_local,copy,100000,121540,1.2154,2350000
44,35,frame_4096_draws_64_unique_leases,std_shared,frame,24,143212,5967.16666667,41287680
44,36,contended_copy_2_workers,own_shared,copy,200000,2373541,11.867705,4700000
45,0,async_queue_job_64_local_copies,own_local,job,100,57265,572.65,150400
45,1,group_setup_then_1_copies,own_local,group,100000,2573777,25.73777,2000000
45,2,create_read_destroy,std_shared,asset,100000,1422223,14.22223,65000400000
45,3,frame_4096_draws_64_unique_leases,own_shared,frame,24,288767,12031.9583333,41287680
45,4,async_queue_job_1024_local_copies,own_local,job,100,519608,5196.08,2406400
45,5,contended_copy_2_workers,std_shared,copy,200000,5224757,26.123785,4700000
45,6,async_queue_job_1_local_copies,own_local,job,100,37385,373.85,2000
45,7,weak_lock_live,own_shared,lock,100000,470886,4.70886,2350000
45,8,async_queue_job_64_local_copies,std_shared,job,100,178473,1784.73,150400
45,9,group_setup_then_8_copies,std_shared,group,12500,1256518,100.52144,2350000
45,10,async_queue_job_1_local_copies,std_shared,job,100,54740,547.4,2000
45,11,weak_lock_expired,std_shared,lock,100000,224832,2.24832,0
45,12,group_setup_then_64_copies,own_local,group,1562,178524,114.291933419,2349248
45,13,share_read_drop,std_shared,handoff,100000,1178543,11.78543,2350000
45,14,group_setup_then_8_copies,own_local,group,12500,448223,35.85784,2350000
45,15,localize_read_drop,std_shared,group,100000,1291841,12.91841,2350000
45,16,weak_lock_expired,own_shared,lock,100000,135761,1.35761,0
45,17,share_read_drop,own_shared,handoff,100000,441753,4.41753,2350000
45,18,scene_4096_attachments,own_local,attachment,98304,149491,1.52070109049,98304
45,19,weak_lock_live,std_shared,lock,100000,991587,9.91587,2350000
45,20,copy_read_drop,own_shared,copy,100000,512608,5.12608,2350000
45,21,create_read_destroy,own_local,asset,100000,2137111,21.37111,65000400000
45,22,localize_read_drop,own_local,group,100000,1078144,10.78144,2350000
45,23,resource_lifecycle_64_assets_4096_objects,std_shared,cycle,10,359031,35903.1,17203200
45,24,group_setup_then_1024_copies,std_shared,group,97,1295536,13356.0412371,2334208
45,25,resource_lifecycle_64_assets_4096_objects,own_local,cycle,10,234006,23400.6,17203200
45,26,copy_read_drop,std_shared,copy,100000,1163121,11.63121,2350000
45,27,group_setup_then_1024_copies,own_local,group,97,136101,1403.10309278,2334208
45,28,async_queue_job_1024_local_copies,std_shared,job,100,1758221,17582.21,2406400
45,29,create_read_destroy,own_shared,asset,100000,1253825,12.53825,65000400000
45,30,borrow_read,raw_borrow,read,100000,54481,0.54481,2350000
45,31,group_setup_then_1_copies,std_shared,group,100000,1867472,18.67472,2000000
45,32,scene_4096_attachments,std_shared,attachment,98304,510826,5.19639078776,98304
45,33,copy_read_drop,own_local,copy,100000,121289,1.21289,2350000
45,34,group_setup_then_64_copies,std_shared,group,1562,1161247,743.435979513,2349248
45,35,frame_4096_draws_64_unique_leases,std_shared,frame,24,88461,3685.875,41287680
45,36,contended_copy_2_workers,own_shared,copy,200000,2208486,11.04243,4700000
46,0,scene_4096_attachments,own_local,attachment,98304,196861,2.00257364909,98304
46,1,frame_4096_draws_64_unique_leases,own_shared,frame,24,90564,3773.5,41287680
46,2,async_queue_job_64_local_copies,own_local,job,100,100709,1007.09,150400
46,3,group_setup_then_8_copies,std_shared,group,12500,1324539,105.96312,2350000
46,4,async_queue_job_1024_local_copies,own_local,job,100,518748,5187.48,2406400
46,5,copy_read_drop,std_shared,copy,100000,1204511,12.04511,2350000
46,6,copy_read_drop,own_shared,copy,100000,565146,5.65146,2350000
46,7,resource_lifecycle_64_assets_4096_objects,own_local,cycle,10,237261,23726.1,17203200
46,8,weak_lock_expired,own_shared,lock,100000,193997,1.93997,0
46,9,async_queue_job_1024_local_copies,std_shared,job,100,1637281,16372.81,2406400
46,10,borrow_read,raw_borrow,read,100000,54340,0.5434,2350000
46,11,create_read_destroy,own_shared,asset,100000,1236088,12.36088,65000400000
46,12,async_queue_job_1_local_copies,own_local,job,100,75302,753.02,2000
46,13,weak_lock_live,own_shared,lock,100000,451548,4.51548,2350000
46,14,group_setup_then_1024_copies,own_local,group,97,170592,1758.68041237,2334208
46,15,weak_lock_expired,std_shared,lock,100000,162510,1.6251,0
46,16,async_queue_job_1_local_copies,std_shared,job,100,44997,449.97,2000
46,17,async_queue_job_64_local_copies,std_shared,job,100,213586,2135.86,150400
46,18,group_setup_then_1_copies,own_local,group,100000,2585544,25.85544,2000000
46,19,contended_copy_2_workers,own_shared,copy,200000,2795194,13.97597,4700000
46,20,group_setup_then_1024_copies,std_shared,group,97,1194526,12314.7010309,2334208
46,21,create_read_destroy,std_shared,asset,100000,1218352,12.18352,65000400000
46,22,group_setup_then_1_copies,std_shared,group,100000,1872299,18.72299,2000000
46,23,create_read_destroy,own_local,asset,100000,2274614,22.74614,65000400000
46,24,share_read_drop,own_shared,handoff,100000,441473,4.41473,2350000
46,25,weak_lock_live,std_shared,lock,100000,910256,9.10256,2350000
46,26,localize_read_drop,own_local,group,100000,1093497,10.93497,2350000
46,27,contended_copy_2_workers,std_shared,copy,200000,4721433,23.607165,4700000
46,28,group_setup_then_64_copies,own_local,group,1562,361094,231.174135723,2349248
46,29,resource_lifecycle_64_assets_4096_objects,std_shared,cycle,10,348626,34862.6,17203200
46,30,frame_4096_draws_64_unique_leases,std_shared,frame,24,94369,3932.04166667,41287680
46,31,group_setup_then_8_copies,own_local,group,12500,392240,31.3792,2350000
46,32,copy_read_drop,own_local,copy,100000,121560,1.2156,2350000
46,33,scene_4096_attachments,std_shared,attachment,98304,513119,5.21971638997,98304
46,34,localize_read_drop,std_shared,group,100000,1168458,11.68458,2350000
46,35,share_read_drop,std_shared,handoff,100000,1468141,14.68141,2350000
46,36,group_setup_then_64_copies,std_shared,group,1562,1169920,748.988476312,2349248
47,0,group_setup_then_1024_copies,std_shared,group,97,1193656,12305.7319588,2334208
47,1,async_queue_job_64_local_copies,own_local,job,100,113178,1131.78,150400
47,2,create_read_destroy,std_shared,asset,100000,1186024,11.86024,65000400000
47,3,copy_read_drop,own_shared,copy,100000,474692,4.74692,2350000
47,4,copy_read_drop,std_shared,copy,100000,1159195,11.59195,2350000
47,5,localize_read_drop,std_shared,group,100000,1162520,11.6252,2350000
47,6,contended_copy_2_workers,std_shared,copy,200000,4457824,22.28912,4700000
47,7,group_setup_then_1_copies,own_local,group,100000,2260253,22.60253,2000000
47,8,share_read_drop,std_shared,handoff,100000,1858268,18.58268,2350000
47,9,weak_lock_live,own_shared,lock,100000,481492,4.81492,2350000
47,10,create_read_destroy,own_shared,asset,100000,1497355,14.97355,65000400000
47,11,group_setup_then_64_copies,own_local,group,1562,233646,149.581306018,2349248
47,12,async_queue_job_1024_local_copies,own_local,job,100,701518,7015.18,2406400
47,13,borrow_read,raw_borrow,read,100000,54611,0.54611,2350000
47,14,scene_4096_attachments,own_local,attachment,98304,213316,2.1699625651,98304
47,15,contended_copy_2_workers,own_shared,copy,200000,1804709,9.023545,4700000
47,16,group_setup_then_64_copies,std_shared,group,1562,1207145,772.820102433,2349248
47,17,async_queue_job_1_local_copies,own_local,job,100,57966,579.66,2000
47,18,resource_lifecycle_64_assets_4096_objects,std_shared,cycle,10,348956,34895.6,17203200
47,19,weak_lock_expired,own_shared,lock,100000,135811,1.35811,0
47,20,async_queue_job_1024_local_copies,std_shared,job,100,1559997,15599.97,2406400
47,21,async_queue_job_64_local_copies,std_shared,job,100,252323,2523.23,150400
47,22,copy_read_drop,own_local,copy,100000,121680,1.2168,2350000
47,23,group_setup_then_8_copies,std_shared,group,12500,1719393,137.55144,2350000
47,24,group_setup_then_8_copies,own_local,group,12500,487981,39.03848,2350000
47,25,group_setup_then_1024_copies,own_local,group,97,219495,2262.83505155,2334208
47,26,scene_4096_attachments,std_shared,attachment,98304,508533,5.17306518555,98304
47,27,frame_4096_draws_64_unique_leases,std_shared,frame,24,87850,3660.41666667,41287680
47,28,resource_lifecycle_64_assets_4096_objects,own_local,cycle,10,284200,28420,17203200
47,29,share_read_drop,own_shared,handoff,100000,514701,5.14701,2350000
47,30,group_setup_then_1_copies,std_shared,group,100000,2264649,22.64649,2000000
47,31,async_queue_job_1_local_copies,std_shared,job,100,65797,657.97,2000
47,32,frame_4096_draws_64_unique_leases,own_shared,frame,24,92216,3842.33333333,41287680
47,33,localize_read_drop,own_local,group,100000,1263438,12.63438,2350000
47,34,weak_lock_live,std_shared,lock,100000,1185524,11.85524,2350000
47,35,create_read_destroy,own_local,asset,100000,2768094,27.68094,65000400000
47,36,weak_lock_expired,std_shared,lock,100000,162651,1.62651,0
48,0,frame_4096_draws_64_unique_leases,std_shared,frame,24,93949,3914.54166667,41287680
48,1,frame_4096_draws_64_unique_leases,own_shared,frame,24,91125,3796.875,41287680
48,2,async_queue_job_1_local_copies,own_local,job,100,60369,603.69,2000
48,3,localize_read_drop,own_local,group,100000,1530483,15.30483,2350000
48,4,weak_lock_expired,std_shared,lock,100000,162481,1.62481,0
48,5,contended_copy_2_workers,std_shared,copy,200000,4381371,21.906855,4700000
48,6,contended_copy_2_workers,own_shared,copy,200000,2495861,12.479305,4700000
48,7,group_setup_then_1024_copies,own_local,group,97,141910,1462.98969072,2334208
48,8,async_queue_job_1_local_copies,std_shared,job,100,103283,1032.83,2000
48,9,scene_4096_attachments,std_shared,attachment,98304,515362,5.24253336589,98304
48,10,resource_lifecycle_64_assets_4096_objects,std_shared,cycle,10,615711,61571.1,17203200
48,11,create_read_destroy,std_shared,asset,100000,1751911,17.51911,65000400000
48,12,weak_lock_expired,own_shared,lock,100000,171424,1.71424,0
48,13,async_queue_job_64_local_copies,std_shared,job,100,193927,1939.27,150400
48,14,async_queue_job_1024_local_copies,own_local,job,100,400302,4003.02,2406400
48,15,localize_read_drop,std_shared,group,100000,1168689,11.68689,2350000
48,16,group_setup_then_1_copies,std_shared,group,100000,1930545,19.30545,2000000
48,17,resource_lifecycle_64_assets_4096_objects,own_local,cycle,10,234376,23437.6,17203200
48,18,copy_read_drop,std_shared,copy,100000,1283648,12.83648,2350000
48,19,copy_read_drop,own_local,copy,100000,142430,1.4243,2350000
48,20,group_setup_then_8_copies,std_shared,group,12500,1241086,99.28688,2350000
48,21,create_read_destroy,own_local,asset,100000,2486698,24.86698,65000400000
48,22,copy_read_drop,own_shared,copy,100000,475733,4.75733,2350000
48,23,create_read_destroy,own_shared,asset,100000,1227055,12.27055,65000400000
48,24,group_setup_then_1024_copies,std_shared,group,97,1344919,13865.1443299,2334208
48,25,share_read_drop,own_shared,handoff,100000,461192,4.61192,2350000
48,26,group_setup_then_8_copies,own_local,group,12500,349537,27.96296,2350000
48,27,async_queue_job_64_local_copies,own_local,job,100,91816,918.16,150400
48,28,async_queue_job_1024_local_copies,std_shared,job,100,1704601,17046.01,2406400
48,29,group_setup_then_64_copies,own_local,group,1562,168078,107.604353393,2349248
48,30,weak_lock_live,std_shared,lock,100000,939520,9.3952,2350000
48,31,share_read_drop,std_shared,handoff,100000,1230440,12.3044,2350000
48,32,weak_lock_live,own_shared,lock,100000,503134,5.03134,2350000
48,33,scene_4096_attachments,own_local,attachment,98304,151594,1.54209391276,98304
48,34,borrow_read,raw_borrow,read,100000,54371,0.54371,2350000
48,35,group_setup_then_64_copies,std_shared,group,1562,1242878,795.696542894,2349248
48,36,group_setup_then_1_copies,own_local,group,100000,2345799,23.45799,2000000
49,0,weak_lock_live,std_shared,lock,100000,971127,9.71127,2350000
49,1,scene_4096_attachments,own_local,attachment,98304,148690,1.51255289714,98304
49,2,async_queue_job_1_local_copies,std_shared,job,100,51196,511.96,2000
49,3,share_read_drop,std_shared,handoff,100000,1648709,16.48709,2350000
49,4,borrow_read,raw_borrow,read,100000,54240,0.5424,2350000
49,5,group_setup_then_1024_copies,std_shared,group,97,1146947,11824.1958763,2334208
49,6,copy_read_drop,std_shared,copy,100000,1268086,12.68086,2350000
49,7,create_read_destroy,std_shared,asset,100000,1187136,11.87136,65000400000
49,8,copy_read_drop,own_local,copy,100000,121470,1.2147,2350000
49,9,group_setup_then_1_copies,own_local,group,100000,2801264,28.01264,2000000
49,10,frame_4096_draws_64_unique_leases,own_shared,frame,24,91455,3810.625,41287680
49,11,group_setup_then_1_copies,std_shared,group,100000,2158523,21.58523,2000000
49,12,async_queue_job_64_local_copies,std_shared,job,100,185675,1856.75,150400
49,13,group_setup_then_1024_copies,own_local,group,97,187397,1931.92783505,2334208
49,14,create_read_destroy,own_shared,asset,100000,1249738,12.49738,65000400000
49,15,localize_read_drop,std_shared,group,100000,1291511,12.91511,2350000
49,16,scene_4096_attachments,std_shared,attachment,98304,530314,5.39463297526,98304
49,17,copy_read_drop,own_shared,copy,100000,505658,5.05658,2350000
49,18,contended_copy_2_workers,own_shared,copy,200000,3045504,15.22752,4700000
49,19,share_read_drop,own_shared,handoff,100000,489614,4.89614,2350000
49,20,weak_lock_expired,own_shared,lock,100000,135641,1.35641,0
49,21,group_setup_then_8_copies,own_local,group,12500,577274,46.18192,2350000
49,22,frame_4096_draws_64_unique_leases,std_shared,frame,24,334945,13956.0416667,41287680
49,23,create_read_destroy,own_local,asset,100000,2322986,23.22986,65000400000
49,24,async_queue_job_1024_local_copies,own_local,job,100,365140,3651.4,2406400
49,25,contended_copy_2_workers,std_shared,copy,200000,4217467,21.087335,4700000
49,26,resource_lifecycle_64_assets_4096_objects,own_local,cycle,10,298612,29861.2,17203200
49,27,weak_lock_expired,std_shared,lock,100000,162650,1.6265,0
49,28,group_setup_then_64_copies,std_shared,group,1562,1257340,804.955185659,2349248
49,29,async_queue_job_1_local_copies,own_local,job,100,54470,544.7,2000
49,30,group_setup_then_64_copies,own_local,group,1562,177422,113.586427657,2349248
49,31,async_queue_job_64_local_copies,own_local,job,100,69302,693.02,150400
49,32,async_queue_job_1024_local_copies,std_shared,job,100,1723109,17231.09,2406400
49,33,group_setup_then_8_copies,std_shared,group,12500,1616271,129.30168,2350000
49,34,resource_lifecycle_64_assets_4096_objects,std_shared,cycle,10,418339,41833.9,17203200
49,35,weak_lock_live,own_shared,lock,100000,450716,4.50716,2350000
49,36,localize_read_drop,own_local,group,100000,1314645,13.14645,2350000
50,0,share_read_drop,own_shared,handoff,100000,517897,5.17897,2350000
50,1,localize_read_drop,own_local,group,100000,1077494,10.77494,2350000
50,2,group_setup_then_8_copies,own_local,group,12500,347865,27.8292,2350000
50,3,weak_lock_expired,own_shared,lock,100000,150092,1.50092,0
50,4,group_setup_then_8_copies,std_shared,group,12500,1356666,108.53328,2350000
50,5,async_queue_job_64_local_copies,own_local,job,100,242379,2423.79,150400
50,6,async_queue_job_1_local_copies,own_local,job,100,37585,375.85,2000
50,7,copy_read_drop,std_shared,copy,100000,1227195,12.27195,2350000
50,8,frame_4096_draws_64_unique_leases,std_shared,frame,24,120187,5007.79166667,41287680
50,9,create_read_destroy,std_shared,asset,100000,1281095,12.81095,65000400000
50,10,create_read_destroy,own_local,asset,100000,2430144,24.30144,65000400000
50,11,async_queue_job_64_local_copies,std_shared,job,100,188339,1883.39,150400
50,12,async_queue_job_1_local_copies,std_shared,job,100,32028,320.28,2000
50,13,share_read_drop,std_shared,handoff,100000,1396245,13.96245,2350000
50,14,resource_lifecycle_64_assets_4096_objects,own_local,cycle,10,234947,23494.7,17203200
50,15,scene_4096_attachments,own_local,attachment,98304,149801,1.52385457357,98304
50,16,contended_copy_2_workers,std_shared,copy,200000,4214273,21.071365,4700000
50,17,group_setup_then_64_copies,own_local,group,1562,195580,125.211267606,2349248
50,18,localize_read_drop,std_shared,group,100000,1221126,12.21126,2350000
50,19,create_read_destroy,own_shared,asset,100000,1439789,14.39789,65000400000
50,20,group_setup_then_64_copies,std_shared,group,1562,1769026,1132.5390525,2349248
50,21,group_setup_then_1024_copies,std_shared,group,97,1154578,11902.8659794,2334208
50,22,copy_read_drop,own_local,copy,100000,121620,1.2162,2350000
50,23,resource_lifecycle_64_assets_4096_objects,std_shared,cycle,10,558386,55838.6,17203200
50,24,async_queue_job_1024_local_copies,std_shared,job,100,2154116,21541.16,2406400
50,25,group_setup_then_1_copies,own_local,group,100000,3162667,31.62667,2000000
50,26,copy_read_drop,own_shared,copy,100000,493079,4.93079,2350000
50,27,borrow_read,raw_borrow,read,100000,54471,0.54471,2350000
50,28,scene_4096_attachments,std_shared,attachment,98304,496665,5.05233764648,98304
50,29,weak_lock_live,own_shared,lock,100000,515192,5.15192,2350000
50,30,group_setup_then_1_copies,std_shared,group,100000,2075360,20.7536,2000000
50,31,weak_lock_live,std_shared,lock,100000,932179,9.32179,2350000
50,32,weak_lock_expired,std_shared,lock,100000,162881,1.62881,0
50,33,async_queue_job_1024_local_copies,own_local,job,100,398840,3988.4,2406400
50,34,group_setup_then_1024_copies,own_local,group,97,164553,1696.42268041,2334208
50,35,frame_4096_draws_64_unique_leases,own_shared,frame,24,95111,3962.95833333,41287680
50,36,contended_copy_2_workers,own_shared,copy,200000,2008701,10.043505,4700000
51,0,group_setup_then_1_copies,std_shared,group,100000,1873131,18.73131,2000000
51,1,weak_lock_expired,std_shared,lock,100000,275037,2.75037,0
51,2,copy_read_drop,own_local,copy,100000,121560,1.2156,2350000
51,3,create_read_destroy,own_shared,asset,100000,1238932,12.38932,65000400000
51,4,resource_lifecycle_64_assets_4096_objects,std_shared,cycle,10,525648,52564.8,17203200
51,5,localize_read_drop,own_local,group,100000,1301464,13.01464,2350000
51,6,group_setup_then_8_copies,std_shared,group,12500,1489563,119.16504,2350000
51,7,resource_lifecycle_64_assets_4096_objects,own_local,cycle,10,233956,23395.6,17203200
51,8,borrow_read,raw_borrow,read,100000,54220,0.5422,2350000
51,9,weak_lock_live,own_shared,lock,100000,450377,4.50377,2350000
51,10,share_read_drop,own_shared,handoff,100000,536634,5.36634,2350000
51,11,group_setup_then_8_copies,own_local,group,12500,360083,28.80664,2350000
51,12,scene_4096_attachments,std_shared,attachment,98304,549603,5.59085083008,98304
51,13,create_read_destroy,own_local,asset,100000,2168307,21.68307,65000400000
51,14,group_setup_then_1024_copies,own_local,group,97,137162,1414.04123711,2334208
51,15,async_queue_job_1024_local_copies,own_local,job,100,443015,4430.15,2406400
51,16,weak_lock_live,std_shared,lock,100000,950476,9.50476,2350000
51,17,copy_read_drop,std_shared,copy,100000,1194066,11.94066,2350000
51,18,async_queue_job_1_local_copies,own_local,job,100,48191,481.91,2000
51,19,async_queue_job_64_local_copies,std_shared,job,100,201027,2010.27,150400
51,20,async_queue_job_64_local_copies,own_local,job,100,73509,735.09,150400
51,21,group_setup_then_1_copies,own_local,group,100000,2871768,28.71768,2000000
51,22,copy_read_drop,own_shared,copy,100000,455513,4.55513,2350000
51,23,frame_4096_draws_64_unique_leases,own_shared,frame,24,92146,3839.41666667,41287680
51,24,group_setup_then_1024_copies,std_shared,group,97,2788094,28743.2371134,2334208
51,25,group_setup_then_64_copies,own_local,group,1562,168559,107.912291933,2349248
51,26,weak_lock_expired,own_shared,lock,100000,183661,1.83661,0
51,27,localize_read_drop,std_shared,group,100000,2334563,23.34563,2350000
51,28,async_queue_job_1024_local_copies,std_shared,job,100,1933740,19337.4,2406400
51,29,scene_4096_attachments,own_local,attachment,98304,149271,1.51846313477,98304
51,30,contended_copy_2_workers,own_shared,copy,200000,4553865,22.769325,4700000
51,31,create_read_destroy,std_shared,asset,100000,1152424,11.52424,65000400000
51,32,contended_copy_2_workers,std_shared,copy,200000,4300731,21.503655,4700000
51,33,async_queue_job_1_local_copies,std_shared,job,100,40610,406.1,2000
51,34,group_setup_then_64_copies,std_shared,group,1562,1226294,785.079385403,2349248
51,35,share_read_drop,std_shared,handoff,100000,1528020,15.2802,2350000
51,36,frame_4096_draws_64_unique_leases,std_shared,frame,24,94920,3955,41287680
52,0,group_setup_then_1024_copies,own_local,group,97,137904,1421.69072165,2334208
52,1,frame_4096_draws_64_unique_leases,std_shared,frame,24,87209,3633.70833333,41287680
52,2,group_setup_then_8_copies,own_local,group,12500,360744,28.85952,2350000
52,3,group_setup_then_8_copies,std_shared,group,12500,1280504,102.44032,2350000
52,4,contended_copy_2_workers,std_shared,copy,200000,4279615,21.398075,4700000
52,5,frame_4096_draws_64_unique_leases,own_shared,frame,24,92788,3866.16666667,41287680
52,6,group_setup_then_1_copies,std_shared,group,100000,1915092,19.15092,2000000
52,7,group_setup_then_64_copies,own_local,group,1562,167828,107.444302177,2349248
52,8,group_setup_then_1024_copies,std_shared,group,97,1291810,13317.628866,2334208
52,9,borrow_read,raw_borrow,read,100000,54360,0.5436,2350000
52,10,async_queue_job_1_local_copies,std_shared,job,100,163903,1639.03,2000
52,11,resource_lifecycle_64_assets_4096_objects,own_local,cycle,10,249098,24909.8,17203200
52,12,async_queue_job_64_local_copies,own_local,job,100,71666,716.66,150400
52,13,create_read_destroy,std_shared,asset,100000,1132125,11.32125,65000400000
52,14,weak_lock_live,own_shared,lock,100000,474452,4.74452,2350000
52,15,localize_read_drop,std_shared,group,100000,1211712,12.11712,2350000
52,16,share_read_drop,own_shared,handoff,100000,441753,4.41753,2350000
52,17,localize_read_drop,own_local,group,100000,1174848,11.74848,2350000
52,18,create_read_destroy,own_local,asset,100000,2144512,21.44512,65000400000
52,19,async_queue_job_1024_local_copies,std_shared,job,100,1617773,16177.73,2406400
52,20,weak_lock_live,std_shared,lock,100000,946080,9.4608,2350000
52,21,contended_copy_2_workers,own_shared,copy,200000,4704418,23.52209,4700000
52,22,async_queue_job_64_local_copies,std_shared,job,100,185785,1857.85,150400
52,23,weak_lock_expired,std_shared,lock,100000,162851,1.62851,0
52,24,async_queue_job_1024_local_copies,own_local,job,100,406441,4064.41,2406400
52,25,copy_read_drop,own_local,copy,100000,174198,1.74198,2350000
52,26,async_queue_job_1_local_copies,own_local,job,100,35653,356.53,2000
52,27,weak_lock_expired,own_shared,lock,100000,135650,1.3565,0
52,28,scene_4096_attachments,own_local,attachment,98304,150082,1.52671305339,98304
52,29,copy_read_drop,own_shared,copy,100000,478247,4.78247,2350000
52,30,group_setup_then_64_copies,std_shared,group,1562,1181988,756.71446863,2349248
52,31,resource_lifecycle_64_assets_4096_objects,std_shared,cycle,10,341655,34165.5,17203200
52,32,share_read_drop,std_shared,handoff,100000,1425027,14.25027,2350000
52,33,group_setup_then_1_copies,own_local,group,100000,2327382,23.27382,2000000
52,34,scene_4096_attachments,std_shared,attachment,98304,508012,5.16776529948,98304
52,35,create_read_destroy,own_shared,asset,100000,1217521,12.17521,65000400000
52,36,copy_read_drop,std_shared,copy,100000,1171513,11.71513,2350000
53,0,async_queue_job_64_local_copies,std_shared,job,100,204954,2049.54,150400
53,1,group_setup_then_1_copies,std_shared,group,100000,2020979,20.20979,2000000
53,2,copy_read_drop,own_shared,copy,100000,483645,4.83645,2350000
53,3,create_read_destroy,own_shared,asset,100000,1274685,12.74685,65000400000
53,4,group_setup_then_1024_copies,std_shared,group,97,1186255,12229.4329897,2334208
53,5,scene_4096_attachments,std_shared,attachment,98304,519298,5.28257242839,98304
53,6,weak_lock_live,std_shared,lock,100000,929454,9.29454,2350000
53,7,async_queue_job_1024_local_copies,own_local,job,100,474341,4743.41,2406400
53,8,group_setup_then_64_copies,own_local,group,1562,168299,107.745838668,2349248
53,9,scene_4096_attachments,own_local,attachment,98304,147638,1.50185139974,98304
53,10,resource_lifecycle_64_assets_4096_objects,own_local,cycle,10,247486,24748.6,17203200
53,11,share_read_drop,own_shared,handoff,100000,451819,4.51819,2350000
53,12,copy_read_drop,own_local,copy,100000,121290,1.2129,2350000
53,13,create_read_destroy,own_local,asset,100000,2136860,21.3686,65000400000
53,14,resource_lifecycle_64_assets_4096_objects,std_shared,cycle,10,347784,34778.4,17203200
53,15,weak_lock_live,own_shared,lock,100000,450467,4.50467,2350000
53,16,share_read_drop,std_shared,handoff,100000,1270419,12.70419,2350000
53,17,async_queue_job_64_local_copies,own_local,job,100,138395,1383.95,150400
53,18,async_queue_job_1_local_copies,std_shared,job,100,70704,707.04,2000
53,19,contended_copy_2_workers,std_shared,copy,200000,5418635,27.093175,4700000
53,20,borrow_read,raw_borrow,read,100000,54461,0.54461,2350000
53,21,async_queue_job_1_local_copies,own_local,job,100,46218,462.18,2000
53,22,weak_lock_expired,std_shared,lock,100000,162571,1.62571,0
53,23,weak_lock_expired,own_shared,lock,100000,135490,1.3549,0
53,24,contended_copy_2_workers,own_shared,copy,200000,3034618,15.17309,4700000
53,25,group_setup_then_1024_copies,own_local,group,97,138685,1429.74226804,2334208
53,26,frame_4096_draws_64_unique_leases,own_shared,frame,24,92537,3855.70833333,41287680
53,27,localize_read_drop,own_local,group,100000,1062652,10.62652,2350000
53,28,async_queue_job_1024_local_copies,std_shared,job,100,1651502,16515.02,2406400
53,29,group_setup_then_1_copies,own_local,group,100000,2401793,24.01793,2000000
53,30,group_setup_then_8_copies,own_local,group,12500,403647,32.29176,2350000
53,31,localize_read_drop,std_shared,group,100000,1322726,13.22726,2350000
53,32,group_setup_then_64_copies,std_shared,group,1562,1163641,744.968629962,2349248
53,33,frame_4096_draws_64_unique_leases,std_shared,frame,24,92086,3836.91666667,41287680
53,34,copy_read_drop,std_shared,copy,100000,1170160,11.7016,2350000
53,35,group_setup_then_8_copies,std_shared,group,12500,1383215,110.6572,2350000
53,36,create_read_destroy,std_shared,asset,100000,1185433,11.85433,65000400000
54,0,weak_lock_expired,std_shared,lock,100000,162530,1.6253,0
54,1,create_read_destroy,std_shared,asset,100000,1123702,11.23702,65000400000
54,2,group_setup_then_1_copies,own_local,group,100000,2635879,26.35879,2000000
54,3,group_setup_then_64_copies,std_shared,group,1562,1163561,744.917413572,2349248
54,4,frame_4096_draws_64_unique_leases,std_shared,frame,24,90774,3782.25,41287680
54,5,async_queue_job_1024_local_copies,own_local,job,100,406201,4062.01,2406400
54,6,async_queue_job_1024_local_copies,std_shared,job,100,1938627,19386.27,2406400
54,7,contended_copy_2_workers,own_shared,copy,200000,2470203,12.351015,4700000
54,8,resource_lifecycle_64_assets_4096_objects,std_shared,cycle,10,396337,39633.7,17203200
54,9,weak_lock_expired,own_shared,lock,100000,135521,1.35521,0
54,10,copy_read_drop,std_shared,copy,100000,1363827,13.63827,2350000
54,11,group_setup_then_8_copies,std_shared,group,12500,1327694,106.21552,2350000
54,12,async_queue_job_1_local_copies,own_local,job,100,58706,587.06,2000
54,13,weak_lock_live,std_shared,lock,100000,929515,9.29515,2350000
54,14,group_setup_then_8_copies,own_local,group,12500,345481,27.63848,2350000
54,15,group_setup_then_1_copies,std_shared,group,100000,1877006,18.77006,2000000
54,16,localize_read_drop,own_local,group,100000,1057774,10.57774,2350000
54,17,group_setup_then_1024_copies,own_local,group,97,135941,1401.45360825,2334208
54,18,copy_read_drop,own_shared,copy,100000,465729,4.65729,2350000
54,19,scene_4096_attachments,std_shared,attachment,98304,507271,5.16022745768,98304
54,20,async_queue_job_64_local_copies,own_local,job,100,78937,789.37,150400
54,21,group_setup_then_64_copies,own_local,group,1562,181939,116.478233035,2349248
54,22,create_read_destroy,own_shared,asset,100000,1326321,13.26321,65000400000
54,23,scene_4096_attachments,own_local,attachment,98304,149781,1.52365112305,98304
54,24,localize_read_drop,std_shared,group,100000,1248125,12.48125,2350000
54,25,contended_copy_2_workers,std_shared,copy,200000,4879943,24.399715,4700000
54,26,create_read_destroy,own_local,asset,100000,2503343,25.03343,65000400000
54,27,share_read_drop,std_shared,handoff,100000,1444837,14.44837,2350000
54,28,async_queue_job_1_local_copies,std_shared,job,100,66068,660.68,2000
54,29,async_queue_job_64_local_copies,std_shared,job,100,153016,1530.16,150400
54,30,borrow_read,raw_borrow,read,100000,54360,0.5436,2350000
54,31,frame_4096_draws_64_unique_leases,own_shared,frame,24,266134,11088.9166667,41287680
54,32,resource_lifecycle_64_assets_4096_objects,own_local,cycle,10,298041,29804.1,17203200
54,33,share_read_drop,own_shared,handoff,100000,443025,4.43025,2350000
54,34,weak_lock_live,own_shared,lock,100000,470706,4.70706,2350000
54,35,group_setup_then_1024_copies,std_shared,group,97,1224581,12624.5463918,2334208
54,36,copy_read_drop,own_local,copy,100000,121970,1.2197,2350000
55,0,group_setup_then_8_copies,std_shared,group,12500,1680014,134.40112,2350000
55,1,copy_read_drop,own_local,copy,100000,121300,1.213,2350000
55,2,copy_read_drop,own_shared,copy,100000,476385,4.76385,2350000
55,3,resource_lifecycle_64_assets_4096_objects,std_shared,cycle,10,350188,35018.8,17203200
55,4,localize_read_drop,std_shared,group,100000,1347854,13.47854,2350000
55,5,scene_4096_attachments,own_local,attachment,98304,226425,2.30331420898,98304
55,6,contended_copy_2_workers,own_shared,copy,200000,2729737,13.648685,4700000
55,7,resource_lifecycle_64_assets_4096_objects,own_local,cycle,10,264501,26450.1,17203200
55,8,async_queue_job_1024_local_copies,std_shared,job,100,1645584,16455.84,2406400
55,9,weak_lock_live,own_shared,lock,100000,513850,5.1385,2350000
55,10,weak_lock_expired,std_shared,lock,100000,163042,1.63042,0
55,11,create_read_destroy,own_local,asset,100000,2326551,23.26551,65000400000
55,12,async_queue_job_1024_local_copies,own_local,job,100,618866,6188.66,2406400
55,13,create_read_destroy,std_shared,asset,100000,1576932,15.76932,65000400000
55,14,group_setup_then_64_copies,std_shared,group,1562,1404417,899.114596671,2349248
55,15,copy_read_drop,std_shared,copy,100000,1219323,12.19323,2350000
55,16,scene_4096_attachments,std_shared,attachment,98304,653526,6.64801025391,98304
55,17,group_setup_then_1_copies,own_local,group,100000,3326680,33.2668,2000000
55,18,frame_4096_draws_64_unique_leases,std_shared,frame,24,94890,3953.75,41287680
55,19,async_queue_job_1_local_copies,std_shared,job,100,105326,1053.26,2000
55,20,share_read_drop,own_shared,handoff,100000,493590,4.9359,2350000
55,21,group_setup_then_1024_copies,own_local,group,97,200626,2068.30927835,2334208
55,22,async_queue_job_64_local_copies,own_local,job,100,84896,848.96,150400
55,23,group_setup_then_8_copies,own_local,group,12500,347443,27.79544,2350000
55,24,frame_4096_draws_64_unique_leases,own_shared,frame,24,92737,3864.04166667,41287680
55,25,create_read_destroy,own_shared,asset,100000,1776167,17.76167,65000400000
55,26,weak_lock_expired,own_shared,lock,100000,135731,1.35731,0
55,27,async_queue_job_64_local_copies,std_shared,job,100,207077,2070.77,150400
55,28,contended_copy_2_workers,std_shared,copy,200000,4174063,20.870315,4700000
55,29,group_setup_then_1_copies,std_shared,group,100000,2476313,24.76313,2000000
55,30,group_setup_then_1024_copies,std_shared,group,97,1305371,13457.4329897,2334208
55,31,borrow_read,raw_borrow,read,100000,54480,0.5448,2350000
55,32,share_read_drop,std_shared,handoff,100000,1322386,13.22386,2350000
55,33,group_setup_then_64_copies,own_local,group,1562,209931,134.398847631,2349248
55,34,async_queue_job_1_local_copies,own_local,job,100,70955,709.55,2000
55,35,localize_read_drop,own_local,group,100000,1194977,11.94977,2350000
55,36,weak_lock_live,std_shared,lock,100000,947962,9.47962,2350000
56,0,async_queue_job_1_local_copies,own_local,job,100,108841,1088.41,2000
56,1,group_setup_then_64_copies,std_shared,group,1562,1497094,958.446862996,2349248
56,2,scene_4096_attachments,std_shared,attachment,98304,496013,5.04570515951,98304
56,3,share_read_drop,std_shared,handoff,100000,1430316,14.30316,2350000
56,4,create_read_destroy,own_local,asset,100000,2215197,22.15197,65000400000
56,5,create_read_destroy,std_shared,asset,100000,1186184,11.86184,65000400000
56,6,group_setup_then_1024_copies,std_shared,group,97,1343607,13851.6185567,2334208
56,7,copy_read_drop,std_shared,copy,100000,1641168,16.41168,2350000
56,8,weak_lock_live,std_shared,lock,100000,923836,9.23836,2350000
56,9,group_setup_then_64_copies,own_local,group,1562,168559,107.912291933,2349248
56,10,group_setup_then_8_copies,std_shared,group,12500,1449224,115.93792,2350000
56,11,localize_read_drop,std_shared,group,100000,1387462,13.87462,2350000
56,12,async_queue_job_1024_local_copies,std_shared,job,100,1600437,16004.37,2406400
56,13,copy_read_drop,own_shared,copy,100000,455334,4.55334,2350000
56,14,weak_lock_expired,std_shared,lock,100000,162730,1.6273,0
56,15,group_setup_then_1_copies,own_local,group,100000,3117241,31.17241,2000000
56,16,async_queue_job_1_local_copies,std_shared,job,100,51787,517.87,2000
56,17,borrow_read,raw_borrow,read,100000,54461,0.54461,2350000
56,18,group_setup_then_1024_copies,own_local,group,97,137203,1414.46391753,2334208
56,19,group_setup_then_8_copies,own_local,group,12500,349437,27.95496,2350000
56,20,frame_4096_draws_64_unique_leases,own_shared,frame,24,141049,5877.04166667,41287680
56,21,localize_read_drop,own_local,group,100000,1282617,12.82617,2350000
56,22,create_read_destroy,own_shared,asset,100000,1339742,13.39742,65000400000
56,23,group_setup_then_1_copies,std_shared,group,100000,1915844,19.15844,2000000
56,24,async_queue_job_1024_local_copies,own_local,job,100,507901,5079.01,2406400
56,25,resource_lifecycle_64_assets_4096_objects,own_local,cycle,10,282738,28273.8,17203200
56,26,copy_read_drop,own_local,copy,100000,122210,1.2221,2350000
56,27,weak_lock_expired,own_shared,lock,100000,135601,1.35601,0
56,28,resource_lifecycle_64_assets_4096_objects,std_shared,cycle,10,587959,58795.9,17203200
56,29,contended_copy_2_workers,std_shared,copy,200000,4451754,22.25877,4700000
56,30,share_read_drop,own_shared,handoff,100000,494251,4.94251,2350000
56,31,async_queue_job_64_local_copies,own_local,job,100,98525,985.25,150400
56,32,contended_copy_2_workers,own_shared,copy,200000,2368143,11.840715,4700000
56,33,scene_4096_attachments,own_local,attachment,98304,221277,2.25094604492,98304
56,34,async_queue_job_64_local_copies,std_shared,job,100,177442,1774.42,150400
56,35,weak_lock_live,own_shared,lock,100000,473971,4.73971,2350000
56,36,frame_4096_draws_64_unique_leases,std_shared,frame,24,214057,8919.04166667,41287680
57,0,scene_4096_attachments,std_shared,attachment,98304,517134,5.26055908203,98304
57,1,create_read_destroy,own_local,asset,100000,2492797,24.92797,65000400000
57,2,create_read_destroy,own_shared,asset,100000,1226164,12.26164,65000400000
57,3,share_read_drop,own_shared,handoff,100000,457156,4.57156,2350000
57,4,group_setup_then_1_copies,own_local,group,100000,2800522,28.00522,2000000
57,5,group_setup_then_1024_copies,std_shared,group,97,1288546,13283.9793814,2334208
57,6,resource_lifecycle_64_assets_4096_objects,own_local,cycle,10,239414,23941.4,17203200
57,7,async_queue_job_64_local_copies,own_local,job,100,87239,872.39,150400
57,8,frame_4096_draws_64_unique_leases,std_shared,frame,24,90514,3771.41666667,41287680
57,9,weak_lock_expired,own_shared,lock,100000,199596,1.99596,0
57,10,contended_copy_2_workers,std_shared,copy,200000,4491353,22.456765,4700000
57,11,borrow_read,raw_borrow,read,100000,54521,0.54521,2350000
57,12,share_read_drop,std_shared,handoff,100000,1257350,12.5735,2350000
57,13,copy_read_drop,own_local,copy,100000,122481,1.22481,2350000
57,14,group_setup_then_64_copies,std_shared,group,1562,1367193,875.283610755,2349248
57,15,create_read_destroy,std_shared,asset,100000,1183841,11.83841,65000400000
57,16,localize_read_drop,own_local,group,100000,1373011,13.73011,2350000
57,17,group_setup_then_1024_copies,own_local,group,97,164113,1691.88659794,2334208
57,18,group_setup_then_8_copies,std_shared,group,12500,1440831,115.26648,2350000
57,19,copy_read_drop,own_shared,copy,100000,455123,4.55123,2350000
57,20,group_setup_then_64_copies,own_local,group,1562,247406,158.390524968,2349248
57,21,resource_lifecycle_64_assets_4096_objects,std_shared,cycle,10,345080,34508,17203200
57,22,weak_lock_expired,std_shared,lock,100000,162791,1.62791,0
57,23,async_queue_job_1024_local_copies,std_shared,job,100,1674436,16744.36,2406400
57,24,localize_read_drop,std_shared,group,100000,1234806,12.34806,2350000
57,25,async_queue_job_1_local_copies,own_local,job,100,69973,699.73,2000
57,26,group_setup_then_1_copies,std_shared,group,100000,2019047,20.19047,2000000
57,27,scene_4096_attachments,own_local,attachment,98304,197592,2.01000976562,98304
57,28,copy_read_drop,std_shared,copy,100000,1231712,12.31712,2350000
57,29,group_setup_then_8_copies,own_local,group,12500,345311,27.62488,2350000
57,30,contended_copy_2_workers,own_shared,copy,200000,4624740,23.1237,4700000
57,31,frame_4096_draws_64_unique_leases,own_shared,frame,24,94269,3927.875,41287680
57,32,weak_lock_live,std_shared,lock,100000,1208278,12.08278,2350000
57,33,async_queue_job_64_local_copies,std_shared,job,100,195459,1954.59,150400
57,34,async_queue_job_1024_local_copies,own_local,job,100,421624,4216.24,2406400
57,35,async_queue_job_1_local_copies,std_shared,job,100,37115,371.15,2000
57,36,weak_lock_live,own_shared,lock,100000,450597,4.50597,2350000
58,0,group_setup_then_1_copies,own_local,group,100000,3552905,35.52905,2000000
58,1,share_read_drop,own_shared,handoff,100000,441763,4.41763,2350000
58,2,group_setup_then_64_copies,own_local,group,1562,170242,108.989756722,2349248
58,3,frame_4096_draws_64_unique_leases,std_shared,frame,24,94049,3918.70833333,41287680
58,4,group_setup_then_8_copies,std_shared,group,12500,1327293,106.18344,2350000
58,5,async_queue_job_1_local_copies,own_local,job,100,49773,497.73,2000
58,6,weak_lock_expired,own_shared,lock,100000,135630,1.3563,0
58,7,resource_lifecycle_64_assets_4096_objects,std_shared,cycle,10,535412,53541.2,17203200
58,8,group_setup_then_8_copies,own_local,group,12500,385930,30.8744,2350000
58,9,async_queue_job_64_local_copies,std_shared,job,100,192434,1924.34,150400
58,10,copy_read_drop,own_shared,copy,100000,570644,5.70644,2350000
58,11,scene_4096_attachments,std_shared,attachment,98304,791441,8.05095418294,98304
58,12,async_queue_job_1024_local_copies,std_shared,job,100,1610112,16101.12,2406400
58,13,borrow_read,raw_borrow,read,100000,54351,0.54351,2350000
58,14,async_queue_job_1024_local_copies,own_local,job,100,399691,3996.91,2406400
58,15,create_read_destroy,own_local,asset,100000,2399299,23.99299,65000400000
58,16,group_setup_then_64_copies,std_shared,group,1562,1225864,784.804097311,2349248
58,17,weak_lock_expired,std_shared,lock,100000,162851,1.62851,0
58,18,resource_lifecycle_64_assets_4096_objects,own_local,cycle,10,239384,23938.4,17203200
58,19,contended_copy_2_workers,std_shared,copy,200000,4177739,20.888695,4700000
58,20,create_read_destroy,std_shared,asset,100000,1884377,18.84377,65000400000
58,21,copy_read_drop,std_shared,copy,100000,1180155,11.80155,2350000
58,22,frame_4096_draws_64_unique_leases,own_shared,frame,24,95752,3989.66666667,41287680
58,23,async_queue_job_1_local_copies,std_shared,job,100,57615,576.15,2000
58,24,group_setup_then_1_copies,std_shared,group,100000,4078562,40.78562,2000000
58,25,group_setup_then_1024_copies,std_shared,group,97,1207176,12445.1134021,2334208
58,26,group_setup_then_1024_copies,own_local,group,97,137934,1422,2334208
58,27,scene_4096_attachments,own_local,attachment,98304,151083,1.53689575195,98304
58,28,localize_read_drop,own_local,group,100000,1084103,10.84103,2350000
58,29,share_read_drop,std_shared,handoff,100000,3211680,32.1168,2350000
58,30,copy_read_drop,own_local,copy,100000,122572,1.22572,2350000
58,31,weak_lock_live,own_shared,lock,100000,455214,4.55214,2350000
58,32,contended_copy_2_workers,own_shared,copy,200000,3042841,15.214205,4700000
58,33,weak_lock_live,std_shared,lock,100000,920772,9.20772,2350000
58,34,async_queue_job_64_local_copies,own_local,job,100,86668,866.68,150400
58,35,create_read_destroy,own_shared,asset,100000,1275125,12.75125,65000400000
58,36,localize_read_drop,std_shared,group,100000,3217028,32.17028,2350000
59,0,async_queue_job_64_local_copies,std_shared,job,100,227336,2273.36,150400
59,1,copy_read_drop,own_shared,copy,100000,475994,4.75994,2350000
59,2,weak_lock_live,std_shared,lock,100000,3007929,30.07929,2350000
59,3,group_setup_then_1024_copies,own_local,group,97,138475,1427.57731959,2334208
59,4,group_setup_then_64_copies,std_shared,group,1562,1169320,748.604353393,2349248
59,5,create_read_destroy,own_local,asset,100000,2207095,22.07095,65000400000
59,6,group_setup_then_8_copies,own_local,group,12500,373803,29.90424,2350000
59,7,copy_read_drop,std_shared,copy,100000,1160957,11.60957,2350000
59,8,resource_lifecycle_64_assets_4096_objects,std_shared,cycle,10,347574,34757.4,17203200
59,9,async_queue_job_1024_local_copies,own_local,job,100,406942,4069.42,2406400
59,10,group_setup_then_64_copies,own_local,group,1562,213255,136.526888604,2349248
59,11,scene_4096_attachments,own_local,attachment,98304,151794,1.54412841797,98304
59,12,contended_copy_2_workers,own_shared,copy,200000,2231981,11.159905,4700000
59,13,share_read_drop,std_shared,handoff,100000,1195478,11.95478,2350000
59,14,localize_read_drop,own_local,group,100000,1093407,10.93407,2350000
59,15,localize_read_drop,std_shared,group,100000,1201167,12.01167,2350000
59,16,async_queue_job_1024_local_copies,std_shared,job,100,2306792,23067.92,2406400
59,17,weak_lock_expired,own_shared,lock,100000,136222,1.36222,0
59,18,async_queue_job_1_local_copies,std_shared,job,100,40380,403.8,2000
59,19,create_read_destroy,std_shared,asset,100000,1380432,13.80432,65000400000
59,20,contended_copy_2_workers,std_shared,copy,200000,5397884,26.98942,4700000
59,21,frame_4096_draws_64_unique_leases,std_shared,frame,24,96182,4007.58333333,41287680
59,22,group_setup_then_8_copies,std_shared,group,12500,1339171,107.13368,2350000
59,23,borrow_read,raw_borrow,read,100000,57265,0.57265,2350000
59,24,async_queue_job_1_local_copies,own_local,job,100,70565,705.65,2000
59,25,weak_lock_expired,std_shared,lock,100000,197483,1.97483,0
59,26,create_read_destroy,own_shared,asset,100000,1294726,12.94726,65000400000
59,27,resource_lifecycle_64_assets_4096_objects,own_local,cycle,10,239164,23916.4,17203200
59,28,scene_4096_attachments,std_shared,attachment,98304,508282,5.17051188151,98304
59,29,group_setup_then_1024_copies,std_shared,group,97,1280944,13205.6082474,2334208
59,30,group_setup_then_1_copies,std_shared,group,100000,2099545,20.99545,2000000
59,31,frame_4096_draws_64_unique_leases,own_shared,frame,24,93779,3907.45833333,41287680
59,32,group_setup_then_1_copies,own_local,group,100000,2473088,24.73088,2000000
59,33,share_read_drop,own_shared,handoff,100000,441683,4.41683,2350000
59,34,async_queue_job_64_local_copies,own_local,job,100,115020,1150.2,150400
59,35,weak_lock_live,own_shared,lock,100000,526209,5.26209,2350000
59,36,copy_read_drop,own_local,copy,100000,121570,1.2157,2350000
60,0,async_queue_job_1_local_copies,std_shared,job,100,64986,649.86,2000
60,1,group_setup_then_1024_copies,std_shared,group,97,1144252,11796.4123711,2334208
60,2,resource_lifecycle_64_assets_4096_objects,own_local,cycle,10,233886,23388.6,17203200
60,3,contended_copy_2_workers,own_shared,copy,200000,3038794,15.19397,4700000
60,4,share_read_drop,own_shared,handoff,100000,467311,4.67311,2350000
60,5,create_read_destroy,own_shared,asset,100000,1338980,13.3898,65000400000
60,6,create_read_destroy,std_shared,asset,100000,1436754,14.36754,65000400000
60,7,frame_4096_draws_64_unique_leases,own_shared,frame,24,92457,3852.375,41287680
60,8,async_queue_job_64_local_copies,own_local,job,100,108270,1082.7,150400
60,9,weak_lock_live,std_shared,lock,100000,940671,9.40671,2350000
60,10,group_setup_then_8_copies,std_shared,group,12500,1268296,101.46368,2350000
60,11,create_read_destroy,own_local,asset,100000,2215947,22.15947,65000400000
60,12,weak_lock_live,own_shared,lock,100000,463385,4.63385,2350000
60,13,resource_lifecycle_64_assets_4096_objects,std_shared,cycle,10,342377,34237.7,17203200
60,14,async_queue_job_1024_local_copies,own_local,job,100,569793,5697.93,2406400
60,15,async_queue_job_1_local_copies,own_local,job,100,44155,441.55,2000
60,16,copy_read_drop,own_local,copy,100000,127789,1.27789,2350000
60,17,async_queue_job_1024_local_copies,std_shared,job,100,1686103,16861.03,2406400
60,18,weak_lock_expired,std_shared,lock,100000,178634,1.78634,0
60,19,group_setup_then_1_copies,own_local,group,100000,2356676,23.56676,2000000
60,20,localize_read_drop,own_local,group,100000,1074019,10.74019,2350000
60,21,weak_lock_expired,own_shared,lock,100000,135710,1.3571,0
60,22,group_setup_then_1024_copies,own_local,group,97,137955,1422.21649485,2334208
60,23,contended_copy_2_workers,std_shared,copy,200000,5457342,27.28671,4700000
60,24,copy_read_drop,own_shared,copy,100000,455374,4.55374,2350000
60,25,group_setup_then_1_copies,std_shared,group,100000,1962903,19.62903,2000000
60,26,group_setup_then_64_copies,own_local,group,1562,168309,107.752240717,2349248
60,27,frame_4096_draws_64_unique_leases,std_shared,frame,24,109602,4566.75,41287680
60,28,scene_4096_attachments,std_shared,attachment,98304,492348,5.00842285156,98304
60,29,group_setup_then_64_copies,std_shared,group,1562,1220245,781.206786172,2349248
60,30,copy_read_drop,std_shared,copy,100000,1570613,15.70613,2350000
60,31,localize_read_drop,std_shared,group,100000,1214486,12.14486,2350000
60,32,group_setup_then_8_copies,own_local,group,12500,349798,27.98384,2350000
60,33,borrow_read,raw_borrow,read,100000,116422,1.16422,2350000
60,34,scene_4096_attachments,own_local,attachment,98304,150944,1.53548177083,98304
60,35,async_queue_job_64_local_copies,std_shared,job,100,205504,2055.04,150400
60,36,share_read_drop,std_shared,handoff,100000,1188578,11.88578,2350000
61,0,group_setup_then_64_copies,own_local,group,1562,167988,107.546734955,2349248
61,1,resource_lifecycle_64_assets_4096_objects,own_local,cycle,10,256750,25675,17203200
61,2,weak_lock_live,std_shared,lock,100000,906711,9.06711,2350000
61,3,contended_copy_2_workers,std_shared,copy,200000,3457093,17.285465,4700000
61,4,weak_lock_expired,std_shared,lock,100000,175169,1.75169,0
61,5,create_read_destroy,own_local,asset,100000,2277960,22.7796,65000400000
61,6,weak_lock_live,own_shared,lock,100000,483885,4.83885,2350000
61,7,scene_4096_attachments,std_shared,attachment,98304,771782,7.85097249349,98304
61,8,async_queue_job_64_local_copies,std_shared,job,100,428855,4288.55,150400
61,9,group_setup_then_8_copies,std_shared,group,12500,1399329,111.94632,2350000
61,10,share_read_drop,own_shared,handoff,100000,456876,4.56876,2350000
61,11,async_queue_job_1024_local_copies,std_shared,job,100,1961211,19612.11,2406400
61,12,group_setup_then_64_copies,std_shared,group,1562,1167467,747.418053777,2349248
61,13,copy_read_drop,std_shared,copy,100000,1272001,12.72001,2350000
61,14,async_queue_job_64_local_copies,own_local,job,100,126878,1268.78,150400
61,15,scene_4096_attachments,own_local,attachment,98304,219455,2.23241170247,98304
61,16,frame_4096_draws_64_unique_leases,std_shared,frame,24,90504,3771,41287680
61,17,weak_lock_expired,own_shared,lock,100000,135581,1.35581,0
61,18,group_setup_then_1024_copies,own_local,group,97,137273,1415.18556701,2334208
61,19,frame_4096_draws_64_unique_leases,own_shared,frame,24,89753,3739.70833333,41287680
61,20,create_read_destroy,own_shared,asset,100000,1233144,12.33144,65000400000
61,21,group_setup_then_8_copies,own_local,group,12500,363408,29.07264,2350000
61,22,group_setup_then_1_copies,own_local,group,100000,2915973,29.15973,2000000
61,23,localize_read_drop,std_shared,group,100000,1218583,12.18583,2350000
61,24,copy_read_drop,own_shared,copy,100000,651213,6.51213,2350000
61,25,share_read_drop,std_shared,handoff,100000,1205022,12.05022,2350000
61,26,copy_read_drop,own_local,copy,100000,122802,1.22802,2350000
61,27,async_queue_job_1024_local_copies,own_local,job,100,539728,5397.28,2406400
61,28,group_setup_then_1024_copies,std_shared,group,97,1395534,14386.9484536,2334208
61,29,async_queue_job_1_local_copies,std_shared,job,100,52067,520.67,2000
61,30,create_read_destroy,std_shared,asset,100000,1099506,10.99506,65000400000
61,31,borrow_read,raw_borrow,read,100000,54861,0.54861,2350000
61,32,localize_read_drop,own_local,group,100000,1163430,11.6343,2350000
61,33,contended_copy_2_workers,own_shared,copy,200000,1688568,8.44284,4700000
61,34,group_setup_then_1_copies,std_shared,group,100000,2563231,25.63231,2000000
61,35,resource_lifecycle_64_assets_4096_objects,std_shared,cycle,10,369036,36903.6,17203200
61,36,async_queue_job_1_local_copies,own_local,job,100,70104,701.04,2000
62,0,group_setup_then_1_copies,std_shared,group,100000,2027488,20.27488,2000000
62,1,async_queue_job_64_local_copies,std_shared,job,100,196450,1964.5,150400
62,2,localize_read_drop,own_local,group,100000,1155889,11.55889,2350000
62,3,weak_lock_expired,std_shared,lock,100000,162591,1.62591,0
62,4,group_setup_then_64_copies,own_local,group,1562,199626,127.801536492,2349248
62,5,async_queue_job_1_local_copies,std_shared,job,100,37636,376.36,2000
62,6,async_queue_job_1_local_copies,own_local,job,100,57385,573.85,2000
62,7,weak_lock_expired,own_shared,lock,100000,140778,1.40778,0
62,8,frame_4096_draws_64_unique_leases,own_shared,frame,24,93077,3878.20833333,41287680
62,9,resource_lifecycle_64_assets_4096_objects,own_local,cycle,10,295277,29527.7,17203200
62,10,async_queue_job_64_local_copies,own_local,job,100,90815,908.15,150400
62,11,group_setup_then_1024_copies,std_shared,group,97,1170922,12071.3608247,2334208
62,12,scene_4096_attachments,own_local,attachment,98304,148270,1.5082804362,98304
62,13,group_setup_then_64_copies,std_shared,group,1562,1184873,758.561459667,2349248
62,14,group_setup_then_8_copies,std_shared,group,12500,1261446,100.91568,2350000
62,15,weak_lock_live,own_shared,lock,100000,571815,5.71815,2350000
62,16,create_read_destroy,own_shared,asset,100000,1245081,12.45081,65000400000
62,17,async_queue_job_1024_local_copies,std_shared,job,100,1654887,16548.87,2406400
62,18,scene_4096_attachments,std_shared,attachment,98304,557715,5.67337036133,98304
62,19,borrow_read,raw_borrow,read,100000,54480,0.5448,2350000
62,20,localize_read_drop,std_shared,group,100000,1173656,11.73656,2350000
62,21,create_read_destroy,own_local,asset,100000,2219423,22.19423,65000400000
62,22,contended_copy_2_workers,own_shared,copy,200000,4079424,20.39712,4700000
62,23,copy_read_drop,own_local,copy,100000,127698,1.27698,2350000
62,24,group_setup_then_1024_copies,own_local,group,97,139016,1433.15463918,2334208
62,25,create_read_destroy,std_shared,asset,100000,1200946,12.00946,65000400000
62,26,share_read_drop,std_shared,handoff,100000,1219664,12.19664,2350000
62,27,copy_read_drop,std_shared,copy,100000,1222508,12.22508,2350000
62,28,group_setup_then_1_copies,own_local,group,100000,2226843,22.26843,2000000
62,29,share_read_drop,own_shared,handoff,100000,441523,4.41523,2350000
62,30,contended_copy_2_workers,std_shared,copy,200000,5265548,26.32774,4700000
62,31,copy_read_drop,own_shared,copy,100000,455334,4.55334,2350000
62,32,weak_lock_live,std_shared,lock,100000,997726,9.97726,2350000
62,33,async_queue_job_1024_local_copies,own_local,job,100,551666,5516.66,2406400
62,34,resource_lifecycle_64_assets_4096_objects,std_shared,cycle,10,345210,34521,17203200
62,35,frame_4096_draws_64_unique_leases,std_shared,frame,24,91315,3804.79166667,41287680
62,36,group_setup_then_8_copies,own_local,group,12500,353292,28.26336,2350000
63,0,group_setup_then_1024_copies,own_local,group,97,201918,2081.62886598,2334208
63,1,group_setup_then_64_copies,std_shared,group,1562,1167027,747.136363636,2349248
63,2,share_read_drop,std_shared,handoff,100000,2494720,24.9472,2350000
63,3,localize_read_drop,std_shared,group,100000,1385028,13.85028,2350000
63,4,group_setup_then_1_copies,own_local,group,100000,2700374,27.00374,2000000
63,5,scene_4096_attachments,std_shared,attachment,98304,601629,6.12008666992,98304
63,6,async_queue_job_64_local_copies,std_shared,job,100,224582,2245.82,150400
63,7,async_queue_job_64_local_copies,own_local,job,100,104895,1048.95,150400
63,8,copy_read_drop,own_local,copy,100000,124985,1.24985,2350000
63,9,create_read_destroy,own_shared,asset,100000,1349606,13.49606,65000400000
63,10,create_read_destroy,own_local,asset,100000,2269316,22.69316,65000400000
63,11,copy_read_drop,own_shared,copy,100000,482814,4.82814,2350000
63,12,share_read_drop,own_shared,handoff,100000,441353,4.41353,2350000
63,13,frame_4096_draws_64_unique_leases,std_shared,frame,24,89823,3742.625,41287680
63,14,group_setup_then_1024_copies,std_shared,group,97,1144212,11796,2334208
63,15,weak_lock_live,own_shared,lock,100000,499969,4.99969,2350000
63,16,async_queue_job_1_local_copies,std_shared,job,100,50054,500.54,2000
63,17,contended_copy_2_workers,std_shared,copy,200000,5209786,26.04893,4700000
63,18,frame_4096_draws_64_unique_leases,own_shared,frame,24,100779,4199.125,41287680
63,19,async_queue_job_1024_local_copies,own_local,job,100,537776,5377.76,2406400
63,20,weak_lock_expired,std_shared,lock,100000,177262,1.77262,0
63,21,copy_read_drop,std_shared,copy,100000,1235067,12.35067,2350000
63,22,async_queue_job_1_local_copies,own_local,job,100,53579,535.79,2000
63,23,contended_copy_2_workers,own_shared,copy,200000,2758079,13.790395,4700000
63,24,resource_lifecycle_64_assets_4096_objects,own_local,cycle,10,246284,24628.4,17203200
63,25,scene_4096_attachments,own_local,attachment,98304,149081,1.51653035482,98304
63,26,group_setup_then_8_copies,own_local,group,12500,372211,29.77688,2350000
63,27,async_queue_job_1024_local_copies,std_shared,job,100,1684962,16849.62,2406400
63,28,create_read_destroy,std_shared,asset,100000,1180866,11.80866,65000400000
63,29,group_setup_then_8_copies,std_shared,group,12500,1474121,117.92968,2350000
63,30,group_setup_then_1_copies,std_shared,group,100000,1972127,19.72127,2000000
63,31,group_setup_then_64_copies,own_local,group,1562,167859,107.464148528,2349248
63,32,weak_lock_live,std_shared,lock,100000,937687,9.37687,2350000
63,33,localize_read_drop,own_local,group,100000,1054479,10.54479,2350000
63,34,resource_lifecycle_64_assets_4096_objects,std_shared,cycle,10,356948,35694.8,17203200
63,35,borrow_read,raw_borrow,read,100000,54341,0.54341,2350000
63,36,weak_lock_expired,own_shared,lock,100000,135591,1.35591,0
64,0,group_setup_then_1024_copies,std_shared,group,97,1157502,11933.0103093,2334208
64,1,resource_lifecycle_64_assets_4096_objects,std_shared,cycle,10,337048,33704.8,17203200
64,2,borrow_read,raw_borrow,read,100000,54190,0.5419,2350000
64,3,copy_read_drop,own_shared,copy,100000,662419,6.62419,2350000
64,4,group_setup_then_1_copies,std_shared,group,100000,1930606,19.30606,2000000
64,5,scene_4096_attachments,std_shared,attachment,98304,557836,5.67460123698,98304
64,6,share_read_drop,own_shared,handoff,100000,673907,6.73907,2350000
64,7,copy_read_drop,own_local,copy,100000,121430,1.2143,2350000
64,8,group_setup_then_64_copies,own_local,group,1562,181118,115.95262484,2349248
64,9,group_setup_then_8_copies,own_local,group,12500,366151,29.29208,2350000
64,10,weak_lock_expired,std_shared,lock,100000,235838,2.35838,0
64,11,localize_read_drop,own_local,group,100000,1098815,10.98815,2350000
64,12,share_read_drop,std_shared,handoff,100000,1177942,11.77942,2350000
64,13,group_setup_then_1_copies,own_local,group,100000,3071764,30.71764,2000000
64,14,async_queue_job_1024_local_copies,std_shared,job,100,1782557,17825.57,2406400
64,15,async_queue_job_64_local_copies,own_local,job,100,87580,875.8,150400
64,16,async_queue_job_64_local_copies,std_shared,job,100,183651,1836.51,150400
64,17,contended_copy_2_workers,own_shared,copy,200000,2377686,11.88843,4700000
64,18,async_queue_job_1_local_copies,own_local,job,100,37265,372.65,2000
64,19,resource_lifecycle_64_assets_4096_objects,own_local,cycle,10,240866,24086.6,17203200
64,20,frame_4096_draws_64_unique_leases,std_shared,frame,24,91174,3798.91666667,41287680
64,21,localize_read_drop,std_shared,group,100000,1183951,11.83951,2350000
64,22,scene_4096_attachments,own_local,attachment,98304,165235,1.68085734049,98304
64,23,create_read_destroy,std_shared,asset,100000,1979598,19.79598,65000400000
64,24,group_setup_then_1024_copies,own_local,group,97,140588,1449.36082474,2334208
64,25,create_read_destroy,own_local,asset,100000,4708745,47.08745,65000400000
64,26,weak_lock_live,std_shared,lock,100000,977125,9.77125,2350000
64,27,frame_4096_draws_64_unique_leases,own_shared,frame,24,111665,4652.70833333,41287680
64,28,async_queue_job_1_local_copies,std_shared,job,100,96903,969.03,2000
64,29,contended_copy_2_workers,std_shared,copy,200000,4492575,22.462875,4700000
64,30,create_read_destroy,own_shared,asset,100000,1211943,12.11943,65000400000
64,31,async_queue_job_1024_local_copies,own_local,job,100,338100,3381,2406400
64,32,weak_lock_live,own_shared,lock,100000,450306,4.50306,2350000
64,33,copy_read_drop,std_shared,copy,100000,1188098,11.88098,2350000
64,34,weak_lock_expired,own_shared,lock,100000,135751,1.35751,0
64,35,group_setup_then_8_copies,std_shared,group,12500,1251231,100.09848,2350000
64,36,group_setup_then_64_copies,std_shared,group,1562,1160717,743.096670935,2349248
65,0,weak_lock_live,std_shared,lock,100000,986579,9.86579,2350000
65,1,group_setup_then_64_copies,own_local,group,1562,167278,107.092189501,2349248
65,2,async_queue_job_64_local_copies,own_local,job,100,76904,769.04,150400
65,3,group_setup_then_64_copies,std_shared,group,1562,1168238,747.911651729,2349248
65,4,copy_read_drop,std_shared,copy,100000,1162078,11.62078,2350000
65,5,group_setup_then_8_copies,std_shared,group,12500,1267284,101.38272,2350000
65,6,scene_4096_attachments,std_shared,attachment,98304,496355,5.04918416341,98304
65,7,weak_lock_expired,std_shared,lock,100000,162500,1.625,0
65,8,weak_lock_live,own_shared,lock,100000,524896,5.24896,2350000
65,9,localize_read_drop,std_shared,group,100000,1171032,11.71032,2350000
65,10,copy_read_drop,own_shared,copy,100000,469003,4.69003,2350000
65,11,async_queue_job_1024_local_copies,own_local,job,100,401003,4010.03,2406400
65,12,create_read_destroy,own_local,asset,100000,2132604,21.32604,65000400000
65,13,contended_copy_2_workers,std_shared,copy,200000,4691429,23.457145,4700000
65,14,borrow_read,raw_borrow,read,100000,54350,0.5435,2350000
65,15,group_setup_then_1024_copies,own_local,group,97,138986,1432.84536082,2334208
65,16,contended_copy_2_workers,own_shared,copy,200000,3260091,16.300455,4700000
65,17,group_setup_then_1_copies,own_local,group,100000,2188347,21.88347,2000000
65,18,copy_read_drop,own_local,copy,100000,149481,1.49481,2350000
65,19,frame_4096_draws_64_unique_leases,own_shared,frame,24,93128,3880.33333333,41287680
65,20,group_setup_then_1024_copies,std_shared,group,97,1207737,12450.8969072,2334208
65,21,group_setup_then_1_copies,std_shared,group,100000,1883717,18.83717,2000000
65,22,scene_4096_attachments,own_local,attachment,98304,149782,1.52366129557,98304
65,23,share_read_drop,own_shared,handoff,100000,607178,6.07178,2350000
65,24,localize_read_drop,own_local,group,100000,1063213,10.63213,2350000
65,25,async_queue_job_1024_local_copies,std_shared,job,100,1664091,16640.91,2406400
65,26,share_read_drop,std_shared,handoff,100000,1169500,11.695,2350000
65,27,weak_lock_expired,own_shared,lock,100000,216150,2.1615,0
65,28,create_read_destroy,own_shared,asset,100000,1258331,12.58331,65000400000
65,29,async_queue_job_1_local_copies,own_local,job,100,90554,905.54,2000
65,30,resource_lifecycle_64_assets_4096_objects,std_shared,cycle,10,345131,34513.1,17203200
65,31,frame_4096_draws_64_unique_leases,std_shared,frame,24,103533,4313.875,41287680
65,32,resource_lifecycle_64_assets_4096_objects,own_local,cycle,10,492018,49201.8,17203200
65,33,create_read_destroy,std_shared,asset,100000,1225232,12.25232,65000400000
65,34,async_queue_job_64_local_copies,std_shared,job,100,211323,2113.23,150400
65,35,async_queue_job_1_local_copies,std_shared,job,100,34080,340.8,2000
65,36,group_setup_then_8_copies,own_local,group,12500,400793,32.06344,2350000
66,0,contended_copy_2_workers,std_shared,copy,200000,4516489,22.582445,4700000
66,1,group_setup_then_1_copies,own_local,group,100000,2255116,22.55116,2000000
66,2,group_setup_then_8_copies,std_shared,group,12500,1308586,104.68688,2350000
66,3,contended_copy_2_workers,own_shared,copy,200000,2438647,12.193235,4700000
66,4,frame_4096_draws_64_unique_leases,own_shared,frame,24,92557,3856.54166667,41287680
66,5,copy_read_drop,std_shared,copy,100000,1211171,12.11171,2350000
66,6,weak_lock_expired,std_shared,lock,100000,162610,1.6261,0
66,7,async_queue_job_64_local_copies,std_shared,job,100,229749,2297.49,150400
66,8,async_queue_job_64_local_copies,own_local,job,100,75712,757.12,150400
66,9,copy_read_drop,own_shared,copy,100000,486019,4.86019,2350000
66,10,frame_4096_draws_64_unique_leases,std_shared,frame,24,91225,3801.04166667,41287680
66,11,share_read_drop,std_shared,handoff,100000,1314795,13.14795,2350000
66,12,weak_lock_expired,own_shared,lock,100000,135491,1.35491,0
66,13,group_setup_then_1024_copies,own_local,group,97,136883,1411.16494845,2334208
66,14,copy_read_drop,own_local,copy,100000,181419,1.81419,2350000
66,15,group_setup_then_64_copies,std_shared,group,1562,1189489,761.516645327,2349248
66,16,create_read_destroy,own_shared,asset,100000,1216489,12.16489,65000400000
66,17,weak_lock_live,std_shared,lock,100000,908243,9.08243,2350000
66,18,group_setup_then_64_copies,own_local,group,1562,167538,107.258642766,2349248
66,19,async_queue_job_1_local_copies,std_shared,job,100,52648,526.48,2000
66,20,create_read_destroy,std_shared,asset,100000,1097994,10.97994,65000400000
66,21,localize_read_drop,std_shared,group,100000,1182398,11.82398,2350000
66,22,scene_4096_attachments,std_shared,attachment,98304,508001,5.16765340169,98304
66,23,resource_lifecycle_64_assets_4096_objects,own_local,cycle,10,236940,23694,17203200
66,24,group_setup_then_1_copies,std_shared,group,100000,1926599,19.26599,2000000
66,25,async_queue_job_1_local_copies,own_local,job,100,113858,1138.58,2000
66,26,group_setup_then_8_copies,own_local,group,12500,443656,35.49248,2350000
66,27,scene_4096_attachments,own_local,attachment,98304,149501,1.52080281576,98304
66,28,resource_lifecycle_64_assets_4096_objects,std_shared,cycle,10,338691,33869.1,17203200
66,29,localize_read_drop,own_local,group,100000,1118575,11.18575,2350000
66,30,borrow_read,raw_borrow,read,100000,54331,0.54331,2350000
66,31,group_setup_then_1024_copies,std_shared,group,97,1147928,11834.3092784,2334208
66,32,async_queue_job_1024_local_copies,std_shared,job,100,1713735,17137.35,2406400
66,33,share_read_drop,own_shared,handoff,100000,454181,4.54181,2350000
66,34,weak_lock_live,own_shared,lock,100000,450476,4.50476,2350000
66,35,create_read_destroy,own_local,asset,100000,2200074,22.00074,65000400000
66,36,async_queue_job_1024_local_copies,own_local,job,100,341995,3419.95,2406400
67,0,borrow_read,raw_borrow,read,100000,54230,0.5423,2350000
67,1,group_setup_then_64_copies,std_shared,group,1562,1174928,752.194622279,2349248
67,2,async_queue_job_64_local_copies,own_local,job,100,71946,719.46,150400
67,3,resource_lifecycle_64_assets_4096_objects,std_shared,cycle,10,457908,45790.8,17203200
67,4,frame_4096_draws_64_unique_leases,std_shared,frame,24,186766,7781.91666667,41287680
67,5,scene_4096_attachments,own_local,attachment,98304,200346,2.03802490234,98304
67,6,async_queue_job_1_local_copies,std_shared,job,100,65256,652.56,2000
67,7,contended_copy_2_workers,own_shared,copy,200000,1988130,9.94065,4700000
67,8,group_setup_then_1024_copies,std_shared,group,97,1151934,11875.6082474,2334208
67,9,async_queue_job_1_local_copies,own_local,job,100,46198,461.98,2000
67,10,group_setup_then_1_copies,std_shared,group,100000,1868424,18.68424,2000000
67,11,async_queue_job_1024_local_copies,std_shared,job,100,1885088,18850.88,2406400
67,12,share_read_drop,own_shared,handoff,100000,441854,4.41854,2350000
67,13,weak_lock_expired,std_shared,lock,100000,162661,1.62661,0
67,14,group_setup_then_8_copies,std_shared,group,12500,1255437,100.43496,2350000
67,15,group_setup_then_8_copies,own_local,group,12500,349496,27.95968,2350000
67,16,async_queue_job_64_local_copies,std_shared,job,100,187027,1870.27,150400
67,17,localize_read_drop,std_shared,group,100000,1186434,11.86434,2350000
67,18,create_read_destroy,own_shared,asset,100000,1258081,12.58081,65000400000
67,19,weak_lock_live,std_shared,lock,100000,911809,9.11809,2350000
67,20,group_setup_then_1024_copies,own_local,group,97,135731,1399.28865979,2334208
67,21,localize_read_drop,own_local,group,100000,1434912,14.34912,2350000
67,22,create_read_destroy,std_shared,asset,100000,1110342,11.10342,65000400000
67,23,copy_read_drop,own_shared,copy,100000,685864,6.85864,2350000
67,24,contended_copy_2_workers,std_shared,copy,200000,5087414,25.43707,4700000
67,25,copy_read_drop,std_shared,copy,100000,1239313,12.39313,2350000
67,26,group_setup_then_1_copies,own_local,group,100000,2553907,25.53907,2000000
67,27,resource_lifecycle_64_assets_4096_objects,own_local,cycle,10,240636,24063.6,17203200
67,28,create_read_destroy,own_local,asset,100000,2352629,23.52629,65000400000
67,29,scene_4096_attachments,std_shared,attachment,98304,507331,5.16083780924,98304
67,30,group_setup_then_64_copies,own_local,group,1562,167648,107.329065301,2349248
67,31,share_read_drop,std_shared,handoff,100000,1402945,14.02945,2350000
67,32,copy_read_drop,own_local,copy,100000,143482,1.43482,2350000
67,33,async_queue_job_1024_local_copies,own_local,job,100,340273,3402.73,2406400
67,34,frame_4096_draws_64_unique_leases,own_shared,frame,24,92006,3833.58333333,41287680
67,35,weak_lock_expired,own_shared,lock,100000,135490,1.3549,0
67,36,weak_lock_live,own_shared,lock,100000,684602,6.84602,2350000
68,0,localize_read_drop,std_shared,group,100000,1172774,11.72774,2350000
68,1,group_setup_then_1024_copies,std_shared,group,97,1147146,11826.2474227,2334208
68,2,weak_lock_expired,own_shared,lock,100000,192004,1.92004,0
68,3,copy_read_drop,std_shared,copy,100000,1205883,12.05883,2350000
68,4,group_setup_then_8_copies,std_shared,group,12500,1350668,108.05344,2350000
68,5,scene_4096_attachments,std_shared,attachment,98304,511396,5.2021891276,98304
68,6,resource_lifecycle_64_assets_4096_objects,std_shared,cycle,10,350599,35059.9,17203200
68,7,async_queue_job_1024_local_copies,own_local,job,100,310008,3100.08,2406400
68,8,async_queue_job_64_local_copies,own_local,job,100,208649,2086.49,150400
68,9,create_read_destroy,std_shared,asset,100000,1325180,13.2518,65000400000
68,10,share_read_drop,std_shared,handoff,100000,1451296,14.51296,2350000
68,11,group_setup_then_1024_copies,own_local,group,97,558486,5757.58762887,2334208
68,12,async_queue_job_64_local_copies,std_shared,job,100,169270,1692.7,150400
68,13,borrow_read,raw_borrow,read,100000,54360,0.5436,2350000
68,14,weak_lock_expired,std_shared,lock,100000,162520,1.6252,0
68,15,group_setup_then_8_copies,own_local,group,12500,351280,28.1024,2350000
68,16,group_setup_then_64_copies,std_shared,group,1562,1429885,915.419334187,2349248
68,17,localize_read_drop,own_local,group,100000,1114428,11.14428,2350000
68,18,async_queue_job_1024_local_copies,std_shared,job,100,1768997,17689.97,2406400
68,19,frame_4096_draws_64_unique_leases,std_shared,frame,24,168479,7019.95833333,41287680
68,20,async_queue_job_1_local_copies,std_shared,job,100,35002,350.02,2000
68,21,create_read_destroy,own_shared,asset,100000,1399950,13.9995,65000400000
68,22,create_read_destroy,own_local,asset,100000,2290629,22.90629,65000400000
68,23,weak_lock_live,std_shared,lock,100000,926190,9.2619,2350000
68,24,copy_read_drop,own_local,copy,100000,121279,1.21279,2350000
68,25,contended_copy_2_workers,std_shared,copy,200000,5124299,25.621495,4700000
68,26,group_setup_then_1_copies,std_shared,group,100000,2051895,20.51895,2000000
68,27,copy_read_drop,own_shared,copy,100000,455194,4.55194,2350000
68,28,async_queue_job_1_local_copies,own_local,job,100,54370,543.7,2000
68,29,resource_lifecycle_64_assets_4096_objects,own_local,cycle,10,278131,27813.1,17203200
68,30,scene_4096_attachments,own_local,attachment,98304,152025,1.54647827148,98304
68,31,group_setup_then_64_copies,own_local,group,1562,167668,107.341869398,2349248
68,32,share_read_drop,own_shared,handoff,100000,589632,5.89632,2350000
68,33,contended_copy_2_workers,own_shared,copy,200000,2118483,10.592415,4700000
68,34,group_setup_then_1_copies,own_local,group,100000,2486437,24.86437,2000000
68,35,weak_lock_live,own_shared,lock,100000,489884,4.89884,2350000
68,36,frame_4096_draws_64_unique_leases,own_shared,frame,24,90714,3779.75,41287680
69,0,create_read_destroy,own_local,asset,100000,2681296,26.81296,65000400000
69,1,weak_lock_live,std_shared,lock,100000,992308,9.92308,2350000
69,2,share_read_drop,std_shared,handoff,100000,1359200,13.592,2350000
69,3,group_setup_then_1024_copies,own_local,group,97,136852,1410.84536082,2334208
69,4,contended_copy_2_workers,own_shared,copy,200000,2247854,11.23927,4700000
69,5,frame_4096_draws_64_unique_leases,std_shared,frame,24,93809,3908.70833333,41287680
69,6,group_setup_then_64_copies,std_shared,group,1562,1196039,765.709987196,2349248
69,7,group_setup_then_64_copies,own_local,group,1562,167487,107.225992318,2349248
69,8,weak_lock_expired,std_shared,lock,100000,162550,1.6255,0
69,9,borrow_read,raw_borrow,read,100000,54361,0.54361,2350000
69,10,group_setup_then_8_copies,std_shared,group,12500,1293693,103.49544,2350000
69,11,weak_lock_expired,own_shared,lock,100000,135751,1.35751,0
69,12,copy_read_drop,own_local,copy,100000,157924,1.57924,2350000
69,13,async_queue_job_64_local_copies,own_local,job,100,81480,814.8,150400
69,14,group_setup_then_1024_copies,std_shared,group,97,1421803,14657.7628866,2334208
69,15,localize_read_drop,own_local,group,100000,1127708,11.27708,2350000
69,16,contended_copy_2_workers,std_shared,copy,200000,4006135,20.030675,4700000
69,17,create_read_destroy,own_shared,asset,100000,1326402,13.26402,65000400000
69,18,weak_lock_live,own_shared,lock,100000,450807,4.50807,2350000
69,19,async_queue_job_1024_local_copies,own_local,job,100,562993,5629.93,2406400
69,20,frame_4096_draws_64_unique_leases,own_shared,frame,24,96272,4011.33333333,41287680
69,21,async_queue_job_1_local_copies,std_shared,job,100,63393,633.93,2000
69,22,create_read_destroy,std_shared,asset,100000,1309126,13.09126,65000400000
69,23,scene_4096_attachments,std_shared,attachment,98304,522873,5.31893920898,98304
69,24,group_setup_then_1_copies,own_local,group,100000,2881001,28.81001,2000000
69,25,scene_4096_attachments,own_local,attachment,98304,148119,1.50674438477,98304
69,26,group_setup_then_8_copies,own_local,group,12500,352120,28.1696,2350000
69,27,group_setup_then_1_copies,std_shared,group,100000,1935974,19.35974,2000000
69,28,resource_lifecycle_64_assets_4096_objects,own_local,cycle,10,240526,24052.6,17203200
69,29,copy_read_drop,own_shared,copy,100000,469805,4.69805,2350000
69,30,localize_read_drop,std_shared,group,100000,1585064,15.85064,2350000
69,31,share_read_drop,own_shared,handoff,100000,464517,4.64517,2350000
69,32,copy_read_drop,std_shared,copy,100000,1413020,14.1302,2350000
69,33,async_queue_job_1024_local_copies,std_shared,job,100,1741496,17414.96,2406400
69,34,resource_lifecycle_64_assets_4096_objects,std_shared,cycle,10,341826,34182.6,17203200
69,35,async_queue_job_64_local_copies,std_shared,job,100,204142,2041.42,150400
69,36,async_queue_job_1_local_copies,own_local,job,100,75752,757.52,2000
70,0,group_setup_then_64_copies,own_local,group,1562,165555,105.989116517,2349248
70,1,create_read_destroy,own_local,asset,100000,2446278,24.46278,65000400000
70,2,group_setup_then_1024_copies,std_shared,group,97,1242898,12813.3814433,2334208
70,3,localize_read_drop,own_local,group,100000,1235867,12.35867,2350000
70,4,localize_read_drop,std_shared,group,100000,1167637,11.67637,2350000
70,5,group_setup_then_1024_copies,own_local,group,97,137334,1415.81443299,2334208
70,6,scene_4096_attachments,std_shared,attachment,98304,597544,6.07853190104,98304
70,7,group_setup_then_64_copies,std_shared,group,1562,1167797,747.629321383,2349248
70,8,contended_copy_2_workers,std_shared,copy,200000,3990192,19.95096,4700000
70,9,async_queue_job_64_local_copies,own_local,job,100,101711,1017.11,150400
70,10,copy_read_drop,std_shared,copy,100000,1174968,11.74968,2350000
70,11,async_queue_job_1024_local_copies,std_shared,job,100,1731912,17319.12,2406400
70,12,resource_lifecycle_64_assets_4096_objects,own_local,cycle,10,237061,23706.1,17203200
70,13,async_queue_job_1_local_copies,std_shared,job,100,48842,488.42,2000
70,14,scene_4096_attachments,own_local,attachment,98304,149792,1.52376302083,98304
70,15,async_queue_job_1024_local_copies,own_local,job,100,539628,5396.28,2406400
70,16,group_setup_then_1_copies,std_shared,group,100000,1870908,18.70908,2000000
70,17,copy_read_drop,own_local,copy,100000,121520,1.2152,2350000
70,18,contended_copy_2_workers,own_shared,copy,200000,2362344,11.81172,4700000
70,19,group_setup_then_8_copies,std_shared,group,12500,1249678,99.97424,2350000
70,20,group_setup_then_1_copies,own_local,group,100000,4165290,41.6529,2000000
70,21,weak_lock_live,own_shared,lock,100000,482524,4.82524,2350000
70,22,weak_lock_expired,std_shared,lock,100000,224152,2.24152,0
70,23,frame_4096_draws_64_unique_leases,std_shared,frame,24,92938,3872.41666667,41287680
70,24,create_read_destroy,own_shared,asset,100000,1528350,15.2835,65000400000
70,25,copy_read_drop,own_shared,copy,100000,510154,5.10154,2350000
70,26,resource_lifecycle_64_assets_4096_objects,std_shared,cycle,10,368175,36817.5,17203200
70,27,frame_4096_draws_64_unique_leases,own_shared,frame,24,92477,3853.20833333,41287680
70,28,borrow_read,raw_borrow,read,100000,54490,0.5449,2350000
70,29,share_read_drop,own_shared,handoff,100000,441403,4.41403,2350000
70,30,async_queue_job_1_local_copies,own_local,job,100,75863,758.63,2000
70,31,weak_lock_expired,own_shared,lock,100000,171895,1.71895,0
70,32,group_setup_then_8_copies,own_local,group,12500,537896,43.03168,2350000
70,33,weak_lock_live,std_shared,lock,100000,1012508,10.12508,2350000
70,34,async_queue_job_64_local_copies,std_shared,job,100,160968,1609.68,150400
70,35,create_read_destroy,std_shared,asset,100000,1252442,12.52442,65000400000
70,36,share_read_drop,std_shared,handoff,100000,1224662,12.24662,2350000
71,0,group_setup_then_8_copies,std_shared,group,12500,1265231,101.21848,2350000
71,1,scene_4096_attachments,std_shared,attachment,98304,598475,6.08800252279,98304
71,2,localize_read_drop,std_shared,group,100000,1221677,12.21677,2350000
71,3,create_read_destroy,own_shared,asset,100000,1503534,15.03534,65000400000
71,4,weak_lock_live,std_shared,lock,100000,934502,9.34502,2350000
71,5,copy_read_drop,std_shared,copy,100000,1176390,11.7639,2350000
71,6,group_setup_then_1024_copies,own_local,group,97,188488,1943.17525773,2334208
71,7,group_setup_then_1024_copies,std_shared,group,97,1157041,11928.257732,2334208
71,8,frame_4096_draws_64_unique_leases,own_shared,frame,24,92117,3838.20833333,41287680
71,9,async_queue_job_64_local_copies,own_local,job,100,121389,1213.89,150400
71,10,scene_4096_attachments,own_local,attachment,98304,150031,1.52619425456,98304
71,11,async_queue_job_1_local_copies,std_shared,job,100,76914,769.14,2000
71,12,async_queue_job_1024_local_copies,std_shared,job,100,1649800,16498,2406400
71,13,group_setup_then_1_copies,std_shared,group,100000,2110912,21.10912,2000000
71,14,weak_lock_live,own_shared,lock,100000,534761,5.34761,2350000
71,15,group_setup_then_64_copies,std_shared,group,1562,1164853,745.744558259,2349248
71,16,async_queue_job_1_local_copies,own_local,job,100,70134,701.34,2000
71,17,share_read_drop,std_shared,handoff,100000,1195979,11.95979,2350000
71,18,resource_lifecycle_64_assets_4096_objects,own_local,cycle,10,241717,24171.7,17203200
71,19,borrow_read,raw_borrow,read,100000,54330,0.5433,2350000
71,20,create_read_destroy,own_local,asset,100000,2224760,22.2476,65000400000
71,21,share_read_drop,own_shared,handoff,100000,442985,4.42985,2350000
71,22,copy_read_drop,own_shared,copy,100000,468383,4.68383,2350000
71,23,frame_4096_draws_64_unique_leases,std_shared,frame,24,91645,3818.54166667,41287680
71,24,create_read_destroy,std_shared,asset,100000,1097232,10.97232,65000400000
71,25,weak_lock_expired,own_shared,lock,100000,135881,1.35881,0
71,26,weak_lock_expired,std_shared,lock,100000,162510,1.6251,0
71,27,async_queue_job_1024_local_copies,own_local,job,100,557805,5578.05,2406400
71,28,copy_read_drop,own_local,copy,100000,196161,1.96161,2350000
71,29,group_setup_then_1_copies,own_local,group,100000,2251700,22.517,2000000
71,30,contended_copy_2_workers,own_shared,copy,200000,1830438,9.15219,4700000
71,31,group_setup_then_64_copies,own_local,group,1562,174608,111.784891165,2349248
71,32,localize_read_drop,own_local,group,100000,1089902,10.89902,2350000
71,33,async_queue_job_64_local_copies,std_shared,job,100,179535,1795.35,150400
71,34,contended_copy_2_workers,std_shared,copy,200000,4639863,23.199315,4700000
71,35,group_setup_then_8_copies,own_local,group,12500,601630,48.1304,2350000
71,36,resource_lifecycle_64_assets_4096_objects,std_shared,cycle,10,342156,34215.6,17203200
72,0,borrow_read,raw_borrow,read,100000,54320,0.5432,2350000
72,1,group_setup_then_64_copies,own_local,group,1562,224492,143.720870679,2349248
72,2,async_queue_job_64_local_copies,std_shared,job,100,204873,2048.73,150400
72,3,create_read_destroy,std_shared,asset,100000,1214787,12.14787,65000400000
72,4,share_read_drop,std_shared,handoff,100000,1354733,13.54733,2350000
72,5,resource_lifecycle_64_assets_4096_objects,own_local,cycle,10,234227,23422.7,17203200
72,6,group_setup_then_1024_copies,std_shared,group,97,1382795,14255.6185567,2334208
72,7,weak_lock_expired,own_shared,lock,100000,135780,1.3578,0
72,8,async_queue_job_1_local_copies,own_local,job,100,69343,693.43,2000
72,9,scene_4096_attachments,std_shared,attachment,98304,497286,5.05865478516,98304
72,10,copy_read_drop,own_shared,copy,100000,488613,4.88613,2350000
72,11,async_queue_job_64_local_copies,own_local,job,100,100429,1004.29,150400
72,12,localize_read_drop,own_local,group,100000,1150472,11.50472,2350000
72,13,localize_read_drop,std_shared,group,100000,1597693,15.97693,2350000
72,14,copy_read_drop,own_local,copy,100000,122261,1.22261,2350000
72,15,group_setup_then_8_copies,own_local,group,12500,427973,34.23784,2350000
72,16,async_queue_job_1_local_copies,std_shared,job,100,59168,591.68,2000
72,17,contended_copy_2_workers,own_shared,copy,200000,3076911,15.384555,4700000
72,18,weak_lock_expired,std_shared,lock,100000,227977,2.27977,0
72,19,scene_4096_attachments,own_local,attachment,98304,149992,1.52579752604,98304
72,20,copy_read_drop,std_shared,copy,100000,1165484,11.65484,2350000
72,21,group_setup_then_8_copies,std_shared,group,12500,1244230,99.5384,2350000
72,22,group_setup_then_1_copies,std_shared,group,100000,2171051,21.71051,2000000
72,23,weak_lock_live,own_shared,lock,100000,470105,4.70105,2350000
72,24,weak_lock_live,std_shared,lock,100000,966059,9.66059,2350000
72,25,contended_copy_2_workers,std_shared,copy,200000,4249575,21.247875,4700000
72,26,group_setup_then_64_copies,std_shared,group,1562,1166646,746.892445583,2349248
72,27,group_setup_then_1_copies,own_local,group,100000,2264129,22.64129,2000000
72,28,create_read_destroy,own_local,asset,100000,2112365,21.12365,65000400000
72,29,async_queue_job_1024_local_copies,std_shared,job,100,1758892,17588.92,2406400
72,30,share_read_drop,own_shared,handoff,100000,453401,4.53401,2350000
72,31,create_read_destroy,own_shared,asset,100000,1219224,12.19224,65000400000
72,32,frame_4096_draws_64_unique_leases,std_shared,frame,24,94049,3918.70833333,41287680
72,33,frame_4096_draws_64_unique_leases,own_shared,frame,24,91906,3829.41666667,41287680
72,34,async_queue_job_1024_local_copies,own_local,job,100,555671,5556.71,2406400
72,35,group_setup_then_1024_copies,own_local,group,97,139386,1436.96907216,2334208
72,36,resource_lifecycle_64_assets_4096_objects,std_shared,cycle,10,341855,34185.5,17203200
73,0,group_setup_then_1024_copies,own_local,group,97,136262,1404.7628866,2334208
73,1,resource_lifecycle_64_assets_4096_objects,own_local,cycle,10,258242,25824.2,17203200
73,2,create_read_destroy,own_local,asset,100000,2191962,21.91962,65000400000
73,3,async_queue_job_1024_local_copies,std_shared,job,100,1642249,16422.49,2406400
73,4,async_queue_job_64_local_copies,own_local,job,100,107720,1077.2,150400
73,5,async_queue_job_1_local_copies,own_local,job,100,39388,393.88,2000
73,6,share_read_drop,own_shared,handoff,100000,450096,4.50096,2350000
73,7,weak_lock_expired,std_shared,lock,100000,162680,1.6268,0
73,8,contended_copy_2_workers,own_shared,copy,200000,3228355,16.141775,4700000
73,9,copy_read_drop,own_shared,copy,100000,518517,5.18517,2350000
73,10,frame_4096_draws_64_unique_leases,std_shared,frame,24,91666,3819.41666667,41287680
73,11,share_read_drop,std_shared,handoff,100000,1171573,11.71573,2350000
73,12,group_setup_then_64_copies,own_local,group,1562,180497,115.555057618,2349248
73,13,scene_4096_attachments,own_local,attachment,98304,149290,1.51865641276,98304
73,14,resource_lifecycle_64_assets_4096_objects,std_shared,cycle,10,342817,34281.7,17203200
73,15,group_setup_then_1_copies,own_local,group,100000,2067998,20.67998,2000000
73,16,async_queue_job_64_local_copies,std_shared,job,100,233846,2338.46,150400
73,17,async_queue_job_1024_local_copies,own_local,job,100,537836,5378.36,2406400
73,18,copy_read_drop,std_shared,copy,100000,1173736,11.73736,2350000
73,19,group_setup_then_1_copies,std_shared,group,100000,1917196,19.17196,2000000
73,20,create_read_destroy,std_shared,asset,100000,1123241,11.23241,65000400000
73,21,copy_read_drop,own_local,copy,100000,124504,1.24504,2350000
73,22,scene_4096_attachments,std_shared,attachment,98304,581560,5.91593424479,98304
73,23,borrow_read,raw_borrow,read,100000,54430,0.5443,2350000
73,24,weak_lock_live,own_shared,lock,100000,450086,4.50086,2350000
73,25,group_setup_then_8_copies,std_shared,group,12500,1269708,101.57664,2350000
73,26,localize_read_drop,own_local,group,100000,1178613,11.78613,2350000
73,27,group_setup_then_8_copies,own_local,group,12500,353032,28.24256,2350000
73,28,group_setup_then_64_copies,std_shared,group,1562,1210921,775.237516005,2349248
73,29,group_setup_then_1024_copies,std_shared,group,97,1212964,12504.7835052,2334208
73,30,weak_lock_live,std_shared,lock,100000,915895,9.15895,2350000
73,31,weak_lock_expired,own_shared,lock,100000,154598,1.54598,0
73,32,async_queue_job_1_local_copies,std_shared,job,100,61791,617.91,2000
73,33,contended_copy_2_workers,std_shared,copy,200000,5367177,26.835885,4700000
73,34,localize_read_drop,std_shared,group,100000,1492388,14.92388,2350000
73,35,frame_4096_draws_64_unique_leases,own_shared,frame,24,92577,3857.375,41287680
73,36,create_read_destroy,own_shared,asset,100000,1212203,12.12203,65000400000
74,0,contended_copy_2_workers,std_shared,copy,200000,2998475,14.992375,4700000
74,1,scene_4096_attachments,std_shared,attachment,98304,568881,5.78695678711,98304
74,2,copy_read_drop,std_shared,copy,100000,1286613,12.86613,2350000
74,3,borrow_read,raw_borrow,read,100000,54250,0.5425,2350000
74,4,async_queue_job_64_local_copies,std_shared,job,100,163983,1639.83,150400
74,5,group_setup_then_8_copies,own_local,group,12500,347524,27.80192,2350000
74,6,scene_4096_attachments,own_local,attachment,98304,147888,1.50439453125,98304
74,7,create_read_destroy,own_shared,asset,100000,1398418,13.98418,65000400000
74,8,weak_lock_expired,own_shared,lock,100000,135490,1.3549,0
74,9,group_setup_then_1_copies,std_shared,group,100000,1866120,18.6612,2000000
74,10,copy_read_drop,own_shared,copy,100000,455143,4.55143,2350000
74,11,create_read_destroy,own_local,asset,100000,2133846,21.33846,65000400000
74,12,async_queue_job_1024_local_copies,own_local,job,100,545697,5456.97,2406400
74,13,weak_lock_live,own_shared,lock,100000,503204,5.03204,2350000
74,14,weak_lock_live,std_shared,lock,100000,919831,9.19831,2350000
74,15,localize_read_drop,own_local,group,100000,1118915,11.18915,2350000
74,16,async_queue_job_1024_local_copies,std_shared,job,100,1719473,17194.73,2406400
74,17,resource_lifecycle_64_assets_4096_objects,own_local,cycle,10,252354,25235.4,17203200
74,18,resource_lifecycle_64_assets_4096_objects,std_shared,cycle,10,335797,33579.7,17203200
74,19,async_queue_job_64_local_copies,own_local,job,100,100569,1005.69,150400
74,20,async_queue_job_1_local_copies,std_shared,job,100,39068,390.68,2000
74,21,group_setup_then_64_copies,own_local,group,1562,167788,107.418693982,2349248
74,22,group_setup_then_64_copies,std_shared,group,1562,1224331,783.822663252,2349248
74,23,frame_4096_draws_64_unique_leases,own_shared,frame,24,91165,3798.54166667,41287680
74,24,async_queue_job_1_local_copies,own_local,job,100,115831,1158.31,2000
74,25,create_read_destroy,std_shared,asset,100000,1126446,11.26446,65000400000
74,26,contended_copy_2_workers,own_shared,copy,200000,2158242,10.79121,4700000
74,27,group_setup_then_8_copies,std_shared,group,12500,1244390,99.5512,2350000
74,28,group_setup_then_1_copies,own_local,group,100000,2634186,26.34186,2000000
74,29,share_read_drop,std_shared,handoff,100000,1181638,11.81638,2350000
74,30,localize_read_drop,std_shared,group,100000,1164543,11.64543,2350000
74,31,group_setup_then_1024_copies,std_shared,group,97,1796797,18523.6804124,2334208
74,32,copy_read_drop,own_local,copy,100000,121690,1.2169,2350000
74,33,group_setup_then_1024_copies,own_local,group,97,138024,1422.92783505,2334208
74,34,weak_lock_expired,std_shared,lock,100000,162640,1.6264,0
74,35,share_read_drop,own_shared,handoff,100000,532498,5.32498,2350000
74,36,frame_4096_draws_64_unique_leases,std_shared,frame,24,93008,3875.33333333,41287680
75,0,borrow_read,raw_borrow,read,100000,54240,0.5424,2350000
75,1,async_queue_job_1_local_copies,std_shared,job,100,62753,627.53,2000
75,2,weak_lock_live,own_shared,lock,100000,530505,5.30505,2350000
75,3,weak_lock_live,std_shared,lock,100000,1140747,11.40747,2350000
75,4,group_setup_then_1024_copies,own_local,group,97,138335,1426.13402062,2334208
75,5,scene_4096_attachments,std_shared,attachment,98304,652264,6.63517252604,98304
75,6,group_setup_then_8_copies,own_local,group,12500,347214,27.77712,2350000
75,7,async_queue_job_1_local_copies,own_local,job,100,71686,716.86,2000
75,8,weak_lock_expired,std_shared,lock,100000,167058,1.67058,0
75,9,group_setup_then_8_copies,std_shared,group,12500,1353011,108.24088,2350000
75,10,contended_copy_2_workers,own_shared,copy,200000,2951425,14.757125,4700000
75,11,frame_4096_draws_64_unique_leases,std_shared,frame,24,100949,4206.20833333,41287680
75,12,group_setup_then_64_copies,std_shared,group,1562,1261436,807.577464789,2349248
75,13,copy_read_drop,std_shared,copy,100000,1209930,12.0993,2350000
75,14,group_setup_then_1_copies,std_shared,group,100000,2282466,22.82466,2000000
75,15,create_read_destroy,own_local,asset,100000,2275926,22.75926,65000400000
75,16,group_setup_then_64_copies,own_local,group,1562,166226,106.418693982,2349248
75,17,weak_lock_expired,own_shared,lock,100000,135500,1.355,0
75,18,frame_4096_draws_64_unique_leases,own_shared,frame,24,92867,3869.45833333,41287680
75,19,resource_lifecycle_64_assets_4096_objects,std_shared,cycle,10,343708,34370.8,17203200
75,20,resource_lifecycle_64_assets_4096_objects,own_local,cycle,10,252463,25246.3,17203200
75,21,group_setup_then_1024_copies,std_shared,group,97,1147067,11825.4329897,2334208
75,22,copy_read_drop,own_shared,copy,100000,455253,4.55253,2350000
75,23,share_read_drop,std_shared,handoff,100000,1167126,11.67126,2350000
75,24,async_queue_job_1024_local_copies,std_shared,job,100,1716539,17165.39,2406400
75,25,localize_read_drop,std_shared,group,100000,1176841,11.76841,2350000
75,26,contended_copy_2_workers,std_shared,copy,200000,4729896,23.64948,4700000
75,27,share_read_drop,own_shared,handoff,100000,504476,5.04476,2350000
75,28,create_read_destroy,own_shared,asset,100000,1305942,13.05942,65000400000
75,29,async_queue_job_1024_local_copies,own_local,job,100,528742,5287.42,2406400
75,30,localize_read_drop,own_local,group,100000,1089301,10.89301,2350000
75,31,group_setup_then_1_copies,own_local,group,100000,2254395,22.54395,2000000
75,32,copy_read_drop,own_local,copy,100000,121530,1.2153,2350000
75,33,scene_4096_attachments,own_local,attachment,98304,209941,2.13563028971,98304
75,34,create_read_destroy,std_shared,asset,100000,1230290,12.3029,65000400000
75,35,async_queue_job_64_local_copies,std_shared,job,100,199435,1994.35,150400
75,36,async_queue_job_64_local_copies,own_local,job,100,98015,980.15,150400
76,0,frame_4096_draws_64_unique_leases,std_shared,frame,24,95101,3962.54166667,41287680
76,1,async_queue_job_64_local_copies,own_local,job,100,103352,1033.52,150400
76,2,resource_lifecycle_64_assets_4096_objects,own_local,cycle,10,335185,33518.5,17203200
76,3,copy_read_drop,own_shared,copy,100000,509023,5.09023,2350000
76,4,share_read_drop,std_shared,handoff,100000,1240155,12.40155,2350000
76,5,async_queue_job_1_local_copies,std_shared,job,100,60970,609.7,2000
76,6,contended_copy_2_workers,std_shared,copy,200000,5364154,26.82077,4700000
76,7,create_read_destroy,own_shared,asset,100000,1296658,12.96658,65000400000
76,8,frame_4096_draws_64_unique_leases,own_shared,frame,24,91755,3823.125,41287680
76,9,group_setup_then_8_copies,own_local,group,12500,407863,32.62904,2350000
76,10,localize_read_drop,std_shared,group,100000,1232984,12.32984,2350000
76,11,create_read_destroy,own_local,asset,100000,2774553,27.74553,65000400000
76,12,group_setup_then_1024_copies,std_shared,group,97,1151744,11873.6494845,2334208
76,13,weak_lock_live,std_shared,lock,100000,967431,9.67431,2350000
76,14,localize_read_drop,own_local,group,100000,1066668,10.66668,2350000
76,15,group_setup_then_1024_copies,own_local,group,97,152565,1572.83505155,2334208
76,16,group_setup_then_64_copies,own_local,group,1562,188028,120.376440461,2349248
76,17,async_queue_job_1024_local_copies,own_local,job,100,528772,5287.72,2406400
76,18,create_read_destroy,std_shared,asset,100000,1145544,11.45544,65000400000
76,19,weak_lock_expired,std_shared,lock,100000,175280,1.7528,0
76,20,async_queue_job_64_local_copies,std_shared,job,100,191774,1917.74,150400
76,21,weak_lock_live,own_shared,lock,100000,449775,4.49775,2350000
76,22,scene_4096_attachments,std_shared,attachment,98304,512127,5.20962524414,98304
76,23,share_read_drop,own_shared,handoff,100000,686065,6.86065,2350000
76,24,async_queue_job_1024_local_copies,std_shared,job,100,1719984,17199.84,2406400
76,25,group_setup_then_8_copies,std_shared,group,12500,1260795,100.8636,2350000
76,26,scene_4096_attachments,own_local,attachment,98304,162100,1.64896647135,98304
76,27,weak_lock_expired,own_shared,lock,100000,274647,2.74647,0
76,28,group_setup_then_1_copies,own_local,group,100000,3005315,30.05315,2000000
76,29,async_queue_job_1_local_copies,own_local,job,100,72778,727.78,2000
76,30,contended_copy_2_workers,own_shared,copy,200000,2706723,13.533615,4700000
76,31,group_setup_then_1_copies,std_shared,group,100000,2094778,20.94778,2000000
76,32,copy_read_drop,std_shared,copy,100000,1402144,14.02144,2350000
76,33,copy_read_drop,own_local,copy,100000,177663,1.77663,2350000
76,34,resource_lifecycle_64_assets_4096_objects,std_shared,cycle,10,367774,36777.4,17203200
76,35,group_setup_then_64_copies,std_shared,group,1562,1220215,781.187580026,2349248
76,36,borrow_read,raw_borrow,read,100000,54461,0.54461,2350000
77,0,weak_lock_live,std_shared,lock,100000,920702,9.20702,2350000
77,1,group_setup_then_1_copies,own_local,group,100000,2406549,24.06549,2000000
77,2,weak_lock_expired,std_shared,lock,100000,162621,1.62621,0
77,3,group_setup_then_1024_copies,own_local,group,97,148861,1534.64948454,2334208
77,4,group_setup_then_64_copies,std_shared,group,1562,1157542,741.064020487,2349248
77,5,async_queue_job_1_local_copies,std_shared,job,100,63874,638.74,2000
77,6,localize_read_drop,own_local,group,100000,1057584,10.57584,2350000
77,7,copy_read_drop,std_shared,copy,100000,1159925,11.59925,2350000
77,8,async_queue_job_64_local_copies,std_shared,job,100,185134,1851.34,150400
77,9,localize_read_drop,std_shared,group,100000,1174287,11.74287,2350000
77,10,frame_4096_draws_64_unique_leases,own_shared,frame,24,104655,4360.625,41287680
77,11,share_read_drop,std_shared,handoff,100000,1254405,12.54405,2350000
77,12,weak_lock_expired,own_shared,lock,100000,135661,1.35661,0
77,13,async_queue_job_64_local_copies,own_local,job,100,122281,1222.81,150400
77,14,copy_read_drop,own_local,copy,100000,124294,1.24294,2350000
77,15,frame_4096_draws_64_unique_leases,std_shared,frame,24,147989,6166.20833333,41287680
77,16,share_read_drop,own_shared,handoff,100000,466901,4.66901,2350000
77,17,create_read_destroy,own_shared,asset,100000,1234846,12.34846,65000400000
77,18,contended_copy_2_workers,std_shared,copy,200000,5931944,29.65972,4700000
77,19,borrow_read,raw_borrow,read,100000,56643,0.56643,2350000
77,20,group_setup_then_64_copies,own_local,group,1562,168099,107.617797695,2349248
77,21,group_setup_then_8_copies,own_local,group,12500,380553,30.44424,2350000
77,22,group_setup_then_8_copies,std_shared,group,12500,1243149,99.45192,2350000
77,23,create_read_destroy,own_local,asset,100000,2152924,21.52924,65000400000
77,24,async_queue_job_1024_local_copies,own_local,job,100,549933,5499.33,2406400
77,25,weak_lock_live,own_shared,lock,100000,455093,4.55093,2350000
77,26,copy_read_drop,own_shared,copy,100000,455654,4.55654,2350000
77,27,scene_4096_attachments,own_local,attachment,98304,178243,1.81318155924,98304
77,28,resource_lifecycle_64_assets_4096_objects,std_shared,cycle,10,343398,34339.8,17203200
77,29,scene_4096_attachments,std_shared,attachment,98304,495293,5.03838094076,98304
77,30,group_setup_then_1_copies,std_shared,group,100000,1887422,18.87422,2000000
77,31,async_queue_job_1024_local_copies,std_shared,job,100,1928723,19287.23,2406400
77,32,group_setup_then_1024_copies,std_shared,group,97,1436375,14807.9896907,2334208
77,33,async_queue_job_1_local_copies,own_local,job,100,69052,690.52,2000
77,34,contended_copy_2_workers,own_shared,copy,200000,2778869,13.894345,4700000
77,35,create_read_destroy,std_shared,asset,100000,1570172,15.70172,65000400000
77,36,resource_lifecycle_64_assets_4096_objects,own_local,cycle,10,365681,36568.1,17203200
78,0,borrow_read,raw_borrow,read,100000,103152,1.03152,2350000
78,1,async_queue_job_1_local_copies,own_local,job,100,46429,464.29,2000
78,2,async_queue_job_64_local_copies,std_shared,job,100,299033,2990.33,150400
78,3,localize_read_drop,own_local,group,100000,1292331,12.92331,2350000
78,4,group_setup_then_64_copies,std_shared,group,1562,1286883,823.868758003,2349248
78,5,async_queue_job_1_local_copies,std_shared,job,100,56494,564.94,2000
78,6,create_read_destroy,own_local,asset,100000,2197330,21.9733,65000400000
78,7,frame_4096_draws_64_unique_leases,own_shared,frame,24,93779,3907.45833333,41287680
78,8,weak_lock_live,std_shared,lock,100000,920161,9.20161,2350000
78,9,contended_copy_2_workers,own_shared,copy,200000,2864988,14.32494,4700000
78,10,create_read_destroy,own_shared,asset,100000,1259964,12.59964,65000400000
78,11,scene_4096_attachments,own_local,attachment,98304,149271,1.51846313477,98304
78,12,frame_4096_draws_64_unique_leases,std_shared,frame,24,92897,3870.70833333,41287680
78,13,weak_lock_expired,own_shared,lock,100000,147258,1.47258,0
78,14,contended_copy_2_workers,std_shared,copy,200000,4296415,21.482075,4700000
78,15,resource_lifecycle_64_assets_4096_objects,own_local,cycle,10,243310,24331,17203200
78,16,share_read_drop,own_shared,handoff,100000,462434,4.62434,2350000
78,17,create_read_destroy,std_shared,asset,100000,1100928,11.00928,65000400000
78,18,async_queue_job_1024_local_copies,own_local,job,100,382967,3829.67,2406400
78,19,weak_lock_live,own_shared,lock,100000,474092,4.74092,2350000
78,20,weak_lock_expired,std_shared,lock,100000,175610,1.7561,0
78,21,copy_read_drop,own_shared,copy,100000,454983,4.54983,2350000
78,22,group_setup_then_64_copies,own_local,group,1562,181699,116.324583867,2349248
78,23,scene_4096_attachments,std_shared,attachment,98304,601340,6.1171468099,98304
78,24,share_read_drop,std_shared,handoff,100000,1193065,11.93065,2350000
78,25,group_setup_then_1024_copies,std_shared,group,97,1171132,12073.5257732,2334208
78,26,group_setup_then_8_copies,std_shared,group,12500,1581248,126.49984,2350000
78,27,group_setup_then_1_copies,own_local,group,100000,2675837,26.75837,2000000
78,28,async_queue_job_64_local_copies,own_local,job,100,76903,769.03,150400
78,29,group_setup_then_1024_copies,own_local,group,97,137383,1416.31958763,2334208
78,30,group_setup_then_8_copies,own_local,group,12500,385810,30.8648,2350000
78,31,async_queue_job_1024_local_copies,std_shared,job,100,2096080,20960.8,2406400
78,32,group_setup_then_1_copies,std_shared,group,100000,1995842,19.95842,2000000
78,33,copy_read_drop,own_local,copy,100000,122101,1.22101,2350000
78,34,copy_read_drop,std_shared,copy,100000,1273794,12.73794,2350000
78,35,localize_read_drop,std_shared,group,100000,1320774,13.20774,2350000
78,36,resource_lifecycle_64_assets_4096_objects,std_shared,cycle,10,381274,38127.4,17203200
79,0,group_setup_then_1_copies,own_local,group,100000,2884617,28.84617,2000000
79,1,frame_4096_draws_64_unique_leases,own_shared,frame,24,94219,3925.79166667,41287680
79,2,localize_read_drop,own_local,group,100000,1369376,13.69376,2350000
79,3,weak_lock_live,std_shared,lock,100000,1107888,11.07888,2350000
79,4,async_queue_job_64_local_copies,std_shared,job,100,273384,2733.84,150400
79,5,group_setup_then_1_copies,std_shared,group,100000,1945387,19.45387,2000000
79,6,copy_read_drop,std_shared,copy,100000,1168057,11.68057,2350000
79,7,share_read_drop,own_shared,handoff,100000,522253,5.22253,2350000
79,8,weak_lock_expired,std_shared,lock,100000,162651,1.62651,0
79,9,copy_read_drop,own_local,copy,100000,122291,1.22291,2350000
79,10,create_read_destroy,std_shared,asset,100000,1184352,11.84352,65000400000
79,11,contended_copy_2_workers,own_shared,copy,200000,2041700,10.2085,4700000
79,12,localize_read_drop,std_shared,group,100000,1187166,11.87166,2350000
79,13,scene_4096_attachments,own_local,attachment,98304,177222,1.80279541016,98304
79,14,copy_read_drop,own_shared,copy,100000,523514,5.23514,2350000
79,15,frame_4096_draws_64_unique_leases,std_shared,frame,24,92637,3859.875,41287680
79,16,group_setup_then_8_copies,std_shared,group,12500,1395995,111.6796,2350000
79,17,async_queue_job_1_local_copies,std_shared,job,100,71346,713.46,2000
79,18,contended_copy_2_workers,std_shared,copy,200000,3718660,18.5933,4700000
79,19,create_read_destroy,own_shared,asset,100000,1297169,12.97169,65000400000
79,20,share_read_drop,std_shared,handoff,100000,1252603,12.52603,2350000
79,21,group_setup_then_64_copies,own_local,group,1562,168530,107.893725992,2349248
79,22,async_queue_job_1024_local_copies,std_shared,job,100,2076261,20762.61,2406400
79,23,resource_lifecycle_64_assets_4096_objects,own_local,cycle,10,267846,26784.6,17203200
79,24,group_setup_then_1024_copies,own_local,group,97,154668,1594.51546392,2334208
79,25,create_read_destroy,own_local,asset,100000,2372448,23.72448,65000400000
79,26,group_setup_then_1024_copies,std_shared,group,97,1154838,11905.5463918,2334208
79,27,group_setup_then_8_copies,own_local,group,12500,471778,37.74224,2350000
79,28,async_queue_job_64_local_copies,own_local,job,100,72026,720.26,150400
79,29,scene_4096_attachments,std_shared,attachment,98304,565696,5.75455729167,98304
79,30,group_setup_then_64_copies,std_shared,group,1562,1411078,903.37900128,2349248
79,31,borrow_read,raw_borrow,read,100000,54621,0.54621,2350000
79,32,resource_lifecycle_64_assets_4096_objects,std_shared,cycle,10,343838,34383.8,17203200
79,33,async_queue_job_1024_local_copies,own_local,job,100,500831,5008.31,2406400
79,34,weak_lock_live,own_shared,lock,100000,450606,4.50606,2350000
79,35,async_queue_job_1_local_copies,own_local,job,100,36784,367.84,2000
79,36,weak_lock_expired,own_shared,lock,100000,135701,1.35701,0
80,0,resource_lifecycle_64_assets_4096_objects,own_local,cycle,10,394368,39436.8,17203200
80,1,async_queue_job_64_local_copies,own_local,job,100,51606,516.06,150400
80,2,async_queue_job_1024_local_copies,own_local,job,100,430887,4308.87,2406400
80,3,group_setup_then_1_copies,std_shared,group,100000,2166304,21.66304,2000000
80,4,frame_4096_draws_64_unique_leases,std_shared,frame,24,196771,8198.79166667,41287680
80,5,async_queue_job_1024_local_copies,std_shared,job,100,1703750,17037.5,2406400
80,6,create_read_destroy,own_local,asset,100000,2129920,21.2992,65000400000
80,7,async_queue_job_1_local_copies,std_shared,job,100,41231,412.31,2000
80,8,async_queue_job_1_local_copies,own_local,job,100,54361,543.61,2000
80,9,share_read_drop,own_shared,handoff,100000,520150,5.2015,2350000
80,10,scene_4096_attachments,std_shared,attachment,98304,798080,8.11848958333,98304
80,11,group_setup_then_8_copies,own_local,group,12500,407152,32.57216,2350000
80,12,contended_copy_2_workers,std_shared,copy,200000,5178689,25.893445,4700000
80,13,weak_lock_live,own_shared,lock,100000,485549,4.85549,2350000
80,14,async_queue_job_64_local_copies,std_shared,job,100,191843,1918.43,150400
80,15,share_read_drop,std_shared,handoff,100000,1231752,12.31752,2350000
80,16,weak_lock_live,std_shared,lock,100000,1092296,10.92296,2350000
80,17,localize_read_drop,own_local,group,100000,1170922,11.70922,2350000
80,18,frame_4096_draws_64_unique_leases,own_shared,frame,24,95311,3971.29166667,41287680
80,19,copy_read_drop,own_shared,copy,100000,492468,4.92468,2350000
80,20,group_setup_then_64_copies,own_local,group,1562,168910,108.137003841,2349248
80,21,weak_lock_expired,std_shared,lock,100000,359883,3.59883,0
80,22,group_setup_then_1024_copies,std_shared,group,97,1289797,13296.8762887,2334208
80,23,resource_lifecycle_64_assets_4096_objects,std_shared,cycle,10,628900,62890,17203200
80,24,group_setup_then_1_copies,own_local,group,100000,3030052,30.30052,2000000
80,25,group_setup_then_64_copies,std_shared,group,1562,1249609,800.005761844,2349248
80,26,borrow_read,raw_borrow,read,100000,54360,0.5436,2350000
80,27,weak_lock_expired,own_shared,lock,100000,135520,1.3552,0
80,28,copy_read_drop,own_local,copy,100000,121430,1.2143,2350000
80,29,copy_read_drop,std_shared,copy,100000,1355085,13.55085,2350000
80,30,scene_4096_attachments,own_local,attachment,98304,220416,2.2421875,98304
80,31,localize_read_drop,std_shared,group,100000,1580597,15.80597,2350000
80,32,group_setup_then_1024_copies,own_local,group,97,162461,1674.8556701,2334208
80,33,create_read_destroy,own_shared,asset,100000,1965667,19.65667,65000400000
80,34,create_read_destroy,std_shared,asset,100000,1530454,15.30454,65000400000
80,35,contended_copy_2_workers,own_shared,copy,200000,2654487,13.272435,4700000
80,36,group_setup_then_8_copies,std_shared,group,12500,1649139,131.93112,2350000
81,0,contended_copy_2_workers,own_shared,copy,200000,1709378,8.54689,4700000
81,1,copy_read_drop,std_shared,copy,100000,1265843,12.65843,2350000
81,2,create_read_destroy,std_shared,asset,100000,1216038,12.16038,65000400000
81,3,share_read_drop,std_shared,handoff,100000,1340002,13.40002,2350000
81,4,async_queue_job_64_local_copies,own_local,job,100,91486,914.86,150400
81,5,frame_4096_draws_64_unique_leases,std_shared,frame,24,92316,3846.5,41287680
81,6,create_read_destroy,own_shared,asset,100000,1270019,12.70019,65000400000
81,7,group_setup_then_1_copies,std_shared,group,100000,2084133,20.84133,2000000
81,8,share_read_drop,own_shared,handoff,100000,486139,4.86139,2350000
81,9,create_read_destroy,own_local,asset,100000,2193705,21.93705,65000400000
81,10,weak_lock_expired,std_shared,lock,100000,168700,1.687,0
81,11,localize_read_drop,std_shared,group,100000,2620526,26.20526,2350000
81,12,scene_4096_attachments,own_local,attachment,98304,149381,1.51958211263,98304
81,13,async_queue_job_1024_local_copies,std_shared,job,100,1389635,13896.35,2406400
81,14,contended_copy_2_workers,std_shared,copy,200000,3918536,19.59268,4700000
81,15,frame_4096_draws_64_unique_leases,own_shared,frame,24,121069,5044.54166667,41287680
81,16,group_setup_then_64_copies,std_shared,group,1562,1365670,874.308578745,2349248
81,17,resource_lifecycle_64_assets_4096_objects,std_shared,cycle,10,344149,34414.9,17203200
81,18,async_queue_job_1_local_copies,std_shared,job,100,46890,468.9,2000
81,19,weak_lock_live,std_shared,lock,100000,1063533,10.63533,2350000
81,20,weak_lock_live,own_shared,lock,100000,488032,4.88032,2350000
81,21,group_setup_then_8_copies,std_shared,group,12500,1414772,113.18176,2350000
81,22,borrow_read,raw_borrow,read,100000,54340,0.5434,2350000
81,23,resource_lifecycle_64_assets_4096_objects,own_local,cycle,10,330609,33060.9,17203200
81,24,async_queue_job_1024_local_copies,own_local,job,100,401394,4013.94,2406400
81,25,copy_read_drop,own_shared,copy,100000,578746,5.78746,2350000
81,26,async_queue_job_1_local_copies,own_local,job,100,38497,384.97,2000
81,27,group_setup_then_1024_copies,own_local,group,97,186496,1922.63917526,2334208
81,28,copy_read_drop,own_local,copy,100000,121860,1.2186,2350000
81,29,async_queue_job_64_local_copies,std_shared,job,100,282758,2827.58,150400
81,30,weak_lock_expired,own_shared,lock,100000,222499,2.22499,0
81,31,scene_4096_attachments,std_shared,attachment,98304,678294,6.89996337891,98304
81,32,group_setup_then_1024_copies,std_shared,group,97,1527990,15752.4742268,2334208
81,33,group_setup_then_1_copies,own_local,group,100000,3078012,30.78012,2000000
81,34,localize_read_drop,own_local,group,100000,1267084,12.67084,2350000
81,35,group_setup_then_64_copies,own_local,group,1562,167347,107.136363636,2349248
81,36,group_setup_then_8_copies,own_local,group,12500,456425,36.514,2350000
82,0,group_setup_then_64_copies,std_shared,group,1562,1234887,790.580665813,2349248
82,1,localize_read_drop,std_shared,group,100000,1345490,13.4549,2350000
82,2,weak_lock_expired,std_shared,lock,100000,327855,3.27855,0
82,3,weak_lock_live,std_shared,lock,100000,1228307,12.28307,2350000
82,4,create_read_destroy,own_local,asset,100000,2365208,23.65208,65000400000
82,5,group_setup_then_8_copies,own_local,group,12500,521311,41.70488,2350000
82,6,resource_lifecycle_64_assets_4096_objects,std_shared,cycle,10,341786,34178.6,17203200
82,7,copy_read_drop,own_local,copy,100000,121379,1.21379,2350000
82,8,async_queue_job_64_local_copies,std_shared,job,100,194668,1946.68,150400
82,9,async_queue_job_1024_local_copies,own_local,job,100,493911,4939.11,2406400
82,10,create_read_destroy,own_shared,asset,100000,1457807,14.57807,65000400000
82,11,async_queue_job_64_local_copies,own_local,job,100,108130,1081.3,150400
82,12,resource_lifecycle_64_assets_4096_objects,own_local,cycle,10,236329,23632.9,17203200
82,13,copy_read_drop,std_shared,copy,100000,1211482,12.11482,2350000
82,14,group_setup_then_1024_copies,std_shared,group,97,1426570,14706.9072165,2334208
82,15,group_setup_then_8_copies,std_shared,group,12500,1589841,127.18728,2350000
82,16,borrow_read,raw_borrow,read,100000,54460,0.5446,2350000
82,17,group_setup_then_1024_copies,own_local,group,97,191073,1969.82474227,2334208
82,18,frame_4096_draws_64_unique_leases,std_shared,frame,24,91826,3826.08333333,41287680
82,19,share_read_drop,std_shared,handoff,100000,1181898,11.81898,2350000
82,20,group_setup_then_1_copies,own_local,group,100000,2525836,25.25836,2000000
82,21,group_setup_then_1_copies,std_shared,group,100000,2003654,20.03654,2000000
82,22,contended_copy_2_workers,std_shared,copy,200000,4328091,21.640455,4700000
82,23,async_queue_job_1024_local_copies,std_shared,job,100,1616340,16163.4,2406400
82,24,weak_lock_live,own_shared,lock,100000,629311,6.29311,2350000
82,25,frame_4096_draws_64_unique_leases,own_shared,frame,24,93939,3914.125,41287680
82,26,async_queue_job_1_local_copies,std_shared,job,100,43825,438.25,2000
82,27,scene_4096_attachments,std_shared,attachment,98304,495413,5.03960164388,98304
82,28,scene_4096_attachments,own_local,attachment,98304,178424,1.81502278646,98304
82,29,group_setup_then_64_copies,own_local,group,1562,216320,138.489116517,2349248
82,30,share_read_drop,own_shared,handoff,100000,496875,4.96875,2350000
82,31,async_queue_job_1_local_copies,own_local,job,100,51736,517.36,2000
82,32,copy_read_drop,own_shared,copy,100000,488282,4.88282,2350000
82,33,create_read_destroy,std_shared,asset,100000,1225373,12.25373,65000400000
82,34,contended_copy_2_workers,own_shared,copy,200000,2795344,13.97672,4700000
82,35,weak_lock_expired,own_shared,lock,100000,135480,1.3548,0
82,36,localize_read_drop,own_local,group,100000,1066968,10.66968,2350000
83,0,weak_lock_live,own_shared,lock,100000,450457,4.50457,2350000
83,1,group_setup_then_1_copies,std_shared,group,100000,1861153,18.61153,2000000
83,2,async_queue_job_64_local_copies,own_local,job,100,89462,894.62,150400
83,3,localize_read_drop,std_shared,group,100000,1587047,15.87047,2350000
83,4,group_setup_then_8_copies,own_local,group,12500,766493,61.31944,2350000
83,5,weak_lock_expired,std_shared,lock,100000,166005,1.66005,0
83,6,resource_lifecycle_64_assets_4096_objects,own_local,cycle,10,648469,64846.9,17203200
83,7,share_read_drop,std_shared,handoff,100000,1765441,17.65441,2350000
83,8,scene_4096_attachments,own_local,attachment,98304,179736,1.82836914062,98304
83,9,group_setup_then_1_copies,own_local,group,100000,2786611,27.86611,2000000
83,10,resource_lifecycle_64_assets_4096_objects,std_shared,cycle,10,372601,37260.1,17203200
83,11,group_setup_then_64_copies,own_local,group,1562,258412,165.436619718,2349248
83,12,async_queue_job_1024_local_copies,std_shared,job,100,1617693,16176.93,2406400
83,13,create_read_destroy,own_shared,asset,100000,1569741,15.69741,65000400000
83,14,frame_4096_draws_64_unique_leases,own_shared,frame,24,91235,3801.45833333,41287680
83,15,contended_copy_2_workers,own_shared,copy,200000,2733953,13.669765,4700000
83,16,weak_lock_live,std_shared,lock,100000,1606276,16.06276,2350000
83,17,localize_read_drop,own_local,group,100000,1159816,11.59816,2350000
83,18,async_queue_job_1_local_copies,std_shared,job,100,49273,492.73,2000
83,19,contended_copy_2_workers,std_shared,copy,200000,4702695,23.513475,4700000
83,20,scene_4096_attachments,std_shared,attachment,98304,496144,5.04703776042,98304
83,21,group_setup_then_64_copies,std_shared,group,1562,1260965,807.275928297,2349248
83,22,group_setup_then_8_copies,std_shared,group,12500,1529463,122.35704,2350000
83,23,borrow_read,raw_borrow,read,100000,54381,0.54381,2350000
83,24,group_setup_then_1024_copies,std_shared,group,97,1157002,11927.8556701,2334208
83,25,frame_4096_draws_64_unique_leases,std_shared,frame,24,90264,3761,41287680
83,26,copy_read_drop,own_shared,copy,100000,661368,6.61368,2350000
83,27,group_setup_then_1024_copies,own_local,group,97,136772,1410.02061856,2334208
83,28,async_queue_job_1_local_copies,own_local,job,100,72637,726.37,2000
83,29,copy_read_drop,own_local,copy,100000,225753,2.25753,2350000
83,30,weak_lock_expired,own_shared,lock,100000,135490,1.3549,0
83,31,copy_read_drop,std_shared,copy,100000,1199995,11.99995,2350000
83,32,async_queue_job_1024_local_copies,own_local,job,100,416045,4160.45,2406400
83,33,async_queue_job_64_local_copies,std_shared,job,100,255678,2556.78,150400
83,34,share_read_drop,own_shared,handoff,100000,684662,6.84662,2350000
83,35,create_read_destroy,own_local,asset,100000,2242507,22.42507,65000400000
83,36,create_read_destroy,std_shared,asset,100000,1385889,13.85889,65000400000
84,0,copy_read_drop,own_local,copy,100000,121890,1.2189,2350000
84,1,frame_4096_draws_64_unique_leases,std_shared,frame,24,91185,3799.375,41287680
84,2,async_queue_job_64_local_copies,own_local,job,100,82833,828.33,150400
84,3,async_queue_job_64_local_copies,std_shared,job,100,200777,2007.77,150400
84,4,group_setup_then_1024_copies,own_local,group,97,138995,1432.93814433,2334208
84,5,contended_copy_2_workers,std_shared,copy,200000,4319099,21.595495,4700000
84,6,weak_lock_expired,own_shared,lock,100000,136422,1.36422,0
84,7,group_setup_then_8_copies,own_local,group,12500,373813,29.90504,2350000
84,8,contended_copy_2_workers,own_shared,copy,200000,1780353,8.901765,4700000
84,9,async_queue_job_1024_local_copies,std_shared,job,100,1662869,16628.69,2406400
84,10,group_setup_then_64_copies,own_local,group,1562,175349,112.259282971,2349248
84,11,group_setup_then_64_copies,std_shared,group,1562,1277489,817.854673496,2349248
84,12,localize_read_drop,own_local,group,100000,1071295,10.71295,2350000
84,13,create_read_destroy,own_shared,asset,100000,1554800,15.548,65000400000
84,14,resource_lifecycle_64_assets_4096_objects,own_local,cycle,10,239294,23929.4,17203200
84,15,weak_lock_live,own_shared,lock,100000,451017,4.51017,2350000
84,16,create_read_destroy,own_local,asset,100000,2707885,27.07885,65000400000
84,17,scene_4096_attachments,own_local,attachment,98304,149701,1.52283732096,98304
84,18,create_read_destroy,std_shared,asset,100000,1532877,15.32877,65000400000
84,19,share_read_drop,std_shared,handoff,100000,1289918,12.89918,2350000
84,20,resource_lifecycle_64_assets_4096_objects,std_shared,cycle,10,411168,41116.8,17203200
84,21,group_setup_then_8_copies,std_shared,group,12500,1622901,129.83208,2350000
84,22,async_queue_job_1_local_copies,own_local,job,100,81982,819.82,2000
84,23,group_setup_then_1_copies,std_shared,group,100000,2750508,27.50508,2000000
84,24,copy_read_drop,std_shared,copy,100000,1267635,12.67635,2350000
84,25,scene_4096_attachments,std_shared,attachment,98304,675379,6.87031046549,98304
84,26,frame_4096_draws_64_unique_leases,own_shared,frame,24,93198,3883.25,41287680
84,27,localize_read_drop,std_shared,group,100000,1178744,11.78744,2350000
84,28,async_queue_job_1024_local_copies,own_local,job,100,504856,5048.56,2406400
84,29,weak_lock_expired,std_shared,lock,100000,162610,1.6261,0
84,30,group_setup_then_1024_copies,std_shared,group,97,1141619,11769.2680412,2334208
84,31,copy_read_drop,own_shared,copy,100000,455013,4.55013,2350000
84,32,share_read_drop,own_shared,handoff,100000,474462,4.74462,2350000
84,33,borrow_read,raw_borrow,read,100000,54361,0.54361,2350000
84,34,weak_lock_live,std_shared,lock,100000,913932,9.13932,2350000
84,35,group_setup_then_1_copies,own_local,group,100000,2647676,26.47676,2000000
84,36,async_queue_job_1_local_copies,std_shared,job,100,64826,648.26,2000
85,0,async_queue_job_1_local_copies,own_local,job,100,50395,503.95,2000
85,1,weak_lock_live,std_shared,lock,100000,927571,9.27571,2350000
85,2,weak_lock_expired,own_shared,lock,100000,135501,1.35501,0
85,3,contended_copy_2_workers,std_shared,copy,200000,5531070,27.65535,4700000
85,4,group_setup_then_1_copies,own_local,group,100000,2546026,25.46026,2000000
85,5,async_queue_job_1024_local_copies,own_local,job,100,345201,3452.01,2406400
85,6,share_read_drop,std_shared,handoff,100000,1177381,11.77381,2350000
85,7,resource_lifecycle_64_assets_4096_objects,std_shared,cycle,10,397999,39799.9,17203200
85,8,copy_read_drop,own_local,copy,100000,122511,1.22511,2350000
85,9,weak_lock_live,own_shared,lock,100000,450786,4.50786,2350000
85,10,create_read_destroy,own_local,asset,100000,2170721,21.70721,65000400000
85,11,weak_lock_expired,std_shared,lock,100000,174838,1.74838,0
85,12,contended_copy_2_workers,own_shared,copy,200000,2368373,11.841865,4700000
85,13,group_setup_then_64_copies,own_local,group,1562,167057,106.950704225,2349248
85,14,scene_4096_attachments,std_shared,attachment,98304,737881,7.50611368815,98304
85,15,group_setup_then_64_copies,std_shared,group,1562,1184231,758.150448143,2349248
85,16,async_queue_job_64_local_copies,own_local,job,100,65337,653.37,150400
85,17,create_read_destroy,own_shared,asset,100000,1422424,14.22424,65000400000
85,18,group_setup_then_8_copies,std_shared,group,12500,1260324,100.82592,2350000
85,19,frame_4096_draws_64_unique_leases,std_shared,frame,24,477876,19911.5,41287680
85,20,frame_4096_draws_64_unique_leases,own_shared,frame,24,371369,15473.7083333,41287680
85,21,localize_read_drop,own_local,group,100000,1144212,11.44212,2350000
85,22,group_setup_then_1024_copies,own_local,group,97,139166,1434.70103093,2334208
85,23,create_read_destroy,std_shared,asset,100000,1155249,11.55249,65000400000
85,24,share_read_drop,own_shared,handoff,100000,529723,5.29723,2350000
85,25,async_queue_job_1024_local_copies,std_shared,job,100,1695017,16950.17,2406400
85,26,async_queue_job_1_local_copies,std_shared,job,100,60569,605.69,2000
85,27,async_queue_job_64_local_copies,std_shared,job,100,256760,2567.6,150400
85,28,localize_read_drop,std_shared,group,100000,1578375,15.78375,2350000
85,29,resource_lifecycle_64_assets_4096_objects,own_local,cycle,10,275308,27530.8,17203200
85,30,copy_read_drop,own_shared,copy,100000,455754,4.55754,2350000
85,31,scene_4096_attachments,own_local,attachment,98304,147788,1.50337727865,98304
85,32,group_setup_then_1024_copies,std_shared,group,97,1140216,11754.8041237,2334208
85,33,group_setup_then_1_copies,std_shared,group,100000,2162709,21.62709,2000000
85,34,copy_read_drop,std_shared,copy,100000,1159705,11.59705,2350000
85,35,group_setup_then_8_copies,own_local,group,12500,404748,32.37984,2350000
85,36,borrow_read,raw_borrow,read,100000,54361,0.54361,2350000
86,0,weak_lock_live,std_shared,lock,100000,1084734,10.84734,2350000
86,1,localize_read_drop,std_shared,group,100000,1291229,12.91229,2350000
86,2,localize_read_drop,own_local,group,100000,1068289,10.68289,2350000
86,3,async_queue_job_64_local_copies,own_local,job,100,160046,1600.46,150400
86,4,group_setup_then_64_copies,own_local,group,1562,194497,124.517925736,2349248
86,5,copy_read_drop,own_shared,copy,100000,553038,5.53038,2350000
86,6,async_queue_job_1_local_copies,std_shared,job,100,74811,748.11,2000
86,7,borrow_read,raw_borrow,read,100000,54240,0.5424,2350000
86,8,weak_lock_live,own_shared,lock,100000,565837,5.65837,2350000
86,9,async_queue_job_64_local_copies,std_shared,job,100,225153,2251.53,150400
86,10,contended_copy_2_workers,own_shared,copy,200000,4960577,24.802885,4700000
86,11,create_read_destroy,own_local,asset,100000,2284529,22.84529,65000400000
86,12,create_read_destroy,std_shared,asset,100000,1130352,11.30352,65000400000
86,13,weak_lock_expired,own_shared,lock,100000,135671,1.35671,0
86,14,copy_read_drop,std_shared,copy,100000,1676299,16.76299,2350000
86,15,resource_lifecycle_64_assets_4096_objects,std_shared,cycle,10,395966,39596.6,17203200
86,16,group_setup_then_1_copies,std_shared,group,100000,2059466,20.59466,2000000
86,17,share_read_drop,own_shared,handoff,100000,462214,4.62214,2350000
86,18,share_read_drop,std_shared,handoff,100000,1169429,11.69429,2350000
86,19,create_read_destroy,own_shared,asset,100000,2529331,25.29331,65000400000
86,20,async_queue_job_1_local_copies,own_local,job,100,55642,556.42,2000
86,21,copy_read_drop,own_local,copy,100000,206956,2.06956,2350000
86,22,async_queue_job_1024_local_copies,own_local,job,100,386481,3864.81,2406400
86,23,group_setup_then_1024_copies,own_local,group,97,137854,1421.17525773,2334208
86,24,group_setup_then_8_copies,std_shared,group,12500,1252011,100.16088,2350000
86,25,resource_lifecycle_64_assets_4096_objects,own_local,cycle,10,248438,24843.8,17203200
86,26,frame_4096_draws_64_unique_leases,own_shared,frame,24,101850,4243.75,41287680
86,27,weak_lock_expired,std_shared,lock,100000,385049,3.85049,0
86,28,group_setup_then_1024_copies,std_shared,group,97,1217601,12552.5876289,2334208
86,29,async_queue_job_1024_local_copies,std_shared,job,100,1663720,16637.2,2406400
86,30,group_setup_then_8_copies,own_local,group,12500,349537,27.96296,2350000
86,31,contended_copy_2_workers,std_shared,copy,200000,5656136,28.28068,4700000
86,32,scene_4096_attachments,own_local,attachment,98304,148639,1.51203409831,98304
86,33,frame_4096_draws_64_unique_leases,std_shared,frame,24,93839,3909.95833333,41287680
86,34,group_setup_then_1_copies,own_local,group,100000,2822595,28.22595,2000000
86,35,group_setup_then_64_copies,std_shared,group,1562,1204932,771.403329065,2349248
86,36,scene_4096_attachments,std_shared,attachment,98304,507181,5.15931193034,98304
87,0,group_setup_then_1024_copies,own_local,group,97,137123,1413.63917526,2334208
87,1,copy_read_drop,std_shared,copy,100000,1385399,13.85399,2350000
87,2,weak_lock_live,own_shared,lock,100000,509874,5.09874,2350000
87,3,share_read_drop,std_shared,handoff,100000,1382795,13.82795,2350000
87,4,frame_4096_draws_64_unique_leases,std_shared,frame,24,91005,3791.875,41287680
87,5,group_setup_then_64_copies,std_shared,group,1562,1249278,799.793854033,2349248
87,6,frame_4096_draws_64_unique_leases,own_shared,frame,24,92036,3834.83333333,41287680
87,7,weak_lock_expired,own_shared,lock,100000,135461,1.35461,0
87,8,group_setup_then_1_copies,std_shared,group,100000,2045736,20.45736,2000000
87,9,share_read_drop,own_shared,handoff,100000,441323,4.41323,2350000
87,10,async_queue_job_1_local_copies,std_shared,job,100,63424,634.24,2000
87,11,group_setup_then_8_copies,std_shared,group,12500,1332521,106.60168,2350000
87,12,group_setup_then_1_copies,own_local,group,100000,2916203,29.16203,2000000
87,13,scene_4096_attachments,own_local,attachment,98304,148399,1.50959269206,98304
87,14,borrow_read,raw_borrow,read,100000,54350,0.5435,2350000
87,15,copy_read_drop,own_local,copy,100000,121480,1.2148,2350000
87,16,contended_copy_2_workers,own_shared,copy,200000,1893731,9.468655,4700000
87,17,weak_lock_expired,std_shared,lock,100000,241357,2.41357,0
87,18,async_queue_job_64_local_copies,own_local,job,100,62833,628.33,150400
87,19,resource_lifecycle_64_assets_4096_objects,own_local,cycle,10,270861,27086.1,17203200
87,20,localize_read_drop,own_local,group,100000,1142409,11.42409,2350000
87,21,async_queue_job_1024_local_copies,own_local,job,100,421634,4216.34,2406400
87,22,create_read_destroy,std_shared,asset,100000,1227175,12.27175,65000400000
87,23,contended_copy_2_workers,std_shared,copy,200000,3929762,19.64881,4700000
87,24,async_queue_job_1_local_copies,own_local,job,100,69122,691.22,2000
87,25,localize_read_drop,std_shared,group,100000,1403525,14.03525,2350000
87,26,create_read_destroy,own_local,asset,100000,2326271,23.26271,65000400000
87,27,scene_4096_attachments,std_shared,attachment,98304,591866,6.02077229818,98304
87,28,create_read_destroy,own_shared,asset,100000,1493389,14.93389,65000400000
87,29,resource_lifecycle_64_assets_4096_objects,std_shared,cycle,10,346292,34629.2,17203200
87,30,copy_read_drop,own_shared,copy,100000,469574,4.69574,2350000
87,31,group_setup_then_8_copies,own_local,group,12500,351399,28.11192,2350000
87,32,group_setup_then_64_copies,own_local,group,1562,169521,108.528169014,2349248
87,33,async_queue_job_1024_local_copies,std_shared,job,100,1714866,17148.66,2406400
87,34,weak_lock_live,std_shared,lock,100000,934192,9.34192,2350000
87,35,async_queue_job_64_local_copies,std_shared,job,100,199856,1998.56,150400
87,36,group_setup_then_1024_copies,std_shared,group,97,1357317,13992.9587629,2334208
88,0,scene_4096_attachments,std_shared,attachment,98304,495453,5.04000854492,98304
88,1,weak_lock_expired,own_shared,lock,100000,135460,1.3546,0
88,2,async_queue_job_1024_local_copies,std_shared,job,100,1694346,16943.46,2406400
88,3,group_setup_then_1024_copies,own_local,group,97,136332,1405.48453608,2334208
88,4,contended_copy_2_workers,own_shared,copy,200000,2204711,11.023555,4700000
88,5,group_setup_then_8_copies,own_local,group,12500,395806,31.66448,2350000
88,6,localize_read_drop,std_shared,group,100000,1249217,12.49217,2350000
88,7,frame_4096_draws_64_unique_leases,own_shared,frame,24,91946,3831.08333333,41287680
88,8,create_read_destroy,own_local,asset,100000,2386279,23.86279,65000400000
88,9,weak_lock_live,own_shared,lock,100000,471958,4.71958,2350000
88,10,borrow_read,raw_borrow,read,100000,54340,0.5434,2350000
88,11,group_setup_then_64_copies,std_shared,group,1562,1184973,758.625480154,2349248
88,12,resource_lifecycle_64_assets_4096_objects,own_local,cycle,10,234416,23441.6,17203200
88,13,group_setup_then_64_copies,own_local,group,1562,183341,117.375800256,2349248
88,14,localize_read_drop,own_local,group,100000,1104434,11.04434,2350000
88,15,async_queue_job_64_local_copies,own_local,job,100,86648,866.48,150400
88,16,share_read_drop,std_shared,handoff,100000,1165814,11.65814,2350000
88,17,copy_read_drop,std_shared,copy,100000,1221817,12.21817,2350000
88,18,async_queue_job_1_local_copies,own_local,job,100,45908,459.08,2000
88,19,copy_read_drop,own_local,copy,100000,121289,1.21289,2350000
88,20,create_read_destroy,std_shared,asset,100000,1099115,10.99115,65000400000
88,21,group_setup_then_1_copies,own_local,group,100000,2568920,25.6892,2000000
88,22,contended_copy_2_workers,std_shared,copy,200000,3996161,19.980805,4700000
88,23,create_read_destroy,own_shared,asset,100000,1210981,12.10981,65000400000
88,24,resource_lifecycle_64_assets_4096_objects,std_shared,cycle,10,355245,35524.5,17203200
88,25,async_queue_job_1024_local_copies,own_local,job,100,423867,4238.67,2406400
88,26,frame_4096_draws_64_unique_leases,std_shared,frame,24,93188,3882.83333333,41287680
88,27,share_read_drop,own_shared,handoff,100000,510855,5.10855,2350000
88,28,weak_lock_live,std_shared,lock,100000,921263,9.21263,2350000
88,29,copy_read_drop,own_shared,copy,100000,477626,4.77626,2350000
88,30,weak_lock_expired,std_shared,lock,100000,317550,3.1755,0
88,31,group_setup_then_1_copies,std_shared,group,100000,1994881,19.94881,2000000
88,32,group_setup_then_8_copies,std_shared,group,12500,1330177,106.41416,2350000
88,33,async_queue_job_1_local_copies,std_shared,job,100,54821,548.21,2000
88,34,scene_4096_attachments,own_local,attachment,98304,151824,1.54443359375,98304
88,35,async_queue_job_64_local_copies,std_shared,job,100,191724,1917.24,150400
88,36,group_setup_then_1024_copies,std_shared,group,97,1198913,12359.9278351,2334208
89,0,weak_lock_live,std_shared,lock,100000,932580,9.3258,2350000
89,1,create_read_destroy,own_local,asset,100000,2286312,22.86312,65000400000
89,2,scene_4096_attachments,std_shared,attachment,98304,512158,5.20994059245,98304
89,3,async_queue_job_64_local_copies,own_local,job,100,69693,696.93,150400
89,4,share_read_drop,std_shared,handoff,100000,1177722,11.77722,2350000
89,5,group_setup_then_1_copies,own_local,group,100000,4281483,42.81483,2000000
89,6,frame_4096_draws_64_unique_leases,std_shared,frame,24,97655,4068.95833333,41287680
89,7,async_queue_job_1_local_copies,std_shared,job,100,58446,584.46,2000
89,8,weak_lock_expired,std_shared,lock,100000,162520,1.6252,0
89,9,async_queue_job_64_local_copies,std_shared,job,100,166035,1660.35,150400
89,10,resource_lifecycle_64_assets_4096_objects,std_shared,cycle,10,344099,34409.9,17203200
89,11,create_read_destroy,own_shared,asset,100000,1824429,18.24429,65000400000
89,12,group_setup_then_64_copies,own_local,group,1562,463736,296.886043534,2349248
89,13,localize_read_drop,std_shared,group,100000,1236209,12.36209,2350000
89,14,group_setup_then_8_copies,own_local,group,12500,581249,46.49992,2350000
89,15,async_queue_job_1024_local_copies,own_local,job,100,428955,4289.55,2406400
89,16,contended_copy_2_workers,std_shared,copy,200000,4681093,23.405465,4700000
89,17,resource_lifecycle_64_assets_4096_objects,own_local,cycle,10,238553,23855.3,17203200
89,18,group_setup_then_1_copies,std_shared,group,100000,2541559,25.41559,2000000
89,19,weak_lock_live,own_shared,lock,100000,492919,4.92919,2350000
89,20,copy_read_drop,own_local,copy,100000,123533,1.23533,2350000
89,21,borrow_read,raw_borrow,read,100000,54341,0.54341,2350000
89,22,scene_4096_attachments,own_local,attachment,98304,149672,1.52254231771,98304
89,23,group_setup_then_8_copies,std_shared,group,12500,1386922,110.95376,2350000
89,24,async_queue_job_1_local_copies,own_local,job,100,64335,643.35,2000
89,25,share_read_drop,own_shared,handoff,100000,447902,4.47902,2350000
89,26,copy_read_drop,own_shared,copy,100000,506249,5.06249,2350000
89,27,weak_lock_expired,own_shared,lock,100000,135641,1.35641,0
89,28,frame_4096_draws_64_unique_leases,own_shared,frame,24,91215,3800.625,41287680
89,29,contended_copy_2_workers,own_shared,copy,200000,1795335,8.976675,4700000
89,30,copy_read_drop,std_shared,copy,100000,1162920,11.6292,2350000
89,31,async_queue_job_1024_local_copies,std_shared,job,100,1815094,18150.94,2406400
89,32,create_read_destroy,std_shared,asset,100000,1179154,11.79154,65000400000
89,33,group_setup_then_1024_copies,std_shared,group,97,1154548,11902.556701,2334208
89,34,group_setup_then_64_copies,std_shared,group,1562,1652034,1057.64020487,2349248
89,35,localize_read_drop,own_local,group,100000,1356686,13.56686,2350000
89,36,group_setup_then_1024_copies,own_local,group,97,136783,1410.13402062,2334208
90,0,async_queue_job_1_local_copies,std_shared,job,100,83223,832.23,2000
90,1,create_read_destroy,std_shared,asset,100000,1112475,11.12475,65000400000
90,2,copy_read_drop,std_shared,copy,100000,1910976,19.10976,2350000
90,3,weak_lock_live,std_shared,lock,100000,928673,9.28673,2350000
90,4,frame_4096_draws_64_unique_leases,std_shared,frame,24,172395,7183.125,41287680
90,5,async_queue_job_64_local_copies,std_shared,job,100,298431,2984.31,150400
90,6,share_read_drop,std_shared,handoff,100000,1258081,12.58081,2350000
90,7,scene_4096_attachments,std_shared,attachment,98304,592366,6.0258585612,98304
90,8,copy_read_drop,own_shared,copy,100000,610112,6.10112,2350000
90,9,async_queue_job_64_local_copies,own_local,job,100,93899,938.99,150400
90,10,group_setup_then_1_copies,own_local,group,100000,2757649,27.57649,2000000
90,11,create_read_destroy,own_local,asset,100000,2859549,28.59549,65000400000
90,12,weak_lock_live,own_shared,lock,100000,520670,5.2067,2350000
90,13,group_setup_then_8_copies,own_local,group,12500,422324,33.78592,2350000
90,14,group_setup_then_8_copies,std_shared,group,12500,1598585,127.8868,2350000
90,15,async_queue_job_1_local_copies,own_local,job,100,313604,3136.04,2000
90,16,async_queue_job_1024_local_copies,std_shared,job,100,1888484,18884.84,2406400
90,17,share_read_drop,own_shared,handoff,100000,513800,5.138,2350000
90,18,localize_read_drop,std_shared,group,100000,1575064,15.75064,2350000
90,19,weak_lock_expired,std_shared,lock,100000,162781,1.62781,0
90,20,group_setup_then_1024_copies,own_local,group,97,138004,1422.72164948,2334208
90,21,resource_lifecycle_64_assets_4096_objects,own_local,cycle,10,240425,24042.5,17203200
90,22,resource_lifecycle_64_assets_4096_objects,std_shared,cycle,10,361284,36128.4,17203200
90,23,copy_read_drop,own_local,copy,100000,239644,2.39644,2350000
90,24,borrow_read,raw_borrow,read,100000,54721,0.54721,2350000
90,25,group_setup_then_1_copies,std_shared,group,100000,2213193,22.13193,2000000
90,26,contended_copy_2_workers,own_shared,copy,200000,2597402,12.98701,4700000
90,27,group_setup_then_64_copies,own_local,group,1562,167979,107.540973111,2349248
90,28,weak_lock_expired,own_shared,lock,100000,147519,1.47519,0
90,29,scene_4096_attachments,own_local,attachment,98304,150833,1.53435262044,98304
90,30,localize_read_drop,own_local,group,100000,1170181,11.70181,2350000
90,31,frame_4096_draws_64_unique_leases,own_shared,frame,24,123543,5147.625,41287680
90,32,create_read_destroy,own_shared,asset,100000,1346151,13.46151,65000400000
90,33,group_setup_then_1024_copies,std_shared,group,97,1165314,12013.5463918,2334208
90,34,group_setup_then_64_copies,std_shared,group,1562,1243740,796.248399488,2349248
90,35,async_queue_job_1024_local_copies,own_local,job,100,594690,5946.9,2406400
90,36,contended_copy_2_workers,std_shared,copy,200000,4891084,24.45542,4700000
91,0,group_setup_then_1024_copies,own_local,group,97,140668,1450.18556701,2334208
91,1,contended_copy_2_workers,std_shared,copy,200000,4413458,22.06729,4700000
91,2,async_queue_job_1024_local_copies,own_local,job,100,597884,5978.84,2406400
91,3,group_setup_then_8_copies,std_shared,group,12500,1289157,103.13256,2350000
91,4,async_queue_job_64_local_copies,std_shared,job,100,223411,2234.11,150400
91,5,scene_4096_attachments,std_shared,attachment,98304,497335,5.05915323893,98304
91,6,resource_lifecycle_64_assets_4096_objects,own_local,cycle,10,239604,23960.4,17203200
91,7,weak_lock_live,std_shared,lock,100000,930806,9.30806,2350000
91,8,scene_4096_attachments,own_local,attachment,98304,149631,1.52212524414,98304
91,9,share_read_drop,own_shared,handoff,100000,460861,4.60861,2350000
91,10,group_setup_then_1_copies,own_local,group,100000,2782245,27.82245,2000000
91,11,localize_read_drop,own_local,group,100000,1041581,10.41581,2350000
91,12,weak_lock_expired,own_shared,lock,100000,135481,1.35481,0
91,13,copy_read_drop,own_local,copy,100000,121389,1.21389,2350000
91,14,share_read_drop,std_shared,handoff,100000,1187026,11.87026,2350000
91,15,create_read_destroy,std_shared,asset,100000,1202588,12.02588,65000400000
91,16,frame_4096_draws_64_unique_leases,own_shared,frame,24,90865,3786.04166667,41287680
91,17,resource_lifecycle_64_assets_4096_objects,std_shared,cycle,10,364679,36467.9,17203200
91,18,borrow_read,raw_borrow,read,100000,54460,0.5446,2350000
91,19,async_queue_job_1_local_copies,std_shared,job,100,309498,3094.98,2000
91,20,create_read_destroy,own_shared,asset,100000,1419790,14.1979,65000400000
91,21,async_queue_job_64_local_copies,own_local,job,100,126171,1261.71,150400
91,22,weak_lock_expired,std_shared,lock,100000,163001,1.63001,0
91,23,async_queue_job_1_local_copies,own_local,job,100,41201,412.01,2000
91,24,create_read_destroy,own_local,asset,100000,2125013,21.25013,65000400000
91,25,group_setup_then_1024_copies,std_shared,group,97,1172764,12090.3505155,2334208
91,26,group_setup_then_1_copies,std_shared,group,100000,1909655,19.09655,2000000
91,27,async_queue_job_1024_local_copies,std_shared,job,100,1667587,16675.87,2406400
91,28,weak_lock_live,own_shared,lock,100000,450527,4.50527,2350000
91,29,frame_4096_draws_64_unique_leases,std_shared,frame,24,93078,3878.25,41287680
91,30,copy_read_drop,std_shared,copy,100000,1172384,11.72384,2350000
91,31,group_setup_then_64_copies,std_shared,group,1562,1172374,750.559539052,2349248
91,32,copy_read_drop,own_shared,copy,100000,455173,4.55173,2350000
91,33,contended_copy_2_workers,own_shared,copy,200000,5846673,29.233365,4700000
91,34,group_setup_then_64_copies,own_local,group,1562,173396,111.008962868,2349248
91,35,group_setup_then_8_copies,own_local,group,12500,383838,30.70704,2350000
91,36,localize_read_drop,std_shared,group,100000,1523143,15.23143,2350000
92,0,group_setup_then_1_copies,std_shared,group,100000,3072695,30.72695,2000000
92,1,weak_lock_live,own_shared,lock,100000,911438,9.11438,2350000
92,2,share_read_drop,own_shared,handoff,100000,484757,4.84757,2350000
92,3,group_setup_then_8_copies,std_shared,group,12500,1339351,107.14808,2350000
92,4,async_queue_job_64_local_copies,own_local,job,100,78656,786.56,150400
92,5,group_setup_then_64_copies,std_shared,group,1562,1457065,932.820102433,2349248
92,6,async_queue_job_64_local_copies,std_shared,job,100,273124,2731.24,150400
92,7,async_queue_job_1024_local_copies,own_local,job,100,389716,3897.16,2406400
92,8,group_setup_then_1024_copies,std_shared,group,97,1181577,12181.2061856,2334208
92,9,resource_lifecycle_64_assets_4096_objects,own_local,cycle,10,301145,30114.5,17203200
92,10,create_read_destroy,own_shared,asset,100000,1282597,12.82597,65000400000
92,11,borrow_read,raw_borrow,read,100000,56935,0.56935,2350000
92,12,group_setup_then_64_copies,own_local,group,1562,236890,151.658130602,2349248
92,13,create_read_destroy,std_shared,asset,100000,1242798,12.42798,65000400000
92,14,frame_4096_draws_64_unique_leases,std_shared,frame,24,123012,5125.5,41287680
92,15,weak_lock_expired,std_shared,lock,100000,162781,1.62781,0
92,16,share_read_drop,std_shared,handoff,100000,1187657,11.87657,2350000
92,17,frame_4096_draws_64_unique_leases,own_shared,frame,24,95121,3963.375,41287680
92,18,group_setup_then_1_copies,own_local,group,100000,3183348,31.83348,2000000
92,19,group_setup_then_8_copies,own_local,group,12500,396206,31.69648,2350000
92,20,contended_copy_2_workers,std_shared,copy,200000,4914419,24.572095,4700000
92,21,contended_copy_2_workers,own_shared,copy,200000,2496363,12.481815,4700000
92,22,copy_read_drop,own_local,copy,100000,122000,1.22,2350000
92,23,group_setup_then_1024_copies,own_local,group,97,138565,1428.50515464,2334208
92,24,async_queue_job_1_local_copies,std_shared,job,100,61571,615.71,2000
92,25,weak_lock_live,std_shared,lock,100000,981462,9.81462,2350000
92,26,copy_read_drop,std_shared,copy,100000,1386610,13.8661,2350000
92,27,create_read_destroy,own_local,asset,100000,2430495,24.30495,65000400000
92,28,resource_lifecycle_64_assets_4096_objects,std_shared,cycle,10,427943,42794.3,17203200
92,29,localize_read_drop,std_shared,group,100000,1205293,12.05293,2350000
92,30,scene_4096_attachments,std_shared,attachment,98304,497596,5.06180826823,98304
92,31,localize_read_drop,own_local,group,100000,1106887,11.06887,2350000
92,32,copy_read_drop,own_shared,copy,100000,490325,4.90325,2350000
92,33,async_queue_job_1_local_copies,own_local,job,100,89332,893.32,2000
92,34,async_queue_job_1024_local_copies,std_shared,job,100,4211358,42113.58,2406400
92,35,scene_4096_attachments,own_local,attachment,98304,151794,1.54412841797,98304
92,36,weak_lock_expired,own_shared,lock,100000,173797,1.73797,0
93,0,group_setup_then_1024_copies,std_shared,group,97,1149290,11848.3505155,2334208
93,1,async_queue_job_1024_local_copies,std_shared,job,100,1988581,19885.81,2406400
93,2,weak_lock_live,own_shared,lock,100000,464037,4.64037,2350000
93,3,resource_lifecycle_64_assets_4096_objects,own_local,cycle,10,241437,24143.7,17203200
93,4,localize_read_drop,own_local,group,100000,1164062,11.64062,2350000
93,5,async_queue_job_1_local_copies,own_local,job,100,69933,699.33,2000
93,6,group_setup_then_64_copies,std_shared,group,1562,1231752,788.57362356,2349248
93,7,contended_copy_2_workers,own_shared,copy,200000,3204850,16.02425,4700000
93,8,create_read_destroy,std_shared,asset,100000,1198443,11.98443,65000400000
93,9,group_setup_then_1_copies,own_local,group,100000,3086155,30.86155,2000000
93,10,async_queue_job_1_local_copies,std_shared,job,100,51246,512.46,2000
93,11,scene_4096_attachments,own_local,attachment,98304,176300,1.79341634115,98304
93,12,async_queue_job_64_local_copies,own_local,job,100,127909,1279.09,150400
93,13,group_setup_then_8_copies,own_local,group,12500,365551,29.24408,2350000
93,14,group_setup_then_1024_copies,own_local,group,97,137083,1413.22680412,2334208
93,15,resource_lifecycle_64_assets_4096_objects,std_shared,cycle,10,660717,66071.7,17203200
93,16,borrow_read,raw_borrow,read,100000,54330,0.5433,2350000
93,17,create_read_destroy,own_shared,asset,100000,1678713,16.78713,65000400000
93,18,copy_read_drop,own_shared,copy,100000,455443,4.55443,2350000
93,19,group_setup_then_8_copies,std_shared,group,12500,1271911,101.75288,2350000
93,20,copy_read_drop,std_shared,copy,100000,1522552,15.22552,2350000
93,21,weak_lock_expired,std_shared,lock,100000,162630,1.6263,0
93,22,create_read_destroy,own_local,asset,100000,2171792,21.71792,65000400000
93,23,frame_4096_draws_64_unique_leases,own_shared,frame,24,92377,3849.04166667,41287680
93,24,copy_read_drop,own_local,copy,100000,135290,1.3529,2350000
93,25,share_read_drop,std_shared,handoff,100000,1323538,13.23538,2350000
93,26,localize_read_drop,std_shared,group,100000,1210360,12.1036,2350000
93,27,scene_4096_attachments,std_shared,attachment,98304,521812,5.30814615885,98304
93,28,contended_copy_2_workers,std_shared,copy,200000,8548023,42.740115,4700000
93,29,frame_4096_draws_64_unique_leases,std_shared,frame,24,92817,3867.375,41287680
93,30,share_read_drop,own_shared,handoff,100000,606206,6.06206,2350000
93,31,group_setup_then_1_copies,std_shared,group,100000,2563271,25.63271,2000000
93,32,group_setup_then_64_copies,own_local,group,1562,214177,137.11715749,2349248
93,33,weak_lock_expired,own_shared,lock,100000,135781,1.35781,0
93,34,async_queue_job_1024_local_copies,own_local,job,100,415695,4156.95,2406400
93,35,async_queue_job_64_local_copies,std_shared,job,100,272133,2721.33,150400
93,36,weak_lock_live,std_shared,lock,100000,954372,9.54372,2350000
94,0,create_read_destroy,own_shared,asset,100000,1356707,13.56707,65000400000
94,1,async_queue_job_64_local_copies,std_shared,job,100,211283,2112.83,150400
94,2,weak_lock_live,own_shared,lock,100000,455143,4.55143,2350000
94,3,create_read_destroy,own_local,asset,100000,2250859,22.50859,65000400000
94,4,group_setup_then_64_copies,std_shared,group,1562,1219364,780.642765685,2349248
94,5,scene_4096_attachments,own_local,attachment,98304,151354,1.53965250651,98304
94,6,group_setup_then_1024_copies,own_local,group,97,135971,1401.7628866,2334208
94,7,async_queue_job_64_local_copies,own_local,job,100,86918,869.18,150400
94,8,copy_read_drop,std_shared,copy,100000,1266393,12.66393,2350000
94,9,frame_4096_draws_64_unique_leases,std_shared,frame,24,90984,3791,41287680
94,10,localize_read_drop,std_shared,group,100000,1165574,11.65574,2350000
94,11,async_queue_job_1_local_copies,std_shared,job,100,55742,557.42,2000
94,12,weak_lock_live,std_shared,lock,100000,1500129,15.00129,2350000
94,13,frame_4096_draws_64_unique_leases,own_shared,frame,24,90855,3785.625,41287680
94,14,scene_4096_attachments,std_shared,attachment,98304,514691,5.23570760091,98304
94,15,create_read_destroy,std_shared,asset,100000,1412699,14.12699,65000400000
94,16,group_setup_then_1_copies,own_local,group,100000,2754634,27.54634,2000000
94,17,copy_read_drop,own_shared,copy,100000,618314,6.18314,2350000
94,18,async_queue_job_1_local_copies,own_local,job,100,64916,649.16,2000
94,19,contended_copy_2_workers,own_shared,copy,200000,2021420,10.1071,4700000
94,20,group_setup_then_1024_copies,std_shared,group,97,1362295,14044.2783505,2334208
94,21,group_setup_then_8_copies,own_local,group,12500,481592,38.52736,2350000
94,22,copy_read_drop,own_local,copy,100000,121740,1.2174,2350000
94,23,localize_read_drop,own_local,group,100000,1461211,14.61211,2350000
94,24,resource_lifecycle_64_assets_4096_objects,std_shared,cycle,10,368495,36849.5,17203200
94,25,share_read_drop,std_shared,handoff,100000,1315786,13.15786,2350000
94,26,resource_lifecycle_64_assets_4096_objects,own_local,cycle,10,234317,23431.7,17203200
94,27,share_read_drop,own_shared,handoff,100000,476976,4.76976,2350000
94,28,contended_copy_2_workers,std_shared,copy,200000,4907418,24.53709,4700000
94,29,group_setup_then_64_copies,own_local,group,1562,166036,106.297055058,2349248
94,30,group_setup_then_1_copies,std_shared,group,100000,2497314,24.97314,2000000
94,31,borrow_read,raw_borrow,read,100000,54360,0.5436,2350000
94,32,group_setup_then_8_copies,std_shared,group,12500,1861203,148.89624,2350000
94,33,async_queue_job_1024_local_copies,own_local,job,100,401214,4012.14,2406400
94,34,weak_lock_expired,own_shared,lock,100000,155110,1.5511,0
94,35,async_queue_job_1024_local_copies,std_shared,job,100,1827763,18277.63,2406400
94,36,weak_lock_expired,std_shared,lock,100000,209780,2.0978,0
95,0,frame_4096_draws_64_unique_leases,own_shared,frame,24,93038,3876.58333333,41287680
95,1,copy_read_drop,own_local,copy,100000,121320,1.2132,2350000
95,2,contended_copy_2_workers,std_shared,copy,200000,4219091,21.095455,4700000
95,3,scene_4096_attachments,std_shared,attachment,98304,529644,5.38781738281,98304
95,4,weak_lock_live,own_shared,lock,100000,1103593,11.03593,2350000
95,5,contended_copy_2_workers,own_shared,copy,200000,3084732,15.42366,4700000
95,6,group_setup_then_8_copies,std_shared,group,12500,1547498,123.79984,2350000
95,7,weak_lock_expired,own_shared,lock,100000,135530,1.3553,0
95,8,async_queue_job_1024_local_copies,own_local,job,100,329758,3297.58,2406400
95,9,create_read_destroy,own_shared,asset,100000,1516533,15.16533,65000400000
95,10,frame_4096_draws_64_unique_leases,std_shared,frame,24,91936,3830.66666667,41287680
95,11,group_setup_then_64_copies,std_shared,group,1562,1262808,808.455825864,2349248
95,12,group_setup_then_1024_copies,std_shared,group,97,1176660,12130.5154639,2334208
95,13,async_queue_job_64_local_copies,own_local,job,100,66829,668.29,150400
95,14,scene_4096_attachments,own_local,attachment,98304,454752,4.6259765625,98304
95,15,group_setup_then_64_copies,own_local,group,1562,178114,114.029449424,2349248
95,16,group_setup_then_8_copies,own_local,group,12500,349807,27.98456,2350000
95,17,create_read_destroy,std_shared,asset,100000,1195308,11.95308,65000400000
95,18,weak_lock_expired,std_shared,lock,100000,183862,1.83862,0
95,19,group_setup_then_1024_copies,own_local,group,97,137693,1419.51546392,2334208
95,20,weak_lock_live,std_shared,lock,100000,1005076,10.05076,2350000
95,21,copy_read_drop,own_shared,copy,100000,455063,4.55063,2350000
95,22,share_read_drop,std_shared,handoff,100000,1185303,11.85303,2350000
95,23,async_queue_job_1_local_copies,std_shared,job,100,58507,585.07,2000
95,24,localize_read_drop,std_shared,group,100000,1192554,11.92554,2350000
95,25,async_queue_job_1_local_copies,own_local,job,100,51065,510.65,2000
95,26,resource_lifecycle_64_assets_4096_objects,own_local,cycle,10,245072,24507.2,17203200
95,27,async_queue_job_64_local_copies,std_shared,job,100,203551,2035.51,150400
95,28,resource_lifecycle_64_assets_4096_objects,std_shared,cycle,10,359963,35996.3,17203200
95,29,localize_read_drop,own_local,group,100000,1201477,12.01477,2350000
95,30,group_setup_then_1_copies,std_shared,group,100000,1854512,18.54512,2000000
95,31,copy_read_drop,std_shared,copy,100000,1330708,13.30708,2350000
95,32,group_setup_then_1_copies,own_local,group,100000,2707344,27.07344,2000000
95,33,create_read_destroy,own_local,asset,100000,3827752,38.27752,65000400000
95,34,async_queue_job_1024_local_copies,std_shared,job,100,1814623,18146.23,2406400
95,35,share_read_drop,own_shared,handoff,100000,509964,5.09964,2350000
95,36,borrow_read,raw_borrow,read,100000,54350,0.5435,2350000
96,0,share_read_drop,own_shared,handoff,100000,445960,4.4596,2350000
96,1,localize_read_drop,own_local,group,100000,1124133,11.24133,2350000
96,2,group_setup_then_1024_copies,own_local,group,97,226074,2330.65979381,2334208
96,3,scene_4096_attachments,std_shared,attachment,98304,540379,5.49701944987,98304
96,4,group_setup_then_64_copies,own_local,group,1562,166186,106.393085787,2349248
96,5,frame_4096_draws_64_unique_leases,own_shared,frame,24,93818,3909.08333333,41287680
96,6,contended_copy_2_workers,own_shared,copy,200000,1885930,9.42965,4700000
96,7,share_read_drop,std_shared,handoff,100000,1186615,11.86615,2350000
96,8,create_read_destroy,own_shared,asset,100000,1359151,13.59151,65000400000
96,9,weak_lock_live,std_shared,lock,100000,1065806,10.65806,2350000
96,10,weak_lock_live,own_shared,lock,100000,510826,5.10826,2350000
96,11,async_queue_job_64_local_copies,own_local,job,100,116382,1163.82,150400
96,12,resource_lifecycle_64_assets_4096_objects,std_shared,cycle,10,343948,34394.8,17203200
96,13,group_setup_then_8_copies,std_shared,group,12500,1295105,103.6084,2350000
96,14,group_setup_then_1_copies,std_shared,group,100000,2240935,22.40935,2000000
96,15,copy_read_drop,own_shared,copy,100000,782608,7.82608,2350000
96,16,contended_copy_2_workers,std_shared,copy,200000,5062032,25.31016,4700000
96,17,async_queue_job_64_local_copies,std_shared,job,100,212945,2129.45,150400
96,18,async_queue_job_1_local_copies,own_local,job,100,66389,663.89,2000
96,19,resource_lifecycle_64_assets_4096_objects,own_local,cycle,10,354985,35498.5,17203200
96,20,group_setup_then_1_copies,own_local,group,100000,2586806,25.86806,2000000
96,21,group_setup_then_64_copies,std_shared,group,1562,1255157,803.557618438,2349248
96,22,async_queue_job_1_local_copies,std_shared,job,100,61231,612.31,2000
96,23,create_read_destroy,std_shared,asset,100000,1296968,12.96968,65000400000
96,24,copy_read_drop,own_local,copy,100000,121580,1.2158,2350000
96,25,borrow_read,raw_borrow,read,100000,54340,0.5434,2350000
96,26,create_read_destroy,own_local,asset,100000,2154707,21.54707,65000400000
96,27,frame_4096_draws_64_unique_leases,std_shared,frame,24,132536,5522.33333333,41287680
96,28,scene_4096_attachments,own_local,attachment,98304,149822,1.52406819661,98304
96,29,localize_read_drop,std_shared,group,100000,1234345,12.34345,2350000
96,30,copy_read_drop,std_shared,copy,100000,1173566,11.73566,2350000
96,31,async_queue_job_1024_local_copies,own_local,job,100,444327,4443.27,2406400
96,32,weak_lock_expired,own_shared,lock,100000,200877,2.00877,0
96,33,weak_lock_expired,std_shared,lock,100000,165204,1.65204,0
96,34,group_setup_then_1024_copies,std_shared,group,97,1291280,13312.1649485,2334208
96,35,group_setup_then_8_copies,own_local,group,12500,405700,32.456,2350000
96,36,async_queue_job_1024_local_copies,std_shared,job,100,2062100,20621,2406400
97,0,contended_copy_2_workers,own_shared,copy,200000,1848574,9.24287,4700000
97,1,group_setup_then_64_copies,std_shared,group,1562,1538966,985.253521127,2349248
97,2,localize_read_drop,std_shared,group,100000,1209028,12.09028,2350000
97,3,async_queue_job_1_local_copies,std_shared,job,100,85957,859.57,2000
97,4,copy_read_drop,std_shared,copy,100000,1703740,17.0374,2350000
97,5,weak_lock_live,std_shared,lock,100000,1037855,10.37855,2350000
97,6,async_queue_job_1024_local_copies,own_local,job,100,434493,4344.93,2406400
97,7,scene_4096_attachments,std_shared,attachment,98304,512739,5.21585083008,98304
97,8,async_queue_job_64_local_copies,std_shared,job,100,307424,3074.24,150400
97,9,group_setup_then_1024_copies,own_local,group,97,142751,1471.65979381,2334208
97,10,create_read_destroy,std_shared,asset,100000,1255066,12.55066,65000400000
97,11,group_setup_then_8_copies,own_local,group,12500,347124,27.76992,2350000
97,12,group_setup_then_1024_copies,std_shared,group,97,1179024,12154.8865979,2334208
97,13,group_setup_then_1_copies,std_shared,group,100000,1881543,18.81543,2000000
97,14,create_read_destroy,own_local,asset,100000,2332250,23.3225,65000400000
97,15,copy_read_drop,own_local,copy,100000,121700,1.217,2350000
97,16,async_queue_job_1_local_copies,own_local,job,100,64366,643.66,2000
97,17,create_read_destroy,own_shared,asset,100000,1218402,12.18402,65000400000
97,18,localize_read_drop,own_local,group,100000,1106877,11.06877,2350000
97,19,group_setup_then_8_copies,std_shared,group,12500,1241396,99.31168,2350000
97,20,async_queue_job_1024_local_copies,std_shared,job,100,1907651,19076.51,2406400
97,21,group_setup_then_64_copies,own_local,group,1562,243470,155.870678617,2349248
97,22,group_setup_then_1_copies,own_local,group,100000,2638853,26.38853,2000000
97,23,scene_4096_attachments,own_local,attachment,98304,150944,1.53548177083,98304
97,24,copy_read_drop,own_shared,copy,100000,477497,4.77497,2350000
97,25,frame_4096_draws_64_unique_leases,own_shared,frame,24,89853,3743.875,41287680
97,26,async_queue_job_64_local_copies,own_local,job,100,66027,660.27,150400
97,27,share_read_drop,std_shared,handoff,100000,1194506,11.94506,2350000
97,28,resource_lifecycle_64_assets_4096_objects,own_local,cycle,10,243000,24300,17203200
97,29,borrow_read,raw_borrow,read,100000,66979,0.66979,2350000
97,30,frame_4096_draws_64_unique_leases,std_shared,frame,24,91265,3802.70833333,41287680
97,31,share_read_drop,own_shared,handoff,100000,496455,4.96455,2350000
97,32,resource_lifecycle_64_assets_4096_objects,std_shared,cycle,10,337419,33741.9,17203200
97,33,weak_lock_expired,std_shared,lock,100000,189841,1.89841,0
97,34,weak_lock_expired,own_shared,lock,100000,135501,1.35501,0
97,35,weak_lock_live,own_shared,lock,100000,450026,4.50026,2350000
97,36,contended_copy_2_workers,std_shared,copy,200000,4674664,23.37332,4700000
98,0,async_queue_job_1_local_copies,std_shared,job,100,62623,626.23,2000
98,1,group_setup_then_1024_copies,std_shared,group,97,1211962,12494.4536082,2334208
98,2,share_read_drop,std_shared,handoff,100000,1199344,11.99344,2350000
98,3,scene_4096_attachments,own_local,attachment,98304,162560,1.65364583333,98304
98,4,scene_4096_attachments,std_shared,attachment,98304,500590,5.0922648112,98304
98,5,weak_lock_expired,std_shared,lock,100000,164754,1.64754,0
98,6,group_setup_then_64_copies,own_local,group,1562,168839,108.091549296,2349248
98,7,borrow_read,raw_borrow,read,100000,66057,0.66057,2350000
98,8,async_queue_job_1024_local_copies,std_shared,job,100,1856636,18566.36,2406400
98,9,group_setup_then_1_copies,own_local,group,100000,2582089,25.82089,2000000
98,10,create_read_destroy,own_local,asset,100000,2244049,22.44049,65000400000
98,11,group_setup_then_1_copies,std_shared,group,100000,2245682,22.45682,2000000
98,12,group_setup_then_64_copies,std_shared,group,1562,1329286,851.015364917,2349248
98,13,resource_lifecycle_64_assets_4096_objects,std_shared,cycle,10,343438,34343.8,17203200
98,14,group_setup_then_8_copies,own_local,group,12500,535532,42.84256,2350000
98,15,create_read_destroy,std_shared,asset,100000,1168408,11.68408,65000400000
98,16,localize_read_drop,std_shared,group,100000,1475983,14.75983,2350000
98,17,copy_read_drop,std_shared,copy,100000,1280163,12.80163,2350000
98,18,weak_lock_live,own_shared,lock,100000,450356,4.50356,2350000
98,19,copy_read_drop,own_shared,copy,100000,469054,4.69054,2350000
98,20,contended_copy_2_workers,std_shared,copy,200000,4164119,20.820595,4700000
98,21,group_setup_then_8_copies,std_shared,group,12500,1391087,111.28696,2350000
98,22,async_queue_job_64_local_copies,own_local,job,100,73018,730.18,150400
98,23,group_setup_then_1024_copies,own_local,group,97,138074,1423.44329897,2334208
98,24,contended_copy_2_workers,own_shared,copy,200000,2802174,14.01087,4700000
98,25,copy_read_drop,own_local,copy,100000,121590,1.2159,2350000
98,26,share_read_drop,own_shared,handoff,100000,489114,4.89114,2350000
98,27,resource_lifecycle_64_assets_4096_objects,own_local,cycle,10,239184,23918.4,17203200
98,28,localize_read_drop,own_local,group,100000,1311860,13.1186,2350000
98,29,weak_lock_expired,own_shared,lock,100000,135460,1.3546,0
98,30,frame_4096_draws_64_unique_leases,std_shared,frame,24,155520,6480,41287680
98,31,async_queue_job_1_local_copies,own_local,job,100,56764,567.64,2000
98,32,create_read_destroy,own_shared,asset,100000,1226764,12.26764,65000400000
98,33,weak_lock_live,std_shared,lock,100000,950186,9.50186,2350000
98,34,async_queue_job_1024_local_copies,own_local,job,100,393793,3937.93,2406400
98,35,async_queue_job_64_local_copies,std_shared,job,100,233335,2333.35,150400
98,36,frame_4096_draws_64_unique_leases,own_shared,frame,24,139276,5803.16666667,41287680
99,0,contended_copy_2_workers,own_shared,copy,200000,2333070,11.66535,4700000
99,1,weak_lock_expired,std_shared,lock,100000,165745,1.65745,0
99,2,async_queue_job_1_local_copies,std_shared,job,100,49122,491.22,2000
99,3,contended_copy_2_workers,std_shared,copy,200000,4877664,24.38832,4700000
99,4,frame_4096_draws_64_unique_leases,std_shared,frame,24,95672,3986.33333333,41287680
99,5,async_queue_job_64_local_copies,own_local,job,100,55953,559.53,150400
99,6,resource_lifecycle_64_assets_4096_objects,std_shared,cycle,10,374173,37417.3,17203200
99,7,async_queue_job_1024_local_copies,std_shared,job,100,1819251,18192.51,2406400
99,8,group_setup_then_64_copies,std_shared,group,1562,1227015,785.540973111,2349248
99,9,async_queue_job_64_local_copies,std_shared,job,100,247806,2478.06,150400
99,10,group_setup_then_1_copies,std_shared,group,100000,1868403,18.68403,2000000
99,11,scene_4096_attachments,std_shared,attachment,98304,495042,5.03582763672,98304
99,12,localize_read_drop,own_local,group,100000,1273444,12.73444,2350000
99,13,group_setup_then_8_copies,std_shared,group,12500,1485477,118.83816,2350000
99,14,weak_lock_live,std_shared,lock,100000,1295185,12.95185,2350000
99,15,localize_read_drop,std_shared,group,100000,1198042,11.98042,2350000
99,16,async_queue_job_1024_local_copies,own_local,job,100,592877,5928.77,2406400
99,17,scene_4096_attachments,own_local,attachment,98304,149782,1.52366129557,98304
99,18,share_read_drop,std_shared,handoff,100000,1269547,12.69547,2350000
99,19,borrow_read,raw_borrow,read,100000,54410,0.5441,2350000
99,20,copy_read_drop,own_shared,copy,100000,468893,4.68893,2350000
99,21,create_read_destroy,std_shared,asset,100000,1105465,11.05465,65000400000
99,22,copy_read_drop,std_shared,copy,100000,1182108,11.82108,2350000
99,23,group_setup_then_8_copies,own_local,group,12500,399000,31.92,2350000
99,24,create_read_destroy,own_shared,asset,100000,1219594,12.19594,65000400000
99,25,create_read_destroy,own_local,asset,100000,2404136,24.04136,65000400000
99,26,share_read_drop,own_shared,handoff,100000,519308,5.19308,2350000
99,27,weak_lock_expired,own_shared,lock,100000,135821,1.35821,0
99,28,resource_lifecycle_64_assets_4096_objects,own_local,cycle,10,238282,23828.2,17203200
99,29,weak_lock_live,own_shared,lock,100000,633277,6.33277,2350000
99,30,group_setup_then_1024_copies,own_local,group,97,137453,1417.04123711,2334208
99,31,frame_4096_draws_64_unique_leases,own_shared,frame,24,90123,3755.125,41287680
99,32,group_setup_then_1_copies,own_local,group,100000,2743808,27.43808,2000000
99,33,async_queue_job_1_local_copies,own_local,job,100,58336,583.36,2000
99,34,group_setup_then_1024_copies,std_shared,group,97,1154097,11897.9072165,2334208
99,35,copy_read_drop,own_local,copy,100000,173557,1.73557,2350000
99,36,group_setup_then_64_copies,own_local,group,1562,166977,106.899487836,2349248
100,0,group_setup_then_1024_copies,own_local,group,97,159125,1640.46391753,2334208
100,1,frame_4096_draws_64_unique_leases,own_shared,frame,24,88941,3705.875,41287680
100,2,async_queue_job_1_local_copies,std_shared,job,100,70985,709.85,2000
100,3,contended_copy_2_workers,std_shared,copy,200000,5295582,26.47791,4700000
100,4,group_setup_then_1_copies,own_local,group,100000,2562220,25.6222,2000000
100,5,async_queue_job_1_local_copies,own_local,job,100,51626,516.26,2000
100,6,create_read_destroy,own_shared,asset,100000,1257470,12.5747,65000400000
100,7,async_queue_job_1024_local_copies,own_local,job,100,380532,3805.32,2406400
100,8,share_read_drop,own_shared,handoff,100000,464307,4.64307,2350000
100,9,group_setup_then_8_copies,std_shared,group,12500,1247485,99.7988,2350000
100,10,group_setup_then_64_copies,std_shared,group,1562,1172454,750.610755442,2349248
100,11,weak_lock_expired,own_shared,lock,100000,135761,1.35761,0
100,12,copy_read_drop,own_shared,copy,100000,612496,6.12496,2350000
100,13,scene_4096_attachments,own_local,attachment,98304,150402,1.52996826172,98304
100,14,group_setup_then_64_copies,own_local,group,1562,166386,106.521126761,2349248
100,15,async_queue_job_64_local_copies,own_local,job,100,82863,828.63,150400
100,16,copy_read_drop,own_local,copy,100000,151014,1.51014,2350000
100,17,share_read_drop,std_shared,handoff,100000,1302247,13.02247,2350000
100,18,async_queue_job_64_local_copies,std_shared,job,100,272723,2727.23,150400
100,19,create_read_destroy,own_local,asset,100000,2175147,21.75147,65000400000
100,20,scene_4096_attachments,std_shared,attachment,98304,519969,5.28939819336,98304
100,21,borrow_read,raw_borrow,read,100000,54350,0.5435,2350000
100,22,contended_copy_2_workers,own_shared,copy,200000,1925077,9.625385,4700000
100,23,create_read_destroy,std_shared,asset,100000,1210330,12.1033,65000400000
100,24,async_queue_job_1024_local_copies,std_shared,job,100,1850818,18508.18,2406400
100,25,weak_lock_expired,std_shared,lock,100000,167557,1.67557,0
100,26,group_setup_then_1_copies,std_shared,group,100000,1899760,18.9976,2000000
100,27,localize_read_drop,own_local,group,100000,1120787,11.20787,2350000
100,28,group_setup_then_8_copies,own_local,group,12500,375545,30.0436,2350000
100,29,resource_lifecycle_64_assets_4096_objects,own_local,cycle,10,285282,28528.2,17203200
100,30,group_setup_then_1024_copies,std_shared,group,97,1191191,12280.3195876,2334208
100,31,weak_lock_live,std_shared,lock,100000,1195618,11.95618,2350000
100,32,localize_read_drop,std_shared,group,100000,1180957,11.80957,2350000
100,33,resource_lifecycle_64_assets_4096_objects,std_shared,cycle,10,358240,35824,17203200
100,34,weak_lock_live,own_shared,lock,100000,450417,4.50417,2350000
100,35,copy_read_drop,std_shared,copy,100000,1222849,12.22849,2350000
100,36,frame_4096_draws_64_unique_leases,std_shared,frame,24,125957,5248.20833333,41287680
