round,order,case,implementation,unit,operations,elapsed_ns,ns_per_operation,checksum
0,0,weak_lock_live,own_shared,lock,100000,1544652,15.44652,2350000
0,1,localize_read_drop,own_local,group,100000,1294118,12.94118,2350000
0,2,async_queue_job_1_local_copies,std_shared,job,100,67644,676.44,2000
0,3,async_queue_job_64_borrow_reads,std_shared_then_raw_borrow,job,100,81599,815.99,150400
0,4,async_queue_job_64_local_copies,own_local,job,100,124423,1244.23,150400
0,5,async_queue_job_1024_borrow_reads,std_shared_then_raw_borrow,job,100,121494,1214.94,2406400
0,6,async_queue_job_1024_borrow_reads,own_shared_then_local_view,job,100,111116,1111.16,2406400
0,7,group_setup_then_1_copies,std_shared,group,100000,3353643,33.53643,2000000
0,8,localize_read_drop,std_shared,group,100000,1484190,14.8419,2350000
0,9,weak_lock_live,std_shared,lock,100000,1710985,17.10985,2350000
0,10,group_setup_then_1024_copies,std_shared,group,97,1648238,16992.1443299,2334208
0,11,group_setup_then_64_copies,std_shared,group,1562,1733551,1109.82778489,2349248
0,12,async_queue_job_64_local_copies,std_shared,job,100,308487,3084.87,150400
0,13,scene_4096_attachments,own_local,attachment,98304,140597,1.43022664388,98304
0,14,resource_lifecycle_64_assets_4096_objects,own_local,cycle,10,197969,19796.9,17203200
0,15,resource_lifecycle_64_assets_4096_objects,std_shared,cycle,10,517757,51775.7,17203200
0,16,owner_retained_borrow_parameter,own_local_view,call,100000,66399,0.66399,2350000
0,17,async_queue_job_1_borrow_reads,own_shared_then_local_view,job,100,66687,666.87,2000
0,18,share_read_drop,own_shared,handoff,100000,1120093,11.20093,2350000
0,19,contended_copy_2_workers,own_shared,copy,200000,9774439,48.872195,4700000
0,20,independent_owner_parameter,own_local,call,100000,115824,1.15824,2350000
0,21,share_read_drop,std_shared,handoff,100000,1464756,14.64756,2350000
0,22,independent_owner_parameter,own_shared,call,100000,1483970,14.8397,2350000
0,23,owner_retained_4096_parameter_borrows,own_local_view,frame,24,85661,3569.20833333,41287680
0,24,owner_retained_4096_draw_borrows,own_local_view,frame,24,46893,1953.875,41287680
0,25,group_setup_then_64_copies,own_local,group,1562,115005,73.6267605634,2349248
0,26,group_setup_then_8_copies,own_local,group,12500,250043,20.00344,2350000
0,27,resettable_root_pin_1024_borrow_reads,own_shared_pin_local_view,scope,97,31409,323.804123711,2334208
0,28,async_queue_job_1024_local_copies,own_local,job,100,226633,2266.33,2406400
0,29,create_read_destroy,own_local,asset,100000,1533720,15.3372,65000400000
0,30,group_setup_then_1024_copies,own_local,group,97,90889,937,2334208
0,31,owner_retained_4096_draw_borrows,std_raw_borrow,frame,24,47873,1994.70833333,41287680
0,32,copy_read_drop,own_shared,copy,100000,1124780,11.2478,2350000
0,33,async_queue_job_1_borrow_reads,std_shared_then_raw_borrow,job,100,113026,1130.26,2000
0,34,copy_read_drop,own_local,copy,100000,101364,1.01364,2350000
0,35,independent_owner_parameter,std_shared,call,100000,1809823,18.09823,2350000
0,36,async_queue_job_1024_local_copies,std_shared,job,100,2525500,25255,2406400
0,37,frame_4096_draws_64_unique_leases,own_shared,frame,24,87266,3636.08333333,41287680
0,38,copy_read_drop,std_shared,copy,100000,2125829,21.25829,2350000
0,39,contended_copy_2_workers,std_shared,copy,200000,14817864,74.08932,4700000
0,40,frame_4096_draws_64_unique_leases,std_shared,frame,24,87617,3650.70833333,41287680
0,41,group_setup_then_1_copies,own_local,group,100000,1358092,13.58092,2000000
0,42,async_queue_job_64_borrow_reads,own_shared_then_local_view,job,100,66421,664.21,150400
0,43,owner_retained_borrow_copy_read,own_local_view,read,100000,30126,0.30126,2350000
0,44,scene_4096_attachments,std_shared,attachment,98304,1113284,11.3249104818,98304
0,45,owner_retained_4096_parameter_borrows,std_raw_borrow,frame,24,77382,3224.25,41287680
0,46,resettable_root_pin_1024_borrow_reads,std_shared_pin_raw_borrow,scope,97,31898,328.845360825,2334208
0,47,group_setup_then_8_copies,std_shared,group,12500,1872401,149.79208,2350000
0,48,async_queue_job_1_local_copies,own_local,job,100,47558,475.58,2000
0,49,create_read_destroy,own_shared,asset,100000,1280386,12.80386,65000400000
0,50,weak_lock_expired,own_shared,lock,100000,77187,0.77187,0
0,51,weak_lock_expired,std_shared,lock,100000,85698,0.85698,0
0,52,owner_retained_borrow_parameter,std_raw_borrow,call,100000,59986,0.59986,2350000
0,53,create_read_destroy,std_shared,asset,100000,1313091,13.13091,65000400000
0,54,owner_retained_borrow_copy_read,std_raw_borrow,read,100000,30414,0.30414,2350000
0,55,borrow_read,raw_borrow,read,100000,36072,0.36072,2350000
1,0,resettable_root_pin_1024_borrow_reads,std_shared_pin_raw_borrow,scope,97,31677,326.567010309,2334208
1,1,group_setup_then_8_copies,std_shared,group,12500,1862925,149.034,2350000
1,2,async_queue_job_1024_borrow_reads,std_shared_then_raw_borrow,job,100,119591,1195.91,2406400
1,3,group_setup_then_1024_copies,std_shared,group,97,1648205,16991.8041237,2334208
1,4,group_setup_then_1_copies,std_shared,group,100000,3318172,33.18172,2000000
1,5,async_queue_job_1_local_copies,own_local,job,100,62766,627.66,2000
1,6,owner_retained_4096_draw_borrows,std_raw_borrow,frame,24,47685,1986.875,41287680
1,7,copy_read_drop,std_shared,copy,100000,1669412,16.69412,2350000
1,8,localize_read_drop,own_local,group,100000,1292741,12.92741,2350000
1,9,create_read_destroy,own_shared,asset,100000,1191710,11.9171,65000400000
1,10,group_setup_then_8_copies,own_local,group,12500,261609,20.92872,2350000
1,11,owner_retained_4096_parameter_borrows,std_raw_borrow,frame,24,93379,3890.79166667,41287680
1,12,share_read_drop,own_shared,handoff,100000,1096467,10.96467,2350000
1,13,copy_read_drop,own_shared,copy,100000,1078200,10.782,2350000
1,14,frame_4096_draws_64_unique_leases,own_shared,frame,24,104386,4349.41666667,41287680
1,15,group_setup_then_1024_copies,own_local,group,97,92401,952.587628866,2334208
1,16,frame_4096_draws_64_unique_leases,std_shared,frame,24,85314,3554.75,41287680
1,17,group_setup_then_1_copies,own_local,group,100000,1368029,13.68029,2000000
1,18,async_queue_job_1024_local_copies,std_shared,job,100,2491803,24918.03,2406400
1,19,weak_lock_expired,std_shared,lock,100000,85623,0.85623,0
1,20,scene_4096_attachments,std_shared,attachment,98304,944616,9.60913085938,98304
1,21,resettable_root_pin_1024_borrow_reads,own_shared_pin_local_view,scope,97,31434,324.06185567,2334208
1,22,async_queue_job_1024_borrow_reads,own_shared_then_local_view,job,100,179149,1791.49,2406400
1,23,borrow_read,raw_borrow,read,100000,35122,0.35122,2350000
1,24,independent_owner_parameter,std_shared,call,100000,1671042,16.71042,2350000
1,25,contended_copy_2_workers,own_shared,copy,200000,9742445,48.712225,4700000
1,26,contended_copy_2_workers,std_shared,copy,200000,13011686,65.05843,4700000
1,27,group_setup_then_64_copies,std_shared,group,1562,1672070,1070.46734955,2349248
1,28,create_read_destroy,std_shared,asset,100000,1258595,12.58595,65000400000
1,29,independent_owner_parameter,own_shared,call,100000,1481174,14.81174,2350000
1,30,async_queue_job_1_local_copies,std_shared,job,100,90500,905,2000
1,31,independent_owner_parameter,own_local,call,100000,115433,1.15433,2350000
1,32,owner_retained_borrow_copy_read,std_raw_borrow,read,100000,30413,0.30413,2350000
1,33,owner_retained_borrow_parameter,own_local_view,call,100000,61613,0.61613,2350000
1,34,weak_lock_live,own_shared,lock,100000,1494223,14.94223,2350000
1,35,create_read_destroy,own_local,asset,100000,1521482,15.21482,65000400000
1,36,resource_lifecycle_64_assets_4096_objects,std_shared,cycle,10,540871,54087.1,17203200
1,37,async_queue_job_1_borrow_reads,own_shared_then_local_view,job,100,73074,730.74,2000
1,38,weak_lock_live,std_shared,lock,100000,1678745,16.78745,2350000
1,39,async_queue_job_64_local_copies,std_shared,job,100,316063,3160.63,150400
1,40,localize_read_drop,std_shared,group,100000,1473639,14.73639,2350000
1,41,copy_read_drop,own_local,copy,100000,117162,1.17162,2350000
1,42,scene_4096_attachments,own_local,attachment,98304,157536,1.6025390625,98304
1,43,owner_retained_4096_parameter_borrows,own_local_view,frame,24,97187,4049.45833333,41287680
1,44,async_queue_job_64_borrow_reads,own_shared_then_local_view,job,100,60851,608.51,150400
1,45,async_queue_job_1024_local_copies,own_local,job,100,205823,2058.23,2406400
1,46,async_queue_job_64_borrow_reads,std_shared_then_raw_borrow,job,100,47026,470.26,150400
1,47,share_read_drop,std_shared,handoff,100000,1589615,15.89615,2350000
1,48,async_queue_job_1_borrow_reads,std_shared_then_raw_borrow,job,100,70462,704.62,2000
1,49,async_queue_job_64_local_copies,own_local,job,100,70970,709.7,150400
1,50,weak_lock_expired,own_shared,lock,100000,83630,0.8363,0
1,51,owner_retained_borrow_copy_read,own_local_view,read,100000,33078,0.33078,2350000
1,52,resource_lifecycle_64_assets_4096_objects,own_local,cycle,10,202982,20298.2,17203200
1,53,owner_retained_borrow_parameter,std_raw_borrow,call,100000,69239,0.69239,2350000
1,54,group_setup_then_64_copies,own_local,group,1562,120899,77.400128041,2349248
1,55,owner_retained_4096_draw_borrows,own_local_view,frame,24,50792,2116.33333333,41287680
2,0,async_queue_job_1024_borrow_reads,own_shared_then_local_view,job,100,126952,1269.52,2406400
2,1,create_read_destroy,own_local,asset,100000,1877007,18.77007,65000400000
2,2,independent_owner_parameter,own_shared,call,100000,1458461,14.58461,2350000
2,3,copy_read_drop,own_local,copy,100000,101064,1.01064,2350000
2,4,group_setup_then_1_copies,own_local,group,100000,1479780,14.7978,2000000
2,5,owner_retained_borrow_copy_read,own_local_view,read,100000,32552,0.32552,2350000
2,6,resettable_root_pin_1024_borrow_reads,std_shared_pin_raw_borrow,scope,97,39470,406.907216495,2334208
2,7,localize_read_drop,std_shared,group,100000,1620614,16.20614,2350000
2,8,copy_read_drop,own_shared,copy,100000,1169801,11.69801,2350000
2,9,owner_retained_borrow_parameter,std_raw_borrow,call,100000,60023,0.60023,2350000
2,10,copy_read_drop,std_shared,copy,100000,1694044,16.94044,2350000
2,11,owner_retained_4096_draw_borrows,std_raw_borrow,frame,24,48277,2011.54166667,41287680
2,12,create_read_destroy,own_shared,asset,100000,1218320,12.1832,65000400000
2,13,scene_4096_attachments,std_shared,attachment,98304,943633,9.59913126628,98304
2,14,independent_owner_parameter,std_shared,call,100000,1667691,16.67691,2350000
2,15,async_queue_job_1024_local_copies,std_shared,job,100,2696961,26969.61,2406400
2,16,owner_retained_4096_parameter_borrows,own_local_view,frame,24,80225,3342.70833333,41287680
2,17,weak_lock_live,own_shared,lock,100000,1510976,15.10976,2350000
2,18,contended_copy_2_workers,own_shared,copy,200000,9429415,47.147075,4700000
2,19,owner_retained_4096_draw_borrows,own_local_view,frame,24,48134,2005.58333333,41287680
2,20,borrow_read,raw_borrow,read,100000,35251,0.35251,2350000
2,21,async_queue_job_64_borrow_reads,own_shared_then_local_view,job,100,52431,524.31,150400
2,22,async_queue_job_1_local_copies,own_local,job,100,61037,610.37,2000
2,23,group_setup_then_1024_copies,std_shared,group,97,1659671,17110.0103093,2334208
2,24,async_queue_job_64_local_copies,std_shared,job,100,312376,3123.76,150400
2,25,group_setup_then_64_copies,own_local,group,1562,120899,77.400128041,2349248
2,26,frame_4096_draws_64_unique_leases,std_shared,frame,24,86350,3597.91666667,41287680
2,27,weak_lock_expired,own_shared,lock,100000,77166,0.77166,0
2,28,async_queue_job_1024_local_copies,own_local,job,100,305299,3052.99,2406400
2,29,weak_lock_live,std_shared,lock,100000,1693952,16.93952,2350000
2,30,share_read_drop,std_shared,handoff,100000,1501274,15.01274,2350000
2,31,create_read_destroy,std_shared,asset,100000,1248465,12.48465,65000400000
2,32,scene_4096_attachments,own_local,attachment,98304,142080,1.4453125,98304
2,33,contended_copy_2_workers,std_shared,copy,200000,13285759,66.428795,4700000
2,34,frame_4096_draws_64_unique_leases,own_shared,frame,24,85133,3547.20833333,41287680
2,35,async_queue_job_1024_borrow_reads,std_shared_then_raw_borrow,job,100,103032,1030.32,2406400
2,36,async_queue_job_1_borrow_reads,own_shared_then_local_view,job,100,60018,600.18,2000
2,37,owner_retained_borrow_copy_read,std_raw_borrow,read,100000,40227,0.40227,2350000
2,38,owner_retained_4096_parameter_borrows,std_raw_borrow,frame,24,75021,3125.875,41287680
2,39,owner_retained_borrow_parameter,own_local_view,call,100000,62839,0.62839,2350000
2,40,group_setup_then_8_copies,own_local,group,12500,223414,17.87312,2350000
2,41,resettable_root_pin_1024_borrow_reads,own_shared_pin_local_view,scope,97,34593,356.628865979,2334208
2,42,independent_owner_parameter,own_local,call,100000,113773,1.13773,2350000
2,43,async_queue_job_1_local_copies,std_shared,job,100,60275,602.75,2000
2,44,group_setup_then_8_copies,std_shared,group,12500,1869157,149.53256,2350000
2,45,share_read_drop,own_shared,handoff,100000,1113891,11.13891,2350000
2,46,async_queue_job_1_borrow_reads,std_shared_then_raw_borrow,job,100,61956,619.56,2000
2,47,async_queue_job_64_borrow_reads,std_shared_then_raw_borrow,job,100,69331,693.31,150400
2,48,resource_lifecycle_64_assets_4096_objects,own_local,cycle,10,196931,19693.1,17203200
2,49,resource_lifecycle_64_assets_4096_objects,std_shared,cycle,10,511479,51147.9,17203200
2,50,async_queue_job_64_local_copies,own_local,job,100,80080,800.8,150400
2,51,group_setup_then_1024_copies,own_local,group,97,91104,939.216494845,2334208
2,52,group_setup_then_1_copies,std_shared,group,100000,3321969,33.21969,2000000
2,53,weak_lock_expired,std_shared,lock,100000,96320,0.9632,0
2,54,group_setup_then_64_copies,std_shared,group,1562,1673646,1071.47631242,2349248
2,55,localize_read_drop,own_local,group,100000,1271459,12.71459,2350000
3,0,async_queue_job_1_local_copies,own_local,job,100,75229,752.29,2000
3,1,frame_4096_draws_64_unique_leases,own_shared,frame,24,86594,3608.08333333,41287680
3,2,frame_4096_draws_64_unique_leases,std_shared,frame,24,84919,3538.29166667,41287680
3,3,share_read_drop,std_shared,handoff,100000,1456525,14.56525,2350000
3,4,owner_retained_borrow_copy_read,std_raw_borrow,read,100000,30064,0.30064,2350000
3,5,group_setup_then_8_copies,std_shared,group,12500,1866668,149.33344,2350000
3,6,resettable_root_pin_1024_borrow_reads,std_shared_pin_raw_borrow,scope,97,31457,324.298969072,2334208
3,7,create_read_destroy,own_shared,asset,100000,1214312,12.14312,65000400000
3,8,async_queue_job_1_local_copies,std_shared,job,100,77334,773.34,2000
3,9,copy_read_drop,own_local,copy,100000,113707,1.13707,2350000
3,10,async_queue_job_1_borrow_reads,std_shared_then_raw_borrow,job,100,67338,673.38,2000
3,11,create_read_destroy,own_local,asset,100000,1610661,16.10661,65000400000
3,12,weak_lock_live,std_shared,lock,100000,1729038,17.29038,2350000
3,13,group_setup_then_64_copies,std_shared,group,1562,1664692,1065.74391805,2349248
3,14,async_queue_job_1024_local_copies,std_shared,job,100,2351986,23519.86,2406400
3,15,independent_owner_parameter,own_shared,call,100000,1465631,14.65631,2350000
3,16,weak_lock_live,own_shared,lock,100000,1493064,14.93064,2350000
3,17,async_queue_job_64_local_copies,std_shared,job,100,282527,2825.27,150400
3,18,contended_copy_2_workers,own_shared,copy,200000,10469819,52.349095,4700000
3,19,async_queue_job_1024_local_copies,own_local,job,100,349748,3497.48,2406400
3,20,owner_retained_borrow_parameter,std_raw_borrow,call,100000,61729,0.61729,2350000
3,21,owner_retained_4096_draw_borrows,own_local_view,frame,24,47163,1965.125,41287680
3,22,group_setup_then_1_copies,std_shared,group,100000,3350409,33.50409,2000000
3,23,owner_retained_borrow_copy_read,own_local_view,read,100000,30071,0.30071,2350000
3,24,async_queue_job_1024_borrow_reads,std_shared_then_raw_borrow,job,100,122025,1220.25,2406400
3,25,resource_lifecycle_64_assets_4096_objects,std_shared,cycle,10,502135,50213.5,17203200
3,26,group_setup_then_1024_copies,std_shared,group,97,1648806,16998,2334208
3,27,borrow_read,raw_borrow,read,100000,36047,0.36047,2350000
3,28,share_read_drop,own_shared,handoff,100000,1106629,11.06629,2350000
3,29,independent_owner_parameter,std_shared,call,100000,1672576,16.72576,2350000
3,30,owner_retained_4096_parameter_borrows,std_raw_borrow,frame,24,76121,3171.70833333,41287680
3,31,localize_read_drop,std_shared,group,100000,1478385,14.78385,2350000
3,32,copy_read_drop,own_shared,copy,100000,1116595,11.16595,2350000
3,33,owner_retained_4096_parameter_borrows,own_local_view,frame,24,76077,3169.875,41287680
3,34,async_queue_job_64_borrow_reads,std_shared_then_raw_borrow,job,100,79400,794,150400
3,35,independent_owner_parameter,own_local,call,100000,115251,1.15251,2350000
3,36,create_read_destroy,std_shared,asset,100000,1257779,12.57779,65000400000
3,37,contended_copy_2_workers,std_shared,copy,200000,13505320,67.5266,4700000
3,38,group_setup_then_64_copies,own_local,group,1562,126210,80.8002560819,2349248
3,39,group_setup_then_8_copies,own_local,group,12500,247337,19.78696,2350000
3,40,async_queue_job_64_borrow_reads,own_shared_then_local_view,job,100,55490,554.9,150400
3,41,owner_retained_borrow_parameter,own_local_view,call,100000,61670,0.6167,2350000
3,42,scene_4096_attachments,own_local,attachment,98304,140417,1.42839558919,98304
3,43,async_queue_job_1024_borrow_reads,own_shared_then_local_view,job,100,112281,1122.81,2406400
3,44,copy_read_drop,std_shared,copy,100000,1681352,16.81352,2350000
3,45,scene_4096_attachments,std_shared,attachment,98304,920930,9.36818440755,98304
3,46,async_queue_job_64_local_copies,own_local,job,100,75203,752.03,150400
3,47,localize_read_drop,own_local,group,100000,1247673,12.47673,2350000
3,48,weak_lock_expired,own_shared,lock,100000,75245,0.75245,0
3,49,async_queue_job_1_borrow_reads,own_shared_then_local_view,job,100,87840,878.4,2000
3,50,owner_retained_4096_draw_borrows,std_raw_borrow,frame,24,46469,1936.20833333,41287680
3,51,resource_lifecycle_64_assets_4096_objects,own_local,cycle,10,186083,18608.3,17203200
3,52,resettable_root_pin_1024_borrow_reads,own_shared_pin_local_view,scope,97,42048,433.484536082,2334208
3,53,group_setup_then_1024_copies,own_local,group,97,86599,892.773195876,2334208
3,54,group_setup_then_1_copies,own_local,group,100000,1319075,13.19075,2000000
3,55,weak_lock_expired,std_shared,lock,100000,85556,0.85556,0
4,0,scene_4096_attachments,std_shared,attachment,98304,942481,9.58741251628,98304
4,1,resettable_root_pin_1024_borrow_reads,std_shared_pin_raw_borrow,scope,97,31983,329.721649485,2334208
4,2,owner_retained_4096_parameter_borrows,std_raw_borrow,frame,24,78166,3256.91666667,41287680
4,3,owner_retained_4096_draw_borrows,own_local_view,frame,24,47037,1959.875,41287680
4,4,weak_lock_expired,own_shared,lock,100000,76972,0.76972,0
4,5,resource_lifecycle_64_assets_4096_objects,std_shared,cycle,10,512202,51220.2,17203200
4,6,copy_read_drop,own_local,copy,100000,101462,1.01462,2350000
4,7,borrow_read,raw_borrow,read,100000,55595,0.55595,2350000
4,8,async_queue_job_64_local_copies,std_shared,job,100,221518,2215.18,150400
4,9,copy_read_drop,own_shared,copy,100000,1209034,12.09034,2350000
4,10,weak_lock_live,own_shared,lock,100000,1606758,16.06758,2350000
4,11,async_queue_job_1024_borrow_reads,std_shared_then_raw_borrow,job,100,114451,1144.51,2406400
4,12,frame_4096_draws_64_unique_leases,std_shared,frame,24,92205,3841.875,41287680
4,13,async_queue_job_1_local_copies,own_local,job,100,63912,639.12,2000
4,14,async_queue_job_1_borrow_reads,own_shared_then_local_view,job,100,56955,569.55,2000
4,15,weak_lock_live,std_shared,lock,100000,1743402,17.43402,2350000
4,16,async_queue_job_1024_local_copies,std_shared,job,100,2415797,24157.97,2406400
4,17,independent_owner_parameter,std_shared,call,100000,1669810,16.6981,2350000
4,18,group_setup_then_1_copies,std_shared,group,100000,3420575,34.20575,2000000
4,19,copy_read_drop,std_shared,copy,100000,1655478,16.55478,2350000
4,20,scene_4096_attachments,own_local,attachment,98304,140914,1.43345133464,98304
4,21,contended_copy_2_workers,own_shared,copy,200000,8057007,40.285035,4700000
4,22,create_read_destroy,own_local,asset,100000,1473020,14.7302,65000400000
4,23,async_queue_job_64_borrow_reads,own_shared_then_local_view,job,100,62554,625.54,150400
4,24,async_queue_job_64_local_copies,own_local,job,100,78400,784,150400
4,25,resettable_root_pin_1024_borrow_reads,own_shared_pin_local_view,scope,97,31176,321.402061856,2334208
4,26,owner_retained_borrow_copy_read,std_raw_borrow,read,100000,30013,0.30013,2350000
4,27,owner_retained_4096_draw_borrows,std_raw_borrow,frame,24,47197,1966.54166667,41287680
4,28,owner_retained_borrow_copy_read,own_local_view,read,100000,30094,0.30094,2350000
4,29,owner_retained_borrow_parameter,own_local_view,call,100000,59903,0.59903,2350000
4,30,async_queue_job_64_borrow_reads,std_shared_then_raw_borrow,job,100,58132,581.32,150400
4,31,group_setup_then_64_copies,std_shared,group,1562,1670781,1069.64212548,2349248
4,32,owner_retained_borrow_parameter,std_raw_borrow,call,100000,59902,0.59902,2350000
4,33,independent_owner_parameter,own_shared,call,100000,1457775,14.57775,2350000
4,34,group_setup_then_1_copies,own_local,group,100000,1382283,13.82283,2000000
4,35,independent_owner_parameter,own_local,call,100000,115520,1.1552,2350000
4,36,weak_lock_expired,std_shared,lock,100000,85571,0.85571,0
4,37,group_setup_then_8_copies,own_local,group,12500,252838,20.22704,2350000
4,38,frame_4096_draws_64_unique_leases,own_shared,frame,24,86532,3605.5,41287680
4,39,group_setup_then_8_copies,std_shared,group,12500,1853053,148.24424,2350000
4,40,owner_retained_4096_parameter_borrows,own_local_view,frame,24,76084,3170.16666667,41287680
4,41,share_read_drop,std_shared,handoff,100000,1482454,14.82454,2350000
4,42,localize_read_drop,std_shared,group,100000,1472309,14.72309,2350000
4,43,async_queue_job_1_borrow_reads,std_shared_then_raw_borrow,job,100,78525,785.25,2000
4,44,resource_lifecycle_64_assets_4096_objects,own_local,cycle,10,204058,20405.8,17203200
4,45,contended_copy_2_workers,std_shared,copy,200000,13243523,66.217615,4700000
4,46,create_read_destroy,std_shared,asset,100000,1236568,12.36568,65000400000
4,47,async_queue_job_1024_borrow_reads,own_shared_then_local_view,job,100,113848,1138.48,2406400
4,48,group_setup_then_64_copies,own_local,group,1562,274239,175.569142125,2349248
4,49,create_read_destroy,own_shared,asset,100000,1236558,12.36558,65000400000
4,50,share_read_drop,own_shared,handoff,100000,1086269,10.86269,2350000
4,51,group_setup_then_1024_copies,std_shared,group,97,1642013,16927.9690722,2334208
4,52,async_queue_job_1024_local_copies,own_local,job,100,245856,2458.56,2406400
4,53,group_setup_then_1024_copies,own_local,group,97,92622,954.865979381,2334208
4,54,localize_read_drop,own_local,group,100000,1298443,12.98443,2350000
4,55,async_queue_job_1_local_copies,std_shared,job,100,88741,887.41,2000
5,0,localize_read_drop,own_local,group,100000,1294913,12.94913,2350000
5,1,async_queue_job_1024_local_copies,own_local,job,100,247914,2479.14,2406400
5,2,share_read_drop,std_shared,handoff,100000,1458215,14.58215,2350000
5,3,share_read_drop,own_shared,handoff,100000,1102327,11.02327,2350000
5,4,async_queue_job_64_borrow_reads,own_shared_then_local_view,job,100,50653,506.53,150400
5,5,resource_lifecycle_64_assets_4096_objects,own_local,cycle,10,212447,21244.7,17203200
5,6,contended_copy_2_workers,std_shared,copy,200000,13736757,68.683785,4700000
5,7,borrow_read,raw_borrow,read,100000,36846,0.36846,2350000
5,8,group_setup_then_64_copies,own_local,group,1562,129240,82.7400768246,2349248
5,9,independent_owner_parameter,own_shared,call,100000,1471346,14.71346,2350000
5,10,async_queue_job_64_borrow_reads,std_shared_then_raw_borrow,job,100,58397,583.97,150400
5,11,copy_read_drop,std_shared,copy,100000,1711863,17.11863,2350000
5,12,async_queue_job_1024_local_copies,std_shared,job,100,2357712,23577.12,2406400
5,13,group_setup_then_64_copies,std_shared,group,1562,1697393,1086.67925736,2349248
5,14,owner_retained_borrow_parameter,own_local_view,call,100000,61733,0.61733,2350000
5,15,resettable_root_pin_1024_borrow_reads,own_shared_pin_local_view,scope,97,31306,322.742268041,2334208
5,16,create_read_destroy,own_shared,asset,100000,1241362,12.41362,65000400000
5,17,copy_read_drop,own_shared,copy,100000,1100007,11.00007,2350000
5,18,async_queue_job_1_local_copies,std_shared,job,100,66471,664.71,2000
5,19,copy_read_drop,own_local,copy,100000,101408,1.01408,2350000
5,20,async_queue_job_1_borrow_reads,own_shared_then_local_view,job,100,72790,727.9,2000
5,21,resettable_root_pin_1024_borrow_reads,std_shared_pin_raw_borrow,scope,97,46120,475.463917526,2334208
5,22,async_queue_job_1024_borrow_reads,own_shared_then_local_view,job,100,119316,1193.16,2406400
5,23,weak_lock_expired,own_shared,lock,100000,83465,0.83465,0
5,24,owner_retained_4096_draw_borrows,own_local_view,frame,24,53372,2223.83333333,41287680
5,25,resource_lifecycle_64_assets_4096_objects,std_shared,cycle,10,565787,56578.7,17203200
5,26,owner_retained_4096_draw_borrows,std_raw_borrow,frame,24,52486,2186.91666667,41287680
5,27,owner_retained_borrow_copy_read,std_raw_borrow,read,100000,32541,0.32541,2350000
5,28,owner_retained_4096_parameter_borrows,std_raw_borrow,frame,24,94866,3952.75,41287680
5,29,weak_lock_expired,std_shared,lock,100000,92786,0.92786,0
5,30,group_setup_then_8_copies,std_shared,group,12500,2007578,160.60624,2350000
5,31,group_setup_then_1_copies,own_local,group,100000,1414294,14.14294,2000000
5,32,group_setup_then_1024_copies,own_local,group,97,93056,959.340206186,2334208
5,33,async_queue_job_1024_borrow_reads,std_shared_then_raw_borrow,job,100,135005,1350.05,2406400
5,34,scene_4096_attachments,std_shared,attachment,98304,942006,9.58258056641,98304
5,35,frame_4096_draws_64_unique_leases,std_shared,frame,24,83965,3498.54166667,41287680
5,36,async_queue_job_64_local_copies,own_local,job,100,62350,623.5,150400
5,37,weak_lock_live,std_shared,lock,100000,1719044,17.19044,2350000
5,38,owner_retained_4096_parameter_borrows,own_local_view,frame,24,76131,3172.125,41287680
5,39,async_queue_job_64_local_copies,std_shared,job,100,311131,3111.31,150400
5,40,weak_lock_live,own_shared,lock,100000,1499733,14.99733,2350000
5,41,frame_4096_draws_64_unique_leases,own_shared,frame,24,90752,3781.33333333,41287680
5,42,owner_retained_borrow_parameter,std_raw_borrow,call,100000,61637,0.61637,2350000
5,43,owner_retained_borrow_copy_read,own_local_view,read,100000,30045,0.30045,2350000
5,44,async_queue_job_1_borrow_reads,std_shared_then_raw_borrow,job,100,48413,484.13,2000
5,45,group_setup_then_8_copies,own_local,group,12500,239059,19.12472,2350000
5,46,scene_4096_attachments,own_local,attachment,98304,139842,1.42254638672,98304
5,47,contended_copy_2_workers,own_shared,copy,200000,10559302,52.79651,4700000
5,48,create_read_destroy,own_local,asset,100000,1482325,14.82325,65000400000
5,49,independent_owner_parameter,own_local,call,100000,115740,1.1574,2350000
5,50,localize_read_drop,std_shared,group,100000,1471963,14.71963,2350000
5,51,async_queue_job_1_local_copies,own_local,job,100,62060,620.6,2000
5,52,independent_owner_parameter,std_shared,call,100000,1676810,16.7681,2350000
5,53,group_setup_then_1_copies,std_shared,group,100000,3321488,33.21488,2000000
5,54,create_read_destroy,std_shared,asset,100000,1219924,12.19924,65000400000
5,55,group_setup_then_1024_copies,std_shared,group,97,1631375,16818.2989691,2334208
6,0,async_queue_job_64_borrow_reads,own_shared_then_local_view,job,100,62047,620.47,150400
6,1,async_queue_job_64_local_copies,own_local,job,100,61275,612.75,150400
6,2,weak_lock_expired,own_shared,lock,100000,77081,0.77081,0
6,3,frame_4096_draws_64_unique_leases,std_shared,frame,24,97323,4055.125,41287680
6,4,async_queue_job_1024_local_copies,own_local,job,100,233009,2330.09,2406400
6,5,create_read_destroy,std_shared,asset,100000,1222796,12.22796,65000400000
6,6,weak_lock_live,own_shared,lock,100000,1492449,14.92449,2350000
6,7,frame_4096_draws_64_unique_leases,own_shared,frame,24,98588,4107.83333333,41287680
6,8,independent_owner_parameter,own_local,call,100000,114650,1.1465,2350000
6,9,async_queue_job_1_borrow_reads,own_shared_then_local_view,job,100,64527,645.27,2000
6,10,weak_lock_live,std_shared,lock,100000,1683661,16.83661,2350000
6,11,copy_read_drop,own_local,copy,100000,113897,1.13897,2350000
6,12,async_queue_job_64_borrow_reads,std_shared_then_raw_borrow,job,100,86158,861.58,150400
6,13,async_queue_job_1_local_copies,own_local,job,100,62202,622.02,2000
6,14,localize_read_drop,std_shared,group,100000,1596106,15.96106,2350000
6,15,weak_lock_expired,std_shared,lock,100000,99511,0.99511,0
6,16,create_read_destroy,own_shared,asset,100000,1342101,13.42101,65000400000
6,17,scene_4096_attachments,own_local,attachment,98304,150295,1.52887980143,98304
6,18,owner_retained_borrow_parameter,own_local_view,call,100000,66800,0.668,2350000
6,19,group_setup_then_8_copies,std_shared,group,12500,1929536,154.36288,2350000
6,20,independent_owner_parameter,own_shared,call,100000,1448492,14.48492,2350000
6,21,group_setup_then_64_copies,own_local,group,1562,147649,94.5256081946,2349248
6,22,async_queue_job_1_borrow_reads,std_shared_then_raw_borrow,job,100,70348,703.48,2000
6,23,async_queue_job_1024_borrow_reads,std_shared_then_raw_borrow,job,100,111218,1112.18,2406400
6,24,group_setup_then_1_copies,own_local,group,100000,1366489,13.66489,2000000
6,25,resource_lifecycle_64_assets_4096_objects,own_local,cycle,10,190290,19029,17203200
6,26,group_setup_then_1024_copies,own_local,group,97,92543,954.051546392,2334208
6,27,owner_retained_4096_parameter_borrows,std_raw_borrow,frame,24,76372,3182.16666667,41287680
6,28,share_read_drop,own_shared,handoff,100000,1119909,11.19909,2350000
6,29,owner_retained_borrow_copy_read,own_local_view,read,100000,30133,0.30133,2350000
6,30,contended_copy_2_workers,own_shared,copy,200000,10515032,52.57516,4700000
6,31,localize_read_drop,own_local,group,100000,1269227,12.69227,2350000
6,32,owner_retained_4096_parameter_borrows,own_local_view,frame,24,76214,3175.58333333,41287680
6,33,owner_retained_borrow_parameter,std_raw_borrow,call,100000,71957,0.71957,2350000
6,34,owner_retained_4096_draw_borrows,own_local_view,frame,24,46878,1953.25,41287680
6,35,share_read_drop,std_shared,handoff,100000,1458849,14.58849,2350000
6,36,async_queue_job_64_local_copies,std_shared,job,100,280581,2805.81,150400
6,37,group_setup_then_64_copies,std_shared,group,1562,1626165,1041.0787452,2349248
6,38,borrow_read,raw_borrow,read,100000,35201,0.35201,2350000
6,39,scene_4096_attachments,std_shared,attachment,98304,917330,9.3315633138,98304
6,40,async_queue_job_1_local_copies,std_shared,job,100,58237,582.37,2000
6,41,async_queue_job_1024_local_copies,std_shared,job,100,2351891,23518.91,2406400
6,42,resettable_root_pin_1024_borrow_reads,std_shared_pin_raw_borrow,scope,97,30917,318.731958763,2334208
6,43,resource_lifecycle_64_assets_4096_objects,std_shared,cycle,10,510352,51035.2,17203200
6,44,independent_owner_parameter,std_shared,call,100000,1652417,16.52417,2350000
6,45,create_read_destroy,own_local,asset,100000,1489137,14.89137,65000400000
6,46,contended_copy_2_workers,std_shared,copy,200000,14300855,71.504275,4700000
6,47,copy_read_drop,std_shared,copy,100000,1643912,16.43912,2350000
6,48,resettable_root_pin_1024_borrow_reads,own_shared_pin_local_view,scope,97,30516,314.597938144,2334208
6,49,group_setup_then_8_copies,own_local,group,12500,269415,21.5532,2350000
6,50,async_queue_job_1024_borrow_reads,own_shared_then_local_view,job,100,138858,1388.58,2406400
6,51,owner_retained_4096_draw_borrows,std_raw_borrow,frame,24,46842,1951.75,41287680
6,52,owner_retained_borrow_copy_read,std_raw_borrow,read,100000,29339,0.29339,2350000
6,53,group_setup_then_1024_copies,std_shared,group,97,1641647,16924.1958763,2334208
6,54,group_setup_then_1_copies,std_shared,group,100000,3324073,33.24073,2000000
6,55,copy_read_drop,own_shared,copy,100000,1116008,11.16008,2350000
7,0,resource_lifecycle_64_assets_4096_objects,own_local,cycle,10,192169,19216.9,17203200
7,1,share_read_drop,std_shared,handoff,100000,1476484,14.76484,2350000
7,2,owner_retained_4096_draw_borrows,own_local_view,frame,24,47482,1978.41666667,41287680
7,3,weak_lock_expired,std_shared,lock,100000,85607,0.85607,0
7,4,async_queue_job_1_borrow_reads,own_shared_then_local_view,job,100,39792,397.92,2000
7,5,async_queue_job_1024_local_copies,std_shared,job,100,2376034,23760.34,2406400
7,6,resource_lifecycle_64_assets_4096_objects,std_shared,cycle,10,513026,51302.6,17203200
7,7,frame_4096_draws_64_unique_leases,own_shared,frame,24,87227,3634.45833333,41287680
7,8,group_setup_then_1024_copies,std_shared,group,97,1640007,16907.2886598,2334208
7,9,weak_lock_live,own_shared,lock,100000,1469596,14.69596,2350000
7,10,resettable_root_pin_1024_borrow_reads,std_shared_pin_raw_borrow,scope,97,31112,320.742268041,2334208
7,11,copy_read_drop,own_local,copy,100000,98684,0.98684,2350000
7,12,async_queue_job_1_borrow_reads,std_shared_then_raw_borrow,job,100,71261,712.61,2000
7,13,share_read_drop,own_shared,handoff,100000,1196736,11.96736,2350000
7,14,group_setup_then_64_copies,std_shared,group,1562,1798445,1151.37323944,2349248
7,15,group_setup_then_1_copies,std_shared,group,100000,3335661,33.35661,2000000
7,16,resettable_root_pin_1024_borrow_reads,own_shared_pin_local_view,scope,97,30433,313.742268041,2334208
7,17,create_read_destroy,own_local,asset,100000,1428554,14.28554,65000400000
7,18,independent_owner_parameter,own_shared,call,100000,1423835,14.23835,2350000
7,19,async_queue_job_64_borrow_reads,own_shared_then_local_view,job,100,62668,626.68,150400
7,20,independent_owner_parameter,own_local,call,100000,109120,1.0912,2350000
7,21,independent_owner_parameter,std_shared,call,100000,1609926,16.09926,2350000
7,22,group_setup_then_8_copies,own_local,group,12500,292418,23.39344,2350000
7,23,localize_read_drop,own_local,group,100000,1305456,13.05456,2350000
7,24,group_setup_then_8_copies,std_shared,group,12500,1855601,148.44808,2350000
7,25,async_queue_job_1_local_copies,std_shared,job,100,67136,671.36,2000
7,26,group_setup_then_1_copies,own_local,group,100000,1361239,13.61239,2000000
7,27,localize_read_drop,std_shared,group,100000,1487607,14.87607,2350000
7,28,create_read_destroy,std_shared,asset,100000,1187076,11.87076,65000400000
7,29,owner_retained_borrow_parameter,std_raw_borrow,call,100000,60015,0.60015,2350000
7,30,owner_retained_4096_parameter_borrows,std_raw_borrow,frame,24,76176,3174,41287680
7,31,async_queue_job_64_borrow_reads,std_shared_then_raw_borrow,job,100,81533,815.33,150400
7,32,async_queue_job_1024_local_copies,own_local,job,100,198322,1983.22,2406400
7,33,owner_retained_borrow_copy_read,own_local_view,read,100000,30107,0.30107,2350000
7,34,borrow_read,raw_borrow,read,100000,35010,0.3501,2350000
7,35,async_queue_job_1024_borrow_reads,own_shared_then_local_view,job,100,86766,867.66,2406400
7,36,owner_retained_4096_draw_borrows,std_raw_borrow,frame,24,46991,1957.95833333,41287680
7,37,scene_4096_attachments,std_shared,attachment,98304,948090,9.64447021484,98304
7,38,group_setup_then_1024_copies,own_local,group,97,91004,938.18556701,2334208
7,39,scene_4096_attachments,own_local,attachment,98304,140156,1.4257405599,98304
7,40,owner_retained_4096_parameter_borrows,own_local_view,frame,24,76041,3168.375,41287680
7,41,async_queue_job_1_local_copies,own_local,job,100,95811,958.11,2000
7,42,group_setup_then_64_copies,own_local,group,1562,114359,73.2131882202,2349248
7,43,contended_copy_2_workers,std_shared,copy,200000,14322460,71.6123,4700000
7,44,copy_read_drop,std_shared,copy,100000,1610052,16.10052,2350000
7,45,async_queue_job_64_local_copies,own_local,job,100,81496,814.96,150400
7,46,async_queue_job_64_local_copies,std_shared,job,100,252556,2525.56,150400
7,47,owner_retained_borrow_parameter,own_local_view,call,100000,58735,0.58735,2350000
7,48,owner_retained_borrow_copy_read,std_raw_borrow,read,100000,28599,0.28599,2350000
7,49,copy_read_drop,own_shared,copy,100000,1049754,10.49754,2350000
7,50,create_read_destroy,own_shared,asset,100000,1193737,11.93737,65000400000
7,51,contended_copy_2_workers,own_shared,copy,200000,9921853,49.609265,4700000
7,52,weak_lock_expired,own_shared,lock,100000,73324,0.73324,0
7,53,weak_lock_live,std_shared,lock,100000,1694400,16.944,2350000
7,54,async_queue_job_1024_borrow_reads,std_shared_then_raw_borrow,job,100,100886,1008.86,2406400
7,55,frame_4096_draws_64_unique_leases,std_shared,frame,24,89515,3729.79166667,41287680
8,0,share_read_drop,std_shared,handoff,100000,1476419,14.76419,2350000
8,1,localize_read_drop,std_shared,group,100000,1483408,14.83408,2350000
8,2,async_queue_job_1_local_copies,own_local,job,100,62813,628.13,2000
8,3,async_queue_job_1_borrow_reads,std_shared_then_raw_borrow,job,100,67777,677.77,2000
8,4,contended_copy_2_workers,std_shared,copy,200000,13282750,66.41375,4700000
8,5,resettable_root_pin_1024_borrow_reads,own_shared_pin_local_view,scope,97,31293,322.608247423,2334208
8,6,async_queue_job_1_borrow_reads,own_shared_then_local_view,job,100,54405,544.05,2000
8,7,owner_retained_borrow_copy_read,std_raw_borrow,read,100000,30094,0.30094,2350000
8,8,group_setup_then_64_copies,own_local,group,1562,128806,82.4622279129,2349248
8,9,frame_4096_draws_64_unique_leases,own_shared,frame,24,88050,3668.75,41287680
8,10,group_setup_then_1_copies,std_shared,group,100000,3318354,33.18354,2000000
8,11,group_setup_then_1024_copies,own_local,group,97,87526,902.329896907,2334208
8,12,owner_retained_4096_parameter_borrows,std_raw_borrow,frame,24,76372,3182.16666667,41287680
8,13,weak_lock_expired,own_shared,lock,100000,77028,0.77028,0
8,14,copy_read_drop,own_local,copy,100000,101810,1.0181,2350000
8,15,async_queue_job_1024_borrow_reads,std_shared_then_raw_borrow,job,100,90654,906.54,2406400
8,16,create_read_destroy,own_shared,asset,100000,1381322,13.81322,65000400000
8,17,resource_lifecycle_64_assets_4096_objects,own_local,cycle,10,209290,20929,17203200
8,18,owner_retained_borrow_copy_read,own_local_view,read,100000,32509,0.32509,2350000
8,19,owner_retained_4096_parameter_borrows,own_local_view,frame,24,82993,3458.04166667,41287680
8,20,weak_lock_expired,std_shared,lock,100000,92734,0.92734,0
8,21,independent_owner_parameter,own_local,call,100000,125271,1.25271,2350000
8,22,weak_lock_live,std_shared,lock,100000,1824348,18.24348,2350000
8,23,group_setup_then_1_copies,own_local,group,100000,1398235,13.98235,2000000
8,24,frame_4096_draws_64_unique_leases,std_shared,frame,24,85435,3559.79166667,41287680
8,25,borrow_read,raw_borrow,read,100000,36084,0.36084,2350000
8,26,async_queue_job_1024_borrow_reads,own_shared_then_local_view,job,100,169865,1698.65,2406400
8,27,owner_retained_borrow_parameter,std_raw_borrow,call,100000,59935,0.59935,2350000
8,28,owner_retained_4096_draw_borrows,std_raw_borrow,frame,24,47523,1980.125,41287680
8,29,resettable_root_pin_1024_borrow_reads,std_shared_pin_raw_borrow,scope,97,32170,331.649484536,2334208
8,30,create_read_destroy,std_shared,asset,100000,1190592,11.90592,65000400000
8,31,async_queue_job_1024_local_copies,own_local,job,100,261746,2617.46,2406400
8,32,weak_lock_live,own_shared,lock,100000,1472864,14.72864,2350000
8,33,group_setup_then_64_copies,std_shared,group,1562,1685779,1079.24391805,2349248
8,34,async_queue_job_1024_local_copies,std_shared,job,100,2771991,27719.91,2406400
8,35,group_setup_then_8_copies,std_shared,group,12500,1859245,148.7396,2350000
8,36,async_queue_job_1_local_copies,std_shared,job,100,69706,697.06,2000
8,37,copy_read_drop,own_shared,copy,100000,1105333,11.05333,2350000
8,38,async_queue_job_64_borrow_reads,std_shared_then_raw_borrow,job,100,52167,521.67,150400
8,39,async_queue_job_64_borrow_reads,own_shared_then_local_view,job,100,61318,613.18,150400
8,40,resource_lifecycle_64_assets_4096_objects,std_shared,cycle,10,500805,50080.5,17203200
8,41,contended_copy_2_workers,own_shared,copy,200000,10520028,52.60014,4700000
8,42,async_queue_job_64_local_copies,own_local,job,100,59094,590.94,150400
8,43,create_read_destroy,own_local,asset,100000,1516981,15.16981,65000400000
8,44,independent_owner_parameter,std_shared,call,100000,1665595,16.65595,2350000
8,45,share_read_drop,own_shared,handoff,100000,1113264,11.13264,2350000
8,46,group_setup_then_8_copies,own_local,group,12500,257011,20.56088,2350000
8,47,owner_retained_borrow_parameter,own_local_view,call,100000,59908,0.59908,2350000
8,48,owner_retained_4096_draw_borrows,own_local_view,frame,24,47330,1972.08333333,41287680
8,49,copy_read_drop,std_shared,copy,100000,1684424,16.84424,2350000
8,50,scene_4096_attachments,own_local,attachment,98304,139229,1.41631062826,98304
8,51,async_queue_job_64_local_copies,std_shared,job,100,408182,4081.82,150400
8,52,independent_owner_parameter,own_shared,call,100000,1447243,14.47243,2350000
8,53,localize_read_drop,own_local,group,100000,1286746,12.86746,2350000
8,54,group_setup_then_1024_copies,std_shared,group,97,1545554,15933.5463918,2334208
8,55,scene_4096_attachments,std_shared,attachment,98304,1070862,10.893371582,98304
9,0,async_queue_job_1024_borrow_reads,own_shared_then_local_view,job,100,109822,1098.22,2406400
9,1,group_setup_then_1024_copies,own_local,group,97,92450,953.092783505,2334208
9,2,async_queue_job_64_borrow_reads,std_shared_then_raw_borrow,job,100,74418,744.18,150400
9,3,group_setup_then_1024_copies,std_shared,group,97,1665639,17171.5360825,2334208
9,4,create_read_destroy,std_shared,asset,100000,1205192,12.05192,65000400000
9,5,create_read_destroy,own_shared,asset,100000,1222957,12.22957,65000400000
9,6,resettable_root_pin_1024_borrow_reads,std_shared_pin_raw_borrow,scope,97,31760,327.422680412,2334208
9,7,resource_lifecycle_64_assets_4096_objects,std_shared,cycle,10,521548,52154.8,17203200
9,8,group_setup_then_8_copies,std_shared,group,12500,1869453,149.55624,2350000
9,9,owner_retained_borrow_parameter,own_local_view,call,100000,61707,0.61707,2350000
9,10,owner_retained_4096_draw_borrows,std_raw_borrow,frame,24,48418,2017.41666667,41287680
9,11,weak_lock_live,own_shared,lock,100000,1472751,14.72751,2350000
9,12,copy_read_drop,std_shared,copy,100000,1677283,16.77283,2350000
9,13,group_setup_then_8_copies,own_local,group,12500,271550,21.724,2350000
9,14,async_queue_job_64_local_copies,own_local,job,100,75755,757.55,150400
9,15,copy_read_drop,own_shared,copy,100000,1123260,11.2326,2350000
9,16,owner_retained_4096_draw_borrows,own_local_view,frame,24,48286,2011.91666667,41287680
9,17,async_queue_job_1_local_copies,std_shared,job,100,116232,1162.32,2000
9,18,group_setup_then_64_copies,std_shared,group,1562,1640867,1050.49103713,2349248
9,19,async_queue_job_64_borrow_reads,own_shared_then_local_view,job,100,68992,689.92,150400
9,20,owner_retained_borrow_copy_read,std_raw_borrow,read,100000,30101,0.30101,2350000
9,21,weak_lock_expired,own_shared,lock,100000,91828,0.91828,0
9,22,scene_4096_attachments,own_local,attachment,98304,140785,1.43213907878,98304
9,23,async_queue_job_1_borrow_reads,own_shared_then_local_view,job,100,40504,405.04,2000
9,24,frame_4096_draws_64_unique_leases,own_shared,frame,24,85943,3580.95833333,41287680
9,25,async_queue_job_1024_local_copies,std_shared,job,100,2384508,23845.08,2406400
9,26,localize_read_drop,own_local,group,100000,1303344,13.03344,2350000
9,27,async_queue_job_64_local_copies,std_shared,job,100,272325,2723.25,150400
9,28,async_queue_job_1024_local_copies,own_local,job,100,220457,2204.57,2406400
9,29,independent_owner_parameter,std_shared,call,100000,1649732,16.49732,2350000
9,30,frame_4096_draws_64_unique_leases,std_shared,frame,24,85112,3546.33333333,41287680
9,31,weak_lock_live,std_shared,lock,100000,1684326,16.84326,2350000
9,32,weak_lock_expired,std_shared,lock,100000,97237,0.97237,0
9,33,scene_4096_attachments,std_shared,attachment,98304,981026,9.97951253255,98304
9,34,owner_retained_borrow_copy_read,own_local_view,read,100000,30124,0.30124,2350000
9,35,contended_copy_2_workers,std_shared,copy,200000,13622190,68.11095,4700000
9,36,share_read_drop,own_shared,handoff,100000,1153766,11.53766,2350000
9,37,owner_retained_4096_parameter_borrows,std_raw_borrow,frame,24,79586,3316.08333333,41287680
9,38,group_setup_then_1_copies,std_shared,group,100000,3322873,33.22873,2000000
9,39,async_queue_job_1024_borrow_reads,std_shared_then_raw_borrow,job,100,118498,1184.98,2406400
9,40,async_queue_job_1_local_copies,own_local,job,100,64217,642.17,2000
9,41,share_read_drop,std_shared,handoff,100000,1478809,14.78809,2350000
9,42,localize_read_drop,std_shared,group,100000,1486368,14.86368,2350000
9,43,independent_owner_parameter,own_shared,call,100000,1467281,14.67281,2350000
9,44,group_setup_then_1_copies,own_local,group,100000,1362562,13.62562,2000000
9,45,group_setup_then_64_copies,own_local,group,1562,111556,71.4186939821,2349248
9,46,resettable_root_pin_1024_borrow_reads,own_shared_pin_local_view,scope,97,31699,326.793814433,2334208
9,47,independent_owner_parameter,own_local,call,100000,115179,1.15179,2350000
9,48,async_queue_job_1_borrow_reads,std_shared_then_raw_borrow,job,100,67483,674.83,2000
9,49,create_read_destroy,own_local,asset,100000,1508607,15.08607,65000400000
9,50,copy_read_drop,own_local,copy,100000,101278,1.01278,2350000
9,51,resource_lifecycle_64_assets_4096_objects,own_local,cycle,10,242474,24247.4,17203200
9,52,contended_copy_2_workers,own_shared,copy,200000,10189633,50.948165,4700000
9,53,borrow_read,raw_borrow,read,100000,34999,0.34999,2350000
9,54,owner_retained_borrow_parameter,std_raw_borrow,call,100000,59970,0.5997,2350000
9,55,owner_retained_4096_parameter_borrows,own_local_view,frame,24,76188,3174.5,41287680
10,0,weak_lock_live,own_shared,lock,100000,1500111,15.00111,2350000
10,1,borrow_read,raw_borrow,read,100000,51327,0.51327,2350000
10,2,group_setup_then_8_copies,own_local,group,12500,256118,20.48944,2350000
10,3,scene_4096_attachments,std_shared,attachment,98304,964182,9.80816650391,98304
10,4,async_queue_job_1_local_copies,std_shared,job,100,89766,897.66,2000
10,5,create_read_destroy,std_shared,asset,100000,1223374,12.23374,65000400000
10,6,scene_4096_attachments,own_local,attachment,98304,153185,1.55827840169,98304
10,7,owner_retained_4096_draw_borrows,std_raw_borrow,frame,24,47301,1970.875,41287680
10,8,localize_read_drop,std_shared,group,100000,1474227,14.74227,2350000
10,9,weak_lock_expired,own_shared,lock,100000,77106,0.77106,0
10,10,resettable_root_pin_1024_borrow_reads,std_shared_pin_raw_borrow,scope,97,31956,329.443298969,2334208
10,11,frame_4096_draws_64_unique_leases,own_shared,frame,24,108661,4527.54166667,41287680
10,12,share_read_drop,own_shared,handoff,100000,1112751,11.12751,2350000
10,13,independent_owner_parameter,own_local,call,100000,126485,1.26485,2350000
10,14,copy_read_drop,own_local,copy,100000,101410,1.0141,2350000
10,15,resettable_root_pin_1024_borrow_reads,own_shared_pin_local_view,scope,97,37677,388.422680412,2334208
10,16,owner_retained_4096_parameter_borrows,own_local_view,frame,24,82367,3431.95833333,41287680
10,17,async_queue_job_1_borrow_reads,std_shared_then_raw_borrow,job,100,63079,630.79,2000
10,18,async_queue_job_64_local_copies,std_shared,job,100,266082,2660.82,150400
10,19,async_queue_job_1024_local_copies,std_shared,job,100,2917996,29179.96,2406400
10,20,contended_copy_2_workers,std_shared,copy,200000,13686815,68.434075,4700000
10,21,async_queue_job_1_local_copies,own_local,job,100,46736,467.36,2000
10,22,independent_owner_parameter,own_shared,call,100000,1451926,14.51926,2350000
10,23,async_queue_job_1_borrow_reads,own_shared_then_local_view,job,100,87497,874.97,2000
10,24,group_setup_then_1024_copies,std_shared,group,97,1644304,16951.5876289,2334208
10,25,async_queue_job_1024_borrow_reads,own_shared_then_local_view,job,100,127650,1276.5,2406400
10,26,async_queue_job_1024_borrow_reads,std_shared_then_raw_borrow,job,100,102078,1020.78,2406400
10,27,create_read_destroy,own_local,asset,100000,1484734,14.84734,65000400000
10,28,group_setup_then_8_copies,std_shared,group,12500,1879126,150.33008,2350000
10,29,async_queue_job_1024_local_copies,own_local,job,100,236945,2369.45,2406400
10,30,copy_read_drop,own_shared,copy,100000,1110393,11.10393,2350000
10,31,owner_retained_borrow_copy_read,std_raw_borrow,read,100000,30028,0.30028,2350000
10,32,contended_copy_2_workers,own_shared,copy,200000,9963319,49.816595,4700000
10,33,copy_read_drop,std_shared,copy,100000,1672498,16.72498,2350000
10,34,group_setup_then_1_copies,own_local,group,100000,1359385,13.59385,2000000
10,35,weak_lock_live,std_shared,lock,100000,1702726,17.02726,2350000
10,36,owner_retained_4096_parameter_borrows,std_raw_borrow,frame,24,76154,3173.08333333,41287680
10,37,async_queue_job_64_borrow_reads,own_shared_then_local_view,job,100,71001,710.01,150400
10,38,async_queue_job_64_borrow_reads,std_shared_then_raw_borrow,job,100,103581,1035.81,150400
10,39,owner_retained_borrow_parameter,own_local_view,call,100000,59962,0.59962,2350000
10,40,owner_retained_borrow_copy_read,own_local_view,read,100000,30035,0.30035,2350000
10,41,group_setup_then_1_copies,std_shared,group,100000,3342747,33.42747,2000000
10,42,resource_lifecycle_64_assets_4096_objects,own_local,cycle,10,221867,22186.7,17203200
10,43,independent_owner_parameter,std_shared,call,100000,1643135,16.43135,2350000
10,44,group_setup_then_64_copies,std_shared,group,1562,1687967,1080.6446863,2349248
10,45,group_setup_then_1024_copies,own_local,group,97,92674,955.402061856,2334208
10,46,share_read_drop,std_shared,handoff,100000,1458208,14.58208,2350000
10,47,owner_retained_borrow_parameter,std_raw_borrow,call,100000,75000,0.75,2350000
10,48,resource_lifecycle_64_assets_4096_objects,std_shared,cycle,10,505126,50512.6,17203200
10,49,owner_retained_4096_draw_borrows,own_local_view,frame,24,47042,1960.08333333,41287680
10,50,group_setup_then_64_copies,own_local,group,1562,292816,187.462227913,2349248
10,51,frame_4096_draws_64_unique_leases,std_shared,frame,24,99153,4131.375,41287680
10,52,create_read_destroy,own_shared,asset,100000,1256726,12.56726,65000400000
10,53,localize_read_drop,own_local,group,100000,1275814,12.75814,2350000
10,54,weak_lock_expired,std_shared,lock,100000,85590,0.8559,0
10,55,async_queue_job_64_local_copies,own_local,job,100,69028,690.28,150400
11,0,async_queue_job_64_borrow_reads,std_shared_then_raw_borrow,job,100,68052,680.52,150400
11,1,owner_retained_borrow_copy_read,own_local_view,read,100000,30126,0.30126,2350000
11,2,weak_lock_live,std_shared,lock,100000,1689754,16.89754,2350000
11,3,owner_retained_borrow_parameter,std_raw_borrow,call,100000,59956,0.59956,2350000
11,4,create_read_destroy,own_local,asset,100000,1595928,15.95928,65000400000
11,5,resource_lifecycle_64_assets_4096_objects,own_local,cycle,10,215221,21522.1,17203200
11,6,group_setup_then_1_copies,own_local,group,100000,1355297,13.55297,2000000
11,7,group_setup_then_1_copies,std_shared,group,100000,3334265,33.34265,2000000
11,8,group_setup_then_8_copies,std_shared,group,12500,1856638,148.53104,2350000
11,9,async_queue_job_1_borrow_reads,std_shared_then_raw_borrow,job,100,75580,755.8,2000
11,10,copy_read_drop,std_shared,copy,100000,1652223,16.52223,2350000
11,11,owner_retained_4096_parameter_borrows,own_local_view,frame,24,76097,3170.70833333,41287680
11,12,group_setup_then_64_copies,std_shared,group,1562,1670792,1069.64916773,2349248
11,13,create_read_destroy,own_shared,asset,100000,1313514,13.13514,65000400000
11,14,weak_lock_expired,std_shared,lock,100000,89870,0.8987,0
11,15,resettable_root_pin_1024_borrow_reads,std_shared_pin_raw_borrow,scope,97,32133,331.268041237,2334208
11,16,owner_retained_4096_parameter_borrows,std_raw_borrow,frame,24,76166,3173.58333333,41287680
11,17,share_read_drop,own_shared,handoff,100000,5502801,55.02801,2350000
11,18,scene_4096_attachments,std_shared,attachment,98304,943721,9.60002644857,98304
11,19,contended_copy_2_workers,own_shared,copy,200000,10226382,51.13191,4700000
11,20,copy_read_drop,own_local,copy,100000,101486,1.01486,2350000
11,21,localize_read_drop,own_local,group,100000,1545868,15.45868,2350000
11,22,async_queue_job_1_local_copies,own_local,job,100,62088,620.88,2000
11,23,copy_read_drop,own_shared,copy,100000,1213338,12.13338,2350000
11,24,frame_4096_draws_64_unique_leases,std_shared,frame,24,92720,3863.33333333,41287680
11,25,weak_lock_expired,own_shared,lock,100000,83461,0.83461,0
11,26,resource_lifecycle_64_assets_4096_objects,std_shared,cycle,10,561898,56189.8,17203200
11,27,owner_retained_4096_draw_borrows,own_local_view,frame,24,51836,2159.83333333,41287680
11,28,async_queue_job_1024_local_copies,std_shared,job,100,2350865,23508.65,2406400
11,29,async_queue_job_64_borrow_reads,own_shared_then_local_view,job,100,45916,459.16,150400
11,30,owner_retained_4096_draw_borrows,std_raw_borrow,frame,24,47978,1999.08333333,41287680
11,31,localize_read_drop,std_shared,group,100000,1489514,14.89514,2350000
11,32,group_setup_then_8_copies,own_local,group,12500,224229,17.93832,2350000
11,33,group_setup_then_1024_copies,std_shared,group,97,1639746,16904.5979381,2334208
11,34,contended_copy_2_workers,std_shared,copy,200000,13196801,65.984005,4700000
11,35,weak_lock_live,own_shared,lock,100000,1472975,14.72975,2350000
11,36,async_queue_job_1024_borrow_reads,own_shared_then_local_view,job,100,164637,1646.37,2406400
11,37,create_read_destroy,std_shared,asset,100000,1273598,12.73598,65000400000
11,38,async_queue_job_1024_borrow_reads,std_shared_then_raw_borrow,job,100,115378,1153.78,2406400
11,39,async_queue_job_1_borrow_reads,own_shared_then_local_view,job,100,67101,671.01,2000
11,40,share_read_drop,std_shared,handoff,100000,1485023,14.85023,2350000
11,41,async_queue_job_64_local_copies,own_local,job,100,111062,1110.62,150400
11,42,frame_4096_draws_64_unique_leases,own_shared,frame,24,89673,3736.375,41287680
11,43,scene_4096_attachments,own_local,attachment,98304,138714,1.41107177734,98304
11,44,independent_owner_parameter,std_shared,call,100000,1639825,16.39825,2350000
11,45,independent_owner_parameter,own_local,call,100000,124366,1.24366,2350000
11,46,owner_retained_borrow_parameter,own_local_view,call,100000,62234,0.62234,2350000
11,47,group_setup_then_1024_copies,own_local,group,97,90962,937.75257732,2334208
11,48,resettable_root_pin_1024_borrow_reads,own_shared_pin_local_view,scope,97,31212,321.773195876,2334208
11,49,async_queue_job_1024_local_copies,own_local,job,100,206416,2064.16,2406400
11,50,group_setup_then_64_copies,own_local,group,1562,111525,71.3988476312,2349248
11,51,independent_owner_parameter,own_shared,call,100000,1479752,14.79752,2350000
11,52,borrow_read,raw_borrow,read,100000,35483,0.35483,2350000
11,53,owner_retained_borrow_copy_read,std_raw_borrow,read,100000,29999,0.29999,2350000
11,54,async_queue_job_64_local_copies,std_shared,job,100,327344,3273.44,150400
11,55,async_queue_job_1_local_copies,std_shared,job,100,66612,666.12,2000
12,0,owner_retained_4096_draw_borrows,std_raw_borrow,frame,24,47410,1975.41666667,41287680
12,1,create_read_destroy,std_shared,asset,100000,1251066,12.51066,65000400000
12,2,group_setup_then_1_copies,own_local,group,100000,1375535,13.75535,2000000
12,3,copy_read_drop,own_local,copy,100000,101476,1.01476,2350000
12,4,copy_read_drop,own_shared,copy,100000,1207752,12.07752,2350000
12,5,group_setup_then_64_copies,own_local,group,1562,128772,82.4404609475,2349248
12,6,owner_retained_borrow_parameter,own_local_view,call,100000,64945,0.64945,2350000
12,7,share_read_drop,std_shared,handoff,100000,1600858,16.00858,2350000
12,8,owner_retained_borrow_parameter,std_raw_borrow,call,100000,69614,0.69614,2350000
12,9,weak_lock_expired,std_shared,lock,100000,101842,1.01842,0
12,10,async_queue_job_1024_local_copies,own_local,job,100,261965,2619.65,2406400
12,11,async_queue_job_64_local_copies,std_shared,job,100,295455,2954.55,150400
12,12,resource_lifecycle_64_assets_4096_objects,own_local,cycle,10,242718,24271.8,17203200
12,13,share_read_drop,own_shared,handoff,100000,1126343,11.26343,2350000
12,14,scene_4096_attachments,std_shared,attachment,98304,950346,9.66741943359,98304
12,15,localize_read_drop,std_shared,group,100000,1529577,15.29577,2350000
12,16,async_queue_job_64_local_copies,own_local,job,100,64698,646.98,150400
12,17,independent_owner_parameter,own_local,call,100000,130648,1.30648,2350000
12,18,localize_read_drop,own_local,group,100000,1283114,12.83114,2350000
12,19,scene_4096_attachments,own_local,attachment,98304,151803,1.5442199707,98304
12,20,group_setup_then_8_copies,std_shared,group,12500,1950965,156.0772,2350000
12,21,async_queue_job_1024_borrow_reads,own_shared_then_local_view,job,100,136663,1366.63,2406400
12,22,group_setup_then_1024_copies,own_local,group,97,115557,1191.30927835,2334208
12,23,async_queue_job_1_borrow_reads,own_shared_then_local_view,job,100,67790,677.9,2000
12,24,weak_lock_live,own_shared,lock,100000,1520510,15.2051,2350000
12,25,group_setup_then_8_copies,own_local,group,12500,230437,18.43496,2350000
12,26,frame_4096_draws_64_unique_leases,std_shared,frame,24,84894,3537.25,41287680
12,27,owner_retained_4096_draw_borrows,own_local_view,frame,24,51851,2160.45833333,41287680
12,28,group_setup_then_1_copies,std_shared,group,100000,3351557,33.51557,2000000
12,29,resettable_root_pin_1024_borrow_reads,own_shared_pin_local_view,scope,97,31174,321.381443299,2334208
12,30,async_queue_job_1024_local_copies,std_shared,job,100,2437972,24379.72,2406400
12,31,create_read_destroy,own_local,asset,100000,1585709,15.85709,65000400000
12,32,async_queue_job_1_local_copies,own_local,job,100,66598,665.98,2000
12,33,group_setup_then_1024_copies,std_shared,group,97,1632701,16831.9690722,2334208
12,34,borrow_read,raw_borrow,read,100000,36133,0.36133,2350000
12,35,owner_retained_borrow_copy_read,own_local_view,read,100000,30192,0.30192,2350000
12,36,copy_read_drop,std_shared,copy,100000,1688629,16.88629,2350000
12,37,async_queue_job_1024_borrow_reads,std_shared_then_raw_borrow,job,100,118058,1180.58,2406400
12,38,create_read_destroy,own_shared,asset,100000,1262493,12.62493,65000400000
12,39,contended_copy_2_workers,std_shared,copy,200000,14343167,71.715835,4700000
12,40,independent_owner_parameter,own_shared,call,100000,1453088,14.53088,2350000
12,41,async_queue_job_64_borrow_reads,own_shared_then_local_view,job,100,51235,512.35,150400
12,42,contended_copy_2_workers,own_shared,copy,200000,10231623,51.158115,4700000
12,43,owner_retained_4096_parameter_borrows,own_local_view,frame,24,76476,3186.5,41287680
12,44,resource_lifecycle_64_assets_4096_objects,std_shared,cycle,10,509422,50942.2,17203200
12,45,owner_retained_4096_parameter_borrows,std_raw_borrow,frame,24,76616,3192.33333333,41287680
12,46,group_setup_then_64_copies,std_shared,group,1562,1673803,1071.57682458,2349248
12,47,resettable_root_pin_1024_borrow_reads,std_shared_pin_raw_borrow,scope,97,31683,326.628865979,2334208
12,48,async_queue_job_1_borrow_reads,std_shared_then_raw_borrow,job,100,49759,497.59,2000
12,49,async_queue_job_64_borrow_reads,std_shared_then_raw_borrow,job,100,56060,560.6,150400
12,50,weak_lock_expired,own_shared,lock,100000,77153,0.77153,0
12,51,independent_owner_parameter,std_shared,call,100000,1665601,16.65601,2350000
12,52,weak_lock_live,std_shared,lock,100000,1761587,17.61587,2350000
12,53,owner_retained_borrow_copy_read,std_raw_borrow,read,100000,30081,0.30081,2350000
12,54,async_queue_job_1_local_copies,std_shared,job,100,80924,809.24,2000
12,55,frame_4096_draws_64_unique_leases,own_shared,frame,24,88717,3696.54166667,41287680
13,0,resource_lifecycle_64_assets_4096_objects,own_local,cycle,10,232444,23244.4,17203200
13,1,weak_lock_live,own_shared,lock,100000,1513855,15.13855,2350000
13,2,owner_retained_4096_parameter_borrows,own_local_view,frame,24,76464,3186,41287680
13,3,async_queue_job_1024_borrow_reads,own_shared_then_local_view,job,100,121398,1213.98,2406400
13,4,scene_4096_attachments,own_local,attachment,98304,138612,1.41003417969,98304
13,5,borrow_read,raw_borrow,read,100000,35113,0.35113,2350000
13,6,share_read_drop,std_shared,handoff,100000,1449204,14.49204,2350000
13,7,group_setup_then_64_copies,std_shared,group,1562,1646652,1054.19462228,2349248
13,8,resource_lifecycle_64_assets_4096_objects,std_shared,cycle,10,559446,55944.6,17203200
13,9,frame_4096_draws_64_unique_leases,std_shared,frame,24,94037,3918.20833333,41287680
13,10,async_queue_job_1_local_copies,own_local,job,100,55660,556.6,2000
13,11,contended_copy_2_workers,std_shared,copy,200000,16711670,83.55835,4700000
13,12,async_queue_job_64_borrow_reads,std_shared_then_raw_borrow,job,100,64618,646.18,150400
13,13,independent_owner_parameter,own_local,call,100000,119247,1.19247,2350000
13,14,independent_owner_parameter,std_shared,call,100000,1654495,16.54495,2350000
13,15,async_queue_job_1_borrow_reads,own_shared_then_local_view,job,100,60046,600.46,2000
13,16,copy_read_drop,std_shared,copy,100000,1706974,17.06974,2350000
13,17,group_setup_then_1024_copies,std_shared,group,97,1654398,17055.6494845,2334208
13,18,independent_owner_parameter,own_shared,call,100000,1466028,14.66028,2350000
13,19,group_setup_then_8_copies,own_local,group,12500,298039,23.84312,2350000
13,20,weak_lock_expired,std_shared,lock,100000,83493,0.83493,0
13,21,create_read_destroy,std_shared,asset,100000,1279593,12.79593,65000400000
13,22,localize_read_drop,std_shared,group,100000,1487130,14.8713,2350000
13,23,share_read_drop,own_shared,handoff,100000,1148074,11.48074,2350000
13,24,copy_read_drop,own_shared,copy,100000,1102126,11.02126,2350000
13,25,owner_retained_borrow_parameter,own_local_view,call,100000,61692,0.61692,2350000
13,26,scene_4096_attachments,std_shared,attachment,98304,948739,9.65107218424,98304
13,27,group_setup_then_1024_copies,own_local,group,97,91087,939.041237113,2334208
13,28,weak_lock_live,std_shared,lock,100000,1695680,16.9568,2350000
13,29,create_read_destroy,own_local,asset,100000,1584325,15.84325,65000400000
13,30,async_queue_job_64_borrow_reads,own_shared_then_local_view,job,100,60266,602.66,150400
13,31,weak_lock_expired,own_shared,lock,100000,77033,0.77033,0
13,32,owner_retained_4096_parameter_borrows,std_raw_borrow,frame,24,76485,3186.875,41287680
13,33,owner_retained_borrow_parameter,std_raw_borrow,call,100000,63863,0.63863,2350000
13,34,owner_retained_4096_draw_borrows,std_raw_borrow,frame,24,47078,1961.58333333,41287680
13,35,async_queue_job_64_local_copies,own_local,job,100,64119,641.19,150400
13,36,resettable_root_pin_1024_borrow_reads,std_shared_pin_raw_borrow,scope,97,31474,324.474226804,2334208
13,37,group_setup_then_1_copies,std_shared,group,100000,3335626,33.35626,2000000
13,38,group_setup_then_1_copies,own_local,group,100000,1351830,13.5183,2000000
13,39,owner_retained_borrow_copy_read,std_raw_borrow,read,100000,30012,0.30012,2350000
13,40,owner_retained_4096_draw_borrows,own_local_view,frame,24,47184,1966,41287680
13,41,group_setup_then_8_copies,std_shared,group,12500,1866227,149.29816,2350000
13,42,async_queue_job_1_borrow_reads,std_shared_then_raw_borrow,job,100,73611,736.11,2000
13,43,async_queue_job_1024_local_copies,std_shared,job,100,2392347,23923.47,2406400
13,44,owner_retained_borrow_copy_read,own_local_view,read,100000,30011,0.30011,2350000
13,45,async_queue_job_1024_local_copies,own_local,job,100,217856,2178.56,2406400
13,46,async_queue_job_1_local_copies,std_shared,job,100,65974,659.74,2000
13,47,localize_read_drop,own_local,group,100000,1301375,13.01375,2350000
13,48,contended_copy_2_workers,own_shared,copy,200000,9424257,47.121285,4700000
13,49,frame_4096_draws_64_unique_leases,own_shared,frame,24,86983,3624.29166667,41287680
13,50,create_read_destroy,own_shared,asset,100000,1249433,12.49433,65000400000
13,51,resettable_root_pin_1024_borrow_reads,own_shared_pin_local_view,scope,97,31258,322.24742268,2334208
13,52,async_queue_job_64_local_copies,std_shared,job,100,327595,3275.95,150400
13,53,async_queue_job_1024_borrow_reads,std_shared_then_raw_borrow,job,100,194335,1943.35,2406400
13,54,copy_read_drop,own_local,copy,100000,102053,1.02053,2350000
13,55,group_setup_then_64_copies,own_local,group,1562,123425,79.0172855314,2349248
14,0,async_queue_job_1_local_copies,std_shared,job,100,67281,672.81,2000
14,1,owner_retained_4096_draw_borrows,std_raw_borrow,frame,24,50965,2123.54166667,41287680
14,2,copy_read_drop,own_shared,copy,100000,1195153,11.95153,2350000
14,3,localize_read_drop,own_local,group,100000,1376935,13.76935,2350000
14,4,create_read_destroy,own_shared,asset,100000,1345372,13.45372,65000400000
14,5,group_setup_then_1024_copies,std_shared,group,97,1642448,16932.4536082,2334208
14,6,scene_4096_attachments,own_local,attachment,98304,151588,1.5420328776,98304
14,7,async_queue_job_1024_local_copies,own_local,job,100,212900,2129,2406400
14,8,owner_retained_4096_parameter_borrows,own_local_view,frame,24,76126,3171.91666667,41287680
14,9,owner_retained_borrow_copy_read,own_local_view,read,100000,30289,0.30289,2350000
14,10,async_queue_job_1024_borrow_reads,own_shared_then_local_view,job,100,154369,1543.69,2406400
14,11,async_queue_job_64_local_copies,own_local,job,100,69018,690.18,150400
14,12,group_setup_then_1024_copies,own_local,group,97,91295,941.18556701,2334208
14,13,group_setup_then_8_copies,std_shared,group,12500,1876634,150.13072,2350000
14,14,localize_read_drop,std_shared,group,100000,1484277,14.84277,2350000
14,15,frame_4096_draws_64_unique_leases,own_shared,frame,24,85648,3568.66666667,41287680
14,16,async_queue_job_1024_borrow_reads,std_shared_then_raw_borrow,job,100,97853,978.53,2406400
14,17,group_setup_then_1_copies,own_local,group,100000,1355228,13.55228,2000000
14,18,create_read_destroy,std_shared,asset,100000,1208311,12.08311,65000400000
14,19,owner_retained_borrow_copy_read,std_raw_borrow,read,100000,30040,0.3004,2350000
14,20,weak_lock_expired,std_shared,lock,100000,83412,0.83412,0
14,21,owner_retained_borrow_parameter,std_raw_borrow,call,100000,75340,0.7534,2350000
14,22,group_setup_then_8_copies,own_local,group,12500,266847,21.34776,2350000
14,23,frame_4096_draws_64_unique_leases,std_shared,frame,24,86456,3602.33333333,41287680
14,24,owner_retained_4096_draw_borrows,own_local_view,frame,24,50688,2112,41287680
14,25,async_queue_job_64_local_copies,std_shared,job,100,269291,2692.91,150400
14,26,weak_lock_expired,own_shared,lock,100000,81763,0.81763,0
14,27,weak_lock_live,std_shared,lock,100000,1687661,16.87661,2350000
14,28,copy_read_drop,own_local,copy,100000,101554,1.01554,2350000
14,29,contended_copy_2_workers,std_shared,copy,200000,13982979,69.914895,4700000
14,30,owner_retained_borrow_parameter,own_local_view,call,100000,60350,0.6035,2350000
14,31,share_read_drop,own_shared,handoff,100000,1114104,11.14104,2350000
14,32,group_setup_then_64_copies,std_shared,group,1562,1707149,1092.92509603,2349248
14,33,weak_lock_live,own_shared,lock,100000,1514212,15.14212,2350000
14,34,resource_lifecycle_64_assets_4096_objects,std_shared,cycle,10,505499,50549.9,17203200
14,35,share_read_drop,std_shared,handoff,100000,1517412,15.17412,2350000
14,36,create_read_destroy,own_local,asset,100000,1563622,15.63622,65000400000
14,37,resettable_root_pin_1024_borrow_reads,std_shared_pin_raw_borrow,scope,97,31862,328.474226804,2334208
14,38,independent_owner_parameter,own_shared,call,100000,1473996,14.73996,2350000
14,39,group_setup_then_64_copies,own_local,group,1562,114764,73.4724711908,2349248
14,40,async_queue_job_64_borrow_reads,own_shared_then_local_view,job,100,66536,665.36,150400
14,41,async_queue_job_1_borrow_reads,std_shared_then_raw_borrow,job,100,65753,657.53,2000
14,42,independent_owner_parameter,std_shared,call,100000,1677426,16.77426,2350000
14,43,contended_copy_2_workers,own_shared,copy,200000,8823223,44.116115,4700000
14,44,async_queue_job_64_borrow_reads,std_shared_then_raw_borrow,job,100,55886,558.86,150400
14,45,owner_retained_4096_parameter_borrows,std_raw_borrow,frame,24,89354,3723.08333333,41287680
14,46,independent_owner_parameter,own_local,call,100000,115222,1.15222,2350000
14,47,group_setup_then_1_copies,std_shared,group,100000,3338143,33.38143,2000000
14,48,resource_lifecycle_64_assets_4096_objects,own_local,cycle,10,215233,21523.3,17203200
14,49,resettable_root_pin_1024_borrow_reads,own_shared_pin_local_view,scope,97,31343,323.12371134,2334208
14,50,async_queue_job_1024_local_copies,std_shared,job,100,3124235,31242.35,2406400
14,51,copy_read_drop,std_shared,copy,100000,1731739,17.31739,2350000
14,52,async_queue_job_1_local_copies,own_local,job,100,92805,928.05,2000
14,53,borrow_read,raw_borrow,read,100000,39656,0.39656,2350000
14,54,async_queue_job_1_borrow_reads,own_shared_then_local_view,job,100,78471,784.71,2000
14,55,scene_4096_attachments,std_shared,attachment,98304,1032428,10.5024007161,98304
15,0,async_queue_job_64_borrow_reads,std_shared_then_raw_borrow,job,100,77514,775.14,150400
15,1,localize_read_drop,std_shared,group,100000,1584103,15.84103,2350000
15,2,owner_retained_4096_draw_borrows,own_local_view,frame,24,51708,2154.5,41287680
15,3,owner_retained_4096_draw_borrows,std_raw_borrow,frame,24,51459,2144.125,41287680
15,4,async_queue_job_1_local_copies,own_local,job,100,77720,777.2,2000
15,5,owner_retained_borrow_parameter,own_local_view,call,100000,71478,0.71478,2350000
15,6,group_setup_then_1024_copies,std_shared,group,97,1671537,17232.3402062,2334208
15,7,weak_lock_live,std_shared,lock,100000,1722137,17.22137,2350000
15,8,independent_owner_parameter,own_local,call,100000,112365,1.12365,2350000
15,9,async_queue_job_1024_local_copies,own_local,job,100,299030,2990.3,2406400
15,10,group_setup_then_64_copies,own_local,group,1562,136023,87.0825864277,2349248
15,11,weak_lock_expired,own_shared,lock,100000,77094,0.77094,0
15,12,group_setup_then_1024_copies,own_local,group,97,94847,977.804123711,2334208
15,13,localize_read_drop,own_local,group,100000,1320377,13.20377,2350000
15,14,contended_copy_2_workers,own_shared,copy,200000,8993352,44.96676,4700000
15,15,copy_read_drop,own_local,copy,100000,106211,1.06211,2350000
15,16,group_setup_then_64_copies,std_shared,group,1562,1814792,1161.83866837,2349248
15,17,copy_read_drop,own_shared,copy,100000,1193656,11.93656,2350000
15,18,async_queue_job_1024_borrow_reads,own_shared_then_local_view,job,100,121653,1216.53,2406400
15,19,resettable_root_pin_1024_borrow_reads,own_shared_pin_local_view,scope,97,33848,348.948453608,2334208
15,20,frame_4096_draws_64_unique_leases,std_shared,frame,24,91988,3832.83333333,41287680
15,21,owner_retained_borrow_copy_read,std_raw_borrow,read,100000,32514,0.32514,2350000
15,22,owner_retained_4096_parameter_borrows,own_local_view,frame,24,97802,4075.08333333,41287680
15,23,group_setup_then_1_copies,own_local,group,100000,1414261,14.14261,2000000
15,24,independent_owner_parameter,std_shared,call,100000,1639440,16.3944,2350000
15,25,async_queue_job_1_local_copies,std_shared,job,100,62474,624.74,2000
15,26,group_setup_then_8_copies,own_local,group,12500,261101,20.88808,2350000
15,27,async_queue_job_1024_local_copies,std_shared,job,100,2407211,24072.11,2406400
15,28,create_read_destroy,own_local,asset,100000,1450709,14.50709,65000400000
15,29,create_read_destroy,std_shared,asset,100000,1212781,12.12781,65000400000
15,30,weak_lock_live,own_shared,lock,100000,1451466,14.51466,2350000
15,31,copy_read_drop,std_shared,copy,100000,1624814,16.24814,2350000
15,32,share_read_drop,std_shared,handoff,100000,1484036,14.84036,2350000
15,33,resettable_root_pin_1024_borrow_reads,std_shared_pin_raw_borrow,scope,97,31278,322.453608247,2334208
15,34,async_queue_job_64_local_copies,std_shared,job,100,307714,3077.14,150400
15,35,contended_copy_2_workers,std_shared,copy,200000,14497221,72.486105,4700000
15,36,async_queue_job_64_borrow_reads,own_shared_then_local_view,job,100,56851,568.51,150400
15,37,async_queue_job_1024_borrow_reads,std_shared_then_raw_borrow,job,100,181744,1817.44,2406400
15,38,independent_owner_parameter,own_shared,call,100000,1458028,14.58028,2350000
15,39,create_read_destroy,own_shared,asset,100000,1254130,12.5413,65000400000
15,40,resource_lifecycle_64_assets_4096_objects,own_local,cycle,10,214838,21483.8,17203200
15,41,borrow_read,raw_borrow,read,100000,36038,0.36038,2350000
15,42,resource_lifecycle_64_assets_4096_objects,std_shared,cycle,10,511539,51153.9,17203200
15,43,scene_4096_attachments,own_local,attachment,98304,141592,1.44034830729,98304
15,44,weak_lock_expired,std_shared,lock,100000,85807,0.85807,0
15,45,group_setup_then_8_copies,std_shared,group,12500,1871970,149.7576,2350000
15,46,async_queue_job_1_borrow_reads,own_shared_then_local_view,job,100,60293,602.93,2000
15,47,owner_retained_4096_parameter_borrows,std_raw_borrow,frame,24,76231,3176.29166667,41287680
15,48,owner_retained_borrow_copy_read,own_local_view,read,100000,30056,0.30056,2350000
15,49,frame_4096_draws_64_unique_leases,own_shared,frame,24,86842,3618.41666667,41287680
15,50,share_read_drop,own_shared,handoff,100000,1115435,11.15435,2350000
15,51,async_queue_job_1_borrow_reads,std_shared_then_raw_borrow,job,100,60882,608.82,2000
15,52,scene_4096_attachments,std_shared,attachment,98304,960007,9.76569620768,98304
15,53,owner_retained_borrow_parameter,std_raw_borrow,call,100000,64081,0.64081,2350000
15,54,async_queue_job_64_local_copies,own_local,job,100,92265,922.65,150400
15,55,group_setup_then_1_copies,std_shared,group,100000,3300814,33.00814,2000000
16,0,async_queue_job_1024_borrow_reads,std_shared_then_raw_borrow,job,100,100937,1009.37,2406400
16,1,async_queue_job_64_borrow_reads,std_shared_then_raw_borrow,job,100,72358,723.58,150400
16,2,async_queue_job_1024_borrow_reads,own_shared_then_local_view,job,100,123427,1234.27,2406400
16,3,group_setup_then_1_copies,own_local,group,100000,1380717,13.80717,2000000
16,4,async_queue_job_1_local_copies,own_local,job,100,60159,601.59,2000
16,5,resource_lifecycle_64_assets_4096_objects,own_local,cycle,10,211018,21101.8,17203200
16,6,copy_read_drop,std_shared,copy,100000,1656452,16.56452,2350000
16,7,scene_4096_attachments,std_shared,attachment,98304,957482,9.74001057943,98304
16,8,contended_copy_2_workers,own_shared,copy,200000,10251187,51.255935,4700000
16,9,contended_copy_2_workers,std_shared,copy,200000,13737204,68.68602,4700000
16,10,async_queue_job_64_local_copies,own_local,job,100,51946,519.46,150400
16,11,create_read_destroy,std_shared,asset,100000,1248989,12.48989,65000400000
16,12,owner_retained_4096_parameter_borrows,std_raw_borrow,frame,24,76236,3176.5,41287680
16,13,weak_lock_live,own_shared,lock,100000,1486095,14.86095,2350000
16,14,async_queue_job_1_borrow_reads,own_shared_then_local_view,job,100,61423,614.23,2000
16,15,async_queue_job_1_borrow_reads,std_shared_then_raw_borrow,job,100,66777,667.77,2000
16,16,localize_read_drop,std_shared,group,100000,1499360,14.9936,2350000
16,17,resettable_root_pin_1024_borrow_reads,std_shared_pin_raw_borrow,scope,97,32337,333.371134021,2334208
16,18,async_queue_job_64_local_copies,std_shared,job,100,284048,2840.48,150400
16,19,scene_4096_attachments,own_local,attachment,98304,144601,1.47095743815,98304
16,20,weak_lock_expired,std_shared,lock,100000,95440,0.9544,0
16,21,resource_lifecycle_64_assets_4096_objects,std_shared,cycle,10,499890,49989,17203200
16,22,owner_retained_borrow_parameter,std_raw_borrow,call,100000,59899,0.59899,2350000
16,23,share_read_drop,own_shared,handoff,100000,1116859,11.16859,2350000
16,24,create_read_destroy,own_local,asset,100000,1590128,15.90128,65000400000
16,25,group_setup_then_8_copies,std_shared,group,12500,1862372,148.98976,2350000
16,26,owner_retained_4096_draw_borrows,own_local_view,frame,24,47273,1969.70833333,41287680
16,27,share_read_drop,std_shared,handoff,100000,1459481,14.59481,2350000
16,28,resettable_root_pin_1024_borrow_reads,own_shared_pin_local_view,scope,97,31450,324.226804124,2334208
16,29,async_queue_job_1024_local_copies,std_shared,job,100,2431314,24313.14,2406400
16,30,owner_retained_borrow_parameter,own_local_view,call,100000,60080,0.6008,2350000
16,31,copy_read_drop,own_local,copy,100000,106062,1.06062,2350000
16,32,group_setup_then_64_copies,own_local,group,1562,126167,80.7727272727,2349248
16,33,group_setup_then_1024_copies,std_shared,group,97,1791487,18468.9381443,2334208
16,34,owner_retained_borrow_copy_read,own_local_view,read,100000,32495,0.32495,2350000
16,35,async_queue_job_1024_local_copies,own_local,job,100,209152,2091.52,2406400
16,36,frame_4096_draws_64_unique_leases,own_shared,frame,24,94108,3921.16666667,41287680
16,37,weak_lock_expired,own_shared,lock,100000,83902,0.83902,0
16,38,weak_lock_live,std_shared,lock,100000,1812329,18.12329,2350000
16,39,async_queue_job_64_borrow_reads,own_shared_then_local_view,job,100,64789,647.89,150400
16,40,copy_read_drop,own_shared,copy,100000,1100754,11.00754,2350000
16,41,localize_read_drop,own_local,group,100000,1291651,12.91651,2350000
16,42,independent_owner_parameter,own_shared,call,100000,1456938,14.56938,2350000
16,43,owner_retained_4096_parameter_borrows,own_local_view,frame,24,76015,3167.29166667,41287680
16,44,async_queue_job_1_local_copies,std_shared,job,100,61034,610.34,2000
16,45,independent_owner_parameter,std_shared,call,100000,1665581,16.65581,2350000
16,46,independent_owner_parameter,own_local,call,100000,115489,1.15489,2350000
16,47,group_setup_then_64_copies,std_shared,group,1562,1659804,1062.61459667,2349248
16,48,group_setup_then_8_copies,own_local,group,12500,265996,21.27968,2350000
16,49,frame_4096_draws_64_unique_leases,std_shared,frame,24,86083,3586.79166667,41287680
16,50,group_setup_then_1_copies,std_shared,group,100000,3314388,33.14388,2000000
16,51,borrow_read,raw_borrow,read,100000,36149,0.36149,2350000
16,52,create_read_destroy,own_shared,asset,100000,1241005,12.41005,65000400000
16,53,owner_retained_4096_draw_borrows,std_raw_borrow,frame,24,59416,2475.66666667,41287680
16,54,group_setup_then_1024_copies,own_local,group,97,88686,914.288659794,2334208
16,55,owner_retained_borrow_copy_read,std_raw_borrow,read,100000,29994,0.29994,2350000
17,0,async_queue_job_64_local_copies,std_shared,job,100,300886,3008.86,150400
17,1,group_setup_then_1_copies,std_shared,group,100000,3456283,34.56283,2000000
17,2,group_setup_then_1024_copies,std_shared,group,97,1678692,17306.1030928,2334208
17,3,independent_owner_parameter,own_shared,call,100000,1462418,14.62418,2350000
17,4,contended_copy_2_workers,own_shared,copy,200000,7300641,36.503205,4700000
17,5,create_read_destroy,own_local,asset,100000,1556837,15.56837,65000400000
17,6,independent_owner_parameter,std_shared,call,100000,1672882,16.72882,2350000
17,7,async_queue_job_1024_local_copies,std_shared,job,100,2603683,26036.83,2406400
17,8,share_read_drop,std_shared,handoff,100000,1458828,14.58828,2350000
17,9,owner_retained_4096_parameter_borrows,own_local_view,frame,24,76242,3176.75,41287680
17,10,contended_copy_2_workers,std_shared,copy,200000,8519579,42.597895,4700000
17,11,scene_4096_attachments,std_shared,attachment,98304,943808,9.60091145833,98304
17,12,resettable_root_pin_1024_borrow_reads,std_shared_pin_raw_borrow,scope,97,31833,328.175257732,2334208
17,13,copy_read_drop,std_shared,copy,100000,1669500,16.695,2350000
17,14,copy_read_drop,own_shared,copy,100000,1113640,11.1364,2350000
17,15,owner_retained_borrow_copy_read,own_local_view,read,100000,30070,0.3007,2350000
17,16,async_queue_job_64_local_copies,own_local,job,100,80766,807.66,150400
17,17,async_queue_job_1024_borrow_reads,std_shared_then_raw_borrow,job,100,173336,1733.36,2406400
17,18,group_setup_then_8_copies,own_local,group,12500,232110,18.5688,2350000
17,19,owner_retained_borrow_copy_read,std_raw_borrow,read,100000,30014,0.30014,2350000
17,20,weak_lock_live,own_shared,lock,100000,1484754,14.84754,2350000
17,21,resettable_root_pin_1024_borrow_reads,own_shared_pin_local_view,scope,97,31449,324.216494845,2334208
17,22,share_read_drop,own_shared,handoff,100000,1132699,11.32699,2350000
17,23,async_queue_job_1024_borrow_reads,own_shared_then_local_view,job,100,107178,1071.78,2406400
17,24,resource_lifecycle_64_assets_4096_objects,std_shared,cycle,10,506451,50645.1,17203200
17,25,create_read_destroy,own_shared,asset,100000,1251501,12.51501,65000400000
17,26,frame_4096_draws_64_unique_leases,own_shared,frame,24,87417,3642.375,41287680
17,27,scene_4096_attachments,own_local,attachment,98304,138887,1.41283162435,98304
17,28,async_queue_job_1_local_copies,own_local,job,100,60859,608.59,2000
17,29,owner_retained_4096_parameter_borrows,std_raw_borrow,frame,24,76431,3184.625,41287680
17,30,async_queue_job_1024_local_copies,own_local,job,100,228943,2289.43,2406400
17,31,owner_retained_4096_draw_borrows,own_local_view,frame,24,47188,1966.16666667,41287680
17,32,async_queue_job_64_borrow_reads,std_shared_then_raw_borrow,job,100,56717,567.17,150400
17,33,owner_retained_borrow_parameter,std_raw_borrow,call,100000,59925,0.59925,2350000
17,34,localize_read_drop,own_local,group,100000,1304765,13.04765,2350000
17,35,localize_read_drop,std_shared,group,100000,1473115,14.73115,2350000
17,36,async_queue_job_1_local_copies,std_shared,job,100,62657,626.57,2000
17,37,resource_lifecycle_64_assets_4096_objects,own_local,cycle,10,191412,19141.2,17203200
17,38,group_setup_then_1024_copies,own_local,group,97,91004,938.18556701,2334208
17,39,owner_retained_4096_draw_borrows,std_raw_borrow,frame,24,58379,2432.45833333,41287680
17,40,async_queue_job_1_borrow_reads,std_shared_then_raw_borrow,job,100,55033,550.33,2000
17,41,copy_read_drop,own_local,copy,100000,101289,1.01289,2350000
17,42,async_queue_job_1_borrow_reads,own_shared_then_local_view,job,100,56241,562.41,2000
17,43,owner_retained_borrow_parameter,own_local_view,call,100000,69570,0.6957,2350000
17,44,group_setup_then_64_copies,std_shared,group,1562,1806022,1156.2240717,2349248
17,45,weak_lock_live,std_shared,lock,100000,1813275,18.13275,2350000
17,46,group_setup_then_8_copies,std_shared,group,12500,1895130,151.6104,2350000
17,47,weak_lock_expired,own_shared,lock,100000,77188,0.77188,0
17,48,group_setup_then_64_copies,own_local,group,1562,127624,81.7055057618,2349248
17,49,async_queue_job_64_borrow_reads,own_shared_then_local_view,job,100,67531,675.31,150400
17,50,group_setup_then_1_copies,own_local,group,100000,1350912,13.50912,2000000
17,51,independent_owner_parameter,own_local,call,100000,115629,1.15629,2350000
17,52,borrow_read,raw_borrow,read,100000,36139,0.36139,2350000
17,53,frame_4096_draws_64_unique_leases,std_shared,frame,24,84945,3539.375,41287680
17,54,create_read_destroy,std_shared,asset,100000,1227171,12.27171,65000400000
17,55,weak_lock_expired,std_shared,lock,100000,85663,0.85663,0
18,0,async_queue_job_64_local_copies,std_shared,job,100,284767,2847.67,150400
18,1,async_queue_job_1024_borrow_reads,std_shared_then_raw_borrow,job,100,164910,1649.1,2406400
18,2,group_setup_then_1_copies,std_shared,group,100000,3344974,33.44974,2000000
18,3,copy_read_drop,own_local,copy,100000,118348,1.18348,2350000
18,4,group_setup_then_64_copies,own_local,group,1562,121061,77.5038412292,2349248
18,5,resettable_root_pin_1024_borrow_reads,own_shared_pin_local_view,scope,97,33909,349.577319588,2334208
18,6,group_setup_then_1024_copies,std_shared,group,97,1797925,18535.3092784,2334208
18,7,independent_owner_parameter,own_local,call,100000,137658,1.37658,2350000
18,8,group_setup_then_1024_copies,own_local,group,97,103955,1071.70103093,2334208
18,9,group_setup_then_8_copies,std_shared,group,12500,2011971,160.95768,2350000
18,10,weak_lock_live,own_shared,lock,100000,1556631,15.56631,2350000
18,11,independent_owner_parameter,std_shared,call,100000,1656801,16.56801,2350000
18,12,owner_retained_borrow_parameter,own_local_view,call,100000,59905,0.59905,2350000
18,13,owner_retained_4096_parameter_borrows,std_raw_borrow,frame,24,76174,3173.91666667,41287680
18,14,async_queue_job_1_borrow_reads,std_shared_then_raw_borrow,job,100,64464,644.64,2000
18,15,async_queue_job_1_local_copies,std_shared,job,100,47758,477.58,2000
18,16,async_queue_job_64_borrow_reads,std_shared_then_raw_borrow,job,100,69712,697.12,150400
18,17,weak_lock_live,std_shared,lock,100000,1696309,16.96309,2350000
18,18,resettable_root_pin_1024_borrow_reads,std_shared_pin_raw_borrow,scope,97,31933,329.206185567,2334208
18,19,frame_4096_draws_64_unique_leases,own_shared,frame,24,87279,3636.625,41287680
18,20,create_read_destroy,std_shared,asset,100000,1201552,12.01552,65000400000
18,21,contended_copy_2_workers,std_shared,copy,200000,13886595,69.432975,4700000
18,22,weak_lock_expired,std_shared,lock,100000,106778,1.06778,0
18,23,create_read_destroy,own_local,asset,100000,1466990,14.6699,65000400000
18,24,contended_copy_2_workers,own_shared,copy,200000,9683137,48.415685,4700000
18,25,owner_retained_borrow_copy_read,own_local_view,read,100000,30242,0.30242,2350000
18,26,resource_lifecycle_64_assets_4096_objects,own_local,cycle,10,204307,20430.7,17203200
18,27,group_setup_then_8_copies,own_local,group,12500,222376,17.79008,2350000
18,28,share_read_drop,std_shared,handoff,100000,1487069,14.87069,2350000
18,29,owner_retained_borrow_parameter,std_raw_borrow,call,100000,61703,0.61703,2350000
18,30,borrow_read,raw_borrow,read,100000,59773,0.59773,2350000
18,31,async_queue_job_1_local_copies,own_local,job,100,63120,631.2,2000
18,32,owner_retained_borrow_copy_read,std_raw_borrow,read,100000,30008,0.30008,2350000
18,33,localize_read_drop,own_local,group,100000,1273917,12.73917,2350000
18,34,share_read_drop,own_shared,handoff,100000,1112061,11.12061,2350000
18,35,resource_lifecycle_64_assets_4096_objects,std_shared,cycle,10,544318,54431.8,17203200
18,36,group_setup_then_1_copies,own_local,group,100000,1350600,13.506,2000000
18,37,owner_retained_4096_parameter_borrows,own_local_view,frame,24,76765,3198.54166667,41287680
18,38,owner_retained_4096_draw_borrows,own_local_view,frame,24,46914,1954.75,41287680
18,39,group_setup_then_64_copies,std_shared,group,1562,1671339,1069.9993598,2349248
18,40,async_queue_job_1_borrow_reads,own_shared_then_local_view,job,100,138519,1385.19,2000
18,41,copy_read_drop,own_shared,copy,100000,1145062,11.45062,2350000
18,42,create_read_destroy,own_shared,asset,100000,1265766,12.65766,65000400000
18,43,weak_lock_expired,own_shared,lock,100000,77089,0.77089,0
18,44,scene_4096_attachments,std_shared,attachment,98304,947354,9.63698323568,98304
18,45,independent_owner_parameter,own_shared,call,100000,1480544,14.80544,2350000
18,46,async_queue_job_1024_local_copies,own_local,job,100,270247,2702.47,2406400
18,47,scene_4096_attachments,own_local,attachment,98304,140174,1.42592366536,98304
18,48,async_queue_job_64_local_copies,own_local,job,100,54260,542.6,150400
18,49,owner_retained_4096_draw_borrows,std_raw_borrow,frame,24,47845,1993.54166667,41287680
18,50,async_queue_job_64_borrow_reads,own_shared_then_local_view,job,100,77205,772.05,150400
18,51,frame_4096_draws_64_unique_leases,std_shared,frame,24,85115,3546.45833333,41287680
18,52,async_queue_job_1024_local_copies,std_shared,job,100,2425753,24257.53,2406400
18,53,localize_read_drop,std_shared,group,100000,1492740,14.9274,2350000
18,54,copy_read_drop,std_shared,copy,100000,1663018,16.63018,2350000
18,55,async_queue_job_1024_borrow_reads,own_shared_then_local_view,job,100,119045,1190.45,2406400
19,0,async_queue_job_64_borrow_reads,own_shared_then_local_view,job,100,62320,623.2,150400
19,1,frame_4096_draws_64_unique_leases,own_shared,frame,24,85778,3574.08333333,41287680
19,2,async_queue_job_64_local_copies,std_shared,job,100,301056,3010.56,150400
19,3,group_setup_then_1024_copies,own_local,group,97,92656,955.216494845,2334208
19,4,owner_retained_borrow_parameter,std_raw_borrow,call,100000,61777,0.61777,2350000
19,5,create_read_destroy,own_shared,asset,100000,1230427,12.30427,65000400000
19,6,localize_read_drop,std_shared,group,100000,1490323,14.90323,2350000
19,7,async_queue_job_1024_local_copies,std_shared,job,100,2415095,24150.95,2406400
19,8,contended_copy_2_workers,own_shared,copy,200000,8651789,43.258945,4700000
19,9,create_read_destroy,std_shared,asset,100000,1237261,12.37261,65000400000
19,10,async_queue_job_1024_local_copies,own_local,job,100,269907,2699.07,2406400
19,11,resource_lifecycle_64_assets_4096_objects,own_local,cycle,10,192468,19246.8,17203200
19,12,owner_retained_4096_draw_borrows,own_local_view,frame,24,52243,2176.79166667,41287680
19,13,independent_owner_parameter,own_shared,call,100000,1502023,15.02023,2350000
19,14,borrow_read,raw_borrow,read,100000,36077,0.36077,2350000
19,15,share_read_drop,own_shared,handoff,100000,1114063,11.14063,2350000
19,16,async_queue_job_64_borrow_reads,std_shared_then_raw_borrow,job,100,67628,676.28,150400
19,17,owner_retained_borrow_copy_read,std_raw_borrow,read,100000,30039,0.30039,2350000
19,18,async_queue_job_1_borrow_reads,own_shared_then_local_view,job,100,56821,568.21,2000
19,19,async_queue_job_1_local_copies,std_shared,job,100,61162,611.62,2000
19,20,create_read_destroy,own_local,asset,100000,1510467,15.10467,65000400000
19,21,share_read_drop,std_shared,handoff,100000,1492306,14.92306,2350000
19,22,owner_retained_borrow_parameter,own_local_view,call,100000,64420,0.6442,2350000
19,23,weak_lock_live,own_shared,lock,100000,1488115,14.88115,2350000
19,24,copy_read_drop,own_shared,copy,100000,1100908,11.00908,2350000
19,25,async_queue_job_1_local_copies,own_local,job,100,94292,942.92,2000
19,26,async_queue_job_1_borrow_reads,std_shared_then_raw_borrow,job,100,70101,701.01,2000
19,27,async_queue_job_1024_borrow_reads,own_shared_then_local_view,job,100,117174,1171.74,2406400
19,28,group_setup_then_1024_copies,std_shared,group,97,1659322,17106.4123711,2334208
19,29,resettable_root_pin_1024_borrow_reads,std_shared_pin_raw_borrow,scope,97,31652,326.309278351,2334208
19,30,copy_read_drop,std_shared,copy,100000,1676245,16.76245,2350000
19,31,weak_lock_expired,std_shared,lock,100000,85868,0.85868,0
19,32,localize_read_drop,own_local,group,100000,1293311,12.93311,2350000
19,33,group_setup_then_1_copies,own_local,group,100000,1351181,13.51181,2000000
19,34,weak_lock_live,std_shared,lock,100000,1680111,16.80111,2350000
19,35,scene_4096_attachments,std_shared,attachment,98304,954766,9.7123819987,98304
19,36,group_setup_then_8_copies,std_shared,group,12500,1858983,148.71864,2350000
19,37,scene_4096_attachments,own_local,attachment,98304,139409,1.41814168294,98304
19,38,owner_retained_borrow_copy_read,own_local_view,read,100000,30007,0.30007,2350000
19,39,independent_owner_parameter,own_local,call,100000,115851,1.15851,2350000
19,40,copy_read_drop,own_local,copy,100000,100877,1.00877,2350000
19,41,owner_retained_4096_draw_borrows,std_raw_borrow,frame,24,51861,2160.875,41287680
19,42,contended_copy_2_workers,std_shared,copy,200000,13719881,68.599405,4700000
19,43,weak_lock_expired,own_shared,lock,100000,77065,0.77065,0
19,44,group_setup_then_64_copies,own_local,group,1562,112569,72.0672215109,2349248
19,45,owner_retained_4096_parameter_borrows,std_raw_borrow,frame,24,76278,3178.25,41287680
19,46,group_setup_then_64_copies,std_shared,group,1562,1673068,1071.10627401,2349248
19,47,async_queue_job_64_local_copies,own_local,job,100,73656,736.56,150400
19,48,group_setup_then_8_copies,own_local,group,12500,275814,22.06512,2350000
19,49,group_setup_then_1_copies,std_shared,group,100000,3623970,36.2397,2000000
19,50,resettable_root_pin_1024_borrow_reads,own_shared_pin_local_view,scope,97,34118,351.731958763,2334208
19,51,owner_retained_4096_parameter_borrows,own_local_view,frame,24,82410,3433.75,41287680
19,52,resource_lifecycle_64_assets_4096_objects,std_shared,cycle,10,535430,53543,17203200
19,53,frame_4096_draws_64_unique_leases,std_shared,frame,24,85120,3546.66666667,41287680
19,54,async_queue_job_1024_borrow_reads,std_shared_then_raw_borrow,job,100,127308,1273.08,2406400
19,55,independent_owner_parameter,std_shared,call,100000,1661856,16.61856,2350000
20,0,copy_read_drop,own_shared,copy,100000,1112590,11.1259,2350000
20,1,async_queue_job_1024_borrow_reads,own_shared_then_local_view,job,100,143704,1437.04,2406400
20,2,weak_lock_expired,own_shared,lock,100000,76988,0.76988,0
20,3,group_setup_then_64_copies,std_shared,group,1562,1675274,1072.51856594,2349248
20,4,async_queue_job_1024_borrow_reads,std_shared_then_raw_borrow,job,100,101549,1015.49,2406400
20,5,frame_4096_draws_64_unique_leases,own_shared,frame,24,86143,3589.29166667,41287680
20,6,owner_retained_4096_draw_borrows,own_local_view,frame,24,46971,1957.125,41287680
20,7,resettable_root_pin_1024_borrow_reads,own_shared_pin_local_view,scope,97,31423,323.948453608,2334208
20,8,async_queue_job_1_local_copies,std_shared,job,100,67915,679.15,2000
20,9,frame_4096_draws_64_unique_leases,std_shared,frame,24,84926,3538.58333333,41287680
20,10,group_setup_then_1_copies,std_shared,group,100000,3301236,33.01236,2000000
20,11,async_queue_job_1024_local_copies,std_shared,job,100,4659751,46597.51,2406400
20,12,async_queue_job_64_borrow_reads,std_shared_then_raw_borrow,job,100,65477,654.77,150400
20,13,async_queue_job_1_borrow_reads,std_shared_then_raw_borrow,job,100,56563,565.63,2000
20,14,async_queue_job_1_local_copies,own_local,job,100,71291,712.91,2000
20,15,independent_owner_parameter,std_shared,call,100000,1651999,16.51999,2350000
20,16,owner_retained_4096_parameter_borrows,std_raw_borrow,frame,24,76187,3174.45833333,41287680
20,17,resource_lifecycle_64_assets_4096_objects,own_local,cycle,10,189630,18963,17203200
20,18,copy_read_drop,own_local,copy,100000,101964,1.01964,2350000
20,19,async_queue_job_64_borrow_reads,own_shared_then_local_view,job,100,58123,581.23,150400
20,20,contended_copy_2_workers,own_shared,copy,200000,9444077,47.220385,4700000
20,21,group_setup_then_1024_copies,own_local,group,97,98574,1016.22680412,2334208
20,22,independent_owner_parameter,own_shared,call,100000,1451226,14.51226,2350000
20,23,owner_retained_borrow_parameter,std_raw_borrow,call,100000,59928,0.59928,2350000
20,24,group_setup_then_1024_copies,std_shared,group,97,1642714,16935.1958763,2334208
20,25,share_read_drop,std_shared,handoff,100000,1473028,14.73028,2350000
20,26,owner_retained_4096_draw_borrows,std_raw_borrow,frame,24,47394,1974.75,41287680
20,27,weak_lock_live,own_shared,lock,100000,1483971,14.83971,2350000
20,28,share_read_drop,own_shared,handoff,100000,1112525,11.12525,2350000
20,29,independent_owner_parameter,own_local,call,100000,115620,1.1562,2350000
20,30,async_queue_job_1024_local_copies,own_local,job,100,271014,2710.14,2406400
20,31,group_setup_then_64_copies,own_local,group,1562,124951,79.9942381562,2349248
20,32,weak_lock_expired,std_shared,lock,100000,83416,0.83416,0
20,33,contended_copy_2_workers,std_shared,copy,200000,13936020,69.6801,4700000
20,34,resource_lifecycle_64_assets_4096_objects,std_shared,cycle,10,502328,50232.8,17203200
20,35,group_setup_then_8_copies,own_local,group,12500,254969,20.39752,2350000
20,36,owner_retained_borrow_copy_read,own_local_view,read,100000,29999,0.29999,2350000
20,37,owner_retained_4096_parameter_borrows,own_local_view,frame,24,76101,3170.875,41287680
20,38,copy_read_drop,std_shared,copy,100000,1682890,16.8289,2350000
20,39,owner_retained_borrow_copy_read,std_raw_borrow,read,100000,30050,0.3005,2350000
20,40,create_read_destroy,own_local,asset,100000,1464126,14.64126,65000400000
20,41,localize_read_drop,own_local,group,100000,1271869,12.71869,2350000
20,42,borrow_read,raw_borrow,read,100000,51330,0.5133,2350000
20,43,owner_retained_borrow_parameter,own_local_view,call,100000,59909,0.59909,2350000
20,44,group_setup_then_1_copies,own_local,group,100000,1374150,13.7415,2000000
20,45,async_queue_job_1_borrow_reads,own_shared_then_local_view,job,100,45118,451.18,2000
20,46,group_setup_then_8_copies,std_shared,group,12500,1882290,150.5832,2350000
20,47,localize_read_drop,std_shared,group,100000,1500715,15.00715,2350000
20,48,scene_4096_attachments,std_shared,attachment,98304,1003951,10.2127176921,98304
20,49,scene_4096_attachments,own_local,attachment,98304,141767,1.44212849935,98304
20,50,weak_lock_live,std_shared,lock,100000,1679853,16.79853,2350000
20,51,async_queue_job_64_local_copies,own_local,job,100,62545,625.45,150400
20,52,create_read_destroy,std_shared,asset,100000,1296135,12.96135,65000400000
20,53,async_queue_job_64_local_copies,std_shared,job,100,310175,3101.75,150400
20,54,create_read_destroy,own_shared,asset,100000,1320176,13.20176,65000400000
20,55,resettable_root_pin_1024_borrow_reads,std_shared_pin_raw_borrow,scope,97,31814,327.979381443,2334208
21,0,owner_retained_4096_draw_borrows,own_local_view,frame,24,47375,1973.95833333,41287680
21,1,weak_lock_expired,own_shared,lock,100000,77105,0.77105,0
21,2,owner_retained_4096_draw_borrows,std_raw_borrow,frame,24,47604,1983.5,41287680
21,3,owner_retained_borrow_copy_read,std_raw_borrow,read,100000,30388,0.30388,2350000
21,4,create_read_destroy,own_local,asset,100000,1596815,15.96815,65000400000
21,5,frame_4096_draws_64_unique_leases,own_shared,frame,24,102582,4274.25,41287680
21,6,group_setup_then_1_copies,own_local,group,100000,1390843,13.90843,2000000
21,7,group_setup_then_64_copies,std_shared,group,1562,1720475,1101.45646607,2349248
21,8,localize_read_drop,own_local,group,100000,1355252,13.55252,2350000
21,9,borrow_read,raw_borrow,read,100000,39677,0.39677,2350000
21,10,independent_owner_parameter,std_shared,call,100000,1725154,17.25154,2350000
21,11,weak_lock_live,own_shared,lock,100000,1578887,15.78887,2350000
21,12,owner_retained_4096_parameter_borrows,std_raw_borrow,frame,24,88815,3700.625,41287680
21,13,independent_owner_parameter,own_local,call,100000,129578,1.29578,2350000
21,14,async_queue_job_64_borrow_reads,std_shared_then_raw_borrow,job,100,69289,692.89,150400
21,15,independent_owner_parameter,own_shared,call,100000,1497631,14.97631,2350000
21,16,scene_4096_attachments,own_local,attachment,98304,158561,1.61296590169,98304
21,17,async_queue_job_1_local_copies,own_local,job,100,66591,665.91,2000
21,18,async_queue_job_1_local_copies,std_shared,job,100,60579,605.79,2000
21,19,group_setup_then_1024_copies,std_shared,group,97,1663343,17147.8659794,2334208
21,20,contended_copy_2_workers,own_shared,copy,200000,8682060,43.4103,4700000
21,21,async_queue_job_1024_borrow_reads,own_shared_then_local_view,job,100,155189,1551.89,2406400
21,22,owner_retained_borrow_copy_read,own_local_view,read,100000,30072,0.30072,2350000
21,23,async_queue_job_64_borrow_reads,own_shared_then_local_view,job,100,82918,829.18,150400
21,24,group_setup_then_8_copies,own_local,group,12500,258986,20.71888,2350000
21,25,copy_read_drop,std_shared,copy,100000,1732724,17.32724,2350000
21,26,group_setup_then_1_copies,std_shared,group,100000,3571262,35.71262,2000000
21,27,async_queue_job_1_borrow_reads,own_shared_then_local_view,job,100,70032,700.32,2000
21,28,copy_read_drop,own_local,copy,100000,106644,1.06644,2350000
21,29,async_queue_job_1024_borrow_reads,std_shared_then_raw_borrow,job,100,165254,1652.54,2406400
21,30,async_queue_job_64_local_copies,own_local,job,100,124198,1241.98,150400
21,31,owner_retained_borrow_parameter,std_raw_borrow,call,100000,72571,0.72571,2350000
21,32,copy_read_drop,own_shared,copy,100000,1352712,13.52712,2350000
21,33,async_queue_job_1024_local_copies,std_shared,job,100,2609477,26094.77,2406400
21,34,share_read_drop,own_shared,handoff,100000,1180607,11.80607,2350000
21,35,create_read_destroy,own_shared,asset,100000,1228049,12.28049,65000400000
21,36,resettable_root_pin_1024_borrow_reads,std_shared_pin_raw_borrow,scope,97,31687,326.670103093,2334208
21,37,async_queue_job_1_borrow_reads,std_shared_then_raw_borrow,job,100,49131,491.31,2000
21,38,group_setup_then_8_copies,std_shared,group,12500,1894451,151.55608,2350000
21,39,share_read_drop,std_shared,handoff,100000,1546133,15.46133,2350000
21,40,resettable_root_pin_1024_borrow_reads,own_shared_pin_local_view,scope,97,31234,322,2334208
21,41,create_read_destroy,std_shared,asset,100000,1302033,13.02033,65000400000
21,42,weak_lock_live,std_shared,lock,100000,1777539,17.77539,2350000
21,43,group_setup_then_64_copies,own_local,group,1562,115897,74.1978233035,2349248
21,44,owner_retained_4096_parameter_borrows,own_local_view,frame,24,96623,4025.95833333,41287680
21,45,resource_lifecycle_64_assets_4096_objects,own_local,cycle,10,204723,20472.3,17203200
21,46,group_setup_then_1024_copies,own_local,group,97,98245,1012.83505155,2334208
21,47,async_queue_job_1024_local_copies,own_local,job,100,291829,2918.29,2406400
21,48,frame_4096_draws_64_unique_leases,std_shared,frame,24,86407,3600.29166667,41287680
21,49,contended_copy_2_workers,std_shared,copy,200000,13313947,66.569735,4700000
21,50,async_queue_job_64_local_copies,std_shared,job,100,464308,4643.08,150400
21,51,localize_read_drop,std_shared,group,100000,1660773,16.60773,2350000
21,52,resource_lifecycle_64_assets_4096_objects,std_shared,cycle,10,564042,56404.2,17203200
21,53,scene_4096_attachments,std_shared,attachment,98304,1043389,10.6139017741,98304
21,54,owner_retained_borrow_parameter,own_local_view,call,100000,70851,0.70851,2350000
21,55,weak_lock_expired,std_shared,lock,100000,93731,0.93731,0
22,0,async_queue_job_1_local_copies,std_shared,job,100,78505,785.05,2000
22,1,async_queue_job_1024_borrow_reads,own_shared_then_local_view,job,100,132975,1329.75,2406400
22,2,owner_retained_4096_draw_borrows,std_raw_borrow,frame,24,47430,1976.25,41287680
22,3,share_read_drop,own_shared,handoff,100000,1165790,11.6579,2350000
22,4,group_setup_then_8_copies,std_shared,group,12500,1915015,153.2012,2350000
22,5,group_setup_then_64_copies,std_shared,group,1562,1739446,1113.60179257,2349248
22,6,async_queue_job_1_borrow_reads,own_shared_then_local_view,job,100,71925,719.25,2000
22,7,async_queue_job_1024_local_copies,own_local,job,100,255508,2555.08,2406400
22,8,async_queue_job_64_local_copies,std_shared,job,100,279607,2796.07,150400
22,9,independent_owner_parameter,own_shared,call,100000,1519116,15.19116,2350000
22,10,async_queue_job_1_local_copies,own_local,job,100,74682,746.82,2000
22,11,frame_4096_draws_64_unique_leases,std_shared,frame,24,84796,3533.16666667,41287680
22,12,resettable_root_pin_1024_borrow_reads,std_shared_pin_raw_borrow,scope,97,32016,330.06185567,2334208
22,13,create_read_destroy,std_shared,asset,100000,1278979,12.78979,65000400000
22,14,owner_retained_borrow_copy_read,std_raw_borrow,read,100000,33340,0.3334,2350000
22,15,weak_lock_live,own_shared,lock,100000,1632560,16.3256,2350000
22,16,resource_lifecycle_64_assets_4096_objects,own_local,cycle,10,219096,21909.6,17203200
22,17,async_queue_job_64_local_copies,own_local,job,100,120268,1202.68,150400
22,18,frame_4096_draws_64_unique_leases,own_shared,frame,24,101478,4228.25,41287680
22,19,async_queue_job_64_borrow_reads,own_shared_then_local_view,job,100,69328,693.28,150400
22,20,owner_retained_4096_draw_borrows,own_local_view,frame,24,47064,1961,41287680
22,21,group_setup_then_1_copies,std_shared,group,100000,3458591,34.58591,2000000
22,22,independent_owner_parameter,own_local,call,100000,121185,1.21185,2350000
22,23,owner_retained_4096_parameter_borrows,std_raw_borrow,frame,24,82780,3449.16666667,41287680
22,24,create_read_destroy,own_shared,asset,100000,1296866,12.96866,65000400000
22,25,localize_read_drop,std_shared,group,100000,1580600,15.806,2350000
22,26,copy_read_drop,own_shared,copy,100000,1180919,11.80919,2350000
22,27,group_setup_then_1024_copies,std_shared,group,97,1679032,17309.6082474,2334208
22,28,group_setup_then_1_copies,own_local,group,100000,1453371,14.53371,2000000
22,29,independent_owner_parameter,std_shared,call,100000,1680791,16.80791,2350000
22,30,async_queue_job_1024_local_copies,std_shared,job,100,2676447,26764.47,2406400
22,31,owner_retained_borrow_parameter,std_raw_borrow,call,100000,68534,0.68534,2350000
22,32,group_setup_then_1024_copies,own_local,group,97,100157,1032.54639175,2334208
22,33,weak_lock_live,std_shared,lock,100000,1754135,17.54135,2350000
22,34,weak_lock_expired,std_shared,lock,100000,85661,0.85661,0
22,35,async_queue_job_64_borrow_reads,std_shared_then_raw_borrow,job,100,55086,550.86,150400
22,36,owner_retained_borrow_copy_read,own_local_view,read,100000,30099,0.30099,2350000
22,37,create_read_destroy,own_local,asset,100000,1661824,16.61824,65000400000
22,38,share_read_drop,std_shared,handoff,100000,1496337,14.96337,2350000
22,39,scene_4096_attachments,std_shared,attachment,98304,941142,9.57379150391,98304
22,40,localize_read_drop,own_local,group,100000,1326179,13.26179,2350000
22,41,copy_read_drop,std_shared,copy,100000,1728277,17.28277,2350000
22,42,weak_lock_expired,own_shared,lock,100000,80568,0.80568,0
22,43,borrow_read,raw_borrow,read,100000,42144,0.42144,2350000
22,44,resettable_root_pin_1024_borrow_reads,own_shared_pin_local_view,scope,97,31580,325.567010309,2334208
22,45,owner_retained_4096_parameter_borrows,own_local_view,frame,24,79920,3330,41287680
22,46,async_queue_job_1_borrow_reads,std_shared_then_raw_borrow,job,100,123882,1238.82,2000
22,47,resource_lifecycle_64_assets_4096_objects,std_shared,cycle,10,532266,53226.6,17203200
22,48,scene_4096_attachments,own_local,attachment,98304,144512,1.47005208333,98304
22,49,group_setup_then_64_copies,own_local,group,1562,142105,90.97631242,2349248
22,50,copy_read_drop,own_local,copy,100000,109660,1.0966,2350000
22,51,group_setup_then_8_copies,own_local,group,12500,286583,22.92664,2350000
22,52,async_queue_job_1024_borrow_reads,std_shared_then_raw_borrow,job,100,140540,1405.4,2406400
22,53,contended_copy_2_workers,own_shared,copy,200000,10137487,50.687435,4700000
22,54,owner_retained_borrow_parameter,own_local_view,call,100000,65058,0.65058,2350000
22,55,contended_copy_2_workers,std_shared,copy,200000,13678704,68.39352,4700000
23,0,owner_retained_borrow_copy_read,own_local_view,read,100000,30014,0.30014,2350000
23,1,group_setup_then_8_copies,own_local,group,12500,222723,17.81784,2350000
23,2,contended_copy_2_workers,own_shared,copy,200000,10505186,52.52593,4700000
23,3,async_queue_job_1_local_copies,own_local,job,100,68643,686.43,2000
23,4,group_setup_then_64_copies,own_local,group,1562,157355,100.73943662,2349248
23,5,resettable_root_pin_1024_borrow_reads,std_shared_pin_raw_borrow,scope,97,31805,327.886597938,2334208
23,6,resource_lifecycle_64_assets_4096_objects,std_shared,cycle,10,547043,54704.3,17203200
23,7,copy_read_drop,own_local,copy,100000,109751,1.09751,2350000
23,8,async_queue_job_1024_local_copies,std_shared,job,100,2765413,27654.13,2406400
23,9,group_setup_then_1_copies,own_local,group,100000,1486187,14.86187,2000000
23,10,independent_owner_parameter,own_shared,call,100000,1533794,15.33794,2350000
23,11,async_queue_job_64_local_copies,std_shared,job,100,409453,4094.53,150400
23,12,weak_lock_live,std_shared,lock,100000,1821878,18.21878,2350000
23,13,localize_read_drop,std_shared,group,100000,1646974,16.46974,2350000
23,14,create_read_destroy,own_local,asset,100000,1607833,16.07833,65000400000
23,15,group_setup_then_64_copies,std_shared,group,1562,1691038,1082.61075544,2349248
23,16,weak_lock_live,own_shared,lock,100000,1639771,16.39771,2350000
23,17,owner_retained_borrow_parameter,std_raw_borrow,call,100000,64221,0.64221,2350000
23,18,create_read_destroy,own_shared,asset,100000,1246029,12.46029,65000400000
23,19,copy_read_drop,std_shared,copy,100000,1723869,17.23869,2350000
23,20,create_read_destroy,std_shared,asset,100000,1297280,12.9728,65000400000
23,21,async_queue_job_64_borrow_reads,own_shared_then_local_view,job,100,61347,613.47,150400
23,22,owner_retained_borrow_copy_read,std_raw_borrow,read,100000,30483,0.30483,2350000
23,23,async_queue_job_64_local_copies,own_local,job,100,59805,598.05,150400
23,24,share_read_drop,std_shared,handoff,100000,1502022,15.02022,2350000
23,25,async_queue_job_1_borrow_reads,own_shared_then_local_view,job,100,85821,858.21,2000
23,26,contended_copy_2_workers,std_shared,copy,200000,13967104,69.83552,4700000
23,27,async_queue_job_1024_local_copies,own_local,job,100,286882,2868.82,2406400
23,28,share_read_drop,own_shared,handoff,100000,1170006,11.70006,2350000
23,29,independent_owner_parameter,std_shared,call,100000,1745292,17.45292,2350000
23,30,async_queue_job_1_borrow_reads,std_shared_then_raw_borrow,job,100,66858,668.58,2000
23,31,independent_owner_parameter,own_local,call,100000,124640,1.2464,2350000
23,32,group_setup_then_1024_copies,own_local,group,97,102213,1053.74226804,2334208
23,33,weak_lock_expired,own_shared,lock,100000,95379,0.95379,0
23,34,weak_lock_expired,std_shared,lock,100000,93132,0.93132,0
23,35,async_queue_job_1024_borrow_reads,own_shared_then_local_view,job,100,176032,1760.32,2406400
23,36,async_queue_job_64_borrow_reads,std_shared_then_raw_borrow,job,100,53233,532.33,150400
23,37,group_setup_then_8_copies,std_shared,group,12500,1902753,152.22024,2350000
23,38,owner_retained_4096_parameter_borrows,own_local_view,frame,24,80654,3360.58333333,41287680
23,39,group_setup_then_1_copies,std_shared,group,100000,3469687,34.69687,2000000
23,40,scene_4096_attachments,std_shared,attachment,98304,999971,10.1722310384,98304
23,41,owner_retained_4096_draw_borrows,own_local_view,frame,24,50734,2113.91666667,41287680
23,42,copy_read_drop,own_shared,copy,100000,1175111,11.75111,2350000
23,43,frame_4096_draws_64_unique_leases,std_shared,frame,24,84975,3540.625,41287680
23,44,owner_retained_borrow_parameter,own_local_view,call,100000,67317,0.67317,2350000
23,45,group_setup_then_1024_copies,std_shared,group,97,1675837,17276.6701031,2334208
23,46,resettable_root_pin_1024_borrow_reads,own_shared_pin_local_view,scope,97,34638,357.092783505,2334208
23,47,resource_lifecycle_64_assets_4096_objects,own_local,cycle,10,222631,22263.1,17203200
23,48,async_queue_job_1_local_copies,std_shared,job,100,82290,822.9,2000
23,49,owner_retained_4096_draw_borrows,std_raw_borrow,frame,24,55862,2327.58333333,41287680
23,50,localize_read_drop,own_local,group,100000,1387779,13.87779,2350000
23,51,owner_retained_4096_parameter_borrows,std_raw_borrow,frame,24,79849,3327.04166667,41287680
23,52,frame_4096_draws_64_unique_leases,own_shared,frame,24,94630,3942.91666667,41287680
23,53,async_queue_job_1024_borrow_reads,std_shared_then_raw_borrow,job,100,139924,1399.24,2406400
23,54,scene_4096_attachments,own_local,attachment,98304,149646,1.52227783203,98304
23,55,borrow_read,raw_borrow,read,100000,37770,0.3777,2350000
24,0,async_queue_job_1_local_copies,std_shared,job,100,61307,613.07,2000
24,1,owner_retained_4096_parameter_borrows,own_local_view,frame,24,79594,3316.41666667,41287680
24,2,copy_read_drop,std_shared,copy,100000,1709355,17.09355,2350000
24,3,scene_4096_attachments,own_local,attachment,98304,151052,1.53658040365,98304
24,4,owner_retained_borrow_parameter,std_raw_borrow,call,100000,59981,0.59981,2350000
24,5,group_setup_then_1024_copies,own_local,group,97,92536,953.979381443,2334208
24,6,group_setup_then_64_copies,own_local,group,1562,112840,72.2407170294,2349248
24,7,contended_copy_2_workers,std_shared,copy,200000,16502438,82.51219,4700000
24,8,contended_copy_2_workers,own_shared,copy,200000,10452342,52.26171,4700000
24,9,group_setup_then_8_copies,own_local,group,12500,223617,17.88936,2350000
24,10,share_read_drop,std_shared,handoff,100000,1503665,15.03665,2350000
24,11,scene_4096_attachments,std_shared,attachment,98304,948101,9.64458211263,98304
24,12,async_queue_job_1024_borrow_reads,std_shared_then_raw_borrow,job,100,152818,1528.18,2406400
24,13,frame_4096_draws_64_unique_leases,own_shared,frame,24,86715,3613.125,41287680
24,14,group_setup_then_1_copies,own_local,group,100000,1351665,13.51665,2000000
24,15,localize_read_drop,own_local,group,100000,1350320,13.5032,2350000
24,16,owner_retained_4096_draw_borrows,own_local_view,frame,24,47128,1963.66666667,41287680
24,17,async_queue_job_1024_borrow_reads,own_shared_then_local_view,job,100,153488,1534.88,2406400
24,18,owner_retained_borrow_copy_read,own_local_view,read,100000,30086,0.30086,2350000
24,19,async_queue_job_64_borrow_reads,std_shared_then_raw_borrow,job,100,59650,596.5,150400
24,20,create_read_destroy,own_shared,asset,100000,1217718,12.17718,65000400000
24,21,share_read_drop,own_shared,handoff,100000,1112399,11.12399,2350000
24,22,frame_4096_draws_64_unique_leases,std_shared,frame,24,85068,3544.5,41287680
24,23,borrow_read,raw_borrow,read,100000,34992,0.34992,2350000
24,24,group_setup_then_1024_copies,std_shared,group,97,1655584,17067.8762887,2334208
24,25,resettable_root_pin_1024_borrow_reads,own_shared_pin_local_view,scope,97,31275,322.422680412,2334208
24,26,async_queue_job_64_local_copies,std_shared,job,100,306378,3063.78,150400
24,27,async_queue_job_64_borrow_reads,own_shared_then_local_view,job,100,62448,624.48,150400
24,28,resettable_root_pin_1024_borrow_reads,std_shared_pin_raw_borrow,scope,97,31858,328.432989691,2334208
24,29,copy_read_drop,own_shared,copy,100000,1122898,11.22898,2350000
24,30,async_queue_job_1_local_copies,own_local,job,100,72003,720.03,2000
24,31,group_setup_then_8_copies,std_shared,group,12500,1879513,150.36104,2350000
24,32,owner_retained_4096_parameter_borrows,std_raw_borrow,frame,24,78202,3258.41666667,41287680
24,33,independent_owner_parameter,std_shared,call,100000,1638599,16.38599,2350000
24,34,resource_lifecycle_64_assets_4096_objects,std_shared,cycle,10,515832,51583.2,17203200
24,35,async_queue_job_1024_local_copies,std_shared,job,100,2420917,24209.17,2406400
24,36,group_setup_then_1_copies,std_shared,group,100000,3351709,33.51709,2000000
24,37,weak_lock_live,std_shared,lock,100000,1675660,16.7566,2350000
24,38,group_setup_then_64_copies,std_shared,group,1562,1678814,1074.78489117,2349248
24,39,create_read_destroy,own_local,asset,100000,1538251,15.38251,65000400000
24,40,weak_lock_expired,own_shared,lock,100000,95392,0.95392,0
24,41,async_queue_job_1024_local_copies,own_local,job,100,288159,2881.59,2406400
24,42,weak_lock_expired,std_shared,lock,100000,89236,0.89236,0
24,43,async_queue_job_1_borrow_reads,own_shared_then_local_view,job,100,67624,676.24,2000
24,44,owner_retained_borrow_parameter,own_local_view,call,100000,61785,0.61785,2350000
24,45,owner_retained_borrow_copy_read,std_raw_borrow,read,100000,30091,0.30091,2350000
24,46,independent_owner_parameter,own_local,call,100000,115605,1.15605,2350000
24,47,weak_lock_live,own_shared,lock,100000,1521984,15.21984,2350000
24,48,independent_owner_parameter,own_shared,call,100000,1476266,14.76266,2350000
24,49,localize_read_drop,std_shared,group,100000,1498793,14.98793,2350000
24,50,create_read_destroy,std_shared,asset,100000,1230691,12.30691,65000400000
24,51,resource_lifecycle_64_assets_4096_objects,own_local,cycle,10,191485,19148.5,17203200
24,52,async_queue_job_64_local_copies,own_local,job,100,74163,741.63,150400
24,53,async_queue_job_1_borrow_reads,std_shared_then_raw_borrow,job,100,53693,536.93,2000
24,54,owner_retained_4096_draw_borrows,std_raw_borrow,frame,24,47469,1977.875,41287680
24,55,copy_read_drop,own_local,copy,100000,101692,1.01692,2350000
25,0,async_queue_job_1024_borrow_reads,own_shared_then_local_view,job,100,126660,1266.6,2406400
25,1,async_queue_job_1_local_copies,std_shared,job,100,65455,654.55,2000
25,2,owner_retained_4096_parameter_borrows,std_raw_borrow,frame,24,90405,3766.875,41287680
25,3,weak_lock_live,own_shared,lock,100000,1618074,16.18074,2350000
25,4,independent_owner_parameter,std_shared,call,100000,1794998,17.94998,2350000
25,5,owner_retained_borrow_parameter,std_raw_borrow,call,100000,64911,0.64911,2350000
25,6,async_queue_job_1_borrow_reads,std_shared_then_raw_borrow,job,100,87865,878.65,2000
25,7,async_queue_job_1024_local_copies,std_shared,job,100,2407884,24078.84,2406400
25,8,owner_retained_borrow_copy_read,own_local_view,read,100000,30114,0.30114,2350000
25,9,group_setup_then_8_copies,own_local,group,12500,255712,20.45696,2350000
25,10,group_setup_then_1_copies,std_shared,group,100000,3311351,33.11351,2000000
25,11,weak_lock_live,std_shared,lock,100000,2030419,20.30419,2350000
25,12,frame_4096_draws_64_unique_leases,own_shared,frame,24,104587,4357.79166667,41287680
25,13,share_read_drop,std_shared,handoff,100000,1673454,16.73454,2350000
25,14,owner_retained_4096_parameter_borrows,own_local_view,frame,24,76634,3193.08333333,41287680
25,15,owner_retained_4096_draw_borrows,own_local_view,frame,24,47337,1972.375,41287680
25,16,async_queue_job_1_local_copies,own_local,job,100,117560,1175.6,2000
25,17,copy_read_drop,std_shared,copy,100000,1677123,16.77123,2350000
25,18,async_queue_job_64_borrow_reads,own_shared_then_local_view,job,100,101909,1019.09,150400
25,19,async_queue_job_1_borrow_reads,own_shared_then_local_view,job,100,70110,701.1,2000
25,20,copy_read_drop,own_shared,copy,100000,1101892,11.01892,2350000
25,21,group_setup_then_64_copies,std_shared,group,1562,1674387,1071.95070423,2349248
25,22,create_read_destroy,own_local,asset,100000,1538751,15.38751,65000400000
25,23,weak_lock_expired,own_shared,lock,100000,77034,0.77034,0
25,24,independent_owner_parameter,own_local,call,100000,116145,1.16145,2350000
25,25,resettable_root_pin_1024_borrow_reads,own_shared_pin_local_view,scope,97,31370,323.402061856,2334208
25,26,resettable_root_pin_1024_borrow_reads,std_shared_pin_raw_borrow,scope,97,31846,328.309278351,2334208
25,27,group_setup_then_1024_copies,own_local,group,97,89112,918.680412371,2334208
25,28,owner_retained_borrow_copy_read,std_raw_borrow,read,100000,30060,0.3006,2350000
25,29,frame_4096_draws_64_unique_leases,std_shared,frame,24,86548,3606.16666667,41287680
25,30,localize_read_drop,own_local,group,100000,1296363,12.96363,2350000
25,31,contended_copy_2_workers,std_shared,copy,200000,11158570,55.79285,4700000
25,32,independent_owner_parameter,own_shared,call,100000,1462277,14.62277,2350000
25,33,async_queue_job_64_borrow_reads,std_shared_then_raw_borrow,job,100,87291,872.91,150400
25,34,group_setup_then_1024_copies,std_shared,group,97,1664578,17160.5979381,2334208
25,35,group_setup_then_64_copies,own_local,group,1562,111762,71.5505761844,2349248
25,36,group_setup_then_1_copies,own_local,group,100000,1349706,13.49706,2000000
25,37,copy_read_drop,own_local,copy,100000,101764,1.01764,2350000
25,38,contended_copy_2_workers,own_shared,copy,200000,9184786,45.92393,4700000
25,39,async_queue_job_1024_local_copies,own_local,job,100,219023,2190.23,2406400
25,40,resource_lifecycle_64_assets_4096_objects,std_shared,cycle,10,527945,52794.5,17203200
25,41,owner_retained_borrow_parameter,own_local_view,call,100000,63200,0.632,2350000
25,42,scene_4096_attachments,own_local,attachment,98304,139012,1.4141031901,98304
25,43,create_read_destroy,std_shared,asset,100000,1260240,12.6024,65000400000
25,44,async_queue_job_64_local_copies,std_shared,job,100,292762,2927.62,150400
25,45,resource_lifecycle_64_assets_4096_objects,own_local,cycle,10,187122,18712.2,17203200
25,46,owner_retained_4096_draw_borrows,std_raw_borrow,frame,24,52020,2167.5,41287680
25,47,create_read_destroy,own_shared,asset,100000,1249362,12.49362,65000400000
25,48,async_queue_job_1024_borrow_reads,std_shared_then_raw_borrow,job,100,123309,1233.09,2406400
25,49,scene_4096_attachments,std_shared,attachment,98304,963181,9.79798380534,98304
25,50,weak_lock_expired,std_shared,lock,100000,85602,0.85602,0
25,51,async_queue_job_64_local_copies,own_local,job,100,96286,962.86,150400
25,52,borrow_read,raw_borrow,read,100000,35157,0.35157,2350000
25,53,localize_read_drop,std_shared,group,100000,1586266,15.86266,2350000
25,54,group_setup_then_8_copies,std_shared,group,12500,1892402,151.39216,2350000
25,55,share_read_drop,own_shared,handoff,100000,1102437,11.02437,2350000
26,0,localize_read_drop,own_local,group,100000,1279521,12.79521,2350000
26,1,async_queue_job_1024_local_copies,own_local,job,100,234516,2345.16,2406400
26,2,frame_4096_draws_64_unique_leases,own_shared,frame,24,87044,3626.83333333,41287680
26,3,share_read_drop,own_shared,handoff,100000,1103618,11.03618,2350000
26,4,group_setup_then_64_copies,std_shared,group,1562,1696316,1085.98975672,2349248
26,5,create_read_destroy,own_local,asset,100000,1824994,18.24994,65000400000
26,6,weak_lock_live,std_shared,lock,100000,1722646,17.22646,2350000
26,7,copy_read_drop,own_local,copy,100000,100660,1.0066,2350000
26,8,scene_4096_attachments,own_local,attachment,98304,165464,1.68318684896,98304
26,9,async_queue_job_1024_local_copies,std_shared,job,100,2510868,25108.68,2406400
26,10,owner_retained_borrow_parameter,std_raw_borrow,call,100000,85662,0.85662,2350000
26,11,resource_lifecycle_64_assets_4096_objects,own_local,cycle,10,207094,20709.4,17203200
26,12,async_queue_job_64_local_copies,own_local,job,100,87312,873.12,150400
26,13,group_setup_then_8_copies,std_shared,group,12500,1926074,154.08592,2350000
26,14,contended_copy_2_workers,own_shared,copy,200000,9161161,45.805805,4700000
26,15,async_queue_job_64_borrow_reads,std_shared_then_raw_borrow,job,100,75869,758.69,150400
26,16,owner_retained_borrow_parameter,own_local_view,call,100000,59965,0.59965,2350000
26,17,group_setup_then_8_copies,own_local,group,12500,224188,17.93504,2350000
26,18,owner_retained_4096_draw_borrows,std_raw_borrow,frame,24,48012,2000.5,41287680
26,19,async_queue_job_1_local_copies,std_shared,job,100,68360,683.6,2000
26,20,owner_retained_4096_draw_borrows,own_local_view,frame,24,47708,1987.83333333,41287680
26,21,group_setup_then_1_copies,own_local,group,100000,1385625,13.85625,2000000
26,22,independent_owner_parameter,own_shared,call,100000,1455513,14.55513,2350000
26,23,async_queue_job_1_borrow_reads,std_shared_then_raw_borrow,job,100,73584,735.84,2000
26,24,localize_read_drop,std_shared,group,100000,1517770,15.1777,2350000
26,25,async_queue_job_64_borrow_reads,own_shared_then_local_view,job,100,65365,653.65,150400
26,26,weak_lock_expired,std_shared,lock,100000,85746,0.85746,0
26,27,copy_read_drop,own_shared,copy,100000,1123158,11.23158,2350000
26,28,owner_retained_4096_parameter_borrows,own_local_view,frame,24,76070,3169.58333333,41287680
26,29,owner_retained_borrow_copy_read,std_raw_borrow,read,100000,30070,0.3007,2350000
26,30,group_setup_then_1_copies,std_shared,group,100000,3321540,33.2154,2000000
26,31,resettable_root_pin_1024_borrow_reads,std_shared_pin_raw_borrow,scope,97,31757,327.391752577,2334208
26,32,weak_lock_expired,own_shared,lock,100000,77168,0.77168,0
26,33,owner_retained_borrow_copy_read,own_local_view,read,100000,30005,0.30005,2350000
26,34,share_read_drop,std_shared,handoff,100000,1480187,14.80187,2350000
26,35,async_queue_job_64_local_copies,std_shared,job,100,332625,3326.25,150400
26,36,borrow_read,raw_borrow,read,100000,35116,0.35116,2350000
26,37,group_setup_then_1024_copies,own_local,group,97,92610,954.742268041,2334208
26,38,independent_owner_parameter,std_shared,call,100000,1665153,16.65153,2350000
26,39,contended_copy_2_workers,std_shared,copy,200000,8534228,42.67114,4700000
26,40,create_read_destroy,own_shared,asset,100000,1464358,14.64358,65000400000
26,41,scene_4096_attachments,std_shared,attachment,98304,992911,10.1004130046,98304
26,42,owner_retained_4096_parameter_borrows,std_raw_borrow,frame,24,97342,4055.91666667,41287680
26,43,group_setup_then_64_copies,own_local,group,1562,176080,112.727272727,2349248
26,44,weak_lock_live,own_shared,lock,100000,1567428,15.67428,2350000
26,45,copy_read_drop,std_shared,copy,100000,1671496,16.71496,2350000
26,46,create_read_destroy,std_shared,asset,100000,1296078,12.96078,65000400000
26,47,async_queue_job_1024_borrow_reads,own_shared_then_local_view,job,100,122677,1226.77,2406400
26,48,frame_4096_draws_64_unique_leases,std_shared,frame,24,89992,3749.66666667,41287680
26,49,async_queue_job_1_local_copies,own_local,job,100,87928,879.28,2000
26,50,async_queue_job_1024_borrow_reads,std_shared_then_raw_borrow,job,100,88330,883.3,2406400
26,51,resettable_root_pin_1024_borrow_reads,own_shared_pin_local_view,scope,97,31505,324.793814433,2334208
26,52,independent_owner_parameter,own_local,call,100000,132460,1.3246,2350000
26,53,async_queue_job_1_borrow_reads,own_shared_then_local_view,job,100,42185,421.85,2000
26,54,resource_lifecycle_64_assets_4096_objects,std_shared,cycle,10,535197,53519.7,17203200
26,55,group_setup_then_1024_copies,std_shared,group,97,1654277,17054.4020619,2334208
27,0,group_setup_then_8_copies,own_local,group,12500,263705,21.0964,2350000
27,1,copy_read_drop,own_local,copy,100000,101407,1.01407,2350000
27,2,share_read_drop,std_shared,handoff,100000,1662456,16.62456,2350000
27,3,async_queue_job_64_borrow_reads,std_shared_then_raw_borrow,job,100,63475,634.75,150400
27,4,scene_4096_attachments,std_shared,attachment,98304,1039915,10.5785624186,98304
27,5,async_queue_job_64_local_copies,own_local,job,100,114067,1140.67,150400
27,6,contended_copy_2_workers,std_shared,copy,200000,10474666,52.37333,4700000
27,7,owner_retained_borrow_copy_read,std_raw_borrow,read,100000,30556,0.30556,2350000
27,8,resettable_root_pin_1024_borrow_reads,own_shared_pin_local_view,scope,97,31408,323.793814433,2334208
27,9,async_queue_job_1024_local_copies,own_local,job,100,243747,2437.47,2406400
27,10,owner_retained_borrow_parameter,std_raw_borrow,call,100000,61783,0.61783,2350000
27,11,weak_lock_expired,own_shared,lock,100000,77260,0.7726,0
27,12,weak_lock_live,own_shared,lock,100000,1491082,14.91082,2350000
27,13,copy_read_drop,std_shared,copy,100000,1696600,16.966,2350000
27,14,group_setup_then_64_copies,std_shared,group,1562,1673206,1071.19462228,2349248
27,15,async_queue_job_1_local_copies,own_local,job,100,59046,590.46,2000
27,16,scene_4096_attachments,own_local,attachment,98304,142715,1.45177205404,98304
27,17,weak_lock_live,std_shared,lock,100000,1702469,17.02469,2350000
27,18,async_queue_job_1024_local_copies,std_shared,job,100,2625331,26253.31,2406400
27,19,independent_owner_parameter,own_local,call,100000,132762,1.32762,2350000
27,20,contended_copy_2_workers,own_shared,copy,200000,7695328,38.47664,4700000
27,21,async_queue_job_1024_borrow_reads,own_shared_then_local_view,job,100,98343,983.43,2406400
27,22,frame_4096_draws_64_unique_leases,own_shared,frame,24,111368,4640.33333333,41287680
27,23,copy_read_drop,own_shared,copy,100000,1136402,11.36402,2350000
27,24,async_queue_job_64_borrow_reads,own_shared_then_local_view,job,100,79355,793.55,150400
27,25,share_read_drop,own_shared,handoff,100000,1297311,12.97311,2350000
27,26,owner_retained_borrow_copy_read,own_local_view,read,100000,30111,0.30111,2350000
27,27,group_setup_then_1_copies,own_local,group,100000,1386314,13.86314,2000000
27,28,group_setup_then_1024_copies,own_local,group,97,90674,934.783505155,2334208
27,29,weak_lock_expired,std_shared,lock,100000,101456,1.01456,0
27,30,group_setup_then_1024_copies,std_shared,group,97,1668467,17200.6907216,2334208
27,31,independent_owner_parameter,own_shared,call,100000,1467857,14.67857,2350000
27,32,owner_retained_4096_draw_borrows,own_local_view,frame,24,48905,2037.70833333,41287680
27,33,borrow_read,raw_borrow,read,100000,35107,0.35107,2350000
27,34,localize_read_drop,std_shared,group,100000,1506187,15.06187,2350000
27,35,resource_lifecycle_64_assets_4096_objects,std_shared,cycle,10,529274,52927.4,17203200
27,36,create_read_destroy,own_shared,asset,100000,1226160,12.2616,65000400000
27,37,resettable_root_pin_1024_borrow_reads,std_shared_pin_raw_borrow,scope,97,31638,326.164948454,2334208
27,38,owner_retained_4096_parameter_borrows,own_local_view,frame,24,76554,3189.75,41287680
27,39,owner_retained_4096_draw_borrows,std_raw_borrow,frame,24,51835,2159.79166667,41287680
27,40,group_setup_then_8_copies,std_shared,group,12500,1856570,148.5256,2350000
27,41,async_queue_job_1_borrow_reads,own_shared_then_local_view,job,100,63138,631.38,2000
27,42,owner_retained_4096_parameter_borrows,std_raw_borrow,frame,24,92139,3839.125,41287680
27,43,async_queue_job_1024_borrow_reads,std_shared_then_raw_borrow,job,100,136108,1361.08,2406400
27,44,async_queue_job_64_local_copies,std_shared,job,100,493399,4933.99,150400
27,45,frame_4096_draws_64_unique_leases,std_shared,frame,24,129734,5405.58333333,41287680
27,46,create_read_destroy,own_local,asset,100000,1743510,17.4351,65000400000
27,47,create_read_destroy,std_shared,asset,100000,1270937,12.70937,65000400000
27,48,independent_owner_parameter,std_shared,call,100000,1704483,17.04483,2350000
27,49,localize_read_drop,own_local,group,100000,1284544,12.84544,2350000
27,50,group_setup_then_64_copies,own_local,group,1562,285120,182.535211268,2349248
27,51,owner_retained_borrow_parameter,own_local_view,call,100000,61728,0.61728,2350000
27,52,async_queue_job_1_borrow_reads,std_shared_then_raw_borrow,job,100,63942,639.42,2000
27,53,async_queue_job_1_local_copies,std_shared,job,100,270206,2702.06,2000
27,54,resource_lifecycle_64_assets_4096_objects,own_local,cycle,10,284050,28405,17203200
27,55,group_setup_then_1_copies,std_shared,group,100000,3410400,34.104,2000000
28,0,group_setup_then_8_copies,own_local,group,12500,240158,19.21264,2350000
28,1,scene_4096_attachments,std_shared,attachment,98304,975632,9.92464192708,98304
28,2,owner_retained_4096_draw_borrows,own_local_view,frame,24,49044,2043.5,41287680
28,3,group_setup_then_1024_copies,std_shared,group,97,1637217,16878.5257732,2334208
28,4,async_queue_job_64_local_copies,std_shared,job,100,468369,4683.69,150400
28,5,group_setup_then_8_copies,std_shared,group,12500,1997821,159.82568,2350000
28,6,independent_owner_parameter,own_shared,call,100000,1459262,14.59262,2350000
28,7,create_read_destroy,std_shared,asset,100000,1335963,13.35963,65000400000
28,8,copy_read_drop,std_shared,copy,100000,1607196,16.07196,2350000
28,9,async_queue_job_64_borrow_reads,std_shared_then_raw_borrow,job,100,91264,912.64,150400
28,10,async_queue_job_1_local_copies,own_local,job,100,96222,962.22,2000
28,11,group_setup_then_64_copies,own_local,group,1562,137466,88.0064020487,2349248
28,12,copy_read_drop,own_shared,copy,100000,1124983,11.24983,2350000
28,13,async_queue_job_1024_local_copies,std_shared,job,100,2507568,25075.68,2406400
28,14,async_queue_job_64_local_copies,own_local,job,100,104936,1049.36,150400
28,15,async_queue_job_1024_local_copies,own_local,job,100,352451,3524.51,2406400
28,16,weak_lock_expired,std_shared,lock,100000,85764,0.85764,0
28,17,create_read_destroy,own_local,asset,100000,1480043,14.80043,65000400000
28,18,owner_retained_4096_parameter_borrows,own_local_view,frame,24,76834,3201.41666667,41287680
28,19,frame_4096_draws_64_unique_leases,own_shared,frame,24,89633,3734.70833333,41287680
28,20,group_setup_then_1_copies,own_local,group,100000,1437484,14.37484,2000000
28,21,async_queue_job_1_local_copies,std_shared,job,100,111244,1112.44,2000
28,22,group_setup_then_1_copies,std_shared,group,100000,3433039,34.33039,2000000
28,23,independent_owner_parameter,own_local,call,100000,129413,1.29413,2350000
28,24,create_read_destroy,own_shared,asset,100000,1335210,13.3521,65000400000
28,25,share_read_drop,own_shared,handoff,100000,1145650,11.4565,2350000
28,26,resource_lifecycle_64_assets_4096_objects,std_shared,cycle,10,532483,53248.3,17203200
28,27,resettable_root_pin_1024_borrow_reads,std_shared_pin_raw_borrow,scope,97,31566,325.422680412,2334208
28,28,contended_copy_2_workers,std_shared,copy,200000,11689973,58.449865,4700000
28,29,localize_read_drop,std_shared,group,100000,1527499,15.27499,2350000
28,30,owner_retained_borrow_copy_read,own_local_view,read,100000,30662,0.30662,2350000
28,31,scene_4096_attachments,own_local,attachment,98304,152319,1.54946899414,98304
28,32,frame_4096_draws_64_unique_leases,std_shared,frame,24,90138,3755.75,41287680
28,33,async_queue_job_1_borrow_reads,std_shared_then_raw_borrow,job,100,69139,691.39,2000
28,34,owner_retained_borrow_parameter,own_local_view,call,100000,60093,0.60093,2350000
28,35,weak_lock_live,own_shared,lock,100000,1587895,15.87895,2350000
28,36,weak_lock_live,std_shared,lock,100000,1761354,17.61354,2350000
28,37,contended_copy_2_workers,own_shared,copy,200000,9010522,45.05261,4700000
28,38,owner_retained_borrow_copy_read,std_raw_borrow,read,100000,30667,0.30667,2350000
28,39,async_queue_job_64_borrow_reads,own_shared_then_local_view,job,100,44445,444.45,150400
28,40,weak_lock_expired,own_shared,lock,100000,77353,0.77353,0
28,41,group_setup_then_64_copies,std_shared,group,1562,1691862,1083.13828425,2349248
28,42,resource_lifecycle_64_assets_4096_objects,own_local,cycle,10,199219,19921.9,17203200
28,43,owner_retained_borrow_parameter,std_raw_borrow,call,100000,61743,0.61743,2350000
28,44,resettable_root_pin_1024_borrow_reads,own_shared_pin_local_view,scope,97,31342,323.113402062,2334208
28,45,owner_retained_4096_parameter_borrows,std_raw_borrow,frame,24,77884,3245.16666667,41287680
28,46,async_queue_job_1_borrow_reads,own_shared_then_local_view,job,100,67010,670.1,2000
28,47,owner_retained_4096_draw_borrows,std_raw_borrow,frame,24,51145,2131.04166667,41287680
28,48,async_queue_job_1024_borrow_reads,std_shared_then_raw_borrow,job,100,139074,1390.74,2406400
28,49,independent_owner_parameter,std_shared,call,100000,1719976,17.19976,2350000
28,50,localize_read_drop,own_local,group,100000,1294213,12.94213,2350000
28,51,borrow_read,raw_borrow,read,100000,39205,0.39205,2350000
28,52,copy_read_drop,own_local,copy,100000,104605,1.04605,2350000
28,53,group_setup_then_1024_copies,own_local,group,97,101909,1050.60824742,2334208
28,54,async_queue_job_1024_borrow_reads,own_shared_then_local_view,job,100,146976,1469.76,2406400
28,55,share_read_drop,std_shared,handoff,100000,1636600,16.366,2350000
29,0,owner_retained_borrow_copy_read,own_local_view,read,100000,33028,0.33028,2350000
29,1,async_queue_job_1024_local_copies,own_local,job,100,331991,3319.91,2406400
29,2,group_setup_then_64_copies,std_shared,group,1562,1829678,1171.368758,2349248
29,3,group_setup_then_8_copies,own_local,group,12500,257479,20.59832,2350000
29,4,weak_lock_live,std_shared,lock,100000,1704122,17.04122,2350000
29,5,independent_owner_parameter,own_shared,call,100000,1479709,14.79709,2350000
29,6,localize_read_drop,std_shared,group,100000,1565248,15.65248,2350000
29,7,async_queue_job_1_borrow_reads,own_shared_then_local_view,job,100,72941,729.41,2000
29,8,owner_retained_4096_draw_borrows,std_raw_borrow,frame,24,47627,1984.45833333,41287680
29,9,async_queue_job_64_local_copies,own_local,job,100,82413,824.13,150400
29,10,scene_4096_attachments,std_shared,attachment,98304,967581,9.84274291992,98304
29,11,create_read_destroy,std_shared,asset,100000,1253343,12.53343,65000400000
29,12,group_setup_then_8_copies,std_shared,group,12500,1896704,151.73632,2350000
29,13,async_queue_job_64_borrow_reads,std_shared_then_raw_borrow,job,100,74752,747.52,150400
29,14,group_setup_then_1_copies,std_shared,group,100000,3348223,33.48223,2000000
29,15,create_read_destroy,own_shared,asset,100000,1353569,13.53569,65000400000
29,16,weak_lock_expired,std_shared,lock,100000,85733,0.85733,0
29,17,resource_lifecycle_64_assets_4096_objects,own_local,cycle,10,191126,19112.6,17203200
29,18,borrow_read,raw_borrow,read,100000,35490,0.3549,2350000
29,19,independent_owner_parameter,std_shared,call,100000,1671211,16.71211,2350000
29,20,async_queue_job_64_local_copies,std_shared,job,100,388837,3888.37,150400
29,21,resettable_root_pin_1024_borrow_reads,own_shared_pin_local_view,scope,97,31410,323.81443299,2334208
29,22,weak_lock_expired,own_shared,lock,100000,77209,0.77209,0
29,23,owner_retained_4096_draw_borrows,own_local_view,frame,24,49473,2061.375,41287680
29,24,copy_read_drop,own_shared,copy,100000,1124707,11.24707,2350000
29,25,resettable_root_pin_1024_borrow_reads,std_shared_pin_raw_borrow,scope,97,31805,327.886597938,2334208
29,26,group_setup_then_64_copies,own_local,group,1562,121935,78.0633802817,2349248
29,27,create_read_destroy,own_local,asset,100000,1555822,15.55822,65000400000
29,28,weak_lock_live,own_shared,lock,100000,1536821,15.36821,2350000
29,29,async_queue_job_1_local_copies,own_local,job,100,109080,1090.8,2000
29,30,localize_read_drop,own_local,group,100000,1327364,13.27364,2350000
29,31,async_queue_job_1_local_copies,std_shared,job,100,149031,1490.31,2000
29,32,owner_retained_4096_parameter_borrows,own_local_view,frame,24,76156,3173.16666667,41287680
29,33,group_setup_then_1_copies,own_local,group,100000,1408058,14.08058,2000000
29,34,contended_copy_2_workers,std_shared,copy,200000,14053926,70.26963,4700000
29,35,async_queue_job_64_borrow_reads,own_shared_then_local_view,job,100,75854,758.54,150400
29,36,async_queue_job_1024_borrow_reads,std_shared_then_raw_borrow,job,100,135353,1353.53,2406400
29,37,owner_retained_borrow_parameter,own_local_view,call,100000,63673,0.63673,2350000
29,38,resource_lifecycle_64_assets_4096_objects,std_shared,cycle,10,524360,52436,17203200
29,39,frame_4096_draws_64_unique_leases,std_shared,frame,24,106458,4435.75,41287680
29,40,owner_retained_borrow_copy_read,std_raw_borrow,read,100000,30150,0.3015,2350000
29,41,async_queue_job_1_borrow_reads,std_shared_then_raw_borrow,job,100,59888,598.88,2000
29,42,owner_retained_borrow_parameter,std_raw_borrow,call,100000,63553,0.63553,2350000
29,43,owner_retained_4096_parameter_borrows,std_raw_borrow,frame,24,81349,3389.54166667,41287680
29,44,scene_4096_attachments,own_local,attachment,98304,141412,1.4385172526,98304
29,45,independent_owner_parameter,own_local,call,100000,122932,1.22932,2350000
29,46,copy_read_drop,own_local,copy,100000,101159,1.01159,2350000
29,47,contended_copy_2_workers,own_shared,copy,200000,9448950,47.24475,4700000
29,48,group_setup_then_1024_copies,std_shared,group,97,1648064,16990.3505155,2334208
29,49,share_read_drop,own_shared,handoff,100000,1124705,11.24705,2350000
29,50,share_read_drop,std_shared,handoff,100000,1519711,15.19711,2350000
29,51,copy_read_drop,std_shared,copy,100000,1690449,16.90449,2350000
29,52,async_queue_job_1024_local_copies,std_shared,job,100,2536412,25364.12,2406400
29,53,async_queue_job_1024_borrow_reads,own_shared_then_local_view,job,100,104627,1046.27,2406400
29,54,frame_4096_draws_64_unique_leases,own_shared,frame,24,87894,3662.25,41287680
29,55,group_setup_then_1024_copies,own_local,group,97,87742,904.556701031,2334208
30,0,resource_lifecycle_64_assets_4096_objects,std_shared,cycle,10,521463,52146.3,17203200
30,1,resettable_root_pin_1024_borrow_reads,own_shared_pin_local_view,scope,97,31588,325.649484536,2334208
30,2,contended_copy_2_workers,std_shared,copy,200000,14235415,71.177075,4700000
30,3,resettable_root_pin_1024_borrow_reads,std_shared_pin_raw_borrow,scope,97,48657,501.618556701,2334208
30,4,owner_retained_borrow_copy_read,std_raw_borrow,read,100000,30177,0.30177,2350000
30,5,async_queue_job_1024_local_copies,own_local,job,100,291287,2912.87,2406400
30,6,create_read_destroy,own_local,asset,100000,1494330,14.9433,65000400000
30,7,async_queue_job_1024_local_copies,std_shared,job,100,2764671,27646.71,2406400
30,8,async_queue_job_1_local_copies,std_shared,job,100,69222,692.22,2000
30,9,share_read_drop,std_shared,handoff,100000,1496636,14.96636,2350000
30,10,group_setup_then_1024_copies,std_shared,group,97,1664175,17156.443299,2334208
30,11,frame_4096_draws_64_unique_leases,std_shared,frame,24,91680,3820,41287680
30,12,group_setup_then_8_copies,own_local,group,12500,262881,21.03048,2350000
30,13,group_setup_then_64_copies,own_local,group,1562,132553,84.8610755442,2349248
30,14,async_queue_job_1024_borrow_reads,own_shared_then_local_view,job,100,148523,1485.23,2406400
30,15,group_setup_then_8_copies,std_shared,group,12500,1879234,150.33872,2350000
30,16,async_queue_job_1_borrow_reads,std_shared_then_raw_borrow,job,100,55430,554.3,2000
30,17,async_queue_job_1_borrow_reads,own_shared_then_local_view,job,100,61812,618.12,2000
30,18,owner_retained_borrow_parameter,std_raw_borrow,call,100000,60127,0.60127,2350000
30,19,scene_4096_attachments,std_shared,attachment,98304,950553,9.66952514648,98304
30,20,group_setup_then_1024_copies,own_local,group,97,91068,938.845360825,2334208
30,21,async_queue_job_64_borrow_reads,own_shared_then_local_view,job,100,78339,783.39,150400
30,22,contended_copy_2_workers,own_shared,copy,200000,9387190,46.93595,4700000
30,23,group_setup_then_1_copies,own_local,group,100000,1422063,14.22063,2000000
30,24,resource_lifecycle_64_assets_4096_objects,own_local,cycle,10,215744,21574.4,17203200
30,25,weak_lock_live,std_shared,lock,100000,1755888,17.55888,2350000
30,26,async_queue_job_64_local_copies,std_shared,job,100,389465,3894.65,150400
30,27,independent_owner_parameter,own_local,call,100000,119819,1.19819,2350000
30,28,scene_4096_attachments,own_local,attachment,98304,145175,1.4767964681,98304
30,29,owner_retained_4096_draw_borrows,own_local_view,frame,24,71156,2964.83333333,41287680
30,30,independent_owner_parameter,own_shared,call,100000,1457936,14.57936,2350000
30,31,async_queue_job_64_local_copies,own_local,job,100,69890,698.9,150400
30,32,owner_retained_borrow_copy_read,own_local_view,read,100000,30554,0.30554,2350000
30,33,owner_retained_4096_parameter_borrows,own_local_view,frame,24,76085,3170.20833333,41287680
30,34,localize_read_drop,own_local,group,100000,1326417,13.26417,2350000
30,35,group_setup_then_1_copies,std_shared,group,100000,3363048,33.63048,2000000
30,36,share_read_drop,own_shared,handoff,100000,1143389,11.43389,2350000
30,37,copy_read_drop,own_shared,copy,100000,1108122,11.08122,2350000
30,38,weak_lock_expired,std_shared,lock,100000,85656,0.85656,0
30,39,owner_retained_4096_draw_borrows,std_raw_borrow,frame,24,48734,2030.58333333,41287680
30,40,localize_read_drop,std_shared,group,100000,1521954,15.21954,2350000
30,41,copy_read_drop,own_local,copy,100000,100928,1.00928,2350000
30,42,independent_owner_parameter,std_shared,call,100000,1816335,18.16335,2350000
30,43,async_queue_job_1_local_copies,own_local,job,100,57651,576.51,2000
30,44,frame_4096_draws_64_unique_leases,own_shared,frame,24,94571,3940.45833333,41287680
30,45,create_read_destroy,std_shared,asset,100000,1368571,13.68571,65000400000
30,46,async_queue_job_64_borrow_reads,std_shared_then_raw_borrow,job,100,79348,793.48,150400
30,47,weak_lock_expired,own_shared,lock,100000,87587,0.87587,0
30,48,weak_lock_live,own_shared,lock,100000,1559426,15.59426,2350000
30,49,owner_retained_borrow_parameter,own_local_view,call,100000,61708,0.61708,2350000
30,50,owner_retained_4096_parameter_borrows,std_raw_borrow,frame,24,76157,3173.20833333,41287680
30,51,group_setup_then_64_copies,std_shared,group,1562,1673685,1071.50128041,2349248
30,52,copy_read_drop,std_shared,copy,100000,1666764,16.66764,2350000
30,53,borrow_read,raw_borrow,read,100000,36134,0.36134,2350000
30,54,async_queue_job_1024_borrow_reads,std_shared_then_raw_borrow,job,100,139527,1395.27,2406400
30,55,create_read_destroy,own_shared,asset,100000,1239690,12.3969,65000400000
31,0,weak_lock_live,std_shared,lock,100000,1690867,16.90867,2350000
31,1,weak_lock_expired,std_shared,lock,100000,83402,0.83402,0
31,2,async_queue_job_1_local_copies,own_local,job,100,62374,623.74,2000
31,3,owner_retained_borrow_parameter,own_local_view,call,100000,61735,0.61735,2350000
31,4,frame_4096_draws_64_unique_leases,own_shared,frame,24,86472,3603,41287680
31,5,copy_read_drop,std_shared,copy,100000,1680183,16.80183,2350000
31,6,owner_retained_borrow_copy_read,std_raw_borrow,read,100000,30054,0.30054,2350000
31,7,group_setup_then_1_copies,own_local,group,100000,1358516,13.58516,2000000
31,8,scene_4096_attachments,own_local,attachment,98304,148045,1.50599161784,98304
31,9,scene_4096_attachments,std_shared,attachment,98304,950125,9.66517130534,98304
31,10,async_queue_job_64_borrow_reads,std_shared_then_raw_borrow,job,100,69051,690.51,150400
31,11,independent_owner_parameter,std_shared,call,100000,1681167,16.81167,2350000
31,12,async_queue_job_64_borrow_reads,own_shared_then_local_view,job,100,71257,712.57,150400
31,13,async_queue_job_1_borrow_reads,own_shared_then_local_view,job,100,67520,675.2,2000
31,14,owner_retained_borrow_copy_read,own_local_view,read,100000,30139,0.30139,2350000
31,15,borrow_read,raw_borrow,read,100000,51330,0.5133,2350000
31,16,async_queue_job_1024_local_copies,own_local,job,100,274860,2748.6,2406400
31,17,async_queue_job_64_local_copies,own_local,job,100,109783,1097.83,150400
31,18,group_setup_then_1024_copies,std_shared,group,97,1743942,17978.7835052,2334208
31,19,resettable_root_pin_1024_borrow_reads,std_shared_pin_raw_borrow,scope,97,31754,327.360824742,2334208
31,20,async_queue_job_1_borrow_reads,std_shared_then_raw_borrow,job,100,79611,796.11,2000
31,21,copy_read_drop,own_local,copy,100000,101639,1.01639,2350000
31,22,group_setup_then_8_copies,own_local,group,12500,290846,23.26768,2350000
31,23,localize_read_drop,own_local,group,100000,1383528,13.83528,2350000
31,24,resource_lifecycle_64_assets_4096_objects,std_shared,cycle,10,558833,55883.3,17203200
31,25,create_read_destroy,own_local,asset,100000,1650371,16.50371,65000400000
31,26,group_setup_then_8_copies,std_shared,group,12500,1878186,150.25488,2350000
31,27,owner_retained_4096_parameter_borrows,std_raw_borrow,frame,24,76584,3191,41287680
31,28,weak_lock_live,own_shared,lock,100000,1517086,15.17086,2350000
31,29,resource_lifecycle_64_assets_4096_objects,own_local,cycle,10,183733,18373.3,17203200
31,30,async_queue_job_1024_borrow_reads,own_shared_then_local_view,job,100,164517,1645.17,2406400
31,31,share_read_drop,std_shared,handoff,100000,1493613,14.93613,2350000
31,32,copy_read_drop,own_shared,copy,100000,1112274,11.12274,2350000
31,33,share_read_drop,own_shared,handoff,100000,1114344,11.14344,2350000
31,34,async_queue_job_1024_local_copies,std_shared,job,100,2441706,24417.06,2406400
31,35,frame_4096_draws_64_unique_leases,std_shared,frame,24,85920,3580,41287680
31,36,contended_copy_2_workers,std_shared,copy,200000,15305426,76.52713,4700000
31,37,owner_retained_4096_parameter_borrows,own_local_view,frame,24,77238,3218.25,41287680
31,38,async_queue_job_1_local_copies,std_shared,job,100,78377,783.77,2000
31,39,resettable_root_pin_1024_borrow_reads,own_shared_pin_local_view,scope,97,31478,324.515463918,2334208
31,40,owner_retained_4096_draw_borrows,std_raw_borrow,frame,24,47743,1989.29166667,41287680
31,41,owner_retained_4096_draw_borrows,own_local_view,frame,24,46864,1952.66666667,41287680
31,42,group_setup_then_1024_copies,own_local,group,97,101924,1050.7628866,2334208
31,43,group_setup_then_64_copies,own_local,group,1562,137545,88.056978233,2349248
31,44,group_setup_then_64_copies,std_shared,group,1562,1691896,1083.16005122,2349248
31,45,localize_read_drop,std_shared,group,100000,1507219,15.07219,2350000
31,46,create_read_destroy,std_shared,asset,100000,1220183,12.20183,65000400000
31,47,contended_copy_2_workers,own_shared,copy,200000,9436101,47.180505,4700000
31,48,create_read_destroy,own_shared,asset,100000,1271180,12.7118,65000400000
31,49,independent_owner_parameter,own_local,call,100000,122878,1.22878,2350000
31,50,owner_retained_borrow_parameter,std_raw_borrow,call,100000,80830,0.8083,2350000
31,51,weak_lock_expired,own_shared,lock,100000,81042,0.81042,0
31,52,group_setup_then_1_copies,std_shared,group,100000,3344634,33.44634,2000000
31,53,async_queue_job_1024_borrow_reads,std_shared_then_raw_borrow,job,100,196493,1964.93,2406400
31,54,independent_owner_parameter,own_shared,call,100000,1469451,14.69451,2350000
31,55,async_queue_job_64_local_copies,std_shared,job,100,312944,3129.44,150400
32,0,localize_read_drop,own_local,group,100000,1307087,13.07087,2350000
32,1,copy_read_drop,own_shared,copy,100000,1155379,11.55379,2350000
32,2,independent_owner_parameter,own_local,call,100000,128519,1.28519,2350000
32,3,group_setup_then_64_copies,std_shared,group,1562,1643168,1051.96414853,2349248
32,4,async_queue_job_64_borrow_reads,own_shared_then_local_view,job,100,76465,764.65,150400
32,5,owner_retained_borrow_parameter,std_raw_borrow,call,100000,60043,0.60043,2350000
32,6,independent_owner_parameter,std_shared,call,100000,1667966,16.67966,2350000
32,7,owner_retained_4096_draw_borrows,own_local_view,frame,24,48506,2021.08333333,41287680
32,8,scene_4096_attachments,own_local,attachment,98304,142069,1.44520060221,98304
32,9,resettable_root_pin_1024_borrow_reads,own_shared_pin_local_view,scope,97,31287,322.546391753,2334208
32,10,weak_lock_live,std_shared,lock,100000,1687846,16.87846,2350000
32,11,independent_owner_parameter,own_shared,call,100000,1462198,14.62198,2350000
32,12,weak_lock_live,own_shared,lock,100000,1488593,14.88593,2350000
32,13,contended_copy_2_workers,own_shared,copy,200000,8668449,43.342245,4700000
32,14,async_queue_job_1_borrow_reads,std_shared_then_raw_borrow,job,100,64897,648.97,2000
32,15,group_setup_then_1024_copies,std_shared,group,97,1672582,17243.1134021,2334208
32,16,async_queue_job_64_local_copies,std_shared,job,100,375539,3755.39,150400
32,17,owner_retained_4096_parameter_borrows,std_raw_borrow,frame,24,80881,3370.04166667,41287680
32,18,copy_read_drop,own_local,copy,100000,101645,1.01645,2350000
32,19,frame_4096_draws_64_unique_leases,own_shared,frame,24,93849,3910.375,41287680
32,20,owner_retained_4096_draw_borrows,std_raw_borrow,frame,24,55414,2308.91666667,41287680
32,21,async_queue_job_1024_borrow_reads,std_shared_then_raw_borrow,job,100,185941,1859.41,2406400
32,22,group_setup_then_8_copies,std_shared,group,12500,2029531,162.36248,2350000
32,23,async_queue_job_1_local_copies,own_local,job,100,74135,741.35,2000
32,24,owner_retained_borrow_copy_read,own_local_view,read,100000,32753,0.32753,2350000
32,25,owner_retained_borrow_copy_read,std_raw_borrow,read,100000,32946,0.32946,2350000
32,26,async_queue_job_1024_local_copies,own_local,job,100,214062,2140.62,2406400
32,27,resettable_root_pin_1024_borrow_reads,std_shared_pin_raw_borrow,scope,97,34457,355.226804124,2334208
32,28,async_queue_job_1024_borrow_reads,own_shared_then_local_view,job,100,135690,1356.9,2406400
32,29,scene_4096_attachments,std_shared,attachment,98304,1073123,10.9163716634,98304
32,30,weak_lock_expired,own_shared,lock,100000,82221,0.82221,0
32,31,owner_retained_4096_parameter_borrows,own_local_view,frame,24,76707,3196.125,41287680
32,32,async_queue_job_64_local_copies,own_local,job,100,180634,1806.34,150400
32,33,weak_lock_expired,std_shared,lock,100000,85592,0.85592,0
32,34,resource_lifecycle_64_assets_4096_objects,std_shared,cycle,10,515440,51544,17203200
32,35,group_setup_then_1024_copies,own_local,group,97,92890,957.628865979,2334208
32,36,group_setup_then_64_copies,own_local,group,1562,114323,73.1901408451,2349248
32,37,localize_read_drop,std_shared,group,100000,1489631,14.89631,2350000
32,38,frame_4096_draws_64_unique_leases,std_shared,frame,24,83962,3498.41666667,41287680
32,39,share_read_drop,own_shared,handoff,100000,1133954,11.33954,2350000
32,40,copy_read_drop,std_shared,copy,100000,1754294,17.54294,2350000
32,41,group_setup_then_1_copies,own_local,group,100000,1365062,13.65062,2000000
32,42,create_read_destroy,own_shared,asset,100000,1236252,12.36252,65000400000
32,43,async_queue_job_1_local_copies,std_shared,job,100,69174,691.74,2000
32,44,create_read_destroy,own_local,asset,100000,1484474,14.84474,65000400000
32,45,group_setup_then_8_copies,own_local,group,12500,221927,17.75416,2350000
32,46,owner_retained_borrow_parameter,own_local_view,call,100000,60016,0.60016,2350000
32,47,share_read_drop,std_shared,handoff,100000,1470887,14.70887,2350000
32,48,resource_lifecycle_64_assets_4096_objects,own_local,cycle,10,212291,21229.1,17203200
32,49,async_queue_job_1_borrow_reads,own_shared_then_local_view,job,100,55807,558.07,2000
32,50,borrow_read,raw_borrow,read,100000,34940,0.3494,2350000
32,51,async_queue_job_64_borrow_reads,std_shared_then_raw_borrow,job,100,53044,530.44,150400
32,52,async_queue_job_1024_local_copies,std_shared,job,100,2389363,23893.63,2406400
32,53,create_read_destroy,std_shared,asset,100000,1291877,12.91877,65000400000
32,54,contended_copy_2_workers,std_shared,copy,200000,14570032,72.85016,4700000
32,55,group_setup_then_1_copies,std_shared,group,100000,3360856,33.60856,2000000
33,0,share_read_drop,own_shared,handoff,100000,1119662,11.19662,2350000
33,1,owner_retained_borrow_copy_read,std_raw_borrow,read,100000,30027,0.30027,2350000
33,2,create_read_destroy,own_shared,asset,100000,1271524,12.71524,65000400000
33,3,resource_lifecycle_64_assets_4096_objects,std_shared,cycle,10,515758,51575.8,17203200
33,4,create_read_destroy,own_local,asset,100000,1551101,15.51101,65000400000
33,5,owner_retained_4096_parameter_borrows,std_raw_borrow,frame,24,80524,3355.16666667,41287680
33,6,independent_owner_parameter,own_shared,call,100000,1486567,14.86567,2350000
33,7,async_queue_job_64_borrow_reads,std_shared_then_raw_borrow,job,100,57519,575.19,150400
33,8,resettable_root_pin_1024_borrow_reads,own_shared_pin_local_view,scope,97,31321,322.896907216,2334208
33,9,weak_lock_expired,own_shared,lock,100000,77098,0.77098,0
33,10,async_queue_job_1024_borrow_reads,std_shared_then_raw_borrow,job,100,115961,1159.61,2406400
33,11,contended_copy_2_workers,std_shared,copy,200000,13977176,69.88588,4700000
33,12,owner_retained_borrow_parameter,std_raw_borrow,call,100000,60159,0.60159,2350000
33,13,group_setup_then_8_copies,std_shared,group,12500,2380513,190.44104,2350000
33,14,owner_retained_4096_draw_borrows,std_raw_borrow,frame,24,48772,2032.16666667,41287680
33,15,owner_retained_4096_parameter_borrows,own_local_view,frame,24,77367,3223.625,41287680
33,16,share_read_drop,std_shared,handoff,100000,3492611,34.92611,2350000
33,17,contended_copy_2_workers,own_shared,copy,200000,8139891,40.699455,4700000
33,18,weak_lock_live,std_shared,lock,100000,2208774,22.08774,2350000
33,19,copy_read_drop,own_local,copy,100000,102291,1.02291,2350000
33,20,scene_4096_attachments,std_shared,attachment,98304,1105597,11.2467142741,98304
33,21,owner_retained_borrow_parameter,own_local_view,call,100000,81439,0.81439,2350000
33,22,async_queue_job_1_borrow_reads,std_shared_then_raw_borrow,job,100,68695,686.95,2000
33,23,frame_4096_draws_64_unique_leases,own_shared,frame,24,96642,4026.75,41287680
33,24,independent_owner_parameter,std_shared,call,100000,1883200,18.832,2350000
33,25,independent_owner_parameter,own_local,call,100000,120909,1.20909,2350000
33,26,async_queue_job_1_local_copies,std_shared,job,100,64148,641.48,2000
33,27,localize_read_drop,std_shared,group,100000,1551777,15.51777,2350000
33,28,owner_retained_4096_draw_borrows,own_local_view,frame,24,48528,2022,41287680
33,29,async_queue_job_1024_local_copies,own_local,job,100,261377,2613.77,2406400
33,30,async_queue_job_64_local_copies,own_local,job,100,66909,669.09,150400
33,31,group_setup_then_1_copies,own_local,group,100000,1374937,13.74937,2000000
33,32,resettable_root_pin_1024_borrow_reads,std_shared_pin_raw_borrow,scope,97,32101,330.93814433,2334208
33,33,weak_lock_live,own_shared,lock,100000,1494648,14.94648,2350000
33,34,group_setup_then_1024_copies,own_local,group,97,92625,954.896907216,2334208
33,35,async_queue_job_1024_borrow_reads,own_shared_then_local_view,job,100,142232,1422.32,2406400
33,36,owner_retained_borrow_copy_read,own_local_view,read,100000,30529,0.30529,2350000
33,37,async_queue_job_64_local_copies,std_shared,job,100,285871,2858.71,150400
33,38,scene_4096_attachments,own_local,attachment,98304,166884,1.69763183594,98304
33,39,copy_read_drop,own_shared,copy,100000,1109503,11.09503,2350000
33,40,group_setup_then_64_copies,own_local,group,1562,127694,81.7503201024,2349248
33,41,frame_4096_draws_64_unique_leases,std_shared,frame,24,87022,3625.91666667,41287680
33,42,copy_read_drop,std_shared,copy,100000,1657472,16.57472,2350000
33,43,borrow_read,raw_borrow,read,100000,36063,0.36063,2350000
33,44,group_setup_then_1024_copies,std_shared,group,97,1715222,17682.7010309,2334208
33,45,async_queue_job_64_borrow_reads,own_shared_then_local_view,job,100,54032,540.32,150400
33,46,weak_lock_expired,std_shared,lock,100000,87545,0.87545,0
33,47,group_setup_then_8_copies,own_local,group,12500,266988,21.35904,2350000
33,48,group_setup_then_1_copies,std_shared,group,100000,3322587,33.22587,2000000
33,49,async_queue_job_1_borrow_reads,own_shared_then_local_view,job,100,68016,680.16,2000
33,50,async_queue_job_1024_local_copies,std_shared,job,100,2526948,25269.48,2406400
33,51,async_queue_job_1_local_copies,own_local,job,100,62019,620.19,2000
33,52,resource_lifecycle_64_assets_4096_objects,own_local,cycle,10,203434,20343.4,17203200
33,53,localize_read_drop,own_local,group,100000,1336743,13.36743,2350000
33,54,create_read_destroy,std_shared,asset,100000,1316862,13.16862,65000400000
33,55,group_setup_then_64_copies,std_shared,group,1562,1680666,1075.97055058,2349248
34,0,borrow_read,raw_borrow,read,100000,44453,0.44453,2350000
34,1,scene_4096_attachments,own_local,attachment,98304,204433,2.07960001628,98304
34,2,contended_copy_2_workers,std_shared,copy,200000,14835258,74.17629,4700000
34,3,group_setup_then_1_copies,std_shared,group,100000,3850846,38.50846,2000000
34,4,weak_lock_live,own_shared,lock,100000,1569978,15.69978,2350000
34,5,copy_read_drop,own_shared,copy,100000,1142193,11.42193,2350000
34,6,owner_retained_borrow_parameter,std_raw_borrow,call,100000,63773,0.63773,2350000
34,7,copy_read_drop,own_local,copy,100000,100251,1.00251,2350000
34,8,group_setup_then_1_copies,own_local,group,100000,1479099,14.79099,2000000
34,9,independent_owner_parameter,std_shared,call,100000,1811703,18.11703,2350000
34,10,localize_read_drop,own_local,group,100000,1351087,13.51087,2350000
34,11,group_setup_then_1024_copies,std_shared,group,97,1656229,17074.5257732,2334208
34,12,async_queue_job_64_local_copies,std_shared,job,100,366152,3661.52,150400
34,13,contended_copy_2_workers,own_shared,copy,200000,8126583,40.632915,4700000
34,14,owner_retained_4096_parameter_borrows,std_raw_borrow,frame,24,78823,3284.29166667,41287680
34,15,frame_4096_draws_64_unique_leases,own_shared,frame,24,88318,3679.91666667,41287680
34,16,async_queue_job_1024_borrow_reads,std_shared_then_raw_borrow,job,100,169879,1698.79,2406400
34,17,scene_4096_attachments,std_shared,attachment,98304,1033380,10.5120849609,98304
34,18,weak_lock_live,std_shared,lock,100000,1696941,16.96941,2350000
34,19,share_read_drop,own_shared,handoff,100000,1205297,12.05297,2350000
34,20,resettable_root_pin_1024_borrow_reads,own_shared_pin_local_view,scope,97,31429,324.010309278,2334208
34,21,weak_lock_expired,own_shared,lock,100000,77350,0.7735,0
34,22,independent_owner_parameter,own_shared,call,100000,1463040,14.6304,2350000
34,23,create_read_destroy,std_shared,asset,100000,1236842,12.36842,65000400000
34,24,owner_retained_4096_draw_borrows,own_local_view,frame,24,49413,2058.875,41287680
34,25,async_queue_job_64_local_copies,own_local,job,100,73821,738.21,150400
34,26,resource_lifecycle_64_assets_4096_objects,std_shared,cycle,10,581815,58181.5,17203200
34,27,weak_lock_expired,std_shared,lock,100000,85766,0.85766,0
34,28,group_setup_then_1024_copies,own_local,group,97,91090,939.072164948,2334208
34,29,owner_retained_borrow_copy_read,std_raw_borrow,read,100000,30101,0.30101,2350000
34,30,async_queue_job_1024_local_copies,own_local,job,100,314382,3143.82,2406400
34,31,frame_4096_draws_64_unique_leases,std_shared,frame,24,94326,3930.25,41287680
34,32,share_read_drop,std_shared,handoff,100000,1505788,15.05788,2350000
34,33,async_queue_job_1024_borrow_reads,own_shared_then_local_view,job,100,133539,1335.39,2406400
34,34,group_setup_then_8_copies,own_local,group,12500,235148,18.81184,2350000
34,35,create_read_destroy,own_local,asset,100000,1673870,16.7387,65000400000
34,36,async_queue_job_1_borrow_reads,own_shared_then_local_view,job,100,65831,658.31,2000
34,37,group_setup_then_64_copies,std_shared,group,1562,1678890,1074.83354673,2349248
34,38,localize_read_drop,std_shared,group,100000,1484598,14.84598,2350000
34,39,group_setup_then_8_copies,std_shared,group,12500,1881779,150.54232,2350000
34,40,owner_retained_borrow_copy_read,own_local_view,read,100000,30595,0.30595,2350000
34,41,group_setup_then_64_copies,own_local,group,1562,114364,73.2163892446,2349248
34,42,resource_lifecycle_64_assets_4096_objects,own_local,cycle,10,198128,19812.8,17203200
34,43,async_queue_job_64_borrow_reads,own_shared_then_local_view,job,100,68538,685.38,150400
34,44,async_queue_job_64_borrow_reads,std_shared_then_raw_borrow,job,100,65712,657.12,150400
34,45,create_read_destroy,own_shared,asset,100000,1249391,12.49391,65000400000
34,46,independent_owner_parameter,own_local,call,100000,111719,1.11719,2350000
34,47,resettable_root_pin_1024_borrow_reads,std_shared_pin_raw_borrow,scope,97,31799,327.824742268,2334208
34,48,owner_retained_borrow_parameter,own_local_view,call,100000,63467,0.63467,2350000
34,49,async_queue_job_1_local_copies,own_local,job,100,113646,1136.46,2000
34,50,owner_retained_4096_parameter_borrows,own_local_view,frame,24,77400,3225,41287680
34,51,async_queue_job_1_borrow_reads,std_shared_then_raw_borrow,job,100,46671,466.71,2000
34,52,async_queue_job_1024_local_copies,std_shared,job,100,2444611,24446.11,2406400
34,53,owner_retained_4096_draw_borrows,std_raw_borrow,frame,24,49552,2064.66666667,41287680
34,54,copy_read_drop,std_shared,copy,100000,1685864,16.85864,2350000
34,55,async_queue_job_1_local_copies,std_shared,job,100,80821,808.21,2000
35,0,borrow_read,raw_borrow,read,100000,39819,0.39819,2350000
35,1,create_read_destroy,own_shared,asset,100000,1244538,12.44538,65000400000
35,2,contended_copy_2_workers,std_shared,copy,200000,14756208,73.78104,4700000
35,3,owner_retained_4096_draw_borrows,std_raw_borrow,frame,24,49057,2044.04166667,41287680
35,4,owner_retained_borrow_copy_read,std_raw_borrow,read,100000,46294,0.46294,2350000
35,5,independent_owner_parameter,own_shared,call,100000,1466472,14.66472,2350000
35,6,resource_lifecycle_64_assets_4096_objects,own_local,cycle,10,205428,20542.8,17203200
35,7,async_queue_job_1024_local_copies,own_local,job,100,430250,4302.5,2406400
35,8,create_read_destroy,own_local,asset,100000,1506908,15.06908,65000400000
35,9,async_queue_job_64_local_copies,std_shared,job,100,321659,3216.59,150400
35,10,group_setup_then_1_copies,own_local,group,100000,1406572,14.06572,2000000
35,11,group_setup_then_8_copies,std_shared,group,12500,1865091,149.20728,2350000
35,12,async_queue_job_1024_local_copies,std_shared,job,100,2481100,24811,2406400
35,13,copy_read_drop,own_local,copy,100000,105521,1.05521,2350000
35,14,async_queue_job_64_local_copies,own_local,job,100,107635,1076.35,150400
35,15,async_queue_job_1_local_copies,own_local,job,100,73519,735.19,2000
35,16,create_read_destroy,std_shared,asset,100000,1380908,13.80908,65000400000
35,17,owner_retained_borrow_parameter,own_local_view,call,100000,71560,0.7156,2350000
35,18,group_setup_then_1_copies,std_shared,group,100000,3574619,35.74619,2000000
35,19,weak_lock_live,own_shared,lock,100000,1507860,15.0786,2350000
35,20,owner_retained_4096_draw_borrows,own_local_view,frame,24,48589,2024.54166667,41287680
35,21,async_queue_job_1_borrow_reads,std_shared_then_raw_borrow,job,100,1122753,11227.53,2000
35,22,frame_4096_draws_64_unique_leases,own_shared,frame,24,402893,16787.2083333,41287680
35,23,independent_owner_parameter,own_local,call,100000,121007,1.21007,2350000
35,24,frame_4096_draws_64_unique_leases,std_shared,frame,24,129922,5413.41666667,41287680
35,25,async_queue_job_64_borrow_reads,own_shared_then_local_view,job,100,53344,533.44,150400
35,26,weak_lock_live,std_shared,lock,100000,1831300,18.313,2350000
35,27,async_queue_job_1_local_copies,std_shared,job,100,88623,886.23,2000
35,28,owner_retained_borrow_parameter,std_raw_borrow,call,100000,65377,0.65377,2350000
35,29,group_setup_then_64_copies,std_shared,group,1562,1598385,1023.29385403,2349248
35,30,resettable_root_pin_1024_borrow_reads,own_shared_pin_local_view,scope,97,33409,344.422680412,2334208
35,31,group_setup_then_64_copies,own_local,group,1562,152851,97.8559539052,2349248
35,32,group_setup_then_8_copies,own_local,group,12500,310591,24.84728,2350000
35,33,independent_owner_parameter,std_shared,call,100000,1720821,17.20821,2350000
35,34,contended_copy_2_workers,own_shared,copy,200000,8459662,42.29831,4700000
35,35,owner_retained_4096_parameter_borrows,std_raw_borrow,frame,24,77614,3233.91666667,41287680
35,36,resettable_root_pin_1024_borrow_reads,std_shared_pin_raw_borrow,scope,97,32004,329.93814433,2334208
35,37,weak_lock_expired,std_shared,lock,100000,97150,0.9715,0
35,38,share_read_drop,std_shared,handoff,100000,1556048,15.56048,2350000
35,39,share_read_drop,own_shared,handoff,100000,1130297,11.30297,2350000
35,40,scene_4096_attachments,std_shared,attachment,98304,1001784,10.1906738281,98304
35,41,localize_read_drop,std_shared,group,100000,1506736,15.06736,2350000
35,42,resource_lifecycle_64_assets_4096_objects,std_shared,cycle,10,509387,50938.7,17203200
35,43,async_queue_job_64_borrow_reads,std_shared_then_raw_borrow,job,100,76977,769.77,150400
35,44,async_queue_job_1_borrow_reads,own_shared_then_local_view,job,100,58292,582.92,2000
35,45,weak_lock_expired,own_shared,lock,100000,77252,0.77252,0
35,46,scene_4096_attachments,own_local,attachment,98304,158640,1.61376953125,98304
35,47,group_setup_then_1024_copies,std_shared,group,97,2351460,24241.8556701,2334208
35,48,async_queue_job_1024_borrow_reads,std_shared_then_raw_borrow,job,100,203135,2031.35,2406400
35,49,localize_read_drop,own_local,group,100000,1292328,12.92328,2350000
35,50,owner_retained_borrow_copy_read,own_local_view,read,100000,45438,0.45438,2350000
35,51,group_setup_then_1024_copies,own_local,group,97,91077,938.93814433,2334208
35,52,async_queue_job_1024_borrow_reads,own_shared_then_local_view,job,100,131624,1316.24,2406400
35,53,copy_read_drop,own_shared,copy,100000,1134718,11.34718,2350000
35,54,copy_read_drop,std_shared,copy,100000,2080961,20.80961,2350000
35,55,owner_retained_4096_parameter_borrows,own_local_view,frame,24,77481,3228.375,41287680
36,0,create_read_destroy,std_shared,asset,100000,1287181,12.87181,65000400000
36,1,owner_retained_borrow_copy_read,own_local_view,read,100000,30086,0.30086,2350000
36,2,independent_owner_parameter,own_shared,call,100000,1539855,15.39855,2350000
36,3,scene_4096_attachments,std_shared,attachment,98304,953026,9.69468180339,98304
36,4,owner_retained_borrow_parameter,own_local_view,call,100000,61715,0.61715,2350000
36,5,weak_lock_expired,own_shared,lock,100000,77205,0.77205,0
36,6,group_setup_then_1024_copies,std_shared,group,97,1946034,20062.2061856,2334208
36,7,frame_4096_draws_64_unique_leases,own_shared,frame,24,89640,3735,41287680
36,8,group_setup_then_8_copies,std_shared,group,12500,2094558,167.56464,2350000
36,9,owner_retained_borrow_parameter,std_raw_borrow,call,100000,60041,0.60041,2350000
36,10,async_queue_job_1_borrow_reads,own_shared_then_local_view,job,100,66632,666.32,2000
36,11,borrow_read,raw_borrow,read,100000,36168,0.36168,2350000
36,12,group_setup_then_64_copies,std_shared,group,1562,1710607,1095.13892446,2349248
36,13,owner_retained_4096_parameter_borrows,std_raw_borrow,frame,24,77816,3242.33333333,41287680
36,14,contended_copy_2_workers,own_shared,copy,200000,8260892,41.30446,4700000
36,15,owner_retained_borrow_copy_read,std_raw_borrow,read,100000,30103,0.30103,2350000
36,16,resettable_root_pin_1024_borrow_reads,std_shared_pin_raw_borrow,scope,97,31908,328.948453608,2334208
36,17,owner_retained_4096_draw_borrows,own_local_view,frame,24,47964,1998.5,41287680
36,18,frame_4096_draws_64_unique_leases,std_shared,frame,24,101275,4219.79166667,41287680
36,19,resource_lifecycle_64_assets_4096_objects,own_local,cycle,10,194133,19413.3,17203200
36,20,weak_lock_live,own_shared,lock,100000,1552838,15.52838,2350000
36,21,independent_owner_parameter,std_shared,call,100000,2066762,20.66762,2350000
36,22,localize_read_drop,own_local,group,100000,1565327,15.65327,2350000
36,23,async_queue_job_1024_borrow_reads,own_shared_then_local_view,job,100,130676,1306.76,2406400
36,24,async_queue_job_64_borrow_reads,std_shared_then_raw_borrow,job,100,55148,551.48,150400
36,25,localize_read_drop,std_shared,group,100000,1998246,19.98246,2350000
36,26,weak_lock_live,std_shared,lock,100000,1730071,17.30071,2350000
36,27,copy_read_drop,own_local,copy,100000,101227,1.01227,2350000
36,28,scene_4096_attachments,own_local,attachment,98304,158803,1.61542765299,98304
36,29,async_queue_job_64_local_copies,own_local,job,100,94324,943.24,150400
36,30,group_setup_then_1024_copies,own_local,group,97,120037,1237.49484536,2334208
36,31,resource_lifecycle_64_assets_4096_objects,std_shared,cycle,10,568346,56834.6,17203200
36,32,share_read_drop,std_shared,handoff,100000,1791863,17.91863,2350000
36,33,async_queue_job_1024_local_copies,std_shared,job,100,3569983,35699.83,2406400
36,34,group_setup_then_1_copies,std_shared,group,100000,3400035,34.00035,2000000
36,35,independent_owner_parameter,own_local,call,100000,115784,1.15784,2350000
36,36,group_setup_then_8_copies,own_local,group,12500,273861,21.90888,2350000
36,37,copy_read_drop,std_shared,copy,100000,1681142,16.81142,2350000
36,38,owner_retained_4096_draw_borrows,std_raw_borrow,frame,24,59920,2496.66666667,41287680
36,39,copy_read_drop,own_shared,copy,100000,1149916,11.49916,2350000
36,40,create_read_destroy,own_shared,asset,100000,1326393,13.26393,65000400000
36,41,async_queue_job_1_local_copies,std_shared,job,100,161967,1619.67,2000
36,42,group_setup_then_1_copies,own_local,group,100000,1578024,15.78024,2000000
36,43,weak_lock_expired,std_shared,lock,100000,109937,1.09937,0
36,44,async_queue_job_1_borrow_reads,std_shared_then_raw_borrow,job,100,109866,1098.66,2000
36,45,async_queue_job_1024_local_copies,own_local,job,100,495291,4952.91,2406400
36,46,owner_retained_4096_parameter_borrows,own_local_view,frame,24,77443,3226.79166667,41287680
36,47,share_read_drop,own_shared,handoff,100000,1228126,12.28126,2350000
36,48,async_queue_job_64_borrow_reads,own_shared_then_local_view,job,100,117374,1173.74,150400
36,49,contended_copy_2_workers,std_shared,copy,200000,13717519,68.587595,4700000
36,50,group_setup_then_64_copies,own_local,group,1562,120870,77.3815620999,2349248
36,51,async_queue_job_64_local_copies,std_shared,job,100,418912,4189.12,150400
36,52,async_queue_job_1024_borrow_reads,std_shared_then_raw_borrow,job,100,263229,2632.29,2406400
36,53,create_read_destroy,own_local,asset,100000,1467474,14.67474,65000400000
36,54,resettable_root_pin_1024_borrow_reads,own_shared_pin_local_view,scope,97,31528,325.030927835,2334208
36,55,async_queue_job_1_local_copies,own_local,job,100,65152,651.52,2000
37,0,owner_retained_4096_draw_borrows,own_local_view,frame,24,48368,2015.33333333,41287680
37,1,resettable_root_pin_1024_borrow_reads,std_shared_pin_raw_borrow,scope,97,31693,326.731958763,2334208
37,2,weak_lock_live,own_shared,lock,100000,1509969,15.09969,2350000
37,3,weak_lock_expired,own_shared,lock,100000,86034,0.86034,0
37,4,frame_4096_draws_64_unique_leases,std_shared,frame,24,89892,3745.5,41287680
37,5,async_queue_job_64_local_copies,own_local,job,100,59597,595.97,150400
37,6,create_read_destroy,std_shared,asset,100000,1302003,13.02003,65000400000
37,7,owner_retained_4096_parameter_borrows,own_local_view,frame,24,76292,3178.83333333,41287680
37,8,owner_retained_borrow_parameter,own_local_view,call,100000,64360,0.6436,2350000
37,9,share_read_drop,std_shared,handoff,100000,1465201,14.65201,2350000
37,10,copy_read_drop,std_shared,copy,100000,1674398,16.74398,2350000
37,11,frame_4096_draws_64_unique_leases,own_shared,frame,24,92442,3851.75,41287680
37,12,owner_retained_borrow_parameter,std_raw_borrow,call,100000,61665,0.61665,2350000
37,13,async_queue_job_1024_local_copies,std_shared,job,100,2770468,27704.68,2406400
37,14,contended_copy_2_workers,std_shared,copy,200000,11025921,55.129605,4700000
37,15,group_setup_then_1_copies,std_shared,group,100000,3389134,33.89134,2000000
37,16,contended_copy_2_workers,own_shared,copy,200000,9046601,45.233005,4700000
37,17,resource_lifecycle_64_assets_4096_objects,std_shared,cycle,10,534273,53427.3,17203200
37,18,owner_retained_borrow_copy_read,own_local_view,read,100000,30249,0.30249,2350000
37,19,async_queue_job_1024_local_copies,own_local,job,100,426623,4266.23,2406400
37,20,localize_read_drop,std_shared,group,100000,1510352,15.10352,2350000
37,21,async_queue_job_1024_borrow_reads,std_shared_then_raw_borrow,job,100,174812,1748.12,2406400
37,22,async_queue_job_1024_borrow_reads,own_shared_then_local_view,job,100,290845,2908.45,2406400
37,23,weak_lock_live,std_shared,lock,100000,1692551,16.92551,2350000
37,24,scene_4096_attachments,own_local,attachment,98304,142175,1.44627888997,98304
37,25,create_read_destroy,own_shared,asset,100000,1247549,12.47549,65000400000
37,26,async_queue_job_1_local_copies,std_shared,job,100,84166,841.66,2000
37,27,copy_read_drop,own_shared,copy,100000,1123147,11.23147,2350000
37,28,async_queue_job_64_borrow_reads,own_shared_then_local_view,job,100,133945,1339.45,150400
37,29,group_setup_then_64_copies,own_local,group,1562,114513,73.3117797695,2349248
37,30,group_setup_then_64_copies,std_shared,group,1562,1669609,1068.89180538,2349248
37,31,async_queue_job_64_local_copies,std_shared,job,100,275847,2758.47,150400
37,32,owner_retained_borrow_copy_read,std_raw_borrow,read,100000,30265,0.30265,2350000
37,33,independent_owner_parameter,std_shared,call,100000,1658386,16.58386,2350000
37,34,independent_owner_parameter,own_local,call,100000,131999,1.31999,2350000
37,35,group_setup_then_1024_copies,own_local,group,97,92745,956.134020619,2334208
37,36,async_queue_job_1_local_copies,own_local,job,100,320487,3204.87,2000
37,37,resource_lifecycle_64_assets_4096_objects,own_local,cycle,10,191637,19163.7,17203200
37,38,copy_read_drop,own_local,copy,100000,101357,1.01357,2350000
37,39,share_read_drop,own_shared,handoff,100000,1205523,12.05523,2350000
37,40,resettable_root_pin_1024_borrow_reads,own_shared_pin_local_view,scope,97,34086,351.402061856,2334208
37,41,scene_4096_attachments,std_shared,attachment,98304,1047174,10.6524047852,98304
37,42,async_queue_job_64_borrow_reads,std_shared_then_raw_borrow,job,100,67283,672.83,150400
37,43,group_setup_then_8_copies,own_local,group,12500,257951,20.63608,2350000
37,44,owner_retained_4096_draw_borrows,std_raw_borrow,frame,24,53423,2225.95833333,41287680
37,45,group_setup_then_1024_copies,std_shared,group,97,1752619,18068.2371134,2334208
37,46,localize_read_drop,own_local,group,100000,1278325,12.78325,2350000
37,47,borrow_read,raw_borrow,read,100000,36209,0.36209,2350000
37,48,async_queue_job_1_borrow_reads,own_shared_then_local_view,job,100,123645,1236.45,2000
37,49,owner_retained_4096_parameter_borrows,std_raw_borrow,frame,24,91643,3818.45833333,41287680
37,50,independent_owner_parameter,own_shared,call,100000,1461971,14.61971,2350000
37,51,create_read_destroy,own_local,asset,100000,1515662,15.15662,65000400000
37,52,weak_lock_expired,std_shared,lock,100000,85613,0.85613,0
37,53,group_setup_then_8_copies,std_shared,group,12500,1873126,149.85008,2350000
37,54,group_setup_then_1_copies,own_local,group,100000,1385868,13.85868,2000000
37,55,async_queue_job_1_borrow_reads,std_shared_then_raw_borrow,job,100,83137,831.37,2000
38,0,share_read_drop,own_shared,handoff,100000,1207428,12.07428,2350000
38,1,async_queue_job_1024_local_copies,std_shared,job,100,2552549,25525.49,2406400
38,2,weak_lock_live,std_shared,lock,100000,1727419,17.27419,2350000
38,3,async_queue_job_1_borrow_reads,own_shared_then_local_view,job,100,107240,1072.4,2000
38,4,resource_lifecycle_64_assets_4096_objects,std_shared,cycle,10,515974,51597.4,17203200
38,5,owner_retained_4096_draw_borrows,std_raw_borrow,frame,24,47629,1984.54166667,41287680
38,6,weak_lock_expired,std_shared,lock,100000,85640,0.8564,0
38,7,scene_4096_attachments,own_local,attachment,98304,141089,1.43523152669,98304
38,8,resettable_root_pin_1024_borrow_reads,own_shared_pin_local_view,scope,97,31140,321.030927835,2334208
38,9,create_read_destroy,own_shared,asset,100000,1212384,12.12384,65000400000
38,10,copy_read_drop,own_shared,copy,100000,1105684,11.05684,2350000
38,11,resettable_root_pin_1024_borrow_reads,std_shared_pin_raw_borrow,scope,97,43445,447.886597938,2334208
38,12,owner_retained_4096_parameter_borrows,std_raw_borrow,frame,24,78199,3258.29166667,41287680
38,13,independent_owner_parameter,std_shared,call,100000,1659784,16.59784,2350000
38,14,async_queue_job_1024_borrow_reads,std_shared_then_raw_borrow,job,100,339382,3393.82,2406400
38,15,localize_read_drop,own_local,group,100000,1299851,12.99851,2350000
38,16,group_setup_then_1_copies,std_shared,group,100000,3342742,33.42742,2000000
38,17,frame_4096_draws_64_unique_leases,std_shared,frame,24,85725,3571.875,41287680
38,18,independent_owner_parameter,own_shared,call,100000,1464825,14.64825,2350000
38,19,group_setup_then_64_copies,own_local,group,1562,114097,73.0454545455,2349248
38,20,independent_owner_parameter,own_local,call,100000,111510,1.1151,2350000
38,21,async_queue_job_1_borrow_reads,std_shared_then_raw_borrow,job,100,109237,1092.37,2000
38,22,owner_retained_borrow_parameter,own_local_view,call,100000,64272,0.64272,2350000
38,23,async_queue_job_1_local_copies,own_local,job,100,76850,768.5,2000
38,24,async_queue_job_64_local_copies,std_shared,job,100,510320,5103.2,150400
38,25,contended_copy_2_workers,std_shared,copy,200000,13175626,65.87813,4700000
38,26,async_queue_job_64_borrow_reads,own_shared_then_local_view,job,100,77781,777.81,150400
38,27,async_queue_job_1024_borrow_reads,own_shared_then_local_view,job,100,367647,3676.47,2406400
38,28,create_read_destroy,own_local,asset,100000,1493635,14.93635,65000400000
38,29,frame_4096_draws_64_unique_leases,own_shared,frame,24,89947,3747.79166667,41287680
38,30,owner_retained_borrow_parameter,std_raw_borrow,call,100000,64069,0.64069,2350000
38,31,borrow_read,raw_borrow,read,100000,36150,0.3615,2350000
38,32,async_queue_job_1024_local_copies,own_local,job,100,263974,2639.74,2406400
38,33,copy_read_drop,std_shared,copy,100000,1662107,16.62107,2350000
38,34,share_read_drop,std_shared,handoff,100000,1500591,15.00591,2350000
38,35,scene_4096_attachments,std_shared,attachment,98304,1000471,10.1773173014,98304
38,36,resource_lifecycle_64_assets_4096_objects,own_local,cycle,10,206723,20672.3,17203200
38,37,copy_read_drop,own_local,copy,100000,101029,1.01029,2350000
38,38,async_queue_job_1_local_copies,std_shared,job,100,81269,812.69,2000
38,39,owner_retained_4096_parameter_borrows,own_local_view,frame,24,85046,3543.58333333,41287680
38,40,localize_read_drop,std_shared,group,100000,1620124,16.20124,2350000
38,41,group_setup_then_64_copies,std_shared,group,1562,1861610,1191.81177977,2349248
38,42,group_setup_then_8_copies,own_local,group,12500,285885,22.8708,2350000
38,43,async_queue_job_64_borrow_reads,std_shared_then_raw_borrow,job,100,142276,1422.76,150400
38,44,async_queue_job_64_local_copies,own_local,job,100,117373,1173.73,150400
38,45,weak_lock_expired,own_shared,lock,100000,77555,0.77555,0
38,46,create_read_destroy,std_shared,asset,100000,1252346,12.52346,65000400000
38,47,group_setup_then_1024_copies,own_local,group,97,99588,1026.68041237,2334208
38,48,owner_retained_4096_draw_borrows,own_local_view,frame,24,50952,2123,41287680
38,49,weak_lock_live,own_shared,lock,100000,1621922,16.21922,2350000
38,50,contended_copy_2_workers,own_shared,copy,200000,8409339,42.046695,4700000
38,51,group_setup_then_1024_copies,std_shared,group,97,1717712,17708.371134,2334208
38,52,group_setup_then_8_copies,std_shared,group,12500,1953994,156.31952,2350000
38,53,group_setup_then_1_copies,own_local,group,100000,1460911,14.60911,2000000
38,54,owner_retained_borrow_copy_read,std_raw_borrow,read,100000,41206,0.41206,2350000
38,55,owner_retained_borrow_copy_read,own_local_view,read,100000,33446,0.33446,2350000
39,0,group_setup_then_1024_copies,std_shared,group,97,1687128,17393.0721649,2334208
39,1,scene_4096_attachments,std_shared,attachment,98304,1045599,10.6363830566,98304
39,2,scene_4096_attachments,own_local,attachment,98304,146642,1.4917195638,98304
39,3,owner_retained_4096_draw_borrows,own_local_view,frame,24,47777,1990.70833333,41287680
39,4,owner_retained_borrow_copy_read,std_raw_borrow,read,100000,29999,0.29999,2350000
39,5,resource_lifecycle_64_assets_4096_objects,own_local,cycle,10,192619,19261.9,17203200
39,6,independent_owner_parameter,std_shared,call,100000,1706650,17.0665,2350000
39,7,async_queue_job_1_borrow_reads,std_shared_then_raw_borrow,job,100,117449,1174.49,2000
39,8,owner_retained_borrow_parameter,std_raw_borrow,call,100000,64254,0.64254,2350000
39,9,group_setup_then_1_copies,std_shared,group,100000,3407789,34.07789,2000000
39,10,group_setup_then_1_copies,own_local,group,100000,1416342,14.16342,2000000
39,11,create_read_destroy,own_local,asset,100000,1521119,15.21119,65000400000
39,12,resource_lifecycle_64_assets_4096_objects,std_shared,cycle,10,527927,52792.7,17203200
39,13,contended_copy_2_workers,std_shared,copy,200000,13287317,66.436585,4700000
39,14,contended_copy_2_workers,own_shared,copy,200000,9197470,45.98735,4700000
39,15,async_queue_job_1024_local_copies,std_shared,job,100,2586917,25869.17,2406400
39,16,async_queue_job_1_local_copies,std_shared,job,100,99532,995.32,2000
39,17,group_setup_then_8_copies,std_shared,group,12500,2004863,160.38904,2350000
39,18,weak_lock_expired,std_shared,lock,100000,92192,0.92192,0
39,19,independent_owner_parameter,own_local,call,100000,121627,1.21627,2350000
39,20,share_read_drop,std_shared,handoff,100000,1547501,15.47501,2350000
39,21,localize_read_drop,std_shared,group,100000,1596715,15.96715,2350000
39,22,owner_retained_4096_parameter_borrows,own_local_view,frame,24,101648,4235.33333333,41287680
39,23,copy_read_drop,std_shared,copy,100000,1724236,17.24236,2350000
39,24,weak_lock_live,own_shared,lock,100000,1598103,15.98103,2350000
39,25,copy_read_drop,own_local,copy,100000,106314,1.06314,2350000
39,26,localize_read_drop,own_local,group,100000,1492253,14.92253,2350000
39,27,owner_retained_borrow_copy_read,own_local_view,read,100000,36598,0.36598,2350000
39,28,async_queue_job_1_borrow_reads,own_shared_then_local_view,job,100,121686,1216.86,2000
39,29,async_queue_job_64_local_copies,std_shared,job,100,381964,3819.64,150400
39,30,weak_lock_expired,own_shared,lock,100000,94083,0.94083,0
39,31,group_setup_then_8_copies,own_local,group,12500,286664,22.93312,2350000
39,32,copy_read_drop,own_shared,copy,100000,1343306,13.43306,2350000
39,33,async_queue_job_1024_local_copies,own_local,job,100,254866,2548.66,2406400
39,34,create_read_destroy,own_shared,asset,100000,1362974,13.62974,65000400000
39,35,resettable_root_pin_1024_borrow_reads,own_shared_pin_local_view,scope,97,34895,359.742268041,2334208
39,36,async_queue_job_1024_borrow_reads,std_shared_then_raw_borrow,job,100,298447,2984.47,2406400
39,37,async_queue_job_64_borrow_reads,std_shared_then_raw_borrow,job,100,68123,681.23,150400
39,38,async_queue_job_64_local_copies,own_local,job,100,88717,887.17,150400
39,39,frame_4096_draws_64_unique_leases,own_shared,frame,24,95169,3965.375,41287680
39,40,group_setup_then_1024_copies,own_local,group,97,102067,1052.2371134,2334208
39,41,independent_owner_parameter,own_shared,call,100000,1519641,15.19641,2350000
39,42,borrow_read,raw_borrow,read,100000,35457,0.35457,2350000
39,43,owner_retained_4096_draw_borrows,std_raw_borrow,frame,24,52674,2194.75,41287680
39,44,async_queue_job_64_borrow_reads,own_shared_then_local_view,job,100,96329,963.29,150400
39,45,async_queue_job_1024_borrow_reads,own_shared_then_local_view,job,100,162482,1624.82,2406400
39,46,frame_4096_draws_64_unique_leases,std_shared,frame,24,87234,3634.75,41287680
39,47,group_setup_then_64_copies,std_shared,group,1562,1724049,1103.74455826,2349248
39,48,resettable_root_pin_1024_borrow_reads,std_shared_pin_raw_borrow,scope,97,31887,328.731958763,2334208
39,49,create_read_destroy,std_shared,asset,100000,1250238,12.50238,65000400000
39,50,owner_retained_4096_parameter_borrows,std_raw_borrow,frame,24,76243,3176.79166667,41287680
39,51,share_read_drop,own_shared,handoff,100000,1171637,11.71637,2350000
39,52,owner_retained_borrow_parameter,own_local_view,call,100000,67265,0.67265,2350000
39,53,weak_lock_live,std_shared,lock,100000,1784402,17.84402,2350000
39,54,group_setup_then_64_copies,own_local,group,1562,118669,75.9724711908,2349248
39,55,async_queue_job_1_local_copies,own_local,job,100,58611,586.11,2000
40,0,share_read_drop,own_shared,handoff,100000,1119504,11.19504,2350000
40,1,group_setup_then_1_copies,own_local,group,100000,1435973,14.35973,2000000
40,2,independent_owner_parameter,own_local,call,100000,123506,1.23506,2350000
40,3,group_setup_then_1_copies,std_shared,group,100000,3500068,35.00068,2000000
40,4,create_read_destroy,own_shared,asset,100000,1254609,12.54609,65000400000
40,5,owner_retained_borrow_parameter,own_local_view,call,100000,64072,0.64072,2350000
40,6,scene_4096_attachments,own_local,attachment,98304,149264,1.51839192708,98304
40,7,owner_retained_4096_draw_borrows,own_local_view,frame,24,49170,2048.75,41287680
40,8,weak_lock_expired,std_shared,lock,100000,85654,0.85654,0
40,9,copy_read_drop,std_shared,copy,100000,1701637,17.01637,2350000
40,10,weak_lock_live,std_shared,lock,100000,1780772,17.80772,2350000
40,11,weak_lock_live,own_shared,lock,100000,1569330,15.6933,2350000
40,12,group_setup_then_64_copies,own_local,group,1562,131096,83.9282970551,2349248
40,13,async_queue_job_1_borrow_reads,own_shared_then_local_view,job,100,133639,1336.39,2000
40,14,async_queue_job_1024_borrow_reads,std_shared_then_raw_borrow,job,100,243263,2432.63,2406400
40,15,group_setup_then_64_copies,std_shared,group,1562,1744541,1116.86363636,2349248
40,16,resource_lifecycle_64_assets_4096_objects,own_local,cycle,10,215049,21504.9,17203200
40,17,async_queue_job_1024_borrow_reads,own_shared_then_local_view,job,100,317200,3172,2406400
40,18,localize_read_drop,own_local,group,100000,1345599,13.45599,2350000
40,19,async_queue_job_1_local_copies,own_local,job,100,79031,790.31,2000
40,20,owner_retained_borrow_parameter,std_raw_borrow,call,100000,66772,0.66772,2350000
40,21,independent_owner_parameter,std_shared,call,100000,1710766,17.10766,2350000
40,22,async_queue_job_1024_local_copies,own_local,job,100,298156,2981.56,2406400
40,23,share_read_drop,std_shared,handoff,100000,1528212,15.28212,2350000
40,24,frame_4096_draws_64_unique_leases,own_shared,frame,24,97760,4073.33333333,41287680
40,25,group_setup_then_8_copies,std_shared,group,12500,1958573,156.68584,2350000
40,26,resource_lifecycle_64_assets_4096_objects,std_shared,cycle,10,556311,55631.1,17203200
40,27,async_queue_job_64_borrow_reads,std_shared_then_raw_borrow,job,100,149670,1496.7,150400
40,28,scene_4096_attachments,std_shared,attachment,98304,1085427,11.0415344238,98304
40,29,group_setup_then_8_copies,own_local,group,12500,267092,21.36736,2350000
40,30,create_read_destroy,own_local,asset,100000,1555777,15.55777,65000400000
40,31,owner_retained_borrow_copy_read,own_local_view,read,100000,30062,0.30062,2350000
40,32,owner_retained_4096_parameter_borrows,own_local_view,frame,24,76787,3199.45833333,41287680
40,33,independent_owner_parameter,own_shared,call,100000,1531677,15.31677,2350000
40,34,resettable_root_pin_1024_borrow_reads,own_shared_pin_local_view,scope,97,34629,357,2334208
40,35,copy_read_drop,own_shared,copy,100000,1176579,11.76579,2350000
40,36,create_read_destroy,std_shared,asset,100000,1236100,12.361,65000400000
40,37,copy_read_drop,own_local,copy,100000,101594,1.01594,2350000
40,38,async_queue_job_1024_local_copies,std_shared,job,100,2558077,25580.77,2406400
40,39,owner_retained_4096_draw_borrows,std_raw_borrow,frame,24,71002,2958.41666667,41287680
40,40,contended_copy_2_workers,std_shared,copy,200000,13386050,66.93025,4700000
40,41,group_setup_then_1024_copies,std_shared,group,97,1735438,17891.1134021,2334208
40,42,owner_retained_4096_parameter_borrows,std_raw_borrow,frame,24,78114,3254.75,41287680
40,43,localize_read_drop,std_shared,group,100000,1548874,15.48874,2350000
40,44,frame_4096_draws_64_unique_leases,std_shared,frame,24,88841,3701.70833333,41287680
40,45,group_setup_then_1024_copies,own_local,group,97,104490,1077.21649485,2334208
40,46,async_queue_job_64_borrow_reads,own_shared_then_local_view,job,100,83177,831.77,150400
40,47,async_queue_job_1_local_copies,std_shared,job,100,76976,769.76,2000
40,48,async_queue_job_1_borrow_reads,std_shared_then_raw_borrow,job,100,78998,789.98,2000
40,49,borrow_read,raw_borrow,read,100000,35070,0.3507,2350000
40,50,async_queue_job_64_local_copies,std_shared,job,100,336725,3367.25,150400
40,51,resettable_root_pin_1024_borrow_reads,std_shared_pin_raw_borrow,scope,97,31829,328.134020619,2334208
40,52,async_queue_job_64_local_copies,own_local,job,100,87980,879.8,150400
40,53,weak_lock_expired,own_shared,lock,100000,77311,0.77311,0
40,54,owner_retained_borrow_copy_read,std_raw_borrow,read,100000,30060,0.3006,2350000
40,55,contended_copy_2_workers,own_shared,copy,200000,9137583,45.687915,4700000
41,0,independent_owner_parameter,own_shared,call,100000,1483447,14.83447,2350000
41,1,create_read_destroy,own_local,asset,100000,1624087,16.24087,65000400000
41,2,group_setup_then_1_copies,std_shared,group,100000,3510231,35.10231,2000000
41,3,group_setup_then_1024_copies,std_shared,group,97,1712481,17654.443299,2334208
41,4,copy_read_drop,own_local,copy,100000,101313,1.01313,2350000
41,5,independent_owner_parameter,own_local,call,100000,124924,1.24924,2350000
41,6,owner_retained_borrow_parameter,own_local_view,call,100000,65031,0.65031,2350000
41,7,owner_retained_borrow_copy_read,std_raw_borrow,read,100000,32642,0.32642,2350000
41,8,async_queue_job_1024_local_copies,std_shared,job,100,2523281,25232.81,2406400
41,9,weak_lock_expired,std_shared,lock,100000,99762,0.99762,0
41,10,async_queue_job_1_borrow_reads,own_shared_then_local_view,job,100,121365,1213.65,2000
41,11,resettable_root_pin_1024_borrow_reads,own_shared_pin_local_view,scope,97,37313,384.670103093,2334208
41,12,async_queue_job_64_local_copies,own_local,job,100,67248,672.48,150400
41,13,frame_4096_draws_64_unique_leases,own_shared,frame,24,107421,4475.875,41287680
41,14,scene_4096_attachments,std_shared,attachment,98304,1079469,10.9809265137,98304
41,15,contended_copy_2_workers,std_shared,copy,200000,12492224,62.46112,4700000
41,16,async_queue_job_64_borrow_reads,std_shared_then_raw_borrow,job,100,80213,802.13,150400
41,17,independent_owner_parameter,std_shared,call,100000,1690289,16.90289,2350000
41,18,async_queue_job_1_borrow_reads,std_shared_then_raw_borrow,job,100,100932,1009.32,2000
41,19,weak_lock_live,own_shared,lock,100000,1543899,15.43899,2350000
41,20,weak_lock_expired,own_shared,lock,100000,80829,0.80829,0
41,21,owner_retained_4096_draw_borrows,own_local_view,frame,24,56146,2339.41666667,41287680
41,22,share_read_drop,own_shared,handoff,100000,1235638,12.35638,2350000
41,23,owner_retained_borrow_parameter,std_raw_borrow,call,100000,68093,0.68093,2350000
41,24,group_setup_then_1024_copies,own_local,group,97,102082,1052.39175258,2334208
41,25,contended_copy_2_workers,own_shared,copy,200000,8873203,44.366015,4700000
41,26,group_setup_then_64_copies,std_shared,group,1562,1693559,1084.22471191,2349248
41,27,weak_lock_live,std_shared,lock,100000,1714717,17.14717,2350000
41,28,async_queue_job_1_local_copies,own_local,job,100,66011,660.11,2000
41,29,async_queue_job_1024_borrow_reads,own_shared_then_local_view,job,100,308412,3084.12,2406400
41,30,create_read_destroy,std_shared,asset,100000,1284904,12.84904,65000400000
41,31,frame_4096_draws_64_unique_leases,std_shared,frame,24,86259,3594.125,41287680
41,32,group_setup_then_8_copies,std_shared,group,12500,1905183,152.41464,2350000
41,33,owner_retained_4096_draw_borrows,std_raw_borrow,frame,24,49331,2055.45833333,41287680
41,34,borrow_read,raw_borrow,read,100000,35060,0.3506,2350000
41,35,owner_retained_4096_parameter_borrows,own_local_view,frame,24,77321,3221.70833333,41287680
41,36,group_setup_then_8_copies,own_local,group,12500,223580,17.8864,2350000
41,37,localize_read_drop,std_shared,group,100000,1542836,15.42836,2350000
41,38,async_queue_job_1024_borrow_reads,std_shared_then_raw_borrow,job,100,327815,3278.15,2406400
41,39,async_queue_job_1024_local_copies,own_local,job,100,353381,3533.81,2406400
41,40,async_queue_job_64_local_copies,std_shared,job,100,306427,3064.27,150400
41,41,localize_read_drop,own_local,group,100000,1393092,13.93092,2350000
41,42,group_setup_then_64_copies,own_local,group,1562,131908,84.4481434059,2349248
41,43,create_read_destroy,own_shared,asset,100000,1384640,13.8464,65000400000
41,44,owner_retained_borrow_copy_read,own_local_view,read,100000,33437,0.33437,2350000
41,45,scene_4096_attachments,own_local,attachment,98304,162233,1.65031941732,98304
41,46,copy_read_drop,std_shared,copy,100000,1788804,17.88804,2350000
41,47,async_queue_job_64_borrow_reads,own_shared_then_local_view,job,100,148245,1482.45,150400
41,48,resource_lifecycle_64_assets_4096_objects,std_shared,cycle,10,522369,52236.9,17203200
41,49,resettable_root_pin_1024_borrow_reads,std_shared_pin_raw_borrow,scope,97,31654,326.329896907,2334208
41,50,resource_lifecycle_64_assets_4096_objects,own_local,cycle,10,224594,22459.4,17203200
41,51,copy_read_drop,own_shared,copy,100000,1182830,11.8283,2350000
41,52,async_queue_job_1_local_copies,std_shared,job,100,98468,984.68,2000
41,53,share_read_drop,std_shared,handoff,100000,1575307,15.75307,2350000
41,54,owner_retained_4096_parameter_borrows,std_raw_borrow,frame,24,84412,3517.16666667,41287680
41,55,group_setup_then_1_copies,own_local,group,100000,1405153,14.05153,2000000
42,0,share_read_drop,std_shared,handoff,100000,1518497,15.18497,2350000
42,1,weak_lock_live,std_shared,lock,100000,1707635,17.07635,2350000
42,2,create_read_destroy,own_shared,asset,100000,1300860,13.0086,65000400000
42,3,owner_retained_4096_parameter_borrows,std_raw_borrow,frame,24,94755,3948.125,41287680
42,4,group_setup_then_1024_copies,own_local,group,97,96177,991.515463918,2334208
42,5,group_setup_then_1_copies,std_shared,group,100000,3682311,36.82311,2000000
42,6,async_queue_job_64_borrow_reads,own_shared_then_local_view,job,100,152860,1528.6,150400
42,7,weak_lock_expired,std_shared,lock,100000,117891,1.17891,0
42,8,independent_owner_parameter,std_shared,call,100000,1769528,17.69528,2350000
42,9,group_setup_then_8_copies,own_local,group,12500,280134,22.41072,2350000
42,10,group_setup_then_8_copies,std_shared,group,12500,1957394,156.59152,2350000
42,11,contended_copy_2_workers,own_shared,copy,200000,8769140,43.8457,4700000
42,12,group_setup_then_64_copies,own_local,group,1562,121912,78.0486555698,2349248
42,13,async_queue_job_64_borrow_reads,std_shared_then_raw_borrow,job,100,104157,1041.57,150400
42,14,resource_lifecycle_64_assets_4096_objects,own_local,cycle,10,189907,18990.7,17203200
42,15,async_queue_job_1024_local_copies,std_shared,job,100,2500308,25003.08,2406400
42,16,resettable_root_pin_1024_borrow_reads,own_shared_pin_local_view,scope,97,35120,362.06185567,2334208
42,17,frame_4096_draws_64_unique_leases,std_shared,frame,24,93120,3880,41287680
42,18,scene_4096_attachments,std_shared,attachment,98304,999484,10.1672770182,98304
42,19,owner_retained_4096_draw_borrows,std_raw_borrow,frame,24,52458,2185.75,41287680
42,20,contended_copy_2_workers,std_shared,copy,200000,13292091,66.460455,4700000
42,21,independent_owner_parameter,own_shared,call,100000,1493203,14.93203,2350000
42,22,async_queue_job_1_borrow_reads,std_shared_then_raw_borrow,job,100,100791,1007.91,2000
42,23,resettable_root_pin_1024_borrow_reads,std_shared_pin_raw_borrow,scope,97,31940,329.278350515,2334208
42,24,async_queue_job_1024_borrow_reads,std_shared_then_raw_borrow,job,100,340419,3404.19,2406400
42,25,group_setup_then_1_copies,own_local,group,100000,1385206,13.85206,2000000
42,26,frame_4096_draws_64_unique_leases,own_shared,frame,24,114528,4772,41287680
42,27,weak_lock_live,own_shared,lock,100000,1557804,15.57804,2350000
42,28,create_read_destroy,own_local,asset,100000,1603480,16.0348,65000400000
42,29,async_queue_job_1024_local_copies,own_local,job,100,285225,2852.25,2406400
42,30,owner_retained_borrow_copy_read,own_local_view,read,100000,33408,0.33408,2350000
42,31,owner_retained_borrow_parameter,std_raw_borrow,call,100000,61879,0.61879,2350000
42,32,owner_retained_4096_parameter_borrows,own_local_view,frame,24,83923,3496.79166667,41287680
42,33,owner_retained_borrow_copy_read,std_raw_borrow,read,100000,33792,0.33792,2350000
42,34,localize_read_drop,own_local,group,100000,1331618,13.31618,2350000
42,35,async_queue_job_1_borrow_reads,own_shared_then_local_view,job,100,102039,1020.39,2000
42,36,scene_4096_attachments,own_local,attachment,98304,152639,1.55272420247,98304
42,37,group_setup_then_64_copies,std_shared,group,1562,1687670,1080.45454545,2349248
42,38,share_read_drop,own_shared,handoff,100000,1158314,11.58314,2350000
42,39,async_queue_job_64_local_copies,own_local,job,100,78687,786.87,150400
42,40,async_queue_job_1024_borrow_reads,own_shared_then_local_view,job,100,347309,3473.09,2406400
42,41,async_queue_job_1_local_copies,std_shared,job,100,55632,556.32,2000
42,42,borrow_read,raw_borrow,read,100000,35139,0.35139,2350000
42,43,create_read_destroy,std_shared,asset,100000,1212838,12.12838,65000400000
42,44,weak_lock_expired,own_shared,lock,100000,77243,0.77243,0
42,45,copy_read_drop,own_shared,copy,100000,1148805,11.48805,2350000
42,46,localize_read_drop,std_shared,group,100000,1544699,15.44699,2350000
42,47,async_queue_job_1_local_copies,own_local,job,100,7375192,73751.92,2000
42,48,owner_retained_borrow_parameter,own_local_view,call,100000,68841,0.68841,2350000
42,49,group_setup_then_1024_copies,std_shared,group,97,1843206,19002.1237113,2334208
42,50,copy_read_drop,own_local,copy,100000,103290,1.0329,2350000
42,51,copy_read_drop,std_shared,copy,100000,4724878,47.24878,2350000
42,52,resource_lifecycle_64_assets_4096_objects,std_shared,cycle,10,646742,64674.2,17203200
42,53,async_queue_job_64_local_copies,std_shared,job,100,277837,2778.37,150400
42,54,independent_owner_parameter,own_local,call,100000,212405,2.12405,2350000
42,55,owner_retained_4096_draw_borrows,own_local_view,frame,24,125742,5239.25,41287680
43,0,copy_read_drop,std_shared,copy,100000,1684638,16.84638,2350000
43,1,owner_retained_4096_draw_borrows,own_local_view,frame,24,100254,4177.25,41287680
43,2,resettable_root_pin_1024_borrow_reads,std_shared_pin_raw_borrow,scope,97,63800,657.731958763,2334208
43,3,share_read_drop,std_shared,handoff,100000,1823235,18.23235,2350000
43,4,async_queue_job_1024_local_copies,std_shared,job,100,2450944,24509.44,2406400
43,5,async_queue_job_64_local_copies,std_shared,job,100,260750,2607.5,150400
43,6,weak_lock_live,std_shared,lock,100000,2131081,21.31081,2350000
43,7,owner_retained_borrow_copy_read,std_raw_borrow,read,100000,52598,0.52598,2350000
43,8,contended_copy_2_workers,own_shared,copy,200000,10149972,50.74986,4700000
43,9,localize_read_drop,own_local,group,100000,1675694,16.75694,2350000
43,10,resource_lifecycle_64_assets_4096_objects,std_shared,cycle,10,640093,64009.3,17203200
43,11,async_queue_job_64_borrow_reads,own_shared_then_local_view,job,100,156236,1562.36,150400
43,12,owner_retained_4096_parameter_borrows,std_raw_borrow,frame,24,128033,5334.70833333,41287680
43,13,group_setup_then_1_copies,std_shared,group,100000,3363091,33.63091,2000000
43,14,group_setup_then_1024_copies,std_shared,group,97,1613373,16632.7113402,2334208
43,15,weak_lock_expired,own_shared,lock,100000,143692,1.43692,0
43,16,async_queue_job_1024_borrow_reads,std_shared_then_raw_borrow,job,100,186881,1868.81,2406400
43,17,create_read_destroy,std_shared,asset,100000,1972625,19.72625,65000400000
43,18,resettable_root_pin_1024_borrow_reads,own_shared_pin_local_view,scope,97,55972,577.030927835,2334208
43,19,group_setup_then_64_copies,own_local,group,1562,179662,115.020486556,2349248
43,20,scene_4096_attachments,own_local,attachment,98304,254511,2.58901977539,98304
43,21,weak_lock_expired,std_shared,lock,100000,157957,1.57957,0
43,22,async_queue_job_1_local_copies,own_local,job,100,70649,706.49,2000
43,23,resource_lifecycle_64_assets_4096_objects,own_local,cycle,10,297595,29759.5,17203200
43,24,owner_retained_borrow_copy_read,own_local_view,read,100000,52521,0.52521,2350000
43,25,copy_read_drop,own_shared,copy,100000,1263575,12.63575,2350000
43,26,create_read_destroy,own_local,asset,100000,1553956,15.53956,65000400000
43,27,async_queue_job_1024_local_copies,own_local,job,100,253550,2535.5,2406400
43,28,weak_lock_live,own_shared,lock,100000,1496320,14.9632,2350000
43,29,async_queue_job_1_borrow_reads,std_shared_then_raw_borrow,job,100,104070,1040.7,2000
43,30,owner_retained_4096_draw_borrows,std_raw_borrow,frame,24,49166,2048.58333333,41287680
43,31,independent_owner_parameter,own_local,call,100000,115716,1.15716,2350000
43,32,group_setup_then_8_copies,std_shared,group,12500,1891239,151.29912,2350000
43,33,async_queue_job_1_borrow_reads,own_shared_then_local_view,job,100,84814,848.14,2000
43,34,async_queue_job_1024_borrow_reads,own_shared_then_local_view,job,100,251128,2511.28,2406400
43,35,async_queue_job_64_local_copies,own_local,job,100,91101,911.01,150400
43,36,owner_retained_4096_parameter_borrows,own_local_view,frame,24,76902,3204.25,41287680
43,37,contended_copy_2_workers,std_shared,copy,200000,14243122,71.21561,4700000
43,38,frame_4096_draws_64_unique_leases,std_shared,frame,24,89296,3720.66666667,41287680
43,39,borrow_read,raw_borrow,read,100000,35577,0.35577,2350000
43,40,group_setup_then_1_copies,own_local,group,100000,1392918,13.92918,2000000
43,41,owner_retained_borrow_parameter,std_raw_borrow,call,100000,61766,0.61766,2350000
43,42,group_setup_then_1024_copies,own_local,group,97,92678,955.443298969,2334208
43,43,group_setup_then_64_copies,std_shared,group,1562,1680138,1075.63252241,2349248
43,44,async_queue_job_64_borrow_reads,std_shared_then_raw_borrow,job,100,130955,1309.55,150400
43,45,copy_read_drop,own_local,copy,100000,101647,1.01647,2350000
43,46,create_read_destroy,own_shared,asset,100000,1401181,14.01181,65000400000
43,47,owner_retained_borrow_parameter,own_local_view,call,100000,66804,0.66804,2350000
43,48,share_read_drop,own_shared,handoff,100000,1204746,12.04746,2350000
43,49,async_queue_job_1_local_copies,std_shared,job,100,101383,1013.83,2000
43,50,localize_read_drop,std_shared,group,100000,1588699,15.88699,2350000
43,51,scene_4096_attachments,std_shared,attachment,98304,967822,9.8451944987,98304
43,52,independent_owner_parameter,own_shared,call,100000,1447361,14.47361,2350000
43,53,frame_4096_draws_64_unique_leases,own_shared,frame,24,88750,3697.91666667,41287680
43,54,group_setup_then_8_copies,own_local,group,12500,221439,17.71512,2350000
43,55,independent_owner_parameter,std_shared,call,100000,1658605,16.58605,2350000
44,0,resource_lifecycle_64_assets_4096_objects,std_shared,cycle,10,536103,53610.3,17203200
44,1,create_read_destroy,own_shared,asset,100000,1275177,12.75177,65000400000
44,2,resettable_root_pin_1024_borrow_reads,std_shared_pin_raw_borrow,scope,97,31627,326.051546392,2334208
44,3,owner_retained_borrow_copy_read,own_local_view,read,100000,30077,0.30077,2350000
44,4,independent_owner_parameter,std_shared,call,100000,1654704,16.54704,2350000
44,5,resettable_root_pin_1024_borrow_reads,own_shared_pin_local_view,scope,97,31248,322.144329897,2334208
44,6,owner_retained_borrow_copy_read,std_raw_borrow,read,100000,30064,0.30064,2350000
44,7,weak_lock_expired,own_shared,lock,100000,77308,0.77308,0
44,8,owner_retained_4096_parameter_borrows,std_raw_borrow,frame,24,76623,3192.625,41287680
44,9,independent_owner_parameter,own_local,call,100000,115276,1.15276,2350000
44,10,async_queue_job_64_borrow_reads,std_shared_then_raw_borrow,job,100,72423,724.23,150400
44,11,localize_read_drop,own_local,group,100000,1331372,13.31372,2350000
44,12,resource_lifecycle_64_assets_4096_objects,own_local,cycle,10,205135,20513.5,17203200
44,13,owner_retained_4096_draw_borrows,std_raw_borrow,frame,24,47739,1989.125,41287680
44,14,group_setup_then_1024_copies,own_local,group,97,90854,936.639175258,2334208
44,15,independent_owner_parameter,own_shared,call,100000,1455921,14.55921,2350000
44,16,copy_read_drop,own_shared,copy,100000,1330257,13.30257,2350000
44,17,async_queue_job_1_borrow_reads,std_shared_then_raw_borrow,job,100,65841,658.41,2000
44,18,create_read_destroy,own_local,asset,100000,2360413,23.60413,65000400000
44,19,async_queue_job_1024_borrow_reads,std_shared_then_raw_borrow,job,100,86002,860.02,2406400
44,20,share_read_drop,std_shared,handoff,100000,1728757,17.28757,2350000
44,21,async_queue_job_64_local_copies,std_shared,job,100,308612,3086.12,150400
44,22,async_queue_job_64_local_copies,own_local,job,100,92056,920.56,150400
44,23,copy_read_drop,std_shared,copy,100000,1662860,16.6286,2350000
44,24,weak_lock_live,std_shared,lock,100000,1737647,17.37647,2350000
44,25,localize_read_drop,std_shared,group,100000,1478441,14.78441,2350000
44,26,async_queue_job_1_local_copies,own_local,job,100,63775,637.75,2000
44,27,owner_retained_borrow_parameter,own_local_view,call,100000,61825,0.61825,2350000
44,28,async_queue_job_64_borrow_reads,own_shared_then_local_view,job,100,69940,699.4,150400
44,29,owner_retained_borrow_parameter,std_raw_borrow,call,100000,61682,0.61682,2350000
44,30,contended_copy_2_workers,own_shared,copy,200000,11819379,59.096895,4700000
44,31,group_setup_then_1_copies,own_local,group,100000,1353439,13.53439,2000000
44,32,async_queue_job_1024_local_copies,std_shared,job,100,2661248,26612.48,2406400
44,33,copy_read_drop,own_local,copy,100000,192650,1.9265,2350000
44,34,frame_4096_draws_64_unique_leases,own_shared,frame,24,177359,7389.95833333,41287680
44,35,owner_retained_4096_draw_borrows,own_local_view,frame,24,96618,4025.75,41287680
44,36,group_setup_then_64_copies,std_shared,group,1562,1670086,1069.1971831,2349248
44,37,group_setup_then_1_copies,std_shared,group,100000,3315583,33.15583,2000000
44,38,share_read_drop,own_shared,handoff,100000,1375451,13.75451,2350000
44,39,group_setup_then_8_copies,std_shared,group,12500,1882368,150.58944,2350000
44,40,borrow_read,raw_borrow,read,100000,69493,0.69493,2350000
44,41,scene_4096_attachments,std_shared,attachment,98304,1162631,11.8268941243,98304
44,42,create_read_destroy,std_shared,asset,100000,1916036,19.16036,65000400000
44,43,group_setup_then_64_copies,own_local,group,1562,188633,120.763764405,2349248
44,44,async_queue_job_1024_local_copies,own_local,job,100,233147,2331.47,2406400
44,45,async_queue_job_1_local_copies,std_shared,job,100,55375,553.75,2000
44,46,weak_lock_expired,std_shared,lock,100000,164292,1.64292,0
44,47,frame_4096_draws_64_unique_leases,std_shared,frame,24,157874,6578.08333333,41287680
44,48,async_queue_job_1024_borrow_reads,own_shared_then_local_view,job,100,176974,1769.74,2406400
44,49,group_setup_then_1024_copies,std_shared,group,97,1622998,16731.9381443,2334208
44,50,group_setup_then_8_copies,own_local,group,12500,388639,31.09112,2350000
44,51,owner_retained_4096_parameter_borrows,own_local_view,frame,24,114239,4759.95833333,41287680
44,52,scene_4096_attachments,own_local,attachment,98304,266242,2.70835367839,98304
44,53,contended_copy_2_workers,std_shared,copy,200000,13755656,68.77828,4700000
44,54,async_queue_job_1_borrow_reads,own_shared_then_local_view,job,100,55694,556.94,2000
44,55,weak_lock_live,own_shared,lock,100000,1661755,16.61755,2350000
45,0,create_read_destroy,std_shared,asset,100000,1222304,12.22304,65000400000
45,1,async_queue_job_64_borrow_reads,own_shared_then_local_view,job,100,85682,856.82,150400
45,2,group_setup_then_1_copies,own_local,group,100000,1377881,13.77881,2000000
45,3,group_setup_then_64_copies,std_shared,group,1562,1694555,1084.86235595,2349248
45,4,copy_read_drop,own_local,copy,100000,115275,1.15275,2350000
45,5,resource_lifecycle_64_assets_4096_objects,std_shared,cycle,10,554886,55488.6,17203200
45,6,create_read_destroy,own_local,asset,100000,1599826,15.99826,65000400000
45,7,independent_owner_parameter,own_local,call,100000,133856,1.33856,2350000
45,8,contended_copy_2_workers,own_shared,copy,200000,11942544,59.71272,4700000
45,9,group_setup_then_1024_copies,std_shared,group,97,1671842,17235.4845361,2334208
45,10,resettable_root_pin_1024_borrow_reads,own_shared_pin_local_view,scope,97,45805,472.216494845,2334208
45,11,weak_lock_live,std_shared,lock,100000,1709875,17.09875,2350000
45,12,share_read_drop,std_shared,handoff,100000,1587592,15.87592,2350000
45,13,group_setup_then_8_copies,own_local,group,12500,260988,20.87904,2350000
45,14,create_read_destroy,own_shared,asset,100000,1232600,12.326,65000400000
45,15,copy_read_drop,own_shared,copy,100000,1120811,11.20811,2350000
45,16,frame_4096_draws_64_unique_leases,std_shared,frame,24,100138,4172.41666667,41287680
45,17,share_read_drop,own_shared,handoff,100000,1127814,11.27814,2350000
45,18,group_setup_then_8_copies,std_shared,group,12500,1865209,149.21672,2350000
45,19,async_queue_job_1_local_copies,std_shared,job,100,60678,606.78,2000
45,20,owner_retained_borrow_copy_read,std_raw_borrow,read,100000,30138,0.30138,2350000
45,21,owner_retained_borrow_parameter,own_local_view,call,100000,61767,0.61767,2350000
45,22,async_queue_job_64_local_copies,own_local,job,100,74366,743.66,150400
45,23,independent_owner_parameter,std_shared,call,100000,1663486,16.63486,2350000
45,24,async_queue_job_1024_borrow_reads,std_shared_then_raw_borrow,job,100,161665,1616.65,2406400
45,25,scene_4096_attachments,std_shared,attachment,98304,957060,9.73571777344,98304
45,26,localize_read_drop,own_local,group,100000,1278500,12.785,2350000
45,27,async_queue_job_1_borrow_reads,std_shared_then_raw_borrow,job,100,59642,596.42,2000
45,28,weak_lock_live,own_shared,lock,100000,1502880,15.0288,2350000
45,29,resource_lifecycle_64_assets_4096_objects,own_local,cycle,10,209763,20976.3,17203200
45,30,weak_lock_expired,std_shared,lock,100000,85609,0.85609,0
45,31,owner_retained_4096_draw_borrows,own_local_view,frame,24,47640,1985,41287680
45,32,async_queue_job_64_local_copies,std_shared,job,100,310323,3103.23,150400
45,33,contended_copy_2_workers,std_shared,copy,200000,14483456,72.41728,4700000
45,34,async_queue_job_1_local_copies,own_local,job,100,78103,781.03,2000
45,35,independent_owner_parameter,own_shared,call,100000,1482630,14.8263,2350000
45,36,group_setup_then_1_copies,std_shared,group,100000,3363866,33.63866,2000000
45,37,owner_retained_borrow_parameter,std_raw_borrow,call,100000,64230,0.6423,2350000
45,38,async_queue_job_1_borrow_reads,own_shared_then_local_view,job,100,71703,717.03,2000
45,39,frame_4096_draws_64_unique_leases,own_shared,frame,24,89039,3709.95833333,41287680
45,40,scene_4096_attachments,own_local,attachment,98304,139311,1.41714477539,98304
45,41,async_queue_job_64_borrow_reads,std_shared_then_raw_borrow,job,100,63531,635.31,150400
45,42,owner_retained_4096_parameter_borrows,own_local_view,frame,24,76129,3172.04166667,41287680
45,43,owner_retained_4096_parameter_borrows,std_raw_borrow,frame,24,77413,3225.54166667,41287680
45,44,resettable_root_pin_1024_borrow_reads,std_shared_pin_raw_borrow,scope,97,32286,332.845360825,2334208
45,45,group_setup_then_64_copies,own_local,group,1562,110990,71.0563380282,2349248
45,46,async_queue_job_1024_local_copies,own_local,job,100,293380,2933.8,2406400
45,47,localize_read_drop,std_shared,group,100000,1502395,15.02395,2350000
45,48,group_setup_then_1024_copies,own_local,group,97,88645,913.865979381,2334208
45,49,copy_read_drop,std_shared,copy,100000,1684329,16.84329,2350000
45,50,owner_retained_borrow_copy_read,own_local_view,read,100000,30073,0.30073,2350000
45,51,borrow_read,raw_borrow,read,100000,36077,0.36077,2350000
45,52,async_queue_job_1024_local_copies,std_shared,job,100,2413676,24136.76,2406400
45,53,owner_retained_4096_draw_borrows,std_raw_borrow,frame,24,47160,1965,41287680
45,54,weak_lock_expired,own_shared,lock,100000,77115,0.77115,0
45,55,async_queue_job_1024_borrow_reads,own_shared_then_local_view,job,100,125734,1257.34,2406400
46,0,owner_retained_borrow_copy_read,std_raw_borrow,read,100000,30256,0.30256,2350000
46,1,copy_read_drop,own_shared,copy,100000,1117142,11.17142,2350000
46,2,async_queue_job_1_local_copies,std_shared,job,100,60517,605.17,2000
46,3,scene_4096_attachments,own_local,attachment,98304,139757,1.42168172201,98304
46,4,resource_lifecycle_64_assets_4096_objects,own_local,cycle,10,191970,19197,17203200
46,5,owner_retained_4096_draw_borrows,std_raw_borrow,frame,24,47039,1959.95833333,41287680
46,6,copy_read_drop,own_local,copy,100000,109176,1.09176,2350000
46,7,weak_lock_live,std_shared,lock,100000,1849623,18.49623,2350000
46,8,contended_copy_2_workers,own_shared,copy,200000,12301590,61.50795,4700000
46,9,resource_lifecycle_64_assets_4096_objects,std_shared,cycle,10,538270,53827,17203200
46,10,async_queue_job_1024_borrow_reads,std_shared_then_raw_borrow,job,100,127221,1272.21,2406400
46,11,owner_retained_borrow_parameter,own_local_view,call,100000,63603,0.63603,2350000
46,12,async_queue_job_64_local_copies,std_shared,job,100,403811,4038.11,150400
46,13,independent_owner_parameter,own_local,call,100000,118818,1.18818,2350000
46,14,async_queue_job_64_local_copies,own_local,job,100,94356,943.56,150400
46,15,group_setup_then_1024_copies,own_local,group,97,94484,974.06185567,2334208
46,16,group_setup_then_1_copies,own_local,group,100000,1404597,14.04597,2000000
46,17,owner_retained_borrow_copy_read,own_local_view,read,100000,30017,0.30017,2350000
46,18,async_queue_job_64_borrow_reads,own_shared_then_local_view,job,100,74451,744.51,150400
46,19,independent_owner_parameter,std_shared,call,100000,1695122,16.95122,2350000
46,20,async_queue_job_1_borrow_reads,own_shared_then_local_view,job,100,54063,540.63,2000
46,21,create_read_destroy,std_shared,asset,100000,1282751,12.82751,65000400000
46,22,weak_lock_live,own_shared,lock,100000,1531602,15.31602,2350000
46,23,owner_retained_4096_parameter_borrows,own_local_view,frame,24,79838,3326.58333333,41287680
46,24,group_setup_then_8_copies,own_local,group,12500,243863,19.50904,2350000
46,25,async_queue_job_1_local_copies,own_local,job,100,97711,977.11,2000
46,26,owner_retained_4096_draw_borrows,own_local_view,frame,24,51404,2141.83333333,41287680
46,27,weak_lock_expired,std_shared,lock,100000,99498,0.99498,0
46,28,share_read_drop,own_shared,handoff,100000,1208979,12.08979,2350000
46,29,async_queue_job_64_borrow_reads,std_shared_then_raw_borrow,job,100,79106,791.06,150400
46,30,frame_4096_draws_64_unique_leases,std_shared,frame,24,86105,3587.70833333,41287680
46,31,independent_owner_parameter,own_shared,call,100000,1471858,14.71858,2350000
46,32,owner_retained_borrow_parameter,std_raw_borrow,call,100000,72979,0.72979,2350000
46,33,resettable_root_pin_1024_borrow_reads,std_shared_pin_raw_borrow,scope,97,32279,332.773195876,2334208
46,34,resettable_root_pin_1024_borrow_reads,own_shared_pin_local_view,scope,97,31442,324.144329897,2334208
46,35,async_queue_job_1024_local_copies,own_local,job,100,264644,2646.44,2406400
46,36,owner_retained_4096_parameter_borrows,std_raw_borrow,frame,24,76376,3182.33333333,41287680
46,37,weak_lock_expired,own_shared,lock,100000,77235,0.77235,0
46,38,contended_copy_2_workers,std_shared,copy,200000,15301835,76.509175,4700000
46,39,borrow_read,raw_borrow,read,100000,40034,0.40034,2350000
46,40,group_setup_then_64_copies,own_local,group,1562,115139,73.7125480154,2349248
46,41,async_queue_job_1_borrow_reads,std_shared_then_raw_borrow,job,100,77722,777.22,2000
46,42,async_queue_job_1024_borrow_reads,own_shared_then_local_view,job,100,133489,1334.89,2406400
46,43,localize_read_drop,own_local,group,100000,1295687,12.95687,2350000
46,44,group_setup_then_64_copies,std_shared,group,1562,1725313,1104.55377721,2349248
46,45,create_read_destroy,own_shared,asset,100000,1239716,12.39716,65000400000
46,46,group_setup_then_8_copies,std_shared,group,12500,1891464,151.31712,2350000
46,47,share_read_drop,std_shared,handoff,100000,1496521,14.96521,2350000
46,48,scene_4096_attachments,std_shared,attachment,98304,960941,9.77519734701,98304
46,49,localize_read_drop,std_shared,group,100000,1540108,15.40108,2350000
46,50,create_read_destroy,own_local,asset,100000,1552872,15.52872,65000400000
46,51,copy_read_drop,std_shared,copy,100000,1671941,16.71941,2350000
46,52,frame_4096_draws_64_unique_leases,own_shared,frame,24,87488,3645.33333333,41287680
46,53,group_setup_then_1_copies,std_shared,group,100000,3344332,33.44332,2000000
46,54,group_setup_then_1024_copies,std_shared,group,97,1644001,16948.4639175,2334208
46,55,async_queue_job_1024_local_copies,std_shared,job,100,2436258,24362.58,2406400
47,0,async_queue_job_64_local_copies,own_local,job,100,73770,737.7,150400
47,1,frame_4096_draws_64_unique_leases,own_shared,frame,24,86598,3608.25,41287680
47,2,weak_lock_live,std_shared,lock,100000,1780107,17.80107,2350000
47,3,create_read_destroy,std_shared,asset,100000,1336118,13.36118,65000400000
47,4,independent_owner_parameter,std_shared,call,100000,1731421,17.31421,2350000
47,5,owner_retained_4096_draw_borrows,own_local_view,frame,24,47224,1967.66666667,41287680
47,6,async_queue_job_1024_borrow_reads,std_shared_then_raw_borrow,job,100,135329,1353.29,2406400
47,7,async_queue_job_1024_local_copies,std_shared,job,100,2583224,25832.24,2406400
47,8,async_queue_job_1_borrow_reads,std_shared_then_raw_borrow,job,100,68436,684.36,2000
47,9,async_queue_job_64_local_copies,std_shared,job,100,281948,2819.48,150400
47,10,group_setup_then_8_copies,std_shared,group,12500,1963783,157.10264,2350000
47,11,share_read_drop,own_shared,handoff,100000,1166145,11.66145,2350000
47,12,group_setup_then_1024_copies,std_shared,group,97,1722047,17753.0618557,2334208
47,13,async_queue_job_64_borrow_reads,std_shared_then_raw_borrow,job,100,77210,772.1,150400
47,14,share_read_drop,std_shared,handoff,100000,1544306,15.44306,2350000
47,15,owner_retained_borrow_copy_read,own_local_view,read,100000,30016,0.30016,2350000
47,16,resource_lifecycle_64_assets_4096_objects,own_local,cycle,10,226680,22668,17203200
47,17,group_setup_then_64_copies,own_local,group,1562,123977,79.3706786172,2349248
47,18,copy_read_drop,own_local,copy,100000,110181,1.10181,2350000
47,19,localize_read_drop,own_local,group,100000,1509090,15.0909,2350000
47,20,async_queue_job_1024_borrow_reads,own_shared_then_local_view,job,100,106762,1067.62,2406400
47,21,contended_copy_2_workers,std_shared,copy,200000,15139522,75.69761,4700000
47,22,resource_lifecycle_64_assets_4096_objects,std_shared,cycle,10,498318,49831.8,17203200
47,23,copy_read_drop,std_shared,copy,100000,1684681,16.84681,2350000
47,24,independent_owner_parameter,own_local,call,100000,116234,1.16234,2350000
47,25,frame_4096_draws_64_unique_leases,std_shared,frame,24,86035,3584.79166667,41287680
47,26,async_queue_job_1_borrow_reads,own_shared_then_local_view,job,100,72926,729.26,2000
47,27,owner_retained_borrow_copy_read,std_raw_borrow,read,100000,33960,0.3396,2350000
47,28,borrow_read,raw_borrow,read,100000,36047,0.36047,2350000
47,29,group_setup_then_8_copies,own_local,group,12500,223733,17.89864,2350000
47,30,owner_retained_4096_parameter_borrows,own_local_view,frame,24,87320,3638.33333333,41287680
47,31,resettable_root_pin_1024_borrow_reads,own_shared_pin_local_view,scope,97,35122,362.082474227,2334208
47,32,localize_read_drop,std_shared,group,100000,1524646,15.24646,2350000
47,33,scene_4096_attachments,std_shared,attachment,98304,979267,9.96161905924,98304
47,34,weak_lock_live,own_shared,lock,100000,1501340,15.0134,2350000
47,35,group_setup_then_1_copies,std_shared,group,100000,3340600,33.406,2000000
47,36,create_read_destroy,own_local,asset,100000,1479072,14.79072,65000400000
47,37,async_queue_job_1_local_copies,std_shared,job,100,93533,935.33,2000
47,38,group_setup_then_1024_copies,own_local,group,97,90915,937.268041237,2334208
47,39,owner_retained_4096_parameter_borrows,std_raw_borrow,frame,24,92857,3869.04166667,41287680
47,40,async_queue_job_1024_local_copies,own_local,job,100,224478,2244.78,2406400
47,41,copy_read_drop,own_shared,copy,100000,1126690,11.2669,2350000
47,42,group_setup_then_64_copies,std_shared,group,1562,1693418,1084.13444302,2349248
47,43,owner_retained_borrow_parameter,std_raw_borrow,call,100000,59982,0.59982,2350000
47,44,async_queue_job_1_local_copies,own_local,job,100,55016,550.16,2000
47,45,owner_retained_4096_draw_borrows,std_raw_borrow,frame,24,47272,1969.66666667,41287680
47,46,owner_retained_borrow_parameter,own_local_view,call,100000,64994,0.64994,2350000
47,47,async_queue_job_64_borrow_reads,own_shared_then_local_view,job,100,82232,822.32,150400
47,48,group_setup_then_1_copies,own_local,group,100000,1378247,13.78247,2000000
47,49,weak_lock_expired,own_shared,lock,100000,77085,0.77085,0
47,50,create_read_destroy,own_shared,asset,100000,1248945,12.48945,65000400000
47,51,independent_owner_parameter,own_shared,call,100000,1470749,14.70749,2350000
47,52,scene_4096_attachments,own_local,attachment,98304,141145,1.43580118815,98304
47,53,weak_lock_expired,std_shared,lock,100000,85592,0.85592,0
47,54,contended_copy_2_workers,own_shared,copy,200000,12262792,61.31396,4700000
47,55,resettable_root_pin_1024_borrow_reads,std_shared_pin_raw_borrow,scope,97,31969,329.577319588,2334208
48,0,weak_lock_live,std_shared,lock,100000,1719009,17.19009,2350000
48,1,scene_4096_attachments,own_local,attachment,98304,150842,1.53444417318,98304
48,2,owner_retained_borrow_parameter,std_raw_borrow,call,100000,63548,0.63548,2350000
48,3,independent_owner_parameter,std_shared,call,100000,1668373,16.68373,2350000
48,4,async_queue_job_1_local_copies,std_shared,job,100,67360,673.6,2000
48,5,copy_read_drop,own_shared,copy,100000,1136152,11.36152,2350000
48,6,async_queue_job_64_borrow_reads,std_shared_then_raw_borrow,job,100,65501,655.01,150400
48,7,localize_read_drop,own_local,group,100000,1274460,12.7446,2350000
48,8,share_read_drop,own_shared,handoff,100000,1132274,11.32274,2350000
48,9,async_queue_job_1_borrow_reads,std_shared_then_raw_borrow,job,100,73145,731.45,2000
48,10,owner_retained_4096_draw_borrows,std_raw_borrow,frame,24,47729,1988.70833333,41287680
48,11,group_setup_then_8_copies,own_local,group,12500,225100,18.008,2350000
48,12,group_setup_then_64_copies,std_shared,group,1562,1697841,1086.96606914,2349248
48,13,group_setup_then_1024_copies,std_shared,group,97,1650347,17013.8865979,2334208
48,14,share_read_drop,std_shared,handoff,100000,1483735,14.83735,2350000
48,15,frame_4096_draws_64_unique_leases,own_shared,frame,24,86210,3592.08333333,41287680
48,16,async_queue_job_64_borrow_reads,own_shared_then_local_view,job,100,122586,1225.86,150400
48,17,resource_lifecycle_64_assets_4096_objects,own_local,cycle,10,207087,20708.7,17203200
48,18,owner_retained_borrow_copy_read,own_local_view,read,100000,30427,0.30427,2350000
48,19,owner_retained_borrow_parameter,own_local_view,call,100000,60029,0.60029,2350000
48,20,create_read_destroy,std_shared,asset,100000,1236099,12.36099,65000400000
48,21,group_setup_then_64_copies,own_local,group,1562,120326,77.033290653,2349248
48,22,create_read_destroy,own_local,asset,100000,1615863,16.15863,65000400000
48,23,async_queue_job_1024_borrow_reads,own_shared_then_local_view,job,100,100631,1006.31,2406400
48,24,async_queue_job_1_borrow_reads,own_shared_then_local_view,job,100,78822,788.22,2000
48,25,independent_owner_parameter,own_local,call,100000,125524,1.25524,2350000
48,26,contended_copy_2_workers,own_shared,copy,200000,9930580,49.6529,4700000
48,27,contended_copy_2_workers,std_shared,copy,200000,15099589,75.497945,4700000
48,28,weak_lock_live,own_shared,lock,100000,1533099,15.33099,2350000
48,29,copy_read_drop,std_shared,copy,100000,1697297,16.97297,2350000
48,30,async_queue_job_1024_local_copies,std_shared,job,100,2721330,27213.3,2406400
48,31,owner_retained_4096_parameter_borrows,std_raw_borrow,frame,24,76751,3197.95833333,41287680
48,32,independent_owner_parameter,own_shared,call,100000,1483470,14.8347,2350000
48,33,async_queue_job_64_local_copies,std_shared,job,100,302501,3025.01,150400
48,34,resettable_root_pin_1024_borrow_reads,std_shared_pin_raw_borrow,scope,97,31974,329.628865979,2334208
48,35,async_queue_job_64_local_copies,own_local,job,100,68756,687.56,150400
48,36,borrow_read,raw_borrow,read,100000,35590,0.3559,2350000
48,37,async_queue_job_1024_local_copies,own_local,job,100,266921,2669.21,2406400
48,38,group_setup_then_1_copies,own_local,group,100000,1365810,13.6581,2000000
48,39,copy_read_drop,own_local,copy,100000,106480,1.0648,2350000
48,40,group_setup_then_8_copies,std_shared,group,12500,2057638,164.61104,2350000
48,41,owner_retained_4096_parameter_borrows,own_local_view,frame,24,82835,3451.45833333,41287680
48,42,group_setup_then_1_copies,std_shared,group,100000,3479235,34.79235,2000000
48,43,resettable_root_pin_1024_borrow_reads,own_shared_pin_local_view,scope,97,31672,326.515463918,2334208
48,44,localize_read_drop,std_shared,group,100000,1510209,15.10209,2350000
48,45,weak_lock_expired,own_shared,lock,100000,77101,0.77101,0
48,46,owner_retained_borrow_copy_read,std_raw_borrow,read,100000,30012,0.30012,2350000
48,47,scene_4096_attachments,std_shared,attachment,98304,949845,9.66232299805,98304
48,48,owner_retained_4096_draw_borrows,own_local_view,frame,24,46881,1953.375,41287680
48,49,async_queue_job_1024_borrow_reads,std_shared_then_raw_borrow,job,100,118413,1184.13,2406400
48,50,create_read_destroy,own_shared,asset,100000,1264237,12.64237,65000400000
48,51,frame_4096_draws_64_unique_leases,std_shared,frame,24,85290,3553.75,41287680
48,52,weak_lock_expired,std_shared,lock,100000,96508,0.96508,0
48,53,group_setup_then_1024_copies,own_local,group,97,92476,953.360824742,2334208
48,54,resource_lifecycle_64_assets_4096_objects,std_shared,cycle,10,506209,50620.9,17203200
48,55,async_queue_job_1_local_copies,own_local,job,100,74238,742.38,2000
49,0,contended_copy_2_workers,own_shared,copy,200000,12013758,60.06879,4700000
49,1,weak_lock_expired,own_shared,lock,100000,77223,0.77223,0
49,2,copy_read_drop,std_shared,copy,100000,1663904,16.63904,2350000
49,3,weak_lock_live,std_shared,lock,100000,1693123,16.93123,2350000
49,4,owner_retained_borrow_parameter,std_raw_borrow,call,100000,64236,0.64236,2350000
49,5,resettable_root_pin_1024_borrow_reads,own_shared_pin_local_view,scope,97,31251,322.175257732,2334208
49,6,owner_retained_borrow_copy_read,own_local_view,read,100000,30132,0.30132,2350000
49,7,resource_lifecycle_64_assets_4096_objects,std_shared,cycle,10,499274,49927.4,17203200
49,8,group_setup_then_1_copies,std_shared,group,100000,3354740,33.5474,2000000
49,9,async_queue_job_64_borrow_reads,own_shared_then_local_view,job,100,47279,472.79,150400
49,10,share_read_drop,own_shared,handoff,100000,1106751,11.06751,2350000
49,11,independent_owner_parameter,std_shared,call,100000,1659047,16.59047,2350000
49,12,resettable_root_pin_1024_borrow_reads,std_shared_pin_raw_borrow,scope,97,31907,328.93814433,2334208
49,13,group_setup_then_8_copies,own_local,group,12500,277616,22.20928,2350000
49,14,create_read_destroy,own_shared,asset,100000,1211772,12.11772,65000400000
49,15,owner_retained_4096_parameter_borrows,std_raw_borrow,frame,24,76159,3173.29166667,41287680
49,16,resource_lifecycle_64_assets_4096_objects,own_local,cycle,10,188835,18883.5,17203200
49,17,copy_read_drop,own_shared,copy,100000,1104836,11.04836,2350000
49,18,async_queue_job_1_local_copies,std_shared,job,100,94056,940.56,2000
49,19,async_queue_job_64_local_copies,own_local,job,100,90613,906.13,150400
49,20,frame_4096_draws_64_unique_leases,own_shared,frame,24,87383,3640.95833333,41287680
49,21,owner_retained_4096_draw_borrows,own_local_view,frame,24,47131,1963.79166667,41287680
49,22,weak_lock_expired,std_shared,lock,100000,83424,0.83424,0
49,23,localize_read_drop,own_local,group,100000,1275875,12.75875,2350000
49,24,group_setup_then_1_copies,own_local,group,100000,1366386,13.66386,2000000
49,25,copy_read_drop,own_local,copy,100000,112200,1.122,2350000
49,26,group_setup_then_8_copies,std_shared,group,12500,2045304,163.62432,2350000
49,27,async_queue_job_1_borrow_reads,std_shared_then_raw_borrow,job,100,46995,469.95,2000
49,28,async_queue_job_64_borrow_reads,std_shared_then_raw_borrow,job,100,81143,811.43,150400
49,29,group_setup_then_1024_copies,std_shared,group,97,1793673,18491.4742268,2334208
49,30,async_queue_job_64_local_copies,std_shared,job,100,284607,2846.07,150400
49,31,group_setup_then_1024_copies,own_local,group,97,89147,919.041237113,2334208
49,32,async_queue_job_1_local_copies,own_local,job,100,70620,706.2,2000
49,33,group_setup_then_64_copies,std_shared,group,1562,1673702,1071.51216389,2349248
49,34,async_queue_job_1024_local_copies,own_local,job,100,226926,2269.26,2406400
49,35,create_read_destroy,own_local,asset,100000,1584588,15.84588,65000400000
49,36,weak_lock_live,own_shared,lock,100000,1482766,14.82766,2350000
49,37,owner_retained_4096_draw_borrows,std_raw_borrow,frame,24,47165,1965.20833333,41287680
49,38,borrow_read,raw_borrow,read,100000,35781,0.35781,2350000
49,39,independent_owner_parameter,own_local,call,100000,115769,1.15769,2350000
49,40,scene_4096_attachments,std_shared,attachment,98304,944612,9.60909016927,98304
49,41,async_queue_job_1024_borrow_reads,own_shared_then_local_view,job,100,132858,1328.58,2406400
49,42,independent_owner_parameter,own_shared,call,100000,1472516,14.72516,2350000
49,43,group_setup_then_64_copies,own_local,group,1562,114539,73.328425096,2349248
49,44,share_read_drop,std_shared,handoff,100000,1481863,14.81863,2350000
49,45,owner_retained_borrow_parameter,own_local_view,call,100000,59946,0.59946,2350000
49,46,scene_4096_attachments,own_local,attachment,98304,160529,1.63298543294,98304
49,47,contended_copy_2_workers,std_shared,copy,200000,13774346,68.87173,4700000
49,48,async_queue_job_1024_local_copies,std_shared,job,100,2651555,26515.55,2406400
49,49,async_queue_job_1_borrow_reads,own_shared_then_local_view,job,100,71674,716.74,2000
49,50,frame_4096_draws_64_unique_leases,std_shared,frame,24,87661,3652.54166667,41287680
49,51,create_read_destroy,std_shared,asset,100000,1221913,12.21913,65000400000
49,52,owner_retained_4096_parameter_borrows,own_local_view,frame,24,91993,3833.04166667,41287680
49,53,async_queue_job_1024_borrow_reads,std_shared_then_raw_borrow,job,100,194894,1948.94,2406400
49,54,localize_read_drop,std_shared,group,100000,1481138,14.81138,2350000
49,55,owner_retained_borrow_copy_read,std_raw_borrow,read,100000,30389,0.30389,2350000
50,0,frame_4096_draws_64_unique_leases,std_shared,frame,24,86324,3596.83333333,41287680
50,1,resettable_root_pin_1024_borrow_reads,own_shared_pin_local_view,scope,97,31304,322.721649485,2334208
50,2,share_read_drop,std_shared,handoff,100000,1586013,15.86013,2350000
50,3,resource_lifecycle_64_assets_4096_objects,own_local,cycle,10,195103,19510.3,17203200
50,4,owner_retained_borrow_parameter,own_local_view,call,100000,64239,0.64239,2350000
50,5,async_queue_job_1_local_copies,own_local,job,100,76346,763.46,2000
50,6,async_queue_job_64_local_copies,own_local,job,100,47108,471.08,150400
50,7,async_queue_job_64_local_copies,std_shared,job,100,218062,2180.62,150400
50,8,async_queue_job_1024_local_copies,std_shared,job,100,2429383,24293.83,2406400
50,9,weak_lock_expired,std_shared,lock,100000,85787,0.85787,0
50,10,copy_read_drop,own_local,copy,100000,119460,1.1946,2350000
50,11,async_queue_job_64_borrow_reads,own_shared_then_local_view,job,100,54978,549.78,150400
50,12,group_setup_then_8_copies,own_local,group,12500,278695,22.2956,2350000
50,13,weak_lock_live,std_shared,lock,100000,1809303,18.09303,2350000
50,14,async_queue_job_1_local_copies,std_shared,job,100,102564,1025.64,2000
50,15,owner_retained_4096_parameter_borrows,own_local_view,frame,24,82536,3439,41287680
50,16,create_read_destroy,own_shared,asset,100000,1373562,13.73562,65000400000
50,17,contended_copy_2_workers,std_shared,copy,200000,14204142,71.02071,4700000
50,18,group_setup_then_1_copies,std_shared,group,100000,3413955,34.13955,2000000
50,19,independent_owner_parameter,own_shared,call,100000,1403547,14.03547,2350000
50,20,resettable_root_pin_1024_borrow_reads,std_shared_pin_raw_borrow,scope,97,59612,614.556701031,2334208
50,21,async_queue_job_1024_borrow_reads,own_shared_then_local_view,job,100,119017,1190.17,2406400
50,22,group_setup_then_8_copies,std_shared,group,12500,1819161,145.53288,2350000
50,23,weak_lock_expired,own_shared,lock,100000,138455,1.38455,0
50,24,share_read_drop,own_shared,handoff,100000,1369073,13.69073,2350000
50,25,owner_retained_4096_parameter_borrows,std_raw_borrow,frame,24,138287,5761.95833333,41287680
50,26,scene_4096_attachments,std_shared,attachment,98304,1074541,10.9307963053,98304
50,27,resource_lifecycle_64_assets_4096_objects,std_shared,cycle,10,550901,55090.1,17203200
50,28,borrow_read,raw_borrow,read,100000,36440,0.3644,2350000
50,29,contended_copy_2_workers,own_shared,copy,200000,10854390,54.27195,4700000
50,30,group_setup_then_1024_copies,std_shared,group,97,1668562,17201.6701031,2334208
50,31,independent_owner_parameter,std_shared,call,100000,1651259,16.51259,2350000
50,32,owner_retained_borrow_parameter,std_raw_borrow,call,100000,62630,0.6263,2350000
50,33,localize_read_drop,own_local,group,100000,1268825,12.68825,2350000
50,34,frame_4096_draws_64_unique_leases,own_shared,frame,24,88452,3685.5,41287680
50,35,copy_read_drop,own_shared,copy,100000,1158353,11.58353,2350000
50,36,owner_retained_4096_draw_borrows,own_local_view,frame,24,52361,2181.70833333,41287680
50,37,async_queue_job_1_borrow_reads,own_shared_then_local_view,job,100,61610,616.1,2000
50,38,owner_retained_4096_draw_borrows,std_raw_borrow,frame,24,48098,2004.08333333,41287680
50,39,create_read_destroy,own_local,asset,100000,1509400,15.094,65000400000
50,40,group_setup_then_1_copies,own_local,group,100000,1398811,13.98811,2000000
50,41,group_setup_then_64_copies,own_local,group,1562,134153,85.8854033291,2349248
50,42,owner_retained_borrow_copy_read,std_raw_borrow,read,100000,30530,0.3053,2350000
50,43,create_read_destroy,std_shared,asset,100000,1224695,12.24695,65000400000
50,44,localize_read_drop,std_shared,group,100000,1473260,14.7326,2350000
50,45,group_setup_then_64_copies,std_shared,group,1562,1694152,1084.60435339,2349248
50,46,weak_lock_live,own_shared,lock,100000,1491535,14.91535,2350000
50,47,scene_4096_attachments,own_local,attachment,98304,139385,1.41789754232,98304
50,48,copy_read_drop,std_shared,copy,100000,1665952,16.65952,2350000
50,49,async_queue_job_1024_local_copies,own_local,job,100,371959,3719.59,2406400
50,50,async_queue_job_64_borrow_reads,std_shared_then_raw_borrow,job,100,62137,621.37,150400
50,51,async_queue_job_1024_borrow_reads,std_shared_then_raw_borrow,job,100,116851,1168.51,2406400
50,52,owner_retained_borrow_copy_read,own_local_view,read,100000,34797,0.34797,2350000
50,53,group_setup_then_1024_copies,own_local,group,97,88691,914.340206186,2334208
50,54,independent_owner_parameter,own_local,call,100000,118239,1.18239,2350000
50,55,async_queue_job_1_borrow_reads,std_shared_then_raw_borrow,job,100,58628,586.28,2000
51,0,group_setup_then_64_copies,own_local,group,1562,119269,76.3565941101,2349248
51,1,resource_lifecycle_64_assets_4096_objects,own_local,cycle,10,192942,19294.2,17203200
51,2,contended_copy_2_workers,std_shared,copy,200000,15458811,77.294055,4700000
51,3,group_setup_then_1_copies,own_local,group,100000,1385775,13.85775,2000000
51,4,owner_retained_borrow_copy_read,own_local_view,read,100000,30271,0.30271,2350000
51,5,create_read_destroy,own_local,asset,100000,1564422,15.64422,65000400000
51,6,contended_copy_2_workers,own_shared,copy,200000,8940523,44.702615,4700000
51,7,share_read_drop,own_shared,handoff,100000,1123200,11.232,2350000
51,8,owner_retained_borrow_copy_read,std_raw_borrow,read,100000,35166,0.35166,2350000
51,9,group_setup_then_1_copies,std_shared,group,100000,3339641,33.39641,2000000
51,10,owner_retained_4096_draw_borrows,std_raw_borrow,frame,24,48304,2012.66666667,41287680
51,11,owner_retained_borrow_parameter,std_raw_borrow,call,100000,64450,0.6445,2350000
51,12,owner_retained_4096_parameter_borrows,std_raw_borrow,frame,24,76114,3171.41666667,41287680
51,13,async_queue_job_64_local_copies,own_local,job,100,110827,1108.27,150400
51,14,group_setup_then_8_copies,std_shared,group,12500,1862593,149.00744,2350000
51,15,independent_owner_parameter,own_shared,call,100000,1445466,14.45466,2350000
51,16,share_read_drop,std_shared,handoff,100000,1832714,18.32714,2350000
51,17,borrow_read,raw_borrow,read,100000,68453,0.68453,2350000
51,18,async_queue_job_64_borrow_reads,std_shared_then_raw_borrow,job,100,58909,589.09,150400
51,19,copy_read_drop,own_local,copy,100000,183716,1.83716,2350000
51,20,weak_lock_expired,std_shared,lock,100000,145237,1.45237,0
51,21,owner_retained_4096_parameter_borrows,own_local_view,frame,24,115810,4825.41666667,41287680
51,22,weak_lock_live,own_shared,lock,100000,1775086,17.75086,2350000
51,23,scene_4096_attachments,std_shared,attachment,98304,1156805,11.7676289876,98304
51,24,owner_retained_4096_draw_borrows,own_local_view,frame,24,95110,3962.91666667,41287680
51,25,localize_read_drop,std_shared,group,100000,1816941,18.16941,2350000
51,26,group_setup_then_1024_copies,own_local,group,97,187538,1933.3814433,2334208
51,27,independent_owner_parameter,own_local,call,100000,252234,2.52234,2350000
51,28,localize_read_drop,own_local,group,100000,1620287,16.20287,2350000
51,29,async_queue_job_1_local_copies,own_local,job,100,89947,899.47,2000
51,30,async_queue_job_1_borrow_reads,std_shared_then_raw_borrow,job,100,65990,659.9,2000
51,31,resource_lifecycle_64_assets_4096_objects,std_shared,cycle,10,688028,68802.8,17203200
51,32,async_queue_job_1_borrow_reads,own_shared_then_local_view,job,100,41746,417.46,2000
51,33,async_queue_job_1_local_copies,std_shared,job,100,75936,759.36,2000
51,34,resettable_root_pin_1024_borrow_reads,own_shared_pin_local_view,scope,97,53941,556.092783505,2334208
51,35,weak_lock_live,std_shared,lock,100000,2093846,20.93846,2350000
51,36,create_read_destroy,std_shared,asset,100000,1945731,19.45731,65000400000
51,37,scene_4096_attachments,own_local,attachment,98304,227927,2.3185933431,98304
51,38,group_setup_then_64_copies,std_shared,group,1562,1624192,1039.815621,2349248
51,39,group_setup_then_8_copies,own_local,group,12500,361106,28.88848,2350000
51,40,independent_owner_parameter,std_shared,call,100000,1637158,16.37158,2350000
51,41,copy_read_drop,own_shared,copy,100000,1407935,14.07935,2350000
51,42,async_queue_job_64_local_copies,std_shared,job,100,296809,2968.09,150400
51,43,async_queue_job_64_borrow_reads,own_shared_then_local_view,job,100,91229,912.29,150400
51,44,group_setup_then_1024_copies,std_shared,group,97,1648896,16998.9278351,2334208
51,45,async_queue_job_1024_local_copies,std_shared,job,100,2523843,25238.43,2406400
51,46,owner_retained_borrow_parameter,own_local_view,call,100000,111248,1.11248,2350000
51,47,resettable_root_pin_1024_borrow_reads,std_shared_pin_raw_borrow,scope,97,85391,880.319587629,2334208
51,48,frame_4096_draws_64_unique_leases,std_shared,frame,24,145937,6080.70833333,41287680
51,49,create_read_destroy,own_shared,asset,100000,2003847,20.03847,65000400000
51,50,async_queue_job_1024_borrow_reads,std_shared_then_raw_borrow,job,100,164676,1646.76,2406400
51,51,async_queue_job_1024_borrow_reads,own_shared_then_local_view,job,100,133759,1337.59,2406400
51,52,frame_4096_draws_64_unique_leases,own_shared,frame,24,139165,5798.54166667,41287680
51,53,copy_read_drop,std_shared,copy,100000,1669497,16.69497,2350000
51,54,weak_lock_expired,own_shared,lock,100000,143880,1.4388,0
51,55,async_queue_job_1024_local_copies,own_local,job,100,252462,2524.62,2406400
52,0,independent_owner_parameter,std_shared,call,100000,1636941,16.36941,2350000
52,1,owner_retained_borrow_copy_read,own_local_view,read,100000,51123,0.51123,2350000
52,2,create_read_destroy,std_shared,asset,100000,1978630,19.7863,65000400000
52,3,owner_retained_borrow_parameter,std_raw_borrow,call,100000,104213,1.04213,2350000
52,4,resettable_root_pin_1024_borrow_reads,own_shared_pin_local_view,scope,97,51329,529.164948454,2334208
52,5,group_setup_then_1024_copies,std_shared,group,97,1598533,16479.7216495,2334208
52,6,group_setup_then_64_copies,std_shared,group,1562,1704787,1091.41293214,2349248
52,7,async_queue_job_1_borrow_reads,std_shared_then_raw_borrow,job,100,70173,701.73,2000
52,8,resource_lifecycle_64_assets_4096_objects,own_local,cycle,10,207457,20745.7,17203200
52,9,async_queue_job_1024_local_copies,std_shared,job,100,2474908,24749.08,2406400
52,10,contended_copy_2_workers,own_shared,copy,200000,7165067,35.825335,4700000
52,11,independent_owner_parameter,own_shared,call,100000,1493944,14.93944,2350000
52,12,copy_read_drop,own_shared,copy,100000,1109955,11.09955,2350000
52,13,scene_4096_attachments,std_shared,attachment,98304,976890,9.93743896484,98304
52,14,group_setup_then_1024_copies,own_local,group,97,91186,940.06185567,2334208
52,15,group_setup_then_64_copies,own_local,group,1562,111783,71.5640204866,2349248
52,16,share_read_drop,own_shared,handoff,100000,1115799,11.15799,2350000
52,17,async_queue_job_1_borrow_reads,own_shared_then_local_view,job,100,89840,898.4,2000
52,18,async_queue_job_64_borrow_reads,own_shared_then_local_view,job,100,107285,1072.85,150400
52,19,create_read_destroy,own_local,asset,100000,1499048,14.99048,65000400000
52,20,localize_read_drop,own_local,group,100000,1300208,13.00208,2350000
52,21,owner_retained_borrow_parameter,own_local_view,call,100000,61758,0.61758,2350000
52,22,share_read_drop,std_shared,handoff,100000,1485974,14.85974,2350000
52,23,owner_retained_4096_draw_borrows,own_local_view,frame,24,47945,1997.70833333,41287680
52,24,owner_retained_borrow_copy_read,std_raw_borrow,read,100000,30085,0.30085,2350000
52,25,localize_read_drop,std_shared,group,100000,1473123,14.73123,2350000
52,26,async_queue_job_1024_local_copies,own_local,job,100,614198,6141.98,2406400
52,27,scene_4096_attachments,own_local,attachment,98304,141105,1.43539428711,98304
52,28,resource_lifecycle_64_assets_4096_objects,std_shared,cycle,10,502799,50279.9,17203200
52,29,frame_4096_draws_64_unique_leases,own_shared,frame,24,119864,4994.33333333,41287680
52,30,contended_copy_2_workers,std_shared,copy,200000,7220141,36.100705,4700000
52,31,async_queue_job_1024_borrow_reads,own_shared_then_local_view,job,100,120840,1208.4,2406400
52,32,group_setup_then_1_copies,std_shared,group,100000,3337759,33.37759,2000000
52,33,weak_lock_expired,own_shared,lock,100000,77129,0.77129,0
52,34,async_queue_job_64_local_copies,own_local,job,100,134686,1346.86,150400
52,35,borrow_read,raw_borrow,read,100000,58526,0.58526,2350000
52,36,frame_4096_draws_64_unique_leases,std_shared,frame,24,85468,3561.16666667,41287680
52,37,weak_lock_live,std_shared,lock,100000,1741113,17.41113,2350000
52,38,owner_retained_4096_parameter_borrows,own_local_view,frame,24,76283,3178.45833333,41287680
52,39,async_queue_job_1024_borrow_reads,std_shared_then_raw_borrow,job,100,145321,1453.21,2406400
52,40,group_setup_then_8_copies,std_shared,group,12500,1862150,148.972,2350000
52,41,async_queue_job_64_borrow_reads,std_shared_then_raw_borrow,job,100,120277,1202.77,150400
52,42,weak_lock_live,own_shared,lock,100000,1499710,14.9971,2350000
52,43,copy_read_drop,std_shared,copy,100000,1688185,16.88185,2350000
52,44,copy_read_drop,own_local,copy,100000,102409,1.02409,2350000
52,45,owner_retained_4096_draw_borrows,std_raw_borrow,frame,24,53738,2239.08333333,41287680
52,46,owner_retained_4096_parameter_borrows,std_raw_borrow,frame,24,82469,3436.20833333,41287680
52,47,group_setup_then_8_copies,own_local,group,12500,290252,23.22016,2350000
52,48,weak_lock_expired,std_shared,lock,100000,90467,0.90467,0
52,49,create_read_destroy,own_shared,asset,100000,1373851,13.73851,65000400000
52,50,async_queue_job_1_local_copies,own_local,job,100,79164,791.64,2000
52,51,async_queue_job_1_local_copies,std_shared,job,100,84919,849.19,2000
52,52,group_setup_then_1_copies,own_local,group,100000,1519216,15.19216,2000000
52,53,independent_owner_parameter,own_local,call,100000,140147,1.40147,2350000
52,54,async_queue_job_64_local_copies,std_shared,job,100,280251,2802.51,150400
52,55,resettable_root_pin_1024_borrow_reads,std_shared_pin_raw_borrow,scope,97,34520,355.87628866,2334208
53,0,resource_lifecycle_64_assets_4096_objects,own_local,cycle,10,215109,21510.9,17203200
53,1,copy_read_drop,std_shared,copy,100000,1714217,17.14217,2350000
53,2,frame_4096_draws_64_unique_leases,own_shared,frame,24,86935,3622.29166667,41287680
53,3,async_queue_job_1024_local_copies,own_local,job,100,208384,2083.84,2406400
53,4,borrow_read,raw_borrow,read,100000,34993,0.34993,2350000
53,5,weak_lock_expired,std_shared,lock,100000,106285,1.06285,0
53,6,async_queue_job_1024_local_copies,std_shared,job,100,2417900,24179,2406400
53,7,owner_retained_borrow_parameter,std_raw_borrow,call,100000,60008,0.60008,2350000
53,8,localize_read_drop,own_local,group,100000,1294110,12.9411,2350000
53,9,share_read_drop,own_shared,handoff,100000,3239998,32.39998,2350000
53,10,create_read_destroy,own_local,asset,100000,2383555,23.83555,65000400000
53,11,contended_copy_2_workers,std_shared,copy,200000,14644806,73.22403,4700000
53,12,weak_lock_expired,own_shared,lock,100000,170285,1.70285,0
53,13,group_setup_then_8_copies,std_shared,group,12500,1884263,150.74104,2350000
53,14,weak_lock_live,own_shared,lock,100000,1746844,17.46844,2350000
53,15,group_setup_then_8_copies,own_local,group,12500,430730,34.4584,2350000
53,16,owner_retained_4096_draw_borrows,std_raw_borrow,frame,24,101330,4222.08333333,41287680
53,17,async_queue_job_64_local_copies,std_shared,job,100,239858,2398.58,150400
53,18,contended_copy_2_workers,own_shared,copy,200000,12455626,62.27813,4700000
53,19,owner_retained_borrow_copy_read,std_raw_borrow,read,100000,80052,0.80052,2350000
53,20,async_queue_job_1024_borrow_reads,own_shared_then_local_view,job,100,124421,1244.21,2406400
53,21,independent_owner_parameter,own_shared,call,100000,1493516,14.93516,2350000
53,22,share_read_drop,std_shared,handoff,100000,1840189,18.40189,2350000
53,23,async_queue_job_64_local_copies,own_local,job,100,92905,929.05,150400
53,24,copy_read_drop,own_shared,copy,100000,1358939,13.58939,2350000
53,25,independent_owner_parameter,own_local,call,100000,238942,2.38942,2350000
53,26,async_queue_job_1_local_copies,own_local,job,100,74800,748,2000
53,27,resettable_root_pin_1024_borrow_reads,own_shared_pin_local_view,scope,97,62388,643.175257732,2334208
53,28,group_setup_then_1024_copies,own_local,group,97,140750,1451.03092784,2334208
53,29,owner_retained_4096_draw_borrows,own_local_view,frame,24,98394,4099.75,41287680
53,30,async_queue_job_1_borrow_reads,own_shared_then_local_view,job,100,52093,520.93,2000
53,31,owner_retained_4096_parameter_borrows,own_local_view,frame,24,146055,6085.625,41287680
53,32,create_read_destroy,own_shared,asset,100000,2066630,20.6663,65000400000
53,33,weak_lock_live,std_shared,lock,100000,2068015,20.68015,2350000
53,34,create_read_destroy,std_shared,asset,100000,1922328,19.22328,65000400000
53,35,group_setup_then_64_copies,std_shared,group,1562,1696700,1086.23559539,2349248
53,36,independent_owner_parameter,std_shared,call,100000,1756663,17.56663,2350000
53,37,resource_lifecycle_64_assets_4096_objects,std_shared,cycle,10,760941,76094.1,17203200
53,38,owner_retained_4096_parameter_borrows,std_raw_borrow,frame,24,78874,3286.41666667,41287680
53,39,group_setup_then_64_copies,own_local,group,1562,123051,78.7778489117,2349248
53,40,group_setup_then_1_copies,std_shared,group,100000,3432916,34.32916,2000000
53,41,owner_retained_borrow_parameter,own_local_view,call,100000,61852,0.61852,2350000
53,42,copy_read_drop,own_local,copy,100000,101933,1.01933,2350000
53,43,async_queue_job_1_borrow_reads,std_shared_then_raw_borrow,job,100,72840,728.4,2000
53,44,resettable_root_pin_1024_borrow_reads,std_shared_pin_raw_borrow,scope,97,34496,355.628865979,2334208
53,45,scene_4096_attachments,std_shared,attachment,98304,1020602,10.3821004232,98304
53,46,async_queue_job_1024_borrow_reads,std_shared_then_raw_borrow,job,100,153678,1536.78,2406400
53,47,scene_4096_attachments,own_local,attachment,98304,153494,1.56142171224,98304
53,48,async_queue_job_64_borrow_reads,std_shared_then_raw_borrow,job,100,68009,680.09,150400
53,49,frame_4096_draws_64_unique_leases,std_shared,frame,24,93312,3888,41287680
53,50,localize_read_drop,std_shared,group,100000,1624888,16.24888,2350000
53,51,group_setup_then_1_copies,own_local,group,100000,1424048,14.24048,2000000
53,52,async_queue_job_1_local_copies,std_shared,job,100,88353,883.53,2000
53,53,async_queue_job_64_borrow_reads,own_shared_then_local_view,job,100,82503,825.03,150400
53,54,owner_retained_borrow_copy_read,own_local_view,read,100000,30740,0.3074,2350000
53,55,group_setup_then_1024_copies,std_shared,group,97,3100153,31960.3402062,2334208
54,0,async_queue_job_1_borrow_reads,own_shared_then_local_view,job,100,82672,826.72,2000
54,1,async_queue_job_1_local_copies,std_shared,job,100,70546,705.46,2000
54,2,weak_lock_live,own_shared,lock,100000,1494488,14.94488,2350000
54,3,localize_read_drop,own_local,group,100000,3501331,35.01331,2350000
54,4,contended_copy_2_workers,std_shared,copy,200000,14496390,72.48195,4700000
54,5,group_setup_then_1_copies,own_local,group,100000,1707829,17.07829,2000000
54,6,copy_read_drop,own_local,copy,100000,101795,1.01795,2350000
54,7,borrow_read,raw_borrow,read,100000,38208,0.38208,2350000
54,8,frame_4096_draws_64_unique_leases,own_shared,frame,24,175387,7307.79166667,41287680
54,9,group_setup_then_1024_copies,std_shared,group,97,5467347,56364.4020619,2334208
54,10,localize_read_drop,std_shared,group,100000,5179298,51.79298,2350000
54,11,async_queue_job_1024_local_copies,own_local,job,100,247131,2471.31,2406400
54,12,copy_read_drop,own_shared,copy,100000,3384812,33.84812,2350000
54,13,weak_lock_live,std_shared,lock,100000,1942752,19.42752,2350000
54,14,independent_owner_parameter,own_shared,call,100000,3935931,39.35931,2350000
54,15,async_queue_job_64_borrow_reads,own_shared_then_local_view,job,100,137022,1370.22,150400
54,16,group_setup_then_8_copies,std_shared,group,12500,5759229,460.73832,2350000
54,17,async_queue_job_64_borrow_reads,std_shared_then_raw_borrow,job,100,72439,724.39,150400
54,18,owner_retained_4096_parameter_borrows,own_local_view,frame,24,77077,3211.54166667,41287680
54,19,resettable_root_pin_1024_borrow_reads,own_shared_pin_local_view,scope,97,47104,485.608247423,2334208
54,20,contended_copy_2_workers,own_shared,copy,200000,11380226,56.90113,4700000
54,21,group_setup_then_64_copies,own_local,group,1562,113316,72.5454545455,2349248
54,22,create_read_destroy,std_shared,asset,100000,1286525,12.86525,65000400000
54,23,resettable_root_pin_1024_borrow_reads,std_shared_pin_raw_borrow,scope,97,31771,327.536082474,2334208
54,24,create_read_destroy,own_shared,asset,100000,1300469,13.00469,65000400000
54,25,copy_read_drop,std_shared,copy,100000,1697467,16.97467,2350000
54,26,resource_lifecycle_64_assets_4096_objects,own_local,cycle,10,215615,21561.5,17203200
54,27,independent_owner_parameter,own_local,call,100000,115434,1.15434,2350000
54,28,async_queue_job_1024_borrow_reads,std_shared_then_raw_borrow,job,100,119934,1199.34,2406400
54,29,weak_lock_expired,own_shared,lock,100000,77496,0.77496,0
54,30,owner_retained_4096_draw_borrows,own_local_view,frame,24,49163,2048.45833333,41287680
54,31,weak_lock_expired,std_shared,lock,100000,85832,0.85832,0
54,32,resource_lifecycle_64_assets_4096_objects,std_shared,cycle,10,525042,52504.2,17203200
54,33,async_queue_job_64_local_copies,std_shared,job,100,320133,3201.33,150400
54,34,owner_retained_borrow_parameter,std_raw_borrow,call,100000,61781,0.61781,2350000
54,35,async_queue_job_1024_local_copies,std_shared,job,100,2575179,25751.79,2406400
54,36,group_setup_then_8_copies,own_local,group,12500,222380,17.7904,2350000
54,37,async_queue_job_1_borrow_reads,std_shared_then_raw_borrow,job,100,53456,534.56,2000
54,38,share_read_drop,own_shared,handoff,100000,1119222,11.19222,2350000
54,39,group_setup_then_1024_copies,own_local,group,97,90996,938.103092784,2334208
54,40,independent_owner_parameter,std_shared,call,100000,1677220,16.7722,2350000
54,41,frame_4096_draws_64_unique_leases,std_shared,frame,24,89128,3713.66666667,41287680
54,42,share_read_drop,std_shared,handoff,100000,1500294,15.00294,2350000
54,43,scene_4096_attachments,std_shared,attachment,98304,948474,9.64837646484,98304
54,44,async_queue_job_1_local_copies,own_local,job,100,61866,618.66,2000
54,45,async_queue_job_64_local_copies,own_local,job,100,80369,803.69,150400
54,46,owner_retained_4096_parameter_borrows,std_raw_borrow,frame,24,78748,3281.16666667,41287680
54,47,owner_retained_4096_draw_borrows,std_raw_borrow,frame,24,58583,2440.95833333,41287680
54,48,owner_retained_borrow_copy_read,own_local_view,read,100000,30159,0.30159,2350000
54,49,async_queue_job_1024_borrow_reads,own_shared_then_local_view,job,100,166645,1666.45,2406400
54,50,owner_retained_borrow_parameter,own_local_view,call,100000,61699,0.61699,2350000
54,51,group_setup_then_1_copies,std_shared,group,100000,3326477,33.26477,2000000
54,52,owner_retained_borrow_copy_read,std_raw_borrow,read,100000,30057,0.30057,2350000
54,53,group_setup_then_64_copies,std_shared,group,1562,1707277,1093.00704225,2349248
54,54,create_read_destroy,own_local,asset,100000,1516844,15.16844,65000400000
54,55,scene_4096_attachments,own_local,attachment,98304,159564,1.62316894531,98304
55,0,owner_retained_4096_draw_borrows,own_local_view,frame,24,48450,2018.75,41287680
55,1,resource_lifecycle_64_assets_4096_objects,own_local,cycle,10,231579,23157.9,17203200
55,2,async_queue_job_64_borrow_reads,std_shared_then_raw_borrow,job,100,98720,987.2,150400
55,3,weak_lock_expired,own_shared,lock,100000,77100,0.771,0
55,4,create_read_destroy,own_shared,asset,100000,1318324,13.18324,65000400000
55,5,async_queue_job_1024_local_copies,own_local,job,100,315524,3155.24,2406400
55,6,contended_copy_2_workers,std_shared,copy,200000,14697209,73.486045,4700000
55,7,share_read_drop,own_shared,handoff,100000,1154551,11.54551,2350000
55,8,copy_read_drop,std_shared,copy,100000,1691717,16.91717,2350000
55,9,group_setup_then_1_copies,own_local,group,100000,1397399,13.97399,2000000
55,10,scene_4096_attachments,own_local,attachment,98304,141654,1.44097900391,98304
55,11,async_queue_job_1_local_copies,own_local,job,100,98515,985.15,2000
55,12,borrow_read,raw_borrow,read,100000,36218,0.36218,2350000
55,13,owner_retained_borrow_parameter,std_raw_borrow,call,100000,64288,0.64288,2350000
55,14,resource_lifecycle_64_assets_4096_objects,std_shared,cycle,10,557452,55745.2,17203200
55,15,async_queue_job_1_borrow_reads,std_shared_then_raw_borrow,job,100,46913,469.13,2000
55,16,async_queue_job_1024_local_copies,std_shared,job,100,2434226,24342.26,2406400
55,17,weak_lock_live,std_shared,lock,100000,1711154,17.11154,2350000
55,18,owner_retained_4096_draw_borrows,std_raw_borrow,frame,24,48752,2031.33333333,41287680
55,19,independent_owner_parameter,std_shared,call,100000,1654610,16.5461,2350000
55,20,async_queue_job_1024_borrow_reads,std_shared_then_raw_borrow,job,100,135128,1351.28,2406400
55,21,group_setup_then_64_copies,std_shared,group,1562,1695096,1085.20870679,2349248
55,22,owner_retained_4096_parameter_borrows,std_raw_borrow,frame,24,76239,3176.625,41287680
55,23,resettable_root_pin_1024_borrow_reads,std_shared_pin_raw_borrow,scope,97,31569,325.453608247,2334208
55,24,share_read_drop,std_shared,handoff,100000,1481502,14.81502,2350000
55,25,group_setup_then_1024_copies,std_shared,group,97,1675305,17271.185567,2334208
55,26,contended_copy_2_workers,own_shared,copy,200000,8178222,40.89111,4700000
55,27,frame_4096_draws_64_unique_leases,own_shared,frame,24,90832,3784.66666667,41287680
55,28,owner_retained_borrow_copy_read,own_local_view,read,100000,30733,0.30733,2350000
55,29,owner_retained_4096_parameter_borrows,own_local_view,frame,24,78232,3259.66666667,41287680
55,30,group_setup_then_1_copies,std_shared,group,100000,3309545,33.09545,2000000
55,31,resettable_root_pin_1024_borrow_reads,own_shared_pin_local_view,scope,97,31242,322.082474227,2334208
55,32,create_read_destroy,own_local,asset,100000,1466283,14.66283,65000400000
55,33,group_setup_then_8_copies,own_local,group,12500,271959,21.75672,2350000
55,34,independent_owner_parameter,own_local,call,100000,116003,1.16003,2350000
55,35,group_setup_then_64_copies,own_local,group,1562,112910,72.28553137,2349248
55,36,localize_read_drop,own_local,group,100000,1281513,12.81513,2350000
55,37,async_queue_job_1024_borrow_reads,own_shared_then_local_view,job,100,134697,1346.97,2406400
55,38,scene_4096_attachments,std_shared,attachment,98304,953795,9.70250447591,98304
55,39,group_setup_then_1024_copies,own_local,group,97,92404,952.618556701,2334208
55,40,copy_read_drop,own_local,copy,100000,101352,1.01352,2350000
55,41,create_read_destroy,std_shared,asset,100000,1342165,13.42165,65000400000
55,42,weak_lock_expired,std_shared,lock,100000,96538,0.96538,0
55,43,async_queue_job_64_borrow_reads,own_shared_then_local_view,job,100,57091,570.91,150400
55,44,weak_lock_live,own_shared,lock,100000,1654019,16.54019,2350000
55,45,owner_retained_borrow_parameter,own_local_view,call,100000,66949,0.66949,2350000
55,46,owner_retained_borrow_copy_read,std_raw_borrow,read,100000,36458,0.36458,2350000
55,47,copy_read_drop,own_shared,copy,100000,1180707,11.80707,2350000
55,48,async_queue_job_64_local_copies,std_shared,job,100,308103,3081.03,150400
55,49,async_queue_job_1_local_copies,std_shared,job,100,55607,556.07,2000
55,50,independent_owner_parameter,own_shared,call,100000,1450107,14.50107,2350000
55,51,async_queue_job_64_local_copies,own_local,job,100,81646,816.46,150400
55,52,frame_4096_draws_64_unique_leases,std_shared,frame,24,85564,3565.16666667,41287680
55,53,async_queue_job_1_borrow_reads,own_shared_then_local_view,job,100,58576,585.76,2000
55,54,group_setup_then_8_copies,std_shared,group,12500,1873907,149.91256,2350000
55,55,localize_read_drop,std_shared,group,100000,1495343,14.95343,2350000
56,0,weak_lock_expired,std_shared,lock,100000,85625,0.85625,0
56,1,resource_lifecycle_64_assets_4096_objects,std_shared,cycle,10,512660,51266,17203200
56,2,async_queue_job_64_borrow_reads,own_shared_then_local_view,job,100,52820,528.2,150400
56,3,owner_retained_4096_draw_borrows,std_raw_borrow,frame,24,49222,2050.91666667,41287680
56,4,group_setup_then_1024_copies,own_local,group,97,102536,1057.07216495,2334208
56,5,contended_copy_2_workers,std_shared,copy,200000,11834340,59.1717,4700000
56,6,resource_lifecycle_64_assets_4096_objects,own_local,cycle,10,256358,25635.8,17203200
56,7,owner_retained_borrow_parameter,std_raw_borrow,call,100000,86642,0.86642,2350000
56,8,frame_4096_draws_64_unique_leases,std_shared,frame,24,126824,5284.33333333,41287680
56,9,owner_retained_4096_parameter_borrows,own_local_view,frame,24,111250,4635.41666667,41287680
56,10,resettable_root_pin_1024_borrow_reads,own_shared_pin_local_view,scope,97,40250,414.948453608,2334208
56,11,group_setup_then_64_copies,std_shared,group,1562,1707149,1092.92509603,2349248
56,12,frame_4096_draws_64_unique_leases,own_shared,frame,24,88901,3704.20833333,41287680
56,13,resettable_root_pin_1024_borrow_reads,std_shared_pin_raw_borrow,scope,97,31678,326.577319588,2334208
56,14,create_read_destroy,std_shared,asset,100000,1291807,12.91807,65000400000
56,15,async_queue_job_1024_local_copies,own_local,job,100,255668,2556.68,2406400
56,16,contended_copy_2_workers,own_shared,copy,200000,11158364,55.79182,4700000
56,17,independent_owner_parameter,own_local,call,100000,115648,1.15648,2350000
56,18,group_setup_then_1_copies,std_shared,group,100000,3339792,33.39792,2000000
56,19,group_setup_then_64_copies,own_local,group,1562,111526,71.3994878361,2349248
56,20,async_queue_job_1024_local_copies,std_shared,job,100,2429083,24290.83,2406400
56,21,async_queue_job_64_local_copies,own_local,job,100,87437,874.37,150400
56,22,share_read_drop,own_shared,handoff,100000,1158379,11.58379,2350000
56,23,group_setup_then_8_copies,own_local,group,12500,247187,19.77496,2350000
56,24,async_queue_job_64_borrow_reads,std_shared_then_raw_borrow,job,100,52535,525.35,150400
56,25,async_queue_job_1_borrow_reads,own_shared_then_local_view,job,100,46976,469.76,2000
56,26,async_queue_job_1_local_copies,own_local,job,100,62871,628.71,2000
56,27,group_setup_then_1024_copies,std_shared,group,97,1642873,16936.8350515,2334208
56,28,create_read_destroy,own_local,asset,100000,1619624,16.19624,65000400000
56,29,owner_retained_borrow_copy_read,std_raw_borrow,read,100000,30502,0.30502,2350000
56,30,copy_read_drop,own_local,copy,100000,101679,1.01679,2350000
56,31,group_setup_then_1_copies,own_local,group,100000,1495164,14.95164,2000000
56,32,async_queue_job_1_borrow_reads,std_shared_then_raw_borrow,job,100,56070,560.7,2000
56,33,async_queue_job_64_local_copies,std_shared,job,100,272640,2726.4,150400
56,34,share_read_drop,std_shared,handoff,100000,1613007,16.13007,2350000
56,35,owner_retained_borrow_copy_read,own_local_view,read,100000,32514,0.32514,2350000
56,36,localize_read_drop,own_local,group,100000,1544221,15.44221,2350000
56,37,async_queue_job_1024_borrow_reads,own_shared_then_local_view,job,100,143603,1436.03,2406400
56,38,borrow_read,raw_borrow,read,100000,35176,0.35176,2350000
56,39,copy_read_drop,std_shared,copy,100000,1668097,16.68097,2350000
56,40,async_queue_job_1024_borrow_reads,std_shared_then_raw_borrow,job,100,130368,1303.68,2406400
56,41,owner_retained_borrow_parameter,own_local_view,call,100000,61886,0.61886,2350000
56,42,scene_4096_attachments,own_local,attachment,98304,141806,1.44252522786,98304
56,43,create_read_destroy,own_shared,asset,100000,1332054,13.32054,65000400000
56,44,scene_4096_attachments,std_shared,attachment,98304,974437,9.91248575846,98304
56,45,owner_retained_4096_parameter_borrows,std_raw_borrow,frame,24,77927,3246.95833333,41287680
56,46,async_queue_job_1_local_copies,std_shared,job,100,66678,666.78,2000
56,47,group_setup_then_8_copies,std_shared,group,12500,1930369,154.42952,2350000
56,48,weak_lock_live,own_shared,lock,100000,1503426,15.03426,2350000
56,49,weak_lock_live,std_shared,lock,100000,1675014,16.75014,2350000
56,50,independent_owner_parameter,std_shared,call,100000,1693104,16.93104,2350000
56,51,weak_lock_expired,own_shared,lock,100000,77420,0.7742,0
56,52,independent_owner_parameter,own_shared,call,100000,1469148,14.69148,2350000
56,53,owner_retained_4096_draw_borrows,own_local_view,frame,24,48029,2001.20833333,41287680
56,54,copy_read_drop,own_shared,copy,100000,1142250,11.4225,2350000
56,55,localize_read_drop,std_shared,group,100000,1541190,15.4119,2350000
57,0,owner_retained_borrow_parameter,std_raw_borrow,call,100000,74323,0.74323,2350000
57,1,async_queue_job_64_borrow_reads,std_shared_then_raw_borrow,job,100,62603,626.03,150400
57,2,group_setup_then_1024_copies,std_shared,group,97,1634032,16845.6907216,2334208
57,3,localize_read_drop,own_local,group,100000,1315540,13.1554,2350000
57,4,async_queue_job_1_local_copies,own_local,job,100,68023,680.23,2000
57,5,group_setup_then_8_copies,own_local,group,12500,257921,20.63368,2350000
57,6,group_setup_then_1_copies,own_local,group,100000,1356359,13.56359,2000000
57,7,create_read_destroy,own_local,asset,100000,1568762,15.68762,65000400000
57,8,async_queue_job_1024_borrow_reads,std_shared_then_raw_borrow,job,100,162270,1622.7,2406400
57,9,independent_owner_parameter,std_shared,call,100000,1669026,16.69026,2350000
57,10,resource_lifecycle_64_assets_4096_objects,std_shared,cycle,10,542806,54280.6,17203200
57,11,group_setup_then_8_copies,std_shared,group,12500,2022531,161.80248,2350000
57,12,weak_lock_live,std_shared,lock,100000,1710451,17.10451,2350000
57,13,localize_read_drop,std_shared,group,100000,1477230,14.7723,2350000
57,14,copy_read_drop,std_shared,copy,100000,1685580,16.8558,2350000
57,15,contended_copy_2_workers,std_shared,copy,200000,14843153,74.215765,4700000
57,16,owner_retained_4096_draw_borrows,own_local_view,frame,24,48714,2029.75,41287680
57,17,independent_owner_parameter,own_local,call,100000,116039,1.16039,2350000
57,18,group_setup_then_1024_copies,own_local,group,97,111298,1147.40206186,2334208
57,19,group_setup_then_1_copies,std_shared,group,100000,3251032,32.51032,2000000
57,20,async_queue_job_1_local_copies,std_shared,job,100,58984,589.84,2000
57,21,weak_lock_expired,std_shared,lock,100000,114321,1.14321,0
57,22,owner_retained_borrow_copy_read,own_local_view,read,100000,38756,0.38756,2350000
57,23,create_read_destroy,own_shared,asset,100000,1394103,13.94103,65000400000
57,24,weak_lock_live,own_shared,lock,100000,1501961,15.01961,2350000
57,25,contended_copy_2_workers,own_shared,copy,200000,11574494,57.87247,4700000
57,26,resource_lifecycle_64_assets_4096_objects,own_local,cycle,10,225294,22529.4,17203200
57,27,weak_lock_expired,own_shared,lock,100000,77597,0.77597,0
57,28,share_read_drop,std_shared,handoff,100000,1522329,15.22329,2350000
57,29,owner_retained_borrow_parameter,own_local_view,call,100000,61757,0.61757,2350000
57,30,copy_read_drop,own_shared,copy,100000,1130190,11.3019,2350000
57,31,owner_retained_borrow_copy_read,std_raw_borrow,read,100000,30175,0.30175,2350000
57,32,frame_4096_draws_64_unique_leases,std_shared,frame,24,89325,3721.875,41287680
57,33,independent_owner_parameter,own_shared,call,100000,2766557,27.66557,2350000
57,34,create_read_destroy,std_shared,asset,100000,1274331,12.74331,65000400000
57,35,frame_4096_draws_64_unique_leases,own_shared,frame,24,104191,4341.29166667,41287680
57,36,async_queue_job_1024_local_copies,std_shared,job,100,2394735,23947.35,2406400
57,37,owner_retained_4096_parameter_borrows,own_local_view,frame,24,111136,4630.66666667,41287680
57,38,scene_4096_attachments,own_local,attachment,98304,258333,2.62789916992,98304
57,39,async_queue_job_64_local_copies,own_local,job,100,76550,765.5,150400
57,40,resettable_root_pin_1024_borrow_reads,std_shared_pin_raw_borrow,scope,97,71206,734.082474227,2334208
57,41,owner_retained_4096_parameter_borrows,std_raw_borrow,frame,24,125641,5235.04166667,41287680
57,42,group_setup_then_64_copies,own_local,group,1562,147636,94.5172855314,2349248
57,43,group_setup_then_64_copies,std_shared,group,1562,1638515,1048.98527529,2349248
57,44,copy_read_drop,own_local,copy,100000,198603,1.98603,2350000
57,45,resettable_root_pin_1024_borrow_reads,own_shared_pin_local_view,scope,97,61007,628.93814433,2334208
57,46,share_read_drop,own_shared,handoff,100000,1382245,13.82245,2350000
57,47,async_queue_job_64_borrow_reads,own_shared_then_local_view,job,100,115003,1150.03,150400
57,48,borrow_read,raw_borrow,read,100000,93899,0.93899,2350000
57,49,async_queue_job_1_borrow_reads,own_shared_then_local_view,job,100,48834,488.34,2000
57,50,async_queue_job_1024_borrow_reads,own_shared_then_local_view,job,100,125348,1253.48,2406400
57,51,async_queue_job_64_local_copies,std_shared,job,100,261399,2613.99,150400
57,52,owner_retained_4096_draw_borrows,std_raw_borrow,frame,24,98217,4092.375,41287680
57,53,async_queue_job_1024_local_copies,own_local,job,100,216594,2165.94,2406400
57,54,async_queue_job_1_borrow_reads,std_shared_then_raw_borrow,job,100,61454,614.54,2000
57,55,scene_4096_attachments,std_shared,attachment,98304,1144351,11.6409403483,98304
58,0,async_queue_job_64_local_copies,own_local,job,100,84069,840.69,150400
58,1,async_queue_job_64_borrow_reads,std_shared_then_raw_borrow,job,100,92056,920.56,150400
58,2,owner_retained_4096_draw_borrows,std_raw_borrow,frame,24,111613,4650.54166667,41287680
58,3,resettable_root_pin_1024_borrow_reads,own_shared_pin_local_view,scope,97,60666,625.422680412,2334208
58,4,resettable_root_pin_1024_borrow_reads,std_shared_pin_raw_borrow,scope,97,66676,687.381443299,2334208
58,5,weak_lock_live,own_shared,lock,100000,1746303,17.46303,2350000
58,6,copy_read_drop,std_shared,copy,100000,1653853,16.53853,2350000
58,7,async_queue_job_1_local_copies,std_shared,job,100,64374,643.74,2000
58,8,owner_retained_borrow_parameter,std_raw_borrow,call,100000,105242,1.05242,2350000
58,9,scene_4096_attachments,own_local,attachment,98304,254218,2.58603922526,98304
58,10,group_setup_then_8_copies,own_local,group,12500,374826,29.98608,2350000
58,11,create_read_destroy,std_shared,asset,100000,1829197,18.29197,65000400000
58,12,async_queue_job_1024_borrow_reads,own_shared_then_local_view,job,100,152039,1520.39,2406400
58,13,owner_retained_4096_parameter_borrows,std_raw_borrow,frame,24,128626,5359.41666667,41287680
58,14,async_queue_job_64_local_copies,std_shared,job,100,271265,2712.65,150400
58,15,create_read_destroy,own_local,asset,100000,2219454,22.19454,65000400000
58,16,contended_copy_2_workers,std_shared,copy,200000,15128050,75.64025,4700000
58,17,localize_read_drop,std_shared,group,100000,1834710,18.3471,2350000
58,18,owner_retained_4096_draw_borrows,own_local_view,frame,24,90494,3770.58333333,41287680
58,19,create_read_destroy,own_shared,asset,100000,1914193,19.14193,65000400000
58,20,frame_4096_draws_64_unique_leases,own_shared,frame,24,172898,7204.08333333,41287680
58,21,async_queue_job_1_borrow_reads,own_shared_then_local_view,job,100,65382,653.82,2000
58,22,group_setup_then_1024_copies,own_local,group,97,138508,1427.91752577,2334208
58,23,group_setup_then_1_copies,own_local,group,100000,1754946,17.54946,2000000
58,24,resource_lifecycle_64_assets_4096_objects,std_shared,cycle,10,659097,65909.7,17203200
58,25,async_queue_job_1_borrow_reads,std_shared_then_raw_borrow,job,100,51338,513.38,2000
58,26,group_setup_then_8_copies,std_shared,group,12500,1847320,147.7856,2350000
58,27,weak_lock_live,std_shared,lock,100000,2093234,20.93234,2350000
58,28,group_setup_then_1024_copies,std_shared,group,97,1631001,16814.443299,2334208
58,29,copy_read_drop,own_local,copy,100000,185124,1.85124,2350000
58,30,independent_owner_parameter,own_shared,call,100000,1490375,14.90375,2350000
58,31,owner_retained_borrow_copy_read,own_local_view,read,100000,56445,0.56445,2350000
58,32,async_queue_job_1024_local_copies,std_shared,job,100,2440492,24404.92,2406400
58,33,async_queue_job_1_local_copies,own_local,job,100,61460,614.6,2000
58,34,group_setup_then_64_copies,own_local,group,1562,189966,121.61715749,2349248
58,35,weak_lock_expired,own_shared,lock,100000,166853,1.66853,0
58,36,copy_read_drop,own_shared,copy,100000,1406218,14.06218,2350000
58,37,frame_4096_draws_64_unique_leases,std_shared,frame,24,143377,5974.04166667,41287680
58,38,async_queue_job_1024_borrow_reads,std_shared_then_raw_borrow,job,100,163867,1638.67,2406400
58,39,async_queue_job_1024_local_copies,own_local,job,100,213384,2133.84,2406400
58,40,owner_retained_4096_parameter_borrows,own_local_view,frame,24,147914,6163.08333333,41287680
58,41,async_queue_job_64_borrow_reads,own_shared_then_local_view,job,100,846197,8461.97,150400
58,42,localize_read_drop,own_local,group,100000,1597377,15.97377,2350000
58,43,borrow_read,raw_borrow,read,100000,95567,0.95567,2350000
58,44,owner_retained_borrow_parameter,own_local_view,call,100000,146442,1.46442,2350000
58,45,independent_owner_parameter,std_shared,call,100000,1693358,16.93358,2350000
58,46,resource_lifecycle_64_assets_4096_objects,own_local,cycle,10,337162,33716.2,17203200
58,47,owner_retained_borrow_copy_read,std_raw_borrow,read,100000,73978,0.73978,2350000
58,48,scene_4096_attachments,std_shared,attachment,98304,1142790,11.6250610352,98304
58,49,share_read_drop,own_shared,handoff,100000,1407821,14.07821,2350000
58,50,independent_owner_parameter,own_local,call,100000,214927,2.14927,2350000
58,51,group_setup_then_64_copies,std_shared,group,1562,1697830,1086.95902689,2349248
58,52,weak_lock_expired,std_shared,lock,100000,169629,1.69629,0
58,53,group_setup_then_1_copies,std_shared,group,100000,3378783,33.78783,2000000
58,54,share_read_drop,std_shared,handoff,100000,1782960,17.8296,2350000
58,55,contended_copy_2_workers,own_shared,copy,200000,12029293,60.146465,4700000
59,0,group_setup_then_1024_copies,std_shared,group,97,1644927,16958.0103093,2334208
59,1,frame_4096_draws_64_unique_leases,std_shared,frame,24,168918,7038.25,41287680
59,2,owner_retained_borrow_parameter,std_raw_borrow,call,100000,105549,1.05549,2350000
59,3,contended_copy_2_workers,std_shared,copy,200000,15472845,77.364225,4700000
59,4,resettable_root_pin_1024_borrow_reads,std_shared_pin_raw_borrow,scope,97,54960,566.597938144,2334208
59,5,resource_lifecycle_64_assets_4096_objects,std_shared,cycle,10,690261,69026.1,17203200
59,6,async_queue_job_64_borrow_reads,std_shared_then_raw_borrow,job,100,57277,572.77,150400
59,7,create_read_destroy,std_shared,asset,100000,1927271,19.27271,65000400000
59,8,async_queue_job_64_borrow_reads,own_shared_then_local_view,job,100,55356,553.56,150400
59,9,group_setup_then_64_copies,own_local,group,1562,191482,122.587708067,2349248
59,10,localize_read_drop,own_local,group,100000,1596755,15.96755,2350000
59,11,scene_4096_attachments,std_shared,attachment,98304,1144065,11.6380310059,98304
59,12,owner_retained_borrow_copy_read,own_local_view,read,100000,59142,0.59142,2350000
59,13,copy_read_drop,own_local,copy,100000,184645,1.84645,2350000
59,14,async_queue_job_64_local_copies,own_local,job,100,85171,851.71,150400
59,15,group_setup_then_8_copies,std_shared,group,12500,1881919,150.55352,2350000
59,16,weak_lock_live,std_shared,lock,100000,2061390,20.6139,2350000
59,17,async_queue_job_1_local_copies,own_local,job,100,49476,494.76,2000
59,18,create_read_destroy,own_local,asset,100000,2317305,23.17305,65000400000
59,19,async_queue_job_1_local_copies,std_shared,job,100,60800,608,2000
59,20,owner_retained_4096_parameter_borrows,std_raw_borrow,frame,24,149958,6248.25,41287680
59,21,async_queue_job_1024_local_copies,own_local,job,100,237869,2378.69,2406400
59,22,async_queue_job_64_local_copies,std_shared,job,100,228338,2283.38,150400
59,23,owner_retained_borrow_parameter,own_local_view,call,100000,114901,1.14901,2350000
59,24,async_queue_job_1024_borrow_reads,std_shared_then_raw_borrow,job,100,135516,1355.16,2406400
59,25,frame_4096_draws_64_unique_leases,own_shared,frame,24,176137,7339.04166667,41287680
59,26,group_setup_then_1_copies,std_shared,group,100000,3414242,34.14242,2000000
59,27,weak_lock_expired,std_shared,lock,100000,148919,1.48919,0
59,28,weak_lock_expired,own_shared,lock,100000,145501,1.45501,0
59,29,async_queue_job_1024_local_copies,std_shared,job,100,2451123,24511.23,2406400
59,30,async_queue_job_1024_borrow_reads,own_shared_then_local_view,job,100,144872,1448.72,2406400
59,31,independent_owner_parameter,own_shared,call,100000,1497676,14.97676,2350000
59,32,async_queue_job_1_borrow_reads,std_shared_then_raw_borrow,job,100,41904,419.04,2000
59,33,resettable_root_pin_1024_borrow_reads,own_shared_pin_local_view,scope,97,56174,579.113402062,2334208
59,34,owner_retained_borrow_copy_read,std_raw_borrow,read,100000,54310,0.5431,2350000
59,35,group_setup_then_1024_copies,own_local,group,97,183501,1891.7628866,2334208
59,36,owner_retained_4096_parameter_borrows,own_local_view,frame,24,147148,6131.16666667,41287680
59,37,owner_retained_4096_draw_borrows,std_raw_borrow,frame,24,99628,4151.16666667,41287680
59,38,async_queue_job_1_borrow_reads,own_shared_then_local_view,job,100,39965,399.65,2000
59,39,borrow_read,raw_borrow,read,100000,55498,0.55498,2350000
59,40,copy_read_drop,std_shared,copy,100000,1762031,17.62031,2350000
59,41,share_read_drop,own_shared,handoff,100000,1414918,14.14918,2350000
59,42,group_setup_then_8_copies,own_local,group,12500,372458,29.79664,2350000
59,43,independent_owner_parameter,std_shared,call,100000,1746278,17.46278,2350000
59,44,weak_lock_live,own_shared,lock,100000,1838242,18.38242,2350000
59,45,create_read_destroy,own_shared,asset,100000,1913668,19.13668,65000400000
59,46,contended_copy_2_workers,own_shared,copy,200000,11789540,58.9477,4700000
59,47,scene_4096_attachments,own_local,attachment,98304,219296,2.23079427083,98304
59,48,independent_owner_parameter,own_local,call,100000,236871,2.36871,2350000
59,49,owner_retained_4096_draw_borrows,own_local_view,frame,24,88141,3672.54166667,41287680
59,50,group_setup_then_1_copies,own_local,group,100000,1705242,17.05242,2000000
59,51,localize_read_drop,std_shared,group,100000,1782688,17.82688,2350000
59,52,copy_read_drop,own_shared,copy,100000,1356458,13.56458,2350000
59,53,resource_lifecycle_64_assets_4096_objects,own_local,cycle,10,349488,34948.8,17203200
59,54,group_setup_then_64_copies,std_shared,group,1562,1635293,1046.92253521,2349248
59,55,share_read_drop,std_shared,handoff,100000,1832187,18.32187,2350000
60,0,async_queue_job_1024_borrow_reads,own_shared_then_local_view,job,100,131550,1315.5,2406400
60,1,borrow_read,raw_borrow,read,100000,60209,0.60209,2350000
60,2,copy_read_drop,own_shared,copy,100000,1418021,14.18021,2350000
60,3,create_read_destroy,std_shared,asset,100000,1770733,17.70733,65000400000
60,4,resettable_root_pin_1024_borrow_reads,std_shared_pin_raw_borrow,scope,97,59063,608.896907216,2334208
60,5,frame_4096_draws_64_unique_leases,own_shared,frame,24,180493,7520.54166667,41287680
60,6,group_setup_then_1024_copies,own_local,group,97,88797,915.432989691,2334208
60,7,owner_retained_4096_draw_borrows,own_local_view,frame,24,47727,1988.625,41287680
60,8,contended_copy_2_workers,std_shared,copy,200000,16603542,83.01771,4700000
60,9,async_queue_job_1_local_copies,std_shared,job,100,57883,578.83,2000
60,10,async_queue_job_64_borrow_reads,std_shared_then_raw_borrow,job,100,87195,871.95,150400
60,11,owner_retained_borrow_copy_read,std_raw_borrow,read,100000,30138,0.30138,2350000
60,12,owner_retained_4096_parameter_borrows,own_local_view,frame,24,76136,3172.33333333,41287680
60,13,group_setup_then_8_copies,std_shared,group,12500,1876757,150.14056,2350000
60,14,independent_owner_parameter,std_shared,call,100000,1639697,16.39697,2350000
60,15,owner_retained_4096_draw_borrows,std_raw_borrow,frame,24,49795,2074.79166667,41287680
60,16,resource_lifecycle_64_assets_4096_objects,std_shared,cycle,10,514325,51432.5,17203200
60,17,create_read_destroy,own_local,asset,100000,1507417,15.07417,65000400000
60,18,share_read_drop,std_shared,handoff,100000,1475252,14.75252,2350000
60,19,scene_4096_attachments,std_shared,attachment,98304,949777,9.66163126628,98304
60,20,async_queue_job_1_local_copies,own_local,job,100,53020,530.2,2000
60,21,share_read_drop,own_shared,handoff,100000,1119756,11.19756,2350000
60,22,weak_lock_expired,own_shared,lock,100000,354998,3.54998,0
60,23,weak_lock_expired,std_shared,lock,100000,107898,1.07898,0
60,24,group_setup_then_64_copies,std_shared,group,1562,1688955,1081.27720871,2349248
60,25,group_setup_then_1_copies,own_local,group,100000,1361354,13.61354,2000000
60,26,owner_retained_borrow_copy_read,own_local_view,read,100000,30075,0.30075,2350000
60,27,async_queue_job_64_borrow_reads,own_shared_then_local_view,job,100,89848,898.48,150400
60,28,frame_4096_draws_64_unique_leases,std_shared,frame,24,84812,3533.83333333,41287680
60,29,resettable_root_pin_1024_borrow_reads,own_shared_pin_local_view,scope,97,31621,325.989690722,2334208
60,30,owner_retained_borrow_parameter,std_raw_borrow,call,100000,64043,0.64043,2350000
60,31,scene_4096_attachments,own_local,attachment,98304,140074,1.42490641276,98304
60,32,async_queue_job_64_local_copies,own_local,job,100,75502,755.02,150400
60,33,async_queue_job_1_borrow_reads,std_shared_then_raw_borrow,job,100,42074,420.74,2000
60,34,weak_lock_live,std_shared,lock,100000,1724802,17.24802,2350000
60,35,weak_lock_live,own_shared,lock,100000,1495481,14.95481,2350000
60,36,group_setup_then_1024_copies,std_shared,group,97,1662689,17141.1237113,2334208
60,37,owner_retained_4096_parameter_borrows,std_raw_borrow,frame,24,76493,3187.20833333,41287680
60,38,async_queue_job_1024_local_copies,std_shared,job,100,2447477,24474.77,2406400
60,39,group_setup_then_8_copies,own_local,group,12500,263878,21.11024,2350000
60,40,async_queue_job_1_borrow_reads,own_shared_then_local_view,job,100,45258,452.58,2000
60,41,copy_read_drop,own_local,copy,100000,101826,1.01826,2350000
60,42,async_queue_job_1024_borrow_reads,std_shared_then_raw_borrow,job,100,111884,1118.84,2406400
60,43,resource_lifecycle_64_assets_4096_objects,own_local,cycle,10,204356,20435.6,17203200
60,44,contended_copy_2_workers,own_shared,copy,200000,4986602,24.93301,4700000
60,45,async_queue_job_1024_local_copies,own_local,job,100,320224,3202.24,2406400
60,46,group_setup_then_64_copies,own_local,group,1562,129704,83.0371318822,2349248
60,47,localize_read_drop,own_local,group,100000,1284199,12.84199,2350000
60,48,copy_read_drop,std_shared,copy,100000,1683810,16.8381,2350000
60,49,owner_retained_borrow_parameter,own_local_view,call,100000,59969,0.59969,2350000
60,50,localize_read_drop,std_shared,group,100000,1495253,14.95253,2350000
60,51,group_setup_then_1_copies,std_shared,group,100000,3369503,33.69503,2000000
60,52,create_read_destroy,own_shared,asset,100000,1236033,12.36033,65000400000
60,53,async_queue_job_64_local_copies,std_shared,job,100,298489,2984.89,150400
60,54,independent_owner_parameter,own_local,call,100000,115662,1.15662,2350000
60,55,independent_owner_parameter,own_shared,call,100000,1491065,14.91065,2350000
61,0,resettable_root_pin_1024_borrow_reads,std_shared_pin_raw_borrow,scope,97,31810,327.93814433,2334208
61,1,owner_retained_borrow_parameter,own_local_view,call,100000,63283,0.63283,2350000
61,2,frame_4096_draws_64_unique_leases,own_shared,frame,24,88985,3707.70833333,41287680
61,3,async_queue_job_64_borrow_reads,std_shared_then_raw_borrow,job,100,70753,707.53,150400
61,4,group_setup_then_8_copies,own_local,group,12500,268473,21.47784,2350000
61,5,weak_lock_live,std_shared,lock,100000,1687707,16.87707,2350000
61,6,owner_retained_borrow_copy_read,std_raw_borrow,read,100000,30009,0.30009,2350000
61,7,contended_copy_2_workers,own_shared,copy,200000,11668881,58.344405,4700000
61,8,group_setup_then_1_copies,std_shared,group,100000,3349436,33.49436,2000000
61,9,async_queue_job_64_local_copies,own_local,job,100,64298,642.98,150400
61,10,async_queue_job_1_borrow_reads,own_shared_then_local_view,job,100,61360,613.6,2000
61,11,localize_read_drop,own_local,group,100000,1274496,12.74496,2350000
61,12,async_queue_job_64_borrow_reads,own_shared_then_local_view,job,100,43585,435.85,150400
61,13,copy_read_drop,std_shared,copy,100000,1688553,16.88553,2350000
61,14,create_read_destroy,own_shared,asset,100000,1233168,12.33168,65000400000
61,15,owner_retained_4096_draw_borrows,own_local_view,frame,24,53167,2215.29166667,41287680
61,16,independent_owner_parameter,own_shared,call,100000,1460146,14.60146,2350000
61,17,independent_owner_parameter,std_shared,call,100000,1673324,16.73324,2350000
61,18,weak_lock_live,own_shared,lock,100000,1482835,14.82835,2350000
61,19,weak_lock_expired,own_shared,lock,100000,77159,0.77159,0
61,20,group_setup_then_64_copies,std_shared,group,1562,1695126,1085.22791293,2349248
61,21,async_queue_job_1_borrow_reads,std_shared_then_raw_borrow,job,100,56664,566.64,2000
61,22,resource_lifecycle_64_assets_4096_objects,own_local,cycle,10,198786,19878.6,17203200
61,23,owner_retained_4096_parameter_borrows,std_raw_borrow,frame,24,81193,3383.04166667,41287680
61,24,group_setup_then_64_copies,own_local,group,1562,114194,73.1075544174,2349248
61,25,owner_retained_4096_parameter_borrows,own_local_view,frame,24,76202,3175.08333333,41287680
61,26,independent_owner_parameter,own_local,call,100000,115419,1.15419,2350000
61,27,async_queue_job_1_local_copies,std_shared,job,100,79362,793.62,2000
61,28,share_read_drop,own_shared,handoff,100000,1119681,11.19681,2350000
61,29,group_setup_then_1024_copies,std_shared,group,97,1649930,17009.5876289,2334208
61,30,scene_4096_attachments,own_local,attachment,98304,141403,1.43842569987,98304
61,31,contended_copy_2_workers,std_shared,copy,200000,15717765,78.588825,4700000
61,32,owner_retained_borrow_parameter,std_raw_borrow,call,100000,64139,0.64139,2350000
61,33,async_queue_job_1024_local_copies,own_local,job,100,334525,3345.25,2406400
61,34,resettable_root_pin_1024_borrow_reads,own_shared_pin_local_view,scope,97,35050,361.340206186,2334208
61,35,async_queue_job_1024_borrow_reads,std_shared_then_raw_borrow,job,100,164248,1642.48,2406400
61,36,create_read_destroy,std_shared,asset,100000,1243357,12.43357,65000400000
61,37,copy_read_drop,own_local,copy,100000,106522,1.06522,2350000
61,38,scene_4096_attachments,std_shared,attachment,98304,1040986,10.589457194,98304
61,39,async_queue_job_1024_local_copies,std_shared,job,100,2550323,25503.23,2406400
61,40,share_read_drop,std_shared,handoff,100000,1518327,15.18327,2350000
61,41,group_setup_then_1_copies,own_local,group,100000,1379306,13.79306,2000000
61,42,owner_retained_4096_draw_borrows,std_raw_borrow,frame,24,49236,2051.5,41287680
61,43,copy_read_drop,own_shared,copy,100000,1147230,11.4723,2350000
61,44,async_queue_job_1_local_copies,own_local,job,100,77250,772.5,2000
61,45,frame_4096_draws_64_unique_leases,std_shared,frame,24,85421,3559.20833333,41287680
61,46,group_setup_then_8_copies,std_shared,group,12500,1878832,150.30656,2350000
61,47,async_queue_job_1024_borrow_reads,own_shared_then_local_view,job,100,100647,1006.47,2406400
61,48,borrow_read,raw_borrow,read,100000,35310,0.3531,2350000
61,49,create_read_destroy,own_local,asset,100000,1532829,15.32829,65000400000
61,50,async_queue_job_64_local_copies,std_shared,job,100,300750,3007.5,150400
61,51,weak_lock_expired,std_shared,lock,100000,83595,0.83595,0
61,52,localize_read_drop,std_shared,group,100000,1485836,14.85836,2350000
61,53,owner_retained_borrow_copy_read,own_local_view,read,100000,30138,0.30138,2350000
61,54,group_setup_then_1024_copies,own_local,group,97,105443,1087.04123711,2334208
61,55,resource_lifecycle_64_assets_4096_objects,std_shared,cycle,10,508094,50809.4,17203200
62,0,async_queue_job_64_local_copies,std_shared,job,100,301155,3011.55,150400
62,1,borrow_read,raw_borrow,read,100000,51354,0.51354,2350000
62,2,contended_copy_2_workers,std_shared,copy,200000,15748809,78.744045,4700000
62,3,frame_4096_draws_64_unique_leases,own_shared,frame,24,110778,4615.75,41287680
62,4,async_queue_job_64_borrow_reads,std_shared_then_raw_borrow,job,100,52309,523.09,150400
62,5,resettable_root_pin_1024_borrow_reads,std_shared_pin_raw_borrow,scope,97,39029,402.360824742,2334208
62,6,independent_owner_parameter,own_shared,call,100000,1474147,14.74147,2350000
62,7,independent_owner_parameter,own_local,call,100000,111798,1.11798,2350000
62,8,weak_lock_expired,own_shared,lock,100000,77132,0.77132,0
62,9,independent_owner_parameter,std_shared,call,100000,1661328,16.61328,2350000
62,10,async_queue_job_1_local_copies,std_shared,job,100,66865,668.65,2000
62,11,owner_retained_4096_draw_borrows,std_raw_borrow,frame,24,49553,2064.70833333,41287680
62,12,copy_read_drop,own_local,copy,100000,101730,1.0173,2350000
62,13,async_queue_job_1024_borrow_reads,std_shared_then_raw_borrow,job,100,181758,1817.58,2406400
62,14,owner_retained_4096_parameter_borrows,std_raw_borrow,frame,24,82722,3446.75,41287680
62,15,async_queue_job_64_local_copies,own_local,job,100,103907,1039.07,150400
62,16,owner_retained_4096_parameter_borrows,own_local_view,frame,24,99675,4153.125,41287680
62,17,localize_read_drop,own_local,group,100000,1405512,14.05512,2350000
62,18,group_setup_then_64_copies,std_shared,group,1562,1816180,1162.72727273,2349248
62,19,owner_retained_borrow_copy_read,own_local_view,read,100000,32534,0.32534,2350000
62,20,owner_retained_4096_draw_borrows,own_local_view,frame,24,50909,2121.20833333,41287680
62,21,group_setup_then_1024_copies,own_local,group,97,99830,1029.17525773,2334208
62,22,group_setup_then_1024_copies,std_shared,group,97,1683087,17351.4123711,2334208
62,23,async_queue_job_1024_local_copies,std_shared,job,100,2411840,24118.4,2406400
62,24,resource_lifecycle_64_assets_4096_objects,own_local,cycle,10,195108,19510.8,17203200
62,25,group_setup_then_1_copies,own_local,group,100000,1402217,14.02217,2000000
62,26,share_read_drop,std_shared,handoff,100000,1456370,14.5637,2350000
62,27,weak_lock_expired,std_shared,lock,100000,85716,0.85716,0
62,28,create_read_destroy,own_local,asset,100000,1567712,15.67712,65000400000
62,29,weak_lock_live,std_shared,lock,100000,1707517,17.07517,2350000
62,30,resettable_root_pin_1024_borrow_reads,own_shared_pin_local_view,scope,97,39669,408.958762887,2334208
62,31,create_read_destroy,own_shared,asset,100000,1324071,13.24071,65000400000
62,32,scene_4096_attachments,own_local,attachment,98304,139274,1.41676839193,98304
62,33,async_queue_job_1024_local_copies,own_local,job,100,233153,2331.53,2406400
62,34,async_queue_job_1_local_copies,own_local,job,100,56189,561.89,2000
62,35,resource_lifecycle_64_assets_4096_objects,std_shared,cycle,10,529717,52971.7,17203200
62,36,create_read_destroy,std_shared,asset,100000,1240408,12.40408,65000400000
62,37,owner_retained_borrow_parameter,own_local_view,call,100000,64305,0.64305,2350000
62,38,copy_read_drop,own_shared,copy,100000,1104397,11.04397,2350000
62,39,localize_read_drop,std_shared,group,100000,1522951,15.22951,2350000
62,40,async_queue_job_64_borrow_reads,own_shared_then_local_view,job,100,73272,732.72,150400
62,41,owner_retained_borrow_parameter,std_raw_borrow,call,100000,64302,0.64302,2350000
62,42,share_read_drop,own_shared,handoff,100000,1121772,11.21772,2350000
62,43,scene_4096_attachments,std_shared,attachment,98304,949503,9.65884399414,98304
62,44,owner_retained_borrow_copy_read,std_raw_borrow,read,100000,33485,0.33485,2350000
62,45,group_setup_then_8_copies,own_local,group,12500,263872,21.10976,2350000
62,46,async_queue_job_1_borrow_reads,own_shared_then_local_view,job,100,60196,601.96,2000
62,47,async_queue_job_1_borrow_reads,std_shared_then_raw_borrow,job,100,185111,1851.11,2000
62,48,group_setup_then_8_copies,std_shared,group,12500,1914555,153.1644,2350000
62,49,copy_read_drop,std_shared,copy,100000,1672054,16.72054,2350000
62,50,contended_copy_2_workers,own_shared,copy,200000,9731893,48.659465,4700000
62,51,group_setup_then_64_copies,own_local,group,1562,112649,72.1184379001,2349248
62,52,group_setup_then_1_copies,std_shared,group,100000,3305688,33.05688,2000000
62,53,weak_lock_live,own_shared,lock,100000,1523333,15.23333,2350000
62,54,async_queue_job_1024_borrow_reads,own_shared_then_local_view,job,100,326682,3266.82,2406400
62,55,frame_4096_draws_64_unique_leases,std_shared,frame,24,91598,3816.58333333,41287680
63,0,copy_read_drop,own_local,copy,100000,101690,1.0169,2350000
63,1,copy_read_drop,own_shared,copy,100000,1193154,11.93154,2350000
63,2,weak_lock_expired,own_shared,lock,100000,94766,0.94766,0
63,3,group_setup_then_1_copies,own_local,group,100000,1489861,14.89861,2000000
63,4,async_queue_job_1024_borrow_reads,own_shared_then_local_view,job,100,145608,1456.08,2406400
63,5,share_read_drop,std_shared,handoff,100000,1567413,15.67413,2350000
63,6,independent_owner_parameter,std_shared,call,100000,1606368,16.06368,2350000
63,7,owner_retained_4096_parameter_borrows,own_local_view,frame,24,76940,3205.83333333,41287680
63,8,borrow_read,raw_borrow,read,100000,35508,0.35508,2350000
63,9,weak_lock_live,own_shared,lock,100000,1490843,14.90843,2350000
63,10,owner_retained_borrow_copy_read,std_raw_borrow,read,100000,30071,0.30071,2350000
63,11,resettable_root_pin_1024_borrow_reads,own_shared_pin_local_view,scope,97,31349,323.18556701,2334208
63,12,create_read_destroy,std_shared,asset,100000,1216140,12.1614,65000400000
63,13,frame_4096_draws_64_unique_leases,own_shared,frame,24,88061,3669.20833333,41287680
63,14,group_setup_then_64_copies,own_local,group,1562,114401,73.2400768246,2349248
63,15,async_queue_job_1024_borrow_reads,std_shared_then_raw_borrow,job,100,160042,1600.42,2406400
63,16,owner_retained_4096_draw_borrows,own_local_view,frame,24,46992,1958,41287680
63,17,weak_lock_live,std_shared,lock,100000,1689539,16.89539,2350000
63,18,owner_retained_4096_draw_borrows,std_raw_borrow,frame,24,48212,2008.83333333,41287680
63,19,group_setup_then_8_copies,std_shared,group,12500,1855868,148.46944,2350000
63,20,async_queue_job_64_local_copies,std_shared,job,100,304144,3041.44,150400
63,21,independent_owner_parameter,own_local,call,100000,115839,1.15839,2350000
63,22,weak_lock_expired,std_shared,lock,100000,85788,0.85788,0
63,23,owner_retained_borrow_parameter,own_local_view,call,100000,61664,0.61664,2350000
63,24,resource_lifecycle_64_assets_4096_objects,own_local,cycle,10,196724,19672.4,17203200
63,25,contended_copy_2_workers,own_shared,copy,200000,12107130,60.53565,4700000
63,26,scene_4096_attachments,std_shared,attachment,98304,1085097,11.0381774902,98304
63,27,async_queue_job_1024_local_copies,std_shared,job,100,2698426,26984.26,2406400
63,28,async_queue_job_1_borrow_reads,own_shared_then_local_view,job,100,66472,664.72,2000
63,29,group_setup_then_1024_copies,std_shared,group,97,1837383,18942.0927835,2334208
63,30,async_queue_job_1_borrow_reads,std_shared_then_raw_borrow,job,100,91511,915.11,2000
63,31,group_setup_then_1024_copies,own_local,group,97,96142,991.154639175,2334208
63,32,group_setup_then_64_copies,std_shared,group,1562,1927606,1234.06274008,2349248
63,33,localize_read_drop,std_shared,group,100000,1499801,14.99801,2350000
63,34,copy_read_drop,std_shared,copy,100000,1664187,16.64187,2350000
63,35,owner_retained_borrow_parameter,std_raw_borrow,call,100000,60105,0.60105,2350000
63,36,async_queue_job_64_borrow_reads,std_shared_then_raw_borrow,job,100,68000,680,150400
63,37,scene_4096_attachments,own_local,attachment,98304,140635,1.43061319987,98304
63,38,group_setup_then_1_copies,std_shared,group,100000,3426012,34.26012,2000000
63,39,async_queue_job_1_local_copies,std_shared,job,100,64287,642.87,2000
63,40,async_queue_job_64_local_copies,own_local,job,100,70211,702.11,150400
63,41,contended_copy_2_workers,std_shared,copy,200000,14403546,72.01773,4700000
63,42,create_read_destroy,own_shared,asset,100000,1370828,13.70828,65000400000
63,43,resettable_root_pin_1024_borrow_reads,std_shared_pin_raw_borrow,scope,97,34525,355.927835052,2334208
63,44,share_read_drop,own_shared,handoff,100000,1205082,12.05082,2350000
63,45,localize_read_drop,own_local,group,100000,1342903,13.42903,2350000
63,46,owner_retained_4096_parameter_borrows,std_raw_borrow,frame,24,76942,3205.91666667,41287680
63,47,owner_retained_borrow_copy_read,own_local_view,read,100000,30037,0.30037,2350000
63,48,resource_lifecycle_64_assets_4096_objects,std_shared,cycle,10,514050,51405,17203200
63,49,async_queue_job_64_borrow_reads,own_shared_then_local_view,job,100,60976,609.76,150400
63,50,independent_owner_parameter,own_shared,call,100000,1469705,14.69705,2350000
63,51,frame_4096_draws_64_unique_leases,std_shared,frame,24,91179,3799.125,41287680
63,52,async_queue_job_1024_local_copies,own_local,job,100,195473,1954.73,2406400
63,53,group_setup_then_8_copies,own_local,group,12500,226894,18.15152,2350000
63,54,create_read_destroy,own_local,asset,100000,1546216,15.46216,65000400000
63,55,async_queue_job_1_local_copies,own_local,job,100,62830,628.3,2000
64,0,independent_owner_parameter,own_local,call,100000,115696,1.15696,2350000
64,1,create_read_destroy,own_local,asset,100000,1485063,14.85063,65000400000
64,2,frame_4096_draws_64_unique_leases,own_shared,frame,24,87750,3656.25,41287680
64,3,group_setup_then_1_copies,std_shared,group,100000,3327869,33.27869,2000000
64,4,group_setup_then_1024_copies,own_local,group,97,88521,912.587628866,2334208
64,5,weak_lock_live,own_shared,lock,100000,1528469,15.28469,2350000
64,6,contended_copy_2_workers,own_shared,copy,200000,11786618,58.93309,4700000
64,7,independent_owner_parameter,std_shared,call,100000,1887477,18.87477,2350000
64,8,create_read_destroy,own_shared,asset,100000,1357965,13.57965,65000400000
64,9,async_queue_job_1024_local_copies,own_local,job,100,260380,2603.8,2406400
64,10,share_read_drop,std_shared,handoff,100000,1652140,16.5214,2350000
64,11,copy_read_drop,std_shared,copy,100000,1805073,18.05073,2350000
64,12,owner_retained_borrow_copy_read,std_raw_borrow,read,100000,32539,0.32539,2350000
64,13,async_queue_job_1_local_copies,std_shared,job,100,60188,601.88,2000
64,14,frame_4096_draws_64_unique_leases,std_shared,frame,24,98523,4105.125,41287680
64,15,async_queue_job_1_borrow_reads,own_shared_then_local_view,job,100,55342,553.42,2000
64,16,async_queue_job_64_borrow_reads,own_shared_then_local_view,job,100,65433,654.33,150400
64,17,localize_read_drop,std_shared,group,100000,1518608,15.18608,2350000
64,18,owner_retained_borrow_parameter,own_local_view,call,100000,61721,0.61721,2350000
64,19,copy_read_drop,own_local,copy,100000,101285,1.01285,2350000
64,20,contended_copy_2_workers,std_shared,copy,200000,14331601,71.658005,4700000
64,21,async_queue_job_64_local_copies,std_shared,job,100,297113,2971.13,150400
64,22,weak_lock_live,std_shared,lock,100000,1904460,19.0446,2350000
64,23,share_read_drop,own_shared,handoff,100000,1210672,12.10672,2350000
64,24,copy_read_drop,own_shared,copy,100000,1214117,12.14117,2350000
64,25,owner_retained_4096_parameter_borrows,std_raw_borrow,frame,24,77069,3211.20833333,41287680
64,26,async_queue_job_1_local_copies,own_local,job,100,107190,1071.9,2000
64,27,async_queue_job_64_local_copies,own_local,job,100,67487,674.87,150400
64,28,owner_retained_4096_parameter_borrows,own_local_view,frame,24,76870,3202.91666667,41287680
64,29,resettable_root_pin_1024_borrow_reads,own_shared_pin_local_view,scope,97,31338,323.072164948,2334208
64,30,weak_lock_expired,std_shared,lock,100000,97132,0.97132,0
64,31,owner_retained_4096_draw_borrows,own_local_view,frame,24,47163,1965.125,41287680
64,32,independent_owner_parameter,own_shared,call,100000,1453807,14.53807,2350000
64,33,owner_retained_borrow_copy_read,own_local_view,read,100000,30036,0.30036,2350000
64,34,scene_4096_attachments,std_shared,attachment,98304,941950,9.58201090495,98304
64,35,async_queue_job_1024_borrow_reads,own_shared_then_local_view,job,100,145241,1452.41,2406400
64,36,resource_lifecycle_64_assets_4096_objects,own_local,cycle,10,242307,24230.7,17203200
64,37,group_setup_then_64_copies,std_shared,group,1562,1695328,1085.35723431,2349248
64,38,async_queue_job_1024_local_copies,std_shared,job,100,2427873,24278.73,2406400
64,39,group_setup_then_1024_copies,std_shared,group,97,1660597,17119.556701,2334208
64,40,localize_read_drop,own_local,group,100000,1299460,12.9946,2350000
64,41,group_setup_then_8_copies,own_local,group,12500,224200,17.936,2350000
64,42,owner_retained_4096_draw_borrows,std_raw_borrow,frame,24,47452,1977.16666667,41287680
64,43,group_setup_then_1_copies,own_local,group,100000,1380078,13.80078,2000000
64,44,weak_lock_expired,own_shared,lock,100000,133114,1.33114,0
64,45,group_setup_then_8_copies,std_shared,group,12500,1962772,157.02176,2350000
64,46,scene_4096_attachments,own_local,attachment,98304,139605,1.42013549805,98304
64,47,owner_retained_borrow_parameter,std_raw_borrow,call,100000,74935,0.74935,2350000
64,48,resource_lifecycle_64_assets_4096_objects,std_shared,cycle,10,506060,50606,17203200
64,49,async_queue_job_64_borrow_reads,std_shared_then_raw_borrow,job,100,66973,669.73,150400
64,50,borrow_read,raw_borrow,read,100000,35254,0.35254,2350000
64,51,async_queue_job_1_borrow_reads,std_shared_then_raw_borrow,job,100,53766,537.66,2000
64,52,async_queue_job_1024_borrow_reads,std_shared_then_raw_borrow,job,100,137501,1375.01,2406400
64,53,group_setup_then_64_copies,own_local,group,1562,125638,80.4340588988,2349248
64,54,resettable_root_pin_1024_borrow_reads,std_shared_pin_raw_borrow,scope,97,43842,451.979381443,2334208
64,55,create_read_destroy,std_shared,asset,100000,1288239,12.88239,65000400000
65,0,independent_owner_parameter,std_shared,call,100000,1642536,16.42536,2350000
65,1,owner_retained_4096_draw_borrows,std_raw_borrow,frame,24,47266,1969.41666667,41287680
65,2,localize_read_drop,own_local,group,100000,1278381,12.78381,2350000
65,3,scene_4096_attachments,own_local,attachment,98304,139135,1.41535441081,98304
65,4,group_setup_then_64_copies,std_shared,group,1562,1688296,1080.8553137,2349248
65,5,share_read_drop,std_shared,handoff,100000,1456951,14.56951,2350000
65,6,create_read_destroy,std_shared,asset,100000,1203764,12.03764,65000400000
65,7,resource_lifecycle_64_assets_4096_objects,own_local,cycle,10,193472,19347.2,17203200
65,8,borrow_read,raw_borrow,read,100000,63747,0.63747,2350000
65,9,group_setup_then_1_copies,std_shared,group,100000,3301652,33.01652,2000000
65,10,independent_owner_parameter,own_local,call,100000,115631,1.15631,2350000
65,11,group_setup_then_1024_copies,std_shared,group,97,1668008,17195.9587629,2334208
65,12,async_queue_job_1024_borrow_reads,std_shared_then_raw_borrow,job,100,130746,1307.46,2406400
65,13,weak_lock_live,std_shared,lock,100000,1679031,16.79031,2350000
65,14,async_queue_job_64_local_copies,own_local,job,100,80500,805,150400
65,15,copy_read_drop,own_local,copy,100000,105591,1.05591,2350000
65,16,scene_4096_attachments,std_shared,attachment,98304,1124868,11.4427490234,98304
65,17,frame_4096_draws_64_unique_leases,std_shared,frame,24,90976,3790.66666667,41287680
65,18,async_queue_job_1_local_copies,own_local,job,100,63004,630.04,2000
65,19,resettable_root_pin_1024_borrow_reads,own_shared_pin_local_view,scope,97,33964,350.144329897,2334208
65,20,create_read_destroy,own_local,asset,100000,1639404,16.39404,65000400000
65,21,copy_read_drop,own_shared,copy,100000,1186428,11.86428,2350000
65,22,async_queue_job_1024_local_copies,std_shared,job,100,2450665,24506.65,2406400
65,23,group_setup_then_8_copies,own_local,group,12500,269037,21.52296,2350000
65,24,async_queue_job_1024_local_copies,own_local,job,100,268573,2685.73,2406400
65,25,copy_read_drop,std_shared,copy,100000,1683496,16.83496,2350000
65,26,localize_read_drop,std_shared,group,100000,1485249,14.85249,2350000
65,27,owner_retained_borrow_copy_read,std_raw_borrow,read,100000,30055,0.30055,2350000
65,28,weak_lock_expired,own_shared,lock,100000,77238,0.77238,0
65,29,async_queue_job_64_borrow_reads,std_shared_then_raw_borrow,job,100,78224,782.24,150400
65,30,owner_retained_4096_draw_borrows,own_local_view,frame,24,47471,1977.95833333,41287680
65,31,frame_4096_draws_64_unique_leases,own_shared,frame,24,87918,3663.25,41287680
65,32,share_read_drop,own_shared,handoff,100000,1115360,11.1536,2350000
65,33,async_queue_job_1_local_copies,std_shared,job,100,75323,753.23,2000
65,34,owner_retained_4096_parameter_borrows,own_local_view,frame,24,87920,3663.33333333,41287680
65,35,resource_lifecycle_64_assets_4096_objects,std_shared,cycle,10,505076,50507.6,17203200
65,36,owner_retained_4096_parameter_borrows,std_raw_borrow,frame,24,76365,3181.875,41287680
65,37,independent_owner_parameter,own_shared,call,100000,1480920,14.8092,2350000
65,38,async_queue_job_64_local_copies,std_shared,job,100,322846,3228.46,150400
65,39,group_setup_then_64_copies,own_local,group,1562,114348,73.2061459667,2349248
65,40,weak_lock_live,own_shared,lock,100000,1518966,15.18966,2350000
65,41,create_read_destroy,own_shared,asset,100000,1244622,12.44622,65000400000
65,42,group_setup_then_8_copies,std_shared,group,12500,1862283,148.98264,2350000
65,43,resettable_root_pin_1024_borrow_reads,std_shared_pin_raw_borrow,scope,97,31398,323.690721649,2334208
65,44,async_queue_job_1_borrow_reads,own_shared_then_local_view,job,100,55023,550.23,2000
65,45,owner_retained_borrow_copy_read,own_local_view,read,100000,30100,0.301,2350000
65,46,group_setup_then_1_copies,own_local,group,100000,1356105,13.56105,2000000
65,47,weak_lock_expired,std_shared,lock,100000,100365,1.00365,0
65,48,owner_retained_borrow_parameter,own_local_view,call,100000,59963,0.59963,2350000
65,49,group_setup_then_1024_copies,own_local,group,97,91020,938.350515464,2334208
65,50,contended_copy_2_workers,std_shared,copy,200000,14206254,71.03127,4700000
65,51,async_queue_job_1024_borrow_reads,own_shared_then_local_view,job,100,124837,1248.37,2406400
65,52,async_queue_job_64_borrow_reads,own_shared_then_local_view,job,100,56422,564.22,150400
65,53,async_queue_job_1_borrow_reads,std_shared_then_raw_borrow,job,100,38286,382.86,2000
65,54,contended_copy_2_workers,own_shared,copy,200000,12482525,62.412625,4700000
65,55,owner_retained_borrow_parameter,std_raw_borrow,call,100000,66799,0.66799,2350000
66,0,owner_retained_borrow_copy_read,own_local_view,read,100000,33433,0.33433,2350000
66,1,independent_owner_parameter,std_shared,call,100000,1868152,18.68152,2350000
66,2,create_read_destroy,own_shared,asset,100000,1369361,13.69361,65000400000
66,3,contended_copy_2_workers,own_shared,copy,200000,12216038,61.08019,4700000
66,4,resettable_root_pin_1024_borrow_reads,std_shared_pin_raw_borrow,scope,97,37093,382.402061856,2334208
66,5,group_setup_then_1024_copies,own_local,group,97,103659,1068.64948454,2334208
66,6,group_setup_then_1_copies,std_shared,group,100000,3733019,37.33019,2000000
66,7,share_read_drop,std_shared,handoff,100000,1598945,15.98945,2350000
66,8,group_setup_then_64_copies,std_shared,group,1562,1672962,1071.03841229,2349248
66,9,contended_copy_2_workers,std_shared,copy,200000,14640863,73.204315,4700000
66,10,async_queue_job_64_borrow_reads,std_shared_then_raw_borrow,job,100,55221,552.21,150400
66,11,owner_retained_borrow_parameter,std_raw_borrow,call,100000,70075,0.70075,2350000
66,12,group_setup_then_8_copies,own_local,group,12500,359229,28.73832,2350000
66,13,async_queue_job_1_borrow_reads,std_shared_then_raw_borrow,job,100,62023,620.23,2000
66,14,async_queue_job_1024_borrow_reads,own_shared_then_local_view,job,100,109872,1098.72,2406400
66,15,owner_retained_4096_draw_borrows,own_local_view,frame,24,65768,2740.33333333,41287680
66,16,owner_retained_borrow_parameter,own_local_view,call,100000,71580,0.7158,2350000
66,17,owner_retained_4096_parameter_borrows,own_local_view,frame,24,84621,3525.875,41287680
66,18,localize_read_drop,std_shared,group,100000,1640369,16.40369,2350000
66,19,owner_retained_4096_parameter_borrows,std_raw_borrow,frame,24,85309,3554.54166667,41287680
66,20,async_queue_job_1_borrow_reads,own_shared_then_local_view,job,100,43784,437.84,2000
66,21,create_read_destroy,own_local,asset,100000,1709043,17.09043,65000400000
66,22,resource_lifecycle_64_assets_4096_objects,own_local,cycle,10,216335,21633.5,17203200
66,23,create_read_destroy,std_shared,asset,100000,1315135,13.15135,65000400000
66,24,async_queue_job_64_local_copies,std_shared,job,100,290788,2907.88,150400
66,25,scene_4096_attachments,std_shared,attachment,98304,946551,9.62881469727,98304
66,26,group_setup_then_64_copies,own_local,group,1562,112323,71.909731114,2349248
66,27,async_queue_job_64_borrow_reads,own_shared_then_local_view,job,100,76693,766.93,150400
66,28,group_setup_then_8_copies,std_shared,group,12500,1925717,154.05736,2350000
66,29,async_queue_job_1024_local_copies,own_local,job,100,229515,2295.15,2406400
66,30,async_queue_job_1_local_copies,own_local,job,100,58539,585.39,2000
66,31,async_queue_job_1024_local_copies,std_shared,job,100,2410453,24104.53,2406400
66,32,async_queue_job_1024_borrow_reads,std_shared_then_raw_borrow,job,100,201569,2015.69,2406400
66,33,copy_read_drop,own_shared,copy,100000,1105251,11.05251,2350000
66,34,scene_4096_attachments,own_local,attachment,98304,140988,1.43420410156,98304
66,35,weak_lock_expired,own_shared,lock,100000,81168,0.81168,0
66,36,frame_4096_draws_64_unique_leases,own_shared,frame,24,86454,3602.25,41287680
66,37,async_queue_job_1_local_copies,std_shared,job,100,74502,745.02,2000
66,38,weak_lock_live,own_shared,lock,100000,1493500,14.935,2350000
66,39,copy_read_drop,own_local,copy,100000,101716,1.01716,2350000
66,40,share_read_drop,own_shared,handoff,100000,1235541,12.35541,2350000
66,41,resource_lifecycle_64_assets_4096_objects,std_shared,cycle,10,558782,55878.2,17203200
66,42,group_setup_then_1024_copies,std_shared,group,97,1774161,18290.3195876,2334208
66,43,owner_retained_borrow_copy_read,std_raw_borrow,read,100000,32683,0.32683,2350000
66,44,independent_owner_parameter,own_local,call,100000,125370,1.2537,2350000
66,45,copy_read_drop,std_shared,copy,100000,1718761,17.18761,2350000
66,46,frame_4096_draws_64_unique_leases,std_shared,frame,24,86052,3585.5,41287680
66,47,weak_lock_live,std_shared,lock,100000,1682244,16.82244,2350000
66,48,borrow_read,raw_borrow,read,100000,35514,0.35514,2350000
66,49,group_setup_then_1_copies,own_local,group,100000,1382359,13.82359,2000000
66,50,localize_read_drop,own_local,group,100000,1273433,12.73433,2350000
66,51,weak_lock_expired,std_shared,lock,100000,85590,0.8559,0
66,52,independent_owner_parameter,own_shared,call,100000,1459077,14.59077,2350000
66,53,resettable_root_pin_1024_borrow_reads,own_shared_pin_local_view,scope,97,31493,324.670103093,2334208
66,54,async_queue_job_64_local_copies,own_local,job,100,78238,782.38,150400
66,55,owner_retained_4096_draw_borrows,std_raw_borrow,frame,24,48036,2001.5,41287680
67,0,async_queue_job_1024_borrow_reads,own_shared_then_local_view,job,100,113761,1137.61,2406400
67,1,resettable_root_pin_1024_borrow_reads,std_shared_pin_raw_borrow,scope,97,31656,326.350515464,2334208
67,2,group_setup_then_1024_copies,own_local,group,97,90952,937.649484536,2334208
67,3,independent_owner_parameter,own_shared,call,100000,1461885,14.61885,2350000
67,4,borrow_read,raw_borrow,read,100000,51325,0.51325,2350000
67,5,resettable_root_pin_1024_borrow_reads,own_shared_pin_local_view,scope,97,46441,478.773195876,2334208
67,6,independent_owner_parameter,std_shared,call,100000,1647430,16.4743,2350000
67,7,owner_retained_borrow_copy_read,std_raw_borrow,read,100000,30014,0.30014,2350000
67,8,frame_4096_draws_64_unique_leases,own_shared,frame,24,86897,3620.70833333,41287680
67,9,owner_retained_4096_parameter_borrows,own_local_view,frame,24,76833,3201.375,41287680
67,10,group_setup_then_8_copies,std_shared,group,12500,1881577,150.52616,2350000
67,11,async_queue_job_1_local_copies,std_shared,job,100,91679,916.79,2000
67,12,owner_retained_4096_draw_borrows,std_raw_borrow,frame,24,47092,1962.16666667,41287680
67,13,localize_read_drop,std_shared,group,100000,1495167,14.95167,2350000
67,14,contended_copy_2_workers,std_shared,copy,200000,12095171,60.475855,4700000
67,15,localize_read_drop,own_local,group,100000,1457296,14.57296,2350000
67,16,async_queue_job_64_borrow_reads,std_shared_then_raw_borrow,job,100,95018,950.18,150400
67,17,frame_4096_draws_64_unique_leases,std_shared,frame,24,100666,4194.41666667,41287680
67,18,owner_retained_borrow_copy_read,own_local_view,read,100000,33574,0.33574,2350000
67,19,group_setup_then_64_copies,std_shared,group,1562,1829331,1171.14660691,2349248
67,20,async_queue_job_64_local_copies,own_local,job,100,78622,786.22,150400
67,21,resource_lifecycle_64_assets_4096_objects,std_shared,cycle,10,542878,54287.8,17203200
67,22,group_setup_then_1_copies,std_shared,group,100000,3374770,33.7477,2000000
67,23,async_queue_job_64_local_copies,std_shared,job,100,300610,3006.1,150400
67,24,owner_retained_borrow_parameter,own_local_view,call,100000,59920,0.5992,2350000
67,25,resource_lifecycle_64_assets_4096_objects,own_local,cycle,10,196475,19647.5,17203200
67,26,async_queue_job_1_borrow_reads,std_shared_then_raw_borrow,job,100,62789,627.89,2000
67,27,group_setup_then_8_copies,own_local,group,12500,221992,17.75936,2350000
67,28,async_queue_job_1_local_copies,own_local,job,100,64744,647.44,2000
67,29,weak_lock_live,own_shared,lock,100000,1504973,15.04973,2350000
67,30,scene_4096_attachments,std_shared,attachment,98304,946385,9.62712605794,98304
67,31,create_read_destroy,std_shared,asset,100000,1245080,12.4508,65000400000
67,32,owner_retained_4096_parameter_borrows,std_raw_borrow,frame,24,76602,3191.75,41287680
67,33,weak_lock_expired,own_shared,lock,100000,77156,0.77156,0
67,34,copy_read_drop,own_shared,copy,100000,1123703,11.23703,2350000
67,35,create_read_destroy,own_local,asset,100000,1480659,14.80659,65000400000
67,36,create_read_destroy,own_shared,asset,100000,1251623,12.51623,65000400000
67,37,group_setup_then_64_copies,own_local,group,1562,111306,71.2586427657,2349248
67,38,share_read_drop,own_shared,handoff,100000,1115989,11.15989,2350000
67,39,contended_copy_2_workers,own_shared,copy,200000,8657178,43.28589,4700000
67,40,async_queue_job_1_borrow_reads,own_shared_then_local_view,job,100,64144,641.44,2000
67,41,scene_4096_attachments,own_local,attachment,98304,139897,1.42310587565,98304
67,42,independent_owner_parameter,own_local,call,100000,115617,1.15617,2350000
67,43,owner_retained_borrow_parameter,std_raw_borrow,call,100000,64237,0.64237,2350000
67,44,async_queue_job_1024_local_copies,std_shared,job,100,2657708,26577.08,2406400
67,45,owner_retained_4096_draw_borrows,own_local_view,frame,24,48215,2008.95833333,41287680
67,46,share_read_drop,std_shared,handoff,100000,1502559,15.02559,2350000
67,47,group_setup_then_1024_copies,std_shared,group,97,1640873,16916.2164948,2334208
67,48,copy_read_drop,own_local,copy,100000,101444,1.01444,2350000
67,49,copy_read_drop,std_shared,copy,100000,1827198,18.27198,2350000
67,50,weak_lock_live,std_shared,lock,100000,1829098,18.29098,2350000
67,51,weak_lock_expired,std_shared,lock,100000,92674,0.92674,0
67,52,async_queue_job_1024_borrow_reads,std_shared_then_raw_borrow,job,100,123599,1235.99,2406400
67,53,async_queue_job_64_borrow_reads,own_shared_then_local_view,job,100,70536,705.36,150400
67,54,group_setup_then_1_copies,own_local,group,100000,1389415,13.89415,2000000
67,55,async_queue_job_1024_local_copies,own_local,job,100,275553,2755.53,2406400
68,0,async_queue_job_1_borrow_reads,own_shared_then_local_view,job,100,72654,726.54,2000
68,1,frame_4096_draws_64_unique_leases,own_shared,frame,24,92805,3866.875,41287680
68,2,independent_owner_parameter,own_shared,call,100000,1468821,14.68821,2350000
68,3,weak_lock_live,std_shared,lock,100000,1694492,16.94492,2350000
68,4,copy_read_drop,std_shared,copy,100000,1669218,16.69218,2350000
68,5,async_queue_job_64_local_copies,std_shared,job,100,207007,2070.07,150400
68,6,async_queue_job_1024_borrow_reads,own_shared_then_local_view,job,100,148345,1483.45,2406400
68,7,group_setup_then_1024_copies,std_shared,group,97,1641952,16927.3402062,2334208
68,8,resettable_root_pin_1024_borrow_reads,std_shared_pin_raw_borrow,scope,97,31677,326.567010309,2334208
68,9,weak_lock_live,own_shared,lock,100000,1522802,15.22802,2350000
68,10,copy_read_drop,own_local,copy,100000,101865,1.01865,2350000
68,11,owner_retained_borrow_copy_read,own_local_view,read,100000,32534,0.32534,2350000
68,12,scene_4096_attachments,own_local,attachment,98304,151437,1.54049682617,98304
68,13,async_queue_job_1_borrow_reads,std_shared_then_raw_borrow,job,100,54257,542.57,2000
68,14,async_queue_job_1024_local_copies,std_shared,job,100,2425671,24256.71,2406400
68,15,group_setup_then_1_copies,own_local,group,100000,1467352,14.67352,2000000
68,16,independent_owner_parameter,std_shared,call,100000,1660846,16.60846,2350000
68,17,resource_lifecycle_64_assets_4096_objects,own_local,cycle,10,199058,19905.8,17203200
68,18,share_read_drop,own_shared,handoff,100000,1136494,11.36494,2350000
68,19,owner_retained_borrow_parameter,std_raw_borrow,call,100000,61674,0.61674,2350000
68,20,async_queue_job_64_borrow_reads,own_shared_then_local_view,job,100,62118,621.18,150400
68,21,create_read_destroy,own_shared,asset,100000,1298891,12.98891,65000400000
68,22,group_setup_then_8_copies,std_shared,group,12500,1859238,148.73904,2350000
68,23,contended_copy_2_workers,std_shared,copy,200000,14510851,72.554255,4700000
68,24,localize_read_drop,std_shared,group,100000,1644627,16.44627,2350000
68,25,contended_copy_2_workers,own_shared,copy,200000,11810482,59.05241,4700000
68,26,group_setup_then_1_copies,std_shared,group,100000,3731074,37.31074,2000000
68,27,group_setup_then_8_copies,own_local,group,12500,292867,23.42936,2350000
68,28,async_queue_job_64_borrow_reads,std_shared_then_raw_borrow,job,100,122865,1228.65,150400
68,29,share_read_drop,std_shared,handoff,100000,1598954,15.98954,2350000
68,30,owner_retained_4096_parameter_borrows,own_local_view,frame,24,87750,3656.25,41287680
68,31,owner_retained_4096_draw_borrows,own_local_view,frame,24,50767,2115.29166667,41287680
68,32,owner_retained_4096_draw_borrows,std_raw_borrow,frame,24,51931,2163.79166667,41287680
68,33,scene_4096_attachments,std_shared,attachment,98304,1016607,10.3414611816,98304
68,34,copy_read_drop,own_shared,copy,100000,1126291,11.26291,2350000
68,35,async_queue_job_64_local_copies,own_local,job,100,106284,1062.84,150400
68,36,owner_retained_4096_parameter_borrows,std_raw_borrow,frame,24,76192,3174.66666667,41287680
68,37,resource_lifecycle_64_assets_4096_objects,std_shared,cycle,10,522028,52202.8,17203200
68,38,weak_lock_expired,own_shared,lock,100000,77235,0.77235,0
68,39,create_read_destroy,own_local,asset,100000,1527617,15.27617,65000400000
68,40,async_queue_job_1024_borrow_reads,std_shared_then_raw_borrow,job,100,142627,1426.27,2406400
68,41,async_queue_job_1_local_copies,own_local,job,100,70942,709.42,2000
68,42,resettable_root_pin_1024_borrow_reads,own_shared_pin_local_view,scope,97,31454,324.268041237,2334208
68,43,group_setup_then_64_copies,own_local,group,1562,118571,75.909731114,2349248
68,44,localize_read_drop,own_local,group,100000,1303982,13.03982,2350000
68,45,owner_retained_borrow_parameter,own_local_view,call,100000,64234,0.64234,2350000
68,46,create_read_destroy,std_shared,asset,100000,1276516,12.76516,65000400000
68,47,owner_retained_borrow_copy_read,std_raw_borrow,read,100000,30515,0.30515,2350000
68,48,group_setup_then_1024_copies,own_local,group,97,92420,952.783505155,2334208
68,49,frame_4096_draws_64_unique_leases,std_shared,frame,24,84907,3537.79166667,41287680
68,50,weak_lock_expired,std_shared,lock,100000,85657,0.85657,0
68,51,async_queue_job_1_local_copies,std_shared,job,100,62332,623.32,2000
68,52,group_setup_then_64_copies,std_shared,group,1562,1685685,1079.1837388,2349248
68,53,borrow_read,raw_borrow,read,100000,35506,0.35506,2350000
68,54,independent_owner_parameter,own_local,call,100000,115513,1.15513,2350000
68,55,async_queue_job_1024_local_copies,own_local,job,100,237457,2374.57,2406400
69,0,owner_retained_borrow_parameter,std_raw_borrow,call,100000,59953,0.59953,2350000
69,1,share_read_drop,std_shared,handoff,100000,1495722,14.95722,2350000
69,2,resource_lifecycle_64_assets_4096_objects,own_local,cycle,10,198078,19807.8,17203200
69,3,group_setup_then_1_copies,own_local,group,100000,1361513,13.61513,2000000
69,4,async_queue_job_1024_borrow_reads,std_shared_then_raw_borrow,job,100,103640,1036.4,2406400
69,5,resettable_root_pin_1024_borrow_reads,std_shared_pin_raw_borrow,scope,97,31661,326.402061856,2334208
69,6,async_queue_job_1024_local_copies,std_shared,job,100,2469094,24690.94,2406400
69,7,resettable_root_pin_1024_borrow_reads,own_shared_pin_local_view,scope,97,34549,356.175257732,2334208
69,8,async_queue_job_64_borrow_reads,std_shared_then_raw_borrow,job,100,68446,684.46,150400
69,9,localize_read_drop,std_shared,group,100000,1491165,14.91165,2350000
69,10,async_queue_job_1024_local_copies,own_local,job,100,280674,2806.74,2406400
69,11,async_queue_job_64_local_copies,std_shared,job,100,285229,2852.29,150400
69,12,create_read_destroy,std_shared,asset,100000,1269221,12.69221,65000400000
69,13,share_read_drop,own_shared,handoff,100000,1114395,11.14395,2350000
69,14,weak_lock_live,own_shared,lock,100000,1508791,15.08791,2350000
69,15,group_setup_then_1024_copies,std_shared,group,97,1675283,17270.9587629,2334208
69,16,weak_lock_expired,std_shared,lock,100000,87086,0.87086,0
69,17,weak_lock_live,std_shared,lock,100000,1683127,16.83127,2350000
69,18,independent_owner_parameter,own_shared,call,100000,1487371,14.87371,2350000
69,19,async_queue_job_1_borrow_reads,own_shared_then_local_view,job,100,71219,712.19,2000
69,20,owner_retained_borrow_parameter,own_local_view,call,100000,62206,0.62206,2350000
69,21,frame_4096_draws_64_unique_leases,own_shared,frame,24,89178,3715.75,41287680
69,22,group_setup_then_8_copies,std_shared,group,12500,1871286,149.70288,2350000
69,23,weak_lock_expired,own_shared,lock,100000,80517,0.80517,0
69,24,async_queue_job_1_local_copies,own_local,job,100,62771,627.71,2000
69,25,owner_retained_4096_draw_borrows,own_local_view,frame,24,47534,1980.58333333,41287680
69,26,group_setup_then_1024_copies,own_local,group,97,89107,918.628865979,2334208
69,27,create_read_destroy,own_local,asset,100000,1579745,15.79745,65000400000
69,28,group_setup_then_8_copies,own_local,group,12500,266318,21.30544,2350000
69,29,scene_4096_attachments,own_local,attachment,98304,143223,1.45693969727,98304
69,30,group_setup_then_64_copies,own_local,group,1562,114370,73.2202304738,2349248
69,31,owner_retained_4096_parameter_borrows,own_local_view,frame,24,76403,3183.45833333,41287680
69,32,resource_lifecycle_64_assets_4096_objects,std_shared,cycle,10,523845,52384.5,17203200
69,33,owner_retained_4096_parameter_borrows,std_raw_borrow,frame,24,76806,3200.25,41287680
69,34,scene_4096_attachments,std_shared,attachment,98304,958211,9.74742635091,98304
69,35,borrow_read,raw_borrow,read,100000,51346,0.51346,2350000
69,36,async_queue_job_1_borrow_reads,std_shared_then_raw_borrow,job,100,56800,568,2000
69,37,copy_read_drop,std_shared,copy,100000,1703895,17.03895,2350000
69,38,independent_owner_parameter,own_local,call,100000,115365,1.15365,2350000
69,39,create_read_destroy,own_shared,asset,100000,1239460,12.3946,65000400000
69,40,owner_retained_borrow_copy_read,own_local_view,read,100000,30063,0.30063,2350000
69,41,async_queue_job_64_borrow_reads,own_shared_then_local_view,job,100,60386,603.86,150400
69,42,owner_retained_4096_draw_borrows,std_raw_borrow,frame,24,49819,2075.79166667,41287680
69,43,frame_4096_draws_64_unique_leases,std_shared,frame,24,84835,3534.79166667,41287680
69,44,async_queue_job_1_local_copies,std_shared,job,100,51227,512.27,2000
69,45,async_queue_job_1024_borrow_reads,own_shared_then_local_view,job,100,112320,1123.2,2406400
69,46,copy_read_drop,own_shared,copy,100000,1135852,11.35852,2350000
69,47,contended_copy_2_workers,own_shared,copy,200000,9603589,48.017945,4700000
69,48,contended_copy_2_workers,std_shared,copy,200000,12134390,60.67195,4700000
69,49,group_setup_then_64_copies,std_shared,group,1562,1680378,1075.78617157,2349248
69,50,localize_read_drop,own_local,group,100000,1317264,13.17264,2350000
69,51,independent_owner_parameter,std_shared,call,100000,1667354,16.67354,2350000
69,52,owner_retained_borrow_copy_read,std_raw_borrow,read,100000,53383,0.53383,2350000
69,53,async_queue_job_64_local_copies,own_local,job,100,79209,792.09,150400
69,54,copy_read_drop,own_local,copy,100000,105216,1.05216,2350000
69,55,group_setup_then_1_copies,std_shared,group,100000,3660744,36.60744,2000000
70,0,group_setup_then_64_copies,std_shared,group,1562,1713531,1097.01088348,2349248
70,1,async_queue_job_64_local_copies,std_shared,job,100,288161,2881.61,150400
70,2,group_setup_then_1_copies,own_local,group,100000,1406947,14.06947,2000000
70,3,weak_lock_live,own_shared,lock,100000,1508050,15.0805,2350000
70,4,async_queue_job_64_local_copies,own_local,job,100,74165,741.65,150400
70,5,owner_retained_borrow_copy_read,std_raw_borrow,read,100000,31348,0.31348,2350000
70,6,owner_retained_4096_parameter_borrows,std_raw_borrow,frame,24,76526,3188.58333333,41287680
70,7,owner_retained_4096_draw_borrows,std_raw_borrow,frame,24,46904,1954.33333333,41287680
70,8,frame_4096_draws_64_unique_leases,own_shared,frame,24,94094,3920.58333333,41287680
70,9,owner_retained_borrow_copy_read,own_local_view,read,100000,30006,0.30006,2350000
70,10,async_queue_job_1024_borrow_reads,std_shared_then_raw_borrow,job,100,126254,1262.54,2406400
70,11,owner_retained_4096_parameter_borrows,own_local_view,frame,24,90778,3782.41666667,41287680
70,12,async_queue_job_1_borrow_reads,own_shared_then_local_view,job,100,56441,564.41,2000
70,13,independent_owner_parameter,own_local,call,100000,111379,1.11379,2350000
70,14,scene_4096_attachments,own_local,attachment,98304,139462,1.41868082682,98304
70,15,resettable_root_pin_1024_borrow_reads,own_shared_pin_local_view,scope,97,31155,321.18556701,2334208
70,16,async_queue_job_1024_local_copies,own_local,job,100,245914,2459.14,2406400
70,17,async_queue_job_64_borrow_reads,std_shared_then_raw_borrow,job,100,56826,568.26,150400
70,18,independent_owner_parameter,std_shared,call,100000,1684492,16.84492,2350000
70,19,create_read_destroy,own_local,asset,100000,1539135,15.39135,65000400000
70,20,localize_read_drop,own_local,group,100000,1323474,13.23474,2350000
70,21,create_read_destroy,std_shared,asset,100000,1282671,12.82671,65000400000
70,22,resource_lifecycle_64_assets_4096_objects,std_shared,cycle,10,525876,52587.6,17203200
70,23,create_read_destroy,own_shared,asset,100000,1261080,12.6108,65000400000
70,24,weak_lock_live,std_shared,lock,100000,1731563,17.31563,2350000
70,25,owner_retained_4096_draw_borrows,own_local_view,frame,24,47698,1987.41666667,41287680
70,26,share_read_drop,own_shared,handoff,100000,1113006,11.13006,2350000
70,27,resource_lifecycle_64_assets_4096_objects,own_local,cycle,10,191030,19103,17203200
70,28,async_queue_job_1_borrow_reads,std_shared_then_raw_borrow,job,100,77270,772.7,2000
70,29,group_setup_then_64_copies,own_local,group,1562,268997,172.21318822,2349248
70,30,async_queue_job_64_borrow_reads,own_shared_then_local_view,job,100,104699,1046.99,150400
70,31,group_setup_then_8_copies,std_shared,group,12500,1881377,150.51016,2350000
70,32,group_setup_then_1_copies,std_shared,group,100000,3337790,33.3779,2000000
70,33,contended_copy_2_workers,std_shared,copy,200000,11965991,59.829955,4700000
70,34,frame_4096_draws_64_unique_leases,std_shared,frame,24,90153,3756.375,41287680
70,35,group_setup_then_8_copies,own_local,group,12500,225233,18.01864,2350000
70,36,async_queue_job_1024_local_copies,std_shared,job,100,2643107,26431.07,2406400
70,37,copy_read_drop,own_shared,copy,100000,1115738,11.15738,2350000
70,38,weak_lock_expired,std_shared,lock,100000,85623,0.85623,0
70,39,group_setup_then_1024_copies,own_local,group,97,91143,939.618556701,2334208
70,40,resettable_root_pin_1024_borrow_reads,std_shared_pin_raw_borrow,scope,97,31298,322.659793814,2334208
70,41,group_setup_then_1024_copies,std_shared,group,97,1637392,16880.3298969,2334208
70,42,borrow_read,raw_borrow,read,100000,35539,0.35539,2350000
70,43,scene_4096_attachments,std_shared,attachment,98304,931672,9.47745768229,98304
70,44,independent_owner_parameter,own_shared,call,100000,1482573,14.82573,2350000
70,45,owner_retained_borrow_parameter,std_raw_borrow,call,100000,61682,0.61682,2350000
70,46,contended_copy_2_workers,own_shared,copy,200000,10076246,50.38123,4700000
70,47,owner_retained_borrow_parameter,own_local_view,call,100000,60014,0.60014,2350000
70,48,async_queue_job_1_local_copies,std_shared,job,100,62442,624.42,2000
70,49,localize_read_drop,std_shared,group,100000,1505199,15.05199,2350000
70,50,weak_lock_expired,own_shared,lock,100000,77117,0.77117,0
70,51,copy_read_drop,std_shared,copy,100000,1659253,16.59253,2350000
70,52,copy_read_drop,own_local,copy,100000,112776,1.12776,2350000
70,53,share_read_drop,std_shared,handoff,100000,1591892,15.91892,2350000
70,54,async_queue_job_1_local_copies,own_local,job,100,101128,1011.28,2000
70,55,async_queue_job_1024_borrow_reads,own_shared_then_local_view,job,100,118286,1182.86,2406400
71,0,borrow_read,raw_borrow,read,100000,46456,0.46456,2350000
71,1,group_setup_then_1024_copies,own_local,group,97,113149,1166.48453608,2334208
71,2,independent_owner_parameter,std_shared,call,100000,1782581,17.82581,2350000
71,3,async_queue_job_64_borrow_reads,std_shared_then_raw_borrow,job,100,66261,662.61,150400
71,4,independent_owner_parameter,own_shared,call,100000,1480877,14.80877,2350000
71,5,owner_retained_4096_draw_borrows,own_local_view,frame,24,48986,2041.08333333,41287680
71,6,owner_retained_borrow_parameter,own_local_view,call,100000,64304,0.64304,2350000
71,7,scene_4096_attachments,own_local,attachment,98304,141747,1.44192504883,98304
71,8,owner_retained_4096_parameter_borrows,std_raw_borrow,frame,24,112676,4694.83333333,41287680
71,9,async_queue_job_1024_borrow_reads,std_shared_then_raw_borrow,job,100,154453,1544.53,2406400
71,10,group_setup_then_8_copies,std_shared,group,12500,1855916,148.47328,2350000
71,11,localize_read_drop,std_shared,group,100000,1492094,14.92094,2350000
71,12,resettable_root_pin_1024_borrow_reads,own_shared_pin_local_view,scope,97,31245,322.113402062,2334208
71,13,async_queue_job_64_local_copies,own_local,job,100,92158,921.58,150400
71,14,async_queue_job_64_local_copies,std_shared,job,100,259529,2595.29,150400
71,15,frame_4096_draws_64_unique_leases,own_shared,frame,24,122181,5090.875,41287680
71,16,owner_retained_4096_parameter_borrows,own_local_view,frame,24,76228,3176.16666667,41287680
71,17,group_setup_then_1024_copies,std_shared,group,97,1637754,16884.0618557,2334208
71,18,async_queue_job_1_borrow_reads,std_shared_then_raw_borrow,job,100,70160,701.6,2000
71,19,owner_retained_borrow_parameter,std_raw_borrow,call,100000,59943,0.59943,2350000
71,20,group_setup_then_1_copies,own_local,group,100000,1360818,13.60818,2000000
71,21,contended_copy_2_workers,std_shared,copy,200000,11944511,59.722555,4700000
71,22,owner_retained_borrow_copy_read,own_local_view,read,100000,42107,0.42107,2350000
71,23,localize_read_drop,own_local,group,100000,1298190,12.9819,2350000
71,24,group_setup_then_64_copies,own_local,group,1562,113040,72.3687580026,2349248
71,25,resource_lifecycle_64_assets_4096_objects,own_local,cycle,10,206341,20634.1,17203200
71,26,weak_lock_expired,own_shared,lock,100000,77418,0.77418,0
71,27,async_queue_job_1024_local_copies,std_shared,job,100,2547457,25474.57,2406400
71,28,weak_lock_live,own_shared,lock,100000,1499424,14.99424,2350000
71,29,resettable_root_pin_1024_borrow_reads,std_shared_pin_raw_borrow,scope,97,32017,330.072164948,2334208
71,30,group_setup_then_8_copies,own_local,group,12500,249134,19.93072,2350000
71,31,independent_owner_parameter,own_local,call,100000,132688,1.32688,2350000
71,32,group_setup_then_64_copies,std_shared,group,1562,1650564,1056.69910371,2349248
71,33,frame_4096_draws_64_unique_leases,std_shared,frame,24,102320,4263.33333333,41287680
71,34,async_queue_job_1_local_copies,std_shared,job,100,68932,689.32,2000
71,35,owner_retained_borrow_copy_read,std_raw_borrow,read,100000,30176,0.30176,2350000
71,36,create_read_destroy,own_shared,asset,100000,1296124,12.96124,65000400000
71,37,async_queue_job_1_borrow_reads,own_shared_then_local_view,job,100,76979,769.79,2000
71,38,copy_read_drop,own_local,copy,100000,101676,1.01676,2350000
71,39,weak_lock_expired,std_shared,lock,100000,92969,0.92969,0
71,40,resource_lifecycle_64_assets_4096_objects,std_shared,cycle,10,557972,55797.2,17203200
71,41,create_read_destroy,own_local,asset,100000,1687427,16.87427,65000400000
71,42,async_queue_job_1024_local_copies,own_local,job,100,323061,3230.61,2406400
71,43,create_read_destroy,std_shared,asset,100000,1364998,13.64998,65000400000
71,44,group_setup_then_1_copies,std_shared,group,100000,3324978,33.24978,2000000
71,45,share_read_drop,own_shared,handoff,100000,1125925,11.25925,2350000
71,46,async_queue_job_1024_borrow_reads,own_shared_then_local_view,job,100,107112,1071.12,2406400
71,47,async_queue_job_64_borrow_reads,own_shared_then_local_view,job,100,55870,558.7,150400
71,48,share_read_drop,std_shared,handoff,100000,1466945,14.66945,2350000
71,49,contended_copy_2_workers,own_shared,copy,200000,10305063,51.525315,4700000
71,50,copy_read_drop,own_shared,copy,100000,1106457,11.06457,2350000
71,51,async_queue_job_1_local_copies,own_local,job,100,74580,745.8,2000
71,52,scene_4096_attachments,std_shared,attachment,98304,945398,9.61708577474,98304
71,53,weak_lock_live,std_shared,lock,100000,1702030,17.0203,2350000
71,54,owner_retained_4096_draw_borrows,std_raw_borrow,frame,24,52951,2206.29166667,41287680
71,55,copy_read_drop,std_shared,copy,100000,1667105,16.67105,2350000
72,0,async_queue_job_64_borrow_reads,std_shared_then_raw_borrow,job,100,51342,513.42,150400
72,1,resettable_root_pin_1024_borrow_reads,std_shared_pin_raw_borrow,scope,97,32032,330.226804124,2334208
72,2,owner_retained_4096_draw_borrows,own_local_view,frame,24,48352,2014.66666667,41287680
72,3,async_queue_job_1_borrow_reads,own_shared_then_local_view,job,100,63516,635.16,2000
72,4,localize_read_drop,std_shared,group,100000,1520920,15.2092,2350000
72,5,independent_owner_parameter,own_shared,call,100000,1450971,14.50971,2350000
72,6,async_queue_job_1_local_copies,own_local,job,100,68446,684.46,2000
72,7,async_queue_job_64_local_copies,own_local,job,100,52352,523.52,150400
72,8,group_setup_then_1024_copies,own_local,group,97,108363,1117.1443299,2334208
72,9,owner_retained_borrow_parameter,own_local_view,call,100000,64222,0.64222,2350000
72,10,group_setup_then_1_copies,own_local,group,100000,1359504,13.59504,2000000
72,11,async_queue_job_1024_local_copies,std_shared,job,100,2463691,24636.91,2406400
72,12,localize_read_drop,own_local,group,100000,1289374,12.89374,2350000
72,13,contended_copy_2_workers,std_shared,copy,200000,11266134,56.33067,4700000
72,14,group_setup_then_1_copies,std_shared,group,100000,3336161,33.36161,2000000
72,15,weak_lock_expired,own_shared,lock,100000,77445,0.77445,0
72,16,scene_4096_attachments,own_local,attachment,98304,159681,1.62435913086,98304
72,17,copy_read_drop,std_shared,copy,100000,1652075,16.52075,2350000
72,18,group_setup_then_8_copies,std_shared,group,12500,1881854,150.54832,2350000
72,19,weak_lock_live,std_shared,lock,100000,1689019,16.89019,2350000
72,20,independent_owner_parameter,own_local,call,100000,115876,1.15876,2350000
72,21,contended_copy_2_workers,own_shared,copy,200000,10235253,51.176265,4700000
72,22,borrow_read,raw_borrow,read,100000,35184,0.35184,2350000
72,23,weak_lock_live,own_shared,lock,100000,1494955,14.94955,2350000
72,24,weak_lock_expired,std_shared,lock,100000,85764,0.85764,0
72,25,async_queue_job_1_local_copies,std_shared,job,100,55969,559.69,2000
72,26,owner_retained_borrow_copy_read,own_local_view,read,100000,30029,0.30029,2350000
72,27,async_queue_job_1024_local_copies,own_local,job,100,269496,2694.96,2406400
72,28,group_setup_then_1024_copies,std_shared,group,97,1656145,17073.6597938,2334208
72,29,resource_lifecycle_64_assets_4096_objects,own_local,cycle,10,202062,20206.2,17203200
72,30,share_read_drop,std_shared,handoff,100000,1457784,14.57784,2350000
72,31,owner_retained_4096_draw_borrows,std_raw_borrow,frame,24,58880,2453.33333333,41287680
72,32,group_setup_then_64_copies,std_shared,group,1562,1683246,1077.62227913,2349248
72,33,owner_retained_4096_parameter_borrows,std_raw_borrow,frame,24,76211,3175.45833333,41287680
72,34,create_read_destroy,own_shared,asset,100000,1241615,12.41615,65000400000
72,35,resource_lifecycle_64_assets_4096_objects,std_shared,cycle,10,504428,50442.8,17203200
72,36,async_queue_job_1024_borrow_reads,own_shared_then_local_view,job,100,118635,1186.35,2406400
72,37,owner_retained_borrow_parameter,std_raw_borrow,call,100000,59957,0.59957,2350000
72,38,copy_read_drop,own_local,copy,100000,102285,1.02285,2350000
72,39,async_queue_job_1_borrow_reads,std_shared_then_raw_borrow,job,100,59783,597.83,2000
72,40,scene_4096_attachments,std_shared,attachment,98304,1037360,10.5525716146,98304
72,41,independent_owner_parameter,std_shared,call,100000,1796885,17.96885,2350000
72,42,async_queue_job_64_borrow_reads,own_shared_then_local_view,job,100,51207,512.07,150400
72,43,resettable_root_pin_1024_borrow_reads,own_shared_pin_local_view,scope,97,33944,349.93814433,2334208
72,44,async_queue_job_1024_borrow_reads,std_shared_then_raw_borrow,job,100,117721,1177.21,2406400
72,45,copy_read_drop,own_shared,copy,100000,1211429,12.11429,2350000
72,46,frame_4096_draws_64_unique_leases,std_shared,frame,24,85072,3544.66666667,41287680
72,47,share_read_drop,own_shared,handoff,100000,1148102,11.48102,2350000
72,48,create_read_destroy,std_shared,asset,100000,1181202,11.81202,65000400000
72,49,frame_4096_draws_64_unique_leases,own_shared,frame,24,88068,3669.5,41287680
72,50,owner_retained_borrow_copy_read,std_raw_borrow,read,100000,30085,0.30085,2350000
72,51,group_setup_then_8_copies,own_local,group,12500,230707,18.45656,2350000
72,52,owner_retained_4096_parameter_borrows,own_local_view,frame,24,77277,3219.875,41287680
72,53,group_setup_then_64_copies,own_local,group,1562,129047,82.6165172855,2349248
72,54,create_read_destroy,own_local,asset,100000,1566681,15.66681,65000400000
72,55,async_queue_job_64_local_copies,std_shared,job,100,396755,3967.55,150400
73,0,resource_lifecycle_64_assets_4096_objects,own_local,cycle,10,197407,19740.7,17203200
73,1,async_queue_job_1024_local_copies,own_local,job,100,311083,3110.83,2406400
73,2,async_queue_job_64_borrow_reads,own_shared_then_local_view,job,100,86051,860.51,150400
73,3,group_setup_then_8_copies,own_local,group,12500,268573,21.48584,2350000
73,4,scene_4096_attachments,std_shared,attachment,98304,945108,9.61413574219,98304
73,5,owner_retained_borrow_parameter,std_raw_borrow,call,100000,61704,0.61704,2350000
73,6,async_queue_job_64_local_copies,std_shared,job,100,409515,4095.15,150400
73,7,owner_retained_borrow_parameter,own_local_view,call,100000,64211,0.64211,2350000
73,8,create_read_destroy,std_shared,asset,100000,1214265,12.14265,65000400000
73,9,owner_retained_4096_parameter_borrows,own_local_view,frame,24,107913,4496.375,41287680
73,10,contended_copy_2_workers,std_shared,copy,200000,11009770,55.04885,4700000
73,11,group_setup_then_1024_copies,own_local,group,97,90954,937.670103093,2334208
73,12,contended_copy_2_workers,own_shared,copy,200000,9976040,49.8802,4700000
73,13,group_setup_then_1024_copies,std_shared,group,97,1643125,16939.4329897,2334208
73,14,async_queue_job_1_borrow_reads,std_shared_then_raw_borrow,job,100,52446,524.46,2000
73,15,independent_owner_parameter,std_shared,call,100000,1664927,16.64927,2350000
73,16,independent_owner_parameter,own_local,call,100000,112656,1.12656,2350000
73,17,async_queue_job_1024_borrow_reads,std_shared_then_raw_borrow,job,100,155219,1552.19,2406400
73,18,async_queue_job_64_borrow_reads,std_shared_then_raw_borrow,job,100,64353,643.53,150400
73,19,frame_4096_draws_64_unique_leases,std_shared,frame,24,102355,4264.79166667,41287680
73,20,group_setup_then_64_copies,own_local,group,1562,135500,86.747759283,2349248
73,21,resettable_root_pin_1024_borrow_reads,std_shared_pin_raw_borrow,scope,97,31811,327.948453608,2334208
73,22,async_queue_job_1024_borrow_reads,own_shared_then_local_view,job,100,170980,1709.8,2406400
73,23,owner_retained_4096_draw_borrows,std_raw_borrow,frame,24,48168,2007,41287680
73,24,group_setup_then_1_copies,std_shared,group,100000,3331293,33.31293,2000000
73,25,localize_read_drop,own_local,group,100000,1272133,12.72133,2350000
73,26,weak_lock_expired,std_shared,lock,100000,85710,0.8571,0
73,27,share_read_drop,own_shared,handoff,100000,1111915,11.11915,2350000
73,28,weak_lock_live,std_shared,lock,100000,1704345,17.04345,2350000
73,29,localize_read_drop,std_shared,group,100000,1497063,14.97063,2350000
73,30,weak_lock_live,own_shared,lock,100000,1516642,15.16642,2350000
73,31,weak_lock_expired,own_shared,lock,100000,107925,1.07925,0
73,32,resettable_root_pin_1024_borrow_reads,own_shared_pin_local_view,scope,97,31274,322.412371134,2334208
73,33,borrow_read,raw_borrow,read,100000,35174,0.35174,2350000
73,34,async_queue_job_1_local_copies,std_shared,job,100,66734,667.34,2000
73,35,resource_lifecycle_64_assets_4096_objects,std_shared,cycle,10,529285,52928.5,17203200
73,36,create_read_destroy,own_local,asset,100000,1523710,15.2371,65000400000
73,37,async_queue_job_1_local_copies,own_local,job,100,80663,806.63,2000
73,38,group_setup_then_8_copies,std_shared,group,12500,1874778,149.98224,2350000
73,39,scene_4096_attachments,own_local,attachment,98304,164439,1.67276000977,98304
73,40,async_queue_job_1024_local_copies,std_shared,job,100,2450729,24507.29,2406400
73,41,owner_retained_borrow_copy_read,std_raw_borrow,read,100000,31300,0.313,2350000
73,42,create_read_destroy,own_shared,asset,100000,1286315,12.86315,65000400000
73,43,copy_read_drop,own_local,copy,100000,100689,1.00689,2350000
73,44,frame_4096_draws_64_unique_leases,own_shared,frame,24,106949,4456.20833333,41287680
73,45,group_setup_then_64_copies,std_shared,group,1562,1803413,1154.55377721,2349248
73,46,async_queue_job_1_borrow_reads,own_shared_then_local_view,job,100,81677,816.77,2000
73,47,group_setup_then_1_copies,own_local,group,100000,1479055,14.79055,2000000
73,48,owner_retained_4096_draw_borrows,own_local_view,frame,24,52159,2173.29166667,41287680
73,49,owner_retained_4096_parameter_borrows,std_raw_borrow,frame,24,83246,3468.58333333,41287680
73,50,independent_owner_parameter,own_shared,call,100000,1516608,15.16608,2350000
73,51,share_read_drop,std_shared,handoff,100000,1461816,14.61816,2350000
73,52,async_queue_job_64_local_copies,own_local,job,100,70477,704.77,150400
73,53,copy_read_drop,std_shared,copy,100000,1687534,16.87534,2350000
73,54,copy_read_drop,own_shared,copy,100000,1101442,11.01442,2350000
73,55,owner_retained_borrow_copy_read,own_local_view,read,100000,30049,0.30049,2350000
74,0,borrow_read,raw_borrow,read,100000,35209,0.35209,2350000
74,1,weak_lock_live,std_shared,lock,100000,1689285,16.89285,2350000
74,2,create_read_destroy,own_shared,asset,100000,1366411,13.66411,65000400000
74,3,independent_owner_parameter,own_local,call,100000,114861,1.14861,2350000
74,4,resource_lifecycle_64_assets_4096_objects,own_local,cycle,10,191544,19154.4,17203200
74,5,async_queue_job_64_borrow_reads,std_shared_then_raw_borrow,job,100,2272050,22720.5,150400
74,6,async_queue_job_64_borrow_reads,own_shared_then_local_view,job,100,74796,747.96,150400
74,7,weak_lock_expired,own_shared,lock,100000,80544,0.80544,0
74,8,resettable_root_pin_1024_borrow_reads,own_shared_pin_local_view,scope,97,31513,324.87628866,2334208
74,9,group_setup_then_64_copies,own_local,group,1562,115088,73.6798975672,2349248
74,10,group_setup_then_1_copies,std_shared,group,100000,3339398,33.39398,2000000
74,11,async_queue_job_1_borrow_reads,std_shared_then_raw_borrow,job,100,72464,724.64,2000
74,12,group_setup_then_1024_copies,std_shared,group,97,1662510,17139.2783505,2334208
74,13,frame_4096_draws_64_unique_leases,own_shared,frame,24,88044,3668.5,41287680
74,14,copy_read_drop,own_shared,copy,100000,1100852,11.00852,2350000
74,15,resource_lifecycle_64_assets_4096_objects,std_shared,cycle,10,513990,51399,17203200
74,16,localize_read_drop,own_local,group,100000,1270185,12.70185,2350000
74,17,owner_retained_4096_draw_borrows,own_local_view,frame,24,47283,1970.125,41287680
74,18,async_queue_job_64_local_copies,own_local,job,100,72430,724.3,150400
74,19,localize_read_drop,std_shared,group,100000,1489048,14.89048,2350000
74,20,create_read_destroy,own_local,asset,100000,1477116,14.77116,65000400000
74,21,independent_owner_parameter,std_shared,call,100000,1686803,16.86803,2350000
74,22,async_queue_job_64_local_copies,std_shared,job,100,255814,2558.14,150400
74,23,async_queue_job_1024_borrow_reads,own_shared_then_local_view,job,100,153803,1538.03,2406400
74,24,contended_copy_2_workers,own_shared,copy,200000,6708999,33.544995,4700000
74,25,owner_retained_4096_parameter_borrows,own_local_view,frame,24,76450,3185.41666667,41287680
74,26,async_queue_job_1024_borrow_reads,std_shared_then_raw_borrow,job,100,153959,1539.59,2406400
74,27,owner_retained_4096_draw_borrows,std_raw_borrow,frame,24,48157,2006.54166667,41287680
74,28,copy_read_drop,std_shared,copy,100000,1698068,16.98068,2350000
74,29,scene_4096_attachments,std_shared,attachment,98304,945170,9.6147664388,98304
74,30,owner_retained_borrow_parameter,std_raw_borrow,call,100000,64251,0.64251,2350000
74,31,async_queue_job_1024_local_copies,std_shared,job,100,2492438,24924.38,2406400
74,32,async_queue_job_1024_local_copies,own_local,job,100,282654,2826.54,2406400
74,33,owner_retained_borrow_copy_read,own_local_view,read,100000,31193,0.31193,2350000
74,34,async_queue_job_1_borrow_reads,own_shared_then_local_view,job,100,80966,809.66,2000
74,35,async_queue_job_1_local_copies,std_shared,job,100,51871,518.71,2000
74,36,scene_4096_attachments,own_local,attachment,98304,144375,1.46865844727,98304
74,37,frame_4096_draws_64_unique_leases,std_shared,frame,24,84991,3541.29166667,41287680
74,38,group_setup_then_1_copies,own_local,group,100000,1353311,13.53311,2000000
74,39,async_queue_job_1_local_copies,own_local,job,100,81032,810.32,2000
74,40,owner_retained_borrow_copy_read,std_raw_borrow,read,100000,31240,0.3124,2350000
74,41,copy_read_drop,own_local,copy,100000,101300,1.013,2350000
74,42,group_setup_then_1024_copies,own_local,group,97,98597,1016.46391753,2334208
74,43,group_setup_then_8_copies,own_local,group,12500,244794,19.58352,2350000
74,44,owner_retained_4096_parameter_borrows,std_raw_borrow,frame,24,82482,3436.75,41287680
74,45,weak_lock_live,own_shared,lock,100000,1718135,17.18135,2350000
74,46,contended_copy_2_workers,std_shared,copy,200000,11842119,59.210595,4700000
74,47,create_read_destroy,std_shared,asset,100000,1353658,13.53658,65000400000
74,48,weak_lock_expired,std_shared,lock,100000,92877,0.92877,0
74,49,resettable_root_pin_1024_borrow_reads,std_shared_pin_raw_borrow,scope,97,34305,353.659793814,2334208
74,50,owner_retained_borrow_parameter,own_local_view,call,100000,65293,0.65293,2350000
74,51,share_read_drop,own_shared,handoff,100000,1263703,12.63703,2350000
74,52,share_read_drop,std_shared,handoff,100000,1587133,15.87133,2350000
74,53,independent_owner_parameter,own_shared,call,100000,1478704,14.78704,2350000
74,54,group_setup_then_8_copies,std_shared,group,12500,1874832,149.98656,2350000
74,55,group_setup_then_64_copies,std_shared,group,1562,1669166,1068.60819462,2349248
75,0,independent_owner_parameter,own_local,call,100000,115572,1.15572,2350000
75,1,async_queue_job_1_local_copies,own_local,job,100,77177,771.77,2000
75,2,owner_retained_4096_parameter_borrows,std_raw_borrow,frame,24,77318,3221.58333333,41287680
75,3,weak_lock_expired,std_shared,lock,100000,97246,0.97246,0
75,4,scene_4096_attachments,std_shared,attachment,98304,972784,9.89567057292,98304
75,5,async_queue_job_64_borrow_reads,own_shared_then_local_view,job,100,72890,728.9,150400
75,6,frame_4096_draws_64_unique_leases,own_shared,frame,24,89464,3727.66666667,41287680
75,7,copy_read_drop,std_shared,copy,100000,1661692,16.61692,2350000
75,8,async_queue_job_1_local_copies,std_shared,job,100,68104,681.04,2000
75,9,async_queue_job_1_borrow_reads,own_shared_then_local_view,job,100,63304,633.04,2000
75,10,async_queue_job_1024_local_copies,std_shared,job,100,2508453,25084.53,2406400
75,11,resettable_root_pin_1024_borrow_reads,own_shared_pin_local_view,scope,97,38740,399.381443299,2334208
75,12,owner_retained_borrow_parameter,own_local_view,call,100000,59915,0.59915,2350000
75,13,owner_retained_4096_draw_borrows,std_raw_borrow,frame,24,47615,1983.95833333,41287680
75,14,independent_owner_parameter,own_shared,call,100000,1461202,14.61202,2350000
75,15,weak_lock_live,std_shared,lock,100000,1703272,17.03272,2350000
75,16,weak_lock_expired,own_shared,lock,100000,77098,0.77098,0
75,17,owner_retained_borrow_copy_read,std_raw_borrow,read,100000,30069,0.30069,2350000
75,18,resource_lifecycle_64_assets_4096_objects,own_local,cycle,10,216968,21696.8,17203200
75,19,group_setup_then_64_copies,own_local,group,1562,137370,87.9449423816,2349248
75,20,group_setup_then_1_copies,own_local,group,100000,1350701,13.50701,2000000
75,21,async_queue_job_1024_borrow_reads,std_shared_then_raw_borrow,job,100,152632,1526.32,2406400
75,22,contended_copy_2_workers,std_shared,copy,200000,14536639,72.683195,4700000
75,23,owner_retained_4096_draw_borrows,own_local_view,frame,24,55003,2291.79166667,41287680
75,24,contended_copy_2_workers,own_shared,copy,200000,11569660,57.8483,4700000
75,25,independent_owner_parameter,std_shared,call,100000,1842113,18.42113,2350000
75,26,scene_4096_attachments,own_local,attachment,98304,171592,1.74552408854,98304
75,27,async_queue_job_1_borrow_reads,std_shared_then_raw_borrow,job,100,65585,655.85,2000
75,28,share_read_drop,std_shared,handoff,100000,1630337,16.30337,2350000
75,29,owner_retained_borrow_copy_read,own_local_view,read,100000,77727,0.77727,2350000
75,30,async_queue_job_64_borrow_reads,std_shared_then_raw_borrow,job,100,71227,712.27,150400
75,31,async_queue_job_64_local_copies,std_shared,job,100,284228,2842.28,150400
75,32,group_setup_then_1024_copies,std_shared,group,97,1811874,18679.1134021,2334208
75,33,resource_lifecycle_64_assets_4096_objects,std_shared,cycle,10,558206,55820.6,17203200
75,34,async_queue_job_1024_borrow_reads,own_shared_then_local_view,job,100,146184,1461.84,2406400
75,35,weak_lock_live,own_shared,lock,100000,1657827,16.57827,2350000
75,36,owner_retained_4096_parameter_borrows,own_local_view,frame,24,83292,3470.5,41287680
75,37,copy_read_drop,own_shared,copy,100000,1118142,11.18142,2350000
75,38,group_setup_then_8_copies,own_local,group,12500,223034,17.84272,2350000
75,39,create_read_destroy,own_local,asset,100000,1520123,15.20123,65000400000
75,40,async_queue_job_1024_local_copies,own_local,job,100,273673,2736.73,2406400
75,41,async_queue_job_64_local_copies,own_local,job,100,55415,554.15,150400
75,42,frame_4096_draws_64_unique_leases,std_shared,frame,24,89644,3735.16666667,41287680
75,43,share_read_drop,own_shared,handoff,100000,1141616,11.41616,2350000
75,44,group_setup_then_8_copies,std_shared,group,12500,1852540,148.2032,2350000
75,45,create_read_destroy,own_shared,asset,100000,1217008,12.17008,65000400000
75,46,copy_read_drop,own_local,copy,100000,114707,1.14707,2350000
75,47,borrow_read,raw_borrow,read,100000,38110,0.3811,2350000
75,48,create_read_destroy,std_shared,asset,100000,1323102,13.23102,65000400000
75,49,localize_read_drop,std_shared,group,100000,1613613,16.13613,2350000
75,50,group_setup_then_1_copies,std_shared,group,100000,3395807,33.95807,2000000
75,51,group_setup_then_64_copies,std_shared,group,1562,1685292,1078.93213828,2349248
75,52,resettable_root_pin_1024_borrow_reads,std_shared_pin_raw_borrow,scope,97,31518,324.927835052,2334208
75,53,localize_read_drop,own_local,group,100000,1284342,12.84342,2350000
75,54,owner_retained_borrow_parameter,std_raw_borrow,call,100000,64278,0.64278,2350000
75,55,group_setup_then_1024_copies,own_local,group,97,88474,912.103092784,2334208
76,0,async_queue_job_64_local_copies,std_shared,job,100,240023,2400.23,150400
76,1,share_read_drop,std_shared,handoff,100000,1471464,14.71464,2350000
76,2,weak_lock_expired,std_shared,lock,100000,85786,0.85786,0
76,3,localize_read_drop,own_local,group,100000,1300927,13.00927,2350000
76,4,resettable_root_pin_1024_borrow_reads,own_shared_pin_local_view,scope,97,31309,322.773195876,2334208
76,5,weak_lock_live,std_shared,lock,100000,1685883,16.85883,2350000
76,6,create_read_destroy,std_shared,asset,100000,1238002,12.38002,65000400000
76,7,group_setup_then_1_copies,std_shared,group,100000,3318113,33.18113,2000000
76,8,group_setup_then_8_copies,std_shared,group,12500,1879808,150.38464,2350000
76,9,resource_lifecycle_64_assets_4096_objects,std_shared,cycle,10,516632,51663.2,17203200
76,10,scene_4096_attachments,std_shared,attachment,98304,943120,9.59391276042,98304
76,11,independent_owner_parameter,own_local,call,100000,115502,1.15502,2350000
76,12,frame_4096_draws_64_unique_leases,std_shared,frame,24,85347,3556.125,41287680
76,13,independent_owner_parameter,own_shared,call,100000,1480155,14.80155,2350000
76,14,async_queue_job_1024_local_copies,own_local,job,100,295472,2954.72,2406400
76,15,independent_owner_parameter,std_shared,call,100000,1644113,16.44113,2350000
76,16,owner_retained_borrow_copy_read,own_local_view,read,100000,30046,0.30046,2350000
76,17,share_read_drop,own_shared,handoff,100000,1126432,11.26432,2350000
76,18,weak_lock_live,own_shared,lock,100000,1509158,15.09158,2350000
76,19,owner_retained_4096_parameter_borrows,std_raw_borrow,frame,24,88626,3692.75,41287680
76,20,contended_copy_2_workers,std_shared,copy,200000,14681143,73.405715,4700000
76,21,weak_lock_expired,own_shared,lock,100000,86256,0.86256,0
76,22,async_queue_job_64_local_copies,own_local,job,100,72534,725.34,150400
76,23,contended_copy_2_workers,own_shared,copy,200000,12363500,61.8175,4700000
76,24,group_setup_then_8_copies,own_local,group,12500,281758,22.54064,2350000
76,25,group_setup_then_1024_copies,own_local,group,97,96998,999.979381443,2334208
76,26,owner_retained_borrow_parameter,std_raw_borrow,call,100000,66951,0.66951,2350000
76,27,group_setup_then_1_copies,own_local,group,100000,1513972,15.13972,2000000
76,28,copy_read_drop,own_shared,copy,100000,1238181,12.38181,2350000
76,29,async_queue_job_64_borrow_reads,std_shared_then_raw_borrow,job,100,74777,747.77,150400
76,30,async_queue_job_1_local_copies,std_shared,job,100,67201,672.01,2000
76,31,owner_retained_4096_draw_borrows,own_local_view,frame,24,55765,2323.54166667,41287680
76,32,async_queue_job_1_borrow_reads,own_shared_then_local_view,job,100,65696,656.96,2000
76,33,create_read_destroy,own_local,asset,100000,1686056,16.86056,65000400000
76,34,async_queue_job_64_borrow_reads,own_shared_then_local_view,job,100,65980,659.8,150400
76,35,async_queue_job_1024_borrow_reads,std_shared_then_raw_borrow,job,100,159796,1597.96,2406400
76,36,owner_retained_4096_parameter_borrows,own_local_view,frame,24,86145,3589.375,41287680
76,37,group_setup_then_1024_copies,std_shared,group,97,1799647,18553.0618557,2334208
76,38,async_queue_job_1024_borrow_reads,own_shared_then_local_view,job,100,112863,1128.63,2406400
76,39,copy_read_drop,std_shared,copy,100000,1689620,16.8962,2350000
76,40,create_read_destroy,own_shared,asset,100000,1245255,12.45255,65000400000
76,41,owner_retained_borrow_copy_read,std_raw_borrow,read,100000,30035,0.30035,2350000
76,42,borrow_read,raw_borrow,read,100000,35248,0.35248,2350000
76,43,copy_read_drop,own_local,copy,100000,101458,1.01458,2350000
76,44,resource_lifecycle_64_assets_4096_objects,own_local,cycle,10,213428,21342.8,17203200
76,45,async_queue_job_1_local_copies,own_local,job,100,77855,778.55,2000
76,46,resettable_root_pin_1024_borrow_reads,std_shared_pin_raw_borrow,scope,97,47896,493.773195876,2334208
76,47,group_setup_then_64_copies,own_local,group,1562,120386,77.0717029449,2349248
76,48,async_queue_job_1_borrow_reads,std_shared_then_raw_borrow,job,100,100959,1009.59,2000
76,49,localize_read_drop,std_shared,group,100000,1645766,16.45766,2350000
76,50,frame_4096_draws_64_unique_leases,own_shared,frame,24,97394,4058.08333333,41287680
76,51,group_setup_then_64_copies,std_shared,group,1562,1806569,1156.57426376,2349248
76,52,scene_4096_attachments,own_local,attachment,98304,144123,1.4660949707,98304
76,53,owner_retained_4096_draw_borrows,std_raw_borrow,frame,24,48298,2012.41666667,41287680
76,54,async_queue_job_1024_local_copies,std_shared,job,100,2534258,25342.58,2406400
76,55,owner_retained_borrow_parameter,own_local_view,call,100000,64597,0.64597,2350000
77,0,resource_lifecycle_64_assets_4096_objects,std_shared,cycle,10,508004,50800.4,17203200
77,1,async_queue_job_1024_borrow_reads,std_shared_then_raw_borrow,job,100,133587,1335.87,2406400
77,2,localize_read_drop,std_shared,group,100000,1486614,14.86614,2350000
77,3,owner_retained_4096_draw_borrows,own_local_view,frame,24,47529,1980.375,41287680
77,4,share_read_drop,std_shared,handoff,100000,1523353,15.23353,2350000
77,5,async_queue_job_1024_local_copies,own_local,job,100,307111,3071.11,2406400
77,6,resettable_root_pin_1024_borrow_reads,std_shared_pin_raw_borrow,scope,97,32100,330.927835052,2334208
77,7,owner_retained_4096_draw_borrows,std_raw_borrow,frame,24,51035,2126.45833333,41287680
77,8,group_setup_then_64_copies,std_shared,group,1562,1676243,1073.13892446,2349248
77,9,create_read_destroy,std_shared,asset,100000,1268546,12.68546,65000400000
77,10,weak_lock_expired,own_shared,lock,100000,77109,0.77109,0
77,11,contended_copy_2_workers,own_shared,copy,200000,11482851,57.414255,4700000
77,12,borrow_read,raw_borrow,read,100000,47757,0.47757,2350000
77,13,async_queue_job_1_local_copies,std_shared,job,100,71204,712.04,2000
77,14,create_read_destroy,own_local,asset,100000,1720313,17.20313,65000400000
77,15,group_setup_then_64_copies,own_local,group,1562,138954,88.9590268886,2349248
77,16,async_queue_job_64_borrow_reads,std_shared_then_raw_borrow,job,100,67752,677.52,150400
77,17,owner_retained_borrow_copy_read,own_local_view,read,100000,33453,0.33453,2350000
77,18,owner_retained_borrow_parameter,own_local_view,call,100000,66784,0.66784,2350000
77,19,owner_retained_4096_parameter_borrows,own_local_view,frame,24,84929,3538.70833333,41287680
77,20,independent_owner_parameter,std_shared,call,100000,1873346,18.73346,2350000
77,21,async_queue_job_64_local_copies,own_local,job,100,81376,813.76,150400
77,22,async_queue_job_1_borrow_reads,std_shared_then_raw_borrow,job,100,52767,527.67,2000
77,23,owner_retained_4096_parameter_borrows,std_raw_borrow,frame,24,82480,3436.66666667,41287680
77,24,group_setup_then_1024_copies,std_shared,group,97,1785472,18406.9278351,2334208
77,25,scene_4096_attachments,std_shared,attachment,98304,1026710,10.4442342122,98304
77,26,weak_lock_expired,std_shared,lock,100000,93040,0.9304,0
77,27,async_queue_job_64_local_copies,std_shared,job,100,260848,2608.48,150400
77,28,copy_read_drop,own_shared,copy,100000,1161591,11.61591,2350000
77,29,independent_owner_parameter,own_shared,call,100000,1465024,14.65024,2350000
77,30,localize_read_drop,own_local,group,100000,1299274,12.99274,2350000
77,31,copy_read_drop,std_shared,copy,100000,1683171,16.83171,2350000
77,32,frame_4096_draws_64_unique_leases,own_shared,frame,24,87699,3654.125,41287680
77,33,weak_lock_live,own_shared,lock,100000,1483389,14.83389,2350000
77,34,copy_read_drop,own_local,copy,100000,101204,1.01204,2350000
77,35,create_read_destroy,own_shared,asset,100000,1345836,13.45836,65000400000
77,36,group_setup_then_8_copies,own_local,group,12500,253747,20.29976,2350000
77,37,weak_lock_live,std_shared,lock,100000,1856260,18.5626,2350000
77,38,owner_retained_borrow_parameter,std_raw_borrow,call,100000,64960,0.6496,2350000
77,39,resource_lifecycle_64_assets_4096_objects,own_local,cycle,10,208170,20817,17203200
77,40,group_setup_then_8_copies,std_shared,group,12500,1897833,151.82664,2350000
77,41,share_read_drop,own_shared,handoff,100000,1113651,11.13651,2350000
77,42,owner_retained_borrow_copy_read,std_raw_borrow,read,100000,30053,0.30053,2350000
77,43,group_setup_then_1024_copies,own_local,group,97,88192,909.195876289,2334208
77,44,independent_owner_parameter,own_local,call,100000,114856,1.14856,2350000
77,45,resettable_root_pin_1024_borrow_reads,own_shared_pin_local_view,scope,97,31212,321.773195876,2334208
77,46,scene_4096_attachments,own_local,attachment,98304,151235,1.53844197591,98304
77,47,async_queue_job_1024_borrow_reads,own_shared_then_local_view,job,100,149249,1492.49,2406400
77,48,async_queue_job_1_borrow_reads,own_shared_then_local_view,job,100,53141,531.41,2000
77,49,group_setup_then_1_copies,std_shared,group,100000,3340828,33.40828,2000000
77,50,group_setup_then_1_copies,own_local,group,100000,1351218,13.51218,2000000
77,51,frame_4096_draws_64_unique_leases,std_shared,frame,24,97918,4079.91666667,41287680
77,52,async_queue_job_1_local_copies,own_local,job,100,80278,802.78,2000
77,53,async_queue_job_64_borrow_reads,own_shared_then_local_view,job,100,56403,564.03,150400
77,54,contended_copy_2_workers,std_shared,copy,200000,13340264,66.70132,4700000
77,55,async_queue_job_1024_local_copies,std_shared,job,100,2759651,27596.51,2406400
78,0,group_setup_then_8_copies,own_local,group,12500,279057,22.32456,2350000
78,1,create_read_destroy,own_shared,asset,100000,1439575,14.39575,65000400000
78,2,owner_retained_borrow_copy_read,std_raw_borrow,read,100000,33453,0.33453,2350000
78,3,async_queue_job_1024_borrow_reads,own_shared_then_local_view,job,100,153923,1539.23,2406400
78,4,scene_4096_attachments,own_local,attachment,98304,153104,1.55745442708,98304
78,5,owner_retained_borrow_parameter,std_raw_borrow,call,100000,66924,0.66924,2350000
78,6,create_read_destroy,own_local,asset,100000,1660016,16.60016,65000400000
78,7,frame_4096_draws_64_unique_leases,std_shared,frame,24,93494,3895.58333333,41287680
78,8,create_read_destroy,std_shared,asset,100000,1311618,13.11618,65000400000
78,9,copy_read_drop,own_local,copy,100000,101437,1.01437,2350000
78,10,owner_retained_borrow_parameter,own_local_view,call,100000,64942,0.64942,2350000
78,11,owner_retained_borrow_copy_read,own_local_view,read,100000,32514,0.32514,2350000
78,12,group_setup_then_64_copies,std_shared,group,1562,1823475,1167.39756722,2349248
78,13,copy_read_drop,std_shared,copy,100000,1825086,18.25086,2350000
78,14,localize_read_drop,own_local,group,100000,1296010,12.9601,2350000
78,15,async_queue_job_1024_local_copies,own_local,job,100,344714,3447.14,2406400
78,16,contended_copy_2_workers,own_shared,copy,200000,11897675,59.488375,4700000
78,17,async_queue_job_1_local_copies,own_local,job,100,65553,655.53,2000
78,18,localize_read_drop,std_shared,group,100000,1683937,16.83937,2350000
78,19,resettable_root_pin_1024_borrow_reads,own_shared_pin_local_view,scope,97,34870,359.484536082,2334208
78,20,group_setup_then_64_copies,own_local,group,1562,161913,103.657490397,2349248
78,21,independent_owner_parameter,std_shared,call,100000,1855974,18.55974,2350000
78,22,group_setup_then_8_copies,std_shared,group,12500,2161130,172.8904,2350000
78,23,share_read_drop,std_shared,handoff,100000,1517390,15.1739,2350000
78,24,async_queue_job_64_borrow_reads,own_shared_then_local_view,job,100,81499,814.99,150400
78,25,weak_lock_live,own_shared,lock,100000,1473504,14.73504,2350000
78,26,scene_4096_attachments,std_shared,attachment,98304,958193,9.74724324544,98304
78,27,async_queue_job_1_borrow_reads,std_shared_then_raw_borrow,job,100,104301,1043.01,2000
78,28,owner_retained_4096_parameter_borrows,own_local_view,frame,24,77972,3248.83333333,41287680
78,29,resource_lifecycle_64_assets_4096_objects,std_shared,cycle,10,505253,50525.3,17203200
78,30,group_setup_then_1_copies,own_local,group,100000,1357956,13.57956,2000000
78,31,owner_retained_4096_parameter_borrows,std_raw_borrow,frame,24,78514,3271.41666667,41287680
78,32,borrow_read,raw_borrow,read,100000,35462,0.35462,2350000
78,33,copy_read_drop,own_shared,copy,100000,1102252,11.02252,2350000
78,34,async_queue_job_64_local_copies,own_local,job,100,90438,904.38,150400
78,35,share_read_drop,own_shared,handoff,100000,1132797,11.32797,2350000
78,36,async_queue_job_64_local_copies,std_shared,job,100,329733,3297.33,150400
78,37,async_queue_job_64_borrow_reads,std_shared_then_raw_borrow,job,100,75911,759.11,150400
78,38,independent_owner_parameter,own_local,call,100000,115305,1.15305,2350000
78,39,weak_lock_expired,own_shared,lock,100000,88974,0.88974,0
78,40,independent_owner_parameter,own_shared,call,100000,1461159,14.61159,2350000
78,41,async_queue_job_1_borrow_reads,own_shared_then_local_view,job,100,270708,2707.08,2000
78,42,weak_lock_expired,std_shared,lock,100000,85718,0.85718,0
78,43,contended_copy_2_workers,std_shared,copy,200000,13990553,69.952765,4700000
78,44,weak_lock_live,std_shared,lock,100000,1689199,16.89199,2350000
78,45,resettable_root_pin_1024_borrow_reads,std_shared_pin_raw_borrow,scope,97,31704,326.845360825,2334208
78,46,group_setup_then_1_copies,std_shared,group,100000,3351446,33.51446,2000000
78,47,async_queue_job_1024_local_copies,std_shared,job,100,2484008,24840.08,2406400
78,48,group_setup_then_1024_copies,std_shared,group,97,1650170,17012.0618557,2334208
78,49,async_queue_job_1024_borrow_reads,std_shared_then_raw_borrow,job,100,1865332,18653.32,2406400
78,50,resource_lifecycle_64_assets_4096_objects,own_local,cycle,10,195933,19593.3,17203200
78,51,async_queue_job_1_local_copies,std_shared,job,100,71802,718.02,2000
78,52,owner_retained_4096_draw_borrows,own_local_view,frame,24,48348,2014.5,41287680
78,53,frame_4096_draws_64_unique_leases,own_shared,frame,24,87912,3663,41287680
78,54,owner_retained_4096_draw_borrows,std_raw_borrow,frame,24,47854,1993.91666667,41287680
78,55,group_setup_then_1024_copies,own_local,group,97,92479,953.391752577,2334208
79,0,async_queue_job_1_borrow_reads,std_shared_then_raw_borrow,job,100,49400,494,2000
79,1,owner_retained_borrow_copy_read,own_local_view,read,100000,30033,0.30033,2350000
79,2,async_queue_job_1_local_copies,own_local,job,100,54986,549.86,2000
79,3,localize_read_drop,std_shared,group,100000,1490035,14.90035,2350000
79,4,async_queue_job_64_local_copies,std_shared,job,100,370686,3706.86,150400
79,5,owner_retained_4096_parameter_borrows,own_local_view,frame,24,76060,3169.16666667,41287680
79,6,localize_read_drop,own_local,group,100000,1299492,12.99492,2350000
79,7,independent_owner_parameter,std_shared,call,100000,1649822,16.49822,2350000
79,8,resource_lifecycle_64_assets_4096_objects,own_local,cycle,10,190609,19060.9,17203200
79,9,owner_retained_4096_draw_borrows,std_raw_borrow,frame,24,47063,1960.95833333,41287680
79,10,owner_retained_borrow_parameter,own_local_view,call,100000,574978,5.74978,2350000
79,11,group_setup_then_64_copies,std_shared,group,1562,8045251,5150.60883483,2349248
79,12,contended_copy_2_workers,own_shared,copy,200000,9368335,46.841675,4700000
79,13,group_setup_then_8_copies,std_shared,group,12500,1876443,150.11544,2350000
79,14,group_setup_then_1024_copies,std_shared,group,97,1647590,16985.4639175,2334208
79,15,borrow_read,raw_borrow,read,100000,36125,0.36125,2350000
79,16,create_read_destroy,own_shared,asset,100000,1298298,12.98298,65000400000
79,17,async_queue_job_1024_local_copies,std_shared,job,100,3516660,35166.6,2406400
79,18,async_queue_job_64_borrow_reads,std_shared_then_raw_borrow,job,100,95967,959.67,150400
79,19,group_setup_then_64_copies,own_local,group,1562,114343,73.2029449424,2349248
79,20,create_read_destroy,own_local,asset,100000,1643025,16.43025,65000400000
79,21,frame_4096_draws_64_unique_leases,own_shared,frame,24,89958,3748.25,41287680
79,22,group_setup_then_1024_copies,own_local,group,97,89511,922.793814433,2334208
79,23,async_queue_job_1_borrow_reads,own_shared_then_local_view,job,100,73529,735.29,2000
79,24,resettable_root_pin_1024_borrow_reads,own_shared_pin_local_view,scope,97,31284,322.515463918,2334208
79,25,resource_lifecycle_64_assets_4096_objects,std_shared,cycle,10,505488,50548.8,17203200
79,26,group_setup_then_1_copies,own_local,group,100000,1410892,14.10892,2000000
79,27,frame_4096_draws_64_unique_leases,std_shared,frame,24,87697,3654.04166667,41287680
79,28,async_queue_job_1024_borrow_reads,std_shared_then_raw_borrow,job,100,131181,1311.81,2406400
79,29,async_queue_job_1024_borrow_reads,own_shared_then_local_view,job,100,192748,1927.48,2406400
79,30,resettable_root_pin_1024_borrow_reads,std_shared_pin_raw_borrow,scope,97,31886,328.721649485,2334208
79,31,owner_retained_4096_draw_borrows,own_local_view,frame,24,49129,2047.04166667,41287680
79,32,group_setup_then_8_copies,own_local,group,12500,255307,20.42456,2350000
79,33,group_setup_then_1_copies,std_shared,group,100000,3334737,33.34737,2000000
79,34,scene_4096_attachments,own_local,attachment,98304,139019,1.41417439779,98304
79,35,create_read_destroy,std_shared,asset,100000,1264201,12.64201,65000400000
79,36,independent_owner_parameter,own_shared,call,100000,1466641,14.66641,2350000
79,37,owner_retained_borrow_parameter,std_raw_borrow,call,100000,62059,0.62059,2350000
79,38,share_read_drop,std_shared,handoff,100000,1490144,14.90144,2350000
79,39,scene_4096_attachments,std_shared,attachment,98304,1000581,10.1784362793,98304
79,40,async_queue_job_64_borrow_reads,own_shared_then_local_view,job,100,87080,870.8,150400
79,41,async_queue_job_64_local_copies,own_local,job,100,91758,917.58,150400
79,42,owner_retained_4096_parameter_borrows,std_raw_borrow,frame,24,111002,4625.08333333,41287680
79,43,weak_lock_expired,std_shared,lock,100000,107907,1.07907,0
79,44,independent_owner_parameter,own_local,call,100000,151162,1.51162,2350000
79,45,async_queue_job_1_local_copies,std_shared,job,100,62546,625.46,2000
79,46,contended_copy_2_workers,std_shared,copy,200000,10472808,52.36404,4700000
79,47,share_read_drop,own_shared,handoff,100000,1476325,14.76325,2350000
79,48,owner_retained_borrow_copy_read,std_raw_borrow,read,100000,40633,0.40633,2350000
79,49,weak_lock_expired,own_shared,lock,100000,100232,1.00232,0
79,50,weak_lock_live,own_shared,lock,100000,1886120,18.8612,2350000
79,51,weak_lock_live,std_shared,lock,100000,1956032,19.56032,2350000
79,52,async_queue_job_1024_local_copies,own_local,job,100,287857,2878.57,2406400
79,53,copy_read_drop,own_local,copy,100000,101396,1.01396,2350000
79,54,copy_read_drop,own_shared,copy,100000,1319773,13.19773,2350000
79,55,copy_read_drop,std_shared,copy,100000,1810614,18.10614,2350000
80,0,async_queue_job_64_borrow_reads,own_shared_then_local_view,job,100,71514,715.14,150400
80,1,frame_4096_draws_64_unique_leases,own_shared,frame,24,96359,4014.95833333,41287680
80,2,localize_read_drop,std_shared,group,100000,1625270,16.2527,2350000
80,3,async_queue_job_64_local_copies,own_local,job,100,74876,748.76,150400
80,4,resource_lifecycle_64_assets_4096_objects,own_local,cycle,10,215889,21588.9,17203200
80,5,group_setup_then_1024_copies,own_local,group,97,91098,939.154639175,2334208
80,6,async_queue_job_1_borrow_reads,own_shared_then_local_view,job,100,44196,441.96,2000
80,7,owner_retained_4096_parameter_borrows,std_raw_borrow,frame,24,81071,3377.95833333,41287680
80,8,group_setup_then_64_copies,own_local,group,1562,113298,72.5339308579,2349248
80,9,owner_retained_borrow_copy_read,own_local_view,read,100000,30173,0.30173,2350000
80,10,scene_4096_attachments,std_shared,attachment,98304,1045893,10.6393737793,98304
80,11,group_setup_then_1024_copies,std_shared,group,97,1496691,15429.8041237,2334208
80,12,weak_lock_live,own_shared,lock,100000,1592897,15.92897,2350000
80,13,scene_4096_attachments,own_local,attachment,98304,141530,1.43971761068,98304
80,14,independent_owner_parameter,own_local,call,100000,116165,1.16165,2350000
80,15,owner_retained_borrow_copy_read,std_raw_borrow,read,100000,30105,0.30105,2350000
80,16,copy_read_drop,own_local,copy,100000,115856,1.15856,2350000
80,17,group_setup_then_64_copies,std_shared,group,1562,1802755,1154.13252241,2349248
80,18,group_setup_then_1_copies,own_local,group,100000,1515223,15.15223,2000000
80,19,borrow_read,raw_borrow,read,100000,38227,0.38227,2350000
80,20,weak_lock_live,std_shared,lock,100000,1945522,19.45522,2350000
80,21,create_read_destroy,own_shared,asset,100000,1359170,13.5917,65000400000
80,22,localize_read_drop,own_local,group,100000,1449283,14.49283,2350000
80,23,create_read_destroy,std_shared,asset,100000,1276022,12.76022,65000400000
80,24,group_setup_then_8_copies,std_shared,group,12500,1893835,151.5068,2350000
80,25,owner_retained_borrow_parameter,own_local_view,call,100000,61760,0.6176,2350000
80,26,async_queue_job_1024_local_copies,own_local,job,100,231180,2311.8,2406400
80,27,async_queue_job_1024_borrow_reads,std_shared_then_raw_borrow,job,100,125300,1253,2406400
80,28,share_read_drop,own_shared,handoff,100000,1117017,11.17017,2350000
80,29,async_queue_job_1_local_copies,own_local,job,100,51031,510.31,2000
80,30,frame_4096_draws_64_unique_leases,std_shared,frame,24,99237,4134.875,41287680
80,31,weak_lock_expired,own_shared,lock,100000,77454,0.77454,0
80,32,group_setup_then_8_copies,own_local,group,12500,227867,18.22936,2350000
80,33,create_read_destroy,own_local,asset,100000,1514604,15.14604,65000400000
80,34,independent_owner_parameter,std_shared,call,100000,1651039,16.51039,2350000
80,35,independent_owner_parameter,own_shared,call,100000,1425358,14.25358,2350000
80,36,resettable_root_pin_1024_borrow_reads,std_shared_pin_raw_borrow,scope,97,44597,459.762886598,2334208
80,37,group_setup_then_1_copies,std_shared,group,100000,3349757,33.49757,2000000
80,38,async_queue_job_1024_local_copies,std_shared,job,100,2441747,24417.47,2406400
80,39,resource_lifecycle_64_assets_4096_objects,std_shared,cycle,10,528622,52862.2,17203200
80,40,owner_retained_4096_draw_borrows,own_local_view,frame,24,49237,2051.54166667,41287680
80,41,owner_retained_4096_parameter_borrows,own_local_view,frame,24,76086,3170.25,41287680
80,42,owner_retained_4096_draw_borrows,std_raw_borrow,frame,24,48550,2022.91666667,41287680
80,43,copy_read_drop,std_shared,copy,100000,1668856,16.68856,2350000
80,44,async_queue_job_64_borrow_reads,std_shared_then_raw_borrow,job,100,75756,757.56,150400
80,45,contended_copy_2_workers,own_shared,copy,200000,11652942,58.26471,4700000
80,46,weak_lock_expired,std_shared,lock,100000,97317,0.97317,0
80,47,resettable_root_pin_1024_borrow_reads,own_shared_pin_local_view,scope,97,31460,324.329896907,2334208
80,48,share_read_drop,std_shared,handoff,100000,1488760,14.8876,2350000
80,49,contended_copy_2_workers,std_shared,copy,200000,16077320,80.3866,4700000
80,50,async_queue_job_1024_borrow_reads,own_shared_then_local_view,job,100,528528,5285.28,2406400
80,51,copy_read_drop,own_shared,copy,100000,1109275,11.09275,2350000
80,52,owner_retained_borrow_parameter,std_raw_borrow,call,100000,61892,0.61892,2350000
80,53,async_queue_job_64_local_copies,std_shared,job,100,272668,2726.68,150400
80,54,async_queue_job_1_local_copies,std_shared,job,100,65413,654.13,2000
80,55,async_queue_job_1_borrow_reads,std_shared_then_raw_borrow,job,100,84394,843.94,2000
81,0,group_setup_then_8_copies,own_local,group,12500,240367,19.22936,2350000
81,1,copy_read_drop,own_shared,copy,100000,1128953,11.28953,2350000
81,2,async_queue_job_1024_borrow_reads,own_shared_then_local_view,job,100,207112,2071.12,2406400
81,3,async_queue_job_1_borrow_reads,own_shared_then_local_view,job,100,66474,664.74,2000
81,4,async_queue_job_64_borrow_reads,own_shared_then_local_view,job,100,73434,734.34,150400
81,5,owner_retained_4096_parameter_borrows,std_raw_borrow,frame,24,77248,3218.66666667,41287680
81,6,group_setup_then_1024_copies,own_local,group,97,88579,913.18556701,2334208
81,7,owner_retained_borrow_parameter,std_raw_borrow,call,100000,61581,0.61581,2350000
81,8,scene_4096_attachments,std_shared,attachment,98304,948245,9.64604695638,98304
81,9,contended_copy_2_workers,std_shared,copy,200000,15501169,77.505845,4700000
81,10,create_read_destroy,std_shared,asset,100000,1229509,12.29509,65000400000
81,11,create_read_destroy,own_local,asset,100000,1514443,15.14443,65000400000
81,12,scene_4096_attachments,own_local,attachment,98304,156908,1.59615071615,98304
81,13,share_read_drop,std_shared,handoff,100000,1471501,14.71501,2350000
81,14,group_setup_then_1024_copies,std_shared,group,97,1642068,16928.5360825,2334208
81,15,create_read_destroy,own_shared,asset,100000,1294862,12.94862,65000400000
81,16,async_queue_job_64_borrow_reads,std_shared_then_raw_borrow,job,100,2251042,22510.42,150400
81,17,resource_lifecycle_64_assets_4096_objects,own_local,cycle,10,254652,25465.2,17203200
81,18,async_queue_job_64_local_copies,std_shared,job,100,278496,2784.96,150400
81,19,contended_copy_2_workers,own_shared,copy,200000,12196323,60.981615,4700000
81,20,group_setup_then_8_copies,std_shared,group,12500,1889373,151.14984,2350000
81,21,independent_owner_parameter,std_shared,call,100000,1663509,16.63509,2350000
81,22,resettable_root_pin_1024_borrow_reads,own_shared_pin_local_view,scope,97,31497,324.711340206,2334208
81,23,group_setup_then_1_copies,own_local,group,100000,1379905,13.79905,2000000
81,24,async_queue_job_1_borrow_reads,std_shared_then_raw_borrow,job,100,55632,556.32,2000
81,25,localize_read_drop,own_local,group,100000,1318809,13.18809,2350000
81,26,frame_4096_draws_64_unique_leases,own_shared,frame,24,364593,15191.375,41287680
81,27,async_queue_job_1024_local_copies,std_shared,job,100,2436749,24367.49,2406400
81,28,resource_lifecycle_64_assets_4096_objects,std_shared,cycle,10,522461,52246.1,17203200
81,29,weak_lock_live,own_shared,lock,100000,1490062,14.90062,2350000
81,30,owner_retained_4096_draw_borrows,std_raw_borrow,frame,24,48877,2036.54166667,41287680
81,31,weak_lock_expired,own_shared,lock,100000,77303,0.77303,0
81,32,owner_retained_4096_parameter_borrows,own_local_view,frame,24,77958,3248.25,41287680
81,33,localize_read_drop,std_shared,group,100000,1509320,15.0932,2350000
81,34,frame_4096_draws_64_unique_leases,std_shared,frame,24,94754,3948.08333333,41287680
81,35,async_queue_job_1024_borrow_reads,std_shared_then_raw_borrow,job,100,121978,1219.78,2406400
81,36,weak_lock_live,std_shared,lock,100000,1696421,16.96421,2350000
81,37,owner_retained_borrow_copy_read,std_raw_borrow,read,100000,30166,0.30166,2350000
81,38,group_setup_then_64_copies,own_local,group,1562,114041,73.009603073,2349248
81,39,share_read_drop,own_shared,handoff,100000,1124413,11.24413,2350000
81,40,copy_read_drop,std_shared,copy,100000,1699111,16.99111,2350000
81,41,async_queue_job_64_local_copies,own_local,job,100,235277,2352.77,150400
81,42,async_queue_job_1_local_copies,std_shared,job,100,84120,841.2,2000
81,43,owner_retained_borrow_copy_read,own_local_view,read,100000,30153,0.30153,2350000
81,44,resettable_root_pin_1024_borrow_reads,std_shared_pin_raw_borrow,scope,97,31815,327.989690722,2334208
81,45,group_setup_then_64_copies,std_shared,group,1562,1677069,1073.66773367,2349248
81,46,owner_retained_borrow_parameter,own_local_view,call,100000,61655,0.61655,2350000
81,47,copy_read_drop,own_local,copy,100000,101343,1.01343,2350000
81,48,independent_owner_parameter,own_shared,call,100000,1610724,16.10724,2350000
81,49,weak_lock_expired,std_shared,lock,100000,92760,0.9276,0
81,50,async_queue_job_1_local_copies,own_local,job,100,131545,1315.45,2000
81,51,borrow_read,raw_borrow,read,100000,37936,0.37936,2350000
81,52,group_setup_then_1_copies,std_shared,group,100000,3495966,34.95966,2000000
81,53,independent_owner_parameter,own_local,call,100000,130218,1.30218,2350000
81,54,async_queue_job_1024_local_copies,own_local,job,100,745181,7451.81,2406400
81,55,owner_retained_4096_draw_borrows,own_local_view,frame,24,69427,2892.79166667,41287680
82,0,group_setup_then_1024_copies,std_shared,group,97,1650142,17011.7731959,2334208
82,1,scene_4096_attachments,std_shared,attachment,98304,969117,9.85836791992,98304
82,2,create_read_destroy,own_shared,asset,100000,1215238,12.15238,65000400000
82,3,copy_read_drop,own_shared,copy,100000,1114291,11.14291,2350000
82,4,async_queue_job_64_local_copies,std_shared,job,100,631944,6319.44,150400
82,5,async_queue_job_1_borrow_reads,own_shared_then_local_view,job,100,646832,6468.32,2000
82,6,async_queue_job_64_borrow_reads,own_shared_then_local_view,job,100,65250,652.5,150400
82,7,contended_copy_2_workers,own_shared,copy,200000,4729547,23.647735,4700000
82,8,owner_retained_borrow_copy_read,std_raw_borrow,read,100000,42800,0.428,2350000
82,9,owner_retained_4096_parameter_borrows,std_raw_borrow,frame,24,87789,3657.875,41287680
82,10,group_setup_then_8_copies,std_shared,group,12500,1847118,147.76944,2350000
82,11,contended_copy_2_workers,std_shared,copy,200000,15438626,77.19313,4700000
82,12,group_setup_then_8_copies,own_local,group,12500,222916,17.83328,2350000
82,13,async_queue_job_64_local_copies,own_local,job,100,59615,596.15,150400
82,14,async_queue_job_1024_borrow_reads,std_shared_then_raw_borrow,job,100,217471,2174.71,2406400
82,15,copy_read_drop,own_local,copy,100000,114226,1.14226,2350000
82,16,group_setup_then_1_copies,own_local,group,100000,1492325,14.92325,2000000
82,17,frame_4096_draws_64_unique_leases,std_shared,frame,24,98411,4100.45833333,41287680
82,18,async_queue_job_1024_local_copies,own_local,job,100,303487,3034.87,2406400
82,19,weak_lock_live,own_shared,lock,100000,1613697,16.13697,2350000
82,20,independent_owner_parameter,own_local,call,100000,124384,1.24384,2350000
82,21,weak_lock_expired,own_shared,lock,100000,83566,0.83566,0
82,22,resettable_root_pin_1024_borrow_reads,own_shared_pin_local_view,scope,97,33990,350.412371134,2334208
82,23,group_setup_then_64_copies,std_shared,group,1562,1723147,1103.16709347,2349248
82,24,weak_lock_expired,std_shared,lock,100000,85773,0.85773,0
82,25,create_read_destroy,own_local,asset,100000,1523778,15.23778,65000400000
82,26,weak_lock_live,std_shared,lock,100000,1714844,17.14844,2350000
82,27,borrow_read,raw_borrow,read,100000,35634,0.35634,2350000
82,28,group_setup_then_1024_copies,own_local,group,97,109334,1127.15463918,2334208
82,29,localize_read_drop,std_shared,group,100000,1477207,14.77207,2350000
82,30,owner_retained_4096_parameter_borrows,own_local_view,frame,24,81320,3388.33333333,41287680
82,31,independent_owner_parameter,own_shared,call,100000,1463787,14.63787,2350000
82,32,create_read_destroy,std_shared,asset,100000,1255979,12.55979,65000400000
82,33,frame_4096_draws_64_unique_leases,own_shared,frame,24,93267,3886.125,41287680
82,34,owner_retained_borrow_parameter,own_local_view,call,100000,61733,0.61733,2350000
82,35,resettable_root_pin_1024_borrow_reads,std_shared_pin_raw_borrow,scope,97,31547,325.226804124,2334208
82,36,async_queue_job_1_local_copies,std_shared,job,100,69354,693.54,2000
82,37,async_queue_job_1024_local_copies,std_shared,job,100,2434230,24342.3,2406400
82,38,owner_retained_borrow_copy_read,own_local_view,read,100000,30042,0.30042,2350000
82,39,group_setup_then_64_copies,own_local,group,1562,116453,74.5537772087,2349248
82,40,async_queue_job_1024_borrow_reads,own_shared_then_local_view,job,100,108409,1084.09,2406400
82,41,copy_read_drop,std_shared,copy,100000,1668862,16.68862,2350000
82,42,async_queue_job_1_borrow_reads,std_shared_then_raw_borrow,job,100,81935,819.35,2000
82,43,group_setup_then_1_copies,std_shared,group,100000,3326989,33.26989,2000000
82,44,localize_read_drop,own_local,group,100000,1273404,12.73404,2350000
82,45,share_read_drop,std_shared,handoff,100000,1478490,14.7849,2350000
82,46,async_queue_job_64_borrow_reads,std_shared_then_raw_borrow,job,100,54502,545.02,150400
82,47,scene_4096_attachments,own_local,attachment,98304,140395,1.42817179362,98304
82,48,owner_retained_4096_draw_borrows,std_raw_borrow,frame,24,49163,2048.45833333,41287680
82,49,async_queue_job_1_local_copies,own_local,job,100,62214,622.14,2000
82,50,owner_retained_borrow_parameter,std_raw_borrow,call,100000,61811,0.61811,2350000
82,51,independent_owner_parameter,std_shared,call,100000,1703790,17.0379,2350000
82,52,resource_lifecycle_64_assets_4096_objects,std_shared,cycle,10,514717,51471.7,17203200
82,53,owner_retained_4096_draw_borrows,own_local_view,frame,24,48019,2000.79166667,41287680
82,54,resource_lifecycle_64_assets_4096_objects,own_local,cycle,10,221032,22103.2,17203200
82,55,share_read_drop,own_shared,handoff,100000,1340423,13.40423,2350000
83,0,resettable_root_pin_1024_borrow_reads,own_shared_pin_local_view,scope,97,31376,323.463917526,2334208
83,1,owner_retained_4096_draw_borrows,own_local_view,frame,24,47717,1988.20833333,41287680
83,2,independent_owner_parameter,std_shared,call,100000,1676941,16.76941,2350000
83,3,owner_retained_borrow_copy_read,std_raw_borrow,read,100000,30109,0.30109,2350000
83,4,group_setup_then_1024_copies,std_shared,group,97,1635057,16856.257732,2334208
83,5,copy_read_drop,std_shared,copy,100000,1677978,16.77978,2350000
83,6,weak_lock_live,own_shared,lock,100000,1476597,14.76597,2350000
83,7,create_read_destroy,own_local,asset,100000,1525718,15.25718,65000400000
83,8,independent_owner_parameter,own_local,call,100000,111514,1.11514,2350000
83,9,copy_read_drop,own_shared,copy,100000,1120935,11.20935,2350000
83,10,contended_copy_2_workers,std_shared,copy,200000,15623148,78.11574,4700000
83,11,localize_read_drop,own_local,group,100000,1290278,12.90278,2350000
83,12,scene_4096_attachments,std_shared,attachment,98304,1061390,10.7970174154,98304
83,13,weak_lock_expired,std_shared,lock,100000,107701,1.07701,0
83,14,async_queue_job_1024_borrow_reads,std_shared_then_raw_borrow,job,100,140085,1400.85,2406400
83,15,frame_4096_draws_64_unique_leases,own_shared,frame,24,121792,5074.66666667,41287680
83,16,borrow_read,raw_borrow,read,100000,44369,0.44369,2350000
83,17,contended_copy_2_workers,own_shared,copy,200000,2518121,12.590605,4700000
83,18,localize_read_drop,std_shared,group,100000,1500338,15.00338,2350000
83,19,group_setup_then_1024_copies,own_local,group,97,93191,960.731958763,2334208
83,20,group_setup_then_8_copies,own_local,group,12500,232752,18.62016,2350000
83,21,async_queue_job_64_borrow_reads,std_shared_then_raw_borrow,job,100,64910,649.1,150400
83,22,group_setup_then_8_copies,std_shared,group,12500,1888341,151.06728,2350000
83,23,copy_read_drop,own_local,copy,100000,102011,1.02011,2350000
83,24,owner_retained_4096_draw_borrows,std_raw_borrow,frame,24,52336,2180.66666667,41287680
83,25,owner_retained_4096_parameter_borrows,own_local_view,frame,24,87248,3635.33333333,41287680
83,26,owner_retained_borrow_parameter,std_raw_borrow,call,100000,65036,0.65036,2350000
83,27,async_queue_job_64_local_copies,own_local,job,100,82904,829.04,150400
83,28,async_queue_job_1_borrow_reads,own_shared_then_local_view,job,100,68401,684.01,2000
83,29,share_read_drop,std_shared,handoff,100000,1660486,16.60486,2350000
83,30,independent_owner_parameter,own_shared,call,100000,1620228,16.20228,2350000
83,31,weak_lock_expired,own_shared,lock,100000,88459,0.88459,0
83,32,owner_retained_4096_parameter_borrows,std_raw_borrow,frame,24,82993,3458.04166667,41287680
83,33,scene_4096_attachments,own_local,attachment,98304,154682,1.57350667318,98304
83,34,owner_retained_borrow_parameter,own_local_view,call,100000,69949,0.69949,2350000
83,35,group_setup_then_64_copies,own_local,group,1562,113280,72.5224071703,2349248
83,36,async_queue_job_64_borrow_reads,own_shared_then_local_view,job,100,60145,601.45,150400
83,37,share_read_drop,own_shared,handoff,100000,1135840,11.3584,2350000
83,38,create_read_destroy,own_shared,asset,100000,1298801,12.98801,65000400000
83,39,resource_lifecycle_64_assets_4096_objects,own_local,cycle,10,201750,20175,17203200
83,40,frame_4096_draws_64_unique_leases,std_shared,frame,24,87575,3648.95833333,41287680
83,41,owner_retained_borrow_copy_read,own_local_view,read,100000,30424,0.30424,2350000
83,42,async_queue_job_64_local_copies,std_shared,job,100,341494,3414.94,150400
83,43,async_queue_job_1024_borrow_reads,own_shared_then_local_view,job,100,165299,1652.99,2406400
83,44,async_queue_job_1024_local_copies,own_local,job,100,296558,2965.58,2406400
83,45,create_read_destroy,std_shared,asset,100000,1253379,12.53379,65000400000
83,46,async_queue_job_1_local_copies,std_shared,job,100,81638,816.38,2000
83,47,weak_lock_live,std_shared,lock,100000,1696936,16.96936,2350000
83,48,async_queue_job_1_local_copies,own_local,job,100,59798,597.98,2000
83,49,group_setup_then_64_copies,std_shared,group,1562,1677075,1073.6715749,2349248
83,50,async_queue_job_1_borrow_reads,std_shared_then_raw_borrow,job,100,101564,1015.64,2000
83,51,async_queue_job_1024_local_copies,std_shared,job,100,2535687,25356.87,2406400
83,52,resettable_root_pin_1024_borrow_reads,std_shared_pin_raw_borrow,scope,97,31528,325.030927835,2334208
83,53,resource_lifecycle_64_assets_4096_objects,std_shared,cycle,10,514459,51445.9,17203200
83,54,group_setup_then_1_copies,own_local,group,100000,1354945,13.54945,2000000
83,55,group_setup_then_1_copies,std_shared,group,100000,3344606,33.44606,2000000
84,0,async_queue_job_1024_borrow_reads,std_shared_then_raw_borrow,job,100,196860,1968.6,2406400
84,1,resettable_root_pin_1024_borrow_reads,own_shared_pin_local_view,scope,97,31164,321.278350515,2334208
84,2,share_read_drop,std_shared,handoff,100000,1477691,14.77691,2350000
84,3,weak_lock_live,std_shared,lock,100000,1689399,16.89399,2350000
84,4,owner_retained_4096_parameter_borrows,std_raw_borrow,frame,24,76676,3194.83333333,41287680
84,5,contended_copy_2_workers,own_shared,copy,200000,10734907,53.674535,4700000
84,6,resource_lifecycle_64_assets_4096_objects,std_shared,cycle,10,504244,50424.4,17203200
84,7,async_queue_job_1_local_copies,std_shared,job,100,137053,1370.53,2000
84,8,weak_lock_expired,own_shared,lock,100000,91616,0.91616,0
84,9,async_queue_job_1024_borrow_reads,own_shared_then_local_view,job,100,207339,2073.39,2406400
84,10,resettable_root_pin_1024_borrow_reads,std_shared_pin_raw_borrow,scope,97,31820,328.041237113,2334208
84,11,weak_lock_live,own_shared,lock,100000,1516795,15.16795,2350000
84,12,async_queue_job_1_borrow_reads,own_shared_then_local_view,job,100,52306,523.06,2000
84,13,owner_retained_borrow_copy_read,own_local_view,read,100000,30151,0.30151,2350000
84,14,group_setup_then_8_copies,std_shared,group,12500,1861957,148.95656,2350000
84,15,async_queue_job_64_borrow_reads,own_shared_then_local_view,job,100,88342,883.42,150400
84,16,owner_retained_4096_draw_borrows,own_local_view,frame,24,75328,3138.66666667,41287680
84,17,localize_read_drop,std_shared,group,100000,1614013,16.14013,2350000
84,18,resource_lifecycle_64_assets_4096_objects,own_local,cycle,10,201496,20149.6,17203200
84,19,group_setup_then_64_copies,std_shared,group,1562,1706084,1092.24327785,2349248
84,20,async_queue_job_1024_local_copies,own_local,job,100,242780,2427.8,2406400
84,21,async_queue_job_64_borrow_reads,std_shared_then_raw_borrow,job,100,95245,952.45,150400
84,22,independent_owner_parameter,own_shared,call,100000,1497273,14.97273,2350000
84,23,weak_lock_expired,std_shared,lock,100000,85706,0.85706,0
84,24,async_queue_job_1024_local_copies,std_shared,job,100,2463920,24639.2,2406400
84,25,async_queue_job_64_local_copies,own_local,job,100,133671,1336.71,150400
84,26,group_setup_then_64_copies,own_local,group,1562,112101,71.7676056338,2349248
84,27,owner_retained_4096_draw_borrows,std_raw_borrow,frame,24,48836,2034.83333333,41287680
84,28,independent_owner_parameter,own_local,call,100000,115418,1.15418,2350000
84,29,async_queue_job_64_local_copies,std_shared,job,100,456350,4563.5,150400
84,30,frame_4096_draws_64_unique_leases,std_shared,frame,24,88420,3684.16666667,41287680
84,31,group_setup_then_1_copies,std_shared,group,100000,3351951,33.51951,2000000
84,32,create_read_destroy,std_shared,asset,100000,1294469,12.94469,65000400000
84,33,owner_retained_borrow_parameter,own_local_view,call,100000,61712,0.61712,2350000
84,34,copy_read_drop,std_shared,copy,100000,1677158,16.77158,2350000
84,35,share_read_drop,own_shared,handoff,100000,1142122,11.42122,2350000
84,36,borrow_read,raw_borrow,read,100000,35564,0.35564,2350000
84,37,copy_read_drop,own_local,copy,100000,101810,1.0181,2350000
84,38,group_setup_then_8_copies,own_local,group,12500,258832,20.70656,2350000
84,39,group_setup_then_1_copies,own_local,group,100000,1495694,14.95694,2000000
84,40,group_setup_then_1024_copies,std_shared,group,97,1802433,18581.7835052,2334208
84,41,async_queue_job_1_local_copies,own_local,job,100,97069,970.69,2000
84,42,contended_copy_2_workers,std_shared,copy,200000,10427321,52.136605,4700000
84,43,frame_4096_draws_64_unique_leases,own_shared,frame,24,92613,3858.875,41287680
84,44,localize_read_drop,own_local,group,100000,1309122,13.09122,2350000
84,45,scene_4096_attachments,own_local,attachment,98304,139401,1.41806030273,98304
84,46,create_read_destroy,own_shared,asset,100000,1217544,12.17544,65000400000
84,47,scene_4096_attachments,std_shared,attachment,98304,955018,9.71494547526,98304
84,48,owner_retained_borrow_parameter,std_raw_borrow,call,100000,61866,0.61866,2350000
84,49,owner_retained_4096_parameter_borrows,own_local_view,frame,24,76711,3196.29166667,41287680
84,50,create_read_destroy,own_local,asset,100000,1600133,16.00133,65000400000
84,51,group_setup_then_1024_copies,own_local,group,97,90953,937.659793814,2334208
84,52,async_queue_job_1_borrow_reads,std_shared_then_raw_borrow,job,100,74296,742.96,2000
84,53,copy_read_drop,own_shared,copy,100000,1126305,11.26305,2350000
84,54,independent_owner_parameter,std_shared,call,100000,1687176,16.87176,2350000
84,55,owner_retained_borrow_copy_read,std_raw_borrow,read,100000,30084,0.30084,2350000
85,0,owner_retained_4096_draw_borrows,std_raw_borrow,frame,24,47976,1999,41287680
85,1,contended_copy_2_workers,own_shared,copy,200000,12451212,62.25606,4700000
85,2,group_setup_then_1_copies,own_local,group,100000,1368053,13.68053,2000000
85,3,async_queue_job_1024_borrow_reads,std_shared_then_raw_borrow,job,100,154585,1545.85,2406400
85,4,localize_read_drop,own_local,group,100000,1271154,12.71154,2350000
85,5,localize_read_drop,std_shared,group,100000,1518291,15.18291,2350000
85,6,owner_retained_borrow_copy_read,own_local_view,read,100000,30046,0.30046,2350000
85,7,owner_retained_4096_draw_borrows,own_local_view,frame,24,60029,2501.20833333,41287680
85,8,async_queue_job_1024_borrow_reads,own_shared_then_local_view,job,100,135364,1353.64,2406400
85,9,independent_owner_parameter,own_local,call,100000,120257,1.20257,2350000
85,10,copy_read_drop,own_local,copy,100000,101335,1.01335,2350000
85,11,group_setup_then_64_copies,own_local,group,1562,123752,79.2266325224,2349248
85,12,contended_copy_2_workers,std_shared,copy,200000,14560755,72.803775,4700000
85,13,resource_lifecycle_64_assets_4096_objects,own_local,cycle,10,204604,20460.4,17203200
85,14,frame_4096_draws_64_unique_leases,own_shared,frame,24,90064,3752.66666667,41287680
85,15,async_queue_job_1_borrow_reads,std_shared_then_raw_borrow,job,100,55796,557.96,2000
85,16,async_queue_job_1_borrow_reads,own_shared_then_local_view,job,100,41932,419.32,2000
85,17,scene_4096_attachments,std_shared,attachment,98304,949793,9.66179402669,98304
85,18,copy_read_drop,own_shared,copy,100000,1125666,11.25666,2350000
85,19,group_setup_then_64_copies,std_shared,group,1562,1714587,1097.68693982,2349248
85,20,group_setup_then_1024_copies,own_local,group,97,91157,939.762886598,2334208
85,21,owner_retained_borrow_parameter,std_raw_borrow,call,100000,60070,0.6007,2350000
85,22,resettable_root_pin_1024_borrow_reads,std_shared_pin_raw_borrow,scope,97,31798,327.81443299,2334208
85,23,resource_lifecycle_64_assets_4096_objects,std_shared,cycle,10,501881,50188.1,17203200
85,24,owner_retained_borrow_copy_read,std_raw_borrow,read,100000,42876,0.42876,2350000
85,25,group_setup_then_1_copies,std_shared,group,100000,3330154,33.30154,2000000
85,26,owner_retained_borrow_parameter,own_local_view,call,100000,61691,0.61691,2350000
85,27,weak_lock_live,std_shared,lock,100000,1709852,17.09852,2350000
85,28,create_read_destroy,own_local,asset,100000,1531323,15.31323,65000400000
85,29,independent_owner_parameter,own_shared,call,100000,1523889,15.23889,2350000
85,30,async_queue_job_1_local_copies,own_local,job,100,65247,652.47,2000
85,31,async_queue_job_64_borrow_reads,own_shared_then_local_view,job,100,75017,750.17,150400
85,32,async_queue_job_64_local_copies,std_shared,job,100,301834,3018.34,150400
85,33,independent_owner_parameter,std_shared,call,100000,1648191,16.48191,2350000
85,34,async_queue_job_1_local_copies,std_shared,job,100,68420,684.2,2000
85,35,weak_lock_expired,std_shared,lock,100000,85707,0.85707,0
85,36,resettable_root_pin_1024_borrow_reads,own_shared_pin_local_view,scope,97,31297,322.649484536,2334208
85,37,share_read_drop,own_shared,handoff,100000,1124062,11.24062,2350000
85,38,group_setup_then_8_copies,std_shared,group,12500,1861800,148.944,2350000
85,39,group_setup_then_1024_copies,std_shared,group,97,1632677,16831.7216495,2334208
85,40,async_queue_job_64_borrow_reads,std_shared_then_raw_borrow,job,100,1514251,15142.51,150400
85,41,create_read_destroy,own_shared,asset,100000,1210233,12.10233,65000400000
85,42,frame_4096_draws_64_unique_leases,std_shared,frame,24,90666,3777.75,41287680
85,43,owner_retained_4096_parameter_borrows,own_local_view,frame,24,87950,3664.58333333,41287680
85,44,async_queue_job_1024_local_copies,std_shared,job,100,2454799,24547.99,2406400
85,45,owner_retained_4096_parameter_borrows,std_raw_borrow,frame,24,86517,3604.875,41287680
85,46,share_read_drop,std_shared,handoff,100000,1469608,14.69608,2350000
85,47,group_setup_then_8_copies,own_local,group,12500,230915,18.4732,2350000
85,48,weak_lock_expired,own_shared,lock,100000,77377,0.77377,0
85,49,create_read_destroy,std_shared,asset,100000,1232596,12.32596,65000400000
85,50,async_queue_job_64_local_copies,own_local,job,100,86772,867.72,150400
85,51,scene_4096_attachments,own_local,attachment,98304,142143,1.44595336914,98304
85,52,async_queue_job_1024_local_copies,own_local,job,100,274127,2741.27,2406400
85,53,weak_lock_live,own_shared,lock,100000,1488012,14.88012,2350000
85,54,copy_read_drop,std_shared,copy,100000,1686188,16.86188,2350000
85,55,borrow_read,raw_borrow,read,100000,36320,0.3632,2350000
86,0,async_queue_job_1024_borrow_reads,own_shared_then_local_view,job,100,121920,1219.2,2406400
86,1,async_queue_job_64_borrow_reads,std_shared_then_raw_borrow,job,100,85837,858.37,150400
86,2,owner_retained_4096_parameter_borrows,own_local_view,frame,24,76267,3177.79166667,41287680
86,3,group_setup_then_1_copies,own_local,group,100000,1367237,13.67237,2000000
86,4,owner_retained_4096_draw_borrows,own_local_view,frame,24,46865,1952.70833333,41287680
86,5,resource_lifecycle_64_assets_4096_objects,own_local,cycle,10,201466,20146.6,17203200
86,6,owner_retained_borrow_copy_read,own_local_view,read,100000,30033,0.30033,2350000
86,7,independent_owner_parameter,std_shared,call,100000,1658763,16.58763,2350000
86,8,async_queue_job_1_local_copies,std_shared,job,100,77875,778.75,2000
86,9,group_setup_then_64_copies,std_shared,group,1562,1659910,1062.68245839,2349248
86,10,weak_lock_live,std_shared,lock,100000,1680244,16.80244,2350000
86,11,localize_read_drop,own_local,group,100000,1287421,12.87421,2350000
86,12,resource_lifecycle_64_assets_4096_objects,std_shared,cycle,10,514313,51431.3,17203200
86,13,owner_retained_borrow_parameter,own_local_view,call,100000,64205,0.64205,2350000
86,14,group_setup_then_1024_copies,own_local,group,97,90918,937.298969072,2334208
86,15,copy_read_drop,std_shared,copy,100000,1620802,16.20802,2350000
86,16,contended_copy_2_workers,own_shared,copy,200000,6066923,30.334615,4700000
86,17,async_queue_job_1_local_copies,own_local,job,100,47550,475.5,2000
86,18,localize_read_drop,std_shared,group,100000,1771549,17.71549,2350000
86,19,group_setup_then_1_copies,std_shared,group,100000,3248077,32.48077,2000000
86,20,scene_4096_attachments,own_local,attachment,98304,141726,1.44171142578,98304
86,21,frame_4096_draws_64_unique_leases,own_shared,frame,24,85785,3574.375,41287680
86,22,owner_retained_4096_draw_borrows,std_raw_borrow,frame,24,48006,2000.25,41287680
86,23,copy_read_drop,own_local,copy,100000,101581,1.01581,2350000
86,24,owner_retained_4096_parameter_borrows,std_raw_borrow,frame,24,82567,3440.29166667,41287680
86,25,copy_read_drop,own_shared,copy,100000,1221299,12.21299,2350000
86,26,independent_owner_parameter,own_local,call,100000,120595,1.20595,2350000
86,27,create_read_destroy,std_shared,asset,100000,1311797,13.11797,65000400000
86,28,create_read_destroy,own_shared,asset,100000,1343739,13.43739,65000400000
86,29,async_queue_job_1024_borrow_reads,std_shared_then_raw_borrow,job,100,161585,1615.85,2406400
86,30,owner_retained_borrow_copy_read,std_raw_borrow,read,100000,30103,0.30103,2350000
86,31,share_read_drop,std_shared,handoff,100000,1486695,14.86695,2350000
86,32,create_read_destroy,own_local,asset,100000,1484092,14.84092,65000400000
86,33,group_setup_then_1024_copies,std_shared,group,97,1641669,16924.4226804,2334208
86,34,async_queue_job_64_borrow_reads,own_shared_then_local_view,job,100,72470,724.7,150400
86,35,async_queue_job_1024_local_copies,own_local,job,100,401620,4016.2,2406400
86,36,async_queue_job_64_local_copies,std_shared,job,100,372393,3723.93,150400
86,37,weak_lock_live,own_shared,lock,100000,1507184,15.07184,2350000
86,38,weak_lock_expired,std_shared,lock,100000,99511,0.99511,0
86,39,async_queue_job_1024_local_copies,std_shared,job,100,2427072,24270.72,2406400
86,40,resettable_root_pin_1024_borrow_reads,own_shared_pin_local_view,scope,97,31372,323.422680412,2334208
86,41,borrow_read,raw_borrow,read,100000,35105,0.35105,2350000
86,42,scene_4096_attachments,std_shared,attachment,98304,954505,9.7097269694,98304
86,43,resettable_root_pin_1024_borrow_reads,std_shared_pin_raw_borrow,scope,97,32085,330.773195876,2334208
86,44,independent_owner_parameter,own_shared,call,100000,1451247,14.51247,2350000
86,45,async_queue_job_1_borrow_reads,std_shared_then_raw_borrow,job,100,68549,685.49,2000
86,46,async_queue_job_1_borrow_reads,own_shared_then_local_view,job,100,64997,649.97,2000
86,47,group_setup_then_64_copies,own_local,group,1562,126381,80.909731114,2349248
86,48,async_queue_job_64_local_copies,own_local,job,100,87004,870.04,150400
86,49,frame_4096_draws_64_unique_leases,std_shared,frame,24,84791,3532.95833333,41287680
86,50,contended_copy_2_workers,std_shared,copy,200000,15542488,77.71244,4700000
86,51,owner_retained_borrow_parameter,std_raw_borrow,call,100000,61830,0.6183,2350000
86,52,group_setup_then_8_copies,std_shared,group,12500,1886387,150.91096,2350000
86,53,group_setup_then_8_copies,own_local,group,12500,269479,21.55832,2350000
86,54,share_read_drop,own_shared,handoff,100000,1109192,11.09192,2350000
86,55,weak_lock_expired,own_shared,lock,100000,77191,0.77191,0
87,0,async_queue_job_1_borrow_reads,std_shared_then_raw_borrow,job,100,59866,598.66,2000
87,1,frame_4096_draws_64_unique_leases,std_shared,frame,24,85820,3575.83333333,41287680
87,2,async_queue_job_1_borrow_reads,own_shared_then_local_view,job,100,58901,589.01,2000
87,3,owner_retained_borrow_copy_read,std_raw_borrow,read,100000,30057,0.30057,2350000
87,4,create_read_destroy,own_local,asset,100000,1537516,15.37516,65000400000
87,5,owner_retained_borrow_parameter,std_raw_borrow,call,100000,59986,0.59986,2350000
87,6,share_read_drop,std_shared,handoff,100000,1465151,14.65151,2350000
87,7,resource_lifecycle_64_assets_4096_objects,own_local,cycle,10,202649,20264.9,17203200
87,8,resettable_root_pin_1024_borrow_reads,own_shared_pin_local_view,scope,97,31244,322.103092784,2334208
87,9,weak_lock_live,own_shared,lock,100000,1496068,14.96068,2350000
87,10,async_queue_job_1_local_copies,own_local,job,100,68465,684.65,2000
87,11,independent_owner_parameter,own_local,call,100000,115739,1.15739,2350000
87,12,async_queue_job_64_local_copies,own_local,job,100,80429,804.29,150400
87,13,async_queue_job_64_borrow_reads,own_shared_then_local_view,job,100,53347,533.47,150400
87,14,localize_read_drop,own_local,group,100000,1321971,13.21971,2350000
87,15,weak_lock_expired,std_shared,lock,100000,98114,0.98114,0
87,16,group_setup_then_1_copies,std_shared,group,100000,3325439,33.25439,2000000
87,17,frame_4096_draws_64_unique_leases,own_shared,frame,24,88372,3682.16666667,41287680
87,18,owner_retained_4096_parameter_borrows,own_local_view,frame,24,77322,3221.75,41287680
87,19,group_setup_then_8_copies,std_shared,group,12500,1852058,148.16464,2350000
87,20,owner_retained_4096_draw_borrows,own_local_view,frame,24,46964,1956.83333333,41287680
87,21,resettable_root_pin_1024_borrow_reads,std_shared_pin_raw_borrow,scope,97,32869,338.855670103,2334208
87,22,group_setup_then_1_copies,own_local,group,100000,1365398,13.65398,2000000
87,23,borrow_read,raw_borrow,read,100000,36831,0.36831,2350000
87,24,copy_read_drop,own_local,copy,100000,101665,1.01665,2350000
87,25,group_setup_then_1024_copies,own_local,group,97,111038,1144.72164948,2334208
87,26,weak_lock_live,std_shared,lock,100000,1807865,18.07865,2350000
87,27,scene_4096_attachments,std_shared,attachment,98304,1022460,10.4010009766,98304
87,28,async_queue_job_1024_borrow_reads,std_shared_then_raw_borrow,job,100,108426,1084.26,2406400
87,29,create_read_destroy,own_shared,asset,100000,1354818,13.54818,65000400000
87,30,async_queue_job_1_local_copies,std_shared,job,100,61493,614.93,2000
87,31,scene_4096_attachments,own_local,attachment,98304,141161,1.43596394857,98304
87,32,group_setup_then_8_copies,own_local,group,12500,244591,19.56728,2350000
87,33,localize_read_drop,std_shared,group,100000,1484839,14.84839,2350000
87,34,group_setup_then_1024_copies,std_shared,group,97,1642041,16928.257732,2334208
87,35,owner_retained_4096_draw_borrows,std_raw_borrow,frame,24,48976,2040.66666667,41287680
87,36,async_queue_job_1024_local_copies,std_shared,job,100,2400275,24002.75,2406400
87,37,copy_read_drop,own_shared,copy,100000,1102971,11.02971,2350000
87,38,group_setup_then_64_copies,own_local,group,1562,117176,75.0166453265,2349248
87,39,contended_copy_2_workers,own_shared,copy,200000,7879855,39.399275,4700000
87,40,async_queue_job_1024_borrow_reads,own_shared_then_local_view,job,100,120601,1206.01,2406400
87,41,group_setup_then_64_copies,std_shared,group,1562,1707254,1092.99231754,2349248
87,42,create_read_destroy,std_shared,asset,100000,1193667,11.93667,65000400000
87,43,owner_retained_borrow_copy_read,own_local_view,read,100000,30543,0.30543,2350000
87,44,async_queue_job_64_local_copies,std_shared,job,100,332390,3323.9,150400
87,45,owner_retained_4096_parameter_borrows,std_raw_borrow,frame,24,87959,3664.95833333,41287680
87,46,independent_owner_parameter,std_shared,call,100000,1655821,16.55821,2350000
87,47,async_queue_job_1024_local_copies,own_local,job,100,237666,2376.66,2406400
87,48,contended_copy_2_workers,std_shared,copy,200000,14763540,73.8177,4700000
87,49,owner_retained_borrow_parameter,own_local_view,call,100000,61768,0.61768,2350000
87,50,async_queue_job_64_borrow_reads,std_shared_then_raw_borrow,job,100,50824,508.24,150400
87,51,copy_read_drop,std_shared,copy,100000,1664504,16.64504,2350000
87,52,weak_lock_expired,own_shared,lock,100000,77285,0.77285,0
87,53,independent_owner_parameter,own_shared,call,100000,1470881,14.70881,2350000
87,54,share_read_drop,own_shared,handoff,100000,1127204,11.27204,2350000
87,55,resource_lifecycle_64_assets_4096_objects,std_shared,cycle,10,511218,51121.8,17203200
88,0,weak_lock_expired,own_shared,lock,100000,77009,0.77009,0
88,1,independent_owner_parameter,std_shared,call,100000,1650231,16.50231,2350000
88,2,resettable_root_pin_1024_borrow_reads,own_shared_pin_local_view,scope,97,31396,323.670103093,2334208
88,3,weak_lock_live,std_shared,lock,100000,1707398,17.07398,2350000
88,4,group_setup_then_64_copies,own_local,group,1562,113167,72.4500640205,2349248
88,5,create_read_destroy,own_local,asset,100000,1512886,15.12886,65000400000
88,6,async_queue_job_1_local_copies,std_shared,job,100,64282,642.82,2000
88,7,create_read_destroy,own_shared,asset,100000,1221853,12.21853,65000400000
88,8,copy_read_drop,own_local,copy,100000,101474,1.01474,2350000
88,9,group_setup_then_8_copies,own_local,group,12500,286320,22.9056,2350000
88,10,independent_owner_parameter,own_shared,call,100000,1595578,15.95578,2350000
88,11,async_queue_job_1_local_copies,own_local,job,100,83455,834.55,2000
88,12,async_queue_job_1_borrow_reads,std_shared_then_raw_borrow,job,100,68229,682.29,2000
88,13,group_setup_then_1024_copies,own_local,group,97,98554,1016.02061856,2334208
88,14,async_queue_job_64_local_copies,std_shared,job,100,307524,3075.24,150400
88,15,async_queue_job_1024_borrow_reads,own_shared_then_local_view,job,100,156821,1568.21,2406400
88,16,weak_lock_expired,std_shared,lock,100000,92837,0.92837,0
88,17,independent_owner_parameter,own_local,call,100000,140231,1.40231,2350000
88,18,borrow_read,raw_borrow,read,100000,39087,0.39087,2350000
88,19,copy_read_drop,own_shared,copy,100000,1197144,11.97144,2350000
88,20,contended_copy_2_workers,own_shared,copy,200000,10782775,53.913875,4700000
88,21,localize_read_drop,std_shared,group,100000,1481550,14.8155,2350000
88,22,async_queue_job_1024_local_copies,std_shared,job,100,2488001,24880.01,2406400
88,23,async_queue_job_1024_local_copies,own_local,job,100,236961,2369.61,2406400
88,24,scene_4096_attachments,std_shared,attachment,98304,941160,9.57397460938,98304
88,25,owner_retained_4096_parameter_borrows,std_raw_borrow,frame,24,81292,3387.16666667,41287680
88,26,localize_read_drop,own_local,group,100000,1296894,12.96894,2350000
88,27,owner_retained_borrow_parameter,own_local_view,call,100000,59921,0.59921,2350000
88,28,copy_read_drop,std_shared,copy,100000,1665263,16.65263,2350000
88,29,share_read_drop,own_shared,handoff,100000,1114159,11.14159,2350000
88,30,owner_retained_4096_draw_borrows,own_local_view,frame,24,49562,2065.08333333,41287680
88,31,weak_lock_live,own_shared,lock,100000,1508850,15.0885,2350000
88,32,resource_lifecycle_64_assets_4096_objects,own_local,cycle,10,207417,20741.7,17203200
88,33,share_read_drop,std_shared,handoff,100000,1462887,14.62887,2350000
88,34,create_read_destroy,std_shared,asset,100000,1243601,12.43601,65000400000
88,35,owner_retained_4096_draw_borrows,std_raw_borrow,frame,24,61121,2546.70833333,41287680
88,36,owner_retained_borrow_copy_read,own_local_view,read,100000,30000,0.3,2350000
88,37,owner_retained_4096_parameter_borrows,own_local_view,frame,24,76161,3173.375,41287680
88,38,group_setup_then_1_copies,std_shared,group,100000,3301739,33.01739,2000000
88,39,async_queue_job_1_borrow_reads,own_shared_then_local_view,job,100,61721,617.21,2000
88,40,group_setup_then_1_copies,own_local,group,100000,1368294,13.68294,2000000
88,41,resource_lifecycle_64_assets_4096_objects,std_shared,cycle,10,537209,53720.9,17203200
88,42,async_queue_job_64_local_copies,own_local,job,100,110651,1106.51,150400
88,43,frame_4096_draws_64_unique_leases,own_shared,frame,24,108239,4509.95833333,41287680
88,44,frame_4096_draws_64_unique_leases,std_shared,frame,24,112174,4673.91666667,41287680
88,45,scene_4096_attachments,own_local,attachment,98304,139169,1.41570027669,98304
88,46,owner_retained_borrow_parameter,std_raw_borrow,call,100000,75984,0.75984,2350000
88,47,async_queue_job_1024_borrow_reads,std_shared_then_raw_borrow,job,100,130413,1304.13,2406400
88,48,group_setup_then_8_copies,std_shared,group,12500,1868293,149.46344,2350000
88,49,async_queue_job_64_borrow_reads,own_shared_then_local_view,job,100,80600,806,150400
88,50,group_setup_then_64_copies,std_shared,group,1562,1675768,1072.83482714,2349248
88,51,contended_copy_2_workers,std_shared,copy,200000,13731656,68.65828,4700000
88,52,async_queue_job_64_borrow_reads,std_shared_then_raw_borrow,job,100,77782,777.82,150400
88,53,owner_retained_borrow_copy_read,std_raw_borrow,read,100000,30143,0.30143,2350000
88,54,group_setup_then_1024_copies,std_shared,group,97,1694291,17466.9175258,2334208
88,55,resettable_root_pin_1024_borrow_reads,std_shared_pin_raw_borrow,scope,97,31697,326.773195876,2334208
89,0,async_queue_job_1_borrow_reads,std_shared_then_raw_borrow,job,100,46583,465.83,2000
89,1,owner_retained_4096_parameter_borrows,own_local_view,frame,24,77382,3224.25,41287680
89,2,weak_lock_live,own_shared,lock,100000,1497225,14.97225,2350000
89,3,owner_retained_borrow_copy_read,own_local_view,read,100000,34620,0.3462,2350000
89,4,async_queue_job_1024_local_copies,own_local,job,100,277671,2776.71,2406400
89,5,contended_copy_2_workers,own_shared,copy,200000,10512829,52.564145,4700000
89,6,contended_copy_2_workers,std_shared,copy,200000,15778241,78.891205,4700000
89,7,weak_lock_expired,own_shared,lock,100000,77735,0.77735,0
89,8,async_queue_job_1_local_copies,own_local,job,100,60045,600.45,2000
89,9,owner_retained_4096_draw_borrows,own_local_view,frame,24,48187,2007.79166667,41287680
89,10,scene_4096_attachments,own_local,attachment,98304,142865,1.45329793294,98304
89,11,group_setup_then_1024_copies,own_local,group,97,92802,956.721649485,2334208
89,12,independent_owner_parameter,std_shared,call,100000,1644100,16.441,2350000
89,13,borrow_read,raw_borrow,read,100000,36083,0.36083,2350000
89,14,create_read_destroy,own_shared,asset,100000,1279101,12.79101,65000400000
89,15,owner_retained_borrow_copy_read,std_raw_borrow,read,100000,41822,0.41822,2350000
89,16,resettable_root_pin_1024_borrow_reads,own_shared_pin_local_view,scope,97,31320,322.886597938,2334208
89,17,owner_retained_4096_parameter_borrows,std_raw_borrow,frame,24,78441,3268.375,41287680
89,18,group_setup_then_1_copies,std_shared,group,100000,3337668,33.37668,2000000
89,19,resource_lifecycle_64_assets_4096_objects,own_local,cycle,10,213190,21319,17203200
89,20,frame_4096_draws_64_unique_leases,own_shared,frame,24,87906,3662.75,41287680
89,21,share_read_drop,own_shared,handoff,100000,1118877,11.18877,2350000
89,22,owner_retained_4096_draw_borrows,std_raw_borrow,frame,24,47596,1983.16666667,41287680
89,23,group_setup_then_64_copies,own_local,group,1562,111652,71.4801536492,2349248
89,24,create_read_destroy,own_local,asset,100000,1515321,15.15321,65000400000
89,25,async_queue_job_1024_borrow_reads,own_shared_then_local_view,job,100,183595,1835.95,2406400
89,26,async_queue_job_64_local_copies,own_local,job,100,68662,686.62,150400
89,27,resettable_root_pin_1024_borrow_reads,std_shared_pin_raw_borrow,scope,97,31851,328.360824742,2334208
89,28,weak_lock_live,std_shared,lock,100000,1679817,16.79817,2350000
89,29,owner_retained_borrow_parameter,own_local_view,call,100000,61735,0.61735,2350000
89,30,localize_read_drop,std_shared,group,100000,1492263,14.92263,2350000
89,31,async_queue_job_1024_local_copies,std_shared,job,100,2421990,24219.9,2406400
89,32,copy_read_drop,own_local,copy,100000,101591,1.01591,2350000
89,33,group_setup_then_8_copies,own_local,group,12500,270309,21.62472,2350000
89,34,async_queue_job_1_local_copies,std_shared,job,100,90034,900.34,2000
89,35,group_setup_then_1_copies,own_local,group,100000,1463151,14.63151,2000000
89,36,frame_4096_draws_64_unique_leases,std_shared,frame,24,97342,4055.91666667,41287680
89,37,copy_read_drop,own_shared,copy,100000,1233834,12.33834,2350000
89,38,async_queue_job_1_borrow_reads,own_shared_then_local_view,job,100,68479,684.79,2000
89,39,copy_read_drop,std_shared,copy,100000,1814280,18.1428,2350000
89,40,independent_owner_parameter,own_shared,call,100000,1607858,16.07858,2350000
89,41,independent_owner_parameter,own_local,call,100000,129007,1.29007,2350000
89,42,weak_lock_expired,std_shared,lock,100000,92867,0.92867,0
89,43,scene_4096_attachments,std_shared,attachment,98304,1030264,10.4803873698,98304
89,44,resource_lifecycle_64_assets_4096_objects,std_shared,cycle,10,541650,54165,17203200
89,45,async_queue_job_64_borrow_reads,own_shared_then_local_view,job,100,71911,719.11,150400
89,46,share_read_drop,std_shared,handoff,100000,1476647,14.76647,2350000
89,47,owner_retained_borrow_parameter,std_raw_borrow,call,100000,60291,0.60291,2350000
89,48,async_queue_job_64_borrow_reads,std_shared_then_raw_borrow,job,100,97902,979.02,150400
89,49,create_read_destroy,std_shared,asset,100000,1195951,11.95951,65000400000
89,50,group_setup_then_64_copies,std_shared,group,1562,1666308,1066.77848912,2349248
89,51,async_queue_job_1024_borrow_reads,std_shared_then_raw_borrow,job,100,160461,1604.61,2406400
89,52,localize_read_drop,own_local,group,100000,1344210,13.4421,2350000
89,53,async_queue_job_64_local_copies,std_shared,job,100,316721,3167.21,150400
89,54,group_setup_then_1024_copies,std_shared,group,97,1644377,16952.3402062,2334208
89,55,group_setup_then_8_copies,std_shared,group,12500,1873374,149.86992,2350000
90,0,weak_lock_live,std_shared,lock,100000,1695673,16.95673,2350000
90,1,owner_retained_4096_draw_borrows,own_local_view,frame,24,49085,2045.20833333,41287680
90,2,localize_read_drop,std_shared,group,100000,1507405,15.07405,2350000
90,3,resource_lifecycle_64_assets_4096_objects,own_local,cycle,10,199463,19946.3,17203200
90,4,copy_read_drop,own_local,copy,100000,101387,1.01387,2350000
90,5,async_queue_job_1024_local_copies,own_local,job,100,200647,2006.47,2406400
90,6,resource_lifecycle_64_assets_4096_objects,std_shared,cycle,10,555069,55506.9,17203200
90,7,localize_read_drop,own_local,group,100000,1380770,13.8077,2350000
90,8,group_setup_then_1024_copies,own_local,group,97,102700,1058.7628866,2334208
90,9,frame_4096_draws_64_unique_leases,std_shared,frame,24,128444,5351.83333333,41287680
90,10,owner_retained_borrow_parameter,std_raw_borrow,call,100000,66778,0.66778,2350000
90,11,async_queue_job_64_borrow_reads,own_shared_then_local_view,job,100,48519,485.19,150400
90,12,create_read_destroy,own_shared,asset,100000,1311615,13.11615,65000400000
90,13,owner_retained_4096_parameter_borrows,std_raw_borrow,frame,24,83867,3494.45833333,41287680
90,14,async_queue_job_1_local_copies,std_shared,job,100,70371,703.71,2000
90,15,group_setup_then_1_copies,std_shared,group,100000,3363734,33.63734,2000000
90,16,weak_lock_live,own_shared,lock,100000,1508973,15.08973,2350000
90,17,async_queue_job_1_local_copies,own_local,job,100,69460,694.6,2000
90,18,frame_4096_draws_64_unique_leases,own_shared,frame,24,91089,3795.375,41287680
90,19,independent_owner_parameter,own_shared,call,100000,1464739,14.64739,2350000
90,20,owner_retained_4096_parameter_borrows,own_local_view,frame,24,76675,3194.79166667,41287680
90,21,group_setup_then_1024_copies,std_shared,group,97,1644520,16953.814433,2334208
90,22,async_queue_job_1024_borrow_reads,std_shared_then_raw_borrow,job,100,119784,1197.84,2406400
90,23,weak_lock_expired,std_shared,lock,100000,86033,0.86033,0
90,24,copy_read_drop,own_shared,copy,100000,1106267,11.06267,2350000
90,25,owner_retained_borrow_copy_read,own_local_view,read,100000,30103,0.30103,2350000
90,26,async_queue_job_1_borrow_reads,std_shared_then_raw_borrow,job,100,56493,564.93,2000
90,27,group_setup_then_64_copies,own_local,group,1562,138141,88.4385403329,2349248
90,28,share_read_drop,own_shared,handoff,100000,1149860,11.4986,2350000
90,29,async_queue_job_1_borrow_reads,own_shared_then_local_view,job,100,68161,681.61,2000
90,30,create_read_destroy,std_shared,asset,100000,1313564,13.13564,65000400000
90,31,async_queue_job_64_local_copies,std_shared,job,100,328488,3284.88,150400
90,32,group_setup_then_8_copies,own_local,group,12500,268790,21.5032,2350000
90,33,independent_owner_parameter,std_shared,call,100000,1661346,16.61346,2350000
90,34,owner_retained_borrow_parameter,own_local_view,call,100000,61640,0.6164,2350000
90,35,borrow_read,raw_borrow,read,100000,35310,0.3531,2350000
90,36,group_setup_then_64_copies,std_shared,group,1562,1698167,1087.17477593,2349248
90,37,weak_lock_expired,own_shared,lock,100000,77298,0.77298,0
90,38,async_queue_job_64_local_copies,own_local,job,100,121803,1218.03,150400
90,39,async_queue_job_64_borrow_reads,std_shared_then_raw_borrow,job,100,54992,549.92,150400
90,40,contended_copy_2_workers,own_shared,copy,200000,10340715,51.703575,4700000
90,41,async_queue_job_1024_local_copies,std_shared,job,100,2713216,27132.16,2406400
90,42,contended_copy_2_workers,std_shared,copy,200000,12838042,64.19021,4700000
90,43,group_setup_then_8_copies,std_shared,group,12500,1874322,149.94576,2350000
90,44,copy_read_drop,std_shared,copy,100000,1657997,16.57997,2350000
90,45,independent_owner_parameter,own_local,call,100000,129510,1.2951,2350000
90,46,resettable_root_pin_1024_borrow_reads,std_shared_pin_raw_borrow,scope,97,31538,325.134020619,2334208
90,47,async_queue_job_1024_borrow_reads,own_shared_then_local_view,job,100,198928,1989.28,2406400
90,48,resettable_root_pin_1024_borrow_reads,own_shared_pin_local_view,scope,97,31299,322.670103093,2334208
90,49,scene_4096_attachments,own_local,attachment,98304,144506,1.46999104818,98304
90,50,share_read_drop,std_shared,handoff,100000,1485049,14.85049,2350000
90,51,create_read_destroy,own_local,asset,100000,1507656,15.07656,65000400000
90,52,scene_4096_attachments,std_shared,attachment,98304,958083,9.74612426758,98304
90,53,owner_retained_borrow_copy_read,std_raw_borrow,read,100000,30167,0.30167,2350000
90,54,owner_retained_4096_draw_borrows,std_raw_borrow,frame,24,48725,2030.20833333,41287680
90,55,group_setup_then_1_copies,own_local,group,100000,1477107,14.77107,2000000
91,0,group_setup_then_64_copies,own_local,group,1562,142334,91.1229193342,2349248
91,1,group_setup_then_64_copies,std_shared,group,1562,1697997,1087.0659411,2349248
91,2,contended_copy_2_workers,std_shared,copy,200000,16450972,82.25486,4700000
91,3,async_queue_job_64_borrow_reads,std_shared_then_raw_borrow,job,100,60325,603.25,150400
91,4,group_setup_then_8_copies,std_shared,group,12500,1878441,150.27528,2350000
91,5,owner_retained_borrow_parameter,std_raw_borrow,call,100000,69073,0.69073,2350000
91,6,async_queue_job_64_local_copies,std_shared,job,100,388766,3887.66,150400
91,7,resettable_root_pin_1024_borrow_reads,own_shared_pin_local_view,scope,97,31340,323.092783505,2334208
91,8,owner_retained_borrow_copy_read,std_raw_borrow,read,100000,30596,0.30596,2350000
91,9,owner_retained_4096_parameter_borrows,own_local_view,frame,24,77227,3217.79166667,41287680
91,10,independent_owner_parameter,own_shared,call,100000,1458112,14.58112,2350000
91,11,borrow_read,raw_borrow,read,100000,35471,0.35471,2350000
91,12,scene_4096_attachments,std_shared,attachment,98304,948945,9.65316772461,98304
91,13,owner_retained_borrow_copy_read,own_local_view,read,100000,30019,0.30019,2350000
91,14,copy_read_drop,own_local,copy,100000,101210,1.0121,2350000
91,15,group_setup_then_1_copies,std_shared,group,100000,3610379,36.10379,2000000
91,16,async_queue_job_1_local_copies,own_local,job,100,82689,826.89,2000
91,17,group_setup_then_1024_copies,std_shared,group,97,1673446,17252.0206186,2334208
91,18,weak_lock_expired,own_shared,lock,100000,77271,0.77271,0
91,19,group_setup_then_1024_copies,own_local,group,97,92814,956.845360825,2334208
91,20,resource_lifecycle_64_assets_4096_objects,own_local,cycle,10,222561,22256.1,17203200
91,21,async_queue_job_64_borrow_reads,own_shared_then_local_view,job,100,79321,793.21,150400
91,22,async_queue_job_1024_borrow_reads,std_shared_then_raw_borrow,job,100,122107,1221.07,2406400
91,23,resource_lifecycle_64_assets_4096_objects,std_shared,cycle,10,500257,50025.7,17203200
91,24,independent_owner_parameter,std_shared,call,100000,1649958,16.49958,2350000
91,25,async_queue_job_1024_local_copies,own_local,job,100,197472,1974.72,2406400
91,26,async_queue_job_1_borrow_reads,own_shared_then_local_view,job,100,51604,516.04,2000
91,27,group_setup_then_8_copies,own_local,group,12500,244335,19.5468,2350000
91,28,independent_owner_parameter,own_local,call,100000,126034,1.26034,2350000
91,29,copy_read_drop,own_shared,copy,100000,1107798,11.07798,2350000
91,30,async_queue_job_1024_local_copies,std_shared,job,100,2445827,24458.27,2406400
91,31,async_queue_job_1024_borrow_reads,own_shared_then_local_view,job,100,155058,1550.58,2406400
91,32,async_queue_job_64_local_copies,own_local,job,100,86319,863.19,150400
91,33,owner_retained_borrow_parameter,own_local_view,call,100000,59998,0.59998,2350000
91,34,create_read_destroy,own_local,asset,100000,1554802,15.54802,65000400000
91,35,frame_4096_draws_64_unique_leases,std_shared,frame,24,85015,3542.29166667,41287680
91,36,contended_copy_2_workers,own_shared,copy,200000,5363713,26.818565,4700000
91,37,weak_lock_live,std_shared,lock,100000,1708131,17.08131,2350000
91,38,weak_lock_live,own_shared,lock,100000,1512143,15.12143,2350000
91,39,owner_retained_4096_draw_borrows,std_raw_borrow,frame,24,49400,2058.33333333,41287680
91,40,owner_retained_4096_draw_borrows,own_local_view,frame,24,52564,2190.16666667,41287680
91,41,localize_read_drop,std_shared,group,100000,1498851,14.98851,2350000
91,42,share_read_drop,own_shared,handoff,100000,1112459,11.12459,2350000
91,43,frame_4096_draws_64_unique_leases,own_shared,frame,24,90257,3760.70833333,41287680
91,44,async_queue_job_1_local_copies,std_shared,job,100,79862,798.62,2000
91,45,copy_read_drop,std_shared,copy,100000,1654365,16.54365,2350000
91,46,create_read_destroy,std_shared,asset,100000,1268441,12.68441,65000400000
91,47,weak_lock_expired,std_shared,lock,100000,85684,0.85684,0
91,48,group_setup_then_1_copies,own_local,group,100000,1358114,13.58114,2000000
91,49,owner_retained_4096_parameter_borrows,std_raw_borrow,frame,24,76229,3176.20833333,41287680
91,50,localize_read_drop,own_local,group,100000,1280415,12.80415,2350000
91,51,async_queue_job_1_borrow_reads,std_shared_then_raw_borrow,job,100,68004,680.04,2000
91,52,scene_4096_attachments,own_local,attachment,98304,151297,1.53907267253,98304
91,53,share_read_drop,std_shared,handoff,100000,1482467,14.82467,2350000
91,54,resettable_root_pin_1024_borrow_reads,std_shared_pin_raw_borrow,scope,97,31910,328.969072165,2334208
91,55,create_read_destroy,own_shared,asset,100000,1254489,12.54489,65000400000
92,0,async_queue_job_1_borrow_reads,std_shared_then_raw_borrow,job,100,62636,626.36,2000
92,1,share_read_drop,own_shared,handoff,100000,1124387,11.24387,2350000
92,2,async_queue_job_1024_borrow_reads,own_shared_then_local_view,job,100,115012,1150.12,2406400
92,3,async_queue_job_1024_borrow_reads,std_shared_then_raw_borrow,job,100,133943,1339.43,2406400
92,4,group_setup_then_1_copies,std_shared,group,100000,3333343,33.33343,2000000
92,5,copy_read_drop,own_local,copy,100000,101687,1.01687,2350000
92,6,weak_lock_live,own_shared,lock,100000,1626028,16.26028,2350000
92,7,localize_read_drop,std_shared,group,100000,1611259,16.11259,2350000
92,8,group_setup_then_8_copies,std_shared,group,12500,1938181,155.05448,2350000
92,9,group_setup_then_1024_copies,std_shared,group,97,1636326,16869.3402062,2334208
92,10,owner_retained_borrow_copy_read,std_raw_borrow,read,100000,30078,0.30078,2350000
92,11,async_queue_job_64_local_copies,std_shared,job,100,388126,3881.26,150400
92,12,contended_copy_2_workers,std_shared,copy,200000,9845214,49.22607,4700000
92,13,create_read_destroy,own_local,asset,100000,1530726,15.30726,65000400000
92,14,owner_retained_4096_parameter_borrows,own_local_view,frame,24,77611,3233.79166667,41287680
92,15,async_queue_job_64_borrow_reads,std_shared_then_raw_borrow,job,100,68556,685.56,150400
92,16,group_setup_then_8_copies,own_local,group,12500,226908,18.15264,2350000
92,17,resource_lifecycle_64_assets_4096_objects,own_local,cycle,10,234800,23480,17203200
92,18,async_queue_job_1_local_copies,own_local,job,100,94361,943.61,2000
92,19,owner_retained_borrow_parameter,own_local_view,call,100000,64382,0.64382,2350000
92,20,frame_4096_draws_64_unique_leases,std_shared,frame,24,92138,3839.08333333,41287680
92,21,scene_4096_attachments,std_shared,attachment,98304,960319,9.76887003581,98304
92,22,create_read_destroy,own_shared,asset,100000,1256184,12.56184,65000400000
92,23,resettable_root_pin_1024_borrow_reads,own_shared_pin_local_view,scope,97,31375,323.453608247,2334208
92,24,frame_4096_draws_64_unique_leases,own_shared,frame,24,89236,3718.16666667,41287680
92,25,group_setup_then_64_copies,own_local,group,1562,120082,76.8770806658,2349248
92,26,async_queue_job_1024_local_copies,own_local,job,100,281105,2811.05,2406400
92,27,weak_lock_live,std_shared,lock,100000,1694922,16.94922,2350000
92,28,group_setup_then_64_copies,std_shared,group,1562,1694025,1084.52304738,2349248
92,29,independent_owner_parameter,own_local,call,100000,118915,1.18915,2350000
92,30,contended_copy_2_workers,own_shared,copy,200000,7842092,39.21046,4700000
92,31,copy_read_drop,std_shared,copy,100000,1842822,18.42822,2350000
92,32,owner_retained_borrow_copy_read,own_local_view,read,100000,40585,0.40585,2350000
92,33,group_setup_then_1024_copies,own_local,group,97,123334,1271.48453608,2334208
92,34,share_read_drop,std_shared,handoff,100000,1711397,17.11397,2350000
92,35,async_queue_job_1024_local_copies,std_shared,job,100,3015025,30150.25,2406400
92,36,copy_read_drop,own_shared,copy,100000,1327155,13.27155,2350000
92,37,async_queue_job_1_borrow_reads,own_shared_then_local_view,job,100,74713,747.13,2000
92,38,async_queue_job_64_local_copies,own_local,job,100,81430,814.3,150400
92,39,weak_lock_expired,own_shared,lock,100000,80752,0.80752,0
92,40,owner_retained_4096_draw_borrows,std_raw_borrow,frame,24,49932,2080.5,41287680
92,41,localize_read_drop,own_local,group,100000,1328905,13.28905,2350000
92,42,independent_owner_parameter,own_shared,call,100000,1463809,14.63809,2350000
92,43,owner_retained_4096_parameter_borrows,std_raw_borrow,frame,24,76230,3176.25,41287680
92,44,async_queue_job_1_local_copies,std_shared,job,100,50724,507.24,2000
92,45,owner_retained_borrow_parameter,std_raw_borrow,call,100000,60060,0.6006,2350000
92,46,owner_retained_4096_draw_borrows,own_local_view,frame,24,73711,3071.29166667,41287680
92,47,resettable_root_pin_1024_borrow_reads,std_shared_pin_raw_borrow,scope,97,42179,434.835051546,2334208
92,48,independent_owner_parameter,std_shared,call,100000,1666428,16.66428,2350000
92,49,borrow_read,raw_borrow,read,100000,36178,0.36178,2350000
92,50,create_read_destroy,std_shared,asset,100000,1260510,12.6051,65000400000
92,51,group_setup_then_1_copies,own_local,group,100000,1425756,14.25756,2000000
92,52,resource_lifecycle_64_assets_4096_objects,std_shared,cycle,10,512754,51275.4,17203200
92,53,weak_lock_expired,std_shared,lock,100000,85617,0.85617,0
92,54,scene_4096_attachments,own_local,attachment,98304,142669,1.45130411784,98304
92,55,async_queue_job_64_borrow_reads,own_shared_then_local_view,job,100,68862,688.62,150400
93,0,group_setup_then_8_copies,std_shared,group,12500,1766285,141.3028,2350000
93,1,resource_lifecycle_64_assets_4096_objects,own_local,cycle,10,256271,25627.1,17203200
93,2,async_queue_job_1024_borrow_reads,own_shared_then_local_view,job,100,127642,1276.42,2406400
93,3,owner_retained_borrow_copy_read,own_local_view,read,100000,30280,0.3028,2350000
93,4,owner_retained_4096_draw_borrows,std_raw_borrow,frame,24,49869,2077.875,41287680
93,5,group_setup_then_1_copies,std_shared,group,100000,3402460,34.0246,2000000
93,6,async_queue_job_1024_local_copies,std_shared,job,100,2436491,24364.91,2406400
93,7,frame_4096_draws_64_unique_leases,own_shared,frame,24,89942,3747.58333333,41287680
93,8,group_setup_then_8_copies,own_local,group,12500,256343,20.50744,2350000
93,9,copy_read_drop,own_local,copy,100000,101641,1.01641,2350000
93,10,create_read_destroy,own_local,asset,100000,1566254,15.66254,65000400000
93,11,resettable_root_pin_1024_borrow_reads,own_shared_pin_local_view,scope,97,33846,348.927835052,2334208
93,12,scene_4096_attachments,own_local,attachment,98304,151951,1.54572550456,98304
93,13,weak_lock_live,std_shared,lock,100000,1966677,19.66677,2350000
93,14,group_setup_then_1024_copies,own_local,group,97,98607,1016.56701031,2334208
93,15,owner_retained_4096_draw_borrows,own_local_view,frame,24,51799,2158.29166667,41287680
93,16,resettable_root_pin_1024_borrow_reads,std_shared_pin_raw_borrow,scope,97,34455,355.206185567,2334208
93,17,contended_copy_2_workers,std_shared,copy,200000,16780602,83.90301,4700000
93,18,independent_owner_parameter,std_shared,call,100000,1678131,16.78131,2350000
93,19,async_queue_job_1_local_copies,own_local,job,100,54615,546.15,2000
93,20,scene_4096_attachments,std_shared,attachment,98304,1332564,13.5555419922,98304
93,21,copy_read_drop,own_shared,copy,100000,1106282,11.06282,2350000
93,22,weak_lock_live,own_shared,lock,100000,1590135,15.90135,2350000
93,23,async_queue_job_1_local_copies,std_shared,job,100,58192,581.92,2000
93,24,async_queue_job_1_borrow_reads,std_shared_then_raw_borrow,job,100,45550,455.5,2000
93,25,owner_retained_4096_parameter_borrows,std_raw_borrow,frame,24,77502,3229.25,41287680
93,26,frame_4096_draws_64_unique_leases,std_shared,frame,24,84934,3538.91666667,41287680
93,27,async_queue_job_1024_borrow_reads,std_shared_then_raw_borrow,job,100,134387,1343.87,2406400
93,28,independent_owner_parameter,own_shared,call,100000,1463536,14.63536,2350000
93,29,owner_retained_borrow_parameter,std_raw_borrow,call,100000,59955,0.59955,2350000
93,30,owner_retained_borrow_parameter,own_local_view,call,100000,61741,0.61741,2350000
93,31,independent_owner_parameter,own_local,call,100000,111828,1.11828,2350000
93,32,group_setup_then_1_copies,own_local,group,100000,1372625,13.72625,2000000
93,33,borrow_read,raw_borrow,read,100000,35668,0.35668,2350000
93,34,localize_read_drop,own_local,group,100000,1303247,13.03247,2350000
93,35,weak_lock_expired,std_shared,lock,100000,96929,0.96929,0
93,36,localize_read_drop,std_shared,group,100000,1476675,14.76675,2350000
93,37,async_queue_job_64_local_copies,std_shared,job,100,303713,3037.13,150400
93,38,owner_retained_borrow_copy_read,std_raw_borrow,read,100000,30058,0.30058,2350000
93,39,async_queue_job_64_borrow_reads,own_shared_then_local_view,job,100,382099,3820.99,150400
93,40,async_queue_job_64_local_copies,own_local,job,100,70811,708.11,150400
93,41,group_setup_then_1024_copies,std_shared,group,97,1806322,18621.8762887,2334208
93,42,async_queue_job_1_borrow_reads,own_shared_then_local_view,job,100,49631,496.31,2000
93,43,share_read_drop,std_shared,handoff,100000,1517514,15.17514,2350000
93,44,share_read_drop,own_shared,handoff,100000,1134035,11.34035,2350000
93,45,group_setup_then_64_copies,std_shared,group,1562,1697413,1086.69206146,2349248
93,46,create_read_destroy,std_shared,asset,100000,1249297,12.49297,65000400000
93,47,resource_lifecycle_64_assets_4096_objects,std_shared,cycle,10,520635,52063.5,17203200
93,48,owner_retained_4096_parameter_borrows,own_local_view,frame,24,76706,3196.08333333,41287680
93,49,async_queue_job_1024_local_copies,own_local,job,100,219081,2190.81,2406400
93,50,async_queue_job_64_borrow_reads,std_shared_then_raw_borrow,job,100,68637,686.37,150400
93,51,contended_copy_2_workers,own_shared,copy,200000,11615409,58.077045,4700000
93,52,copy_read_drop,std_shared,copy,100000,1690175,16.90175,2350000
93,53,weak_lock_expired,own_shared,lock,100000,82175,0.82175,0
93,54,create_read_destroy,own_shared,asset,100000,1219455,12.19455,65000400000
93,55,group_setup_then_64_copies,own_local,group,1562,112666,72.1293213828,2349248
94,0,resource_lifecycle_64_assets_4096_objects,std_shared,cycle,10,505957,50595.7,17203200
94,1,resource_lifecycle_64_assets_4096_objects,own_local,cycle,10,206598,20659.8,17203200
94,2,weak_lock_expired,own_shared,lock,100000,76972,0.76972,0
94,3,owner_retained_borrow_copy_read,own_local_view,read,100000,30186,0.30186,2350000
94,4,group_setup_then_1_copies,std_shared,group,100000,3339961,33.39961,2000000
94,5,async_queue_job_1024_borrow_reads,own_shared_then_local_view,job,100,124898,1248.98,2406400
94,6,share_read_drop,std_shared,handoff,100000,1492423,14.92423,2350000
94,7,async_queue_job_1_borrow_reads,own_shared_then_local_view,job,100,52327,523.27,2000
94,8,async_queue_job_64_local_copies,std_shared,job,100,345437,3454.37,150400
94,9,share_read_drop,own_shared,handoff,100000,1113741,11.13741,2350000
94,10,group_setup_then_1024_copies,own_local,group,97,100125,1032.21649485,2334208
94,11,owner_retained_4096_parameter_borrows,own_local_view,frame,24,76894,3203.91666667,41287680
94,12,localize_read_drop,own_local,group,100000,1287988,12.87988,2350000
94,13,weak_lock_live,own_shared,lock,100000,1525336,15.25336,2350000
94,14,owner_retained_borrow_copy_read,std_raw_borrow,read,100000,30188,0.30188,2350000
94,15,async_queue_job_64_borrow_reads,std_shared_then_raw_borrow,job,100,82852,828.52,150400
94,16,async_queue_job_1024_local_copies,std_shared,job,100,2414203,24142.03,2406400
94,17,copy_read_drop,own_shared,copy,100000,1128764,11.28764,2350000
94,18,weak_lock_live,std_shared,lock,100000,1705213,17.05213,2350000
94,19,independent_owner_parameter,own_shared,call,100000,1449458,14.49458,2350000
94,20,owner_retained_4096_draw_borrows,std_raw_borrow,frame,24,48270,2011.25,41287680
94,21,resettable_root_pin_1024_borrow_reads,std_shared_pin_raw_borrow,scope,97,32085,330.773195876,2334208
94,22,create_read_destroy,own_local,asset,100000,1532363,15.32363,65000400000
94,23,borrow_read,raw_borrow,read,100000,45719,0.45719,2350000
94,24,copy_read_drop,own_local,copy,100000,127846,1.27846,2350000
94,25,frame_4096_draws_64_unique_leases,std_shared,frame,24,101772,4240.5,41287680
94,26,async_queue_job_1_local_copies,own_local,job,100,62203,622.03,2000
94,27,create_read_destroy,own_shared,asset,100000,1275691,12.75691,65000400000
94,28,independent_owner_parameter,own_local,call,100000,115505,1.15505,2350000
94,29,create_read_destroy,std_shared,asset,100000,1257150,12.5715,65000400000
94,30,owner_retained_4096_parameter_borrows,std_raw_borrow,frame,24,81703,3404.29166667,41287680
94,31,async_queue_job_1_local_copies,std_shared,job,100,78541,785.41,2000
94,32,group_setup_then_8_copies,own_local,group,12500,276682,22.13456,2350000
94,33,async_queue_job_64_borrow_reads,own_shared_then_local_view,job,100,70185,701.85,150400
94,34,copy_read_drop,std_shared,copy,100000,1667369,16.67369,2350000
94,35,group_setup_then_8_copies,std_shared,group,12500,1870376,149.63008,2350000
94,36,owner_retained_borrow_parameter,std_raw_borrow,call,100000,59976,0.59976,2350000
94,37,async_queue_job_64_local_copies,own_local,job,100,74974,749.74,150400
94,38,async_queue_job_1_borrow_reads,std_shared_then_raw_borrow,job,100,45715,457.15,2000
94,39,async_queue_job_1024_borrow_reads,std_shared_then_raw_borrow,job,100,183483,1834.83,2406400
94,40,group_setup_then_1024_copies,std_shared,group,97,1642039,16928.2371134,2334208
94,41,frame_4096_draws_64_unique_leases,own_shared,frame,24,90708,3779.5,41287680
94,42,owner_retained_4096_draw_borrows,own_local_view,frame,24,47752,1989.66666667,41287680
94,43,group_setup_then_1_copies,own_local,group,100000,1428924,14.28924,2000000
94,44,contended_copy_2_workers,own_shared,copy,200000,12744913,63.724565,4700000
94,45,independent_owner_parameter,std_shared,call,100000,1643100,16.431,2350000
94,46,scene_4096_attachments,own_local,attachment,98304,143449,1.45923868815,98304
94,47,weak_lock_expired,std_shared,lock,100000,85800,0.858,0
94,48,resettable_root_pin_1024_borrow_reads,own_shared_pin_local_view,scope,97,31487,324.608247423,2334208
94,49,async_queue_job_1024_local_copies,own_local,job,100,328647,3286.47,2406400
94,50,owner_retained_borrow_parameter,own_local_view,call,100000,64382,0.64382,2350000
94,51,contended_copy_2_workers,std_shared,copy,200000,14224599,71.122995,4700000
94,52,localize_read_drop,std_shared,group,100000,1479841,14.79841,2350000
94,53,group_setup_then_64_copies,own_local,group,1562,114587,73.3591549296,2349248
94,54,scene_4096_attachments,std_shared,attachment,98304,974675,9.91490681966,98304
94,55,group_setup_then_64_copies,std_shared,group,1562,1676973,1073.60627401,2349248
95,0,localize_read_drop,own_local,group,100000,1282692,12.82692,2350000
95,1,owner_retained_4096_draw_borrows,std_raw_borrow,frame,24,48673,2028.04166667,41287680
95,2,weak_lock_live,own_shared,lock,100000,1522098,15.22098,2350000
95,3,owner_retained_4096_parameter_borrows,std_raw_borrow,frame,24,76349,3181.20833333,41287680
95,4,group_setup_then_1024_copies,own_local,group,97,91008,938.226804124,2334208
95,5,independent_owner_parameter,own_shared,call,100000,1446229,14.46229,2350000
95,6,copy_read_drop,own_shared,copy,100000,1120534,11.20534,2350000
95,7,owner_retained_4096_parameter_borrows,own_local_view,frame,24,76968,3207,41287680
95,8,group_setup_then_1_copies,std_shared,group,100000,3329593,33.29593,2000000
95,9,async_queue_job_1024_borrow_reads,own_shared_then_local_view,job,100,101540,1015.4,2406400
95,10,owner_retained_borrow_parameter,own_local_view,call,100000,61886,0.61886,2350000
95,11,scene_4096_attachments,own_local,attachment,98304,141614,1.44057210286,98304
95,12,weak_lock_expired,std_shared,lock,100000,85733,0.85733,0
95,13,contended_copy_2_workers,own_shared,copy,200000,12230412,61.15206,4700000
95,14,resource_lifecycle_64_assets_4096_objects,std_shared,cycle,10,580320,58032,17203200
95,15,frame_4096_draws_64_unique_leases,own_shared,frame,24,110248,4593.66666667,41287680
95,16,group_setup_then_64_copies,own_local,group,1562,116925,74.8559539052,2349248
95,17,async_queue_job_1024_borrow_reads,std_shared_then_raw_borrow,job,100,143441,1434.41,2406400
95,18,group_setup_then_1024_copies,std_shared,group,97,1633875,16844.0721649,2334208
95,19,async_queue_job_64_borrow_reads,own_shared_then_local_view,job,100,52628,526.28,150400
95,20,independent_owner_parameter,own_local,call,100000,115624,1.15624,2350000
95,21,share_read_drop,own_shared,handoff,100000,1112988,11.12988,2350000
95,22,async_queue_job_1024_local_copies,own_local,job,100,245291,2452.91,2406400
95,23,async_queue_job_1024_local_copies,std_shared,job,100,2649718,26497.18,2406400
95,24,async_queue_job_64_local_copies,std_shared,job,100,330291,3302.91,150400
95,25,copy_read_drop,std_shared,copy,100000,1681811,16.81811,2350000
95,26,borrow_read,raw_borrow,read,100000,37248,0.37248,2350000
95,27,group_setup_then_8_copies,std_shared,group,12500,1857245,148.5796,2350000
95,28,copy_read_drop,own_local,copy,100000,101636,1.01636,2350000
95,29,weak_lock_expired,own_shared,lock,100000,83939,0.83939,0
95,30,owner_retained_4096_draw_borrows,own_local_view,frame,24,66462,2769.25,41287680
95,31,resource_lifecycle_64_assets_4096_objects,own_local,cycle,10,225415,22541.5,17203200
95,32,async_queue_job_64_local_copies,own_local,job,100,100725,1007.25,150400
95,33,create_read_destroy,std_shared,asset,100000,1406898,14.06898,65000400000
95,34,async_queue_job_64_borrow_reads,std_shared_then_raw_borrow,job,100,64478,644.78,150400
95,35,weak_lock_live,std_shared,lock,100000,1828254,18.28254,2350000
95,36,owner_retained_borrow_copy_read,own_local_view,read,100000,32636,0.32636,2350000
95,37,create_read_destroy,own_local,asset,100000,1473684,14.73684,65000400000
95,38,resettable_root_pin_1024_borrow_reads,std_shared_pin_raw_borrow,scope,97,31739,327.206185567,2334208
95,39,group_setup_then_1_copies,own_local,group,100000,1369785,13.69785,2000000
95,40,owner_retained_borrow_copy_read,std_raw_borrow,read,100000,30098,0.30098,2350000
95,41,async_queue_job_1_local_copies,std_shared,job,100,60244,602.44,2000
95,42,independent_owner_parameter,std_shared,call,100000,1651120,16.5112,2350000
95,43,contended_copy_2_workers,std_shared,copy,200000,15408111,77.040555,4700000
95,44,async_queue_job_1_borrow_reads,std_shared_then_raw_borrow,job,100,50130,501.3,2000
95,45,scene_4096_attachments,std_shared,attachment,98304,1172197,11.9242045085,98304
95,46,group_setup_then_64_copies,std_shared,group,1562,1600884,1024.89372599,2349248
95,47,localize_read_drop,std_shared,group,100000,1584723,15.84723,2350000
95,48,share_read_drop,std_shared,handoff,100000,1485066,14.85066,2350000
95,49,frame_4096_draws_64_unique_leases,std_shared,frame,24,94340,3930.83333333,41287680
95,50,create_read_destroy,own_shared,asset,100000,1262522,12.62522,65000400000
95,51,async_queue_job_1_borrow_reads,own_shared_then_local_view,job,100,66763,667.63,2000
95,52,group_setup_then_8_copies,own_local,group,12500,221682,17.73456,2350000
95,53,owner_retained_borrow_parameter,std_raw_borrow,call,100000,64332,0.64332,2350000
95,54,resettable_root_pin_1024_borrow_reads,own_shared_pin_local_view,scope,97,31330,322.989690722,2334208
95,55,async_queue_job_1_local_copies,own_local,job,100,43112,431.12,2000
96,0,async_queue_job_1_borrow_reads,own_shared_then_local_view,job,100,53483,534.83,2000
96,1,localize_read_drop,own_local,group,100000,1278200,12.782,2350000
96,2,group_setup_then_64_copies,own_local,group,1562,125396,80.2791293214,2349248
96,3,async_queue_job_1_local_copies,std_shared,job,100,54187,541.87,2000
96,4,owner_retained_borrow_copy_read,std_raw_borrow,read,100000,30107,0.30107,2350000
96,5,group_setup_then_1024_copies,std_shared,group,97,1708015,17608.4020619,2334208
96,6,group_setup_then_1_copies,own_local,group,100000,1363684,13.63684,2000000
96,7,weak_lock_live,own_shared,lock,100000,1583014,15.83014,2350000
96,8,async_queue_job_64_borrow_reads,std_shared_then_raw_borrow,job,100,72094,720.94,150400
96,9,contended_copy_2_workers,own_shared,copy,200000,6373818,31.86909,4700000
96,10,async_queue_job_1024_local_copies,std_shared,job,100,3816840,38168.4,2406400
96,11,async_queue_job_64_borrow_reads,own_shared_then_local_view,job,100,88757,887.57,150400
96,12,owner_retained_borrow_parameter,own_local_view,call,100000,64362,0.64362,2350000
96,13,create_read_destroy,std_shared,asset,100000,1232631,12.32631,65000400000
96,14,group_setup_then_8_copies,own_local,group,12500,261149,20.89192,2350000
96,15,copy_read_drop,std_shared,copy,100000,1677237,16.77237,2350000
96,16,group_setup_then_1_copies,std_shared,group,100000,3328346,33.28346,2000000
96,17,resource_lifecycle_64_assets_4096_objects,std_shared,cycle,10,525882,52588.2,17203200
96,18,async_queue_job_1024_local_copies,own_local,job,100,292377,2923.77,2406400
96,19,async_queue_job_1024_borrow_reads,own_shared_then_local_view,job,100,144066,1440.66,2406400
96,20,resettable_root_pin_1024_borrow_reads,std_shared_pin_raw_borrow,scope,97,31745,327.268041237,2334208
96,21,weak_lock_live,std_shared,lock,100000,1679784,16.79784,2350000
96,22,share_read_drop,std_shared,handoff,100000,1580220,15.8022,2350000
96,23,async_queue_job_64_local_copies,own_local,job,100,106159,1061.59,150400
96,24,async_queue_job_64_local_copies,std_shared,job,100,326752,3267.52,150400
96,25,scene_4096_attachments,own_local,attachment,98304,144163,1.46650187174,98304
96,26,owner_retained_4096_draw_borrows,own_local_view,frame,24,49012,2042.16666667,41287680
96,27,group_setup_then_1024_copies,own_local,group,97,87922,906.412371134,2334208
96,28,copy_read_drop,own_shared,copy,100000,1109087,11.09087,2350000
96,29,async_queue_job_1_local_copies,own_local,job,100,60244,602.44,2000
96,30,weak_lock_expired,std_shared,lock,100000,136406,1.36406,0
96,31,owner_retained_4096_draw_borrows,std_raw_borrow,frame,24,50329,2097.04166667,41287680
96,32,group_setup_then_64_copies,std_shared,group,1562,2284086,1462.28297055,2349248
96,33,async_queue_job_1_borrow_reads,std_shared_then_raw_borrow,job,100,53471,534.71,2000
96,34,async_queue_job_1024_borrow_reads,std_shared_then_raw_borrow,job,100,107995,1079.95,2406400
96,35,share_read_drop,own_shared,handoff,100000,1113526,11.13526,2350000
96,36,localize_read_drop,std_shared,group,100000,1526249,15.26249,2350000
96,37,resettable_root_pin_1024_borrow_reads,own_shared_pin_local_view,scope,97,31469,324.422680412,2334208
96,38,independent_owner_parameter,std_shared,call,100000,1631447,16.31447,2350000
96,39,group_setup_then_8_copies,std_shared,group,12500,1883398,150.67184,2350000
96,40,frame_4096_draws_64_unique_leases,std_shared,frame,24,88734,3697.25,41287680
96,41,copy_read_drop,own_local,copy,100000,101691,1.01691,2350000
96,42,borrow_read,raw_borrow,read,100000,62369,0.62369,2350000
96,43,owner_retained_borrow_parameter,std_raw_borrow,call,100000,69722,0.69722,2350000
96,44,contended_copy_2_workers,std_shared,copy,200000,16408193,82.040965,4700000
96,45,scene_4096_attachments,std_shared,attachment,98304,955594,9.72080485026,98304
96,46,owner_retained_4096_parameter_borrows,std_raw_borrow,frame,24,83979,3499.125,41287680
96,47,owner_retained_4096_parameter_borrows,own_local_view,frame,24,110549,4606.20833333,41287680
96,48,resource_lifecycle_64_assets_4096_objects,own_local,cycle,10,214886,21488.6,17203200
96,49,create_read_destroy,own_local,asset,100000,1535051,15.35051,65000400000
96,50,independent_owner_parameter,own_local,call,100000,115212,1.15212,2350000
96,51,create_read_destroy,own_shared,asset,100000,1260602,12.60602,65000400000
96,52,owner_retained_borrow_copy_read,own_local_view,read,100000,30154,0.30154,2350000
96,53,weak_lock_expired,own_shared,lock,100000,77245,0.77245,0
96,54,frame_4096_draws_64_unique_leases,own_shared,frame,24,110717,4613.20833333,41287680
96,55,independent_owner_parameter,own_shared,call,100000,1447715,14.47715,2350000
97,0,async_queue_job_64_local_copies,std_shared,job,100,514928,5149.28,150400
97,1,contended_copy_2_workers,own_shared,copy,200000,12171557,60.857785,4700000
97,2,async_queue_job_1_local_copies,std_shared,job,100,62766,627.66,2000
97,3,independent_owner_parameter,std_shared,call,100000,1663819,16.63819,2350000
97,4,group_setup_then_64_copies,own_local,group,1562,135564,86.7887323944,2349248
97,5,share_read_drop,std_shared,handoff,100000,1463423,14.63423,2350000
97,6,scene_4096_attachments,std_shared,attachment,98304,942789,9.5905456543,98304
97,7,group_setup_then_8_copies,own_local,group,12500,223769,17.90152,2350000
97,8,group_setup_then_1024_copies,std_shared,group,97,1652976,17040.9896907,2334208
97,9,async_queue_job_1024_local_copies,std_shared,job,100,2474013,24740.13,2406400
97,10,async_queue_job_1_local_copies,own_local,job,100,65460,654.6,2000
97,11,owner_retained_4096_parameter_borrows,own_local_view,frame,24,95824,3992.66666667,41287680
97,12,group_setup_then_8_copies,std_shared,group,12500,1847050,147.764,2350000
97,13,group_setup_then_64_copies,std_shared,group,1562,1677834,1074.1574904,2349248
97,14,localize_read_drop,own_local,group,100000,1298210,12.9821,2350000
97,15,async_queue_job_64_borrow_reads,std_shared_then_raw_borrow,job,100,91511,915.11,150400
97,16,resettable_root_pin_1024_borrow_reads,own_shared_pin_local_view,scope,97,31557,325.329896907,2334208
97,17,async_queue_job_1_borrow_reads,own_shared_then_local_view,job,100,67955,679.55,2000
97,18,weak_lock_expired,own_shared,lock,100000,77409,0.77409,0
97,19,create_read_destroy,own_shared,asset,100000,1282796,12.82796,65000400000
97,20,weak_lock_live,own_shared,lock,100000,1500684,15.00684,2350000
97,21,async_queue_job_64_borrow_reads,own_shared_then_local_view,job,100,69307,693.07,150400
97,22,async_queue_job_64_local_copies,own_local,job,100,102034,1020.34,150400
97,23,async_queue_job_1024_borrow_reads,std_shared_then_raw_borrow,job,100,134982,1349.82,2406400
97,24,copy_read_drop,own_local,copy,100000,101193,1.01193,2350000
97,25,resource_lifecycle_64_assets_4096_objects,std_shared,cycle,10,548721,54872.1,17203200
97,26,create_read_destroy,std_shared,asset,100000,1401962,14.01962,65000400000
97,27,copy_read_drop,std_shared,copy,100000,1825547,18.25547,2350000
97,28,owner_retained_borrow_parameter,own_local_view,call,100000,66969,0.66969,2350000
97,29,weak_lock_expired,std_shared,lock,100000,92730,0.9273,0
97,30,group_setup_then_1_copies,std_shared,group,100000,3419247,34.19247,2000000
97,31,independent_owner_parameter,own_shared,call,100000,1532324,15.32324,2350000
97,32,group_setup_then_1024_copies,own_local,group,97,91451,942.793814433,2334208
97,33,owner_retained_4096_draw_borrows,std_raw_borrow,frame,24,50122,2088.41666667,41287680
97,34,frame_4096_draws_64_unique_leases,own_shared,frame,24,91747,3822.79166667,41287680
97,35,owner_retained_4096_parameter_borrows,std_raw_borrow,frame,24,76121,3171.70833333,41287680
97,36,weak_lock_live,std_shared,lock,100000,1750612,17.50612,2350000
97,37,async_queue_job_1024_local_copies,own_local,job,100,253630,2536.3,2406400
97,38,share_read_drop,own_shared,handoff,100000,1323590,13.2359,2350000
97,39,scene_4096_attachments,own_local,attachment,98304,197589,2.00997924805,98304
97,40,borrow_read,raw_borrow,read,100000,54955,0.54955,2350000
97,41,async_queue_job_1_borrow_reads,std_shared_then_raw_borrow,job,100,69946,699.46,2000
97,42,copy_read_drop,own_shared,copy,100000,1126274,11.26274,2350000
97,43,owner_retained_borrow_copy_read,std_raw_borrow,read,100000,30065,0.30065,2350000
97,44,contended_copy_2_workers,std_shared,copy,200000,11981647,59.908235,4700000
97,45,frame_4096_draws_64_unique_leases,std_shared,frame,24,90937,3789.04166667,41287680
97,46,async_queue_job_1024_borrow_reads,own_shared_then_local_view,job,100,88705,887.05,2406400
97,47,owner_retained_borrow_copy_read,own_local_view,read,100000,30375,0.30375,2350000
97,48,group_setup_then_1_copies,own_local,group,100000,1457158,14.57158,2000000
97,49,resettable_root_pin_1024_borrow_reads,std_shared_pin_raw_borrow,scope,97,31883,328.690721649,2334208
97,50,resource_lifecycle_64_assets_4096_objects,own_local,cycle,10,209010,20901,17203200
97,51,independent_owner_parameter,own_local,call,100000,115653,1.15653,2350000
97,52,localize_read_drop,std_shared,group,100000,1472760,14.7276,2350000
97,53,create_read_destroy,own_local,asset,100000,1465899,14.65899,65000400000
97,54,owner_retained_borrow_parameter,std_raw_borrow,call,100000,61785,0.61785,2350000
97,55,owner_retained_4096_draw_borrows,own_local_view,frame,24,49625,2067.70833333,41287680
98,0,independent_owner_parameter,own_local,call,100000,111277,1.11277,2350000
98,1,owner_retained_borrow_copy_read,own_local_view,read,100000,30008,0.30008,2350000
98,2,owner_retained_4096_draw_borrows,own_local_view,frame,24,47044,1960.16666667,41287680
98,3,weak_lock_expired,own_shared,lock,100000,100418,1.00418,0
98,4,weak_lock_expired,std_shared,lock,100000,89963,0.89963,0
98,5,frame_4096_draws_64_unique_leases,own_shared,frame,24,99627,4151.125,41287680
98,6,async_queue_job_1_borrow_reads,own_shared_then_local_view,job,100,72661,726.61,2000
98,7,resource_lifecycle_64_assets_4096_objects,own_local,cycle,10,200238,20023.8,17203200
98,8,async_queue_job_1024_borrow_reads,std_shared_then_raw_borrow,job,100,172063,1720.63,2406400
98,9,owner_retained_borrow_parameter,std_raw_borrow,call,100000,61961,0.61961,2350000
98,10,async_queue_job_1_local_copies,own_local,job,100,48123,481.23,2000
98,11,create_read_destroy,std_shared,asset,100000,1184864,11.84864,65000400000
98,12,owner_retained_borrow_parameter,own_local_view,call,100000,64656,0.64656,2350000
98,13,independent_owner_parameter,own_shared,call,100000,1461770,14.6177,2350000
98,14,async_queue_job_1024_borrow_reads,own_shared_then_local_view,job,100,104966,1049.66,2406400
98,15,localize_read_drop,std_shared,group,100000,1525863,15.25863,2350000
98,16,resettable_root_pin_1024_borrow_reads,std_shared_pin_raw_borrow,scope,97,31415,323.865979381,2334208
98,17,async_queue_job_64_borrow_reads,std_shared_then_raw_borrow,job,100,66214,662.14,150400
98,18,async_queue_job_1_borrow_reads,std_shared_then_raw_borrow,job,100,42192,421.92,2000
98,19,group_setup_then_8_copies,own_local,group,12500,270844,21.66752,2350000
98,20,group_setup_then_8_copies,std_shared,group,12500,2758207,220.65656,2350000
98,21,group_setup_then_1024_copies,own_local,group,97,93282,961.670103093,2334208
98,22,group_setup_then_64_copies,own_local,group,1562,111722,71.5249679898,2349248
98,23,async_queue_job_1_local_copies,std_shared,job,100,76779,767.79,2000
98,24,group_setup_then_1_copies,std_shared,group,100000,3784847,37.84847,2000000
98,25,resource_lifecycle_64_assets_4096_objects,std_shared,cycle,10,514583,51458.3,17203200
98,26,create_read_destroy,own_local,asset,100000,1450943,14.50943,65000400000
98,27,async_queue_job_64_local_copies,std_shared,job,100,302762,3027.62,150400
98,28,contended_copy_2_workers,own_shared,copy,200000,8902590,44.51295,4700000
98,29,async_queue_job_1024_local_copies,std_shared,job,100,2463991,24639.91,2406400
98,30,async_queue_job_1024_local_copies,own_local,job,100,361579,3615.79,2406400
98,31,group_setup_then_1_copies,own_local,group,100000,1353186,13.53186,2000000
98,32,localize_read_drop,own_local,group,100000,1307908,13.07908,2350000
98,33,copy_read_drop,std_shared,copy,100000,1669048,16.69048,2350000
98,34,group_setup_then_1024_copies,std_shared,group,97,1658887,17101.9278351,2334208
98,35,create_read_destroy,own_shared,asset,100000,2089038,20.89038,65000400000
98,36,scene_4096_attachments,std_shared,attachment,98304,967387,9.84076944987,98304
98,37,share_read_drop,std_shared,handoff,100000,1618265,16.18265,2350000
98,38,resettable_root_pin_1024_borrow_reads,own_shared_pin_local_view,scope,97,31745,327.268041237,2334208
98,39,async_queue_job_64_borrow_reads,own_shared_then_local_view,job,100,104256,1042.56,150400
98,40,scene_4096_attachments,own_local,attachment,98304,144297,1.46786499023,98304
98,41,independent_owner_parameter,std_shared,call,100000,1676661,16.76661,2350000
98,42,copy_read_drop,own_local,copy,100000,116228,1.16228,2350000
98,43,owner_retained_borrow_copy_read,std_raw_borrow,read,100000,32932,0.32932,2350000
98,44,owner_retained_4096_parameter_borrows,std_raw_borrow,frame,24,87680,3653.33333333,41287680
98,45,frame_4096_draws_64_unique_leases,std_shared,frame,24,93946,3914.41666667,41287680
98,46,share_read_drop,own_shared,handoff,100000,1630732,16.30732,2350000
98,47,async_queue_job_64_local_copies,own_local,job,100,91085,910.85,150400
98,48,group_setup_then_64_copies,std_shared,group,1562,1818930,1164.48783611,2349248
98,49,owner_retained_4096_draw_borrows,std_raw_borrow,frame,24,58086,2420.25,41287680
98,50,owner_retained_4096_parameter_borrows,own_local_view,frame,24,85731,3572.125,41287680
98,51,borrow_read,raw_borrow,read,100000,38498,0.38498,2350000
98,52,weak_lock_live,own_shared,lock,100000,1506929,15.06929,2350000
98,53,copy_read_drop,own_shared,copy,100000,1101007,11.01007,2350000
98,54,contended_copy_2_workers,std_shared,copy,200000,14520687,72.603435,4700000
98,55,weak_lock_live,std_shared,lock,100000,1685715,16.85715,2350000
99,0,create_read_destroy,own_shared,asset,100000,1250966,12.50966,65000400000
99,1,owner_retained_4096_draw_borrows,own_local_view,frame,24,48469,2019.54166667,41287680
99,2,frame_4096_draws_64_unique_leases,own_shared,frame,24,94247,3926.95833333,41287680
99,3,scene_4096_attachments,std_shared,attachment,98304,974544,9.91357421875,98304
99,4,copy_read_drop,std_shared,copy,100000,1660649,16.60649,2350000
99,5,resettable_root_pin_1024_borrow_reads,own_shared_pin_local_view,scope,97,31680,326.597938144,2334208
99,6,group_setup_then_8_copies,own_local,group,12500,252474,20.19792,2350000
99,7,borrow_read,raw_borrow,read,100000,34909,0.34909,2350000
99,8,contended_copy_2_workers,std_shared,copy,200000,16051544,80.25772,4700000
99,9,owner_retained_4096_parameter_borrows,std_raw_borrow,frame,24,90356,3764.83333333,41287680
99,10,group_setup_then_1024_copies,own_local,group,97,87371,900.731958763,2334208
99,11,group_setup_then_1024_copies,std_shared,group,97,1684493,17365.9072165,2334208
99,12,share_read_drop,std_shared,handoff,100000,1471595,14.71595,2350000
99,13,localize_read_drop,std_shared,group,100000,1488211,14.88211,2350000
99,14,owner_retained_borrow_parameter,std_raw_borrow,call,100000,60114,0.60114,2350000
99,15,group_setup_then_1_copies,std_shared,group,100000,3328290,33.2829,2000000
99,16,async_queue_job_1_local_copies,own_local,job,100,53302,533.02,2000
99,17,group_setup_then_64_copies,own_local,group,1562,114785,73.485915493,2349248
99,18,weak_lock_expired,own_shared,lock,100000,77177,0.77177,0
99,19,copy_read_drop,own_local,copy,100000,101332,1.01332,2350000
99,20,async_queue_job_1_borrow_reads,std_shared_then_raw_borrow,job,100,62627,626.27,2000
99,21,async_queue_job_1_borrow_reads,own_shared_then_local_view,job,100,65689,656.89,2000
99,22,async_queue_job_64_borrow_reads,std_shared_then_raw_borrow,job,100,43909,439.09,150400
99,23,async_queue_job_64_local_copies,std_shared,job,100,496150,4961.5,150400
99,24,contended_copy_2_workers,own_shared,copy,200000,12936524,64.68262,4700000
99,25,localize_read_drop,own_local,group,100000,1269967,12.69967,2350000
99,26,resource_lifecycle_64_assets_4096_objects,std_shared,cycle,10,534891,53489.1,17203200
99,27,group_setup_then_64_copies,std_shared,group,1562,1676824,1073.51088348,2349248
99,28,async_queue_job_64_borrow_reads,own_shared_then_local_view,job,100,52956,529.56,150400
99,29,weak_lock_expired,std_shared,lock,100000,234278,2.34278,0
99,30,copy_read_drop,own_shared,copy,100000,1111251,11.11251,2350000
99,31,resource_lifecycle_64_assets_4096_objects,own_local,cycle,10,197810,19781,17203200
99,32,create_read_destroy,own_local,asset,100000,1514819,15.14819,65000400000
99,33,owner_retained_borrow_parameter,own_local_view,call,100000,60168,0.60168,2350000
99,34,async_queue_job_1024_borrow_reads,std_shared_then_raw_borrow,job,100,114384,1143.84,2406400
99,35,scene_4096_attachments,own_local,attachment,98304,141660,1.44104003906,98304
99,36,share_read_drop,own_shared,handoff,100000,1145294,11.45294,2350000
99,37,weak_lock_live,own_shared,lock,100000,1483849,14.83849,2350000
99,38,weak_lock_live,std_shared,lock,100000,1668687,16.68687,2350000
99,39,owner_retained_4096_draw_borrows,std_raw_borrow,frame,24,106676,4444.83333333,41287680
99,40,async_queue_job_1024_local_copies,std_shared,job,100,2436319,24363.19,2406400
99,41,owner_retained_borrow_copy_read,own_local_view,read,100000,30139,0.30139,2350000
99,42,owner_retained_4096_parameter_borrows,own_local_view,frame,24,77893,3245.54166667,41287680
99,43,async_queue_job_1_local_copies,std_shared,job,100,43960,439.6,2000
99,44,async_queue_job_1024_local_copies,own_local,job,100,289195,2891.95,2406400
99,45,create_read_destroy,std_shared,asset,100000,1278419,12.78419,65000400000
99,46,independent_owner_parameter,own_local,call,100000,195307,1.95307,2350000
99,47,async_queue_job_64_local_copies,own_local,job,100,83266,832.66,150400
99,48,group_setup_then_1_copies,own_local,group,100000,1351934,13.51934,2000000
99,49,independent_owner_parameter,std_shared,call,100000,1652979,16.52979,2350000
99,50,group_setup_then_8_copies,std_shared,group,12500,3407616,272.60928,2350000
99,51,independent_owner_parameter,own_shared,call,100000,1830494,18.30494,2350000
99,52,async_queue_job_1024_borrow_reads,own_shared_then_local_view,job,100,173905,1739.05,2406400
99,53,resettable_root_pin_1024_borrow_reads,std_shared_pin_raw_borrow,scope,97,31836,328.206185567,2334208
99,54,owner_retained_borrow_copy_read,std_raw_borrow,read,100000,30279,0.30279,2350000
99,55,frame_4096_draws_64_unique_leases,std_shared,frame,24,90329,3763.70833333,41287680
100,0,borrow_read,raw_borrow,read,100000,36155,0.36155,2350000
100,1,group_setup_then_8_copies,own_local,group,12500,236270,18.9016,2350000
100,2,frame_4096_draws_64_unique_leases,own_shared,frame,24,93066,3877.75,41287680
100,3,contended_copy_2_workers,std_shared,copy,200000,16144106,80.72053,4700000
100,4,create_read_destroy,own_shared,asset,100000,1218199,12.18199,65000400000
100,5,async_queue_job_1024_borrow_reads,own_shared_then_local_view,job,100,131817,1318.17,2406400
100,6,share_read_drop,own_shared,handoff,100000,1133377,11.33377,2350000
100,7,group_setup_then_8_copies,std_shared,group,12500,1861435,148.9148,2350000
100,8,frame_4096_draws_64_unique_leases,std_shared,frame,24,90060,3752.5,41287680
100,9,async_queue_job_64_local_copies,std_shared,job,100,346484,3464.84,150400
100,10,weak_lock_live,own_shared,lock,100000,1499007,14.99007,2350000
100,11,owner_retained_borrow_parameter,own_local_view,call,100000,61911,0.61911,2350000
100,12,async_queue_job_1_borrow_reads,own_shared_then_local_view,job,100,51680,516.8,2000
100,13,localize_read_drop,own_local,group,100000,1289107,12.89107,2350000
100,14,share_read_drop,std_shared,handoff,100000,1463095,14.63095,2350000
100,15,group_setup_then_1_copies,own_local,group,100000,1382959,13.82959,2000000
100,16,async_queue_job_64_borrow_reads,std_shared_then_raw_borrow,job,100,69425,694.25,150400
100,17,independent_owner_parameter,own_local,call,100000,115461,1.15461,2350000
100,18,group_setup_then_64_copies,own_local,group,1562,111533,71.4039692702,2349248
100,19,contended_copy_2_workers,own_shared,copy,200000,12268954,61.34477,4700000
100,20,async_queue_job_1024_local_copies,own_local,job,100,449236,4492.36,2406400
100,21,weak_lock_expired,own_shared,lock,100000,77587,0.77587,0
100,22,localize_read_drop,std_shared,group,100000,1475315,14.75315,2350000
100,23,group_setup_then_1024_copies,std_shared,group,97,1651891,17029.8041237,2334208
100,24,independent_owner_parameter,own_shared,call,100000,1451107,14.51107,2350000
100,25,resettable_root_pin_1024_borrow_reads,std_shared_pin_raw_borrow,scope,97,31723,327.041237113,2334208
100,26,async_queue_job_64_local_copies,own_local,job,100,78806,788.06,150400
100,27,async_queue_job_1024_borrow_reads,std_shared_then_raw_borrow,job,100,179368,1793.68,2406400
100,28,async_queue_job_1_borrow_reads,std_shared_then_raw_borrow,job,100,37548,375.48,2000
100,29,resettable_root_pin_1024_borrow_reads,own_shared_pin_local_view,scope,97,31300,322.680412371,2334208
100,30,copy_read_drop,own_shared,copy,100000,1106239,11.06239,2350000
100,31,async_queue_job_1_local_copies,std_shared,job,100,72152,721.52,2000
100,32,owner_retained_borrow_copy_read,std_raw_borrow,read,100000,30342,0.30342,2350000
100,33,independent_owner_parameter,std_shared,call,100000,1669162,16.69162,2350000
100,34,create_read_destroy,std_shared,asset,100000,1215272,12.15272,65000400000
100,35,weak_lock_live,std_shared,lock,100000,1687292,16.87292,2350000
100,36,async_queue_job_64_borrow_reads,own_shared_then_local_view,job,100,53309,533.09,150400
100,37,owner_retained_4096_draw_borrows,std_raw_borrow,frame,24,51566,2148.58333333,41287680
100,38,group_setup_then_64_copies,std_shared,group,1562,1667925,1067.81370038,2349248
100,39,owner_retained_borrow_parameter,std_raw_borrow,call,100000,65859,0.65859,2350000
100,40,owner_retained_4096_draw_borrows,own_local_view,frame,24,49584,2066,41287680
100,41,copy_read_drop,own_local,copy,100000,101263,1.01263,2350000
100,42,resource_lifecycle_64_assets_4096_objects,std_shared,cycle,10,562861,56286.1,17203200
100,43,owner_retained_4096_parameter_borrows,std_raw_borrow,frame,24,82431,3434.625,41287680
100,44,copy_read_drop,std_shared,copy,100000,1830838,18.30838,2350000
100,45,async_queue_job_1_local_copies,own_local,job,100,54758,547.58,2000
100,46,weak_lock_expired,std_shared,lock,100000,92898,0.92898,0
100,47,scene_4096_attachments,own_local,attachment,98304,156325,1.59022013346,98304
100,48,async_queue_job_1024_local_copies,std_shared,job,100,2464201,24642.01,2406400
100,49,group_setup_then_1024_copies,own_local,group,97,93011,958.87628866,2334208
100,50,owner_retained_4096_parameter_borrows,own_local_view,frame,24,76918,3204.91666667,41287680
100,51,create_read_destroy,own_local,asset,100000,1496222,14.96222,65000400000
100,52,resource_lifecycle_64_assets_4096_objects,own_local,cycle,10,211681,21168.1,17203200
100,53,scene_4096_attachments,std_shared,attachment,98304,935392,9.51529947917,98304
100,54,group_setup_then_1_copies,std_shared,group,100000,3338492,33.38492,2000000
100,55,owner_retained_borrow_copy_read,own_local_view,read,100000,30032,0.30032,2350000
