round,order,case,implementation,unit,operations,elapsed_ns,ns_per_operation,checksum
0,0,resource_lifecycle_64_assets_4096_objects,own_local,cycle,10,263610,26361,17203200
0,1,weak_lock_expired,std_shared,lock,100000,205053,2.05053,0
0,2,weak_lock_live,std_shared,lock,100000,919180,9.1918,2350000
0,3,async_queue_job_64_local_copies,std_shared,job,100,243390,2433.9,150400
0,4,async_queue_job_1_local_copies,std_shared,job,100,90063,900.63,2000
0,5,contended_copy_2_workers,std_shared,copy,200000,3603280,18.0164,4700000
0,6,async_queue_job_1024_local_copies,std_shared,job,100,1666424,16664.24,2406400
0,7,share_read_drop,own_shared,handoff,100000,441924,4.41924,2350000
0,8,create_read_destroy,own_shared,asset,100000,1277620,12.7762,65000400000
0,9,copy_read_drop,own_local,copy,100000,130683,1.30683,2350000
0,10,async_queue_job_1_local_copies,own_local,job,100,52447,524.47,2000
0,11,async_queue_job_64_local_copies,own_local,job,100,41942,419.42,150400
0,12,create_read_destroy,std_shared,asset,100000,1119165,11.19165,65000400000
0,13,async_queue_job_1024_local_copies,own_local,job,100,911929,9119.29,2406400
0,14,group_setup_then_1_copies,std_shared,group,100000,1884968,18.84968,2000000
0,15,scene_4096_attachments,own_local,attachment,98304,149130,1.51702880859,98304
0,16,copy_read_drop,own_shared,copy,100000,560319,5.60319,2350000
0,17,group_setup_then_8_copies,own_local,group,12500,365570,29.2456,2350000
0,18,borrow_read,raw_borrow,read,100000,54361,0.54361,2350000
0,19,localize_read_drop,own_local,group,100000,1050043,10.50043,2350000
0,20,share_read_drop,std_shared,handoff,100000,1247705,12.47705,2350000
0,21,frame_4096_draws_64_unique_leases,std_shared,frame,24,92327,3846.95833333,41287680
0,22,localize_read_drop,std_shared,group,100000,1173766,11.73766,2350000
0,23,contended_copy_2_workers,own_shared,copy,200000,1598734,7.99367,4700000
0,24,create_read_destroy,own_local,asset,100000,2293162,22.93162,65000400000
0,25,frame_4096_draws_64_unique_leases,own_shared,frame,24,91936,3830.66666667,41287680
0,26,scene_4096_attachments,std_shared,attachment,98304,516414,5.25323486328,98304
0,27,group_setup_then_1024_copies,std_shared,group,97,1339532,13809.6082474,2334208
0,28,group_setup_then_64_copies,own_local,group,1562,265252,169.815620999,2349248
0,29,weak_lock_live,own_shared,lock,100000,538717,5.38717,2350000
0,30,copy_read_drop,std_shared,copy,100000,1172334,11.72334,2350000
0,31,group_setup_then_8_copies,std_shared,group,12500,1274425,101.954,2350000
0,32,group_setup_then_1_copies,own_local,group,100000,2112484,21.12484,2000000
0,33,resource_lifecycle_64_assets_4096_objects,std_shared,cycle,10,341895,34189.5,17203200
0,34,group_setup_then_64_copies,std_shared,group,1562,1216869,779.045454545,2349248
0,35,group_setup_then_1024_copies,own_local,group,97,135881,1400.83505155,2334208
0,36,weak_lock_expired,own_shared,lock,100000,161739,1.61739,0
1,0,copy_read_drop,std_shared,copy,100000,1623191,16.23191,2350000
1,1,localize_read_drop,std_shared,group,100000,1220165,12.20165,2350000
1,2,contended_copy_2_workers,own_shared,copy,200000,2195818,10.97909,4700000
1,3,create_read_destroy,std_shared,asset,100000,1344389,13.44389,65000400000
1,4,group_setup_then_1024_copies,own_local,group,97,137583,1418.3814433,2334208
1,5,localize_read_drop,own_local,group,100000,1120618,11.20618,2350000
1,6,share_read_drop,own_shared,handoff,100000,506910,5.0691,2350000
1,7,weak_lock_live,std_shared,lock,100000,1166786,11.66786,2350000
1,8,group_setup_then_8_copies,std_shared,group,12500,1247245,99.7796,2350000
1,9,create_read_destroy,own_local,asset,100000,2086516,20.86516,65000400000
1,10,scene_4096_attachments,std_shared,attachment,98304,531856,5.41031901042,98304
1,11,group_setup_then_1_copies,std_shared,group,100000,1947741,19.47741,2000000
1,12,contended_copy_2_workers,std_shared,copy,200000,4009211,20.046055,4700000
1,13,weak_lock_expired,own_shared,lock,100000,138505,1.38505,0
1,14,scene_4096_attachments,own_local,attachment,98304,148499,1.51060994466,98304
1,15,borrow_read,raw_borrow,read,100000,54240,0.5424,2350000
1,16,group_setup_then_1024_copies,std_shared,group,97,2885863,29751.1649485,2334208
1,17,group_setup_then_64_copies,own_local,group,1562,169030,108.213828425,2349248
1,18,group_setup_then_64_copies,std_shared,group,1562,1268045,811.808578745,2349248
1,19,async_queue_job_1_local_copies,own_local,job,100,75752,757.52,2000
1,20,resource_lifecycle_64_assets_4096_objects,std_shared,cycle,10,1323968,132396.8,17203200
1,21,share_read_drop,std_shared,handoff,100000,1808115,18.08115,2350000
1,22,weak_lock_expired,std_shared,lock,100000,162870,1.6287,0
1,23,async_queue_job_1024_local_copies,std_shared,job,100,1685603,16856.03,2406400
1,24,async_queue_job_1_local_copies,std_shared,job,100,55802,558.02,2000
1,25,async_queue_job_64_local_copies,std_shared,job,100,177282,1772.82,150400
1,26,async_queue_job_1024_local_copies,own_local,job,100,392691,3926.91,2406400
1,27,copy_read_drop,own_local,copy,100000,121609,1.21609,2350000
1,28,frame_4096_draws_64_unique_leases,std_shared,frame,24,93128,3880.33333333,41287680
1,29,resource_lifecycle_64_assets_4096_objects,own_local,cycle,10,267806,26780.6,17203200
1,30,async_queue_job_64_local_copies,own_local,job,100,171354,1713.54,150400
1,31,create_read_destroy,own_shared,asset,100000,1662008,16.62008,65000400000
1,32,frame_4096_draws_64_unique_leases,own_shared,frame,24,139427,5809.45833333,41287680
1,33,group_setup_then_1_copies,own_local,group,100000,2529621,25.29621,2000000
1,34,group_setup_then_8_copies,own_local,group,12500,445199,35.61592,2350000
1,35,copy_read_drop,own_shared,copy,100000,1646915,16.46915,2350000
1,36,weak_lock_live,own_shared,lock,100000,503985,5.03985,2350000
2,0,async_queue_job_1024_local_copies,own_local,job,100,494211,4942.11,2406400
2,1,async_queue_job_1_local_copies,own_local,job,100,38747,387.47,2000
2,2,share_read_drop,std_shared,handoff,100000,1198793,11.98793,2350000
2,3,borrow_read,raw_borrow,read,100000,65907,0.65907,2350000
2,4,weak_lock_live,own_shared,lock,100000,447302,4.47302,2350000
2,5,resource_lifecycle_64_assets_4096_objects,std_shared,cycle,10,337609,33760.9,17203200
2,6,group_setup_then_64_copies,std_shared,group,1562,1717400,1099.48783611,2349248
2,7,copy_read_drop,std_shared,copy,100000,1309437,13.09437,2350000
2,8,scene_4096_attachments,std_shared,attachment,98304,513820,5.22684733073,98304
2,9,share_read_drop,own_shared,handoff,100000,441693,4.41693,2350000
2,10,async_queue_job_1_local_copies,std_shared,job,100,57345,573.45,2000
2,11,localize_read_drop,own_local,group,100000,1051585,10.51585,2350000
2,12,create_read_destroy,own_shared,asset,100000,1335946,13.35946,65000400000
2,13,weak_lock_live,std_shared,lock,100000,902796,9.02796,2350000
2,14,resource_lifecycle_64_assets_4096_objects,own_local,cycle,10,252233,25223.3,17203200
2,15,async_queue_job_64_local_copies,std_shared,job,100,265974,2659.74,150400
2,16,group_setup_then_64_copies,own_local,group,1562,167257,107.078745198,2349248
2,17,weak_lock_expired,std_shared,lock,100000,188048,1.88048,0
2,18,async_queue_job_1024_local_copies,std_shared,job,100,2084172,20841.72,2406400
2,19,async_queue_job_64_local_copies,own_local,job,100,112727,1127.27,150400
2,20,frame_4096_draws_64_unique_leases,own_shared,frame,24,96913,4038.04166667,41287680
2,21,group_setup_then_1024_copies,own_local,group,97,137113,1413.53608247,2334208
2,22,contended_copy_2_workers,own_shared,copy,200000,1718451,8.592255,4700000
2,23,group_setup_then_1_copies,own_local,group,100000,1910726,19.10726,2000000
2,24,group_setup_then_8_copies,own_local,group,12500,331981,26.55848,2350000
2,25,copy_read_drop,own_local,copy,100000,121860,1.2186,2350000
2,26,create_read_destroy,std_shared,asset,100000,1129791,11.29791,65000400000
2,27,group_setup_then_1024_copies,std_shared,group,97,1166135,12022.0103093,2334208
2,28,create_read_destroy,own_local,asset,100000,2393280,23.9328,65000400000
2,29,contended_copy_2_workers,std_shared,copy,200000,4197298,20.98649,4700000
2,30,group_setup_then_1_copies,std_shared,group,100000,1907932,19.07932,2000000
2,31,frame_4096_draws_64_unique_leases,std_shared,frame,24,92316,3846.5,41287680
2,32,weak_lock_expired,own_shared,lock,100000,145255,1.45255,0
2,33,group_setup_then_8_copies,std_shared,group,12500,1342455,107.3964,2350000
2,34,copy_read_drop,own_shared,copy,100000,455243,4.55243,2350000
2,35,localize_read_drop,std_shared,group,100000,1308135,13.08135,2350000
2,36,scene_4096_attachments,own_local,attachment,98304,148229,1.50786336263,98304
3,0,localize_read_drop,std_shared,group,100000,1261676,12.61676,2350000
3,1,create_read_destroy,std_shared,asset,100000,1139655,11.39655,65000400000
3,2,group_setup_then_1024_copies,std_shared,group,97,1212964,12504.7835052,2334208
3,3,weak_lock_expired,std_shared,lock,100000,162751,1.62751,0
3,4,group_setup_then_64_copies,std_shared,group,1562,1316087,842.565300896,2349248
3,5,scene_4096_attachments,std_shared,attachment,98304,728218,7.40781656901,98304
3,6,scene_4096_attachments,own_local,attachment,98304,262398,2.66925048828,98304
3,7,copy_read_drop,own_local,copy,100000,121530,1.2153,2350000
3,8,async_queue_job_64_local_copies,own_local,job,100,120739,1207.39,150400
3,9,weak_lock_live,own_shared,lock,100000,448994,4.48994,2350000
3,10,group_setup_then_8_copies,std_shared,group,12500,1313433,105.07464,2350000
3,11,frame_4096_draws_64_unique_leases,std_shared,frame,24,89022,3709.25,41287680
3,12,weak_lock_expired,own_shared,lock,100000,135440,1.3544,0
3,13,async_queue_job_1024_local_copies,own_local,job,100,509614,5096.14,2406400
3,14,async_queue_job_64_local_copies,std_shared,job,100,224722,2247.22,150400
3,15,group_setup_then_8_copies,own_local,group,12500,332522,26.60176,2350000
3,16,create_read_destroy,own_local,asset,100000,2150682,21.50682,65000400000
3,17,async_queue_job_1_local_copies,std_shared,job,100,87029,870.29,2000
3,18,async_queue_job_1_local_copies,own_local,job,100,64746,647.46,2000
3,19,share_read_drop,own_shared,handoff,100000,496054,4.96054,2350000
3,20,group_setup_then_1_copies,std_shared,group,100000,1880601,18.80601,2000000
3,21,copy_read_drop,std_shared,copy,100000,1160666,11.60666,2350000
3,22,frame_4096_draws_64_unique_leases,own_shared,frame,24,94320,3930,41287680
3,23,create_read_destroy,own_shared,asset,100000,1328325,13.28325,65000400000
3,24,group_setup_then_1024_copies,own_local,group,97,138284,1425.60824742,2334208
3,25,contended_copy_2_workers,std_shared,copy,200000,3955241,19.776205,4700000
3,26,group_setup_then_64_copies,own_local,group,1562,164343,105.21318822,2349248
3,27,resource_lifecycle_64_assets_4096_objects,std_shared,cycle,10,463385,46338.5,17203200
3,28,weak_lock_live,std_shared,lock,100000,1037785,10.37785,2350000
3,29,share_read_drop,std_shared,handoff,100000,1842866,18.42866,2350000
3,30,borrow_read,raw_borrow,read,100000,54460,0.5446,2350000
3,31,group_setup_then_1_copies,own_local,group,100000,1932357,19.32357,2000000
3,32,resource_lifecycle_64_assets_4096_objects,own_local,cycle,10,247266,24726.6,17203200
3,33,async_queue_job_1024_local_copies,std_shared,job,100,2174245,21742.45,2406400
3,34,copy_read_drop,own_shared,copy,100000,475323,4.75323,2350000
3,35,localize_read_drop,own_local,group,100000,1250570,12.5057,2350000
3,36,contended_copy_2_workers,own_shared,copy,200000,1637532,8.18766,4700000
4,0,create_read_destroy,own_local,asset,100000,2136270,21.3627,65000400000
4,1,async_queue_job_1_local_copies,own_local,job,100,65727,657.27,2000
4,2,group_setup_then_1024_copies,std_shared,group,97,1164202,12002.0824742,2334208
4,3,async_queue_job_1024_local_copies,own_local,job,100,565176,5651.76,2406400
4,4,group_setup_then_64_copies,std_shared,group,1562,1186234,759.432778489,2349248
4,5,scene_4096_attachments,std_shared,attachment,98304,494331,5.0285949707,98304
4,6,create_read_destroy,own_shared,asset,100000,1623862,16.23862,65000400000
4,7,borrow_read,raw_borrow,read,100000,54230,0.5423,2350000
4,8,copy_read_drop,own_local,copy,100000,121600,1.216,2350000
4,9,async_queue_job_1024_local_copies,std_shared,job,100,1747735,17477.35,2406400
4,10,share_read_drop,std_shared,handoff,100000,1173295,11.73295,2350000
4,11,group_setup_then_8_copies,std_shared,group,12500,1302957,104.23656,2350000
4,12,resource_lifecycle_64_assets_4096_objects,own_local,cycle,10,258702,25870.2,17203200
4,13,copy_read_drop,std_shared,copy,100000,1175529,11.75529,2350000
4,14,create_read_destroy,std_shared,asset,100000,1117082,11.17082,65000400000
4,15,async_queue_job_64_local_copies,own_local,job,100,102551,1025.51,150400
4,16,group_setup_then_1_copies,std_shared,group,100000,1885098,18.85098,2000000
4,17,group_setup_then_8_copies,own_local,group,12500,331881,26.55048,2350000
4,18,share_read_drop,own_shared,handoff,100000,464547,4.64547,2350000
4,19,localize_read_drop,std_shared,group,100000,1163942,11.63942,2350000
4,20,contended_copy_2_workers,std_shared,copy,200000,4493767,22.468835,4700000
4,21,group_setup_then_1_copies,own_local,group,100000,1860082,18.60082,2000000
4,22,frame_4096_draws_64_unique_leases,own_shared,frame,24,106978,4457.41666667,41287680
4,23,scene_4096_attachments,own_local,attachment,98304,145916,1.4843343099,98304
4,24,group_setup_then_64_copies,own_local,group,1562,187477,120.02368758,2349248
4,25,async_queue_job_1_local_copies,std_shared,job,100,88030,880.3,2000
4,26,weak_lock_expired,std_shared,lock,100000,162520,1.6252,0
4,27,weak_lock_live,std_shared,lock,100000,963015,9.63015,2350000
4,28,group_setup_then_1024_copies,own_local,group,97,136162,1403.73195876,2334208
4,29,copy_read_drop,own_shared,copy,100000,455133,4.55133,2350000
4,30,localize_read_drop,own_local,group,100000,1095140,10.9514,2350000
4,31,resource_lifecycle_64_assets_4096_objects,std_shared,cycle,10,350248,35024.8,17203200
4,32,weak_lock_expired,own_shared,lock,100000,135650,1.3565,0
4,33,async_queue_job_64_local_copies,std_shared,job,100,229499,2294.99,150400
4,34,weak_lock_live,own_shared,lock,100000,461783,4.61783,2350000
4,35,frame_4096_draws_64_unique_leases,std_shared,frame,24,92176,3840.66666667,41287680
4,36,contended_copy_2_workers,own_shared,copy,200000,2764739,13.823695,4700000
5,0,group_setup_then_64_copies,own_local,group,1562,162591,104.091549296,2349248
5,1,async_queue_job_1024_local_copies,own_local,job,100,528762,5287.62,2406400
5,2,async_queue_job_1_local_copies,std_shared,job,100,57025,570.25,2000
5,3,async_queue_job_64_local_copies,own_local,job,100,63964,639.64,150400
5,4,localize_read_drop,own_local,group,100000,1104985,11.04985,2350000
5,5,group_setup_then_64_copies,std_shared,group,1562,1170752,749.521126761,2349248
5,6,copy_read_drop,std_shared,copy,100000,1194958,11.94958,2350000
5,7,group_setup_then_8_copies,own_local,group,12500,441873,35.34984,2350000
5,8,copy_read_drop,own_local,copy,100000,121480,1.2148,2350000
5,9,group_setup_then_1_copies,own_local,group,100000,1915843,19.15843,2000000
5,10,contended_copy_2_workers,std_shared,copy,200000,4588296,22.94148,4700000
5,11,async_queue_job_1_local_copies,own_local,job,100,67110,671.1,2000
5,12,create_read_destroy,own_local,asset,100000,2296517,22.96517,65000400000
5,13,group_setup_then_8_copies,std_shared,group,12500,1449194,115.93552,2350000
5,14,frame_4096_draws_64_unique_leases,std_shared,frame,24,92437,3851.54166667,41287680
5,15,async_queue_job_1024_local_copies,std_shared,job,100,1592486,15924.86,2406400
5,16,contended_copy_2_workers,own_shared,copy,200000,2076522,10.38261,4700000
5,17,create_read_destroy,own_shared,asset,100000,1458528,14.58528,65000400000
5,18,resource_lifecycle_64_assets_4096_objects,std_shared,cycle,10,474452,47445.2,17203200
5,19,borrow_read,raw_borrow,read,100000,54460,0.5446,2350000
5,20,weak_lock_expired,std_shared,lock,100000,162791,1.62791,0
5,21,weak_lock_live,own_shared,lock,100000,492168,4.92168,2350000
5,22,share_read_drop,std_shared,handoff,100000,1235226,12.35226,2350000
5,23,resource_lifecycle_64_assets_4096_objects,own_local,cycle,10,235659,23565.9,17203200
5,24,scene_4096_attachments,own_local,attachment,98304,149511,1.52090454102,98304
5,25,group_setup_then_1_copies,std_shared,group,100000,2190790,21.9079,2000000
5,26,frame_4096_draws_64_unique_leases,own_shared,frame,24,90554,3773.08333333,41287680
5,27,weak_lock_live,std_shared,lock,100000,945649,9.45649,2350000
5,28,weak_lock_expired,own_shared,lock,100000,135491,1.35491,0
5,29,scene_4096_attachments,std_shared,attachment,98304,516574,5.25486246745,98304
5,30,share_read_drop,own_shared,handoff,100000,444668,4.44668,2350000
5,31,group_setup_then_1024_copies,own_local,group,97,137052,1412.90721649,2334208
5,32,group_setup_then_1024_copies,std_shared,group,97,1188989,12257.6185567,2334208
5,33,copy_read_drop,own_shared,copy,100000,455604,4.55604,2350000
5,34,localize_read_drop,std_shared,group,100000,1244992,12.44992,2350000
5,35,create_read_destroy,std_shared,asset,100000,1159014,11.59014,65000400000
5,36,async_queue_job_64_local_copies,std_shared,job,100,227517,2275.17,150400
6,0,borrow_read,raw_borrow,read,100000,54230,0.5423,2350000
6,1,async_queue_job_64_local_copies,own_local,job,100,75992,759.92,150400
6,2,copy_read_drop,own_local,copy,100000,121500,1.215,2350000
6,3,scene_4096_attachments,own_local,attachment,98304,146016,1.4853515625,98304
6,4,group_setup_then_1_copies,own_local,group,100000,1935533,19.35533,2000000
6,5,resource_lifecycle_64_assets_4096_objects,std_shared,cycle,10,458489,45848.9,17203200
6,6,share_read_drop,own_shared,handoff,100000,442575,4.42575,2350000
6,7,frame_4096_draws_64_unique_leases,own_shared,frame,24,89783,3740.95833333,41287680
6,8,async_queue_job_1024_local_copies,own_local,job,100,574089,5740.89,2406400
6,9,copy_read_drop,std_shared,copy,100000,1485718,14.85718,2350000
6,10,frame_4096_draws_64_unique_leases,std_shared,frame,24,91305,3804.375,41287680
6,11,create_read_destroy,own_shared,asset,100000,2221075,22.21075,65000400000
6,12,async_queue_job_64_local_copies,std_shared,job,100,280335,2803.35,150400
6,13,async_queue_job_1024_local_copies,std_shared,job,100,1861103,18611.03,2406400
6,14,group_setup_then_64_copies,std_shared,group,1562,1159605,742.384763124,2349248
6,15,group_setup_then_1024_copies,own_local,group,97,137634,1418.90721649,2334208
6,16,group_setup_then_64_copies,own_local,group,1562,177052,113.349551857,2349248
6,17,group_setup_then_8_copies,std_shared,group,12500,1471486,117.71888,2350000
6,18,group_setup_then_8_copies,own_local,group,12500,457827,36.62616,2350000
6,19,group_setup_then_1024_copies,std_shared,group,97,1144833,11802.4020619,2334208
6,20,contended_copy_2_workers,std_shared,copy,200000,8452983,42.264915,4700000
6,21,async_queue_job_1_local_copies,std_shared,job,100,81440,814.4,2000
6,22,resource_lifecycle_64_assets_4096_objects,own_local,cycle,10,449895,44989.5,17203200
6,23,share_read_drop,std_shared,handoff,100000,1292201,12.92201,2350000
6,24,localize_read_drop,std_shared,group,100000,1517144,15.17144,2350000
6,25,copy_read_drop,own_shared,copy,100000,455593,4.55593,2350000
6,26,localize_read_drop,own_local,group,100000,1148459,11.48459,2350000
6,27,create_read_destroy,std_shared,asset,100000,1554800,15.548,65000400000
6,28,create_read_destroy,own_local,asset,100000,2181897,21.81897,65000400000
6,29,async_queue_job_1_local_copies,own_local,job,100,249469,2494.69,2000
6,30,weak_lock_expired,own_shared,lock,100000,135771,1.35771,0
6,31,weak_lock_live,std_shared,lock,100000,919931,9.19931,2350000
6,32,contended_copy_2_workers,own_shared,copy,200000,4702621,23.513105,4700000
6,33,scene_4096_attachments,std_shared,attachment,98304,519989,5.28960164388,98304
6,34,group_setup_then_1_copies,std_shared,group,100000,1959969,19.59969,2000000
6,35,weak_lock_expired,std_shared,lock,100000,401113,4.01113,0
6,36,weak_lock_live,own_shared,lock,100000,698423,6.98423,2350000
7,0,localize_read_drop,own_local,group,100000,1800273,18.00273,2350000
7,1,async_queue_job_1_local_copies,std_shared,job,100,63594,635.94,2000
7,2,resource_lifecycle_64_assets_4096_objects,std_shared,cycle,10,564785,56478.5,17203200
7,3,scene_4096_attachments,own_local,attachment,98304,333824,3.39583333333,98304
7,4,async_queue_job_64_local_copies,std_shared,job,100,180286,1802.86,150400
7,5,localize_read_drop,std_shared,group,100000,1636480,16.3648,2350000
7,6,weak_lock_live,own_shared,lock,100000,615991,6.15991,2350000
7,7,weak_lock_expired,own_shared,lock,100000,158074,1.58074,0
7,8,group_setup_then_1024_copies,std_shared,group,97,1979358,20405.7525773,2334208
7,9,scene_4096_attachments,std_shared,attachment,98304,621810,6.32537841797,98304
7,10,group_setup_then_64_copies,std_shared,group,1562,2118634,1356.35979513,2349248
7,11,resource_lifecycle_64_assets_4096_objects,own_local,cycle,10,303499,30349.9,17203200
7,12,copy_read_drop,own_shared,copy,100000,572567,5.72567,2350000
7,13,group_setup_then_8_copies,std_shared,group,12500,1971306,157.70448,2350000
7,14,create_read_destroy,std_shared,asset,100000,1135950,11.3595,65000400000
7,15,group_setup_then_8_copies,own_local,group,12500,334535,26.7628,2350000
7,16,async_queue_job_1_local_copies,own_local,job,100,148189,1481.89,2000
7,17,async_queue_job_64_local_copies,own_local,job,100,86007,860.07,150400
7,18,contended_copy_2_workers,own_shared,copy,200000,4727005,23.635025,4700000
7,19,copy_read_drop,own_local,copy,100000,149231,1.49231,2350000
7,20,share_read_drop,own_shared,handoff,100000,441874,4.41874,2350000
7,21,async_queue_job_1024_local_copies,own_local,job,100,544676,5446.76,2406400
7,22,share_read_drop,std_shared,handoff,100000,1218833,12.18833,2350000
7,23,contended_copy_2_workers,std_shared,copy,200000,3852048,19.26024,4700000
7,24,create_read_destroy,own_local,asset,100000,2410866,24.10866,65000400000
7,25,async_queue_job_1024_local_copies,std_shared,job,100,2660485,26604.85,2406400
7,26,group_setup_then_1_copies,own_local,group,100000,1850327,18.50327,2000000
7,27,group_setup_then_1_copies,std_shared,group,100000,1845630,18.4563,2000000
7,28,frame_4096_draws_64_unique_leases,std_shared,frame,24,105686,4403.58333333,41287680
7,29,create_read_destroy,own_shared,asset,100000,1239793,12.39793,65000400000
7,30,group_setup_then_1024_copies,own_local,group,97,137383,1416.31958763,2334208
7,31,frame_4096_draws_64_unique_leases,own_shared,frame,24,95361,3973.375,41287680
7,32,borrow_read,raw_borrow,read,100000,54490,0.5449,2350000
7,33,copy_read_drop,std_shared,copy,100000,1160787,11.60787,2350000
7,34,weak_lock_expired,std_shared,lock,100000,162490,1.6249,0
7,35,weak_lock_live,std_shared,lock,100000,912680,9.1268,2350000
7,36,group_setup_then_64_copies,own_local,group,1562,163502,104.674775928,2349248
8,0,group_setup_then_8_copies,own_local,group,12500,371740,29.7392,2350000
8,1,resource_lifecycle_64_assets_4096_objects,own_local,cycle,10,263530,26353,17203200
8,2,group_setup_then_64_copies,own_local,group,1562,165565,105.995518566,2349248
8,3,async_queue_job_1024_local_copies,std_shared,job,100,1760594,17605.94,2406400
8,4,share_read_drop,std_shared,handoff,100000,1287133,12.87133,2350000
8,5,group_setup_then_1024_copies,std_shared,group,97,1166866,12029.5463918,2334208
8,6,group_setup_then_1_copies,std_shared,group,100000,1942093,19.42093,2000000
8,7,group_setup_then_64_copies,std_shared,group,1562,1195888,765.613316261,2349248
8,8,scene_4096_attachments,own_local,attachment,98304,146807,1.4933980306,98304
8,9,weak_lock_live,std_shared,lock,100000,924278,9.24278,2350000
8,10,group_setup_then_8_copies,std_shared,group,12500,1238602,99.08816,2350000
8,11,frame_4096_draws_64_unique_leases,std_shared,frame,24,90444,3768.5,41287680
8,12,async_queue_job_64_local_copies,own_local,job,100,106198,1061.98,150400
8,13,weak_lock_live,own_shared,lock,100000,461102,4.61102,2350000
8,14,copy_read_drop,std_shared,copy,100000,1175198,11.75198,2350000
8,15,copy_read_drop,own_local,copy,100000,121570,1.2157,2350000
8,16,create_read_destroy,own_local,asset,100000,2992315,29.92315,65000400000
8,17,async_queue_job_1_local_copies,own_local,job,100,67790,677.9,2000
8,18,localize_read_drop,std_shared,group,100000,1323177,13.23177,2350000
8,19,contended_copy_2_workers,std_shared,copy,200000,3541849,17.709245,4700000
8,20,resource_lifecycle_64_assets_4096_objects,std_shared,cycle,10,335396,33539.6,17203200
8,21,async_queue_job_1024_local_copies,own_local,job,100,545647,5456.47,2406400
8,22,contended_copy_2_workers,own_shared,copy,200000,1939629,9.698145,4700000
8,23,weak_lock_expired,std_shared,lock,100000,162631,1.62631,0
8,24,scene_4096_attachments,std_shared,attachment,98304,494602,5.03135172526,98304
8,25,create_read_destroy,std_shared,asset,100000,1290008,12.90008,65000400000
8,26,copy_read_drop,own_shared,copy,100000,455133,4.55133,2350000
8,27,group_setup_then_1_copies,own_local,group,100000,1867001,18.67001,2000000
8,28,localize_read_drop,own_local,group,100000,1118635,11.18635,2350000
8,29,frame_4096_draws_64_unique_leases,own_shared,frame,24,95060,3960.83333333,41287680
8,30,async_queue_job_1_local_copies,std_shared,job,100,78877,788.77,2000
8,31,create_read_destroy,own_shared,asset,100000,1236639,12.36639,65000400000
8,32,share_read_drop,own_shared,handoff,100000,443917,4.43917,2350000
8,33,borrow_read,raw_borrow,read,100000,54461,0.54461,2350000
8,34,weak_lock_expired,own_shared,lock,100000,135600,1.356,0
8,35,async_queue_job_64_local_copies,std_shared,job,100,292788,2927.88,150400
8,36,group_setup_then_1024_copies,own_local,group,97,199265,2054.27835052,2334208
9,0,group_setup_then_8_copies,std_shared,group,12500,1804879,144.39032,2350000
9,1,localize_read_drop,std_shared,group,100000,1216750,12.1675,2350000
9,2,create_read_destroy,own_shared,asset,100000,1252743,12.52743,65000400000
9,3,contended_copy_2_workers,std_shared,copy,200000,3895271,19.476355,4700000
9,4,weak_lock_live,std_shared,lock,100000,953911,9.53911,2350000
9,5,async_queue_job_64_local_copies,own_local,job,100,79518,795.18,150400
9,6,group_setup_then_1024_copies,std_shared,group,97,1187266,12239.8556701,2334208
9,7,group_setup_then_8_copies,own_local,group,12500,341685,27.3348,2350000
9,8,weak_lock_live,own_shared,lock,100000,482975,4.82975,2350000
9,9,borrow_read,raw_borrow,read,100000,54230,0.5423,2350000
9,10,group_setup_then_1_copies,std_shared,group,100000,1936505,19.36505,2000000
9,11,create_read_destroy,std_shared,asset,100000,1133296,11.33296,65000400000
9,12,group_setup_then_64_copies,own_local,group,1562,224912,143.989756722,2349248
9,13,contended_copy_2_workers,own_shared,copy,200000,4899406,24.49703,4700000
9,14,async_queue_job_1024_local_copies,std_shared,job,100,1654487,16544.87,2406400
9,15,resource_lifecycle_64_assets_4096_objects,own_local,cycle,10,250430,25043,17203200
9,16,async_queue_job_1_local_copies,std_shared,job,100,50184,501.84,2000
9,17,copy_read_drop,own_local,copy,100000,126156,1.26156,2350000
9,18,copy_read_drop,own_shared,copy,100000,579737,5.79737,2350000
9,19,group_setup_then_1_copies,own_local,group,100000,1980710,19.8071,2000000
9,20,scene_4096_attachments,own_local,attachment,98304,148740,1.51306152344,98304
9,21,resource_lifecycle_64_assets_4096_objects,std_shared,cycle,10,458308,45830.8,17203200
9,22,share_read_drop,std_shared,handoff,100000,1263789,12.63789,2350000
9,23,copy_read_drop,std_shared,copy,100000,1312992,13.12992,2350000
9,24,share_read_drop,own_shared,handoff,100000,455854,4.55854,2350000
9,25,async_queue_job_1_local_copies,own_local,job,100,61241,612.41,2000
9,26,group_setup_then_64_copies,std_shared,group,1562,1278370,818.418693982,2349248
9,27,weak_lock_expired,std_shared,lock,100000,162741,1.62741,0
9,28,frame_4096_draws_64_unique_leases,own_shared,frame,24,92577,3857.375,41287680
9,29,localize_read_drop,own_local,group,100000,1106366,11.06366,2350000
9,30,frame_4096_draws_64_unique_leases,std_shared,frame,24,157854,6577.25,41287680
9,31,async_queue_job_64_local_copies,std_shared,job,100,280785,2807.85,150400
9,32,group_setup_then_1024_copies,own_local,group,97,139346,1436.55670103,2334208
9,33,async_queue_job_1024_local_copies,own_local,job,100,723159,7231.59,2406400
9,34,weak_lock_expired,own_shared,lock,100000,135611,1.35611,0
9,35,scene_4096_attachments,std_shared,attachment,98304,494010,5.02532958984,98304
9,36,create_read_destroy,own_local,asset,100000,2293572,22.93572,65000400000
10,0,scene_4096_attachments,std_shared,attachment,98304,518687,5.27635701497,98304
10,1,weak_lock_expired,own_shared,lock,100000,135420,1.3542,0
10,2,group_setup_then_1_copies,std_shared,group,100000,1944726,19.44726,2000000
10,3,async_queue_job_1024_local_copies,std_shared,job,100,1866381,18663.81,2406400
10,4,group_setup_then_64_copies,own_local,group,1562,166547,106.624199744,2349248
10,5,share_read_drop,std_shared,handoff,100000,1175549,11.75549,2350000
10,6,create_read_destroy,std_shared,asset,100000,1200265,12.00265,65000400000
10,7,frame_4096_draws_64_unique_leases,std_shared,frame,24,90054,3752.25,41287680
10,8,async_queue_job_64_local_copies,std_shared,job,100,280075,2800.75,150400
10,9,copy_read_drop,std_shared,copy,100000,1168057,11.68057,2350000
10,10,weak_lock_live,std_shared,lock,100000,925238,9.25238,2350000
10,11,async_queue_job_64_local_copies,own_local,job,100,74310,743.1,150400
10,12,scene_4096_attachments,own_local,attachment,98304,323098,3.28672281901,98304
10,13,localize_read_drop,std_shared,group,100000,1240926,12.40926,2350000
10,14,group_setup_then_8_copies,own_local,group,12500,329998,26.39984,2350000
10,15,copy_read_drop,own_shared,copy,100000,455573,4.55573,2350000
10,16,borrow_read,raw_borrow,read,100000,54350,0.5435,2350000
10,17,resource_lifecycle_64_assets_4096_objects,own_local,cycle,10,328516,32851.6,17203200
10,18,frame_4096_draws_64_unique_leases,own_shared,frame,24,90484,3770.16666667,41287680
10,19,async_queue_job_1_local_copies,std_shared,job,100,75141,751.41,2000
10,20,resource_lifecycle_64_assets_4096_objects,std_shared,cycle,10,377788,37778.8,17203200
10,21,async_queue_job_1_local_copies,own_local,job,100,58887,588.87,2000
10,22,group_setup_then_64_copies,std_shared,group,1562,1217150,779.225352113,2349248
10,23,group_setup_then_8_copies,std_shared,group,12500,1294786,103.58288,2350000
10,24,contended_copy_2_workers,std_shared,copy,200000,3491550,17.45775,4700000
10,25,group_setup_then_1_copies,own_local,group,100000,2200855,22.00855,2000000
10,26,create_read_destroy,own_shared,asset,100000,1392099,13.92099,65000400000
10,27,weak_lock_live,own_shared,lock,100000,447532,4.47532,2350000
10,28,group_setup_then_1024_copies,std_shared,group,97,1408203,14517.556701,2334208
10,29,weak_lock_expired,std_shared,lock,100000,162640,1.6264,0
10,30,localize_read_drop,own_local,group,100000,1084815,10.84815,2350000
10,31,copy_read_drop,own_local,copy,100000,122050,1.2205,2350000
10,32,async_queue_job_1024_local_copies,own_local,job,100,709028,7090.28,2406400
10,33,share_read_drop,own_shared,handoff,100000,493830,4.9383,2350000
10,34,create_read_destroy,own_local,asset,100000,2234986,22.34986,65000400000
10,35,group_setup_then_1024_copies,own_local,group,97,138205,1424.79381443,2334208
10,36,contended_copy_2_workers,own_shared,copy,200000,4716801,23.584005,4700000
11,0,copy_read_drop,own_local,copy,100000,126116,1.26116,2350000
11,1,group_setup_then_8_copies,std_shared,group,12500,1316287,105.30296,2350000
11,2,group_setup_then_1024_copies,own_local,group,97,136602,1408.26804124,2334208
11,3,weak_lock_expired,std_shared,lock,100000,162751,1.62751,0
11,4,scene_4096_attachments,std_shared,attachment,98304,530174,5.39320882161,98304
11,5,share_read_drop,own_shared,handoff,100000,451087,4.51087,2350000
11,6,borrow_read,raw_borrow,read,100000,114710,1.1471,2350000
11,7,group_setup_then_64_copies,std_shared,group,1562,1203410,770.42893726,2349248
11,8,weak_lock_expired,own_shared,lock,100000,135671,1.35671,0
11,9,group_setup_then_8_copies,own_local,group,12500,438118,35.04944,2350000
11,10,async_queue_job_1024_local_copies,own_local,job,100,388875,3888.75,2406400
11,11,async_queue_job_64_local_copies,own_local,job,100,53730,537.3,150400
11,12,scene_4096_attachments,own_local,attachment,98304,148059,1.5061340332,98304
11,13,contended_copy_2_workers,own_shared,copy,200000,3082750,15.41375,4700000
11,14,weak_lock_live,std_shared,lock,100000,918298,9.18298,2350000
11,15,frame_4096_draws_64_unique_leases,own_shared,frame,24,91315,3804.79166667,41287680
11,16,share_read_drop,std_shared,handoff,100000,1237800,12.378,2350000
11,17,contended_copy_2_workers,std_shared,copy,200000,13015491,65.077455,4700000
11,18,copy_read_drop,std_shared,copy,100000,1357988,13.57988,2350000
11,19,group_setup_then_1_copies,std_shared,group,100000,1914652,19.14652,2000000
11,20,resource_lifecycle_64_assets_4096_objects,std_shared,cycle,10,471077,47107.7,17203200
11,21,async_queue_job_1_local_copies,std_shared,job,100,84590,845.9,2000
11,22,async_queue_job_64_local_copies,std_shared,job,100,169751,1697.51,150400
11,23,resource_lifecycle_64_assets_4096_objects,own_local,cycle,10,262538,26253.8,17203200
11,24,group_setup_then_1_copies,own_local,group,100000,1965807,19.65807,2000000
11,25,async_queue_job_1_local_copies,own_local,job,100,117059,1170.59,2000
11,26,group_setup_then_64_copies,own_local,group,1562,201197,128.807298335,2349248
11,27,create_read_destroy,own_local,asset,100000,2227684,22.27684,65000400000
11,28,create_read_destroy,std_shared,asset,100000,1124724,11.24724,65000400000
11,29,create_read_destroy,own_shared,asset,100000,1220085,12.20085,65000400000
11,30,frame_4096_draws_64_unique_leases,std_shared,frame,24,91215,3800.625,41287680
11,31,group_setup_then_1024_copies,std_shared,group,97,1258832,12977.6494845,2334208
11,32,async_queue_job_1024_local_copies,std_shared,job,100,1729809,17298.09,2406400
11,33,copy_read_drop,own_shared,copy,100000,478718,4.78718,2350000
11,34,localize_read_drop,std_shared,group,100000,1181157,11.81157,2350000
11,35,weak_lock_live,own_shared,lock,100000,475153,4.75153,2350000
11,36,localize_read_drop,own_local,group,100000,1375794,13.75794,2350000
12,0,group_setup_then_8_copies,own_local,group,12500,335886,26.87088,2350000
12,1,create_read_destroy,own_shared,asset,100000,1403346,14.03346,65000400000
12,2,async_queue_job_64_local_copies,std_shared,job,100,194598,1945.98,150400
12,3,group_setup_then_1024_copies,own_local,group,97,137323,1415.70103093,2334208
12,4,create_read_destroy,std_shared,asset,100000,1164703,11.64703,65000400000
12,5,copy_read_drop,own_local,copy,100000,121650,1.2165,2350000
12,6,group_setup_then_64_copies,std_shared,group,1562,1193726,764.229193342,2349248
12,7,async_queue_job_1024_local_copies,own_local,job,100,342516,3425.16,2406400
12,8,localize_read_drop,std_shared,group,100000,1190591,11.90591,2350000
12,9,share_read_drop,std_shared,handoff,100000,1190290,11.9029,2350000
12,10,contended_copy_2_workers,std_shared,copy,200000,3507999,17.539995,4700000
12,11,async_queue_job_1024_local_copies,std_shared,job,100,1636280,16362.8,2406400
12,12,share_read_drop,own_shared,handoff,100000,603422,6.03422,2350000
12,13,copy_read_drop,std_shared,copy,100000,1168528,11.68528,2350000
12,14,borrow_read,raw_borrow,read,100000,54531,0.54531,2350000
12,15,resource_lifecycle_64_assets_4096_objects,std_shared,cycle,10,466881,46688.1,17203200
12,16,group_setup_then_1024_copies,std_shared,group,97,1204672,12419.2989691,2334208
12,17,create_read_destroy,own_local,asset,100000,2223149,22.23149,65000400000
12,18,weak_lock_expired,std_shared,lock,100000,162640,1.6264,0
12,19,scene_4096_attachments,std_shared,attachment,98304,539959,5.49274698893,98304
12,20,weak_lock_expired,own_shared,lock,100000,135550,1.3555,0
12,21,async_queue_job_1_local_copies,std_shared,job,100,53038,530.38,2000
12,22,weak_lock_live,own_shared,lock,100000,461953,4.61953,2350000
12,23,group_setup_then_1_copies,std_shared,group,100000,1848845,18.48845,2000000
12,24,resource_lifecycle_64_assets_4096_objects,own_local,cycle,10,251122,25112.2,17203200
12,25,frame_4096_draws_64_unique_leases,own_shared,frame,24,93098,3879.08333333,41287680
12,26,group_setup_then_1_copies,own_local,group,100000,2072446,20.72446,2000000
12,27,async_queue_job_64_local_copies,own_local,job,100,73558,735.58,150400
12,28,frame_4096_draws_64_unique_leases,std_shared,frame,24,90483,3770.125,41287680
12,29,scene_4096_attachments,own_local,attachment,98304,148169,1.50725301107,98304
12,30,contended_copy_2_workers,own_shared,copy,200000,1938838,9.69419,4700000
12,31,weak_lock_live,std_shared,lock,100000,997466,9.97466,2350000
12,32,copy_read_drop,own_shared,copy,100000,472879,4.72879,2350000
12,33,async_queue_job_1_local_copies,own_local,job,100,63033,630.33,2000
12,34,localize_read_drop,own_local,group,100000,1431548,14.31548,2350000
12,35,group_setup_then_8_copies,std_shared,group,12500,1496744,119.73952,2350000
12,36,group_setup_then_64_copies,own_local,group,1562,223680,143.201024328,2349248
13,0,group_setup_then_1024_copies,std_shared,group,97,1144562,11799.6082474,2334208
13,1,share_read_drop,std_shared,handoff,100000,1167276,11.67276,2350000
13,2,frame_4096_draws_64_unique_leases,std_shared,frame,24,91956,3831.5,41287680
13,3,contended_copy_2_workers,own_shared,copy,200000,2250208,11.25104,4700000
13,4,group_setup_then_1024_copies,own_local,group,97,151504,1561.89690722,2334208
13,5,scene_4096_attachments,own_local,attachment,98304,149752,1.52335611979,98304
13,6,resource_lifecycle_64_assets_4096_objects,std_shared,cycle,10,332132,33213.2,17203200
13,7,weak_lock_live,own_shared,lock,100000,459069,4.59069,2350000
13,8,async_queue_job_1024_local_copies,own_local,job,100,475659,4756.59,2406400
13,9,async_queue_job_1024_local_copies,std_shared,job,100,1728727,17287.27,2406400
13,10,create_read_destroy,std_shared,asset,100000,1225202,12.25202,65000400000
13,11,weak_lock_expired,std_shared,lock,100000,162510,1.6251,0
13,12,frame_4096_draws_64_unique_leases,own_shared,frame,24,92216,3842.33333333,41287680
13,13,borrow_read,raw_borrow,read,100000,54240,0.5424,2350000
13,14,resource_lifecycle_64_assets_4096_objects,own_local,cycle,10,365330,36533,17203200
13,15,copy_read_drop,std_shared,copy,100000,1161819,11.61819,2350000
13,16,group_setup_then_64_copies,own_local,group,1562,164383,105.238796415,2349248
13,17,async_queue_job_64_local_copies,own_local,job,100,67479,674.79,150400
13,18,async_queue_job_1_local_copies,std_shared,job,100,59899,598.99,2000
13,19,share_read_drop,own_shared,handoff,100000,477866,4.77866,2350000
13,20,contended_copy_2_workers,std_shared,copy,200000,3581337,17.906685,4700000
13,21,group_setup_then_1_copies,own_local,group,100000,1875784,18.75784,2000000
13,22,copy_read_drop,own_shared,copy,100000,454973,4.54973,2350000
13,23,create_read_destroy,own_shared,asset,100000,1422735,14.22735,65000400000
13,24,localize_read_drop,std_shared,group,100000,1508832,15.08832,2350000
13,25,weak_lock_expired,own_shared,lock,100000,165375,1.65375,0
13,26,group_setup_then_64_copies,std_shared,group,1562,1163681,744.994238156,2349248
13,27,copy_read_drop,own_local,copy,100000,122191,1.22191,2350000
13,28,group_setup_then_1_copies,std_shared,group,100000,1864928,18.64928,2000000
13,29,group_setup_then_8_copies,std_shared,group,12500,1239584,99.16672,2350000
13,30,group_setup_then_8_copies,own_local,group,12500,417607,33.40856,2350000
13,31,async_queue_job_1_local_copies,own_local,job,100,91275,912.75,2000
13,32,localize_read_drop,own_local,group,100000,1063012,10.63012,2350000
13,33,async_queue_job_64_local_copies,std_shared,job,100,217402,2174.02,150400
13,34,weak_lock_live,std_shared,lock,100000,939210,9.3921,2350000
13,35,scene_4096_attachments,std_shared,attachment,98304,493880,5.02400716146,98304
13,36,create_read_destroy,own_local,asset,100000,2265710,22.6571,65000400000
14,0,scene_4096_attachments,own_local,attachment,98304,154348,1.57010904948,98304
14,1,create_read_destroy,own_shared,asset,100000,1229619,12.29619,65000400000
14,2,group_setup_then_1_copies,std_shared,group,100000,1862626,18.62626,2000000
14,3,group_setup_then_1024_copies,own_local,group,97,138395,1426.75257732,2334208
14,4,weak_lock_expired,own_shared,lock,100000,135450,1.3545,0
14,5,weak_lock_live,std_shared,lock,100000,993749,9.93749,2350000
14,6,weak_lock_expired,std_shared,lock,100000,162490,1.6249,0
14,7,async_queue_job_1_local_copies,own_local,job,100,53780,537.8,2000
14,8,async_queue_job_64_local_copies,own_local,job,100,58116,581.16,150400
14,9,localize_read_drop,std_shared,group,100000,1238302,12.38302,2350000
14,10,async_queue_job_1024_local_copies,std_shared,job,100,1723659,17236.59,2406400
14,11,frame_4096_draws_64_unique_leases,std_shared,frame,24,89903,3745.95833333,41287680
14,12,group_setup_then_8_copies,own_local,group,12500,441493,35.31944,2350000
14,13,contended_copy_2_workers,own_shared,copy,200000,2007419,10.037095,4700000
14,14,borrow_read,raw_borrow,read,100000,54360,0.5436,2350000
14,15,resource_lifecycle_64_assets_4096_objects,own_local,cycle,10,236259,23625.9,17203200
14,16,async_queue_job_64_local_copies,std_shared,job,100,174218,1742.18,150400
14,17,group_setup_then_1_copies,own_local,group,100000,2166003,21.66003,2000000
14,18,localize_read_drop,own_local,group,100000,1319321,13.19321,2350000
14,19,weak_lock_live,own_shared,lock,100000,446971,4.46971,2350000
14,20,frame_4096_draws_64_unique_leases,own_shared,frame,24,93388,3891.16666667,41287680
14,21,create_read_destroy,std_shared,asset,100000,1258892,12.58892,65000400000
14,22,group_setup_then_64_copies,own_local,group,1562,163101,104.418053777,2349248
14,23,create_read_destroy,own_local,asset,100000,2269266,22.69266,65000400000
14,24,group_setup_then_1024_copies,std_shared,group,97,1222729,12605.4536082,2334208
14,25,copy_read_drop,own_local,copy,100000,121579,1.21579,2350000
14,26,async_queue_job_1_local_copies,std_shared,job,100,64045,640.45,2000
14,27,share_read_drop,own_shared,handoff,100000,499409,4.99409,2350000
14,28,async_queue_job_1024_local_copies,own_local,job,100,489524,4895.24,2406400
14,29,resource_lifecycle_64_assets_4096_objects,std_shared,cycle,10,419059,41905.9,17203200
14,30,group_setup_then_64_copies,std_shared,group,1562,1456344,932.358514725,2349248
14,31,contended_copy_2_workers,std_shared,copy,200000,4705665,23.528325,4700000
14,32,group_setup_then_8_copies,std_shared,group,12500,1305101,104.40808,2350000
14,33,scene_4096_attachments,std_shared,attachment,98304,600328,6.10685221354,98304
14,34,copy_read_drop,own_shared,copy,100000,592877,5.92877,2350000
14,35,share_read_drop,std_shared,handoff,100000,1360893,13.60893,2350000
14,36,copy_read_drop,std_shared,copy,100000,1172514,11.72514,2350000
15,0,create_read_destroy,own_shared,asset,100000,1242377,12.42377,65000400000
15,1,group_setup_then_64_copies,std_shared,group,1562,1175078,752.290653009,2349248
15,2,async_queue_job_64_local_copies,own_local,job,100,95661,956.61,150400
15,3,group_setup_then_8_copies,std_shared,group,12500,1249789,99.98312,2350000
15,4,contended_copy_2_workers,std_shared,copy,200000,3853490,19.26745,4700000
15,5,weak_lock_live,std_shared,lock,100000,959760,9.5976,2350000
15,6,create_read_destroy,std_shared,asset,100000,1137542,11.37542,65000400000
15,7,group_setup_then_1024_copies,own_local,group,97,139196,1435.01030928,2334208
15,8,copy_read_drop,own_local,copy,100000,121569,1.21569,2350000
15,9,contended_copy_2_workers,own_shared,copy,200000,2967029,14.835145,4700000
15,10,async_queue_job_1024_local_copies,own_local,job,100,484256,4842.56,2406400
15,11,localize_read_drop,own_local,group,100000,1103882,11.03882,2350000
15,12,scene_4096_attachments,own_local,attachment,98304,149441,1.52019246419,98304
15,13,async_queue_job_64_local_copies,std_shared,job,100,223861,2238.61,150400
15,14,borrow_read,raw_borrow,read,100000,54351,0.54351,2350000
15,15,weak_lock_expired,own_shared,lock,100000,149641,1.49641,0
15,16,group_setup_then_8_copies,own_local,group,12500,332442,26.59536,2350000
15,17,weak_lock_expired,std_shared,lock,100000,162510,1.6251,0
15,18,resource_lifecycle_64_assets_4096_objects,own_local,cycle,10,245593,24559.3,17203200
15,19,group_setup_then_1_copies,own_local,group,100000,1857797,18.57797,2000000
15,20,share_read_drop,own_shared,handoff,100000,457667,4.57667,2350000
15,21,create_read_destroy,own_local,asset,100000,2271379,22.71379,65000400000
15,22,group_setup_then_1024_copies,std_shared,group,97,1202769,12399.6804124,2334208
15,23,frame_4096_draws_64_unique_leases,std_shared,frame,24,92968,3873.66666667,41287680
15,24,frame_4096_draws_64_unique_leases,own_shared,frame,24,96282,4011.75,41287680
15,25,async_queue_job_1024_local_copies,std_shared,job,100,1686805,16868.05,2406400
15,26,localize_read_drop,std_shared,group,100000,1180266,11.80266,2350000
15,27,copy_read_drop,std_shared,copy,100000,1173386,11.73386,2350000
15,28,async_queue_job_1_local_copies,own_local,job,100,215984,2159.84,2000
15,29,group_setup_then_64_copies,own_local,group,1562,166806,106.790012804,2349248
15,30,share_read_drop,std_shared,handoff,100000,1179534,11.79534,2350000
15,31,scene_4096_attachments,std_shared,attachment,98304,520250,5.29225667318,98304
15,32,copy_read_drop,own_shared,copy,100000,484426,4.84426,2350000
15,33,group_setup_then_1_copies,std_shared,group,100000,1860512,18.60512,2000000
15,34,resource_lifecycle_64_assets_4096_objects,std_shared,cycle,10,335626,33562.6,17203200
15,35,async_queue_job_1_local_copies,std_shared,job,100,53869,538.69,2000
15,36,weak_lock_live,own_shared,lock,100000,461673,4.61673,2350000
16,0,group_setup_then_8_copies,own_local,group,12500,358340,28.6672,2350000
16,1,group_setup_then_8_copies,std_shared,group,12500,1272432,101.79456,2350000
16,2,weak_lock_live,own_shared,lock,100000,471077,4.71077,2350000
16,3,create_read_destroy,own_local,asset,100000,2127486,21.27486,65000400000
16,4,async_queue_job_64_local_copies,own_local,job,100,75833,758.33,150400
16,5,group_setup_then_1024_copies,own_local,group,97,136952,1411.87628866,2334208
16,6,async_queue_job_1024_local_copies,std_shared,job,100,1941411,19414.11,2406400
16,7,copy_read_drop,std_shared,copy,100000,1198523,11.98523,2350000
16,8,async_queue_job_1024_local_copies,own_local,job,100,604750,6047.5,2406400
16,9,copy_read_drop,own_local,copy,100000,122321,1.22321,2350000
16,10,create_read_destroy,std_shared,asset,100000,1237400,12.374,65000400000
16,11,group_setup_then_1024_copies,std_shared,group,97,1262837,13018.9381443,2334208
16,12,weak_lock_live,std_shared,lock,100000,920832,9.20832,2350000
16,13,resource_lifecycle_64_assets_4096_objects,std_shared,cycle,10,378010,37801,17203200
16,14,contended_copy_2_workers,own_shared,copy,200000,2981746,14.90873,4700000
16,15,localize_read_drop,std_shared,group,100000,1168649,11.68649,2350000
16,16,group_setup_then_64_copies,std_shared,group,1562,1197992,766.960307298,2349248
16,17,group_setup_then_64_copies,own_local,group,1562,164363,105.225992318,2349248
16,18,share_read_drop,std_shared,handoff,100000,1181017,11.81017,2350000
16,19,scene_4096_attachments,std_shared,attachment,98304,506949,5.1569519043,98304
16,20,weak_lock_expired,own_shared,lock,100000,135571,1.35571,0
16,21,resource_lifecycle_64_assets_4096_objects,own_local,cycle,10,229600,22960,17203200
16,22,frame_4096_draws_64_unique_leases,own_shared,frame,24,94400,3933.33333333,41287680
16,23,borrow_read,raw_borrow,read,100000,65637,0.65637,2350000
16,24,async_queue_job_1_local_copies,own_local,job,100,52627,526.27,2000
16,25,group_setup_then_1_copies,std_shared,group,100000,2134322,21.34322,2000000
16,26,weak_lock_expired,std_shared,lock,100000,162911,1.62911,0
16,27,frame_4096_draws_64_unique_leases,std_shared,frame,24,817499,34062.4583333,41287680
16,28,create_read_destroy,own_shared,asset,100000,1605304,16.05304,65000400000
16,29,group_setup_then_1_copies,own_local,group,100000,2068369,20.68369,2000000
16,30,share_read_drop,own_shared,handoff,100000,565697,5.65697,2350000
16,31,localize_read_drop,own_local,group,100000,1350338,13.50338,2350000
16,32,async_queue_job_1_local_copies,std_shared,job,100,67279,672.79,2000
16,33,async_queue_job_64_local_copies,std_shared,job,100,238513,2385.13,150400
16,34,copy_read_drop,own_shared,copy,100000,455464,4.55464,2350000
16,35,scene_4096_attachments,own_local,attachment,98304,149932,1.52518717448,98304
16,36,contended_copy_2_workers,std_shared,copy,200000,4126814,20.63407,4700000
17,0,scene_4096_attachments,std_shared,attachment,98304,531065,5.40227254232,98304
17,1,copy_read_drop,own_shared,copy,100000,465678,4.65678,2350000
17,2,localize_read_drop,own_local,group,100000,1209279,12.09279,2350000
17,3,share_read_drop,own_shared,handoff,100000,442665,4.42665,2350000
17,4,group_setup_then_8_copies,std_shared,group,12500,1256708,100.53664,2350000
17,5,create_read_destroy,own_shared,asset,100000,1446299,14.46299,65000400000
17,6,async_queue_job_64_local_copies,std_shared,job,100,182780,1827.8,150400
17,7,resource_lifecycle_64_assets_4096_objects,own_local,cycle,10,235118,23511.8,17203200
17,8,async_queue_job_64_local_copies,own_local,job,100,87379,873.79,150400
17,9,group_setup_then_1_copies,std_shared,group,100000,1943324,19.43324,2000000
17,10,group_setup_then_1024_copies,own_local,group,97,137544,1417.97938144,2334208
17,11,scene_4096_attachments,own_local,attachment,98304,148700,1.5126546224,98304
17,12,create_read_destroy,own_local,asset,100000,2594988,25.94988,65000400000
17,13,weak_lock_live,std_shared,lock,100000,980120,9.8012,2350000
17,14,group_setup_then_1_copies,own_local,group,100000,2007580,20.0758,2000000
17,15,resource_lifecycle_64_assets_4096_objects,std_shared,cycle,10,343578,34357.8,17203200
17,16,share_read_drop,std_shared,handoff,100000,1386140,13.8614,2350000
17,17,frame_4096_draws_64_unique_leases,own_shared,frame,24,92947,3872.79166667,41287680
17,18,async_queue_job_1024_local_copies,std_shared,job,100,2210850,22108.5,2406400
17,19,async_queue_job_1_local_copies,own_local,job,100,179866,1798.66,2000
17,20,frame_4096_draws_64_unique_leases,std_shared,frame,24,95902,3995.91666667,41287680
17,21,localize_read_drop,std_shared,group,100000,1205714,12.05714,2350000
17,22,group_setup_then_64_copies,std_shared,group,1562,1372510,878.687580026,2349248
17,23,copy_read_drop,own_local,copy,100000,121951,1.21951,2350000
17,24,group_setup_then_1024_copies,std_shared,group,97,1281245,13208.7113402,2334208
17,25,contended_copy_2_workers,own_shared,copy,200000,2396594,11.98297,4700000
17,26,group_setup_then_64_copies,own_local,group,1562,178945,114.561459667,2349248
17,27,group_setup_then_8_copies,own_local,group,12500,332212,26.57696,2350000
17,28,copy_read_drop,std_shared,copy,100000,1358710,13.5871,2350000
17,29,async_queue_job_1024_local_copies,own_local,job,100,363057,3630.57,2406400
17,30,borrow_read,raw_borrow,read,100000,54460,0.5446,2350000
17,31,weak_lock_expired,std_shared,lock,100000,162641,1.62641,0
17,32,weak_lock_expired,own_shared,lock,100000,345140,3.4514,0
17,33,weak_lock_live,own_shared,lock,100000,545918,5.45918,2350000
17,34,async_queue_job_1_local_copies,std_shared,job,100,71235,712.35,2000
17,35,contended_copy_2_workers,std_shared,copy,200000,3878176,19.39088,4700000
17,36,create_read_destroy,std_shared,asset,100000,1187817,11.87817,65000400000
18,0,scene_4096_attachments,own_local,attachment,98304,148239,1.50796508789,98304
18,1,create_read_destroy,own_shared,asset,100000,1320093,13.20093,65000400000
18,2,group_setup_then_1024_copies,own_local,group,97,136842,1410.74226804,2334208
18,3,async_queue_job_1_local_copies,std_shared,job,100,58527,585.27,2000
18,4,frame_4096_draws_64_unique_leases,std_shared,frame,24,91425,3809.375,41287680
18,5,share_read_drop,own_shared,handoff,100000,651994,6.51994,2350000
18,6,contended_copy_2_workers,own_shared,copy,200000,2492767,12.463835,4700000
18,7,weak_lock_expired,own_shared,lock,100000,135721,1.35721,0
18,8,group_setup_then_1024_copies,std_shared,group,97,1250059,12887.2061856,2334208
18,9,localize_read_drop,own_local,group,100000,1070313,10.70313,2350000
18,10,contended_copy_2_workers,std_shared,copy,200000,3948624,19.74312,4700000
18,11,group_setup_then_64_copies,own_local,group,1562,179776,115.09346991,2349248
18,12,scene_4096_attachments,std_shared,attachment,98304,512738,5.21584065755,98304
18,13,async_queue_job_1_local_copies,own_local,job,100,206014,2060.14,2000
18,14,localize_read_drop,std_shared,group,100000,1175539,11.75539,2350000
18,15,copy_read_drop,own_local,copy,100000,131865,1.31865,2350000
18,16,weak_lock_expired,std_shared,lock,100000,162620,1.6262,0
18,17,group_setup_then_8_copies,own_local,group,12500,332221,26.57768,2350000
18,18,async_queue_job_1024_local_copies,std_shared,job,100,1661487,16614.87,2406400
18,19,group_setup_then_8_copies,std_shared,group,12500,1462003,116.96024,2350000
18,20,async_queue_job_64_local_copies,own_local,job,100,120779,1207.79,150400
18,21,create_read_destroy,own_local,asset,100000,2192944,21.92944,65000400000
18,22,copy_read_drop,std_shared,copy,100000,1160647,11.60647,2350000
18,23,weak_lock_live,std_shared,lock,100000,918639,9.18639,2350000
18,24,frame_4096_draws_64_unique_leases,own_shared,frame,24,94881,3953.375,41287680
18,25,async_queue_job_64_local_copies,std_shared,job,100,200807,2008.07,150400
18,26,resource_lifecycle_64_assets_4096_objects,std_shared,cycle,10,409465,40946.5,17203200
18,27,share_read_drop,std_shared,handoff,100000,1188198,11.88198,2350000
18,28,group_setup_then_64_copies,std_shared,group,1562,1159214,742.134443022,2349248
18,29,group_setup_then_1_copies,std_shared,group,100000,1880381,18.80381,2000000
18,30,group_setup_then_1_copies,own_local,group,100000,2314594,23.14594,2000000
18,31,async_queue_job_1024_local_copies,own_local,job,100,365300,3653,2406400
18,32,copy_read_drop,own_shared,copy,100000,475353,4.75353,2350000
18,33,create_read_destroy,std_shared,asset,100000,1443225,14.43225,65000400000
18,34,resource_lifecycle_64_assets_4096_objects,own_local,cycle,10,301205,30120.5,17203200
18,35,borrow_read,raw_borrow,read,100000,54220,0.5422,2350000
18,36,weak_lock_live,own_shared,lock,100000,503264,5.03264,2350000
19,0,weak_lock_live,own_shared,lock,100000,562552,5.62552,2350000
19,1,frame_4096_draws_64_unique_leases,std_shared,frame,24,91015,3792.29166667,41287680
19,2,group_setup_then_1024_copies,std_shared,group,97,1148479,11839.9896907,2334208
19,3,group_setup_then_1_copies,own_local,group,100000,1866881,18.66881,2000000
19,4,async_queue_job_1_local_copies,own_local,job,100,51586,515.86,2000
19,5,borrow_read,raw_borrow,read,100000,54230,0.5423,2350000
19,6,copy_read_drop,own_local,copy,100000,122081,1.22081,2350000
19,7,weak_lock_live,std_shared,lock,100000,958548,9.58548,2350000
19,8,share_read_drop,std_shared,handoff,100000,1181838,11.81838,2350000
19,9,async_queue_job_64_local_copies,std_shared,job,100,229860,2298.6,150400
19,10,contended_copy_2_workers,std_shared,copy,200000,4811727,24.058635,4700000
19,11,group_setup_then_1024_copies,own_local,group,97,174388,1797.81443299,2334208
19,12,scene_4096_attachments,own_local,attachment,98304,148289,1.50847371419,98304
19,13,localize_read_drop,std_shared,group,100000,1174748,11.74748,2350000
19,14,contended_copy_2_workers,own_shared,copy,200000,4329113,21.645565,4700000
19,15,resource_lifecycle_64_assets_4096_objects,own_local,cycle,10,270791,27079.1,17203200
19,16,copy_read_drop,own_shared,copy,100000,455414,4.55414,2350000
19,17,copy_read_drop,std_shared,copy,100000,1251021,12.51021,2350000
19,18,group_setup_then_1_copies,std_shared,group,100000,1882114,18.82114,2000000
19,19,localize_read_drop,own_local,group,100000,1075501,10.75501,2350000
19,20,frame_4096_draws_64_unique_leases,own_shared,frame,24,94069,3919.54166667,41287680
19,21,group_setup_then_64_copies,own_local,group,1562,162240,103.866837388,2349248
19,22,create_read_destroy,own_shared,asset,100000,1326612,13.26612,65000400000
19,23,async_queue_job_1024_local_copies,std_shared,job,100,1622159,16221.59,2406400
19,24,async_queue_job_64_local_copies,own_local,job,100,132576,1325.76,150400
19,25,group_setup_then_8_copies,own_local,group,12500,331270,26.5016,2350000
19,26,weak_lock_expired,own_shared,lock,100000,135621,1.35621,0
19,27,async_queue_job_1024_local_copies,own_local,job,100,371049,3710.49,2406400
19,28,create_read_destroy,std_shared,asset,100000,1155018,11.55018,65000400000
19,29,weak_lock_expired,std_shared,lock,100000,162531,1.62531,0
19,30,group_setup_then_64_copies,std_shared,group,1562,1410506,903.012804097,2349248
19,31,resource_lifecycle_64_assets_4096_objects,std_shared,cycle,10,340293,34029.3,17203200
19,32,create_read_destroy,own_local,asset,100000,2249147,22.49147,65000400000
19,33,group_setup_then_8_copies,std_shared,group,12500,1303037,104.24296,2350000
19,34,share_read_drop,own_shared,handoff,100000,503184,5.03184,2350000
19,35,scene_4096_attachments,std_shared,attachment,98304,495002,5.03542073568,98304
19,36,async_queue_job_1_local_copies,std_shared,job,100,45527,455.27,2000
20,0,scene_4096_attachments,std_shared,attachment,98304,519468,5.28430175781,98304
20,1,async_queue_job_1_local_copies,std_shared,job,100,34321,343.21,2000
20,2,copy_read_drop,own_shared,copy,100000,455554,4.55554,2350000
20,3,async_queue_job_64_local_copies,own_local,job,100,63194,631.94,150400
20,4,group_setup_then_1024_copies,own_local,group,97,139106,1434.08247423,2334208
20,5,resource_lifecycle_64_assets_4096_objects,std_shared,cycle,10,352301,35230.1,17203200
20,6,group_setup_then_1_copies,own_local,group,100000,1851398,18.51398,2000000
20,7,group_setup_then_8_copies,own_local,group,12500,365872,29.26976,2350000
20,8,create_read_destroy,own_shared,asset,100000,1232943,12.32943,65000400000
20,9,group_setup_then_64_copies,own_local,group,1562,165605,106.021126761,2349248
20,10,create_read_destroy,std_shared,asset,100000,1170872,11.70872,65000400000
20,11,async_queue_job_1_local_copies,own_local,job,100,56914,569.14,2000
20,12,resource_lifecycle_64_assets_4096_objects,own_local,cycle,10,231823,23182.3,17203200
20,13,borrow_read,raw_borrow,read,100000,54421,0.54421,2350000
20,14,share_read_drop,own_shared,handoff,100000,454452,4.54452,2350000
20,15,group_setup_then_8_copies,std_shared,group,12500,1260705,100.8564,2350000
20,16,share_read_drop,std_shared,handoff,100000,1164001,11.64001,2350000
20,17,group_setup_then_64_copies,std_shared,group,1562,1157583,741.090268886,2349248
20,18,create_read_destroy,own_local,asset,100000,2100257,21.00257,65000400000
20,19,copy_read_drop,own_local,copy,100000,121860,1.2186,2350000
20,20,weak_lock_live,own_shared,lock,100000,464097,4.64097,2350000
20,21,async_queue_job_1024_local_copies,own_local,job,100,451678,4516.78,2406400
20,22,localize_read_drop,own_local,group,100000,1095140,10.9514,2350000
20,23,weak_lock_live,std_shared,lock,100000,910156,9.10156,2350000
20,24,group_setup_then_1024_copies,std_shared,group,97,1180956,12174.8041237,2334208
20,25,contended_copy_2_workers,own_shared,copy,200000,1583703,7.918515,4700000
20,26,weak_lock_expired,own_shared,lock,100000,136642,1.36642,0
20,27,localize_read_drop,std_shared,group,100000,1183881,11.83881,2350000
20,28,group_setup_then_1_copies,std_shared,group,100000,2023072,20.23072,2000000
20,29,frame_4096_draws_64_unique_leases,std_shared,frame,24,92297,3845.70833333,41287680
20,30,weak_lock_expired,std_shared,lock,100000,162731,1.62731,0
20,31,copy_read_drop,std_shared,copy,100000,1259523,12.59523,2350000
20,32,scene_4096_attachments,own_local,attachment,98304,147288,1.49829101562,98304
20,33,frame_4096_draws_64_unique_leases,own_shared,frame,24,89653,3735.54166667,41287680
20,34,async_queue_job_64_local_copies,std_shared,job,100,219134,2191.34,150400
20,35,async_queue_job_1024_local_copies,std_shared,job,100,1650331,16503.31,2406400
20,36,contended_copy_2_workers,std_shared,copy,200000,4550500,22.7525,4700000
21,0,async_queue_job_64_local_copies,own_local,job,100,68771,687.71,150400
21,1,resource_lifecycle_64_assets_4096_objects,std_shared,cycle,10,374995,37499.5,17203200
21,2,weak_lock_expired,std_shared,lock,100000,162501,1.62501,0
21,3,borrow_read,raw_borrow,read,100000,54231,0.54231,2350000
21,4,share_read_drop,std_shared,handoff,100000,1185053,11.85053,2350000
21,5,weak_lock_expired,own_shared,lock,100000,135590,1.3559,0
21,6,group_setup_then_8_copies,own_local,group,12500,394264,31.54112,2350000
21,7,weak_lock_live,std_shared,lock,100000,945158,9.45158,2350000
21,8,share_read_drop,own_shared,handoff,100000,441864,4.41864,2350000
21,9,group_setup_then_1_copies,std_shared,group,100000,1861173,18.61173,2000000
21,10,async_queue_job_1024_local_copies,own_local,job,100,409566,4095.66,2406400
21,11,resource_lifecycle_64_assets_4096_objects,own_local,cycle,10,266915,26691.5,17203200
21,12,async_queue_job_1_local_copies,own_local,job,100,40520,405.2,2000
21,13,copy_read_drop,own_shared,copy,100000,622390,6.2239,2350000
21,14,frame_4096_draws_64_unique_leases,std_shared,frame,24,90974,3790.58333333,41287680
21,15,create_read_destroy,std_shared,asset,100000,1158703,11.58703,65000400000
21,16,async_queue_job_64_local_copies,std_shared,job,100,200436,2004.36,150400
21,17,create_read_destroy,own_local,asset,100000,2109890,21.0989,65000400000
21,18,copy_read_drop,own_local,copy,100000,121299,1.21299,2350000
21,19,copy_read_drop,std_shared,copy,100000,1172935,11.72935,2350000
21,20,localize_read_drop,own_local,group,100000,1058566,10.58566,2350000
21,21,contended_copy_2_workers,std_shared,copy,200000,4501197,22.505985,4700000
21,22,weak_lock_live,own_shared,lock,100000,460411,4.60411,2350000
21,23,create_read_destroy,own_shared,asset,100000,1289368,12.89368,65000400000
21,24,group_setup_then_64_copies,std_shared,group,1562,1156932,740.673495519,2349248
21,25,localize_read_drop,std_shared,group,100000,1251212,12.51212,2350000
21,26,group_setup_then_64_copies,own_local,group,1562,163742,104.828425096,2349248
21,27,async_queue_job_1024_local_copies,std_shared,job,100,1858911,18589.11,2406400
21,28,scene_4096_attachments,own_local,attachment,98304,150533,1.53130086263,98304
21,29,async_queue_job_1_local_copies,std_shared,job,100,47150,471.5,2000
21,30,group_setup_then_1024_copies,std_shared,group,97,1151414,11870.2474227,2334208
21,31,group_setup_then_1024_copies,own_local,group,97,135941,1401.45360825,2334208
21,32,contended_copy_2_workers,own_shared,copy,200000,2527851,12.639255,4700000
21,33,scene_4096_attachments,std_shared,attachment,98304,493381,5.01893107096,98304
21,34,group_setup_then_8_copies,std_shared,group,12500,1335357,106.82856,2350000
21,35,frame_4096_draws_64_unique_leases,own_shared,frame,24,92617,3859.04166667,41287680
21,36,group_setup_then_1_copies,own_local,group,100000,1907714,19.07714,2000000
22,0,frame_4096_draws_64_unique_leases,std_shared,frame,24,88601,3691.70833333,41287680
22,1,weak_lock_expired,own_shared,lock,100000,135481,1.35481,0
22,2,async_queue_job_1_local_copies,own_local,job,100,64685,646.85,2000
22,3,group_setup_then_1024_copies,own_local,group,97,137263,1415.08247423,2334208
22,4,copy_read_drop,own_local,copy,100000,121309,1.21309,2350000
22,5,localize_read_drop,own_local,group,100000,1140328,11.40328,2350000
22,6,create_read_destroy,own_shared,asset,100000,1235979,12.35979,65000400000
22,7,frame_4096_draws_64_unique_leases,own_shared,frame,24,90054,3752.25,41287680
22,8,group_setup_then_64_copies,own_local,group,1562,163432,104.629961588,2349248
22,9,group_setup_then_64_copies,std_shared,group,1562,1313354,840.815620999,2349248
22,10,create_read_destroy,own_local,asset,100000,2224623,22.24623,65000400000
22,11,copy_read_drop,own_shared,copy,100000,455014,4.55014,2350000
22,12,async_queue_job_1024_local_copies,own_local,job,100,401775,4017.75,2406400
22,13,group_setup_then_1_copies,std_shared,group,100000,1862116,18.62116,2000000
22,14,async_queue_job_64_local_copies,std_shared,job,100,233726,2337.26,150400
22,15,group_setup_then_8_copies,std_shared,group,12500,1317881,105.43048,2350000
22,16,resource_lifecycle_64_assets_4096_objects,own_local,cycle,10,232744,23274.4,17203200
22,17,async_queue_job_1_local_copies,std_shared,job,100,60850,608.5,2000
22,18,share_read_drop,std_shared,handoff,100000,1173266,11.73266,2350000
22,19,copy_read_drop,std_shared,copy,100000,1234387,12.34387,2350000
22,20,contended_copy_2_workers,own_shared,copy,200000,2428514,12.14257,4700000
22,21,share_read_drop,own_shared,handoff,100000,442214,4.42214,2350000
22,22,scene_4096_attachments,std_shared,attachment,98304,562593,5.72299194336,98304
22,23,localize_read_drop,std_shared,group,100000,1173728,11.73728,2350000
22,24,scene_4096_attachments,own_local,attachment,98304,226675,2.30585734049,98304
22,25,weak_lock_expired,std_shared,lock,100000,234297,2.34297,0
22,26,resource_lifecycle_64_assets_4096_objects,std_shared,cycle,10,340324,34032.4,17203200
22,27,group_setup_then_1024_copies,std_shared,group,97,1165084,12011.1752577,2334208
22,28,borrow_read,raw_borrow,read,100000,54340,0.5434,2350000
22,29,create_read_destroy,std_shared,asset,100000,1197963,11.97963,65000400000
22,30,contended_copy_2_workers,std_shared,copy,200000,4408214,22.04107,4700000
22,31,group_setup_then_1_copies,own_local,group,100000,2055242,20.55242,2000000
22,32,group_setup_then_8_copies,own_local,group,12500,335086,26.80688,2350000
22,33,weak_lock_live,own_shared,lock,100000,462585,4.62585,2350000
22,34,weak_lock_live,std_shared,lock,100000,898911,8.98911,2350000
22,35,async_queue_job_64_local_copies,own_local,job,100,79067,790.67,150400
22,36,async_queue_job_1024_local_copies,std_shared,job,100,2047651,20476.51,2406400
23,0,group_setup_then_8_copies,own_local,group,12500,418980,33.5184,2350000
23,1,weak_lock_expired,std_shared,lock,100000,407823,4.07823,0
23,2,share_read_drop,own_shared,handoff,100000,441663,4.41663,2350000
23,3,group_setup_then_1_copies,own_local,group,100000,1880713,18.80713,2000000
23,4,group_setup_then_64_copies,own_local,group,1562,165405,105.893085787,2349248
23,5,async_queue_job_64_local_copies,own_local,job,100,64385,643.85,150400
23,6,scene_4096_attachments,std_shared,attachment,98304,515063,5.2394917806,98304
23,7,weak_lock_expired,own_shared,lock,100000,135620,1.3562,0
23,8,async_queue_job_1_local_copies,own_local,job,100,41381,413.81,2000
23,9,async_queue_job_1_local_copies,std_shared,job,100,70675,706.75,2000
23,10,weak_lock_live,own_shared,lock,100000,500210,5.0021,2350000
23,11,create_read_destroy,std_shared,asset,100000,1150002,11.50002,65000400000
23,12,copy_read_drop,own_shared,copy,100000,455224,4.55224,2350000
23,13,copy_read_drop,own_local,copy,100000,123563,1.23563,2350000
23,14,async_queue_job_1024_local_copies,std_shared,job,100,1896667,18966.67,2406400
23,15,create_read_destroy,own_shared,asset,100000,1252284,12.52284,65000400000
23,16,frame_4096_draws_64_unique_leases,std_shared,frame,24,89452,3727.16666667,41287680
23,17,copy_read_drop,std_shared,copy,100000,1211023,12.11023,2350000
23,18,frame_4096_draws_64_unique_leases,own_shared,frame,24,92677,3861.54166667,41287680
23,19,localize_read_drop,std_shared,group,100000,1186556,11.86556,2350000
23,20,create_read_destroy,own_local,asset,100000,2374043,23.74043,65000400000
23,21,resource_lifecycle_64_assets_4096_objects,own_local,cycle,10,252454,25245.4,17203200
23,22,resource_lifecycle_64_assets_4096_objects,std_shared,cycle,10,422004,42200.4,17203200
23,23,async_queue_job_64_local_copies,std_shared,job,100,297750,2977.5,150400
23,24,async_queue_job_1024_local_copies,own_local,job,100,396287,3962.87,2406400
23,25,contended_copy_2_workers,own_shared,copy,200000,2426791,12.133955,4700000
23,26,contended_copy_2_workers,std_shared,copy,200000,4992749,24.963745,4700000
23,27,group_setup_then_8_copies,std_shared,group,12500,1265252,101.22016,2350000
23,28,weak_lock_live,std_shared,lock,100000,981903,9.81903,2350000
23,29,scene_4096_attachments,own_local,attachment,98304,149160,1.51733398438,98304
23,30,localize_read_drop,own_local,group,100000,1132697,11.32697,2350000
23,31,group_setup_then_1024_copies,own_local,group,97,137694,1419.5257732,2334208
23,32,borrow_read,raw_borrow,read,100000,54421,0.54421,2350000
23,33,group_setup_then_1024_copies,std_shared,group,97,1173837,12101.4123711,2334208
23,34,group_setup_then_1_copies,std_shared,group,100000,1895226,18.95226,2000000
23,35,share_read_drop,std_shared,handoff,100000,1287686,12.87686,2350000
23,36,group_setup_then_64_copies,std_shared,group,1562,1220697,781.496158771,2349248
24,0,resource_lifecycle_64_assets_4096_objects,own_local,cycle,10,311191,31119.1,17203200
24,1,async_queue_job_1024_local_copies,std_shared,job,100,1755638,17556.38,2406400
24,2,async_queue_job_64_local_copies,own_local,job,100,127919,1279.19,150400
24,3,scene_4096_attachments,own_local,attachment,98304,148841,1.51408894857,98304
24,4,group_setup_then_64_copies,std_shared,group,1562,1167028,747.137003841,2349248
24,5,scene_4096_attachments,std_shared,attachment,98304,494983,5.03522745768,98304
24,6,group_setup_then_1024_copies,own_local,group,97,152596,1573.15463918,2334208
24,7,async_queue_job_1024_local_copies,own_local,job,100,426101,4261.01,2406400
24,8,weak_lock_expired,own_shared,lock,100000,135641,1.35641,0
24,9,copy_read_drop,std_shared,copy,100000,1208939,12.08939,2350000
24,10,weak_lock_live,own_shared,lock,100000,481713,4.81713,2350000
24,11,async_queue_job_1_local_copies,std_shared,job,100,51647,516.47,2000
24,12,async_queue_job_64_local_copies,std_shared,job,100,198644,1986.44,150400
24,13,frame_4096_draws_64_unique_leases,std_shared,frame,24,88781,3699.20833333,41287680
24,14,frame_4096_draws_64_unique_leases,own_shared,frame,24,90223,3759.29166667,41287680
24,15,group_setup_then_8_copies,std_shared,group,12500,1256019,100.48152,2350000
24,16,contended_copy_2_workers,own_shared,copy,200000,2842778,14.21389,4700000
24,17,localize_read_drop,std_shared,group,100000,1434784,14.34784,2350000
24,18,weak_lock_live,std_shared,lock,100000,926271,9.26271,2350000
24,19,create_read_destroy,own_shared,asset,100000,1323318,13.23318,65000400000
24,20,localize_read_drop,own_local,group,100000,1056814,10.56814,2350000
24,21,group_setup_then_1_copies,std_shared,group,100000,1867865,18.67865,2000000
24,22,create_read_destroy,own_local,asset,100000,2176341,21.76341,65000400000
24,23,group_setup_then_1024_copies,std_shared,group,97,1148240,11837.5257732,2334208
24,24,async_queue_job_1_local_copies,own_local,job,100,62522,625.22,2000
24,25,copy_read_drop,own_shared,copy,100000,466130,4.6613,2350000
24,26,group_setup_then_1_copies,own_local,group,100000,1854876,18.54876,2000000
24,27,group_setup_then_64_copies,own_local,group,1562,162129,103.795774648,2349248
24,28,create_read_destroy,std_shared,asset,100000,1116412,11.16412,65000400000
24,29,contended_copy_2_workers,std_shared,copy,200000,4862988,24.31494,4700000
24,30,weak_lock_expired,std_shared,lock,100000,162591,1.62591,0
24,31,share_read_drop,own_shared,handoff,100000,556984,5.56984,2350000
24,32,copy_read_drop,own_local,copy,100000,132136,1.32136,2350000
24,33,share_read_drop,std_shared,handoff,100000,1184283,11.84283,2350000
24,34,resource_lifecycle_64_assets_4096_objects,std_shared,cycle,10,455535,45553.5,17203200
24,35,borrow_read,raw_borrow,read,100000,54421,0.54421,2350000
24,36,group_setup_then_8_copies,own_local,group,12500,361124,28.88992,2350000
25,0,share_read_drop,own_shared,handoff,100000,441273,4.41273,2350000
25,1,copy_read_drop,own_local,copy,100000,122352,1.22352,2350000
25,2,resource_lifecycle_64_assets_4096_objects,std_shared,cycle,10,351801,35180.1,17203200
25,3,borrow_read,raw_borrow,read,100000,54200,0.542,2350000
25,4,localize_read_drop,std_shared,group,100000,1186296,11.86296,2350000
25,5,async_queue_job_1024_local_copies,own_local,job,100,405600,4056,2406400
25,6,contended_copy_2_workers,std_shared,copy,200000,4114259,20.571295,4700000
25,7,scene_4096_attachments,std_shared,attachment,98304,759384,7.72485351562,98304
25,8,async_queue_job_64_local_copies,std_shared,job,100,216059,2160.59,150400
25,9,weak_lock_expired,own_shared,lock,100000,161939,1.61939,0
25,10,group_setup_then_1024_copies,std_shared,group,97,1350519,13922.8762887,2334208
25,11,group_setup_then_1_copies,own_local,group,100000,2015724,20.15724,2000000
25,12,group_setup_then_8_copies,std_shared,group,12500,1485929,118.87432,2350000
25,13,contended_copy_2_workers,own_shared,copy,200000,2907163,14.535815,4700000
25,14,weak_lock_live,own_shared,lock,100000,522293,5.22293,2350000
25,15,copy_read_drop,own_shared,copy,100000,688149,6.88149,2350000
25,16,frame_4096_draws_64_unique_leases,std_shared,frame,24,91796,3824.83333333,41287680
25,17,scene_4096_attachments,own_local,attachment,98304,161239,1.64020792643,98304
25,18,group_setup_then_8_copies,own_local,group,12500,470286,37.62288,2350000
25,19,async_queue_job_1_local_copies,own_local,job,100,78225,782.25,2000
25,20,async_queue_job_1_local_copies,std_shared,job,100,158264,1582.64,2000
25,21,frame_4096_draws_64_unique_leases,own_shared,frame,24,90604,3775.16666667,41287680
25,22,create_read_destroy,std_shared,asset,100000,2188008,21.88008,65000400000
25,23,copy_read_drop,std_shared,copy,100000,1444158,14.44158,2350000
25,24,create_read_destroy,own_local,asset,100000,2122722,21.22722,65000400000
25,25,localize_read_drop,own_local,group,100000,1083334,10.83334,2350000
25,26,group_setup_then_64_copies,own_local,group,1562,186696,119.52368758,2349248
25,27,async_queue_job_1024_local_copies,std_shared,job,100,1889016,18890.16,2406400
25,28,resource_lifecycle_64_assets_4096_objects,own_local,cycle,10,236279,23627.9,17203200
25,29,group_setup_then_1024_copies,own_local,group,97,137323,1415.70103093,2334208
25,30,share_read_drop,std_shared,handoff,100000,1181289,11.81289,2350000
25,31,create_read_destroy,own_shared,asset,100000,1227667,12.27667,65000400000
25,32,group_setup_then_1_copies,std_shared,group,100000,1880073,18.80073,2000000
25,33,weak_lock_live,std_shared,lock,100000,908164,9.08164,2350000
25,34,async_queue_job_64_local_copies,own_local,job,100,90614,906.14,150400
25,35,weak_lock_expired,std_shared,lock,100000,162611,1.62611,0
25,36,group_setup_then_64_copies,std_shared,group,1562,1192765,763.613956466,2349248
26,0,localize_read_drop,own_local,group,100000,1093379,10.93379,2350000
26,1,async_queue_job_1_local_copies,own_local,job,100,54600,546,2000
26,2,weak_lock_expired,own_shared,lock,100000,135591,1.35591,0
26,3,group_setup_then_1024_copies,own_local,group,97,136813,1410.44329897,2334208
26,4,group_setup_then_8_copies,std_shared,group,12500,1273365,101.8692,2350000
26,5,frame_4096_draws_64_unique_leases,std_shared,frame,24,91466,3811.08333333,41287680
26,6,weak_lock_expired,std_shared,lock,100000,172956,1.72956,0
26,7,group_setup_then_1024_copies,std_shared,group,97,1161590,11975.1546392,2334208
26,8,async_queue_job_64_local_copies,own_local,job,100,105166,1051.66,150400
26,9,borrow_read,raw_borrow,read,100000,54360,0.5436,2350000
26,10,async_queue_job_64_local_copies,std_shared,job,100,177723,1777.23,150400
26,11,group_setup_then_1_copies,std_shared,group,100000,1855046,18.55046,2000000
26,12,resource_lifecycle_64_assets_4096_objects,own_local,cycle,10,231543,23154.3,17203200
26,13,create_read_destroy,own_shared,asset,100000,1237021,12.37021,65000400000
26,14,async_queue_job_1024_local_copies,std_shared,job,100,1739875,17398.75,2406400
26,15,weak_lock_live,own_shared,lock,100000,458959,4.58959,2350000
26,16,create_read_destroy,own_local,asset,100000,2110604,21.10604,65000400000
26,17,share_read_drop,std_shared,handoff,100000,1171764,11.71764,2350000
26,18,weak_lock_live,std_shared,lock,100000,933252,9.33252,2350000
26,19,async_queue_job_1_local_copies,std_shared,job,100,62292,622.92,2000
26,20,copy_read_drop,std_shared,copy,100000,1163262,11.63262,2350000
26,21,share_read_drop,own_shared,handoff,100000,589242,5.89242,2350000
26,22,resource_lifecycle_64_assets_4096_objects,std_shared,cycle,10,385731,38573.1,17203200
26,23,group_setup_then_8_copies,own_local,group,12500,329618,26.36944,2350000
26,24,async_queue_job_1024_local_copies,own_local,job,100,490005,4900.05,2406400
26,25,scene_4096_attachments,std_shared,attachment,98304,541221,5.5055847168,98304
26,26,create_read_destroy,std_shared,asset,100000,1182791,11.82791,65000400000
26,27,localize_read_drop,std_shared,group,100000,1176372,11.76372,2350000
26,28,copy_read_drop,own_local,copy,100000,121480,1.2148,2350000
26,29,group_setup_then_64_copies,std_shared,group,1562,1158574,741.724711908,2349248
26,30,scene_4096_attachments,own_local,attachment,98304,290029,2.95032755534,98304
26,31,contended_copy_2_workers,own_shared,copy,200000,2614831,13.074155,4700000
26,32,group_setup_then_64_copies,own_local,group,1562,167217,107.053137004,2349248
26,33,contended_copy_2_workers,std_shared,copy,200000,3550705,17.753525,4700000
26,34,copy_read_drop,own_shared,copy,100000,455174,4.55174,2350000
26,35,frame_4096_draws_64_unique_leases,own_shared,frame,24,90855,3785.625,41287680
26,36,group_setup_then_1_copies,own_local,group,100000,1845382,18.45382,2000000
27,0,frame_4096_draws_64_unique_leases,own_shared,frame,24,88391,3682.95833333,41287680
27,1,share_read_drop,own_shared,handoff,100000,455845,4.55845,2350000
27,2,weak_lock_live,own_shared,lock,100000,446671,4.46671,2350000
27,3,localize_read_drop,own_local,group,100000,1156572,11.56572,2350000
27,4,scene_4096_attachments,std_shared,attachment,98304,516064,5.24967447917,98304
27,5,group_setup_then_8_copies,std_shared,group,12500,1335237,106.81896,2350000
27,6,group_setup_then_1_copies,own_local,group,100000,2029123,20.29123,2000000
27,7,async_queue_job_64_local_copies,own_local,job,100,74260,742.6,150400
27,8,borrow_read,raw_borrow,read,100000,54260,0.5426,2350000
27,9,group_setup_then_1024_copies,std_shared,group,97,1192305,12291.8041237,2334208
27,10,async_queue_job_1_local_copies,std_shared,job,100,64666,646.66,2000
27,11,frame_4096_draws_64_unique_leases,std_shared,frame,24,139116,5796.5,41287680
27,12,async_queue_job_1024_local_copies,own_local,job,100,430107,4301.07,2406400
27,13,weak_lock_expired,own_shared,lock,100000,135500,1.355,0
27,14,share_read_drop,std_shared,handoff,100000,1178404,11.78404,2350000
27,15,weak_lock_live,std_shared,lock,100000,921264,9.21264,2350000
27,16,async_queue_job_64_local_copies,std_shared,job,100,300826,3008.26,150400
27,17,copy_read_drop,std_shared,copy,100000,1160878,11.60878,2350000
27,18,group_setup_then_1024_copies,own_local,group,97,137673,1419.30927835,2334208
27,19,resource_lifecycle_64_assets_4096_objects,own_local,cycle,10,233255,23325.5,17203200
27,20,group_setup_then_8_copies,own_local,group,12500,345231,27.61848,2350000
27,21,copy_read_drop,own_local,copy,100000,121981,1.21981,2350000
27,22,create_read_destroy,std_shared,asset,100000,1139046,11.39046,65000400000
27,23,create_read_destroy,own_shared,asset,100000,1375986,13.75986,65000400000
27,24,contended_copy_2_workers,own_shared,copy,200000,2661760,13.3088,4700000
27,25,weak_lock_expired,std_shared,lock,100000,162531,1.62531,0
27,26,resource_lifecycle_64_assets_4096_objects,std_shared,cycle,10,342457,34245.7,17203200
27,27,localize_read_drop,std_shared,group,100000,1241237,12.41237,2350000
27,28,async_queue_job_1_local_copies,own_local,job,100,295127,2951.27,2000
27,29,group_setup_then_64_copies,std_shared,group,1562,1162841,744.456466069,2349248
27,30,async_queue_job_1024_local_copies,std_shared,job,100,2083834,20838.34,2406400
27,31,copy_read_drop,own_shared,copy,100000,469445,4.69445,2350000
27,32,create_read_destroy,own_local,asset,100000,2181388,21.81388,65000400000
27,33,contended_copy_2_workers,std_shared,copy,200000,4150258,20.75129,4700000
27,34,group_setup_then_64_copies,own_local,group,1562,169040,108.220230474,2349248
27,35,scene_4096_attachments,own_local,attachment,98304,149001,1.51571655273,98304
27,36,group_setup_then_1_copies,std_shared,group,100000,1940312,19.40312,2000000
28,0,borrow_read,raw_borrow,read,100000,54861,0.54861,2350000
28,1,async_queue_job_64_local_copies,own_local,job,100,88491,884.91,150400
28,2,group_setup_then_1024_copies,own_local,group,97,162380,1674.02061856,2334208
28,3,group_setup_then_64_copies,std_shared,group,1562,1190522,762.177976953,2349248
28,4,weak_lock_expired,std_shared,lock,100000,163883,1.63883,0
28,5,weak_lock_live,own_shared,lock,100000,449836,4.49836,2350000
28,6,async_queue_job_1_local_copies,own_local,job,100,62213,622.13,2000
28,7,create_read_destroy,std_shared,asset,100000,1264591,12.64591,65000400000
28,8,resource_lifecycle_64_assets_4096_objects,own_local,cycle,10,236670,23667,17203200
28,9,share_read_drop,std_shared,handoff,100000,1172615,11.72615,2350000
28,10,scene_4096_attachments,own_local,attachment,98304,147648,1.501953125,98304
28,11,weak_lock_expired,own_shared,lock,100000,135600,1.356,0
28,12,create_read_destroy,own_shared,asset,100000,1301767,13.01767,65000400000
28,13,contended_copy_2_workers,own_shared,copy,200000,2381024,11.90512,4700000
28,14,frame_4096_draws_64_unique_leases,std_shared,frame,24,124745,5197.70833333,41287680
28,15,contended_copy_2_workers,std_shared,copy,200000,4063794,20.31897,4700000
28,16,group_setup_then_8_copies,std_shared,group,12500,1298682,103.89456,2350000
28,17,async_queue_job_64_local_copies,std_shared,job,100,177984,1779.84,150400
28,18,group_setup_then_64_copies,own_local,group,1562,177883,113.8815621,2349248
28,19,frame_4096_draws_64_unique_leases,own_shared,frame,24,93478,3894.91666667,41287680
28,20,weak_lock_live,std_shared,lock,100000,964798,9.64798,2350000
28,21,group_setup_then_1_copies,own_local,group,100000,2041332,20.41332,2000000
28,22,scene_4096_attachments,std_shared,attachment,98304,517385,5.26311238607,98304
28,23,async_queue_job_1024_local_copies,own_local,job,100,541031,5410.31,2406400
28,24,share_read_drop,own_shared,handoff,100000,717342,7.17342,2350000
28,25,resource_lifecycle_64_assets_4096_objects,std_shared,cycle,10,343679,34367.9,17203200
28,26,async_queue_job_1_local_copies,std_shared,job,100,68341,683.41,2000
28,27,copy_read_drop,std_shared,copy,100000,1240456,12.40456,2350000
28,28,async_queue_job_1024_local_copies,std_shared,job,100,2046499,20464.99,2406400
28,29,group_setup_then_1024_copies,std_shared,group,97,1319273,13600.7525773,2334208
28,30,localize_read_drop,own_local,group,100000,1449365,14.49365,2350000
28,31,create_read_destroy,own_local,asset,100000,2388795,23.88795,65000400000
28,32,localize_read_drop,std_shared,group,100000,1207447,12.07447,2350000
28,33,copy_read_drop,own_shared,copy,100000,455564,4.55564,2350000
28,34,group_setup_then_1_copies,std_shared,group,100000,1993702,19.93702,2000000
28,35,group_setup_then_8_copies,own_local,group,12500,364950,29.196,2350000
28,36,copy_read_drop,own_local,copy,100000,132737,1.32737,2350000
29,0,copy_read_drop,std_shared,copy,100000,1276540,12.7654,2350000
29,1,create_read_destroy,own_shared,asset,100000,1237282,12.37282,65000400000
29,2,frame_4096_draws_64_unique_leases,std_shared,frame,24,104355,4348.125,41287680
29,3,localize_read_drop,std_shared,group,100000,1181018,11.81018,2350000
29,4,group_setup_then_1_copies,std_shared,group,100000,1943247,19.43247,2000000
29,5,resource_lifecycle_64_assets_4096_objects,own_local,cycle,10,236790,23679,17203200
29,6,share_read_drop,own_shared,handoff,100000,444397,4.44397,2350000
29,7,group_setup_then_64_copies,std_shared,group,1562,1175589,752.617797695,2349248
29,8,copy_read_drop,own_shared,copy,100000,455384,4.55384,2350000
29,9,async_queue_job_64_local_copies,std_shared,job,100,257852,2578.52,150400
29,10,contended_copy_2_workers,std_shared,copy,200000,4970686,24.85343,4700000
29,11,group_setup_then_1024_copies,own_local,group,97,137854,1421.17525773,2334208
29,12,group_setup_then_1_copies,own_local,group,100000,1869497,18.69497,2000000
29,13,scene_4096_attachments,own_local,attachment,98304,202439,2.05931599935,98304
29,14,resource_lifecycle_64_assets_4096_objects,std_shared,cycle,10,362696,36269.6,17203200
29,15,copy_read_drop,own_local,copy,100000,121600,1.216,2350000
29,16,localize_read_drop,own_local,group,100000,1114479,11.14479,2350000
29,17,frame_4096_draws_64_unique_leases,own_shared,frame,24,91605,3816.875,41287680
29,18,async_queue_job_1024_local_copies,std_shared,job,100,1785182,17851.82,2406400
29,19,weak_lock_expired,own_shared,lock,100000,135641,1.35641,0
29,20,group_setup_then_8_copies,own_local,group,12500,332973,26.63784,2350000
29,21,create_read_destroy,std_shared,asset,100000,1261367,12.61367,65000400000
29,22,async_queue_job_1_local_copies,std_shared,job,100,53620,536.2,2000
29,23,borrow_read,raw_borrow,read,100000,54450,0.5445,2350000
29,24,async_queue_job_1024_local_copies,own_local,job,100,486150,4861.5,2406400
29,25,async_queue_job_64_local_copies,own_local,job,100,121730,1217.3,150400
29,26,async_queue_job_1_local_copies,own_local,job,100,59628,596.28,2000
29,27,group_setup_then_1024_copies,std_shared,group,97,1241217,12796.0515464,2334208
29,28,contended_copy_2_workers,own_shared,copy,200000,2947557,14.737785,4700000
29,29,weak_lock_live,own_shared,lock,100000,458398,4.58398,2350000
29,30,group_setup_then_64_copies,own_local,group,1562,163803,104.867477593,2349248
29,31,weak_lock_expired,std_shared,lock,100000,181509,1.81509,0
29,32,share_read_drop,std_shared,handoff,100000,1251342,12.51342,2350000
29,33,weak_lock_live,std_shared,lock,100000,950256,9.50256,2350000
29,34,create_read_destroy,own_local,asset,100000,2462996,24.62996,65000400000
29,35,scene_4096_attachments,std_shared,attachment,98304,575502,5.85430908203,98304
29,36,group_setup_then_8_copies,std_shared,group,12500,1274506,101.96048,2350000
30,0,borrow_read,raw_borrow,read,100000,54371,0.54371,2350000
30,1,copy_read_drop,own_local,copy,100000,121350,1.2135,2350000
30,2,share_read_drop,std_shared,handoff,100000,1234507,12.34507,2350000
30,3,localize_read_drop,own_local,group,100000,1323239,13.23239,2350000
30,4,localize_read_drop,std_shared,group,100000,1273835,12.73835,2350000
30,5,scene_4096_attachments,own_local,attachment,98304,150753,1.53353881836,98304
30,6,create_read_destroy,own_shared,asset,100000,1284772,12.84772,65000400000
30,7,async_queue_job_64_local_copies,std_shared,job,100,274196,2741.96,150400
30,8,create_read_destroy,std_shared,asset,100000,1117303,11.17303,65000400000
30,9,resource_lifecycle_64_assets_4096_objects,own_local,cycle,10,298472,29847.2,17203200
30,10,async_queue_job_1_local_copies,std_shared,job,100,49093,490.93,2000
30,11,weak_lock_expired,own_shared,lock,100000,135590,1.3559,0
30,12,async_queue_job_64_local_copies,own_local,job,100,60570,605.7,150400
30,13,copy_read_drop,own_shared,copy,100000,489595,4.89595,2350000
30,14,frame_4096_draws_64_unique_leases,own_shared,frame,24,93428,3892.83333333,41287680
30,15,weak_lock_expired,std_shared,lock,100000,162501,1.62501,0
30,16,async_queue_job_1_local_copies,own_local,job,100,40590,405.9,2000
30,17,async_queue_job_1024_local_copies,own_local,job,100,406572,4065.72,2406400
30,18,scene_4096_attachments,std_shared,attachment,98304,550325,5.59819539388,98304
30,19,group_setup_then_8_copies,std_shared,group,12500,1315177,105.21416,2350000
30,20,resource_lifecycle_64_assets_4096_objects,std_shared,cycle,10,363317,36331.7,17203200
30,21,async_queue_job_1024_local_copies,std_shared,job,100,1766214,17662.14,2406400
30,22,group_setup_then_64_copies,std_shared,group,1562,1171795,750.188860435,2349248
30,23,group_setup_then_8_copies,own_local,group,12500,331350,26.508,2350000
30,24,copy_read_drop,std_shared,copy,100000,1315056,13.15056,2350000
30,25,group_setup_then_1_copies,std_shared,group,100000,2272583,22.72583,2000000
30,26,contended_copy_2_workers,std_shared,copy,200000,4700728,23.50364,4700000
30,27,weak_lock_live,own_shared,lock,100000,464427,4.64427,2350000
30,28,group_setup_then_64_copies,own_local,group,1562,164574,105.361075544,2349248
30,29,share_read_drop,own_shared,handoff,100000,455324,4.55324,2350000
30,30,group_setup_then_1_copies,own_local,group,100000,1858381,18.58381,2000000
30,31,contended_copy_2_workers,own_shared,copy,200000,2029965,10.149825,4700000
30,32,group_setup_then_1024_copies,own_local,group,97,236691,2440.11340206,2334208
30,33,weak_lock_live,std_shared,lock,100000,929365,9.29365,2350000
30,34,group_setup_then_1024_copies,std_shared,group,97,1199845,12369.5360825,2334208
30,35,frame_4096_draws_64_unique_leases,std_shared,frame,24,92197,3841.54166667,41287680
30,36,create_read_destroy,own_local,asset,100000,2276509,22.76509,65000400000
31,0,create_read_destroy,std_shared,asset,100000,1119747,11.19747,65000400000
31,1,async_queue_job_64_local_copies,own_local,job,100,65027,650.27,150400
31,2,resource_lifecycle_64_assets_4096_objects,own_local,cycle,10,249008,24900.8,17203200
31,3,copy_read_drop,own_local,copy,100000,121590,1.2159,2350000
31,4,copy_read_drop,std_shared,copy,100000,1434964,14.34964,2350000
31,5,async_queue_job_1024_local_copies,own_local,job,100,428003,4280.03,2406400
31,6,async_queue_job_1024_local_copies,std_shared,job,100,1605286,16052.86,2406400
31,7,contended_copy_2_workers,own_shared,copy,200000,6760476,33.80238,4700000
31,8,contended_copy_2_workers,std_shared,copy,200000,3222440,16.1122,4700000
31,9,group_setup_then_64_copies,std_shared,group,1562,1212625,776.328425096,2349248
31,10,group_setup_then_1024_copies,own_local,group,97,163401,1684.54639175,2334208
31,11,weak_lock_live,std_shared,lock,100000,3326994,33.26994,2350000
31,12,share_read_drop,own_shared,handoff,100000,526079,5.26079,2350000
31,13,group_setup_then_1_copies,std_shared,group,100000,2215540,22.1554,2000000
31,14,group_setup_then_8_copies,std_shared,group,12500,1318452,105.47616,2350000
31,15,async_queue_job_64_local_copies,std_shared,job,100,179766,1797.66,150400
31,16,group_setup_then_64_copies,own_local,group,1562,164563,105.354033291,2349248
31,17,scene_4096_attachments,own_local,attachment,98304,150343,1.52936808268,98304
31,18,weak_lock_expired,own_shared,lock,100000,139487,1.39487,0
31,19,localize_read_drop,own_local,group,100000,1085967,10.85967,2350000
31,20,scene_4096_attachments,std_shared,attachment,98304,505919,5.14647420247,98304
31,21,copy_read_drop,own_shared,copy,100000,485108,4.85108,2350000
31,22,group_setup_then_1_copies,own_local,group,100000,1931870,19.3187,2000000
31,23,share_read_drop,std_shared,handoff,100000,1176071,11.76071,2350000
31,24,group_setup_then_1024_copies,std_shared,group,97,1205824,12431.1752577,2334208
31,25,create_read_destroy,own_shared,asset,100000,1386061,13.86061,65000400000
31,26,create_read_destroy,own_local,asset,100000,2220216,22.20216,65000400000
31,27,resource_lifecycle_64_assets_4096_objects,std_shared,cycle,10,345391,34539.1,17203200
31,28,borrow_read,raw_borrow,read,100000,54500,0.545,2350000
31,29,frame_4096_draws_64_unique_leases,own_shared,frame,24,151113,6296.375,41287680
31,30,weak_lock_expired,std_shared,lock,100000,260987,2.60987,0
31,31,group_setup_then_8_copies,own_local,group,12500,375997,30.07976,2350000
31,32,localize_read_drop,std_shared,group,100000,1228478,12.28478,2350000
31,33,frame_4096_draws_64_unique_leases,std_shared,frame,24,91075,3794.79166667,41287680
31,34,async_queue_job_1_local_copies,std_shared,job,100,55933,559.33,2000
31,35,async_queue_job_1_local_copies,own_local,job,100,50064,500.64,2000
31,36,weak_lock_live,own_shared,lock,100000,468213,4.68213,2350000
32,0,group_setup_then_8_copies,std_shared,group,12500,1313574,105.08592,2350000
32,1,weak_lock_expired,own_shared,lock,100000,135460,1.3546,0
32,2,resource_lifecycle_64_assets_4096_objects,own_local,cycle,10,233386,23338.6,17203200
32,3,create_read_destroy,std_shared,asset,100000,1328106,13.28106,65000400000
32,4,weak_lock_live,own_shared,lock,100000,447111,4.47111,2350000
32,5,group_setup_then_1_copies,std_shared,group,100000,1861054,18.61054,2000000
32,6,group_setup_then_8_copies,own_local,group,12500,444127,35.53016,2350000
32,7,copy_read_drop,own_shared,copy,100000,455314,4.55314,2350000
32,8,copy_read_drop,std_shared,copy,100000,1212234,12.12234,2350000
32,9,group_setup_then_1024_copies,own_local,group,97,138535,1428.19587629,2334208
32,10,contended_copy_2_workers,own_shared,copy,200000,3706656,18.53328,4700000
32,11,async_queue_job_1024_local_copies,std_shared,job,100,1859572,18595.72,2406400
32,12,group_setup_then_64_copies,own_local,group,1562,164543,105.341229193,2349248
32,13,share_read_drop,own_shared,handoff,100000,671574,6.71574,2350000
32,14,frame_4096_draws_64_unique_leases,std_shared,frame,24,230822,9617.58333333,41287680
32,15,copy_read_drop,own_local,copy,100000,267045,2.67045,2350000
32,16,scene_4096_attachments,std_shared,attachment,98304,637583,6.48582967122,98304
32,17,weak_lock_live,std_shared,lock,100000,925740,9.2574,2350000
32,18,group_setup_then_1_copies,own_local,group,100000,2329127,23.29127,2000000
32,19,borrow_read,raw_borrow,read,100000,54371,0.54371,2350000
32,20,async_queue_job_1_local_copies,own_local,job,100,43264,432.64,2000
32,21,group_setup_then_1024_copies,std_shared,group,97,1159977,11958.5257732,2334208
32,22,async_queue_job_64_local_copies,own_local,job,100,119007,1190.07,150400
32,23,weak_lock_expired,std_shared,lock,100000,163021,1.63021,0
32,24,create_read_destroy,own_local,asset,100000,2315026,23.15026,65000400000
32,25,create_read_destroy,own_shared,asset,100000,1248709,12.48709,65000400000
32,26,async_queue_job_64_local_copies,std_shared,job,100,212775,2127.75,150400
32,27,share_read_drop,std_shared,handoff,100000,1432039,14.32039,2350000
32,28,async_queue_job_1024_local_copies,own_local,job,100,317289,3172.89,2406400
32,29,localize_read_drop,std_shared,group,100000,1227357,12.27357,2350000
32,30,group_setup_then_64_copies,std_shared,group,1562,1581681,1012.59987196,2349248
32,31,contended_copy_2_workers,std_shared,copy,200000,3855957,19.279785,4700000
32,32,frame_4096_draws_64_unique_leases,own_shared,frame,24,95001,3958.375,41287680
32,33,async_queue_job_1_local_copies,std_shared,job,100,60930,609.3,2000
32,34,localize_read_drop,own_local,group,100000,1093449,10.93449,2350000
32,35,resource_lifecycle_64_assets_4096_objects,std_shared,cycle,10,522328,52232.8,17203200
32,36,scene_4096_attachments,own_local,attachment,98304,150944,1.53548177083,98304
33,0,share_read_drop,std_shared,handoff,100000,1188499,11.88499,2350000
33,1,group_setup_then_64_copies,std_shared,group,1562,1158675,741.789372599,2349248
33,2,borrow_read,raw_borrow,read,100000,54481,0.54481,2350000
33,3,copy_read_drop,own_shared,copy,100000,466240,4.6624,2350000
33,4,localize_read_drop,std_shared,group,100000,1710842,17.10842,2350000
33,5,weak_lock_expired,std_shared,lock,100000,162931,1.62931,0
33,6,resource_lifecycle_64_assets_4096_objects,std_shared,cycle,10,340655,34065.5,17203200
33,7,copy_read_drop,std_shared,copy,100000,1446731,14.46731,2350000
33,8,weak_lock_live,std_shared,lock,100000,928084,9.28084,2350000
33,9,group_setup_then_8_copies,std_shared,group,12500,1423357,113.86856,2350000
33,10,async_queue_job_64_local_copies,std_shared,job,100,292413,2924.13,150400
33,11,scene_4096_attachments,own_local,attachment,98304,303599,3.08836873372,98304
33,12,create_read_destroy,own_local,asset,100000,2316749,23.16749,65000400000
33,13,group_setup_then_8_copies,own_local,group,12500,333023,26.64184,2350000
33,14,localize_read_drop,own_local,group,100000,1372962,13.72962,2350000
33,15,async_queue_job_1024_local_copies,std_shared,job,100,1885130,18851.3,2406400
33,16,async_queue_job_1_local_copies,own_local,job,100,104104,1041.04,2000
33,17,contended_copy_2_workers,std_shared,copy,200000,4024166,20.12083,4700000
33,18,group_setup_then_64_copies,own_local,group,1562,165155,105.733034571,2349248
33,19,group_setup_then_1_copies,own_local,group,100000,2007281,20.07281,2000000
33,20,weak_lock_expired,own_shared,lock,100000,135641,1.35641,0
33,21,frame_4096_draws_64_unique_leases,std_shared,frame,24,92587,3857.79166667,41287680
33,22,copy_read_drop,own_local,copy,100000,222940,2.2294,2350000
33,23,async_queue_job_1_local_copies,std_shared,job,100,74721,747.21,2000
33,24,frame_4096_draws_64_unique_leases,own_shared,frame,24,93068,3877.83333333,41287680
33,25,create_read_destroy,own_shared,asset,100000,1317690,13.1769,65000400000
33,26,group_setup_then_1_copies,std_shared,group,100000,1922185,19.22185,2000000
33,27,scene_4096_attachments,std_shared,attachment,98304,547540,5.56986490885,98304
33,28,create_read_destroy,std_shared,asset,100000,1131154,11.31154,65000400000
33,29,contended_copy_2_workers,own_shared,copy,200000,1983386,9.91693,4700000
33,30,async_queue_job_1024_local_copies,own_local,job,100,439491,4394.91,2406400
33,31,group_setup_then_1024_copies,std_shared,group,97,1158234,11940.556701,2334208
33,32,share_read_drop,own_shared,handoff,100000,442115,4.42115,2350000
33,33,async_queue_job_64_local_copies,own_local,job,100,68551,685.51,150400
33,34,weak_lock_live,own_shared,lock,100000,560109,5.60109,2350000
33,35,resource_lifecycle_64_assets_4096_objects,own_local,cycle,10,244502,24450.2,17203200
33,36,group_setup_then_1024_copies,own_local,group,97,138114,1423.8556701,2334208
34,0,weak_lock_live,own_shared,lock,100000,517997,5.17997,2350000
34,1,group_setup_then_1_copies,own_local,group,100000,1862937,18.62937,2000000
34,2,copy_read_drop,std_shared,copy,100000,1173667,11.73667,2350000
34,3,async_queue_job_64_local_copies,own_local,job,100,67440,674.4,150400
34,4,group_setup_then_8_copies,std_shared,group,12500,1379992,110.39936,2350000
34,5,create_read_destroy,own_local,asset,100000,2218494,22.18494,65000400000
34,6,localize_read_drop,std_shared,group,100000,1274646,12.74646,2350000
34,7,group_setup_then_1024_copies,std_shared,group,97,1205594,12428.8041237,2334208
34,8,localize_read_drop,own_local,group,100000,1106979,11.06979,2350000
34,9,share_read_drop,own_shared,handoff,100000,534982,5.34982,2350000
34,10,group_setup_then_8_copies,own_local,group,12500,485729,38.85832,2350000
34,11,async_queue_job_1_local_copies,std_shared,job,100,76313,763.13,2000
34,12,share_read_drop,std_shared,handoff,100000,1279915,12.79915,2350000
34,13,create_read_destroy,std_shared,asset,100000,1123663,11.23663,65000400000
34,14,async_queue_job_1024_local_copies,own_local,job,100,631454,6314.54,2406400
34,15,frame_4096_draws_64_unique_leases,own_shared,frame,24,94550,3939.58333333,41287680
34,16,weak_lock_expired,own_shared,lock,100000,342688,3.42688,0
34,17,scene_4096_attachments,own_local,attachment,98304,198003,2.01419067383,98304
34,18,group_setup_then_64_copies,own_local,group,1562,625025,400.144046095,2349248
34,19,weak_lock_live,std_shared,lock,100000,933752,9.33752,2350000
34,20,async_queue_job_64_local_copies,std_shared,job,100,198804,1988.04,150400
34,21,create_read_destroy,own_shared,asset,100000,2189831,21.89831,65000400000
34,22,copy_read_drop,own_shared,copy,100000,778723,7.78723,2350000
34,23,copy_read_drop,own_local,copy,100000,272563,2.72563,2350000
34,24,contended_copy_2_workers,own_shared,copy,200000,2578105,12.890525,4700000
34,25,group_setup_then_64_copies,std_shared,group,1562,1251883,801.461587708,2349248
34,26,group_setup_then_1_copies,std_shared,group,100000,1991878,19.91878,2000000
34,27,resource_lifecycle_64_assets_4096_objects,std_shared,cycle,10,398359,39835.9,17203200
34,28,async_queue_job_1024_local_copies,std_shared,job,100,1895045,18950.45,2406400
34,29,contended_copy_2_workers,std_shared,copy,200000,2520471,12.602355,4700000
34,30,async_queue_job_1_local_copies,own_local,job,100,61190,611.9,2000
34,31,borrow_read,raw_borrow,read,100000,54541,0.54541,2350000
34,32,weak_lock_expired,std_shared,lock,100000,162550,1.6255,0
34,33,group_setup_then_1024_copies,own_local,group,97,137313,1415.59793814,2334208
34,34,frame_4096_draws_64_unique_leases,std_shared,frame,24,92587,3857.79166667,41287680
34,35,scene_4096_attachments,std_shared,attachment,98304,513009,5.21859741211,98304
34,36,resource_lifecycle_64_assets_4096_objects,own_local,cycle,10,238653,23865.3,17203200
35,0,async_queue_job_1024_local_copies,own_local,job,100,404559,4045.59,2406400
35,1,frame_4096_draws_64_unique_leases,own_shared,frame,24,172555,7189.79166667,41287680
35,2,copy_read_drop,own_local,copy,100000,121420,1.2142,2350000
35,3,contended_copy_2_workers,own_shared,copy,200000,3046479,15.232395,4700000
35,4,create_read_destroy,own_shared,asset,100000,1556073,15.56073,65000400000
35,5,localize_read_drop,own_local,group,100000,1576764,15.76764,2350000
35,6,copy_read_drop,own_shared,copy,100000,668119,6.68119,2350000
35,7,resource_lifecycle_64_assets_4096_objects,std_shared,cycle,10,484807,48480.7,17203200
35,8,frame_4096_draws_64_unique_leases,std_shared,frame,24,113558,4731.58333333,41287680
35,9,create_read_destroy,std_shared,asset,100000,1372401,13.72401,65000400000
35,10,share_read_drop,std_shared,handoff,100000,1360454,13.60454,2350000
35,11,localize_read_drop,std_shared,group,100000,1393151,13.93151,2350000
35,12,copy_read_drop,std_shared,copy,100000,1520771,15.20771,2350000
35,13,async_queue_job_1024_local_copies,std_shared,job,100,1951408,19514.08,2406400
35,14,async_queue_job_64_local_copies,std_shared,job,100,205794,2057.94,150400
35,15,async_queue_job_1_local_copies,std_shared,job,100,31807,318.07,2000
35,16,scene_4096_attachments,std_shared,attachment,98304,537816,5.47094726562,98304
35,17,share_read_drop,own_shared,handoff,100000,441814,4.41814,2350000
35,18,scene_4096_attachments,own_local,attachment,98304,187267,1.90497843424,98304
35,19,group_setup_then_64_copies,own_local,group,1562,164643,105.40524968,2349248
35,20,group_setup_then_1024_copies,std_shared,group,97,1215619,12532.1546392,2334208
35,21,group_setup_then_1_copies,std_shared,group,100000,1959219,19.59219,2000000
35,22,weak_lock_live,own_shared,lock,100000,575181,5.75181,2350000
35,23,group_setup_then_8_copies,own_local,group,12500,354875,28.39,2350000
35,24,borrow_read,raw_borrow,read,100000,54461,0.54461,2350000
35,25,group_setup_then_1024_copies,own_local,group,97,135881,1400.83505155,2334208
35,26,contended_copy_2_workers,std_shared,copy,200000,4044006,20.22003,4700000
35,27,weak_lock_expired,std_shared,lock,100000,162701,1.62701,0
35,28,group_setup_then_8_copies,std_shared,group,12500,1347534,107.80272,2350000
35,29,weak_lock_expired,own_shared,lock,100000,342787,3.42787,0
35,30,create_read_destroy,own_local,asset,100000,2297210,22.9721,65000400000
35,31,async_queue_job_64_local_copies,own_local,job,100,88861,888.61,150400
35,32,weak_lock_live,std_shared,lock,100000,1015093,10.15093,2350000
35,33,group_setup_then_64_copies,std_shared,group,1562,1269969,813.040332907,2349248
35,34,group_setup_then_1_copies,own_local,group,100000,1925680,19.2568,2000000
35,35,resource_lifecycle_64_assets_4096_objects,own_local,cycle,10,402286,40228.6,17203200
35,36,async_queue_job_1_local_copies,own_local,job,100,64465,644.65,2000
36,0,group_setup_then_8_copies,std_shared,group,12500,1247126,99.77008,2350000
36,1,frame_4096_draws_64_unique_leases,own_shared,frame,24,94490,3937.08333333,41287680
36,2,group_setup_then_1_copies,std_shared,group,100000,2332502,23.32502,2000000
36,3,group_setup_then_1024_copies,own_local,group,97,178313,1838.27835052,2334208
36,4,copy_read_drop,own_shared,copy,100000,455394,4.55394,2350000
36,5,group_setup_then_8_copies,own_local,group,12500,408224,32.65792,2350000
36,6,frame_4096_draws_64_unique_leases,std_shared,frame,24,117864,4911,41287680
36,7,async_queue_job_1024_local_copies,own_local,job,100,392992,3929.92,2406400
36,8,async_queue_job_64_local_copies,std_shared,job,100,274907,2749.07,150400
36,9,async_queue_job_1024_local_copies,std_shared,job,100,1873513,18735.13,2406400
36,10,share_read_drop,own_shared,handoff,100000,496655,4.96655,2350000
36,11,borrow_read,raw_borrow,read,100000,67670,0.6767,2350000
36,12,async_queue_job_1_local_copies,own_local,job,100,63895,638.95,2000
36,13,contended_copy_2_workers,own_shared,copy,200000,1870429,9.352145,4700000
36,14,scene_4096_attachments,own_local,attachment,98304,149311,1.51887003581,98304
36,15,create_read_destroy,own_shared,asset,100000,1311862,13.11862,65000400000
36,16,scene_4096_attachments,std_shared,attachment,98304,540530,5.4985555013,98304
36,17,share_read_drop,std_shared,handoff,100000,1246615,12.46615,2350000
36,18,group_setup_then_1024_copies,std_shared,group,97,1171995,12082.4226804,2334208
36,19,localize_read_drop,std_shared,group,100000,1166807,11.66807,2350000
36,20,localize_read_drop,own_local,group,100000,1086548,10.86548,2350000
36,21,contended_copy_2_workers,std_shared,copy,200000,4658585,23.292925,4700000
36,22,copy_read_drop,own_local,copy,100000,121560,1.2156,2350000
36,23,resource_lifecycle_64_assets_4096_objects,own_local,cycle,10,266404,26640.4,17203200
36,24,copy_read_drop,std_shared,copy,100000,1173787,11.73787,2350000
36,25,weak_lock_expired,own_shared,lock,100000,135640,1.3564,0
36,26,group_setup_then_64_copies,std_shared,group,1562,1225925,784.843149808,2349248
36,27,weak_lock_live,own_shared,lock,100000,528452,5.28452,2350000
36,28,create_read_destroy,own_local,asset,100000,2571327,25.71327,65000400000
36,29,async_queue_job_1_local_copies,std_shared,job,100,76063,760.63,2000
36,30,resource_lifecycle_64_assets_4096_objects,std_shared,cycle,10,416236,41623.6,17203200
36,31,group_setup_then_1_copies,own_local,group,100000,1989184,19.89184,2000000
36,32,weak_lock_expired,std_shared,lock,100000,162771,1.62771,0
36,33,async_queue_job_64_local_copies,own_local,job,100,80699,806.99,150400
36,34,create_read_destroy,std_shared,asset,100000,1219815,12.19815,65000400000
36,35,weak_lock_live,std_shared,lock,100000,1150883,11.50883,2350000
36,36,group_setup_then_64_copies,own_local,group,1562,200898,128.615877081,2349248
37,0,create_read_destroy,own_local,asset,100000,2265884,22.65884,65000400000
37,1,group_setup_then_64_copies,std_shared,group,1562,1210632,775.052496799,2349248
37,2,group_setup_then_1_copies,std_shared,group,100000,2031126,20.31126,2000000
37,3,weak_lock_live,std_shared,lock,100000,1100860,11.0086,2350000
37,4,contended_copy_2_workers,std_shared,copy,200000,3790740,18.9537,4700000
37,5,group_setup_then_1024_copies,std_shared,group,97,1155740,11914.8453608,2334208
37,6,copy_read_drop,own_local,copy,100000,121750,1.2175,2350000
37,7,localize_read_drop,own_local,group,100000,1127259,11.27259,2350000
37,8,async_queue_job_1_local_copies,std_shared,job,100,68852,688.52,2000
37,9,copy_read_drop,std_shared,copy,100000,1178854,11.78854,2350000
37,10,copy_read_drop,own_shared,copy,100000,455264,4.55264,2350000
37,11,frame_4096_draws_64_unique_leases,std_shared,frame,24,93418,3892.41666667,41287680
37,12,share_read_drop,std_shared,handoff,100000,1411990,14.1199,2350000
37,13,resource_lifecycle_64_assets_4096_objects,own_local,cycle,10,247106,24710.6,17203200
37,14,weak_lock_expired,own_shared,lock,100000,135501,1.35501,0
37,15,group_setup_then_8_copies,std_shared,group,12500,1297250,103.78,2350000
37,16,resource_lifecycle_64_assets_4096_objects,std_shared,cycle,10,428053,42805.3,17203200
37,17,group_setup_then_8_copies,own_local,group,12500,330239,26.41912,2350000
37,18,weak_lock_expired,std_shared,lock,100000,162621,1.62621,0
37,19,frame_4096_draws_64_unique_leases,own_shared,frame,24,95902,3995.91666667,41287680
37,20,contended_copy_2_workers,own_shared,copy,200000,4351841,21.759205,4700000
37,21,async_queue_job_1024_local_copies,own_local,job,100,394193,3941.93,2406400
37,22,weak_lock_live,own_shared,lock,100000,447152,4.47152,2350000
37,23,share_read_drop,own_shared,handoff,100000,472940,4.7294,2350000
37,24,group_setup_then_1024_copies,own_local,group,97,138946,1432.43298969,2334208
37,25,create_read_destroy,std_shared,asset,100000,1165825,11.65825,65000400000
37,26,async_queue_job_64_local_copies,std_shared,job,100,187908,1879.08,150400
37,27,async_queue_job_64_local_copies,own_local,job,100,112286,1122.86,150400
37,28,localize_read_drop,std_shared,group,100000,1240826,12.40826,2350000
37,29,group_setup_then_64_copies,own_local,group,1562,164744,105.469910371,2349248
37,30,borrow_read,raw_borrow,read,100000,54340,0.5434,2350000
37,31,scene_4096_attachments,own_local,attachment,98304,149822,1.52406819661,98304
37,32,group_setup_then_1_copies,own_local,group,100000,2094020,20.9402,2000000
37,33,async_queue_job_1_local_copies,own_local,job,100,61692,616.92,2000
37,34,create_read_destroy,own_shared,asset,100000,1351751,13.51751,65000400000
37,35,async_queue_job_1024_local_copies,std_shared,job,100,1840815,18408.15,2406400
37,36,scene_4096_attachments,std_shared,attachment,98304,494372,5.02901204427,98304
38,0,group_setup_then_1_copies,own_local,group,100000,1920392,19.20392,2000000
38,1,create_read_destroy,own_local,asset,100000,2514061,25.14061,65000400000
38,2,group_setup_then_8_copies,std_shared,group,12500,1384278,110.74224,2350000
38,3,async_queue_job_1024_local_copies,std_shared,job,100,2008122,20081.22,2406400
38,4,async_queue_job_1024_local_copies,own_local,job,100,406642,4066.42,2406400
38,5,weak_lock_expired,own_shared,lock,100000,135991,1.35991,0
38,6,localize_read_drop,own_local,group,100000,1223280,12.2328,2350000
38,7,create_read_destroy,std_shared,asset,100000,2055212,20.55212,65000400000
38,8,localize_read_drop,std_shared,group,100000,1200867,12.00867,2350000
38,9,async_queue_job_64_local_copies,own_local,job,100,69863,698.63,150400
38,10,scene_4096_attachments,own_local,attachment,98304,148240,1.50797526042,98304
38,11,resource_lifecycle_64_assets_4096_objects,std_shared,cycle,10,426251,42625.1,17203200
38,12,scene_4096_attachments,std_shared,attachment,98304,493260,5.01770019531,98304
38,13,copy_read_drop,std_shared,copy,100000,1185044,11.85044,2350000
38,14,async_queue_job_1_local_copies,own_local,job,100,95021,950.21,2000
38,15,share_read_drop,std_shared,handoff,100000,1186286,11.86286,2350000
38,16,weak_lock_live,own_shared,lock,100000,447001,4.47001,2350000
38,17,create_read_destroy,own_shared,asset,100000,1659667,16.59667,65000400000
38,18,contended_copy_2_workers,own_shared,copy,200000,2471127,12.355635,4700000
38,19,frame_4096_draws_64_unique_leases,own_shared,frame,24,92677,3861.54166667,41287680
38,20,async_queue_job_64_local_copies,std_shared,job,100,204703,2047.03,150400
38,21,group_setup_then_1024_copies,own_local,group,97,227186,2342.12371134,2334208
38,22,group_setup_then_8_copies,own_local,group,12500,331270,26.5016,2350000
38,23,contended_copy_2_workers,std_shared,copy,200000,5740607,28.703035,4700000
38,24,borrow_read,raw_borrow,read,100000,54390,0.5439,2350000
38,25,copy_read_drop,own_shared,copy,100000,455404,4.55404,2350000
38,26,resource_lifecycle_64_assets_4096_objects,own_local,cycle,10,278613,27861.3,17203200
38,27,group_setup_then_64_copies,std_shared,group,1562,1206717,772.54609475,2349248
38,28,frame_4096_draws_64_unique_leases,std_shared,frame,24,93708,3904.5,41287680
38,29,copy_read_drop,own_local,copy,100000,121460,1.2146,2350000
38,30,group_setup_then_1_copies,std_shared,group,100000,1948324,19.48324,2000000
38,31,group_setup_then_1024_copies,std_shared,group,97,1164864,12008.9072165,2334208
38,32,weak_lock_live,std_shared,lock,100000,925920,9.2592,2350000
38,33,share_read_drop,own_shared,handoff,100000,457937,4.57937,2350000
38,34,group_setup_then_64_copies,own_local,group,1562,166026,106.290653009,2349248
38,35,weak_lock_expired,std_shared,lock,100000,162791,1.62791,0
38,36,async_queue_job_1_local_copies,std_shared,job,100,86398,863.98,2000
39,0,group_setup_then_1024_copies,own_local,group,97,139807,1441.30927835,2334208
39,1,group_setup_then_1_copies,own_local,group,100000,1920963,19.20963,2000000
39,2,async_queue_job_1024_local_copies,own_local,job,100,415745,4157.45,2406400
39,3,localize_read_drop,own_local,group,100000,1130323,11.30323,2350000
39,4,weak_lock_expired,std_shared,lock,100000,162571,1.62571,0
39,5,group_setup_then_8_copies,own_local,group,12500,337048,26.96384,2350000
39,6,weak_lock_live,own_shared,lock,100000,464127,4.64127,2350000
39,7,async_queue_job_64_local_copies,own_local,job,100,86088,860.88,150400
39,8,localize_read_drop,std_shared,group,100000,1170272,11.70272,2350000
39,9,async_queue_job_64_local_copies,std_shared,job,100,254146,2541.46,150400
39,10,group_setup_then_8_copies,std_shared,group,12500,1295047,103.60376,2350000
39,11,create_read_destroy,std_shared,asset,100000,1212425,12.12425,65000400000
39,12,contended_copy_2_workers,own_shared,copy,200000,2233966,11.16983,4700000
39,13,scene_4096_attachments,own_local,attachment,98304,161730,1.64520263672,98304
39,14,contended_copy_2_workers,std_shared,copy,200000,3753726,18.76863,4700000
39,15,copy_read_drop,std_shared,copy,100000,1182480,11.8248,2350000
39,16,weak_lock_live,std_shared,lock,100000,970556,9.70556,2350000
39,17,group_setup_then_1_copies,std_shared,group,100000,1893162,18.93162,2000000
39,18,async_queue_job_1_local_copies,own_local,job,100,68371,683.71,2000
39,19,resource_lifecycle_64_assets_4096_objects,own_local,cycle,10,242999,24299.9,17203200
39,20,group_setup_then_64_copies,own_local,group,1562,165184,105.751600512,2349248
39,21,group_setup_then_64_copies,std_shared,group,1562,1388815,889.126120359,2349248
39,22,borrow_read,raw_borrow,read,100000,54351,0.54351,2350000
39,23,weak_lock_expired,own_shared,lock,100000,175870,1.7587,0
39,24,resource_lifecycle_64_assets_4096_objects,std_shared,cycle,10,400944,40094.4,17203200
39,25,frame_4096_draws_64_unique_leases,std_shared,frame,24,92617,3859.04166667,41287680
39,26,frame_4096_draws_64_unique_leases,own_shared,frame,24,94159,3923.29166667,41287680
39,27,async_queue_job_1024_local_copies,std_shared,job,100,1892811,18928.11,2406400
39,28,share_read_drop,std_shared,handoff,100000,1505058,15.05058,2350000
39,29,scene_4096_attachments,std_shared,attachment,98304,604665,6.15097045898,98304
39,30,share_read_drop,own_shared,handoff,100000,556904,5.56904,2350000
39,31,copy_read_drop,own_local,copy,100000,383929,3.83929,2350000
39,32,create_read_destroy,own_local,asset,100000,2281266,22.81266,65000400000
39,33,create_read_destroy,own_shared,asset,100000,1275548,12.75548,65000400000
39,34,group_setup_then_1024_copies,std_shared,group,97,1170723,12069.3092784,2334208
39,35,async_queue_job_1_local_copies,std_shared,job,100,86939,869.39,2000
39,36,copy_read_drop,own_shared,copy,100000,473911,4.73911,2350000
40,0,share_read_drop,own_shared,handoff,100000,511577,5.11577,2350000
40,1,group_setup_then_8_copies,own_local,group,12500,416226,33.29808,2350000
40,2,group_setup_then_1024_copies,std_shared,group,97,1156451,11922.1752577,2334208
40,3,async_queue_job_1_local_copies,own_local,job,100,55232,552.32,2000
40,4,group_setup_then_1024_copies,own_local,group,97,136952,1411.87628866,2334208
40,5,create_read_destroy,std_shared,asset,100000,1215098,12.15098,65000400000
40,6,group_setup_then_64_copies,std_shared,group,1562,1254857,803.365556978,2349248
40,7,async_queue_job_64_local_copies,std_shared,job,100,250601,2506.01,150400
40,8,copy_read_drop,own_local,copy,100000,122902,1.22902,2350000
40,9,async_queue_job_1024_local_copies,own_local,job,100,463015,4630.15,2406400
40,10,contended_copy_2_workers,own_shared,copy,200000,2508764,12.54382,4700000
40,11,weak_lock_live,own_shared,lock,100000,500931,5.00931,2350000
40,12,async_queue_job_1024_local_copies,std_shared,job,100,1683943,16839.43,2406400
40,13,scene_4096_attachments,std_shared,attachment,98304,591606,6.01812744141,98304
40,14,async_queue_job_1_local_copies,std_shared,job,100,39489,394.89,2000
40,15,weak_lock_live,std_shared,lock,100000,954072,9.54072,2350000
40,16,group_setup_then_64_copies,own_local,group,1562,164423,105.264404609,2349248
40,17,async_queue_job_64_local_copies,own_local,job,100,78115,781.15,150400
40,18,borrow_read,raw_borrow,read,100000,54491,0.54491,2350000
40,19,frame_4096_draws_64_unique_leases,std_shared,frame,24,88551,3689.625,41287680
40,20,localize_read_drop,std_shared,group,100000,3638466,36.38466,2350000
40,21,scene_4096_attachments,own_local,attachment,98304,151023,1.53628540039,98304
40,22,localize_read_drop,own_local,group,100000,1075121,10.75121,2350000
40,23,group_setup_then_1_copies,own_local,group,100000,6930097,69.30097,2000000
40,24,share_read_drop,std_shared,handoff,100000,2381214,23.81214,2350000
40,25,create_read_destroy,own_shared,asset,100000,1605747,16.05747,65000400000
40,26,group_setup_then_8_copies,std_shared,group,12500,1290040,103.2032,2350000
40,27,frame_4096_draws_64_unique_leases,own_shared,frame,24,373192,15549.6666667,41287680
40,28,resource_lifecycle_64_assets_4096_objects,own_local,cycle,10,340434,34043.4,17203200
40,29,weak_lock_expired,std_shared,lock,100000,162891,1.62891,0
40,30,copy_read_drop,std_shared,copy,100000,1351080,13.5108,2350000
40,31,contended_copy_2_workers,std_shared,copy,200000,4676752,23.38376,4700000
40,32,copy_read_drop,own_shared,copy,100000,475925,4.75925,2350000
40,33,weak_lock_expired,own_shared,lock,100000,135561,1.35561,0
40,34,resource_lifecycle_64_assets_4096_objects,std_shared,cycle,10,351340,35134,17203200
40,35,group_setup_then_1_copies,std_shared,group,100000,1903447,19.03447,2000000
40,36,create_read_destroy,own_local,asset,100000,2328226,23.28226,65000400000
41,0,borrow_read,raw_borrow,read,100000,54491,0.54491,2350000
41,1,group_setup_then_1_copies,own_local,group,100000,1909606,19.09606,2000000
41,2,resource_lifecycle_64_assets_4096_objects,std_shared,cycle,10,374033,37403.3,17203200
41,3,async_queue_job_1024_local_copies,std_shared,job,100,4982480,49824.8,2406400
41,4,share_read_drop,own_shared,handoff,100000,444498,4.44498,2350000
41,5,scene_4096_attachments,own_local,attachment,98304,149151,1.51724243164,98304
41,6,frame_4096_draws_64_unique_leases,std_shared,frame,24,92697,3862.375,41287680
41,7,copy_read_drop,std_shared,copy,100000,1353664,13.53664,2350000
41,8,group_setup_then_1_copies,std_shared,group,100000,2055563,20.55563,2000000
41,9,create_read_destroy,own_shared,asset,100000,1296789,12.96789,65000400000
41,10,create_read_destroy,std_shared,asset,100000,1338651,13.38651,65000400000
41,11,resource_lifecycle_64_assets_4096_objects,own_local,cycle,10,272182,27218.2,17203200
41,12,share_read_drop,std_shared,handoff,100000,1180497,11.80497,2350000
41,13,create_read_destroy,own_local,asset,100000,2252984,22.52984,65000400000
41,14,copy_read_drop,own_local,copy,100000,121801,1.21801,2350000
41,15,contended_copy_2_workers,std_shared,copy,200000,3985739,19.928695,4700000
41,16,async_queue_job_1_local_copies,std_shared,job,100,61631,616.31,2000
41,17,copy_read_drop,own_shared,copy,100000,537856,5.37856,2350000
41,18,async_queue_job_64_local_copies,own_local,job,100,82862,828.62,150400
41,19,group_setup_then_1024_copies,own_local,group,97,138374,1426.53608247,2334208
41,20,group_setup_then_8_copies,std_shared,group,12500,1680788,134.46304,2350000
41,21,weak_lock_expired,std_shared,lock,100000,191704,1.91704,0
41,22,contended_copy_2_workers,own_shared,copy,200000,2239494,11.19747,4700000
41,23,group_setup_then_64_copies,std_shared,group,1562,1320935,845.669014085,2349248
41,24,group_setup_then_64_copies,own_local,group,1562,164664,105.418693982,2349248
41,25,group_setup_then_8_copies,own_local,group,12500,340624,27.24992,2350000
41,26,weak_lock_expired,own_shared,lock,100000,135641,1.35641,0
41,27,weak_lock_live,std_shared,lock,100000,971558,9.71558,2350000
41,28,localize_read_drop,own_local,group,100000,1375706,13.75706,2350000
41,29,async_queue_job_1_local_copies,own_local,job,100,68371,683.71,2000
41,30,group_setup_then_1024_copies,std_shared,group,97,1198324,12353.8556701,2334208
41,31,weak_lock_live,own_shared,lock,100000,446881,4.46881,2350000
41,32,async_queue_job_64_local_copies,std_shared,job,100,352582,3525.82,150400
41,33,async_queue_job_1024_local_copies,own_local,job,100,1524397,15243.97,2406400
41,34,localize_read_drop,std_shared,group,100000,1322588,13.22588,2350000
41,35,frame_4096_draws_64_unique_leases,own_shared,frame,24,119827,4992.79166667,41287680
41,36,scene_4096_attachments,std_shared,attachment,98304,494232,5.02758789062,98304
42,0,group_setup_then_1_copies,own_local,group,100000,2308206,23.08206,2000000
42,1,weak_lock_expired,std_shared,lock,100000,238583,2.38583,0
42,2,frame_4096_draws_64_unique_leases,std_shared,frame,24,94339,3930.79166667,41287680
42,3,copy_read_drop,std_shared,copy,100000,2253075,22.53075,2350000
42,4,group_setup_then_1_copies,std_shared,group,100000,2164654,21.64654,2000000
42,5,scene_4096_attachments,own_local,attachment,98304,148189,1.50745646159,98304
42,6,weak_lock_expired,own_shared,lock,100000,135481,1.35481,0
42,7,group_setup_then_8_copies,own_local,group,12500,359151,28.73208,2350000
42,8,share_read_drop,own_shared,handoff,100000,821717,8.21717,2350000
42,9,contended_copy_2_workers,own_shared,copy,200000,2187517,10.937585,4700000
42,10,group_setup_then_1024_copies,own_local,group,97,172455,1777.88659794,2334208
42,11,borrow_read,raw_borrow,read,100000,81761,0.81761,2350000
42,12,share_read_drop,std_shared,handoff,100000,1204703,12.04703,2350000
42,13,contended_copy_2_workers,std_shared,copy,200000,3624855,18.124275,4700000
42,14,weak_lock_live,own_shared,lock,100000,447483,4.47483,2350000
42,15,localize_read_drop,std_shared,group,100000,1342907,13.42907,2350000
42,16,scene_4096_attachments,std_shared,attachment,98304,505398,5.14117431641,98304
42,17,async_queue_job_1_local_copies,own_local,job,100,74620,746.2,2000
42,18,frame_4096_draws_64_unique_leases,own_shared,frame,24,95411,3975.45833333,41287680
42,19,async_queue_job_64_local_copies,own_local,job,100,69924,699.24,150400
42,20,create_read_destroy,std_shared,asset,100000,1129241,11.29241,65000400000
42,21,create_read_destroy,own_shared,asset,100000,1249560,12.4956,65000400000
42,22,group_setup_then_64_copies,own_local,group,1562,355907,227.853393086,2349248
42,23,create_read_destroy,own_local,asset,100000,2286564,22.86564,65000400000
42,24,resource_lifecycle_64_assets_4096_objects,std_shared,cycle,10,358721,35872.1,17203200
42,25,async_queue_job_1_local_copies,std_shared,job,100,74711,747.11,2000
42,26,copy_read_drop,own_local,copy,100000,121559,1.21559,2350000
42,27,group_setup_then_64_copies,std_shared,group,1562,1248368,799.211267606,2349248
42,28,async_queue_job_1024_local_copies,std_shared,job,100,1681448,16814.48,2406400
42,29,group_setup_then_8_copies,std_shared,group,12500,1389206,111.13648,2350000
42,30,copy_read_drop,own_shared,copy,100000,574170,5.7417,2350000
42,31,async_queue_job_1024_local_copies,own_local,job,100,451318,4513.18,2406400
42,32,weak_lock_live,std_shared,lock,100000,1075342,10.75342,2350000
42,33,localize_read_drop,own_local,group,100000,1264842,12.64842,2350000
42,34,async_queue_job_64_local_copies,std_shared,job,100,177483,1774.83,150400
42,35,resource_lifecycle_64_assets_4096_objects,own_local,cycle,10,236570,23657,17203200
42,36,group_setup_then_1024_copies,std_shared,group,97,1215690,12532.8865979,2334208
43,0,async_queue_job_1024_local_copies,std_shared,job,100,1884419,18844.19,2406400
43,1,resource_lifecycle_64_assets_4096_objects,own_local,cycle,10,312813,31281.3,17203200
43,2,create_read_destroy,own_local,asset,100000,2414544,24.14544,65000400000
43,3,create_read_destroy,own_shared,asset,100000,1521081,15.21081,65000400000
43,4,group_setup_then_1_copies,own_local,group,100000,1958028,19.58028,2000000
43,5,frame_4096_draws_64_unique_leases,own_shared,frame,24,93789,3907.875,41287680
43,6,async_queue_job_64_local_copies,std_shared,job,100,263941,2639.41,150400
43,7,share_read_drop,own_shared,handoff,100000,443106,4.43106,2350000
43,8,weak_lock_live,std_shared,lock,100000,1019549,10.19549,2350000
43,9,copy_read_drop,own_shared,copy,100000,486851,4.86851,2350000
43,10,group_setup_then_8_copies,std_shared,group,12500,1413392,113.07136,2350000
43,11,group_setup_then_1_copies,std_shared,group,100000,1991698,19.91698,2000000
43,12,copy_read_drop,own_local,copy,100000,122551,1.22551,2350000
43,13,localize_read_drop,std_shared,group,100000,1305543,13.05543,2350000
43,14,contended_copy_2_workers,std_shared,copy,200000,3642221,18.211105,4700000
43,15,async_queue_job_1_local_copies,own_local,job,100,70164,701.64,2000
43,16,group_setup_then_8_copies,own_local,group,12500,373483,29.87864,2350000
43,17,share_read_drop,std_shared,handoff,100000,1168639,11.68639,2350000
43,18,group_setup_then_64_copies,std_shared,group,1562,1316769,843.001920615,2349248
43,19,weak_lock_expired,std_shared,lock,100000,162631,1.62631,0
43,20,frame_4096_draws_64_unique_leases,std_shared,frame,24,125926,5246.91666667,41287680
43,21,weak_lock_live,own_shared,lock,100000,543915,5.43915,2350000
43,22,contended_copy_2_workers,own_shared,copy,200000,1521982,7.60991,4700000
43,23,borrow_read,raw_borrow,read,100000,54721,0.54721,2350000
43,24,weak_lock_expired,own_shared,lock,100000,170292,1.70292,0
43,25,async_queue_job_1_local_copies,std_shared,job,100,66989,669.89,2000
43,26,group_setup_then_1024_copies,std_shared,group,97,1251563,12902.7113402,2334208
43,27,group_setup_then_64_copies,own_local,group,1562,164624,105.393085787,2349248
43,28,create_read_destroy,std_shared,asset,100000,1236811,12.36811,65000400000
43,29,localize_read_drop,own_local,group,100000,1122512,11.22512,2350000
43,30,resource_lifecycle_64_assets_4096_objects,std_shared,cycle,10,540020,54002,17203200
43,31,scene_4096_attachments,own_local,attachment,98304,149902,1.5248819987,98304
43,32,async_queue_job_1024_local_copies,own_local,job,100,437859,4378.59,2406400
43,33,copy_read_drop,std_shared,copy,100000,1576293,15.76293,2350000
43,34,scene_4096_attachments,std_shared,attachment,98304,657784,6.69132486979,98304
43,35,async_queue_job_64_local_copies,own_local,job,100,96663,966.63,150400
43,36,group_setup_then_1024_copies,own_local,group,97,137754,1420.1443299,2334208
44,0,async_queue_job_64_local_copies,own_local,job,100,46249,462.49,150400
44,1,localize_read_drop,own_local,group,100000,1106648,11.06648,2350000
44,2,group_setup_then_8_copies,own_local,group,12500,410537,32.84296,2350000
44,3,async_queue_job_1_local_copies,own_local,job,100,54180,541.8,2000
44,4,localize_read_drop,std_shared,group,100000,1175940,11.7594,2350000
44,5,copy_read_drop,own_shared,copy,100000,482013,4.82013,2350000
44,6,group_setup_then_64_copies,own_local,group,1562,245764,157.339308579,2349248
44,7,weak_lock_live,std_shared,lock,100000,931969,9.31969,2350000
44,8,weak_lock_expired,own_shared,lock,100000,135551,1.35551,0
44,9,async_queue_job_1024_local_copies,own_local,job,100,332231,3322.31,2406400
44,10,async_queue_job_64_local_copies,std_shared,job,100,264000,2640,150400
44,11,frame_4096_draws_64_unique_leases,own_shared,frame,24,95972,3998.83333333,41287680
44,12,borrow_read,raw_borrow,read,100000,54390,0.5439,2350000
44,13,scene_4096_attachments,std_shared,attachment,98304,493160,5.01668294271,98304
44,14,share_read_drop,std_shared,handoff,100000,1179485,11.79485,2350000
44,15,async_queue_job_1024_local_copies,std_shared,job,100,1871630,18716.3,2406400
44,16,create_read_destroy,own_local,asset,100000,2444168,24.44168,65000400000
44,17,scene_4096_attachments,own_local,attachment,98304,147368,1.49910481771,98304
44,18,create_read_destroy,std_shared,asset,100000,1265183,12.65183,65000400000
44,19,contended_copy_2_workers,std_shared,copy,200000,4471198,22.35599,4700000
44,20,share_read_drop,own_shared,handoff,100000,688218,6.88218,2350000
44,21,group_setup_then_1_copies,std_shared,group,100000,2215950,22.1595,2000000
44,22,group_setup_then_64_copies,std_shared,group,1562,1160607,743.026248399,2349248
44,23,group_setup_then_1024_copies,std_shared,group,97,1392912,14359.9175258,2334208
44,24,resource_lifecycle_64_assets_4096_objects,std_shared,cycle,10,347705,34770.5,17203200
44,25,group_setup_then_8_copies,std_shared,group,12500,1368000,109.44,2350000
44,26,weak_lock_live,own_shared,lock,100000,447061,4.47061,2350000
44,27,group_setup_then_1_copies,own_local,group,100000,1849698,18.49698,2000000
44,28,resource_lifecycle_64_assets_4096_objects,own_local,cycle,10,242830,24283,17203200
44,29,group_setup_then_1024_copies,own_local,group,97,149331,1539.49484536,2334208
44,30,weak_lock_expired,std_shared,lock,100000,180617,1.80617,0
44,31,async_queue_job_1_local_copies,std_shared,job,100,75261,752.61,2000
44,32,copy_read_drop,std_shared,copy,100000,1166667,11.66667,2350000
44,33,create_read_destroy,own_shared,asset,100000,4272003,42.72003,65000400000
44,34,copy_read_drop,own_local,copy,100000,122571,1.22571,2350000
44,35,frame_4096_draws_64_unique_leases,std_shared,frame,24,94059,3919.125,41287680
44,36,contended_copy_2_workers,own_shared,copy,200000,2132145,10.660725,4700000
45,0,async_queue_job_64_local_copies,own_local,job,100,73839,738.39,150400
45,1,group_setup_then_1_copies,own_local,group,100000,5955594,59.55594,2000000
45,2,create_read_destroy,std_shared,asset,100000,1155079,11.55079,65000400000
45,3,frame_4096_draws_64_unique_leases,own_shared,frame,24,95571,3982.125,41287680
45,4,async_queue_job_1024_local_copies,own_local,job,100,411209,4112.09,2406400
45,5,contended_copy_2_workers,std_shared,copy,200000,3745754,18.72877,4700000
45,6,async_queue_job_1_local_copies,own_local,job,100,57665,576.65,2000
45,7,weak_lock_live,own_shared,lock,100000,505539,5.05539,2350000
45,8,async_queue_job_64_local_copies,std_shared,job,100,239294,2392.94,150400
45,9,group_setup_then_8_copies,std_shared,group,12500,1245423,99.63384,2350000
45,10,async_queue_job_1_local_copies,std_shared,job,100,47751,477.51,2000
45,11,weak_lock_expired,std_shared,lock,100000,166897,1.66897,0
45,12,group_setup_then_64_copies,own_local,group,1562,201718,129.14084507,2349248
45,13,share_read_drop,std_shared,handoff,100000,1177243,11.77243,2350000
45,14,group_setup_then_8_copies,own_local,group,12500,330469,26.43752,2350000
45,15,localize_read_drop,std_shared,group,100000,1245523,12.45523,2350000
45,16,weak_lock_expired,own_shared,lock,100000,135601,1.35601,0
45,17,share_read_drop,own_shared,handoff,100000,466020,4.6602,2350000
45,18,scene_4096_attachments,own_local,attachment,98304,148740,1.51306152344,98304
45,19,weak_lock_live,std_shared,lock,100000,922576,9.22576,2350000
45,20,copy_read_drop,own_shared,copy,100000,455284,4.55284,2350000
45,21,create_read_destroy,own_local,asset,100000,2311001,23.11001,65000400000
45,22,localize_read_drop,own_local,group,100000,1081752,10.81752,2350000
45,23,resource_lifecycle_64_assets_4096_objects,std_shared,cycle,10,386923,38692.3,17203200
45,24,group_setup_then_1024_copies,std_shared,group,97,1183792,12204.0412371,2334208
45,25,resource_lifecycle_64_assets_4096_objects,own_local,cycle,10,506639,50663.9,17203200
45,26,copy_read_drop,std_shared,copy,100000,1265133,12.65133,2350000
45,27,group_setup_then_1024_copies,own_local,group,97,138435,1427.16494845,2334208
45,28,async_queue_job_1024_local_copies,std_shared,job,100,1837760,18377.6,2406400
45,29,create_read_destroy,own_shared,asset,100000,1379652,13.79652,65000400000
45,30,borrow_read,raw_borrow,read,100000,54531,0.54531,2350000
45,31,group_setup_then_1_copies,std_shared,group,100000,2750200,27.502,2000000
45,32,scene_4096_attachments,std_shared,attachment,98304,645225,6.56356811523,98304
45,33,copy_read_drop,own_local,copy,100000,122251,1.22251,2350000
45,34,group_setup_then_64_copies,std_shared,group,1562,1325161,848.374519846,2349248
45,35,frame_4096_draws_64_unique_leases,std_shared,frame,24,111525,4646.875,41287680
45,36,contended_copy_2_workers,own_shared,copy,200000,2678364,13.39182,4700000
46,0,scene_4096_attachments,own_local,attachment,98304,147278,1.49818929036,98304
46,1,frame_4096_draws_64_unique_leases,own_shared,frame,24,121981,5082.54166667,41287680
46,2,async_queue_job_64_local_copies,own_local,job,100,136202,1362.02,150400
46,3,group_setup_then_8_copies,std_shared,group,12500,1502884,120.23072,2350000
46,4,async_queue_job_1024_local_copies,own_local,job,100,528332,5283.32,2406400
46,5,copy_read_drop,std_shared,copy,100000,1302368,13.02368,2350000
46,6,copy_read_drop,own_shared,copy,100000,455425,4.55425,2350000
46,7,resource_lifecycle_64_assets_4096_objects,own_local,cycle,10,236320,23632,17203200
46,8,weak_lock_expired,own_shared,lock,100000,135480,1.3548,0
46,9,async_queue_job_1024_local_copies,std_shared,job,100,1798913,17989.13,2406400
46,10,borrow_read,raw_borrow,read,100000,54221,0.54221,2350000
46,11,create_read_destroy,own_shared,asset,100000,1510757,15.10757,65000400000
46,12,async_queue_job_1_local_copies,own_local,job,100,49924,499.24,2000
46,13,weak_lock_live,own_shared,lock,100000,468283,4.68283,2350000
46,14,group_setup_then_1024_copies,own_local,group,97,198073,2041.98969072,2334208
46,15,weak_lock_expired,std_shared,lock,100000,162611,1.62611,0
46,16,async_queue_job_1_local_copies,std_shared,job,100,61321,613.21,2000
46,17,async_queue_job_64_local_copies,std_shared,job,100,184443,1844.43,150400
46,18,group_setup_then_1_copies,own_local,group,100000,2119346,21.19346,2000000
46,19,contended_copy_2_workers,own_shared,copy,200000,2573228,12.86614,4700000
46,20,group_setup_then_1024_copies,std_shared,group,97,1221769,12595.556701,2334208
46,21,create_read_destroy,std_shared,asset,100000,1376368,13.76368,65000400000
46,22,group_setup_then_1_copies,std_shared,group,100000,1870198,18.70198,2000000
46,23,create_read_destroy,own_local,asset,100000,2347144,23.47144,65000400000
46,24,share_read_drop,own_shared,handoff,100000,477817,4.77817,2350000
46,25,weak_lock_live,std_shared,lock,100000,1152035,11.52035,2350000
46,26,localize_read_drop,own_local,group,100000,1183913,11.83913,2350000
46,27,contended_copy_2_workers,std_shared,copy,200000,3962825,19.814125,4700000
46,28,group_setup_then_64_copies,own_local,group,1562,192305,123.114596671,2349248
46,29,resource_lifecycle_64_assets_4096_objects,std_shared,cycle,10,350929,35092.9,17203200
46,30,frame_4096_draws_64_unique_leases,std_shared,frame,24,92297,3845.70833333,41287680
46,31,group_setup_then_8_copies,own_local,group,12500,395445,31.6356,2350000
46,32,copy_read_drop,own_local,copy,100000,121429,1.21429,2350000
46,33,scene_4096_attachments,std_shared,attachment,98304,583513,5.93580118815,98304
46,34,localize_read_drop,std_shared,group,100000,1207937,12.07937,2350000
46,35,share_read_drop,std_shared,handoff,100000,1239425,12.39425,2350000
46,36,group_setup_then_64_copies,std_shared,group,1562,1444929,925.050576184,2349248
47,0,group_setup_then_1024_copies,std_shared,group,97,1231483,12695.7010309,2334208
47,1,async_queue_job_64_local_copies,own_local,job,100,73719,737.19,150400
47,2,create_read_destroy,std_shared,asset,100000,1203011,12.03011,65000400000
47,3,copy_read_drop,own_shared,copy,100000,455344,4.55344,2350000
47,4,copy_read_drop,std_shared,copy,100000,1188609,11.88609,2350000
47,5,localize_read_drop,std_shared,group,100000,1175751,11.75751,2350000
47,6,contended_copy_2_workers,std_shared,copy,200000,3907534,19.53767,4700000
47,7,group_setup_then_1_copies,own_local,group,100000,2360924,23.60924,2000000
47,8,share_read_drop,std_shared,handoff,100000,1172005,11.72005,2350000
47,9,weak_lock_live,own_shared,lock,100000,510536,5.10536,2350000
47,10,create_read_destroy,own_shared,asset,100000,1357188,13.57188,65000400000
47,11,group_setup_then_64_copies,own_local,group,1562,165084,105.687580026,2349248
47,12,async_queue_job_1024_local_copies,own_local,job,100,313884,3138.84,2406400
47,13,borrow_read,raw_borrow,read,100000,54471,0.54471,2350000
47,14,scene_4096_attachments,own_local,attachment,98304,150693,1.5329284668,98304
47,15,contended_copy_2_workers,own_shared,copy,200000,2518487,12.592435,4700000
47,16,group_setup_then_64_copies,std_shared,group,1562,1197472,766.627400768,2349248
47,17,async_queue_job_1_local_copies,own_local,job,100,95882,958.82,2000
47,18,resource_lifecycle_64_assets_4096_objects,std_shared,cycle,10,750530,75053,17203200
47,19,weak_lock_expired,own_shared,lock,100000,135631,1.35631,0
47,20,async_queue_job_1024_local_copies,std_shared,job,100,1872571,18725.71,2406400
47,21,async_queue_job_64_local_copies,std_shared,job,100,198173,1981.73,150400
47,22,copy_read_drop,own_local,copy,100000,135821,1.35821,2350000
47,23,group_setup_then_8_copies,std_shared,group,12500,1529614,122.36912,2350000
47,24,group_setup_then_8_copies,own_local,group,12500,421133,33.69064,2350000
47,25,group_setup_then_1024_copies,own_local,group,97,136152,1403.62886598,2334208
47,26,scene_4096_attachments,std_shared,attachment,98304,494682,5.03216552734,98304
47,27,frame_4096_draws_64_unique_leases,std_shared,frame,24,88020,3667.5,41287680
47,28,resource_lifecycle_64_assets_4096_objects,own_local,cycle,10,248798,24879.8,17203200
47,29,share_read_drop,own_shared,handoff,100000,443016,4.43016,2350000
47,30,group_setup_then_1_copies,std_shared,group,100000,2162431,21.62431,2000000
47,31,async_queue_job_1_local_copies,std_shared,job,100,48101,481.01,2000
47,32,frame_4096_draws_64_unique_leases,own_shared,frame,24,98215,4092.29166667,41287680
47,33,localize_read_drop,own_local,group,100000,1131295,11.31295,2350000
47,34,weak_lock_live,std_shared,lock,100000,1019989,10.19989,2350000
47,35,create_read_destroy,own_local,asset,100000,2541201,25.41201,65000400000
47,36,weak_lock_expired,std_shared,lock,100000,213356,2.13356,0
48,0,frame_4096_draws_64_unique_leases,std_shared,frame,24,89963,3748.45833333,41287680
48,1,frame_4096_draws_64_unique_leases,own_shared,frame,24,91325,3805.20833333,41287680
48,2,async_queue_job_1_local_copies,own_local,job,100,62893,628.93,2000
48,3,localize_read_drop,own_local,group,100000,1488914,14.88914,2350000
48,4,weak_lock_expired,std_shared,lock,100000,162520,1.6252,0
48,5,contended_copy_2_workers,std_shared,copy,200000,3907744,19.53872,4700000
48,6,contended_copy_2_workers,own_shared,copy,200000,3730772,18.65386,4700000
48,7,group_setup_then_1024_copies,own_local,group,97,149291,1539.08247423,2334208
48,8,async_queue_job_1_local_copies,std_shared,job,100,63534,635.34,2000
48,9,scene_4096_attachments,std_shared,attachment,98304,572537,5.82414754232,98304
48,10,resource_lifecycle_64_assets_4096_objects,std_shared,cycle,10,361725,36172.5,17203200
48,11,create_read_destroy,std_shared,asset,100000,1327946,13.27946,65000400000
48,12,weak_lock_expired,own_shared,lock,100000,135621,1.35621,0
48,13,async_queue_job_64_local_copies,std_shared,job,100,208038,2080.38,150400
48,14,async_queue_job_1024_local_copies,own_local,job,100,340594,3405.94,2406400
48,15,localize_read_drop,std_shared,group,100000,1235289,12.35289,2350000
48,16,group_setup_then_1_copies,std_shared,group,100000,1956035,19.56035,2000000
48,17,resource_lifecycle_64_assets_4096_objects,own_local,cycle,10,478148,47814.8,17203200
48,18,copy_read_drop,std_shared,copy,100000,1197152,11.97152,2350000
48,19,copy_read_drop,own_local,copy,100000,121540,1.2154,2350000
48,20,group_setup_then_8_copies,std_shared,group,12500,13312944,1065.03552,2350000
48,21,create_read_destroy,own_local,asset,100000,48637359,486.37359,65000400000
48,22,copy_read_drop,own_shared,copy,100000,455565,4.55565,2350000
48,23,create_read_destroy,own_shared,asset,100000,8442856,84.42856,65000400000
48,24,group_setup_then_1024_copies,std_shared,group,97,1549994,15979.3195876,2334208
48,25,share_read_drop,own_shared,handoff,100000,462434,4.62434,2350000
48,26,group_setup_then_8_copies,own_local,group,12500,333463,26.67704,2350000
48,27,async_queue_job_64_local_copies,own_local,job,100,97890,978.9,150400
48,28,async_queue_job_1024_local_copies,std_shared,job,100,1669731,16697.31,2406400
48,29,group_setup_then_64_copies,own_local,group,1562,164794,105.501920615,2349248
48,30,weak_lock_live,std_shared,lock,100000,1048883,10.48883,2350000
48,31,share_read_drop,std_shared,handoff,100000,1503325,15.03325,2350000
48,32,weak_lock_live,own_shared,lock,100000,585166,5.85166,2350000
48,33,scene_4096_attachments,own_local,attachment,98304,172395,1.75369262695,98304
48,34,borrow_read,raw_borrow,read,100000,54471,0.54471,2350000
48,35,group_setup_then_64_copies,std_shared,group,1562,1414243,905.40524968,2349248
48,36,group_setup_then_1_copies,own_local,group,100000,2145676,21.45676,2000000
49,0,weak_lock_live,std_shared,lock,100000,960171,9.60171,2350000
49,1,scene_4096_attachments,own_local,attachment,98304,147037,1.49573771159,98304
49,2,async_queue_job_1_local_copies,std_shared,job,100,56914,569.14,2000
49,3,share_read_drop,std_shared,handoff,100000,1321505,13.21505,2350000
49,4,borrow_read,raw_borrow,read,100000,54231,0.54231,2350000
49,5,group_setup_then_1024_copies,std_shared,group,97,1200006,12371.1958763,2334208
49,6,copy_read_drop,std_shared,copy,100000,1240346,12.40346,2350000
49,7,create_read_destroy,std_shared,asset,100000,1190863,11.90863,65000400000
49,8,copy_read_drop,own_local,copy,100000,154569,1.54569,2350000
49,9,group_setup_then_1_copies,own_local,group,100000,1828937,18.28937,2000000
49,10,frame_4096_draws_64_unique_leases,own_shared,frame,24,90774,3782.25,41287680
49,11,group_setup_then_1_copies,std_shared,group,100000,1925149,19.25149,2000000
49,12,async_queue_job_64_local_copies,std_shared,job,100,231953,2319.53,150400
49,13,group_setup_then_1024_copies,own_local,group,97,137203,1414.46391753,2334208
49,14,create_read_destroy,own_shared,asset,100000,1239515,12.39515,65000400000
49,15,localize_read_drop,std_shared,group,100000,1379652,13.79652,2350000
49,16,scene_4096_attachments,std_shared,attachment,98304,562893,5.72604370117,98304
49,17,copy_read_drop,own_shared,copy,100000,555212,5.55212,2350000
49,18,contended_copy_2_workers,own_shared,copy,200000,1802928,9.01464,4700000
49,19,share_read_drop,own_shared,handoff,100000,462554,4.62554,2350000
49,20,weak_lock_expired,own_shared,lock,100000,135601,1.35601,0
49,21,group_setup_then_8_copies,own_local,group,12500,332952,26.63616,2350000
49,22,frame_4096_draws_64_unique_leases,std_shared,frame,24,89723,3738.45833333,41287680
49,23,create_read_destroy,own_local,asset,100000,2196350,21.9635,65000400000
49,24,async_queue_job_1024_local_copies,own_local,job,100,407273,4072.73,2406400
49,25,contended_copy_2_workers,std_shared,copy,200000,3748508,18.74254,4700000
49,26,resource_lifecycle_64_assets_4096_objects,own_local,cycle,10,241628,24162.8,17203200
49,27,weak_lock_expired,std_shared,lock,100000,162651,1.62651,0
49,28,group_setup_then_64_copies,std_shared,group,1562,1492519,955.517925736,2349248
49,29,async_queue_job_1_local_copies,own_local,job,100,52397,523.97,2000
49,30,group_setup_then_64_copies,own_local,group,1562,164744,105.469910371,2349248
49,31,async_queue_job_64_local_copies,own_local,job,100,68972,689.72,150400
49,32,async_queue_job_1024_local_copies,std_shared,job,100,1692735,16927.35,2406400
49,33,group_setup_then_8_copies,std_shared,group,12500,1264571,101.16568,2350000
49,34,resource_lifecycle_64_assets_4096_objects,std_shared,cycle,10,345130,34513,17203200
49,35,weak_lock_live,own_shared,lock,100000,480391,4.80391,2350000
49,36,localize_read_drop,own_local,group,100000,1053879,10.53879,2350000
50,0,share_read_drop,own_shared,handoff,100000,441273,4.41273,2350000
50,1,localize_read_drop,own_local,group,100000,1043815,10.43815,2350000
50,2,group_setup_then_8_copies,own_local,group,12500,676722,54.13776,2350000
50,3,weak_lock_expired,own_shared,lock,100000,293675,2.93675,0
50,4,group_setup_then_8_copies,std_shared,group,12500,1356708,108.53664,2350000
50,5,async_queue_job_64_local_copies,own_local,job,100,96063,960.63,150400
50,6,async_queue_job_1_local_copies,own_local,job,100,33509,335.09,2000
50,7,copy_read_drop,std_shared,copy,100000,1318081,13.18081,2350000
50,8,frame_4096_draws_64_unique_leases,std_shared,frame,24,91215,3800.625,41287680
50,9,create_read_destroy,std_shared,asset,100000,1217111,12.17111,65000400000
50,10,create_read_destroy,own_local,asset,100000,2118335,21.18335,65000400000
50,11,async_queue_job_64_local_copies,std_shared,job,100,221818,2218.18,150400
50,12,async_queue_job_1_local_copies,std_shared,job,100,30054,300.54,2000
50,13,share_read_drop,std_shared,handoff,100000,1184263,11.84263,2350000
50,14,resource_lifecycle_64_assets_4096_objects,own_local,cycle,10,240816,24081.6,17203200
50,15,scene_4096_attachments,own_local,attachment,98304,148560,1.51123046875,98304
50,16,contended_copy_2_workers,std_shared,copy,200000,3604345,18.021725,4700000
50,17,group_setup_then_64_copies,own_local,group,1562,169571,108.560179257,2349248
50,18,localize_read_drop,std_shared,group,100000,1314185,13.14185,2350000
50,19,create_read_destroy,own_shared,asset,100000,1261016,12.61016,65000400000
50,20,group_setup_then_64_copies,std_shared,group,1562,1162711,744.373239437,2349248
50,21,group_setup_then_1024_copies,std_shared,group,97,1178784,12152.4123711,2334208
50,22,copy_read_drop,own_local,copy,100000,121520,1.2152,2350000
50,23,resource_lifecycle_64_assets_4096_objects,std_shared,cycle,10,341596,34159.6,17203200
50,24,async_queue_job_1024_local_copies,std_shared,job,100,1644814,16448.14,2406400
50,25,group_setup_then_1_copies,own_local,group,100000,1854675,18.54675,2000000
50,26,copy_read_drop,own_shared,copy,100000,600669,6.00669,2350000
50,27,borrow_read,raw_borrow,read,100000,54461,0.54461,2350000
50,28,scene_4096_attachments,std_shared,attachment,98304,494863,5.03400675456,98304
50,29,weak_lock_live,own_shared,lock,100000,459390,4.5939,2350000
50,30,group_setup_then_1_copies,std_shared,group,100000,1840885,18.40885,2000000
50,31,weak_lock_live,std_shared,lock,100000,978389,9.78389,2350000
50,32,weak_lock_expired,std_shared,lock,100000,191273,1.91273,0
50,33,async_queue_job_1024_local_copies,own_local,job,100,441543,4415.43,2406400
50,34,group_setup_then_1024_copies,own_local,group,97,136301,1405.16494845,2334208
50,35,frame_4096_draws_64_unique_leases,own_shared,frame,24,93078,3878.25,41287680
50,36,contended_copy_2_workers,own_shared,copy,200000,1778262,8.89131,4700000
51,0,group_setup_then_1_copies,std_shared,group,100000,1905390,19.0539,2000000
51,1,weak_lock_expired,std_shared,lock,100000,162570,1.6257,0
51,2,copy_read_drop,own_local,copy,100000,122231,1.22231,2350000
51,3,create_read_destroy,own_shared,asset,100000,1215018,12.15018,65000400000
51,4,resource_lifecycle_64_assets_4096_objects,std_shared,cycle,10,355556,35555.6,17203200
51,5,localize_read_drop,own_local,group,100000,1188008,11.88008,2350000
51,6,group_setup_then_8_copies,std_shared,group,12500,1324591,105.96728,2350000
51,7,resource_lifecycle_64_assets_4096_objects,own_local,cycle,10,257671,25767.1,17203200
51,8,borrow_read,raw_borrow,read,100000,54230,0.5423,2350000
51,9,weak_lock_live,own_shared,lock,100000,446721,4.46721,2350000
51,10,share_read_drop,own_shared,handoff,100000,455204,4.55204,2350000
51,11,group_setup_then_8_copies,own_local,group,12500,336178,26.89424,2350000
51,12,scene_4096_attachments,std_shared,attachment,98304,555011,5.64586385091,98304
51,13,create_read_destroy,own_local,asset,100000,2145145,21.45145,65000400000
51,14,group_setup_then_1024_copies,own_local,group,97,135921,1401.24742268,2334208
51,15,async_queue_job_1024_local_copies,own_local,job,100,395956,3959.56,2406400
51,16,weak_lock_live,std_shared,lock,100000,909386,9.09386,2350000
51,17,copy_read_drop,std_shared,copy,100000,1185184,11.85184,2350000
51,18,async_queue_job_1_local_copies,own_local,job,100,50545,505.45,2000
51,19,async_queue_job_64_local_copies,std_shared,job,100,189380,1893.8,150400
51,20,async_queue_job_64_local_copies,own_local,job,100,57154,571.54,150400
51,21,group_setup_then_1_copies,own_local,group,100000,2300716,23.00716,2000000
51,22,copy_read_drop,own_shared,copy,100000,455574,4.55574,2350000
51,23,frame_4096_draws_64_unique_leases,own_shared,frame,24,97074,4044.75,41287680
51,24,group_setup_then_1024_copies,std_shared,group,97,1252864,12916.1237113,2334208
51,25,group_setup_then_64_copies,own_local,group,1562,164834,105.527528809,2349248
51,26,weak_lock_expired,own_shared,lock,100000,135741,1.35741,0
51,27,localize_read_drop,std_shared,group,100000,1166988,11.66988,2350000
51,28,async_queue_job_1024_local_copies,std_shared,job,100,1591035,15910.35,2406400
51,29,scene_4096_attachments,own_local,attachment,98304,146757,1.4928894043,98304
51,30,contended_copy_2_workers,own_shared,copy,200000,2773294,13.86647,4700000
51,31,create_read_destroy,std_shared,asset,100000,1141239,11.41239,65000400000
51,32,contended_copy_2_workers,std_shared,copy,200000,3823148,19.11574,4700000
51,33,async_queue_job_1_local_copies,std_shared,job,100,515343,5153.43,2000
51,34,group_setup_then_64_copies,std_shared,group,1562,1191053,762.517925736,2349248
51,35,share_read_drop,std_shared,handoff,100000,1253846,12.53846,2350000
51,36,frame_4096_draws_64_unique_leases,std_shared,frame,24,93429,3892.875,41287680
52,0,group_setup_then_1024_copies,own_local,group,97,137153,1413.94845361,2334208
52,1,frame_4096_draws_64_unique_leases,std_shared,frame,24,87320,3638.33333333,41287680
52,2,group_setup_then_8_copies,own_local,group,12500,329948,26.39584,2350000
52,3,group_setup_then_8_copies,std_shared,group,12500,1455324,116.42592,2350000
52,4,contended_copy_2_workers,std_shared,copy,200000,4430602,22.15301,4700000
52,5,frame_4096_draws_64_unique_leases,own_shared,frame,24,93699,3904.125,41287680
52,6,group_setup_then_1_copies,std_shared,group,100000,2093479,20.93479,2000000
52,7,group_setup_then_64_copies,own_local,group,1562,273765,175.265685019,2349248
52,8,group_setup_then_1024_copies,std_shared,group,97,1203531,12407.5360825,2334208
52,9,borrow_read,raw_borrow,read,100000,442505,4.42505,2350000
52,10,async_queue_job_1_local_copies,std_shared,job,100,64235,642.35,2000
52,11,resource_lifecycle_64_assets_4096_objects,own_local,cycle,10,270030,27003,17203200
52,12,async_queue_job_64_local_copies,own_local,job,100,86748,867.48,150400
52,13,create_read_destroy,std_shared,asset,100000,1228809,12.28809,65000400000
52,14,weak_lock_live,own_shared,lock,100000,447121,4.47121,2350000
52,15,localize_read_drop,std_shared,group,100000,1265803,12.65803,2350000
52,16,share_read_drop,own_shared,handoff,100000,444227,4.44227,2350000
52,17,localize_read_drop,own_local,group,100000,1124825,11.24825,2350000
52,18,create_read_destroy,own_local,asset,100000,2543675,25.43675,65000400000
52,19,async_queue_job_1024_local_copies,std_shared,job,100,2217452,22174.52,2406400
52,20,weak_lock_live,std_shared,lock,100000,1089673,10.89673,2350000
52,21,contended_copy_2_workers,own_shared,copy,200000,2302768,11.51384,4700000
52,22,async_queue_job_64_local_copies,std_shared,job,100,589162,5891.62,150400
52,23,weak_lock_expired,std_shared,lock,100000,175781,1.75781,0
52,24,async_queue_job_1024_local_copies,own_local,job,100,522053,5220.53,2406400
52,25,copy_read_drop,own_local,copy,100000,143843,1.43843,2350000
52,26,async_queue_job_1_local_copies,own_local,job,100,33590,335.9,2000
52,27,weak_lock_expired,own_shared,lock,100000,169741,1.69741,0
52,28,scene_4096_attachments,own_local,attachment,98304,148860,1.51428222656,98304
52,29,copy_read_drop,own_shared,copy,100000,478749,4.78749,2350000
52,30,group_setup_then_64_copies,std_shared,group,1562,1305181,835.583226633,2349248
52,31,resource_lifecycle_64_assets_4096_objects,std_shared,cycle,10,404919,40491.9,17203200
52,32,share_read_drop,std_shared,handoff,100000,1423126,14.23126,2350000
52,33,group_setup_then_1_copies,own_local,group,100000,2362416,23.62416,2000000
52,34,scene_4096_attachments,std_shared,attachment,98304,595472,6.05745442708,98304
52,35,create_read_destroy,own_shared,asset,100000,1374024,13.74024,65000400000
52,36,copy_read_drop,std_shared,copy,100000,1212185,12.12185,2350000
53,0,async_queue_job_64_local_copies,std_shared,job,100,272544,2725.44,150400
53,1,group_setup_then_1_copies,std_shared,group,100000,2193672,21.93672,2000000
53,2,copy_read_drop,own_shared,copy,100000,467722,4.67722,2350000
53,3,create_read_destroy,own_shared,asset,100000,1365320,13.6532,65000400000
53,4,group_setup_then_1024_copies,std_shared,group,97,1203992,12412.2886598,2334208
53,5,scene_4096_attachments,std_shared,attachment,98304,743440,7.56266276042,98304
53,6,weak_lock_live,std_shared,lock,100000,980932,9.80932,2350000
53,7,async_queue_job_1024_local_copies,own_local,job,100,515363,5153.63,2406400
53,8,group_setup_then_64_copies,own_local,group,1562,165004,105.636363636,2349248
53,9,scene_4096_attachments,own_local,attachment,98304,148099,1.50654093424,98304
53,10,resource_lifecycle_64_assets_4096_objects,own_local,cycle,10,265924,26592.4,17203200
53,11,share_read_drop,own_shared,handoff,100000,442685,4.42685,2350000
53,12,copy_read_drop,own_local,copy,100000,121800,1.218,2350000
53,13,create_read_destroy,own_local,asset,100000,2219034,22.19034,65000400000
53,14,resource_lifecycle_64_assets_4096_objects,std_shared,cycle,10,392752,39275.2,17203200
53,15,weak_lock_live,own_shared,lock,100000,470766,4.70766,2350000
53,16,share_read_drop,std_shared,handoff,100000,1209660,12.0966,2350000
53,17,async_queue_job_64_local_copies,own_local,job,100,87890,878.9,150400
53,18,async_queue_job_1_local_copies,std_shared,job,100,66538,665.38,2000
53,19,contended_copy_2_workers,std_shared,copy,200000,4168655,20.843275,4700000
53,20,borrow_read,raw_borrow,read,100000,54491,0.54491,2350000
53,21,async_queue_job_1_local_copies,own_local,job,100,53169,531.69,2000
53,22,weak_lock_expired,std_shared,lock,100000,186236,1.86236,0
53,23,weak_lock_expired,own_shared,lock,100000,135551,1.35551,0
53,24,contended_copy_2_workers,own_shared,copy,200000,3351511,16.757555,4700000
53,25,group_setup_then_1024_copies,own_local,group,97,139156,1434.59793814,2334208
53,26,frame_4096_draws_64_unique_leases,own_shared,frame,24,91516,3813.16666667,41287680
53,27,localize_read_drop,own_local,group,100000,1107530,11.0753,2350000
53,28,async_queue_job_1024_local_copies,std_shared,job,100,1713876,17138.76,2406400
53,29,group_setup_then_1_copies,own_local,group,100000,2004897,20.04897,2000000
53,30,group_setup_then_8_copies,own_local,group,12500,336898,26.95184,2350000
53,31,localize_read_drop,std_shared,group,100000,1193797,11.93797,2350000
53,32,group_setup_then_64_copies,std_shared,group,1562,1202099,769.589628681,2349248
53,33,frame_4096_draws_64_unique_leases,std_shared,frame,24,91976,3832.33333333,41287680
53,34,copy_read_drop,std_shared,copy,100000,1188309,11.88309,2350000
53,35,group_setup_then_8_copies,std_shared,group,12500,1409737,112.77896,2350000
53,36,create_read_destroy,std_shared,asset,100000,1124805,11.24805,65000400000
54,0,weak_lock_expired,std_shared,lock,100000,173296,1.73296,0
54,1,create_read_destroy,std_shared,asset,100000,1143793,11.43793,65000400000
54,2,group_setup_then_1_copies,own_local,group,100000,1961092,19.61092,2000000
54,3,group_setup_then_64_copies,std_shared,group,1562,1159706,742.449423816,2349248
54,4,frame_4096_draws_64_unique_leases,std_shared,frame,24,91696,3820.66666667,41287680
54,5,async_queue_job_1024_local_copies,own_local,job,100,396467,3964.67,2406400
54,6,async_queue_job_1024_local_copies,std_shared,job,100,1828356,18283.56,2406400
54,7,contended_copy_2_workers,own_shared,copy,200000,3118716,15.59358,4700000
54,8,resource_lifecycle_64_assets_4096_objects,std_shared,cycle,10,369136,36913.6,17203200
54,9,weak_lock_expired,own_shared,lock,100000,135651,1.35651,0
54,10,copy_read_drop,std_shared,copy,100000,1179806,11.79806,2350000
54,11,group_setup_then_8_copies,std_shared,group,12500,1250221,100.01768,2350000
54,12,async_queue_job_1_local_copies,own_local,job,100,51266,512.66,2000
54,13,weak_lock_live,std_shared,lock,100000,929085,9.29085,2350000
54,14,group_setup_then_8_copies,own_local,group,12500,414053,33.12424,2350000
54,15,group_setup_then_1_copies,std_shared,group,100000,1909596,19.09596,2000000
54,16,localize_read_drop,own_local,group,100000,1162170,11.6217,2350000
54,17,group_setup_then_1024_copies,own_local,group,97,137323,1415.70103093,2334208
54,18,copy_read_drop,own_shared,copy,100000,455173,4.55173,2350000
54,19,scene_4096_attachments,std_shared,attachment,98304,506429,5.15166219076,98304
54,20,async_queue_job_64_local_copies,own_local,job,100,76563,765.63,150400
54,21,group_setup_then_64_copies,own_local,group,1562,166837,106.809859155,2349248
54,22,create_read_destroy,own_shared,asset,100000,1309288,13.09288,65000400000
54,23,scene_4096_attachments,own_local,attachment,98304,158955,1.61697387695,98304
54,24,localize_read_drop,std_shared,group,100000,1270230,12.7023,2350000
54,25,contended_copy_2_workers,std_shared,copy,200000,4522533,22.612665,4700000
54,26,create_read_destroy,own_local,asset,100000,2230512,22.30512,65000400000
54,27,share_read_drop,std_shared,handoff,100000,1198284,11.98284,2350000
54,28,async_queue_job_1_local_copies,std_shared,job,100,70385,703.85,2000
54,29,async_queue_job_64_local_copies,std_shared,job,100,206626,2066.26,150400
54,30,borrow_read,raw_borrow,read,100000,54471,0.54471,2350000
54,31,frame_4096_draws_64_unique_leases,own_shared,frame,24,96763,4031.79166667,41287680
54,32,resource_lifecycle_64_assets_4096_objects,own_local,cycle,10,242229,24222.9,17203200
54,33,share_read_drop,own_shared,handoff,100000,488843,4.88843,2350000
54,34,weak_lock_live,own_shared,lock,100000,446871,4.46871,2350000
54,35,group_setup_then_1024_copies,std_shared,group,97,1155510,11912.4742268,2334208
54,36,copy_read_drop,own_local,copy,100000,121700,1.217,2350000
55,0,group_setup_then_8_copies,std_shared,group,12500,1330038,106.40304,2350000
55,1,copy_read_drop,own_local,copy,100000,167598,1.67598,2350000
55,2,copy_read_drop,own_shared,copy,100000,474211,4.74211,2350000
55,3,resource_lifecycle_64_assets_4096_objects,std_shared,cycle,10,342818,34281.8,17203200
55,4,localize_read_drop,std_shared,group,100000,1196390,11.9639,2350000
55,5,scene_4096_attachments,own_local,attachment,98304,146967,1.49502563477,98304
55,6,contended_copy_2_workers,own_shared,copy,200000,2800474,14.00237,4700000
55,7,resource_lifecycle_64_assets_4096_objects,own_local,cycle,10,240616,24061.6,17203200
55,8,async_queue_job_1024_local_copies,std_shared,job,100,1776159,17761.59,2406400
55,9,weak_lock_live,own_shared,lock,100000,481582,4.81582,2350000
55,10,weak_lock_expired,std_shared,lock,100000,162641,1.62641,0
55,11,create_read_destroy,own_local,asset,100000,2103794,21.03794,65000400000
55,12,async_queue_job_1024_local_copies,own_local,job,100,464978,4649.78,2406400
55,13,create_read_destroy,std_shared,asset,100000,1438078,14.38078,65000400000
55,14,group_setup_then_64_copies,std_shared,group,1562,1260957,807.270806658,2349248
55,15,copy_read_drop,std_shared,copy,100000,1165765,11.65765,2350000
55,16,scene_4096_attachments,std_shared,attachment,98304,576193,5.86133829753,98304
55,17,group_setup_then_1_copies,own_local,group,100000,1905370,19.0537,2000000
55,18,frame_4096_draws_64_unique_leases,std_shared,frame,24,90494,3770.58333333,41287680
55,19,async_queue_job_1_local_copies,std_shared,job,100,102662,1026.62,2000
55,20,share_read_drop,own_shared,handoff,100000,446882,4.46882,2350000
55,21,group_setup_then_1024_copies,own_local,group,97,167468,1726.4742268,2334208
55,22,async_queue_job_64_local_copies,own_local,job,100,191894,1918.94,150400
55,23,group_setup_then_8_copies,own_local,group,12500,346192,27.69536,2350000
55,24,frame_4096_draws_64_unique_leases,own_shared,frame,24,152485,6353.54166667,41287680
55,25,create_read_destroy,own_shared,asset,100000,1517616,15.17616,65000400000
55,26,weak_lock_expired,own_shared,lock,100000,136532,1.36532,0
55,27,async_queue_job_64_local_copies,std_shared,job,100,196892,1968.92,150400
55,28,contended_copy_2_workers,std_shared,copy,200000,4001422,20.00711,4700000
55,29,group_setup_then_1_copies,std_shared,group,100000,1893823,18.93823,2000000
55,30,group_setup_then_1024_copies,std_shared,group,97,1168400,12045.3608247,2334208
55,31,borrow_read,raw_borrow,read,100000,54520,0.5452,2350000
55,32,share_read_drop,std_shared,handoff,100000,1493931,14.93931,2350000
55,33,group_setup_then_64_copies,own_local,group,1562,166307,106.470550576,2349248
55,34,async_queue_job_1_local_copies,own_local,job,100,51586,515.86,2000
55,35,localize_read_drop,own_local,group,100000,1062713,10.62713,2350000
55,36,weak_lock_live,std_shared,lock,100000,903737,9.03737,2350000
56,0,async_queue_job_1_local_copies,own_local,job,100,49233,492.33,2000
56,1,group_setup_then_64_copies,std_shared,group,1562,1271632,814.104993598,2349248
56,2,scene_4096_attachments,std_shared,attachment,98304,513580,5.22440592448,98304
56,3,share_read_drop,std_shared,handoff,100000,1171614,11.71614,2350000
56,4,create_read_destroy,own_local,asset,100000,2105586,21.05586,65000400000
56,5,create_read_destroy,std_shared,asset,100000,1362597,13.62597,65000400000
56,6,group_setup_then_1024_copies,std_shared,group,97,1214027,12515.742268,2334208
56,7,copy_read_drop,std_shared,copy,100000,1178104,11.78104,2350000
56,8,weak_lock_live,std_shared,lock,100000,919511,9.19511,2350000
56,9,group_setup_then_64_copies,own_local,group,1562,163893,104.925096031,2349248
56,10,group_setup_then_8_copies,std_shared,group,12500,1265933,101.27464,2350000
56,11,localize_read_drop,std_shared,group,100000,1179836,11.79836,2350000
56,12,async_queue_job_1024_local_copies,std_shared,job,100,1884238,18842.38,2406400
56,13,copy_read_drop,own_shared,copy,100000,475083,4.75083,2350000
56,14,weak_lock_expired,std_shared,lock,100000,162651,1.62651,0
56,15,group_setup_then_1_copies,own_local,group,100000,1906021,19.06021,2000000
56,16,async_queue_job_1_local_copies,std_shared,job,100,47420,474.2,2000
56,17,borrow_read,raw_borrow,read,100000,68761,0.68761,2350000
56,18,group_setup_then_1024_copies,own_local,group,97,139316,1436.24742268,2334208
56,19,group_setup_then_8_copies,own_local,group,12500,387634,31.01072,2350000
56,20,frame_4096_draws_64_unique_leases,own_shared,frame,24,119046,4960.25,41287680
56,21,localize_read_drop,own_local,group,100000,1142190,11.4219,2350000
56,22,create_read_destroy,own_shared,asset,100000,1214587,12.14587,65000400000
56,23,group_setup_then_1_copies,std_shared,group,100000,1946751,19.46751,2000000
56,24,async_queue_job_1024_local_copies,own_local,job,100,442094,4420.94,2406400
56,25,resource_lifecycle_64_assets_4096_objects,own_local,cycle,10,255158,25515.8,17203200
56,26,copy_read_drop,own_local,copy,100000,121410,1.2141,2350000
56,27,weak_lock_expired,own_shared,lock,100000,135551,1.35551,0
56,28,resource_lifecycle_64_assets_4096_objects,std_shared,cycle,10,343118,34311.8,17203200
56,29,contended_copy_2_workers,std_shared,copy,200000,3854605,19.273025,4700000
56,30,share_read_drop,own_shared,handoff,100000,509915,5.09915,2350000
56,31,async_queue_job_64_local_copies,own_local,job,100,73178,731.78,150400
56,32,contended_copy_2_workers,own_shared,copy,200000,3089713,15.448565,4700000
56,33,scene_4096_attachments,own_local,attachment,98304,183141,1.8630065918,98304
56,34,async_queue_job_64_local_copies,std_shared,job,100,279704,2797.04,150400
56,35,weak_lock_live,own_shared,lock,100000,475734,4.75734,2350000
56,36,frame_4096_draws_64_unique_leases,std_shared,frame,24,92176,3840.66666667,41287680
57,0,scene_4096_attachments,std_shared,attachment,98304,491467,4.99946085612,98304
57,1,create_read_destroy,own_local,asset,100000,2141640,21.4164,65000400000
57,2,create_read_destroy,own_shared,asset,100000,1247096,12.47096,65000400000
57,3,share_read_drop,own_shared,handoff,100000,441584,4.41584,2350000
57,4,group_setup_then_1_copies,own_local,group,100000,1870549,18.70549,2000000
57,5,group_setup_then_1024_copies,std_shared,group,97,1140158,11754.2061856,2334208
57,6,resource_lifecycle_64_assets_4096_objects,own_local,cycle,10,238984,23898.4,17203200
57,7,async_queue_job_64_local_copies,own_local,job,100,69893,698.93,150400
57,8,frame_4096_draws_64_unique_leases,std_shared,frame,24,105045,4376.875,41287680
57,9,weak_lock_expired,own_shared,lock,100000,135441,1.35441,0
57,10,contended_copy_2_workers,std_shared,copy,200000,4453321,22.266605,4700000
57,11,borrow_read,raw_borrow,read,100000,54230,0.5423,2350000
57,12,share_read_drop,std_shared,handoff,100000,1183822,11.83822,2350000
57,13,copy_read_drop,own_local,copy,100000,121239,1.21239,2350000
57,14,group_setup_then_64_copies,std_shared,group,1562,1237942,792.536491677,2349248
57,15,create_read_destroy,std_shared,asset,100000,1143102,11.43102,65000400000
57,16,localize_read_drop,own_local,group,100000,1708689,17.08689,2350000
57,17,group_setup_then_1024_copies,own_local,group,97,138685,1429.74226804,2334208
57,18,group_setup_then_8_copies,std_shared,group,12500,1337910,107.0328,2350000
57,19,copy_read_drop,own_shared,copy,100000,474763,4.74763,2350000
57,20,group_setup_then_64_copies,own_local,group,1562,212074,135.770806658,2349248
57,21,resource_lifecycle_64_assets_4096_objects,std_shared,cycle,10,375796,37579.6,17203200
57,22,weak_lock_expired,std_shared,lock,100000,162531,1.62531,0
57,23,async_queue_job_1024_local_copies,std_shared,job,100,1941284,19412.84,2406400
57,24,localize_read_drop,std_shared,group,100000,1169841,11.69841,2350000
57,25,async_queue_job_1_local_copies,own_local,job,100,61881,618.81,2000
57,26,group_setup_then_1_copies,std_shared,group,100000,1949976,19.49976,2000000
57,27,scene_4096_attachments,own_local,attachment,98304,174167,1.7717183431,98304
57,28,copy_read_drop,std_shared,copy,100000,1264652,12.64652,2350000
57,29,group_setup_then_8_copies,own_local,group,12500,517606,41.40848,2350000
57,30,contended_copy_2_workers,own_shared,copy,200000,2591555,12.957775,4700000
57,31,frame_4096_draws_64_unique_leases,own_shared,frame,24,93729,3905.375,41287680
57,32,weak_lock_live,std_shared,lock,100000,1064065,10.64065,2350000
57,33,async_queue_job_64_local_copies,std_shared,job,100,288087,2880.87,150400
57,34,async_queue_job_1024_local_copies,own_local,job,100,471608,4716.08,2406400
57,35,async_queue_job_1_local_copies,std_shared,job,100,49383,493.83,2000
57,36,weak_lock_live,own_shared,lock,100000,460051,4.60051,2350000
58,0,group_setup_then_1_copies,own_local,group,100000,1912821,19.12821,2000000
58,1,share_read_drop,own_shared,handoff,100000,458969,4.58969,2350000
58,2,group_setup_then_64_copies,own_local,group,1562,164523,105.328425096,2349248
58,3,frame_4096_draws_64_unique_leases,std_shared,frame,24,93258,3885.75,41287680
58,4,group_setup_then_8_copies,std_shared,group,12500,1241968,99.35744,2350000
58,5,async_queue_job_1_local_copies,own_local,job,100,43775,437.75,2000
58,6,weak_lock_expired,own_shared,lock,100000,160677,1.60677,0
58,7,resource_lifecycle_64_assets_4096_objects,std_shared,cycle,10,352492,35249.2,17203200
58,8,group_setup_then_8_copies,own_local,group,12500,331801,26.54408,2350000
58,9,async_queue_job_64_local_copies,std_shared,job,100,228028,2280.28,150400
58,10,copy_read_drop,own_shared,copy,100000,479340,4.7934,2350000
58,11,scene_4096_attachments,std_shared,attachment,98304,493611,5.02127075195,98304
58,12,async_queue_job_1024_local_copies,std_shared,job,100,1850740,18507.4,2406400
58,13,borrow_read,raw_borrow,read,100000,58476,0.58476,2350000
58,14,async_queue_job_1024_local_copies,own_local,job,100,364550,3645.5,2406400
58,15,create_read_destroy,own_local,asset,100000,2509454,25.09454,65000400000
58,16,group_setup_then_64_copies,std_shared,group,1562,1165815,746.360435339,2349248
58,17,weak_lock_expired,std_shared,lock,100000,192795,1.92795,0
58,18,resource_lifecycle_64_assets_4096_objects,own_local,cycle,10,438479,43847.9,17203200
58,19,contended_copy_2_workers,std_shared,copy,200000,4414605,22.073025,4700000
58,20,create_read_destroy,std_shared,asset,100000,1210282,12.10282,65000400000
58,21,copy_read_drop,std_shared,copy,100000,1169791,11.69791,2350000
58,22,frame_4096_draws_64_unique_leases,own_shared,frame,24,96122,4005.08333333,41287680
58,23,async_queue_job_1_local_copies,std_shared,job,100,69103,691.03,2000
58,24,group_setup_then_1_copies,std_shared,group,100000,1905551,19.05551,2000000
58,25,group_setup_then_1024_copies,std_shared,group,97,1148650,11841.7525773,2334208
58,26,group_setup_then_1024_copies,own_local,group,97,137053,1412.91752577,2334208
58,27,scene_4096_attachments,own_local,attachment,98304,148009,1.5056254069,98304
58,28,localize_read_drop,own_local,group,100000,1068792,10.68792,2350000
58,29,share_read_drop,std_shared,handoff,100000,1197822,11.97822,2350000
58,30,copy_read_drop,own_local,copy,100000,122261,1.22261,2350000
58,31,weak_lock_live,own_shared,lock,100000,447002,4.47002,2350000
58,32,contended_copy_2_workers,own_shared,copy,200000,3068532,15.34266,4700000
58,33,weak_lock_live,std_shared,lock,100000,923807,9.23807,2350000
58,34,async_queue_job_64_local_copies,own_local,job,100,81541,815.41,150400
58,35,create_read_destroy,own_shared,asset,100000,1317750,13.1775,65000400000
58,36,localize_read_drop,std_shared,group,100000,1188259,11.88259,2350000
59,0,async_queue_job_64_local_copies,std_shared,job,100,275197,2751.97,150400
59,1,copy_read_drop,own_shared,copy,100000,483316,4.83316,2350000
59,2,weak_lock_live,std_shared,lock,100000,889466,8.89466,2350000
59,3,group_setup_then_1024_copies,own_local,group,97,150593,1552.50515464,2334208
59,4,group_setup_then_64_copies,std_shared,group,1562,1188178,760.677336748,2349248
59,5,create_read_destroy,own_local,asset,100000,2269920,22.6992,65000400000
59,6,group_setup_then_8_copies,own_local,group,12500,331039,26.48312,2350000
59,7,copy_read_drop,std_shared,copy,100000,1169802,11.69802,2350000
59,8,resource_lifecycle_64_assets_4096_objects,std_shared,cycle,10,343799,34379.9,17203200
59,9,async_queue_job_1024_local_copies,own_local,job,100,856378,8563.78,2406400
59,10,group_setup_then_64_copies,own_local,group,1562,176161,112.779129321,2349248
59,11,scene_4096_attachments,own_local,attachment,98304,148540,1.51102701823,98304
59,12,contended_copy_2_workers,own_shared,copy,200000,2805522,14.02761,4700000
59,13,share_read_drop,std_shared,handoff,100000,1194909,11.94909,2350000
59,14,localize_read_drop,own_local,group,100000,1111896,11.11896,2350000
59,15,localize_read_drop,std_shared,group,100000,1189691,11.89691,2350000
59,16,async_queue_job_1024_local_copies,std_shared,job,100,1884799,18847.99,2406400
59,17,weak_lock_expired,own_shared,lock,100000,143762,1.43762,0
59,18,async_queue_job_1_local_copies,std_shared,job,100,77495,774.95,2000
59,19,create_read_destroy,std_shared,asset,100000,1471368,14.71368,65000400000
59,20,contended_copy_2_workers,std_shared,copy,200000,3656301,18.281505,4700000
59,21,frame_4096_draws_64_unique_leases,std_shared,frame,24,93188,3882.83333333,41287680
59,22,group_setup_then_8_copies,std_shared,group,12500,1254256,100.34048,2350000
59,23,borrow_read,raw_borrow,read,100000,54831,0.54831,2350000
59,24,async_queue_job_1_local_copies,own_local,job,100,49884,498.84,2000
59,25,weak_lock_expired,std_shared,lock,100000,224082,2.24082,0
59,26,create_read_destroy,own_shared,asset,100000,1274186,12.74186,65000400000
59,27,resource_lifecycle_64_assets_4096_objects,own_local,cycle,10,236310,23631,17203200
59,28,scene_4096_attachments,std_shared,attachment,98304,750621,7.63571166992,98304
59,29,group_setup_then_1024_copies,std_shared,group,97,1150062,11856.3092784,2334208
59,30,group_setup_then_1_copies,std_shared,group,100000,1878330,18.7833,2000000
59,31,frame_4096_draws_64_unique_leases,own_shared,frame,24,95010,3958.75,41287680
59,32,group_setup_then_1_copies,own_local,group,100000,1914413,19.14413,2000000
59,33,share_read_drop,own_shared,handoff,100000,441423,4.41423,2350000
59,34,async_queue_job_64_local_copies,own_local,job,100,73218,732.18,150400
59,35,weak_lock_live,own_shared,lock,100000,474162,4.74162,2350000
59,36,copy_read_drop,own_local,copy,100000,121480,1.2148,2350000
60,0,async_queue_job_1_local_copies,std_shared,job,100,66038,660.38,2000
60,1,group_setup_then_1024_copies,std_shared,group,97,1155500,11912.371134,2334208
60,2,resource_lifecycle_64_assets_4096_objects,own_local,cycle,10,234047,23404.7,17203200
60,3,contended_copy_2_workers,own_shared,copy,200000,3018137,15.090685,4700000
60,4,share_read_drop,own_shared,handoff,100000,474302,4.74302,2350000
60,5,create_read_destroy,own_shared,asset,100000,1214528,12.14528,65000400000
60,6,create_read_destroy,std_shared,asset,100000,1124565,11.24565,65000400000
60,7,frame_4096_draws_64_unique_leases,own_shared,frame,24,91576,3815.66666667,41287680
60,8,async_queue_job_64_local_copies,own_local,job,100,71005,710.05,150400
60,9,weak_lock_live,std_shared,lock,100000,928744,9.28744,2350000
60,10,group_setup_then_8_copies,std_shared,group,12500,1540249,123.21992,2350000
60,11,create_read_destroy,own_local,asset,100000,2124584,21.24584,65000400000
60,12,weak_lock_live,own_shared,lock,100000,446831,4.46831,2350000
60,13,resource_lifecycle_64_assets_4096_objects,std_shared,cycle,10,363778,36377.8,17203200
60,14,async_queue_job_1024_local_copies,own_local,job,100,445940,4459.4,2406400
60,15,async_queue_job_1_local_copies,own_local,job,100,33470,334.7,2000
60,16,copy_read_drop,own_local,copy,100000,121209,1.21209,2350000
60,17,async_queue_job_1024_local_copies,std_shared,job,100,1851781,18517.81,2406400
60,18,weak_lock_expired,std_shared,lock,100000,227416,2.27416,0
60,19,group_setup_then_1_copies,own_local,group,100000,1930056,19.30056,2000000
60,20,localize_read_drop,own_local,group,100000,1079758,10.79758,2350000
60,21,weak_lock_expired,own_shared,lock,100000,148279,1.48279,0
60,22,group_setup_then_1024_copies,own_local,group,97,242128,2496.16494845,2334208
60,23,contended_copy_2_workers,std_shared,copy,200000,3879642,19.39821,4700000
60,24,copy_read_drop,own_shared,copy,100000,503014,5.03014,2350000
60,25,group_setup_then_1_copies,std_shared,group,100000,1915695,19.15695,2000000
60,26,group_setup_then_64_copies,own_local,group,1562,164053,105.027528809,2349248
60,27,frame_4096_draws_64_unique_leases,std_shared,frame,24,91576,3815.66666667,41287680
60,28,scene_4096_attachments,std_shared,attachment,98304,525888,5.349609375,98304
60,29,group_setup_then_64_copies,std_shared,group,1562,1204162,770.910371319,2349248
60,30,copy_read_drop,std_shared,copy,100000,1287115,12.87115,2350000
60,31,localize_read_drop,std_shared,group,100000,1189501,11.89501,2350000
60,32,group_setup_then_8_copies,own_local,group,12500,388345,31.0676,2350000
60,33,borrow_read,raw_borrow,read,100000,58757,0.58757,2350000
60,34,scene_4096_attachments,own_local,attachment,98304,149501,1.52080281576,98304
60,35,async_queue_job_64_local_copies,std_shared,job,100,233996,2339.96,150400
60,36,share_read_drop,std_shared,handoff,100000,1616022,16.16022,2350000
61,0,group_setup_then_64_copies,own_local,group,1562,216039,138.30921895,2349248
61,1,resource_lifecycle_64_assets_4096_objects,own_local,cycle,10,264281,26428.1,17203200
61,2,weak_lock_live,std_shared,lock,100000,1081701,10.81701,2350000
61,3,contended_copy_2_workers,std_shared,copy,200000,3134399,15.671995,4700000
61,4,weak_lock_expired,std_shared,lock,100000,162531,1.62531,0
61,5,create_read_destroy,own_local,asset,100000,2227667,22.27667,65000400000
61,6,weak_lock_live,own_shared,lock,100000,481302,4.81302,2350000
61,7,scene_4096_attachments,std_shared,attachment,98304,492859,5.01362101237,98304
61,8,async_queue_job_64_local_copies,std_shared,job,100,268538,2685.38,150400
61,9,group_setup_then_8_copies,std_shared,group,12500,1278452,102.27616,2350000
61,10,share_read_drop,own_shared,handoff,100000,443847,4.43847,2350000
61,11,async_queue_job_1024_local_copies,std_shared,job,100,1879241,18792.41,2406400
61,12,group_setup_then_64_copies,std_shared,group,1562,1195590,765.422535211,2349248
61,13,copy_read_drop,std_shared,copy,100000,1169641,11.69641,2350000
61,14,async_queue_job_64_local_copies,own_local,job,100,77594,775.94,150400
61,15,scene_4096_attachments,own_local,attachment,98304,148029,1.50582885742,98304
61,16,frame_4096_draws_64_unique_leases,std_shared,frame,24,89733,3738.875,41287680
61,17,weak_lock_expired,own_shared,lock,100000,135721,1.35721,0
61,18,group_setup_then_1024_copies,own_local,group,97,140237,1445.74226804,2334208
61,19,frame_4096_draws_64_unique_leases,own_shared,frame,24,90213,3758.875,41287680
61,20,create_read_destroy,own_shared,asset,100000,1284471,12.84471,65000400000
61,21,group_setup_then_8_copies,own_local,group,12500,331661,26.53288,2350000
61,22,group_setup_then_1_copies,own_local,group,100000,1936737,19.36737,2000000
61,23,localize_read_drop,std_shared,group,100000,1251392,12.51392,2350000
61,24,copy_read_drop,own_shared,copy,100000,488894,4.88894,2350000
61,25,share_read_drop,std_shared,handoff,100000,1242239,12.42239,2350000
61,26,copy_read_drop,own_local,copy,100000,121479,1.21479,2350000
61,27,async_queue_job_1024_local_copies,own_local,job,100,371370,3713.7,2406400
61,28,group_setup_then_1024_copies,std_shared,group,97,1201068,12382.1443299,2334208
61,29,async_queue_job_1_local_copies,std_shared,job,100,77014,770.14,2000
61,30,create_read_destroy,std_shared,asset,100000,1225935,12.25935,65000400000
61,31,borrow_read,raw_borrow,read,100000,54231,0.54231,2350000
61,32,localize_read_drop,own_local,group,100000,1086057,10.86057,2350000
61,33,contended_copy_2_workers,own_shared,copy,200000,3144724,15.72362,4700000
61,34,group_setup_then_1_copies,std_shared,group,100000,1862417,18.62417,2000000
61,35,resource_lifecycle_64_assets_4096_objects,std_shared,cycle,10,378200,37820,17203200
61,36,async_queue_job_1_local_copies,own_local,job,100,53920,539.2,2000
62,0,group_setup_then_1_copies,std_shared,group,100000,1902326,19.02326,2000000
62,1,async_queue_job_64_local_copies,std_shared,job,100,859352,8593.52,150400
62,2,localize_read_drop,own_local,group,100000,1672786,16.72786,2350000
62,3,weak_lock_expired,std_shared,lock,100000,162640,1.6264,0
62,4,group_setup_then_64_copies,own_local,group,1562,166617,106.669014085,2349248
62,5,async_queue_job_1_local_copies,std_shared,job,100,49002,490.02,2000
62,6,async_queue_job_1_local_copies,own_local,job,100,48752,487.52,2000
62,7,weak_lock_expired,own_shared,lock,100000,135731,1.35731,0
62,8,frame_4096_draws_64_unique_leases,own_shared,frame,24,116742,4864.25,41287680
62,9,resource_lifecycle_64_assets_4096_objects,own_local,cycle,10,240226,24022.6,17203200
62,10,async_queue_job_64_local_copies,own_local,job,100,58076,580.76,150400
62,11,group_setup_then_1024_copies,std_shared,group,97,1150473,11860.5463918,2334208
62,12,scene_4096_attachments,own_local,attachment,98304,147749,1.50298055013,98304
62,13,group_setup_then_64_copies,std_shared,group,1562,1161950,743.886043534,2349248
62,14,group_setup_then_8_copies,std_shared,group,12500,1268768,101.50144,2350000
62,15,weak_lock_live,own_shared,lock,100000,447522,4.47522,2350000
62,16,create_read_destroy,own_shared,asset,100000,1370579,13.70579,65000400000
62,17,async_queue_job_1024_local_copies,std_shared,job,100,2220517,22205.17,2406400
62,18,scene_4096_attachments,std_shared,attachment,98304,499840,5.08463541667,98304
62,19,borrow_read,raw_borrow,read,100000,62793,0.62793,2350000
62,20,localize_read_drop,std_shared,group,100000,1206566,12.06566,2350000
62,21,create_read_destroy,own_local,asset,100000,2157123,21.57123,65000400000
62,22,contended_copy_2_workers,own_shared,copy,200000,2024387,10.121935,4700000
62,23,copy_read_drop,own_local,copy,100000,122461,1.22461,2350000
62,24,group_setup_then_1024_copies,own_local,group,97,138294,1425.71134021,2334208
62,25,create_read_destroy,std_shared,asset,100000,1129682,11.29682,65000400000
62,26,share_read_drop,std_shared,handoff,100000,1163622,11.63622,2350000
62,27,copy_read_drop,std_shared,copy,100000,1230822,12.30822,2350000
62,28,group_setup_then_1_copies,own_local,group,100000,1880774,18.80774,2000000
62,29,share_read_drop,own_shared,handoff,100000,457327,4.57327,2350000
62,30,contended_copy_2_workers,std_shared,copy,200000,3502725,17.513625,4700000
62,31,copy_read_drop,own_shared,copy,100000,683732,6.83732,2350000
62,32,weak_lock_live,std_shared,lock,100000,969735,9.69735,2350000
62,33,async_queue_job_1024_local_copies,own_local,job,100,369257,3692.57,2406400
62,34,resource_lifecycle_64_assets_4096_objects,std_shared,cycle,10,383458,38345.8,17203200
62,35,frame_4096_draws_64_unique_leases,std_shared,frame,24,167418,6975.75,41287680
62,36,group_setup_then_8_copies,own_local,group,12500,336157,26.89256,2350000
63,0,group_setup_then_1024_copies,own_local,group,97,136652,1408.78350515,2334208
63,1,group_setup_then_64_copies,std_shared,group,1562,1336368,855.549295775,2349248
63,2,share_read_drop,std_shared,handoff,100000,1279033,12.79033,2350000
63,3,localize_read_drop,std_shared,group,100000,1217072,12.17072,2350000
63,4,group_setup_then_1_copies,own_local,group,100000,2159707,21.59707,2000000
63,5,scene_4096_attachments,std_shared,attachment,98304,570484,5.80326334635,98304
63,6,async_queue_job_64_local_copies,std_shared,job,100,216801,2168.01,150400
63,7,async_queue_job_64_local_copies,own_local,job,100,191334,1913.34,150400
63,8,copy_read_drop,own_local,copy,100000,124865,1.24865,2350000
63,9,create_read_destroy,own_shared,asset,100000,1262899,12.62899,65000400000
63,10,create_read_destroy,own_local,asset,100000,2322397,23.22397,65000400000
63,11,copy_read_drop,own_shared,copy,100000,455163,4.55163,2350000
63,12,share_read_drop,own_shared,handoff,100000,460191,4.60191,2350000
63,13,frame_4096_draws_64_unique_leases,std_shared,frame,24,90554,3773.08333333,41287680
63,14,group_setup_then_1024_copies,std_shared,group,97,1271241,13105.5773196,2334208
63,15,weak_lock_live,own_shared,lock,100000,468033,4.68033,2350000
63,16,async_queue_job_1_local_copies,std_shared,job,100,60099,600.99,2000
63,17,contended_copy_2_workers,std_shared,copy,200000,3691534,18.45767,4700000
63,18,frame_4096_draws_64_unique_leases,own_shared,frame,24,96513,4021.375,41287680
63,19,async_queue_job_1024_local_copies,own_local,job,100,403578,4035.78,2406400
63,20,weak_lock_expired,std_shared,lock,100000,162681,1.62681,0
63,21,copy_read_drop,std_shared,copy,100000,1195279,11.95279,2350000
63,22,async_queue_job_1_local_copies,own_local,job,100,33840,338.4,2000
63,23,contended_copy_2_workers,own_shared,copy,200000,2674439,13.372195,4700000
63,24,resource_lifecycle_64_assets_4096_objects,own_local,cycle,10,241618,24161.8,17203200
63,25,scene_4096_attachments,own_local,attachment,98304,161499,1.6428527832,98304
63,26,group_setup_then_8_copies,own_local,group,12500,332712,26.61696,2350000
63,27,async_queue_job_1024_local_copies,std_shared,job,100,1661739,16617.39,2406400
63,28,create_read_destroy,std_shared,asset,100000,1132597,11.32597,65000400000
63,29,group_setup_then_8_copies,std_shared,group,12500,1246665,99.7332,2350000
63,30,group_setup_then_1_copies,std_shared,group,100000,2229209,22.29209,2000000
63,31,group_setup_then_64_copies,own_local,group,1562,209250,133.962868118,2349248
63,32,weak_lock_live,std_shared,lock,100000,1090114,10.90114,2350000
63,33,localize_read_drop,own_local,group,100000,1106748,11.06748,2350000
63,34,resource_lifecycle_64_assets_4096_objects,std_shared,cycle,10,346803,34680.3,17203200
63,35,borrow_read,raw_borrow,read,100000,54341,0.54341,2350000
63,36,weak_lock_expired,own_shared,lock,100000,135601,1.35601,0
64,0,group_setup_then_1024_copies,std_shared,group,97,1359392,14014.3505155,2334208
64,1,resource_lifecycle_64_assets_4096_objects,std_shared,cycle,10,357640,35764,17203200
64,2,borrow_read,raw_borrow,read,100000,54230,0.5423,2350000
64,3,copy_read_drop,own_shared,copy,100000,455224,4.55224,2350000
64,4,group_setup_then_1_copies,std_shared,group,100000,2130223,21.30223,2000000
64,5,scene_4096_attachments,std_shared,attachment,98304,532267,5.41449991862,98304
64,6,share_read_drop,own_shared,handoff,100000,454242,4.54242,2350000
64,7,copy_read_drop,own_local,copy,100000,134960,1.3496,2350000
64,8,group_setup_then_64_copies,own_local,group,1562,164874,105.553137004,2349248
64,9,group_setup_then_8_copies,own_local,group,12500,331651,26.53208,2350000
64,10,weak_lock_expired,std_shared,lock,100000,162941,1.62941,0
64,11,localize_read_drop,own_local,group,100000,1185435,11.85435,2350000
64,12,share_read_drop,std_shared,handoff,100000,1194248,11.94248,2350000
64,13,group_setup_then_1_copies,own_local,group,100000,2158275,21.58275,2000000
64,14,async_queue_job_1024_local_copies,std_shared,job,100,1769299,17692.99,2406400
64,15,async_queue_job_64_local_copies,own_local,job,100,70825,708.25,150400
64,16,async_queue_job_64_local_copies,std_shared,job,100,192155,1921.55,150400
64,17,contended_copy_2_workers,own_shared,copy,200000,1324230,6.62115,4700000
64,18,async_queue_job_1_local_copies,own_local,job,100,60129,601.29,2000
64,19,resource_lifecycle_64_assets_4096_objects,own_local,cycle,10,378330,37833,17203200
64,20,frame_4096_draws_64_unique_leases,std_shared,frame,24,91325,3805.20833333,41287680
64,21,localize_read_drop,std_shared,group,100000,1279974,12.79974,2350000
64,22,scene_4096_attachments,own_local,attachment,98304,148720,1.51285807292,98304
64,23,create_read_destroy,std_shared,asset,100000,1139958,11.39958,65000400000
64,24,group_setup_then_1024_copies,own_local,group,97,138024,1422.92783505,2334208
64,25,create_read_destroy,own_local,asset,100000,2395396,23.95396,65000400000
64,26,weak_lock_live,std_shared,lock,100000,946181,9.46181,2350000
64,27,frame_4096_draws_64_unique_leases,own_shared,frame,24,91766,3823.58333333,41287680
64,28,async_queue_job_1_local_copies,std_shared,job,100,68471,684.71,2000
64,29,contended_copy_2_workers,std_shared,copy,200000,4000201,20.001005,4700000
64,30,create_read_destroy,own_shared,asset,100000,1274015,12.74015,65000400000
64,31,async_queue_job_1024_local_copies,own_local,job,100,439380,4393.8,2406400
64,32,weak_lock_live,own_shared,lock,100000,447002,4.47002,2350000
64,33,copy_read_drop,std_shared,copy,100000,1553730,15.5373,2350000
64,34,weak_lock_expired,own_shared,lock,100000,135771,1.35771,0
64,35,group_setup_then_8_copies,std_shared,group,12500,1469895,117.5916,2350000
64,36,group_setup_then_64_copies,std_shared,group,1562,1317750,843.629961588,2349248
65,0,weak_lock_live,std_shared,lock,100000,986350,9.8635,2350000
65,1,group_setup_then_64_copies,own_local,group,1562,163673,104.78425096,2349248
65,2,async_queue_job_64_local_copies,own_local,job,100,78326,783.26,150400
65,3,group_setup_then_64_copies,std_shared,group,1562,1166456,746.770806658,2349248
65,4,copy_read_drop,std_shared,copy,100000,1217462,12.17462,2350000
65,5,group_setup_then_8_copies,std_shared,group,12500,1295427,103.63416,2350000
65,6,scene_4096_attachments,std_shared,attachment,98304,616322,6.26955159505,98304
65,7,weak_lock_expired,std_shared,lock,100000,162530,1.6253,0
65,8,weak_lock_live,own_shared,lock,100000,477106,4.77106,2350000
65,9,localize_read_drop,std_shared,group,100000,1167057,11.67057,2350000
65,10,copy_read_drop,own_shared,copy,100000,508692,5.08692,2350000
65,11,async_queue_job_1024_local_copies,own_local,job,100,431889,4318.89,2406400
65,12,create_read_destroy,own_local,asset,100000,2111485,21.11485,65000400000
65,13,contended_copy_2_workers,std_shared,copy,200000,3375606,16.87803,4700000
65,14,borrow_read,raw_borrow,read,100000,54220,0.5422,2350000
65,15,group_setup_then_1024_copies,own_local,group,97,162891,1679.28865979,2334208
65,16,contended_copy_2_workers,own_shared,copy,200000,2517846,12.58923,4700000
65,17,group_setup_then_1_copies,own_local,group,100000,1855306,18.55306,2000000
65,18,copy_read_drop,own_local,copy,100000,121660,1.2166,2350000
65,19,frame_4096_draws_64_unique_leases,own_shared,frame,24,93038,3876.58333333,41287680
65,20,group_setup_then_1024_copies,std_shared,group,97,1175911,12122.7938144,2334208
65,21,group_setup_then_1_copies,std_shared,group,100000,2159797,21.59797,2000000
65,22,scene_4096_attachments,own_local,attachment,98304,147188,1.49727376302,98304
65,23,share_read_drop,own_shared,handoff,100000,445069,4.45069,2350000
65,24,localize_read_drop,own_local,group,100000,1216820,12.1682,2350000
65,25,async_queue_job_1024_local_copies,std_shared,job,100,1703010,17030.1,2406400
65,26,share_read_drop,std_shared,handoff,100000,1168991,11.68991,2350000
65,27,weak_lock_expired,own_shared,lock,100000,135530,1.3553,0
65,28,create_read_destroy,own_shared,asset,100000,1236460,12.3646,65000400000
65,29,async_queue_job_1_local_copies,own_local,job,100,65577,655.77,2000
65,30,resource_lifecycle_64_assets_4096_objects,std_shared,cycle,10,347003,34700.3,17203200
65,31,frame_4096_draws_64_unique_leases,std_shared,frame,24,90453,3768.875,41287680
65,32,resource_lifecycle_64_assets_4096_objects,own_local,cycle,10,229039,22903.9,17203200
65,33,create_read_destroy,std_shared,asset,100000,1218003,12.18003,65000400000
65,34,async_queue_job_64_local_copies,std_shared,job,100,260516,2605.16,150400
65,35,async_queue_job_1_local_copies,std_shared,job,100,33189,331.89,2000
65,36,group_setup_then_8_copies,own_local,group,12500,684263,54.74104,2350000
66,0,contended_copy_2_workers,std_shared,copy,200000,4179967,20.899835,4700000
66,1,group_setup_then_1_copies,own_local,group,100000,1980571,19.80571,2000000
66,2,group_setup_then_8_copies,std_shared,group,12500,1240746,99.25968,2350000
66,3,contended_copy_2_workers,own_shared,copy,200000,2865381,14.326905,4700000
66,4,frame_4096_draws_64_unique_leases,own_shared,frame,24,94269,3927.875,41287680
66,5,copy_read_drop,std_shared,copy,100000,1347865,13.47865,2350000
66,6,weak_lock_expired,std_shared,lock,100000,162510,1.6251,0
66,7,async_queue_job_64_local_copies,std_shared,job,100,244462,2444.62,150400
66,8,async_queue_job_64_local_copies,own_local,job,100,93919,939.19,150400
66,9,copy_read_drop,own_shared,copy,100000,455314,4.55314,2350000
66,10,frame_4096_draws_64_unique_leases,std_shared,frame,24,91526,3813.58333333,41287680
66,11,share_read_drop,std_shared,handoff,100000,1266414,12.66414,2350000
66,12,weak_lock_expired,own_shared,lock,100000,201298,2.01298,0
66,13,group_setup_then_1024_copies,own_local,group,97,138365,1426.44329897,2334208
66,14,copy_read_drop,own_local,copy,100000,121440,1.2144,2350000
66,15,group_setup_then_64_copies,std_shared,group,1562,1172305,750.515364917,2349248
66,16,create_read_destroy,own_shared,asset,100000,1521472,15.21472,65000400000
66,17,weak_lock_live,std_shared,lock,100000,1010826,10.10826,2350000
66,18,group_setup_then_64_copies,own_local,group,1562,164514,105.322663252,2349248
66,19,async_queue_job_1_local_copies,std_shared,job,100,116923,1169.23,2000
66,20,create_read_destroy,std_shared,asset,100000,1140808,11.40808,65000400000
66,21,localize_read_drop,std_shared,group,100000,1255809,12.55809,2350000
66,22,scene_4096_attachments,std_shared,attachment,98304,494061,5.02584838867,98304
66,23,resource_lifecycle_64_assets_4096_objects,own_local,cycle,10,287466,28746.6,17203200
66,24,group_setup_then_1_copies,std_shared,group,100000,2092277,20.92277,2000000
66,25,async_queue_job_1_local_copies,own_local,job,100,56023,560.23,2000
66,26,group_setup_then_8_copies,own_local,group,12500,358050,28.644,2350000
66,27,scene_4096_attachments,own_local,attachment,98304,149031,1.51602172852,98304
66,28,resource_lifecycle_64_assets_4096_objects,std_shared,cycle,10,344851,34485.1,17203200
66,29,localize_read_drop,own_local,group,100000,1409396,14.09396,2350000
66,30,borrow_read,raw_borrow,read,100000,54381,0.54381,2350000
66,31,group_setup_then_1024_copies,std_shared,group,97,1368926,14112.6391753,2334208
66,32,async_queue_job_1024_local_copies,std_shared,job,100,1878390,18783.9,2406400
66,33,share_read_drop,own_shared,handoff,100000,478619,4.78619,2350000
66,34,weak_lock_live,own_shared,lock,100000,462184,4.62184,2350000
66,35,create_read_destroy,own_local,asset,100000,2643102,26.43102,65000400000
66,36,async_queue_job_1024_local_copies,own_local,job,100,483606,4836.06,2406400
67,0,borrow_read,raw_borrow,read,100000,63634,0.63634,2350000
67,1,group_setup_then_64_copies,std_shared,group,1562,1185094,758.702944942,2349248
67,2,async_queue_job_64_local_copies,own_local,job,100,75882,758.82,150400
67,3,resource_lifecycle_64_assets_4096_objects,std_shared,cycle,10,604745,60474.5,17203200
67,4,frame_4096_draws_64_unique_leases,std_shared,frame,24,91355,3806.45833333,41287680
67,5,scene_4096_attachments,own_local,attachment,98304,147188,1.49727376302,98304
67,6,async_queue_job_1_local_copies,std_shared,job,100,43484,434.84,2000
67,7,contended_copy_2_workers,own_shared,copy,200000,1677643,8.388215,4700000
67,8,group_setup_then_1024_copies,std_shared,group,97,1254607,12934.0927835,2334208
67,9,async_queue_job_1_local_copies,own_local,job,100,50785,507.85,2000
67,10,group_setup_then_1_copies,std_shared,group,100000,1940823,19.40823,2000000
67,11,async_queue_job_1024_local_copies,std_shared,job,100,1591105,15911.05,2406400
67,12,share_read_drop,own_shared,handoff,100000,722880,7.2288,2350000
67,13,weak_lock_expired,std_shared,lock,100000,163061,1.63061,0
67,14,group_setup_then_8_copies,std_shared,group,12500,1306464,104.51712,2350000
67,15,group_setup_then_8_copies,own_local,group,12500,335227,26.81816,2350000
67,16,async_queue_job_64_local_copies,std_shared,job,100,218263,2182.63,150400
67,17,localize_read_drop,std_shared,group,100000,1401164,14.01164,2350000
67,18,create_read_destroy,own_shared,asset,100000,1361545,13.61545,65000400000
67,19,weak_lock_live,std_shared,lock,100000,1249730,12.4973,2350000
67,20,group_setup_then_1024_copies,own_local,group,97,138786,1430.78350515,2334208
67,21,localize_read_drop,own_local,group,100000,1111215,11.11215,2350000
67,22,create_read_destroy,std_shared,asset,100000,1127369,11.27369,65000400000
67,23,copy_read_drop,own_shared,copy,100000,521001,5.21001,2350000
67,24,contended_copy_2_workers,std_shared,copy,200000,4262990,21.31495,4700000
67,25,copy_read_drop,std_shared,copy,100000,1359763,13.59763,2350000
67,26,group_setup_then_1_copies,own_local,group,100000,1947072,19.47072,2000000
67,27,resource_lifecycle_64_assets_4096_objects,own_local,cycle,10,239584,23958.4,17203200
67,28,create_read_destroy,own_local,asset,100000,2159857,21.59857,65000400000
67,29,scene_4096_attachments,std_shared,attachment,98304,494532,5.03063964844,98304
67,30,group_setup_then_64_copies,own_local,group,1562,209289,133.987836108,2349248
67,31,share_read_drop,std_shared,handoff,100000,1205714,12.05714,2350000
67,32,copy_read_drop,own_local,copy,100000,133177,1.33177,2350000
67,33,async_queue_job_1024_local_copies,own_local,job,100,422795,4227.95,2406400
67,34,frame_4096_draws_64_unique_leases,own_shared,frame,24,98236,4093.16666667,41287680
67,35,weak_lock_expired,own_shared,lock,100000,135550,1.3555,0
67,36,weak_lock_live,own_shared,lock,100000,484407,4.84407,2350000
68,0,localize_read_drop,std_shared,group,100000,1355325,13.55325,2350000
68,1,group_setup_then_1024_copies,std_shared,group,97,1202770,12399.6907216,2334208
68,2,weak_lock_expired,own_shared,lock,100000,135460,1.3546,0
68,3,copy_read_drop,std_shared,copy,100000,1195500,11.955,2350000
68,4,group_setup_then_8_copies,std_shared,group,12500,1333784,106.70272,2350000
68,5,scene_4096_attachments,std_shared,attachment,98304,492680,5.01180013021,98304
68,6,resource_lifecycle_64_assets_4096_objects,std_shared,cycle,10,361334,36133.4,17203200
68,7,async_queue_job_1024_local_copies,own_local,job,100,416637,4166.37,2406400
68,8,async_queue_job_64_local_copies,own_local,job,100,81811,818.11,150400
68,9,create_read_destroy,std_shared,asset,100000,1237812,12.37812,65000400000
68,10,share_read_drop,std_shared,handoff,100000,1193266,11.93266,2350000
68,11,group_setup_then_1024_copies,own_local,group,97,138655,1429.43298969,2334208
68,12,async_queue_job_64_local_copies,std_shared,job,100,298621,2986.21,150400
68,13,borrow_read,raw_borrow,read,100000,54460,0.5446,2350000
68,14,weak_lock_expired,std_shared,lock,100000,162641,1.62641,0
68,15,group_setup_then_8_copies,own_local,group,12500,358150,28.652,2350000
68,16,group_setup_then_64_copies,std_shared,group,1562,1200146,768.339308579,2349248
68,17,localize_read_drop,own_local,group,100000,1225043,12.25043,2350000
68,18,async_queue_job_1024_local_copies,std_shared,job,100,1737932,17379.32,2406400
68,19,frame_4096_draws_64_unique_leases,std_shared,frame,24,91455,3810.625,41287680
68,20,async_queue_job_1_local_copies,std_shared,job,100,35733,357.33,2000
68,21,create_read_destroy,own_shared,asset,100000,1526169,15.26169,65000400000
68,22,create_read_destroy,own_local,asset,100000,2183181,21.83181,65000400000
68,23,weak_lock_live,std_shared,lock,100000,914985,9.14985,2350000
68,24,copy_read_drop,own_local,copy,100000,121570,1.2157,2350000
68,25,contended_copy_2_workers,std_shared,copy,200000,3851430,19.25715,4700000
68,26,group_setup_then_1_copies,std_shared,group,100000,2016334,20.16334,2000000
68,27,copy_read_drop,own_shared,copy,100000,455294,4.55294,2350000
68,28,async_queue_job_1_local_copies,own_local,job,100,64415,644.15,2000
68,29,resource_lifecycle_64_assets_4096_objects,own_local,cycle,10,262168,26216.8,17203200
68,30,scene_4096_attachments,own_local,attachment,98304,149902,1.5248819987,98304
68,31,group_setup_then_64_copies,own_local,group,1562,165144,105.725992318,2349248
68,32,share_read_drop,own_shared,handoff,100000,493901,4.93901,2350000
68,33,contended_copy_2_workers,own_shared,copy,200000,3203662,16.01831,4700000
68,34,group_setup_then_1_copies,own_local,group,100000,1836528,18.36528,2000000
68,35,weak_lock_live,own_shared,lock,100000,484257,4.84257,2350000
68,36,frame_4096_draws_64_unique_leases,own_shared,frame,24,92236,3843.16666667,41287680
69,0,create_read_destroy,own_local,asset,100000,2166106,21.66106,65000400000
69,1,weak_lock_live,std_shared,lock,100000,1171444,11.71444,2350000
69,2,share_read_drop,std_shared,handoff,100000,1359733,13.59733,2350000
69,3,group_setup_then_1024_copies,own_local,group,97,173567,1789.35051546,2334208
69,4,contended_copy_2_workers,own_shared,copy,200000,2290169,11.450845,4700000
69,5,frame_4096_draws_64_unique_leases,std_shared,frame,24,184273,7678.04166667,41287680
69,6,group_setup_then_64_copies,std_shared,group,1562,1396557,894.082586428,2349248
69,7,group_setup_then_64_copies,own_local,group,1562,165195,105.758642766,2349248
69,8,weak_lock_expired,std_shared,lock,100000,162791,1.62791,0
69,9,borrow_read,raw_borrow,read,100000,54671,0.54671,2350000
69,10,group_setup_then_8_copies,std_shared,group,12500,1239584,99.16672,2350000
69,11,weak_lock_expired,own_shared,lock,100000,151935,1.51935,0
69,12,copy_read_drop,own_local,copy,100000,122181,1.22181,2350000
69,13,async_queue_job_64_local_copies,own_local,job,100,88241,882.41,150400
69,14,group_setup_then_1024_copies,std_shared,group,97,1219825,12575.5154639,2334208
69,15,localize_read_drop,own_local,group,100000,1112857,11.12857,2350000
69,16,contended_copy_2_workers,std_shared,copy,200000,3934934,19.67467,4700000
69,17,create_read_destroy,own_shared,asset,100000,1370458,13.70458,65000400000
69,18,weak_lock_live,own_shared,lock,100000,467772,4.67772,2350000
69,19,async_queue_job_1024_local_copies,own_local,job,100,727416,7274.16,2406400
69,20,frame_4096_draws_64_unique_leases,own_shared,frame,24,92888,3870.33333333,41287680
69,21,async_queue_job_1_local_copies,std_shared,job,100,83774,837.74,2000
69,22,create_read_destroy,std_shared,asset,100000,1228528,12.28528,65000400000
69,23,scene_4096_attachments,std_shared,attachment,98304,542803,5.52167765299,98304
69,24,group_setup_then_1_copies,own_local,group,100000,1848837,18.48837,2000000
69,25,scene_4096_attachments,own_local,attachment,98304,163172,1.65987141927,98304
69,26,group_setup_then_8_copies,own_local,group,12500,332041,26.56328,2350000
69,27,group_setup_then_1_copies,std_shared,group,100000,1934914,19.34914,2000000
69,28,resource_lifecycle_64_assets_4096_objects,own_local,cycle,10,239525,23952.5,17203200
69,29,copy_read_drop,own_shared,copy,100000,506760,5.0676,2350000
69,30,localize_read_drop,std_shared,group,100000,1173497,11.73497,2350000
69,31,share_read_drop,own_shared,handoff,100000,441644,4.41644,2350000
69,32,copy_read_drop,std_shared,copy,100000,1307716,13.07716,2350000
69,33,async_queue_job_1024_local_copies,std_shared,job,100,1664263,16642.63,2406400
69,34,resource_lifecycle_64_assets_4096_objects,std_shared,cycle,10,376858,37685.8,17203200
69,35,async_queue_job_64_local_copies,std_shared,job,100,179346,1793.46,150400
69,36,async_queue_job_1_local_copies,own_local,job,100,75972,759.72,2000
70,0,group_setup_then_64_copies,own_local,group,1562,165384,105.879641485,2349248
70,1,create_read_destroy,own_local,asset,100000,2222319,22.22319,65000400000
70,2,group_setup_then_1024_copies,std_shared,group,97,1233936,12720.9896907,2334208
70,3,localize_read_drop,own_local,group,100000,1108590,11.0859,2350000
70,4,localize_read_drop,std_shared,group,100000,1194418,11.94418,2350000
70,5,group_setup_then_1024_copies,own_local,group,97,202470,2087.31958763,2334208
70,6,scene_4096_attachments,std_shared,attachment,98304,494622,5.03155517578,98304
70,7,group_setup_then_64_copies,std_shared,group,1562,1281847,820.6446863,2349248
70,8,contended_copy_2_workers,std_shared,copy,200000,4024567,20.122835,4700000
70,9,async_queue_job_64_local_copies,own_local,job,100,93058,930.58,150400
70,10,copy_read_drop,std_shared,copy,100000,1401103,14.01103,2350000
70,11,async_queue_job_1024_local_copies,std_shared,job,100,2080279,20802.79,2406400
70,12,resource_lifecycle_64_assets_4096_objects,own_local,cycle,10,269930,26993,17203200
70,13,async_queue_job_1_local_copies,std_shared,job,100,48031,480.31,2000
70,14,scene_4096_attachments,own_local,attachment,98304,147128,1.49666341146,98304
70,15,async_queue_job_1024_local_copies,own_local,job,100,389226,3892.26,2406400
70,16,group_setup_then_1_copies,std_shared,group,100000,1902475,19.02475,2000000
70,17,copy_read_drop,own_local,copy,100000,122471,1.22471,2350000
70,18,contended_copy_2_workers,own_shared,copy,200000,2129582,10.64791,4700000
70,19,group_setup_then_8_copies,std_shared,group,12500,1349017,107.92136,2350000
70,20,group_setup_then_1_copies,own_local,group,100000,2129582,21.29582,2000000
70,21,weak_lock_live,own_shared,lock,100000,570435,5.70435,2350000
70,22,weak_lock_expired,std_shared,lock,100000,223021,2.23021,0
70,23,frame_4096_draws_64_unique_leases,std_shared,frame,24,91665,3819.375,41287680
70,24,create_read_destroy,own_shared,asset,100000,1338461,13.38461,65000400000
70,25,copy_read_drop,own_shared,copy,100000,517146,5.17146,2350000
70,26,resource_lifecycle_64_assets_4096_objects,std_shared,cycle,10,631124,63112.4,17203200
70,27,frame_4096_draws_64_unique_leases,own_shared,frame,24,96743,4030.95833333,41287680
70,28,borrow_read,raw_borrow,read,100000,54230,0.5423,2350000
70,29,share_read_drop,own_shared,handoff,100000,460351,4.60351,2350000
70,30,async_queue_job_1_local_copies,own_local,job,100,61140,611.4,2000
70,31,weak_lock_expired,own_shared,lock,100000,135470,1.3547,0
70,32,group_setup_then_8_copies,own_local,group,12500,505959,40.47672,2350000
70,33,weak_lock_live,std_shared,lock,100000,920542,9.20542,2350000
70,34,async_queue_job_64_local_copies,std_shared,job,100,190241,1902.41,150400
70,35,create_read_destroy,std_shared,asset,100000,1313895,13.13895,65000400000
70,36,share_read_drop,std_shared,handoff,100000,1228728,12.28728,2350000
71,0,group_setup_then_8_copies,std_shared,group,12500,1343148,107.45184,2350000
71,1,scene_4096_attachments,std_shared,attachment,98304,493250,5.01759847005,98304
71,2,localize_read_drop,std_shared,group,100000,1237131,12.37131,2350000
71,3,create_read_destroy,own_shared,asset,100000,1443987,14.43987,65000400000
71,4,weak_lock_live,std_shared,lock,100000,963826,9.63826,2350000
71,5,copy_read_drop,std_shared,copy,100000,1417578,14.17578,2350000
71,6,group_setup_then_1024_copies,own_local,group,97,138656,1429.44329897,2334208
71,7,group_setup_then_1024_copies,std_shared,group,97,1152065,11876.9587629,2334208
71,8,frame_4096_draws_64_unique_leases,own_shared,frame,24,165785,6907.70833333,41287680
71,9,async_queue_job_64_local_copies,own_local,job,100,91095,910.95,150400
71,10,scene_4096_attachments,own_local,attachment,98304,147027,1.49563598633,98304
71,11,async_queue_job_1_local_copies,std_shared,job,100,62643,626.43,2000
71,12,async_queue_job_1024_local_copies,std_shared,job,100,1902626,19026.26,2406400
71,13,group_setup_then_1_copies,std_shared,group,100000,2296379,22.96379,2000000
71,14,weak_lock_live,own_shared,lock,100000,505077,5.05077,2350000
71,15,group_setup_then_64_copies,std_shared,group,1562,1177663,753.945582586,2349248
71,16,async_queue_job_1_local_copies,own_local,job,100,47290,472.9,2000
71,17,share_read_drop,std_shared,handoff,100000,1175830,11.7583,2350000
71,18,resource_lifecycle_64_assets_4096_objects,own_local,cycle,10,236140,23614,17203200
71,19,borrow_read,raw_borrow,read,100000,54360,0.5436,2350000
71,20,create_read_destroy,own_local,asset,100000,2165925,21.65925,65000400000
71,21,share_read_drop,own_shared,handoff,100000,444207,4.44207,2350000
71,22,copy_read_drop,own_shared,copy,100000,545287,5.45287,2350000
71,23,frame_4096_draws_64_unique_leases,std_shared,frame,24,90313,3763.04166667,41287680
71,24,create_read_destroy,std_shared,asset,100000,1235458,12.35458,65000400000
71,25,weak_lock_expired,own_shared,lock,100000,138495,1.38495,0
71,26,weak_lock_expired,std_shared,lock,100000,162701,1.62701,0
71,27,async_queue_job_1024_local_copies,own_local,job,100,381074,3810.74,2406400
71,28,copy_read_drop,own_local,copy,100000,121480,1.2148,2350000
71,29,group_setup_then_1_copies,own_local,group,100000,1978749,19.78749,2000000
71,30,contended_copy_2_workers,own_shared,copy,200000,1801146,9.00573,4700000
71,31,group_setup_then_64_copies,own_local,group,1562,217773,139.419334187,2349248
71,32,localize_read_drop,own_local,group,100000,1171153,11.71153,2350000
71,33,async_queue_job_64_local_copies,std_shared,job,100,202430,2024.3,150400
71,34,contended_copy_2_workers,std_shared,copy,200000,3784862,18.92431,4700000
71,35,group_setup_then_8_copies,own_local,group,12500,440082,35.20656,2350000
71,36,resource_lifecycle_64_assets_4096_objects,std_shared,cycle,10,412470,41247,17203200
72,0,borrow_read,raw_borrow,read,100000,54240,0.5424,2350000
72,1,group_setup_then_64_copies,own_local,group,1562,163562,104.71318822,2349248
72,2,async_queue_job_64_local_copies,std_shared,job,100,175449,1754.49,150400
72,3,create_read_destroy,std_shared,asset,100000,1164484,11.64484,65000400000
72,4,share_read_drop,std_shared,handoff,100000,1272043,12.72043,2350000
72,5,resource_lifecycle_64_assets_4096_objects,own_local,cycle,10,338431,33843.1,17203200
72,6,group_setup_then_1024_copies,std_shared,group,97,1158695,11945.3092784,2334208
72,7,weak_lock_expired,own_shared,lock,100000,135581,1.35581,0
72,8,async_queue_job_1_local_copies,own_local,job,100,68602,686.02,2000
72,9,scene_4096_attachments,std_shared,attachment,98304,540299,5.49620564779,98304
72,10,copy_read_drop,own_shared,copy,100000,455354,4.55354,2350000
72,11,async_queue_job_64_local_copies,own_local,job,100,86448,864.48,150400
72,12,localize_read_drop,own_local,group,100000,1138976,11.38976,2350000
72,13,localize_read_drop,std_shared,group,100000,1472019,14.72019,2350000
72,14,copy_read_drop,own_local,copy,100000,121770,1.2177,2350000
72,15,group_setup_then_8_copies,own_local,group,12500,480541,38.44328,2350000
72,16,async_queue_job_1_local_copies,std_shared,job,100,54961,549.61,2000
72,17,contended_copy_2_workers,own_shared,copy,200000,3004587,15.022935,4700000
72,18,weak_lock_expired,std_shared,lock,100000,162640,1.6264,0
72,19,scene_4096_attachments,own_local,attachment,98304,150062,1.52650960286,98304
72,20,copy_read_drop,std_shared,copy,100000,1469725,14.69725,2350000
72,21,group_setup_then_8_copies,std_shared,group,12500,1291802,103.34416,2350000
72,22,group_setup_then_1_copies,std_shared,group,100000,1921644,19.21644,2000000
72,23,weak_lock_live,own_shared,lock,100000,447082,4.47082,2350000
72,24,weak_lock_live,std_shared,lock,100000,1028092,10.28092,2350000
72,25,contended_copy_2_workers,std_shared,copy,200000,4101331,20.506655,4700000
72,26,group_setup_then_64_copies,std_shared,group,1562,1414613,905.64212548,2349248
72,27,group_setup_then_1_copies,own_local,group,100000,1953772,19.53772,2000000
72,28,create_read_destroy,own_local,asset,100000,2156422,21.56422,65000400000
72,29,async_queue_job_1024_local_copies,std_shared,job,100,1714217,17142.17,2406400
72,30,share_read_drop,own_shared,handoff,100000,441714,4.41714,2350000
72,31,create_read_destroy,own_shared,asset,100000,1308407,13.08407,65000400000
72,32,frame_4096_draws_64_unique_leases,std_shared,frame,24,92416,3850.66666667,41287680
72,33,frame_4096_draws_64_unique_leases,own_shared,frame,24,93828,3909.5,41287680
72,34,async_queue_job_1024_local_copies,own_local,job,100,437728,4377.28,2406400
72,35,group_setup_then_1024_copies,own_local,group,97,136682,1409.09278351,2334208
72,36,resource_lifecycle_64_assets_4096_objects,std_shared,cycle,10,348005,34800.5,17203200
73,0,group_setup_then_1024_copies,own_local,group,97,148860,1534.63917526,2334208
73,1,resource_lifecycle_64_assets_4096_objects,own_local,cycle,10,246185,24618.5,17203200
73,2,create_read_destroy,own_local,asset,100000,2291943,22.91943,65000400000
73,3,async_queue_job_1024_local_copies,std_shared,job,100,1932760,19327.6,2406400
73,4,async_queue_job_64_local_copies,own_local,job,100,104535,1045.35,150400
73,5,async_queue_job_1_local_copies,own_local,job,100,115872,1158.72,2000
73,6,share_read_drop,own_shared,handoff,100000,464197,4.64197,2350000
73,7,weak_lock_expired,std_shared,lock,100000,162651,1.62651,0
73,8,contended_copy_2_workers,own_shared,copy,200000,2070375,10.351875,4700000
73,9,copy_read_drop,own_shared,copy,100000,454873,4.54873,2350000
73,10,frame_4096_draws_64_unique_leases,std_shared,frame,24,90674,3778.08333333,41287680
73,11,share_read_drop,std_shared,handoff,100000,1273044,12.73044,2350000
73,12,group_setup_then_64_copies,own_local,group,1562,179756,115.080665813,2349248
73,13,scene_4096_attachments,own_local,attachment,98304,153908,1.56563313802,98304
73,14,resource_lifecycle_64_assets_4096_objects,std_shared,cycle,10,342247,34224.7,17203200
73,15,group_setup_then_1_copies,own_local,group,100000,2343419,23.43419,2000000
73,16,async_queue_job_64_local_copies,std_shared,job,100,266033,2660.33,150400
73,17,async_queue_job_1024_local_copies,own_local,job,100,391369,3913.69,2406400
73,18,copy_read_drop,std_shared,copy,100000,1249720,12.4972,2350000
73,19,group_setup_then_1_copies,std_shared,group,100000,2202690,22.0269,2000000
73,20,create_read_destroy,std_shared,asset,100000,1228658,12.28658,65000400000
73,21,copy_read_drop,own_local,copy,100000,122161,1.22161,2350000
73,22,scene_4096_attachments,std_shared,attachment,98304,563244,5.72961425781,98304
73,23,borrow_read,raw_borrow,read,100000,54360,0.5436,2350000
73,24,weak_lock_live,own_shared,lock,100000,581451,5.81451,2350000
73,25,group_setup_then_8_copies,std_shared,group,12500,1282268,102.58144,2350000
73,26,localize_read_drop,own_local,group,100000,1117354,11.17354,2350000
73,27,group_setup_then_8_copies,own_local,group,12500,466060,37.2848,2350000
73,28,group_setup_then_64_copies,std_shared,group,1562,1531637,980.561459667,2349248
73,29,group_setup_then_1024_copies,std_shared,group,97,1421544,14655.0927835,2334208
73,30,weak_lock_live,std_shared,lock,100000,977858,9.77858,2350000
73,31,weak_lock_expired,own_shared,lock,100000,135610,1.3561,0
73,32,async_queue_job_1_local_copies,std_shared,job,100,59669,596.69,2000
73,33,contended_copy_2_workers,std_shared,copy,200000,3885261,19.426305,4700000
73,34,localize_read_drop,std_shared,group,100000,1487832,14.87832,2350000
73,35,frame_4096_draws_64_unique_leases,own_shared,frame,24,93197,3883.20833333,41287680
73,36,create_read_destroy,own_shared,asset,100000,1239995,12.39995,65000400000
74,0,contended_copy_2_workers,std_shared,copy,200000,3818731,19.093655,4700000
74,1,scene_4096_attachments,std_shared,attachment,98304,507361,5.16114298503,98304
74,2,copy_read_drop,std_shared,copy,100000,1209239,12.09239,2350000
74,3,borrow_read,raw_borrow,read,100000,54340,0.5434,2350000
74,4,async_queue_job_64_local_copies,std_shared,job,100,203792,2037.92,150400
74,5,group_setup_then_8_copies,own_local,group,12500,334144,26.73152,2350000
74,6,scene_4096_attachments,own_local,attachment,98304,170722,1.73667399089,98304
74,7,create_read_destroy,own_shared,asset,100000,1472640,14.7264,65000400000
74,8,weak_lock_expired,own_shared,lock,100000,135480,1.3548,0
74,9,group_setup_then_1_copies,std_shared,group,100000,2326113,23.26113,2000000
74,10,copy_read_drop,own_shared,copy,100000,473812,4.73812,2350000
74,11,create_read_destroy,own_local,asset,100000,2200737,22.00737,65000400000
74,12,async_queue_job_1024_local_copies,own_local,job,100,429465,4294.65,2406400
74,13,weak_lock_live,own_shared,lock,100000,622882,6.22882,2350000
74,14,weak_lock_live,std_shared,lock,100000,922065,9.22065,2350000
74,15,localize_read_drop,own_local,group,100000,1139687,11.39687,2350000
74,16,async_queue_job_1024_local_copies,std_shared,job,100,1656542,16565.42,2406400
74,17,resource_lifecycle_64_assets_4096_objects,own_local,cycle,10,290600,29060,17203200
74,18,resource_lifecycle_64_assets_4096_objects,std_shared,cycle,10,369557,36955.7,17203200
74,19,async_queue_job_64_local_copies,own_local,job,100,93188,931.88,150400
74,20,async_queue_job_1_local_copies,std_shared,job,100,43654,436.54,2000
74,21,group_setup_then_64_copies,own_local,group,1562,165194,105.758002561,2349248
74,22,group_setup_then_64_copies,std_shared,group,1562,1344310,860.633802817,2349248
74,23,frame_4096_draws_64_unique_leases,own_shared,frame,24,92537,3855.70833333,41287680
74,24,async_queue_job_1_local_copies,own_local,job,100,34010,340.1,2000
74,25,create_read_destroy,std_shared,asset,100000,2191874,21.91874,65000400000
74,26,contended_copy_2_workers,own_shared,copy,200000,2350629,11.753145,4700000
74,27,group_setup_then_8_copies,std_shared,group,12500,1443437,115.47496,2350000
74,28,group_setup_then_1_copies,own_local,group,100000,2058407,20.58407,2000000
74,29,share_read_drop,std_shared,handoff,100000,2730902,27.30902,2350000
74,30,localize_read_drop,std_shared,group,100000,1195880,11.9588,2350000
74,31,group_setup_then_1024_copies,std_shared,group,97,1498998,15453.5876289,2334208
74,32,copy_read_drop,own_local,copy,100000,122321,1.22321,2350000
74,33,group_setup_then_1024_copies,own_local,group,97,215489,2221.53608247,2334208
74,34,weak_lock_expired,std_shared,lock,100000,162660,1.6266,0
74,35,share_read_drop,own_shared,handoff,100000,573349,5.73349,2350000
74,36,frame_4096_draws_64_unique_leases,std_shared,frame,24,92477,3853.20833333,41287680
75,0,borrow_read,raw_borrow,read,100000,54241,0.54241,2350000
75,1,async_queue_job_1_local_copies,std_shared,job,100,63884,638.84,2000
75,2,weak_lock_live,own_shared,lock,100000,516254,5.16254,2350000
75,3,weak_lock_live,std_shared,lock,100000,959941,9.59941,2350000
75,4,group_setup_then_1024_copies,own_local,group,97,137193,1414.36082474,2334208
75,5,scene_4096_attachments,std_shared,attachment,98304,550314,5.59808349609,98304
75,6,group_setup_then_8_copies,own_local,group,12500,457377,36.59016,2350000
75,7,async_queue_job_1_local_copies,own_local,job,100,91616,916.16,2000
75,8,weak_lock_expired,std_shared,lock,100000,162721,1.62721,0
75,9,group_setup_then_8_copies,std_shared,group,12500,1352682,108.21456,2350000
75,10,contended_copy_2_workers,own_shared,copy,200000,2127519,10.637595,4700000
75,11,frame_4096_draws_64_unique_leases,std_shared,frame,24,156041,6501.70833333,41287680
75,12,group_setup_then_64_copies,std_shared,group,1562,1222529,782.669014085,2349248
75,13,copy_read_drop,std_shared,copy,100000,1202860,12.0286,2350000
75,14,group_setup_then_1_copies,std_shared,group,100000,2017566,20.17566,2000000
75,15,create_read_destroy,own_local,asset,100000,2497777,24.97777,65000400000
75,16,group_setup_then_64_copies,own_local,group,1562,165175,105.745838668,2349248
75,17,weak_lock_expired,own_shared,lock,100000,136101,1.36101,0
75,18,frame_4096_draws_64_unique_leases,own_shared,frame,24,137554,5731.41666667,41287680
75,19,resource_lifecycle_64_assets_4096_objects,std_shared,cycle,10,348285,34828.5,17203200
75,20,resource_lifecycle_64_assets_4096_objects,own_local,cycle,10,348265,34826.5,17203200
75,21,group_setup_then_1024_copies,std_shared,group,97,1153627,11893.0618557,2334208
75,22,copy_read_drop,own_shared,copy,100000,455083,4.55083,2350000
75,23,share_read_drop,std_shared,handoff,100000,1212755,12.12755,2350000
75,24,async_queue_job_1024_local_copies,std_shared,job,100,1764101,17641.01,2406400
75,25,localize_read_drop,std_shared,group,100000,1263410,12.6341,2350000
75,26,contended_copy_2_workers,std_shared,copy,200000,3963957,19.819785,4700000
75,27,share_read_drop,own_shared,handoff,100000,443226,4.43226,2350000
75,28,create_read_destroy,own_shared,asset,100000,1227106,12.27106,65000400000
75,29,async_queue_job_1024_local_copies,own_local,job,100,505819,5058.19,2406400
75,30,localize_read_drop,own_local,group,100000,1045988,10.45988,2350000
75,31,group_setup_then_1_copies,own_local,group,100000,2020280,20.2028,2000000
75,32,copy_read_drop,own_local,copy,100000,121560,1.2156,2350000
75,33,scene_4096_attachments,own_local,attachment,98304,148970,1.51540120443,98304
75,34,create_read_destroy,std_shared,asset,100000,1179646,11.79646,65000400000
75,35,async_queue_job_64_local_copies,std_shared,job,100,255458,2554.58,150400
75,36,async_queue_job_64_local_copies,own_local,job,100,159316,1593.16,150400
76,0,frame_4096_draws_64_unique_leases,std_shared,frame,24,90554,3773.08333333,41287680
76,1,async_queue_job_64_local_copies,own_local,job,100,95071,950.71,150400
76,2,resource_lifecycle_64_assets_4096_objects,own_local,cycle,10,297040,29704,17203200
76,3,copy_read_drop,own_shared,copy,100000,494612,4.94612,2350000
76,4,share_read_drop,std_shared,handoff,100000,1167899,11.67899,2350000
76,5,async_queue_job_1_local_copies,std_shared,job,100,43044,430.44,2000
76,6,contended_copy_2_workers,std_shared,copy,200000,3388115,16.940575,4700000
76,7,create_read_destroy,own_shared,asset,100000,1247556,12.47556,65000400000
76,8,frame_4096_draws_64_unique_leases,own_shared,frame,24,94570,3940.41666667,41287680
76,9,group_setup_then_8_copies,own_local,group,12500,343909,27.51272,2350000
76,10,localize_read_drop,std_shared,group,100000,1186076,11.86076,2350000
76,11,create_read_destroy,own_local,asset,100000,2178704,21.78704,65000400000
76,12,group_setup_then_1024_copies,std_shared,group,97,1167719,12038.3402062,2334208
76,13,weak_lock_live,std_shared,lock,100000,905370,9.0537,2350000
76,14,localize_read_drop,own_local,group,100000,1095702,10.95702,2350000
76,15,group_setup_then_1024_copies,own_local,group,97,135901,1401.04123711,2334208
76,16,group_setup_then_64_copies,own_local,group,1562,164544,105.341869398,2349248
76,17,async_queue_job_1024_local_copies,own_local,job,100,420433,4204.33,2406400
76,18,create_read_destroy,std_shared,asset,100000,1216591,12.16591,65000400000
76,19,weak_lock_expired,std_shared,lock,100000,162521,1.62521,0
76,20,async_queue_job_64_local_copies,std_shared,job,100,193627,1936.27,150400
76,21,weak_lock_live,own_shared,lock,100000,446901,4.46901,2350000
76,22,scene_4096_attachments,std_shared,attachment,98304,729920,7.42513020833,98304
76,23,share_read_drop,own_shared,handoff,100000,465569,4.65569,2350000
76,24,async_queue_job_1024_local_copies,std_shared,job,100,1625836,16258.36,2406400
76,25,group_setup_then_8_copies,std_shared,group,12500,1249569,99.96552,2350000
76,26,scene_4096_attachments,own_local,attachment,98304,226585,2.30494181315,98304
76,27,weak_lock_expired,own_shared,lock,100000,135571,1.35571,0
76,28,group_setup_then_1_copies,own_local,group,100000,1860884,18.60884,2000000
76,29,async_queue_job_1_local_copies,own_local,job,100,91285,912.85,2000
76,30,contended_copy_2_workers,own_shared,copy,200000,2625756,13.12878,4700000
76,31,group_setup_then_1_copies,std_shared,group,100000,1874855,18.74855,2000000
76,32,copy_read_drop,std_shared,copy,100000,1430157,14.30157,2350000
76,33,copy_read_drop,own_local,copy,100000,121520,1.2152,2350000
76,34,resource_lifecycle_64_assets_4096_objects,std_shared,cycle,10,349748,34974.8,17203200
76,35,group_setup_then_64_copies,std_shared,group,1562,1168189,747.88028169,2349248
76,36,borrow_read,raw_borrow,read,100000,54481,0.54481,2350000
77,0,weak_lock_live,std_shared,lock,100000,1135711,11.35711,2350000
77,1,group_setup_then_1_copies,own_local,group,100000,1845812,18.45812,2000000
77,2,weak_lock_expired,std_shared,lock,100000,175399,1.75399,0
77,3,group_setup_then_1024_copies,own_local,group,97,136161,1403.72164948,2334208
77,4,group_setup_then_64_copies,std_shared,group,1562,1160988,743.270166453,2349248
77,5,async_queue_job_1_local_copies,std_shared,job,100,67610,676.1,2000
77,6,localize_read_drop,own_local,group,100000,1135610,11.3561,2350000
77,7,copy_read_drop,std_shared,copy,100000,1177262,11.77262,2350000
77,8,async_queue_job_64_local_copies,std_shared,job,100,201358,2013.58,150400
77,9,localize_read_drop,std_shared,group,100000,1175309,11.75309,2350000
77,10,frame_4096_draws_64_unique_leases,own_shared,frame,24,93629,3901.20833333,41287680
77,11,share_read_drop,std_shared,handoff,100000,1230681,12.30681,2350000
77,12,weak_lock_expired,own_shared,lock,100000,135591,1.35591,0
77,13,async_queue_job_64_local_copies,own_local,job,100,126227,1262.27,150400
77,14,copy_read_drop,own_local,copy,100000,123543,1.23543,2350000
77,15,frame_4096_draws_64_unique_leases,std_shared,frame,24,91115,3796.45833333,41287680
77,16,share_read_drop,own_shared,handoff,100000,594309,5.94309,2350000
77,17,create_read_destroy,own_shared,asset,100000,1283039,12.83039,65000400000
77,18,contended_copy_2_workers,std_shared,copy,200000,3572928,17.86464,4700000
77,19,borrow_read,raw_borrow,read,100000,54490,0.5449,2350000
77,20,group_setup_then_64_copies,own_local,group,1562,198544,127.108834827,2349248
77,21,group_setup_then_8_copies,own_local,group,12500,358520,28.6816,2350000
77,22,group_setup_then_8_copies,std_shared,group,12500,1398360,111.8688,2350000
77,23,create_read_destroy,own_local,asset,100000,2597154,25.97154,65000400000
77,24,async_queue_job_1024_local_copies,own_local,job,100,375225,3752.25,2406400
77,25,weak_lock_live,own_shared,lock,100000,685074,6.85074,2350000
77,26,copy_read_drop,own_shared,copy,100000,455704,4.55704,2350000
77,27,scene_4096_attachments,own_local,attachment,98304,149121,1.51693725586,98304
77,28,resource_lifecycle_64_assets_4096_objects,std_shared,cycle,10,516685,51668.5,17203200
77,29,scene_4096_attachments,std_shared,attachment,98304,494051,5.02574666341,98304
77,30,group_setup_then_1_copies,std_shared,group,100000,2578226,25.78226,2000000
77,31,async_queue_job_1024_local_copies,std_shared,job,100,1703201,17032.01,2406400
77,32,group_setup_then_1024_copies,std_shared,group,97,1208448,12458.2268041,2334208
77,33,async_queue_job_1_local_copies,own_local,job,100,95131,951.31,2000
77,34,contended_copy_2_workers,own_shared,copy,200000,1886242,9.43121,4700000
77,35,create_read_destroy,std_shared,asset,100000,1181559,11.81559,65000400000
77,36,resource_lifecycle_64_assets_4096_objects,own_local,cycle,10,240406,24040.6,17203200
78,0,borrow_read,raw_borrow,read,100000,54440,0.5444,2350000
78,1,async_queue_job_1_local_copies,own_local,job,100,76423,764.23,2000
78,2,async_queue_job_64_local_copies,std_shared,job,100,249940,2499.4,150400
78,3,localize_read_drop,own_local,group,100000,1346864,13.46864,2350000
78,4,group_setup_then_64_copies,std_shared,group,1562,1175660,752.663252241,2349248
78,5,async_queue_job_1_local_copies,std_shared,job,100,47941,479.41,2000
78,6,create_read_destroy,own_local,asset,100000,2820084,28.20084,65000400000
78,7,frame_4096_draws_64_unique_leases,own_shared,frame,24,95711,3987.95833333,41287680
78,8,weak_lock_live,std_shared,lock,100000,1098325,10.98325,2350000
78,9,contended_copy_2_workers,own_shared,copy,200000,3367164,16.83582,4700000
78,10,create_read_destroy,own_shared,asset,100000,1250551,12.50551,65000400000
78,11,scene_4096_attachments,own_local,attachment,98304,150052,1.5264078776,98304
78,12,frame_4096_draws_64_unique_leases,std_shared,frame,24,92597,3858.20833333,41287680
78,13,weak_lock_expired,own_shared,lock,100000,135471,1.35471,0
78,14,contended_copy_2_workers,std_shared,copy,200000,4408795,22.043975,4700000
78,15,resource_lifecycle_64_assets_4096_objects,own_local,cycle,10,241057,24105.7,17203200
78,16,share_read_drop,own_shared,handoff,100000,441723,4.41723,2350000
78,17,create_read_destroy,std_shared,asset,100000,1393773,13.93773,65000400000
78,18,async_queue_job_1024_local_copies,own_local,job,100,426021,4260.21,2406400
78,19,weak_lock_live,own_shared,lock,100000,519298,5.19298,2350000
78,20,weak_lock_expired,std_shared,lock,100000,162521,1.62521,0
78,21,copy_read_drop,own_shared,copy,100000,455584,4.55584,2350000
78,22,group_setup_then_64_copies,own_local,group,1562,389837,249.575544174,2349248
78,23,scene_4096_attachments,std_shared,attachment,98304,496725,5.05294799805,98304
78,24,share_read_drop,std_shared,handoff,100000,1178304,11.78304,2350000
78,25,group_setup_then_1024_copies,std_shared,group,97,1257752,12966.5154639,2334208
78,26,group_setup_then_8_copies,std_shared,group,12500,1483766,118.70128,2350000
78,27,group_setup_then_1_copies,own_local,group,100000,1992909,19.92909,2000000
78,28,async_queue_job_64_local_copies,own_local,job,100,93147,931.47,150400
78,29,group_setup_then_1024_copies,own_local,group,97,135892,1400.94845361,2334208
78,30,group_setup_then_8_copies,own_local,group,12500,355456,28.43648,2350000
78,31,async_queue_job_1024_local_copies,std_shared,job,100,1664073,16640.73,2406400
78,32,group_setup_then_1_copies,std_shared,group,100000,1933812,19.33812,2000000
78,33,copy_read_drop,own_local,copy,100000,121660,1.2166,2350000
78,34,copy_read_drop,std_shared,copy,100000,1181469,11.81469,2350000
78,35,localize_read_drop,std_shared,group,100000,1164824,11.64824,2350000
78,36,resource_lifecycle_64_assets_4096_objects,std_shared,cycle,10,663382,66338.2,17203200
79,0,group_setup_then_1_copies,own_local,group,100000,2155831,21.55831,2000000
79,1,frame_4096_draws_64_unique_leases,own_shared,frame,24,95612,3983.83333333,41287680
79,2,localize_read_drop,own_local,group,100000,1108330,11.0833,2350000
79,3,weak_lock_live,std_shared,lock,100000,929145,9.29145,2350000
79,4,async_queue_job_64_local_copies,std_shared,job,100,259694,2596.94,150400
79,5,group_setup_then_1_copies,std_shared,group,100000,2087720,20.8772,2000000
79,6,copy_read_drop,std_shared,copy,100000,1174078,11.74078,2350000
79,7,share_read_drop,own_shared,handoff,100000,482925,4.82925,2350000
79,8,weak_lock_expired,std_shared,lock,100000,162641,1.62641,0
79,9,copy_read_drop,own_local,copy,100000,122501,1.22501,2350000
79,10,create_read_destroy,std_shared,asset,100000,1197973,11.97973,65000400000
79,11,contended_copy_2_workers,own_shared,copy,200000,3326543,16.632715,4700000
79,12,localize_read_drop,std_shared,group,100000,1210832,12.10832,2350000
79,13,scene_4096_attachments,own_local,attachment,98304,149071,1.51642862956,98304
79,14,copy_read_drop,own_shared,copy,100000,455044,4.55044,2350000
79,15,frame_4096_draws_64_unique_leases,std_shared,frame,24,90384,3766,41287680
79,16,group_setup_then_8_copies,std_shared,group,12500,1356107,108.48856,2350000
79,17,async_queue_job_1_local_copies,std_shared,job,100,66749,667.49,2000
79,18,contended_copy_2_workers,std_shared,copy,200000,6433281,32.166405,4700000
79,19,create_read_destroy,own_shared,asset,100000,2573319,25.73319,65000400000
79,20,share_read_drop,std_shared,handoff,100000,1166467,11.66467,2350000
79,21,group_setup_then_64_copies,own_local,group,1562,379362,242.869398207,2349248
79,22,async_queue_job_1024_local_copies,std_shared,job,100,1708479,17084.79,2406400
79,23,resource_lifecycle_64_assets_4096_objects,own_local,cycle,10,242078,24207.8,17203200
79,24,group_setup_then_1024_copies,own_local,group,97,161810,1668.1443299,2334208
79,25,create_read_destroy,own_local,asset,100000,2402226,24.02226,65000400000
79,26,group_setup_then_1024_copies,std_shared,group,97,1265403,13045.3917526,2334208
79,27,group_setup_then_8_copies,own_local,group,12500,421704,33.73632,2350000
79,28,async_queue_job_64_local_copies,own_local,job,100,115991,1159.91,150400
79,29,scene_4096_attachments,std_shared,attachment,98304,494852,5.03389485677,98304
79,30,group_setup_then_64_copies,std_shared,group,1562,1496164,957.851472471,2349248
79,31,borrow_read,raw_borrow,read,100000,54581,0.54581,2350000
79,32,resource_lifecycle_64_assets_4096_objects,std_shared,cycle,10,346713,34671.3,17203200
79,33,async_queue_job_1024_local_copies,own_local,job,100,472730,4727.3,2406400
79,34,weak_lock_live,own_shared,lock,100000,447412,4.47412,2350000
79,35,async_queue_job_1_local_copies,own_local,job,100,30736,307.36,2000
79,36,weak_lock_expired,own_shared,lock,100000,192865,1.92865,0
80,0,resource_lifecycle_64_assets_4096_objects,own_local,cycle,10,260526,26052.6,17203200
80,1,async_queue_job_64_local_copies,own_local,job,100,94450,944.5,150400
80,2,async_queue_job_1024_local_copies,own_local,job,100,363889,3638.89,2406400
80,3,group_setup_then_1_copies,std_shared,group,100000,1860935,18.60935,2000000
80,4,frame_4096_draws_64_unique_leases,std_shared,frame,24,91034,3793.08333333,41287680
80,5,async_queue_job_1024_local_copies,std_shared,job,100,4803329,48033.29,2406400
80,6,create_read_destroy,own_local,asset,100000,2413652,24.13652,65000400000
80,7,async_queue_job_1_local_copies,std_shared,job,100,76704,767.04,2000
80,8,async_queue_job_1_local_copies,own_local,job,100,168780,1687.8,2000
80,9,share_read_drop,own_shared,handoff,100000,521592,5.21592,2350000
80,10,scene_4096_attachments,std_shared,attachment,98304,1167393,11.8753356934,98304
80,11,group_setup_then_8_copies,own_local,group,12500,417948,33.43584,2350000
80,12,contended_copy_2_workers,std_shared,copy,200000,3687618,18.43809,4700000
80,13,weak_lock_live,own_shared,lock,100000,462905,4.62905,2350000
80,14,async_queue_job_64_local_copies,std_shared,job,100,197793,1977.93,150400
80,15,share_read_drop,std_shared,handoff,100000,1327665,13.27665,2350000
80,16,weak_lock_live,std_shared,lock,100000,990536,9.90536,2350000
80,17,localize_read_drop,own_local,group,100000,6102342,61.02342,2350000
80,18,frame_4096_draws_64_unique_leases,own_shared,frame,24,2265153,94381.375,41287680
80,19,copy_read_drop,own_shared,copy,100000,455514,4.55514,2350000
80,20,group_setup_then_64_copies,own_local,group,1562,163332,104.565941101,2349248
80,21,weak_lock_expired,std_shared,lock,100000,162761,1.62761,0
80,22,group_setup_then_1024_copies,std_shared,group,97,1169160,12053.1958763,2334208
80,23,resource_lifecycle_64_assets_4096_objects,std_shared,cycle,10,352321,35232.1,17203200
80,24,group_setup_then_1_copies,own_local,group,100000,7010145,70.10145,2000000
80,25,group_setup_then_64_copies,std_shared,group,1562,1285423,822.934058899,2349248
80,26,borrow_read,raw_borrow,read,100000,54501,0.54501,2350000
80,27,weak_lock_expired,own_shared,lock,100000,163572,1.63572,0
80,28,copy_read_drop,own_local,copy,100000,121850,1.2185,2350000
80,29,copy_read_drop,std_shared,copy,100000,1199115,11.99115,2350000
80,30,scene_4096_attachments,own_local,attachment,98304,147599,1.50145467122,98304
80,31,localize_read_drop,std_shared,group,100000,1170713,11.70713,2350000
80,32,group_setup_then_1024_copies,own_local,group,97,137774,1420.35051546,2334208
80,33,create_read_destroy,own_shared,asset,100000,1247917,12.47917,65000400000
80,34,create_read_destroy,std_shared,asset,100000,1158735,11.58735,65000400000
80,35,contended_copy_2_workers,own_shared,copy,200000,3194318,15.97159,4700000
80,36,group_setup_then_8_copies,std_shared,group,12500,1315547,105.24376,2350000
81,0,contended_copy_2_workers,own_shared,copy,200000,2402711,12.013555,4700000
81,1,copy_read_drop,std_shared,copy,100000,1176532,11.76532,2350000
81,2,create_read_destroy,std_shared,asset,100000,1131434,11.31434,65000400000
81,3,share_read_drop,std_shared,handoff,100000,1195199,11.95199,2350000
81,4,async_queue_job_64_local_copies,own_local,job,100,89022,890.22,150400
81,5,frame_4096_draws_64_unique_leases,std_shared,frame,24,92898,3870.75,41287680
81,6,create_read_destroy,own_shared,asset,100000,1251081,12.51081,65000400000
81,7,group_setup_then_1_copies,std_shared,group,100000,1949476,19.49476,2000000
81,8,share_read_drop,own_shared,handoff,100000,441713,4.41713,2350000
81,9,create_read_destroy,own_local,asset,100000,2153588,21.53588,65000400000
81,10,weak_lock_expired,std_shared,lock,100000,162740,1.6274,0
81,11,localize_read_drop,std_shared,group,100000,1179906,11.79906,2350000
81,12,scene_4096_attachments,own_local,attachment,98304,149151,1.51724243164,98304
81,13,async_queue_job_1024_local_copies,std_shared,job,100,1790249,17902.49,2406400
81,14,contended_copy_2_workers,std_shared,copy,200000,4321936,21.60968,4700000
81,15,frame_4096_draws_64_unique_leases,own_shared,frame,24,92046,3835.25,41287680
81,16,group_setup_then_64_copies,std_shared,group,1562,1161549,743.629321383,2349248
81,17,resource_lifecycle_64_assets_4096_objects,std_shared,cycle,10,347825,34782.5,17203200
81,18,async_queue_job_1_local_copies,std_shared,job,100,53689,536.89,2000
81,19,weak_lock_live,std_shared,lock,100000,1006320,10.0632,2350000
81,20,weak_lock_live,own_shared,lock,100000,482003,4.82003,2350000
81,21,group_setup_then_8_copies,std_shared,group,12500,1326654,106.13232,2350000
81,22,borrow_read,raw_borrow,read,100000,54460,0.5446,2350000
81,23,resource_lifecycle_64_assets_4096_objects,own_local,cycle,10,249340,24934,17203200
81,24,async_queue_job_1024_local_copies,own_local,job,100,398991,3989.91,2406400
81,25,copy_read_drop,own_shared,copy,100000,466731,4.66731,2350000
81,26,async_queue_job_1_local_copies,own_local,job,100,62482,624.82,2000
81,27,group_setup_then_1024_copies,own_local,group,97,138134,1424.06185567,2334208
81,28,copy_read_drop,own_local,copy,100000,121490,1.2149,2350000
81,29,async_queue_job_64_local_copies,std_shared,job,100,200087,2000.87,150400
81,30,weak_lock_expired,own_shared,lock,100000,140898,1.40898,0
81,31,scene_4096_attachments,std_shared,attachment,98304,515764,5.24662272135,98304
81,32,group_setup_then_1024_copies,std_shared,group,97,1168269,12044.0103093,2334208
81,33,group_setup_then_1_copies,own_local,group,100000,1837760,18.3776,2000000
81,34,localize_read_drop,own_local,group,100000,1041923,10.41923,2350000
81,35,group_setup_then_64_copies,own_local,group,1562,162931,104.30921895,2349248
81,36,group_setup_then_8_copies,own_local,group,12500,455224,36.41792,2350000
82,0,group_setup_then_64_copies,std_shared,group,1562,1189080,761.254801536,2349248
82,1,localize_read_drop,std_shared,group,100000,1175530,11.7553,2350000
82,2,weak_lock_expired,std_shared,lock,100000,162521,1.62521,0
82,3,weak_lock_live,std_shared,lock,100000,904298,9.04298,2350000
82,4,create_read_destroy,own_local,asset,100000,2313374,23.13374,65000400000
82,5,group_setup_then_8_copies,own_local,group,12500,367314,29.38512,2350000
82,6,resource_lifecycle_64_assets_4096_objects,std_shared,cycle,10,418980,41898,17203200
82,7,copy_read_drop,own_local,copy,100000,121269,1.21269,2350000
82,8,async_queue_job_64_local_copies,std_shared,job,100,447612,4476.12,150400
82,9,async_queue_job_1024_local_copies,own_local,job,100,469715,4697.15,2406400
82,10,create_read_destroy,own_shared,asset,100000,1449455,14.49455,65000400000
82,11,async_queue_job_64_local_copies,own_local,job,100,151885,1518.85,150400
82,12,resource_lifecycle_64_assets_4096_objects,own_local,cycle,10,232825,23282.5,17203200
82,13,copy_read_drop,std_shared,copy,100000,1159296,11.59296,2350000
82,14,group_setup_then_1024_copies,std_shared,group,97,1145185,11806.0309278,2334208
82,15,group_setup_then_8_copies,std_shared,group,12500,1447743,115.81944,2350000
82,16,borrow_read,raw_borrow,read,100000,55793,0.55793,2350000
82,17,group_setup_then_1024_copies,own_local,group,97,138805,1430.97938144,2334208
82,18,frame_4096_draws_64_unique_leases,std_shared,frame,24,93258,3885.75,41287680
82,19,share_read_drop,std_shared,handoff,100000,1396647,13.96647,2350000
82,20,group_setup_then_1_copies,own_local,group,100000,2033770,20.3377,2000000
82,21,group_setup_then_1_copies,std_shared,group,100000,1988733,19.88733,2000000
82,22,contended_copy_2_workers,std_shared,copy,200000,4191128,20.95564,4700000
82,23,async_queue_job_1024_local_copies,std_shared,job,100,1953871,19538.71,2406400
82,24,weak_lock_live,own_shared,lock,100000,473972,4.73972,2350000
82,25,frame_4096_draws_64_unique_leases,own_shared,frame,24,95681,3986.70833333,41287680
82,26,async_queue_job_1_local_copies,std_shared,job,100,46218,462.18,2000
82,27,scene_4096_attachments,std_shared,attachment,98304,528973,5.38099161784,98304
82,28,scene_4096_attachments,own_local,attachment,98304,145285,1.47791544596,98304
82,29,group_setup_then_64_copies,own_local,group,1562,176451,112.964788732,2349248
82,30,share_read_drop,own_shared,handoff,100000,738193,7.38193,2350000
82,31,async_queue_job_1_local_copies,own_local,job,100,54150,541.5,2000
82,32,copy_read_drop,own_shared,copy,100000,455154,4.55154,2350000
82,33,create_read_destroy,std_shared,asset,100000,1233165,12.33165,65000400000
82,34,contended_copy_2_workers,own_shared,copy,200000,2624274,13.12137,4700000
82,35,weak_lock_expired,own_shared,lock,100000,135520,1.3552,0
82,36,localize_read_drop,own_local,group,100000,1777200,17.772,2350000
83,0,weak_lock_live,own_shared,lock,100000,448824,4.48824,2350000
83,1,group_setup_then_1_copies,std_shared,group,100000,1937037,19.37037,2000000
83,2,async_queue_job_64_local_copies,own_local,job,100,74059,740.59,150400
83,3,localize_read_drop,std_shared,group,100000,1368105,13.68105,2350000
83,4,group_setup_then_8_copies,own_local,group,12500,333353,26.66824,2350000
83,5,weak_lock_expired,std_shared,lock,100000,162851,1.62851,0
83,6,resource_lifecycle_64_assets_4096_objects,own_local,cycle,10,251602,25160.2,17203200
83,7,share_read_drop,std_shared,handoff,100000,2130853,21.30853,2350000
83,8,scene_4096_attachments,own_local,attachment,98304,252824,2.57185872396,98304
83,9,group_setup_then_1_copies,own_local,group,100000,2917469,29.17469,2000000
83,10,resource_lifecycle_64_assets_4096_objects,std_shared,cycle,10,343869,34386.9,17203200
83,11,group_setup_then_64_copies,own_local,group,1562,163572,104.719590269,2349248
83,12,async_queue_job_1024_local_copies,std_shared,job,100,1900613,19006.13,2406400
83,13,create_read_destroy,own_shared,asset,100000,1294416,12.94416,65000400000
83,14,frame_4096_draws_64_unique_leases,own_shared,frame,24,92157,3839.875,41287680
83,15,contended_copy_2_workers,own_shared,copy,200000,14381555,71.907775,4700000
83,16,weak_lock_live,std_shared,lock,100000,927954,9.27954,2350000
83,17,localize_read_drop,own_local,group,100000,1438740,14.3874,2350000
83,18,async_queue_job_1_local_copies,std_shared,job,100,67630,676.3,2000
83,19,contended_copy_2_workers,std_shared,copy,200000,20133609,100.668045,4700000
83,20,scene_4096_attachments,std_shared,attachment,98304,494352,5.02880859375,98304
83,21,group_setup_then_64_copies,std_shared,group,1562,1847455,1182.7496799,2349248
83,22,group_setup_then_8_copies,std_shared,group,12500,1440672,115.25376,2350000
83,23,borrow_read,raw_borrow,read,100000,244071,2.44071,2350000
83,24,group_setup_then_1024_copies,std_shared,group,97,1517026,15639.443299,2334208
83,25,frame_4096_draws_64_unique_leases,std_shared,frame,24,91596,3816.5,41287680
83,26,copy_read_drop,own_shared,copy,100000,540250,5.4025,2350000
83,27,group_setup_then_1024_copies,own_local,group,97,138836,1431.29896907,2334208
83,28,async_queue_job_1_local_copies,own_local,job,100,84896,848.96,2000
83,29,copy_read_drop,own_local,copy,100000,121760,1.2176,2350000
83,30,weak_lock_expired,own_shared,lock,100000,135771,1.35771,0
83,31,copy_read_drop,std_shared,copy,100000,1538908,15.38908,2350000
83,32,async_queue_job_1024_local_copies,own_local,job,100,392852,3928.52,2406400
83,33,async_queue_job_64_local_copies,std_shared,job,100,249359,2493.59,150400
83,34,share_read_drop,own_shared,handoff,100000,442755,4.42755,2350000
83,35,create_read_destroy,own_local,asset,100000,2471157,24.71157,65000400000
83,36,create_read_destroy,std_shared,asset,100000,2234778,22.34778,65000400000
84,0,copy_read_drop,own_local,copy,100000,121380,1.2138,2350000
84,1,frame_4096_draws_64_unique_leases,std_shared,frame,24,90063,3752.625,41287680
84,2,async_queue_job_64_local_copies,own_local,job,100,85106,851.06,150400
84,3,async_queue_job_64_local_copies,std_shared,job,100,227888,2278.88,150400
84,4,group_setup_then_1024_copies,own_local,group,97,137654,1419.11340206,2334208
84,5,contended_copy_2_workers,std_shared,copy,200000,4365061,21.825305,4700000
84,6,weak_lock_expired,own_shared,lock,100000,135550,1.3555,0
84,7,group_setup_then_8_copies,own_local,group,12500,398119,31.84952,2350000
84,8,contended_copy_2_workers,own_shared,copy,200000,1835217,9.176085,4700000
84,9,async_queue_job_1024_local_copies,std_shared,job,100,1897469,18974.69,2406400
84,10,group_setup_then_64_copies,own_local,group,1562,383017,245.209346991,2349248
84,11,group_setup_then_64_copies,std_shared,group,1562,1504447,963.154289373,2349248
84,12,localize_read_drop,own_local,group,100000,2021412,20.21412,2350000
84,13,create_read_destroy,own_shared,asset,100000,1858311,18.58311,65000400000
84,14,resource_lifecycle_64_assets_4096_objects,own_local,cycle,10,240036,24003.6,17203200
84,15,weak_lock_live,own_shared,lock,100000,467862,4.67862,2350000
84,16,create_read_destroy,own_local,asset,100000,2775498,27.75498,65000400000
84,17,scene_4096_attachments,own_local,attachment,98304,327795,3.33450317383,98304
84,18,create_read_destroy,std_shared,asset,100000,1190131,11.90131,65000400000
84,19,share_read_drop,std_shared,handoff,100000,1259304,12.59304,2350000
84,20,resource_lifecycle_64_assets_4096_objects,std_shared,cycle,10,457848,45784.8,17203200
84,21,group_setup_then_8_copies,std_shared,group,12500,1298441,103.87528,2350000
84,22,async_queue_job_1_local_copies,own_local,job,100,72657,726.57,2000
84,23,group_setup_then_1_copies,std_shared,group,100000,2625015,26.25015,2000000
84,24,copy_read_drop,std_shared,copy,100000,1204754,12.04754,2350000
84,25,scene_4096_attachments,std_shared,attachment,98304,561220,5.7090250651,98304
84,26,frame_4096_draws_64_unique_leases,own_shared,frame,24,93018,3875.75,41287680
84,27,localize_read_drop,std_shared,group,100000,1268297,12.68297,2350000
84,28,async_queue_job_1024_local_copies,own_local,job,100,339011,3390.11,2406400
84,29,weak_lock_expired,std_shared,lock,100000,170392,1.70392,0
84,30,group_setup_then_1024_copies,std_shared,group,97,1609041,16588.0515464,2334208
84,31,copy_read_drop,own_shared,copy,100000,603824,6.03824,2350000
84,32,share_read_drop,own_shared,handoff,100000,443727,4.43727,2350000
84,33,borrow_read,raw_borrow,read,100000,54370,0.5437,2350000
84,34,weak_lock_live,std_shared,lock,100000,1053809,10.53809,2350000
84,35,group_setup_then_1_copies,own_local,group,100000,2488022,24.88022,2000000
84,36,async_queue_job_1_local_copies,std_shared,job,100,83263,832.63,2000
85,0,async_queue_job_1_local_copies,own_local,job,100,49353,493.53,2000
85,1,weak_lock_live,std_shared,lock,100000,960952,9.60952,2350000
85,2,weak_lock_expired,own_shared,lock,100000,190583,1.90583,0
85,3,contended_copy_2_workers,std_shared,copy,200000,4010185,20.050925,4700000
85,4,group_setup_then_1_copies,own_local,group,100000,2092647,20.92647,2000000
85,5,async_queue_job_1024_local_copies,own_local,job,100,574671,5746.71,2406400
85,6,share_read_drop,std_shared,handoff,100000,1218664,12.18664,2350000
85,7,resource_lifecycle_64_assets_4096_objects,std_shared,cycle,10,350569,35056.9,17203200
85,8,copy_read_drop,own_local,copy,100000,121500,1.215,2350000
85,9,weak_lock_live,own_shared,lock,100000,487591,4.87591,2350000
85,10,create_read_destroy,own_local,asset,100000,2358010,23.5801,65000400000
85,11,weak_lock_expired,std_shared,lock,100000,162671,1.62671,0
85,12,contended_copy_2_workers,own_shared,copy,200000,2414929,12.074645,4700000
85,13,group_setup_then_64_copies,own_local,group,1562,281337,180.113316261,2349248
85,14,scene_4096_attachments,std_shared,attachment,98304,526459,5.35541788737,98304
85,15,group_setup_then_64_copies,std_shared,group,1562,1172045,750.348911652,2349248
85,16,async_queue_job_64_local_copies,own_local,job,100,76764,767.64,150400
85,17,create_read_destroy,own_shared,asset,100000,1288086,12.88086,65000400000
85,18,group_setup_then_8_copies,std_shared,group,12500,1307916,104.63328,2350000
85,19,frame_4096_draws_64_unique_leases,std_shared,frame,24,115110,4796.25,41287680
85,20,frame_4096_draws_64_unique_leases,own_shared,frame,24,105996,4416.5,41287680
85,21,localize_read_drop,own_local,group,100000,1085066,10.85066,2350000
85,22,group_setup_then_1024_copies,own_local,group,97,135951,1401.55670103,2334208
85,23,create_read_destroy,std_shared,asset,100000,1147027,11.47027,65000400000
85,24,share_read_drop,own_shared,handoff,100000,659767,6.59767,2350000
85,25,async_queue_job_1024_local_copies,std_shared,job,100,1884349,18843.49,2406400
85,26,async_queue_job_1_local_copies,std_shared,job,100,28282,282.82,2000
85,27,async_queue_job_64_local_copies,std_shared,job,100,245803,2458.03,150400
85,28,localize_read_drop,std_shared,group,100000,1338601,13.38601,2350000
85,29,resource_lifecycle_64_assets_4096_objects,own_local,cycle,10,234677,23467.7,17203200
85,30,copy_read_drop,own_shared,copy,100000,474392,4.74392,2350000
85,31,scene_4096_attachments,own_local,attachment,98304,146917,1.49451700846,98304
85,32,group_setup_then_1024_copies,std_shared,group,97,1156882,11926.6185567,2334208
85,33,group_setup_then_1_copies,std_shared,group,100000,1960371,19.60371,2000000
85,34,copy_read_drop,std_shared,copy,100000,1169951,11.69951,2350000
85,35,group_setup_then_8_copies,own_local,group,12500,345712,27.65696,2350000
85,36,borrow_read,raw_borrow,read,100000,54501,0.54501,2350000
86,0,weak_lock_live,std_shared,lock,100000,895746,8.95746,2350000
86,1,localize_read_drop,std_shared,group,100000,1209500,12.095,2350000
86,2,localize_read_drop,own_local,group,100000,1068842,10.68842,2350000
86,3,async_queue_job_64_local_copies,own_local,job,100,76063,760.63,150400
86,4,group_setup_then_64_copies,own_local,group,1562,163472,104.655569782,2349248
86,5,copy_read_drop,own_shared,copy,100000,467462,4.67462,2350000
86,6,async_queue_job_1_local_copies,std_shared,job,100,63785,637.85,2000
86,7,borrow_read,raw_borrow,read,100000,60059,0.60059,2350000
86,8,weak_lock_live,own_shared,lock,100000,446621,4.46621,2350000
86,9,async_queue_job_64_local_copies,std_shared,job,100,244602,2446.02,150400
86,10,contended_copy_2_workers,own_shared,copy,200000,2599037,12.995185,4700000
86,11,create_read_destroy,own_local,asset,100000,2105847,21.05847,65000400000
86,12,create_read_destroy,std_shared,asset,100000,1172095,11.72095,65000400000
86,13,weak_lock_expired,own_shared,lock,100000,135771,1.35771,0
86,14,copy_read_drop,std_shared,copy,100000,1313955,13.13955,2350000
86,15,resource_lifecycle_64_assets_4096_objects,std_shared,cycle,10,346703,34670.3,17203200
86,16,group_setup_then_1_copies,std_shared,group,100000,2122131,21.22131,2000000
86,17,share_read_drop,own_shared,handoff,100000,462605,4.62605,2350000
86,18,share_read_drop,std_shared,handoff,100000,1168620,11.6862,2350000
86,19,create_read_destroy,own_shared,asset,100000,1280505,12.80505,65000400000
86,20,async_queue_job_1_local_copies,own_local,job,100,70664,706.64,2000
86,21,copy_read_drop,own_local,copy,100000,121400,1.214,2350000
86,22,async_queue_job_1024_local_copies,own_local,job,100,391580,3915.8,2406400
86,23,group_setup_then_1024_copies,own_local,group,97,140207,1445.43298969,2334208
86,24,group_setup_then_8_copies,std_shared,group,12500,1506660,120.5328,2350000
86,25,resource_lifecycle_64_assets_4096_objects,own_local,cycle,10,260836,26083.6,17203200
86,26,frame_4096_draws_64_unique_leases,own_shared,frame,24,93478,3894.91666667,41287680
86,27,weak_lock_expired,std_shared,lock,100000,162781,1.62781,0
86,28,group_setup_then_1024_copies,std_shared,group,97,1150512,11860.9484536,2334208
86,29,async_queue_job_1024_local_copies,std_shared,job,100,1827886,18278.86,2406400
86,30,group_setup_then_8_copies,own_local,group,12500,333133,26.65064,2350000
86,31,contended_copy_2_workers,std_shared,copy,200000,5820975,29.104875,4700000
86,32,scene_4096_attachments,own_local,attachment,98304,147268,1.4980875651,98304
86,33,frame_4096_draws_64_unique_leases,std_shared,frame,24,96613,4025.54166667,41287680
86,34,group_setup_then_1_copies,own_local,group,100000,1956776,19.56776,2000000
86,35,group_setup_then_64_copies,std_shared,group,1562,1172245,750.476952625,2349248
86,36,scene_4096_attachments,std_shared,attachment,98304,492829,5.01331583659,98304
87,0,group_setup_then_1024_copies,own_local,group,97,136993,1412.29896907,2334208
87,1,copy_read_drop,std_shared,copy,100000,1171875,11.71875,2350000
87,2,weak_lock_live,own_shared,lock,100000,461453,4.61453,2350000
87,3,share_read_drop,std_shared,handoff,100000,1162601,11.62601,2350000
87,4,frame_4096_draws_64_unique_leases,std_shared,frame,24,88481,3686.70833333,41287680
87,5,group_setup_then_64_copies,std_shared,group,1562,1169121,748.476952625,2349248
87,6,frame_4096_draws_64_unique_leases,own_shared,frame,24,92277,3844.875,41287680
87,7,weak_lock_expired,own_shared,lock,100000,135591,1.35591,0
87,8,group_setup_then_1_copies,std_shared,group,100000,2141200,21.412,2000000
87,9,share_read_drop,own_shared,handoff,100000,444348,4.44348,2350000
87,10,async_queue_job_1_local_copies,std_shared,job,100,69683,696.83,2000
87,11,group_setup_then_8_copies,std_shared,group,12500,1246395,99.7116,2350000
87,12,group_setup_then_1_copies,own_local,group,100000,1856237,18.56237,2000000
87,13,scene_4096_attachments,own_local,attachment,98304,148760,1.51326497396,98304
87,14,borrow_read,raw_borrow,read,100000,54500,0.545,2350000
87,15,copy_read_drop,own_local,copy,100000,133097,1.33097,2350000
87,16,contended_copy_2_workers,own_shared,copy,200000,3017065,15.085325,4700000
87,17,weak_lock_expired,std_shared,lock,100000,162531,1.62531,0
87,18,async_queue_job_64_local_copies,own_local,job,100,103003,1030.03,150400
87,19,resource_lifecycle_64_assets_4096_objects,own_local,cycle,10,322217,32221.7,17203200
87,20,localize_read_drop,own_local,group,100000,1077835,10.77835,2350000
87,21,async_queue_job_1024_local_copies,own_local,job,100,431959,4319.59,2406400
87,22,create_read_destroy,std_shared,asset,100000,1166797,11.66797,65000400000
87,23,contended_copy_2_workers,std_shared,copy,200000,4438589,22.192945,4700000
87,24,async_queue_job_1_local_copies,own_local,job,100,48562,485.62,2000
87,25,localize_read_drop,std_shared,group,100000,1194097,11.94097,2350000
87,26,create_read_destroy,own_local,asset,100000,2272734,22.72734,65000400000
87,27,scene_4096_attachments,std_shared,attachment,98304,494472,5.03002929688,98304
87,28,create_read_destroy,own_shared,asset,100000,1258893,12.58893,65000400000
87,29,resource_lifecycle_64_assets_4096_objects,std_shared,cycle,10,345722,34572.2,17203200
87,30,copy_read_drop,own_shared,copy,100000,501863,5.01863,2350000
87,31,group_setup_then_8_copies,own_local,group,12500,359021,28.72168,2350000
87,32,group_setup_then_64_copies,own_local,group,1562,164434,105.271446863,2349248
87,33,async_queue_job_1024_local_copies,std_shared,job,100,1721138,17211.38,2406400
87,34,weak_lock_live,std_shared,lock,100000,938278,9.38278,2350000
87,35,async_queue_job_64_local_copies,std_shared,job,100,200387,2003.87,150400
87,36,group_setup_then_1024_copies,std_shared,group,97,1245774,12843.0309278,2334208
88,0,scene_4096_attachments,std_shared,attachment,98304,544886,5.54286702474,98304
88,1,weak_lock_expired,own_shared,lock,100000,137063,1.37063,0
88,2,async_queue_job_1024_local_copies,std_shared,job,100,1849127,18491.27,2406400
88,3,group_setup_then_1024_copies,own_local,group,97,141820,1462.06185567,2334208
88,4,contended_copy_2_workers,own_shared,copy,200000,2287236,11.43618,4700000
88,5,group_setup_then_8_copies,own_local,group,12500,334655,26.7724,2350000
88,6,localize_read_drop,std_shared,group,100000,1183241,11.83241,2350000
88,7,frame_4096_draws_64_unique_leases,own_shared,frame,24,105947,4414.45833333,41287680
88,8,create_read_destroy,own_local,asset,100000,2228338,22.28338,65000400000
88,9,weak_lock_live,own_shared,lock,100000,446802,4.46802,2350000
88,10,borrow_read,raw_borrow,read,100000,54341,0.54341,2350000
88,11,group_setup_then_64_copies,std_shared,group,1562,1187107,759.991677337,2349248
88,12,resource_lifecycle_64_assets_4096_objects,own_local,cycle,10,249068,24906.8,17203200
88,13,group_setup_then_64_copies,own_local,group,1562,166576,106.642765685,2349248
88,14,localize_read_drop,own_local,group,100000,1070795,10.70795,2350000
88,15,async_queue_job_64_local_copies,own_local,job,100,89452,894.52,150400
88,16,share_read_drop,std_shared,handoff,100000,1197702,11.97702,2350000
88,17,copy_read_drop,std_shared,copy,100000,1170572,11.70572,2350000
88,18,async_queue_job_1_local_copies,own_local,job,100,58317,583.17,2000
88,19,copy_read_drop,own_local,copy,100000,123924,1.23924,2350000
88,20,create_read_destroy,std_shared,asset,100000,1116582,11.16582,65000400000
88,21,group_setup_then_1_copies,own_local,group,100000,1851570,18.5157,2000000
88,22,contended_copy_2_workers,std_shared,copy,200000,4675069,23.375345,4700000
88,23,create_read_destroy,own_shared,asset,100000,1268257,12.68257,65000400000
88,24,resource_lifecycle_64_assets_4096_objects,std_shared,cycle,10,350629,35062.9,17203200
88,25,async_queue_job_1024_local_copies,own_local,job,100,425880,4258.8,2406400
88,26,frame_4096_draws_64_unique_leases,std_shared,frame,24,148770,6198.75,41287680
88,27,share_read_drop,own_shared,handoff,100000,442505,4.42505,2350000
88,28,weak_lock_live,std_shared,lock,100000,931599,9.31599,2350000
88,29,copy_read_drop,own_shared,copy,100000,455204,4.55204,2350000
88,30,weak_lock_expired,std_shared,lock,100000,174439,1.74439,0
88,31,group_setup_then_1_copies,std_shared,group,100000,2291271,22.91271,2000000
88,32,group_setup_then_8_copies,std_shared,group,12500,1297701,103.81608,2350000
88,33,async_queue_job_1_local_copies,std_shared,job,100,77625,776.25,2000
88,34,scene_4096_attachments,own_local,attachment,98304,151014,1.53619384766,98304
88,35,async_queue_job_64_local_copies,std_shared,job,100,236420,2364.2,150400
88,36,group_setup_then_1024_copies,std_shared,group,97,1155601,11913.4123711,2334208
89,0,weak_lock_live,std_shared,lock,100000,949966,9.49966,2350000
89,1,create_read_destroy,own_local,asset,100000,2159696,21.59696,65000400000
89,2,scene_4096_attachments,std_shared,attachment,98304,507201,5.15951538086,98304
89,3,async_queue_job_64_local_copies,own_local,job,100,89132,891.32,150400
89,4,share_read_drop,std_shared,handoff,100000,1439330,14.3933,2350000
89,5,group_setup_then_1_copies,own_local,group,100000,1902376,19.02376,2000000
89,6,frame_4096_draws_64_unique_leases,std_shared,frame,24,90204,3758.5,41287680
89,7,async_queue_job_1_local_copies,std_shared,job,100,65106,651.06,2000
89,8,weak_lock_expired,std_shared,lock,100000,166567,1.66567,0
89,9,async_queue_job_64_local_copies,std_shared,job,100,234236,2342.36,150400
89,10,resource_lifecycle_64_assets_4096_objects,std_shared,cycle,10,372682,37268.2,17203200
89,11,create_read_destroy,own_shared,asset,100000,1309438,13.09438,65000400000
89,12,group_setup_then_64_copies,own_local,group,1562,163783,104.854673496,2349248
89,13,localize_read_drop,std_shared,group,100000,1174108,11.74108,2350000
89,14,group_setup_then_8_copies,own_local,group,12500,388846,31.10768,2350000
89,15,async_queue_job_1024_local_copies,own_local,job,100,395516,3955.16,2406400
89,16,contended_copy_2_workers,std_shared,copy,200000,4487101,22.435505,4700000
89,17,resource_lifecycle_64_assets_4096_objects,own_local,cycle,10,236149,23614.9,17203200
89,18,group_setup_then_1_copies,std_shared,group,100000,1898259,18.98259,2000000
89,19,weak_lock_live,own_shared,lock,100000,446921,4.46921,2350000
89,20,copy_read_drop,own_local,copy,100000,133347,1.33347,2350000
89,21,borrow_read,raw_borrow,read,100000,54551,0.54551,2350000
89,22,scene_4096_attachments,own_local,attachment,98304,149692,1.52274576823,98304
89,23,group_setup_then_8_copies,std_shared,group,12500,1489485,119.1588,2350000
89,24,async_queue_job_1_local_copies,own_local,job,100,64986,649.86,2000
89,25,share_read_drop,own_shared,handoff,100000,489654,4.89654,2350000
89,26,copy_read_drop,own_shared,copy,100000,455164,4.55164,2350000
89,27,weak_lock_expired,own_shared,lock,100000,135561,1.35561,0
89,28,frame_4096_draws_64_unique_leases,own_shared,frame,24,91345,3806.04166667,41287680
89,29,contended_copy_2_workers,own_shared,copy,200000,2863498,14.31749,4700000
89,30,copy_read_drop,std_shared,copy,100000,1299664,12.99664,2350000
89,31,async_queue_job_1024_local_copies,std_shared,job,100,1929596,19295.96,2406400
89,32,create_read_destroy,std_shared,asset,100000,1165215,11.65215,65000400000
89,33,group_setup_then_1024_copies,std_shared,group,97,1146517,11819.7628866,2334208
89,34,group_setup_then_64_copies,std_shared,group,1562,1441273,922.709987196,2349248
89,35,localize_read_drop,own_local,group,100000,1099507,10.99507,2350000
89,36,group_setup_then_1024_copies,own_local,group,97,168329,1735.35051546,2334208
90,0,async_queue_job_1_local_copies,std_shared,job,100,66909,669.09,2000
90,1,create_read_destroy,std_shared,asset,100000,1153027,11.53027,65000400000
90,2,copy_read_drop,std_shared,copy,100000,1163161,11.63161,2350000
90,3,weak_lock_live,std_shared,lock,100000,970536,9.70536,2350000
90,4,frame_4096_draws_64_unique_leases,std_shared,frame,24,92627,3859.45833333,41287680
90,5,async_queue_job_64_local_copies,std_shared,job,100,199976,1999.76,150400
90,6,share_read_drop,std_shared,handoff,100000,1193386,11.93386,2350000
90,7,scene_4096_attachments,std_shared,attachment,98304,766725,7.7995300293,98304
90,8,copy_read_drop,own_shared,copy,100000,476815,4.76815,2350000
90,9,async_queue_job_64_local_copies,own_local,job,100,102091,1020.91,150400
90,10,group_setup_then_1_copies,own_local,group,100000,1962905,19.62905,2000000
90,11,create_read_destroy,own_local,asset,100000,2448384,24.48384,65000400000
90,12,weak_lock_live,own_shared,lock,100000,465930,4.6593,2350000
90,13,group_setup_then_8_copies,own_local,group,12500,335006,26.80048,2350000
90,14,group_setup_then_8_copies,std_shared,group,12500,1271212,101.69696,2350000
90,15,async_queue_job_1_local_copies,own_local,job,100,75612,756.12,2000
90,16,async_queue_job_1024_local_copies,std_shared,job,100,1869607,18696.07,2406400
90,17,share_read_drop,own_shared,handoff,100000,469635,4.69635,2350000
90,18,localize_read_drop,std_shared,group,100000,1189951,11.89951,2350000
90,19,weak_lock_expired,std_shared,lock,100000,162751,1.62751,0
90,20,group_setup_then_1024_copies,own_local,group,97,138295,1425.72164948,2334208
90,21,resource_lifecycle_64_assets_4096_objects,own_local,cycle,10,238483,23848.3,17203200
90,22,resource_lifecycle_64_assets_4096_objects,std_shared,cycle,10,365250,36525,17203200
90,23,copy_read_drop,own_local,copy,100000,122221,1.22221,2350000
90,24,borrow_read,raw_borrow,read,100000,54351,0.54351,2350000
90,25,group_setup_then_1_copies,std_shared,group,100000,1868396,18.68396,2000000
90,26,contended_copy_2_workers,own_shared,copy,200000,2774556,13.87278,4700000
90,27,group_setup_then_64_copies,own_local,group,1562,166747,106.752240717,2349248
90,28,weak_lock_expired,own_shared,lock,100000,135731,1.35731,0
90,29,scene_4096_attachments,own_local,attachment,98304,149060,1.51631673177,98304
90,30,localize_read_drop,own_local,group,100000,1107880,11.0788,2350000
90,31,frame_4096_draws_64_unique_leases,own_shared,frame,24,90223,3759.29166667,41287680
90,32,create_read_destroy,own_shared,asset,100000,1279343,12.79343,65000400000
90,33,group_setup_then_1024_copies,std_shared,group,97,1148180,11836.9072165,2334208
90,34,group_setup_then_64_copies,std_shared,group,1562,1286954,823.914212548,2349248
90,35,async_queue_job_1024_local_copies,own_local,job,100,403988,4039.88,2406400
90,36,contended_copy_2_workers,std_shared,copy,200000,4006219,20.031095,4700000
91,0,group_setup_then_1024_copies,own_local,group,97,205034,2113.75257732,2334208
91,1,contended_copy_2_workers,std_shared,copy,200000,4242500,21.2125,4700000
91,2,async_queue_job_1024_local_copies,own_local,job,100,404910,4049.1,2406400
91,3,group_setup_then_8_copies,std_shared,group,12500,1268617,101.48936,2350000
91,4,async_queue_job_64_local_copies,std_shared,job,100,256990,2569.9,150400
91,5,scene_4096_attachments,std_shared,attachment,98304,555282,5.64862060547,98304
91,6,resource_lifecycle_64_assets_4096_objects,own_local,cycle,10,260986,26098.6,17203200
91,7,weak_lock_live,std_shared,lock,100000,956736,9.56736,2350000
91,8,scene_4096_attachments,own_local,attachment,98304,151224,1.53833007812,98304
91,9,share_read_drop,own_shared,handoff,100000,441794,4.41794,2350000
91,10,group_setup_then_1_copies,own_local,group,100000,1918640,19.1864,2000000
91,11,localize_read_drop,own_local,group,100000,1056343,10.56343,2350000
91,12,weak_lock_expired,own_shared,lock,100000,135551,1.35551,0
91,13,copy_read_drop,own_local,copy,100000,121640,1.2164,2350000
91,14,share_read_drop,std_shared,handoff,100000,1194238,11.94238,2350000
91,15,create_read_destroy,std_shared,asset,100000,1124615,11.24615,65000400000
91,16,frame_4096_draws_64_unique_leases,own_shared,frame,24,93358,3889.91666667,41287680
91,17,resource_lifecycle_64_assets_4096_objects,std_shared,cycle,10,347114,34711.4,17203200
91,18,borrow_read,raw_borrow,read,100000,54371,0.54371,2350000
91,19,async_queue_job_1_local_copies,std_shared,job,100,63074,630.74,2000
91,20,create_read_destroy,own_shared,asset,100000,1234827,12.34827,65000400000
91,21,async_queue_job_64_local_copies,own_local,job,100,94410,944.1,150400
91,22,weak_lock_expired,std_shared,lock,100000,162480,1.6248,0
91,23,async_queue_job_1_local_copies,own_local,job,100,187358,1873.58,2000
91,24,create_read_destroy,own_local,asset,100000,2082603,20.82603,65000400000
91,25,group_setup_then_1024_copies,std_shared,group,97,1152486,11881.2989691,2334208
91,26,group_setup_then_1_copies,std_shared,group,100000,1994592,19.94592,2000000
91,27,async_queue_job_1024_local_copies,std_shared,job,100,1665646,16656.46,2406400
91,28,weak_lock_live,own_shared,lock,100000,446982,4.46982,2350000
91,29,frame_4096_draws_64_unique_leases,std_shared,frame,24,91315,3804.79166667,41287680
91,30,copy_read_drop,std_shared,copy,100000,1198935,11.98935,2350000
91,31,group_setup_then_64_copies,std_shared,group,1562,1160648,743.052496799,2349248
91,32,copy_read_drop,own_shared,copy,100000,455545,4.55545,2350000
91,33,contended_copy_2_workers,own_shared,copy,200000,2496575,12.482875,4700000
91,34,group_setup_then_64_copies,own_local,group,1562,169040,108.220230474,2349248
91,35,group_setup_then_8_copies,own_local,group,12500,331150,26.492,2350000
91,36,localize_read_drop,std_shared,group,100000,1177824,11.77824,2350000
92,0,group_setup_then_1_copies,std_shared,group,100000,1940833,19.40833,2000000
92,1,weak_lock_live,own_shared,lock,100000,482925,4.82925,2350000
92,2,share_read_drop,own_shared,handoff,100000,441813,4.41813,2350000
92,3,group_setup_then_8_copies,std_shared,group,12500,1252644,100.21152,2350000
92,4,async_queue_job_64_local_copies,own_local,job,100,140398,1403.98,150400
92,5,group_setup_then_64_copies,std_shared,group,1562,1185094,758.702944942,2349248
92,6,async_queue_job_64_local_copies,std_shared,job,100,242990,2429.9,150400
92,7,async_queue_job_1024_local_copies,own_local,job,100,362917,3629.17,2406400
92,8,group_setup_then_1024_copies,std_shared,group,97,1358922,14009.5051546,2334208
92,9,resource_lifecycle_64_assets_4096_objects,own_local,cycle,10,238163,23816.3,17203200
92,10,create_read_destroy,own_shared,asset,100000,1437238,14.37238,65000400000
92,11,borrow_read,raw_borrow,read,100000,54480,0.5448,2350000
92,12,group_setup_then_64_copies,own_local,group,1562,165525,105.969910371,2349248
92,13,create_read_destroy,std_shared,asset,100000,1208489,12.08489,65000400000
92,14,frame_4096_draws_64_unique_leases,std_shared,frame,24,92196,3841.5,41287680
92,15,weak_lock_expired,std_shared,lock,100000,162761,1.62761,0
92,16,share_read_drop,std_shared,handoff,100000,1237632,12.37632,2350000
92,17,frame_4096_draws_64_unique_leases,own_shared,frame,24,119667,4986.125,41287680
92,18,group_setup_then_1_copies,own_local,group,100000,2029974,20.29974,2000000
92,19,group_setup_then_8_copies,own_local,group,12500,330570,26.4456,2350000
92,20,contended_copy_2_workers,std_shared,copy,200000,4475414,22.37707,4700000
92,21,contended_copy_2_workers,own_shared,copy,200000,3073609,15.368045,4700000
92,22,copy_read_drop,own_local,copy,100000,130984,1.30984,2350000
92,23,group_setup_then_1024_copies,own_local,group,97,139877,1442.03092784,2334208
92,24,async_queue_job_1_local_copies,std_shared,job,100,104815,1048.15,2000
92,25,weak_lock_live,std_shared,lock,100000,976545,9.76545,2350000
92,26,copy_read_drop,std_shared,copy,100000,1168059,11.68059,2350000
92,27,create_read_destroy,own_local,asset,100000,2134499,21.34499,65000400000
92,28,resource_lifecycle_64_assets_4096_objects,std_shared,cycle,10,362507,36250.7,17203200
92,29,localize_read_drop,std_shared,group,100000,1231883,12.31883,2350000
92,30,scene_4096_attachments,std_shared,attachment,98304,494522,5.03053792318,98304
92,31,localize_read_drop,own_local,group,100000,1107189,11.07189,2350000
92,32,copy_read_drop,own_shared,copy,100000,454924,4.54924,2350000
92,33,async_queue_job_1_local_copies,own_local,job,100,74641,746.41,2000
92,34,async_queue_job_1024_local_copies,std_shared,job,100,1669441,16694.41,2406400
92,35,scene_4096_attachments,own_local,attachment,98304,147598,1.5014444987,98304
92,36,weak_lock_expired,own_shared,lock,100000,135791,1.35791,0
93,0,group_setup_then_1024_copies,std_shared,group,97,1161629,11975.556701,2334208
93,1,async_queue_job_1024_local_copies,std_shared,job,100,1689761,16897.61,2406400
93,2,weak_lock_live,own_shared,lock,100000,446731,4.46731,2350000
93,3,resource_lifecycle_64_assets_4096_objects,own_local,cycle,10,250110,25011,17203200
93,4,localize_read_drop,own_local,group,100000,1130544,11.30544,2350000
93,5,async_queue_job_1_local_copies,own_local,job,100,63574,635.74,2000
93,6,group_setup_then_64_copies,std_shared,group,1562,1160878,743.199743918,2349248
93,7,contended_copy_2_workers,own_shared,copy,200000,3243029,16.215145,4700000
93,8,create_read_destroy,std_shared,asset,100000,1274066,12.74066,65000400000
93,9,group_setup_then_1_copies,own_local,group,100000,2279534,22.79534,2000000
93,10,async_queue_job_1_local_copies,std_shared,job,100,58076,580.76,2000
93,11,scene_4096_attachments,own_local,attachment,98304,147478,1.50022379557,98304
93,12,async_queue_job_64_local_copies,own_local,job,100,73910,739.1,150400
93,13,group_setup_then_8_copies,own_local,group,12500,336869,26.94952,2350000
93,14,group_setup_then_1024_copies,own_local,group,97,159346,1642.74226804,2334208
93,15,resource_lifecycle_64_assets_4096_objects,std_shared,cycle,10,343358,34335.8,17203200
93,16,borrow_read,raw_borrow,read,100000,54521,0.54521,2350000
93,17,create_read_destroy,own_shared,asset,100000,1412150,14.1215,65000400000
93,18,copy_read_drop,own_shared,copy,100000,478138,4.78138,2350000
93,19,group_setup_then_8_copies,std_shared,group,12500,1286634,102.93072,2350000
93,20,copy_read_drop,std_shared,copy,100000,1169481,11.69481,2350000
93,21,weak_lock_expired,std_shared,lock,100000,162610,1.6261,0
93,22,create_read_destroy,own_local,asset,100000,2292824,22.92824,65000400000
93,23,frame_4096_draws_64_unique_leases,own_shared,frame,24,92958,3873.25,41287680
93,24,copy_read_drop,own_local,copy,100000,121620,1.2162,2350000
93,25,share_read_drop,std_shared,handoff,100000,1177934,11.77934,2350000
93,26,localize_read_drop,std_shared,group,100000,1166647,11.66647,2350000
93,27,scene_4096_attachments,std_shared,attachment,98304,507541,5.16297403971,98304
93,28,contended_copy_2_workers,std_shared,copy,200000,4734302,23.67151,4700000
93,29,frame_4096_draws_64_unique_leases,std_shared,frame,24,92957,3873.20833333,41287680
93,30,share_read_drop,own_shared,handoff,100000,442945,4.42945,2350000
93,31,group_setup_then_1_copies,std_shared,group,100000,2036234,20.36234,2000000
93,32,group_setup_then_64_copies,own_local,group,1562,166867,106.829065301,2349248
93,33,weak_lock_expired,own_shared,lock,100000,135570,1.3557,0
93,34,async_queue_job_1024_local_copies,own_local,job,100,400863,4008.63,2406400
93,35,async_queue_job_64_local_copies,std_shared,job,100,471869,4718.69,150400
93,36,weak_lock_live,std_shared,lock,100000,1061762,10.61762,2350000
94,0,create_read_destroy,own_shared,asset,100000,1292944,12.92944,65000400000
94,1,async_queue_job_64_local_copies,std_shared,job,100,202399,2023.99,150400
94,2,weak_lock_live,own_shared,lock,100000,446892,4.46892,2350000
94,3,create_read_destroy,own_local,asset,100000,2249870,22.4987,65000400000
94,4,group_setup_then_64_copies,std_shared,group,1562,1237431,792.209346991,2349248
94,5,scene_4096_attachments,own_local,attachment,98304,148650,1.51214599609,98304
94,6,group_setup_then_1024_copies,own_local,group,97,136723,1409.51546392,2334208
94,7,async_queue_job_64_local_copies,own_local,job,100,73840,738.4,150400
94,8,copy_read_drop,std_shared,copy,100000,1164403,11.64403,2350000
94,9,frame_4096_draws_64_unique_leases,std_shared,frame,24,89843,3743.45833333,41287680
94,10,localize_read_drop,std_shared,group,100000,1195099,11.95099,2350000
94,11,async_queue_job_1_local_copies,std_shared,job,100,63243,632.43,2000
94,12,weak_lock_live,std_shared,lock,100000,1113368,11.13368,2350000
94,13,frame_4096_draws_64_unique_leases,own_shared,frame,24,90103,3754.29166667,41287680
94,14,scene_4096_attachments,std_shared,attachment,98304,493430,5.01942952474,98304
94,15,create_read_destroy,std_shared,asset,100000,1506159,15.06159,65000400000
94,16,group_setup_then_1_copies,own_local,group,100000,2289039,22.89039,2000000
94,17,copy_read_drop,own_shared,copy,100000,541742,5.41742,2350000
94,18,async_queue_job_1_local_copies,own_local,job,100,54661,546.61,2000
94,19,contended_copy_2_workers,own_shared,copy,200000,2884719,14.423595,4700000
94,20,group_setup_then_1024_copies,std_shared,group,97,1252924,12916.742268,2334208
94,21,group_setup_then_8_copies,own_local,group,12500,329788,26.38304,2350000
94,22,copy_read_drop,own_local,copy,100000,121370,1.2137,2350000
94,23,localize_read_drop,own_local,group,100000,1340174,13.40174,2350000
94,24,resource_lifecycle_64_assets_4096_objects,std_shared,cycle,10,345571,34557.1,17203200
94,25,share_read_drop,std_shared,handoff,100000,1297271,12.97271,2350000
94,26,resource_lifecycle_64_assets_4096_objects,own_local,cycle,10,253836,25383.6,17203200
94,27,share_read_drop,own_shared,handoff,100000,453632,4.53632,2350000
94,28,contended_copy_2_workers,std_shared,copy,200000,4961303,24.806515,4700000
94,29,group_setup_then_64_copies,own_local,group,1562,165615,106.027528809,2349248
94,30,group_setup_then_1_copies,std_shared,group,100000,2150313,21.50313,2000000
94,31,borrow_read,raw_borrow,read,100000,54350,0.5435,2350000
94,32,group_setup_then_8_copies,std_shared,group,12500,1304681,104.37448,2350000
94,33,async_queue_job_1024_local_copies,own_local,job,100,386802,3868.02,2406400
94,34,weak_lock_expired,own_shared,lock,100000,135641,1.35641,0
94,35,async_queue_job_1024_local_copies,std_shared,job,100,1736781,17367.81,2406400
94,36,weak_lock_expired,std_shared,lock,100000,162661,1.62661,0
95,0,frame_4096_draws_64_unique_leases,own_shared,frame,24,92708,3862.83333333,41287680
95,1,copy_read_drop,own_local,copy,100000,233917,2.33917,2350000
95,2,contended_copy_2_workers,std_shared,copy,200000,4203372,21.01686,4700000
95,3,scene_4096_attachments,std_shared,attachment,98304,493179,5.0168762207,98304
95,4,weak_lock_live,own_shared,lock,100000,702740,7.0274,2350000
95,5,contended_copy_2_workers,own_shared,copy,200000,2783069,13.915345,4700000
95,6,group_setup_then_8_copies,std_shared,group,12500,1256720,100.5376,2350000
95,7,weak_lock_expired,own_shared,lock,100000,135510,1.3551,0
95,8,async_queue_job_1024_local_copies,own_local,job,100,425410,4254.1,2406400
95,9,create_read_destroy,own_shared,asset,100000,1534121,15.34121,65000400000
95,10,frame_4096_draws_64_unique_leases,std_shared,frame,24,91405,3808.54166667,41287680
95,11,group_setup_then_64_copies,std_shared,group,1562,1795598,1149.55057618,2349248
95,12,group_setup_then_1024_copies,std_shared,group,97,1235268,12734.7216495,2334208
95,13,async_queue_job_64_local_copies,own_local,job,100,61351,613.51,150400
95,14,scene_4096_attachments,own_local,attachment,98304,152125,1.54749552409,98304
95,15,group_setup_then_64_copies,own_local,group,1562,211323,135.290012804,2349248
95,16,group_setup_then_8_copies,own_local,group,12500,333704,26.69632,2350000
95,17,create_read_destroy,std_shared,asset,100000,1120498,11.20498,65000400000
95,18,weak_lock_expired,std_shared,lock,100000,162511,1.62511,0
95,19,group_setup_then_1024_copies,own_local,group,97,136912,1411.46391753,2334208
95,20,weak_lock_live,std_shared,lock,100000,1194708,11.94708,2350000
95,21,copy_read_drop,own_shared,copy,100000,455083,4.55083,2350000
95,22,share_read_drop,std_shared,handoff,100000,1239554,12.39554,2350000
95,23,async_queue_job_1_local_copies,std_shared,job,100,67550,675.5,2000
95,24,localize_read_drop,std_shared,group,100000,1493491,14.93491,2350000
95,25,async_queue_job_1_local_copies,own_local,job,100,66479,664.79,2000
95,26,resource_lifecycle_64_assets_4096_objects,own_local,cycle,10,487011,48701.1,17203200
95,27,async_queue_job_64_local_copies,std_shared,job,100,183201,1832.01,150400
95,28,resource_lifecycle_64_assets_4096_objects,std_shared,cycle,10,354715,35471.5,17203200
95,29,localize_read_drop,own_local,group,100000,1536795,15.36795,2350000
95,30,group_setup_then_1_copies,std_shared,group,100000,2028202,20.28202,2000000
95,31,copy_read_drop,std_shared,copy,100000,1171083,11.71083,2350000
95,32,group_setup_then_1_copies,own_local,group,100000,2053530,20.5353,2000000
95,33,create_read_destroy,own_local,asset,100000,2167648,21.67648,65000400000
95,34,async_queue_job_1024_local_copies,std_shared,job,100,1677723,16777.23,2406400
95,35,share_read_drop,own_shared,handoff,100000,454112,4.54112,2350000
95,36,borrow_read,raw_borrow,read,100000,54371,0.54371,2350000
96,0,share_read_drop,own_shared,handoff,100000,462895,4.62895,2350000
96,1,localize_read_drop,own_local,group,100000,1307745,13.07745,2350000
96,2,group_setup_then_1024_copies,own_local,group,97,137193,1414.36082474,2334208
96,3,scene_4096_attachments,std_shared,attachment,98304,514842,5.23724365234,98304
96,4,group_setup_then_64_copies,own_local,group,1562,164294,105.181818182,2349248
96,5,frame_4096_draws_64_unique_leases,own_shared,frame,24,92607,3858.625,41287680
96,6,contended_copy_2_workers,own_shared,copy,200000,4773775,23.868875,4700000
96,7,share_read_drop,std_shared,handoff,100000,1376828,13.76828,2350000
96,8,create_read_destroy,own_shared,asset,100000,1431649,14.31649,65000400000
96,9,weak_lock_live,std_shared,lock,100000,1011216,10.11216,2350000
96,10,weak_lock_live,own_shared,lock,100000,1141519,11.41519,2350000
96,11,async_queue_job_64_local_copies,own_local,job,100,168139,1681.39,150400
96,12,resource_lifecycle_64_assets_4096_objects,std_shared,cycle,10,348606,34860.6,17203200
96,13,group_setup_then_8_copies,std_shared,group,12500,1684003,134.72024,2350000
96,14,group_setup_then_1_copies,std_shared,group,100000,2051747,20.51747,2000000
96,15,copy_read_drop,own_shared,copy,100000,455655,4.55655,2350000
96,16,contended_copy_2_workers,std_shared,copy,200000,3755649,18.778245,4700000
96,17,async_queue_job_64_local_copies,std_shared,job,100,186416,1864.16,150400
96,18,async_queue_job_1_local_copies,own_local,job,100,57936,579.36,2000
96,19,resource_lifecycle_64_assets_4096_objects,own_local,cycle,10,251142,25114.2,17203200
96,20,group_setup_then_1_copies,own_local,group,100000,2063344,20.63344,2000000
96,21,group_setup_then_64_copies,std_shared,group,1562,1161549,743.629321383,2349248
96,22,async_queue_job_1_local_copies,std_shared,job,100,58757,587.57,2000
96,23,create_read_destroy,std_shared,asset,100000,1116833,11.16833,65000400000
96,24,copy_read_drop,own_local,copy,100000,121600,1.216,2350000
96,25,borrow_read,raw_borrow,read,100000,54240,0.5424,2350000
96,26,create_read_destroy,own_local,asset,100000,2761747,27.61747,65000400000
96,27,frame_4096_draws_64_unique_leases,std_shared,frame,24,91115,3796.45833333,41287680
96,28,scene_4096_attachments,own_local,attachment,98304,147118,1.4965616862,98304
96,29,localize_read_drop,std_shared,group,100000,1286394,12.86394,2350000
96,30,copy_read_drop,std_shared,copy,100000,1452540,14.5254,2350000
96,31,async_queue_job_1024_local_copies,own_local,job,100,416286,4162.86,2406400
96,32,weak_lock_expired,own_shared,lock,100000,198213,1.98213,0
96,33,weak_lock_expired,std_shared,lock,100000,191373,1.91373,0
96,34,group_setup_then_1024_copies,std_shared,group,97,1154408,11901.1134021,2334208
96,35,group_setup_then_8_copies,own_local,group,12500,331270,26.5016,2350000
96,36,async_queue_job_1024_local_copies,std_shared,job,100,1650072,16500.72,2406400
97,0,contended_copy_2_workers,own_shared,copy,200000,4748468,23.74234,4700000
97,1,group_setup_then_64_copies,std_shared,group,1562,1226926,785.483994878,2349248
97,2,localize_read_drop,std_shared,group,100000,1239885,12.39885,2350000
97,3,async_queue_job_1_local_copies,std_shared,job,100,56113,561.13,2000
97,4,copy_read_drop,std_shared,copy,100000,1420683,14.20683,2350000
97,5,weak_lock_live,std_shared,lock,100000,912121,9.12121,2350000
97,6,async_queue_job_1024_local_copies,own_local,job,100,384509,3845.09,2406400
97,7,scene_4096_attachments,std_shared,attachment,98304,499289,5.07903035482,98304
97,8,async_queue_job_64_local_copies,std_shared,job,100,534562,5345.62,150400
97,9,group_setup_then_1024_copies,own_local,group,97,136713,1409.41237113,2334208
97,10,create_read_destroy,std_shared,asset,100000,1149752,11.49752,65000400000
97,11,group_setup_then_8_copies,own_local,group,12500,341726,27.33808,2350000
97,12,group_setup_then_1024_copies,std_shared,group,97,1319593,13604.0515464,2334208
97,13,group_setup_then_1_copies,std_shared,group,100000,2187188,21.87188,2000000
97,14,create_read_destroy,own_local,asset,100000,2228348,22.28348,65000400000
97,15,copy_read_drop,own_local,copy,100000,218233,2.18233,2350000
97,16,async_queue_job_1_local_copies,own_local,job,100,57925,579.25,2000
97,17,create_read_destroy,own_shared,asset,100000,1683632,16.83632,65000400000
97,18,localize_read_drop,own_local,group,100000,1246204,12.46204,2350000
97,19,group_setup_then_8_copies,std_shared,group,12500,1418189,113.45512,2350000
97,20,async_queue_job_1024_local_copies,std_shared,job,100,1697382,16973.82,2406400
97,21,group_setup_then_64_copies,own_local,group,1562,188960,120.973111396,2349248
97,22,group_setup_then_1_copies,own_local,group,100000,2174218,21.74218,2000000
97,23,scene_4096_attachments,own_local,attachment,98304,148910,1.51479085286,98304
97,24,copy_read_drop,own_shared,copy,100000,497967,4.97967,2350000
97,25,frame_4096_draws_64_unique_leases,own_shared,frame,24,90123,3755.125,41287680
97,26,async_queue_job_64_local_copies,own_local,job,100,82171,821.71,150400
97,27,share_read_drop,std_shared,handoff,100000,1352953,13.52953,2350000
97,28,resource_lifecycle_64_assets_4096_objects,own_local,cycle,10,238994,23899.4,17203200
97,29,borrow_read,raw_borrow,read,100000,88931,0.88931,2350000
97,30,frame_4096_draws_64_unique_leases,std_shared,frame,24,90905,3787.70833333,41287680
97,31,share_read_drop,own_shared,handoff,100000,495183,4.95183,2350000
97,32,resource_lifecycle_64_assets_4096_objects,std_shared,cycle,10,364429,36442.9,17203200
97,33,weak_lock_expired,std_shared,lock,100000,169531,1.69531,0
97,34,weak_lock_expired,own_shared,lock,100000,135581,1.35581,0
97,35,weak_lock_live,own_shared,lock,100000,446921,4.46921,2350000
97,36,contended_copy_2_workers,std_shared,copy,200000,4148410,20.74205,4700000
98,0,async_queue_job_1_local_copies,std_shared,job,100,238423,2384.23,2000
98,1,group_setup_then_1024_copies,std_shared,group,97,1674378,17261.628866,2334208
98,2,share_read_drop,std_shared,handoff,100000,1467392,14.67392,2350000
98,3,scene_4096_attachments,own_local,attachment,98304,183001,1.86158243815,98304
98,4,scene_4096_attachments,std_shared,attachment,98304,869527,8.84528605143,98304
98,5,weak_lock_expired,std_shared,lock,100000,162641,1.62641,0
98,6,group_setup_then_64_copies,own_local,group,1562,165756,106.117797695,2349248
98,7,borrow_read,raw_borrow,read,100000,54691,0.54691,2350000
98,8,async_queue_job_1024_local_copies,std_shared,job,100,1934578,19345.78,2406400
98,9,group_setup_then_1_copies,own_local,group,100000,1918510,19.1851,2000000
98,10,create_read_destroy,own_local,asset,100000,3055633,30.55633,65000400000
98,11,group_setup_then_1_copies,std_shared,group,100000,2051506,20.51506,2000000
98,12,group_setup_then_64_copies,std_shared,group,1562,1287867,824.49871959,2349248
98,13,resource_lifecycle_64_assets_4096_objects,std_shared,cycle,10,347935,34793.5,17203200
98,14,group_setup_then_8_copies,own_local,group,12500,335467,26.83736,2350000
98,15,create_read_destroy,std_shared,asset,100000,1180828,11.80828,65000400000
98,16,localize_read_drop,std_shared,group,100000,1178524,11.78524,2350000
98,17,copy_read_drop,std_shared,copy,100000,1157243,11.57243,2350000
98,18,weak_lock_live,own_shared,lock,100000,446892,4.46892,2350000
98,19,copy_read_drop,own_shared,copy,100000,481393,4.81393,2350000
98,20,contended_copy_2_workers,std_shared,copy,200000,4317090,21.58545,4700000
98,21,group_setup_then_8_copies,std_shared,group,12500,1515993,121.27944,2350000
98,22,async_queue_job_64_local_copies,own_local,job,100,89513,895.13,150400
98,23,group_setup_then_1024_copies,own_local,group,97,137964,1422.30927835,2334208
98,24,contended_copy_2_workers,own_shared,copy,200000,1834715,9.173575,4700000
98,25,copy_read_drop,own_local,copy,100000,148109,1.48109,2350000
98,26,share_read_drop,own_shared,handoff,100000,441743,4.41743,2350000
98,27,resource_lifecycle_64_assets_4096_objects,own_local,cycle,10,330950,33095,17203200
98,28,localize_read_drop,own_local,group,100000,1067460,10.6746,2350000
98,29,weak_lock_expired,own_shared,lock,100000,135771,1.35771,0
98,30,frame_4096_draws_64_unique_leases,std_shared,frame,24,93508,3896.16666667,41287680
98,31,async_queue_job_1_local_copies,own_local,job,100,44095,440.95,2000
98,32,create_read_destroy,own_shared,asset,100000,1663982,16.63982,65000400000
98,33,weak_lock_live,std_shared,lock,100000,944618,9.44618,2350000
98,34,async_queue_job_1024_local_copies,own_local,job,100,402226,4022.26,2406400
98,35,async_queue_job_64_local_copies,std_shared,job,100,279984,2799.84,150400
98,36,frame_4096_draws_64_unique_leases,own_shared,frame,24,100669,4194.54166667,41287680
99,0,contended_copy_2_workers,own_shared,copy,200000,2839843,14.199215,4700000
99,1,weak_lock_expired,std_shared,lock,100000,162551,1.62551,0
99,2,async_queue_job_1_local_copies,std_shared,job,100,51817,518.17,2000
99,3,contended_copy_2_workers,std_shared,copy,200000,4040060,20.2003,4700000
99,4,frame_4096_draws_64_unique_leases,std_shared,frame,24,116753,4864.70833333,41287680
99,5,async_queue_job_64_local_copies,own_local,job,100,77975,779.75,150400
99,6,resource_lifecycle_64_assets_4096_objects,std_shared,cycle,10,344139,34413.9,17203200
99,7,async_queue_job_1024_local_copies,std_shared,job,100,1875867,18758.67,2406400
99,8,group_setup_then_64_copies,std_shared,group,1562,1199255,767.768886044,2349248
99,9,async_queue_job_64_local_copies,std_shared,job,100,217151,2171.51,150400
99,10,group_setup_then_1_copies,std_shared,group,100000,1904218,19.04218,2000000
99,11,scene_4096_attachments,std_shared,attachment,98304,510626,5.19435628255,98304
99,12,localize_read_drop,own_local,group,100000,1112066,11.12066,2350000
99,13,group_setup_then_8_copies,std_shared,group,12500,1328096,106.24768,2350000
99,14,weak_lock_live,std_shared,lock,100000,908224,9.08224,2350000
99,15,localize_read_drop,std_shared,group,100000,1301867,13.01867,2350000
99,16,async_queue_job_1024_local_copies,own_local,job,100,696531,6965.31,2406400
99,17,scene_4096_attachments,own_local,attachment,98304,194177,1.97527058919,98304
99,18,share_read_drop,std_shared,handoff,100000,1331361,13.31361,2350000
99,19,borrow_read,raw_borrow,read,100000,54410,0.5441,2350000
99,20,copy_read_drop,own_shared,copy,100000,455294,4.55294,2350000
99,21,create_read_destroy,std_shared,asset,100000,1129292,11.29292,65000400000
99,22,copy_read_drop,std_shared,copy,100000,1191464,11.91464,2350000
99,23,group_setup_then_8_copies,own_local,group,12500,350158,28.01264,2350000
99,24,create_read_destroy,own_shared,asset,100000,1403117,14.03117,65000400000
99,25,create_read_destroy,own_local,asset,100000,2230250,22.3025,65000400000
99,26,share_read_drop,own_shared,handoff,100000,462525,4.62525,2350000
99,27,weak_lock_expired,own_shared,lock,100000,136402,1.36402,0
99,28,resource_lifecycle_64_assets_4096_objects,own_local,cycle,10,236510,23651,17203200
99,29,weak_lock_live,own_shared,lock,100000,462575,4.62575,2350000
99,30,group_setup_then_1024_copies,own_local,group,97,138055,1423.24742268,2334208
99,31,frame_4096_draws_64_unique_leases,own_shared,frame,24,91546,3814.41666667,41287680
99,32,group_setup_then_1_copies,own_local,group,100000,2100829,21.00829,2000000
99,33,async_queue_job_1_local_copies,own_local,job,100,57856,578.56,2000
99,34,group_setup_then_1024_copies,std_shared,group,97,1361035,14031.2886598,2334208
99,35,copy_read_drop,own_local,copy,100000,167217,1.67217,2350000
99,36,group_setup_then_64_copies,own_local,group,1562,164994,105.629961588,2349248
100,0,group_setup_then_1024_copies,own_local,group,97,136862,1410.94845361,2334208
100,1,frame_4096_draws_64_unique_leases,own_shared,frame,24,91135,3797.29166667,41287680
100,2,async_queue_job_1_local_copies,std_shared,job,100,68180,681.8,2000
100,3,contended_copy_2_workers,std_shared,copy,200000,3806008,19.03004,4700000
100,4,group_setup_then_1_copies,own_local,group,100000,1884369,18.84369,2000000
100,5,async_queue_job_1_local_copies,own_local,job,100,51486,514.86,2000
100,6,create_read_destroy,own_shared,asset,100000,1242579,12.42579,65000400000
100,7,async_queue_job_1024_local_copies,own_local,job,100,438449,4384.49,2406400
100,8,share_read_drop,own_shared,handoff,100000,445009,4.45009,2350000
100,9,group_setup_then_8_copies,std_shared,group,12500,1262999,101.03992,2350000
100,10,group_setup_then_64_copies,std_shared,group,1562,1212165,776.033930858,2349248
100,11,weak_lock_expired,own_shared,lock,100000,159446,1.59446,0
100,12,copy_read_drop,own_shared,copy,100000,455434,4.55434,2350000
100,13,scene_4096_attachments,own_local,attachment,98304,147778,1.50327555339,98304
100,14,group_setup_then_64_copies,own_local,group,1562,175469,112.336107554,2349248
100,15,async_queue_job_64_local_copies,own_local,job,100,74030,740.3,150400
100,16,copy_read_drop,own_local,copy,100000,132806,1.32806,2350000
100,17,share_read_drop,std_shared,handoff,100000,1168720,11.6872,2350000
100,18,async_queue_job_64_local_copies,std_shared,job,100,288266,2882.66,150400
100,19,create_read_destroy,own_local,asset,100000,2130813,21.30813,65000400000
100,20,scene_4096_attachments,std_shared,attachment,98304,505038,5.13751220703,98304
100,21,borrow_read,raw_borrow,read,100000,54230,0.5423,2350000
100,22,contended_copy_2_workers,own_shared,copy,200000,2622727,13.113635,4700000
100,23,create_read_destroy,std_shared,asset,100000,2123523,21.23523,65000400000
100,24,async_queue_job_1024_local_copies,std_shared,job,100,1603193,16031.93,2406400
100,25,weak_lock_expired,std_shared,lock,100000,162681,1.62681,0
100,26,group_setup_then_1_copies,std_shared,group,100000,2008753,20.08753,2000000
100,27,localize_read_drop,own_local,group,100000,1081441,10.81441,2350000
100,28,group_setup_then_8_copies,own_local,group,12500,2165661,173.25288,2350000
100,29,resource_lifecycle_64_assets_4096_objects,own_local,cycle,10,241267,24126.7,17203200
100,30,group_setup_then_1024_copies,std_shared,group,97,1147698,11831.9381443,2334208
100,31,weak_lock_live,std_shared,lock,100000,941814,9.41814,2350000
100,32,localize_read_drop,std_shared,group,100000,1169601,11.69601,2350000
100,33,resource_lifecycle_64_assets_4096_objects,std_shared,cycle,10,342247,34224.7,17203200
100,34,weak_lock_live,own_shared,lock,100000,458709,4.58709,2350000
100,35,copy_read_drop,std_shared,copy,100000,1239174,12.39174,2350000
100,36,frame_4096_draws_64_unique_leases,std_shared,frame,24,93248,3885.33333333,41287680
