round,order,case,implementation,unit,operations,elapsed_ns,ns_per_operation,checksum
0,0,resource_lifecycle_64_assets_4096_objects,own_local,cycle,10,266814,26681.4,17203200
0,1,weak_lock_expired,std_shared,lock,100000,162681,1.62681,0
0,2,weak_lock_live,std_shared,lock,100000,1089041,10.89041,2350000
0,3,async_queue_job_64_local_copies,std_shared,job,100,221417,2214.17,150400
0,4,async_queue_job_1_local_copies,std_shared,job,100,34161,341.61,2000
0,5,contended_copy_2_workers,std_shared,copy,200000,4677438,23.38719,4700000
0,6,async_queue_job_1024_local_copies,std_shared,job,100,1624833,16248.33,2406400
0,7,share_read_drop,own_shared,handoff,100000,442143,4.42143,2350000
0,8,create_read_destroy,own_shared,asset,100000,1343216,13.43216,65000400000
0,9,copy_read_drop,own_local,copy,100000,121510,1.2151,2350000
0,10,async_queue_job_1_local_copies,own_local,job,100,51116,511.16,2000
0,11,async_queue_job_64_local_copies,own_local,job,100,112085,1120.85,150400
0,12,create_read_destroy,std_shared,asset,100000,1099075,10.99075,65000400000
0,13,async_queue_job_1024_local_copies,own_local,job,100,597884,5978.84,2406400
0,14,group_setup_then_1_copies,std_shared,group,100000,1860391,18.60391,2000000
0,15,scene_4096_attachments,own_local,attachment,98304,149170,1.51743570964,98304
0,16,copy_read_drop,own_shared,copy,100000,495292,4.95292,2350000
0,17,group_setup_then_8_copies,own_local,group,12500,332612,26.60896,2350000
0,18,borrow_read,raw_borrow,read,100000,54370,0.5437,2350000
0,19,localize_read_drop,own_local,group,100000,1203770,12.0377,2350000
0,20,share_read_drop,std_shared,handoff,100000,1284800,12.848,2350000
0,21,frame_4096_draws_64_unique_leases,std_shared,frame,24,92506,3854.41666667,41287680
0,22,localize_read_drop,std_shared,group,100000,1248196,12.48196,2350000
0,23,contended_copy_2_workers,own_shared,copy,200000,2372729,11.863645,4700000
0,24,create_read_destroy,own_local,asset,100000,2235216,22.35216,65000400000
0,25,frame_4096_draws_64_unique_leases,own_shared,frame,24,91996,3833.16666667,41287680
0,26,scene_4096_attachments,std_shared,attachment,98304,496745,5.05315144857,98304
0,27,group_setup_then_1024_copies,std_shared,group,97,1143921,11793,2334208
0,28,group_setup_then_64_copies,own_local,group,1562,185555,118.793213828,2349248
0,29,weak_lock_live,own_shared,lock,100000,456935,4.56935,2350000
0,30,copy_read_drop,std_shared,copy,100000,1188097,11.88097,2350000
0,31,group_setup_then_8_copies,std_shared,group,12500,1246453,99.71624,2350000
0,32,group_setup_then_1_copies,own_local,group,100000,1846741,18.46741,2000000
0,33,resource_lifecycle_64_assets_4096_objects,std_shared,cycle,10,404969,40496.9,17203200
0,34,group_setup_then_64_copies,std_shared,group,1562,1175759,752.726632522,2349248
0,35,group_setup_then_1024_copies,own_local,group,97,137984,1422.51546392,2334208
0,36,weak_lock_expired,own_shared,lock,100000,135700,1.357,0
1,0,copy_read_drop,std_shared,copy,100000,1202458,12.02458,2350000
1,1,localize_read_drop,std_shared,group,100000,1300203,13.00203,2350000
1,2,contended_copy_2_workers,own_shared,copy,200000,2326982,11.63491,4700000
1,3,create_read_destroy,std_shared,asset,100000,1119566,11.19566,65000400000
1,4,group_setup_then_1024_copies,own_local,group,97,137273,1415.18556701,2334208
1,5,localize_read_drop,own_local,group,100000,1129230,11.2923,2350000
1,6,share_read_drop,own_shared,handoff,100000,462304,4.62304,2350000
1,7,weak_lock_live,std_shared,lock,100000,926330,9.2633,2350000
1,8,group_setup_then_8_copies,std_shared,group,12500,1258942,100.71536,2350000
1,9,create_read_destroy,own_local,asset,100000,2401752,24.01752,65000400000
1,10,scene_4096_attachments,std_shared,attachment,98304,506780,5.1552327474,98304
1,11,group_setup_then_1_copies,std_shared,group,100000,1909744,19.09744,2000000
1,12,contended_copy_2_workers,std_shared,copy,200000,4491352,22.45676,4700000
1,13,weak_lock_expired,own_shared,lock,100000,184512,1.84512,0
1,14,scene_4096_attachments,own_local,attachment,98304,162410,1.65211995443,98304
1,15,borrow_read,raw_borrow,read,100000,54340,0.5434,2350000
1,16,group_setup_then_1024_copies,std_shared,group,97,1226393,12643.2268041,2334208
1,17,group_setup_then_64_copies,own_local,group,1562,176722,113.138284251,2349248
1,18,group_setup_then_64_copies,std_shared,group,1562,1360642,871.089628681,2349248
1,19,async_queue_job_1_local_copies,own_local,job,100,67751,677.51,2000
1,20,resource_lifecycle_64_assets_4096_objects,std_shared,cycle,10,421624,42162.4,17203200
1,21,share_read_drop,std_shared,handoff,100000,1312772,13.12772,2350000
1,22,weak_lock_expired,std_shared,lock,100000,190882,1.90882,0
1,23,async_queue_job_1024_local_copies,std_shared,job,100,1622830,16228.3,2406400
1,24,async_queue_job_1_local_copies,std_shared,job,100,35493,354.93,2000
1,25,async_queue_job_64_local_copies,std_shared,job,100,182069,1820.69,150400
1,26,async_queue_job_1024_local_copies,own_local,job,100,406842,4068.42,2406400
1,27,copy_read_drop,own_local,copy,100000,124725,1.24725,2350000
1,28,frame_4096_draws_64_unique_leases,std_shared,frame,24,90264,3761,41287680
1,29,resource_lifecycle_64_assets_4096_objects,own_local,cycle,10,232754,23275.4,17203200
1,30,async_queue_job_64_local_copies,own_local,job,100,68211,682.11,150400
1,31,create_read_destroy,own_shared,asset,100000,1333582,13.33582,65000400000
1,32,frame_4096_draws_64_unique_leases,own_shared,frame,24,92988,3874.5,41287680
1,33,group_setup_then_1_copies,own_local,group,100000,2079105,20.79105,2000000
1,34,group_setup_then_8_copies,own_local,group,12500,330699,26.45592,2350000
1,35,copy_read_drop,own_shared,copy,100000,525607,5.25607,2350000
1,36,weak_lock_live,own_shared,lock,100000,464807,4.64807,2350000
2,0,async_queue_job_1024_local_copies,own_local,job,100,388023,3880.23,2406400
2,1,async_queue_job_1_local_copies,own_local,job,100,42693,426.93,2000
2,2,share_read_drop,std_shared,handoff,100000,1163691,11.63691,2350000
2,3,borrow_read,raw_borrow,read,100000,276609,2.76609,2350000
2,4,weak_lock_live,own_shared,lock,100000,512418,5.12418,2350000
2,5,resource_lifecycle_64_assets_4096_objects,std_shared,cycle,10,350989,35098.9,17203200
2,6,group_setup_then_64_copies,std_shared,group,1562,1168078,747.80921895,2349248
2,7,copy_read_drop,std_shared,copy,100000,1215647,12.15647,2350000
2,8,scene_4096_attachments,std_shared,attachment,98304,513029,5.21880086263,98304
2,9,share_read_drop,own_shared,handoff,100000,499960,4.9996,2350000
2,10,async_queue_job_1_local_copies,std_shared,job,100,50555,505.55,2000
2,11,localize_read_drop,own_local,group,100000,1289908,12.89908,2350000
2,12,create_read_destroy,own_shared,asset,100000,1398568,13.98568,65000400000
2,13,weak_lock_live,std_shared,lock,100000,926431,9.26431,2350000
2,14,resource_lifecycle_64_assets_4096_objects,own_local,cycle,10,241146,24114.6,17203200
2,15,async_queue_job_64_local_copies,std_shared,job,100,323448,3234.48,150400
2,16,group_setup_then_64_copies,own_local,group,1562,163021,104.366837388,2349248
2,17,weak_lock_expired,std_shared,lock,100000,162510,1.6251,0
2,18,async_queue_job_1024_local_copies,std_shared,job,100,3962509,39625.09,2406400
2,19,async_queue_job_64_local_copies,own_local,job,100,56964,569.64,150400
2,20,frame_4096_draws_64_unique_leases,own_shared,frame,24,91155,3798.125,41287680
2,21,group_setup_then_1024_copies,own_local,group,97,137132,1413.73195876,2334208
2,22,contended_copy_2_workers,own_shared,copy,200000,4802001,24.010005,4700000
2,23,group_setup_then_1_copies,own_local,group,100000,1915182,19.15182,2000000
2,24,group_setup_then_8_copies,own_local,group,12500,331179,26.49432,2350000
2,25,copy_read_drop,own_local,copy,100000,121840,1.2184,2350000
2,26,create_read_destroy,std_shared,asset,100000,1138353,11.38353,65000400000
2,27,group_setup_then_1024_copies,std_shared,group,97,1156630,11924.0206186,2334208
2,28,create_read_destroy,own_local,asset,100000,2236367,22.36367,65000400000
2,29,contended_copy_2_workers,std_shared,copy,200000,4294381,21.471905,4700000
2,30,group_setup_then_1_copies,std_shared,group,100000,2022191,20.22191,2000000
2,31,frame_4096_draws_64_unique_leases,std_shared,frame,24,92997,3874.875,41287680
2,32,weak_lock_expired,own_shared,lock,100000,135901,1.35901,0
2,33,group_setup_then_8_copies,std_shared,group,12500,1339240,107.1392,2350000
2,34,copy_read_drop,own_shared,copy,100000,455524,4.55524,2350000
2,35,localize_read_drop,std_shared,group,100000,1238492,12.38492,2350000
2,36,scene_4096_attachments,own_local,attachment,98304,148870,1.51438395182,98304
3,0,localize_read_drop,std_shared,group,100000,1313152,13.13152,2350000
3,1,create_read_destroy,std_shared,asset,100000,1148679,11.48679,65000400000
3,2,group_setup_then_1024_copies,std_shared,group,97,1148198,11837.0927835,2334208
3,3,weak_lock_expired,std_shared,lock,100000,162761,1.62761,0
3,4,group_setup_then_64_copies,std_shared,group,1562,1231702,788.541613316,2349248
3,5,scene_4096_attachments,std_shared,attachment,98304,492939,5.01443481445,98304
3,6,scene_4096_attachments,own_local,attachment,98304,146867,1.49400838216,98304
3,7,copy_read_drop,own_local,copy,100000,121860,1.2186,2350000
3,8,async_queue_job_64_local_copies,own_local,job,100,102662,1026.62,150400
3,9,weak_lock_live,own_shared,lock,100000,450606,4.50606,2350000
3,10,group_setup_then_8_copies,std_shared,group,12500,1248396,99.87168,2350000
3,11,frame_4096_draws_64_unique_leases,std_shared,frame,24,89682,3736.75,41287680
3,12,weak_lock_expired,own_shared,lock,100000,146727,1.46727,0
3,13,async_queue_job_1024_local_copies,own_local,job,100,392591,3925.91,2406400
3,14,async_queue_job_64_local_copies,std_shared,job,100,203591,2035.91,150400
3,15,group_setup_then_8_copies,own_local,group,12500,447722,35.81776,2350000
3,16,create_read_destroy,own_local,asset,100000,2169107,21.69107,65000400000
3,17,async_queue_job_1_local_copies,std_shared,job,100,50395,503.95,2000
3,18,async_queue_job_1_local_copies,own_local,job,100,52948,529.48,2000
3,19,share_read_drop,own_shared,handoff,100000,441723,4.41723,2350000
3,20,group_setup_then_1_copies,std_shared,group,100000,1861784,18.61784,2000000
3,21,copy_read_drop,std_shared,copy,100000,1171662,11.71662,2350000
3,22,frame_4096_draws_64_unique_leases,own_shared,frame,24,91435,3809.79166667,41287680
3,23,create_read_destroy,own_shared,asset,100000,1297258,12.97258,65000400000
3,24,group_setup_then_1024_copies,own_local,group,97,135901,1401.04123711,2334208
3,25,contended_copy_2_workers,std_shared,copy,200000,4577720,22.8886,4700000
3,26,group_setup_then_64_copies,own_local,group,1562,187427,119.991677337,2349248
3,27,resource_lifecycle_64_assets_4096_objects,std_shared,cycle,10,354003,35400.3,17203200
3,28,weak_lock_live,std_shared,lock,100000,985277,9.85277,2350000
3,29,share_read_drop,std_shared,handoff,100000,1209479,12.09479,2350000
3,30,borrow_read,raw_borrow,read,100000,54441,0.54441,2350000
3,31,group_setup_then_1_copies,own_local,group,100000,1996783,19.96783,2000000
3,32,resource_lifecycle_64_assets_4096_objects,own_local,cycle,10,253345,25334.5,17203200
3,33,async_queue_job_1024_local_copies,std_shared,job,100,1817998,18179.98,2406400
3,34,copy_read_drop,own_shared,copy,100000,490405,4.90405,2350000
3,35,localize_read_drop,own_local,group,100000,1195899,11.95899,2350000
3,36,contended_copy_2_workers,own_shared,copy,200000,2611662,13.05831,4700000
4,0,create_read_destroy,own_local,asset,100000,2133455,21.33455,65000400000
4,1,async_queue_job_1_local_copies,own_local,job,100,52577,525.77,2000
4,2,group_setup_then_1024_copies,std_shared,group,97,1369455,14118.0927835,2334208
4,3,async_queue_job_1024_local_copies,own_local,job,100,597283,5972.83,2406400
4,4,group_setup_then_64_copies,std_shared,group,1562,1165143,745.93021767,2349248
4,5,scene_4096_attachments,std_shared,attachment,98304,493900,5.02421061198,98304
4,6,create_read_destroy,own_shared,asset,100000,1247675,12.47675,65000400000
4,7,borrow_read,raw_borrow,read,100000,54460,0.5446,2350000
4,8,copy_read_drop,own_local,copy,100000,122371,1.22371,2350000
4,9,async_queue_job_1024_local_copies,std_shared,job,100,1739622,17396.22,2406400
4,10,share_read_drop,std_shared,handoff,100000,1237990,12.3799,2350000
4,11,group_setup_then_8_copies,std_shared,group,12500,1433510,114.6808,2350000
4,12,resource_lifecycle_64_assets_4096_objects,own_local,cycle,10,245443,24544.3,17203200
4,13,copy_read_drop,std_shared,copy,100000,1165975,11.65975,2350000
4,14,create_read_destroy,std_shared,asset,100000,1116131,11.16131,65000400000
4,15,async_queue_job_64_local_copies,own_local,job,100,66338,663.38,150400
4,16,group_setup_then_1_copies,std_shared,group,100000,1920741,19.20741,2000000
4,17,group_setup_then_8_copies,own_local,group,12500,331380,26.5104,2350000
4,18,share_read_drop,own_shared,handoff,100000,453842,4.53842,2350000
4,19,localize_read_drop,std_shared,group,100000,1182379,11.82379,2350000
4,20,contended_copy_2_workers,std_shared,copy,200000,4014697,20.073485,4700000
4,21,group_setup_then_1_copies,own_local,group,100000,1916875,19.16875,2000000
4,22,frame_4096_draws_64_unique_leases,own_shared,frame,24,95401,3975.04166667,41287680
4,23,scene_4096_attachments,own_local,attachment,98304,152455,1.55085245768,98304
4,24,group_setup_then_64_copies,own_local,group,1562,164283,105.174775928,2349248
4,25,async_queue_job_1_local_copies,std_shared,job,100,53649,536.49,2000
4,26,weak_lock_expired,std_shared,lock,100000,162660,1.6266,0
4,27,weak_lock_live,std_shared,lock,100000,915704,9.15704,2350000
4,28,group_setup_then_1024_copies,own_local,group,97,150443,1550.95876289,2334208
4,29,copy_read_drop,own_shared,copy,100000,478749,4.78749,2350000
4,30,localize_read_drop,own_local,group,100000,1119165,11.19165,2350000
4,31,resource_lifecycle_64_assets_4096_objects,std_shared,cycle,10,334144,33414.4,17203200
4,32,weak_lock_expired,own_shared,lock,100000,151154,1.51154,0
4,33,async_queue_job_64_local_copies,std_shared,job,100,191464,1914.64,150400
4,34,weak_lock_live,own_shared,lock,100000,450337,4.50337,2350000
4,35,frame_4096_draws_64_unique_leases,std_shared,frame,24,91245,3801.875,41287680
4,36,contended_copy_2_workers,own_shared,copy,200000,2978775,14.893875,4700000
5,0,group_setup_then_64_copies,own_local,group,1562,175710,112.490396927,2349248
5,1,async_queue_job_1024_local_copies,own_local,job,100,387933,3879.33,2406400
5,2,async_queue_job_1_local_copies,std_shared,job,100,33360,333.6,2000
5,3,async_queue_job_64_local_copies,own_local,job,100,56194,561.94,150400
5,4,localize_read_drop,own_local,group,100000,1130372,11.30372,2350000
5,5,group_setup_then_64_copies,std_shared,group,1562,1208888,773.935979513,2349248
5,6,copy_read_drop,std_shared,copy,100000,1178163,11.78163,2350000
5,7,group_setup_then_8_copies,own_local,group,12500,333674,26.69392,2350000
5,8,copy_read_drop,own_local,copy,100000,121360,1.2136,2350000
5,9,group_setup_then_1_copies,own_local,group,100000,2051513,20.51513,2000000
5,10,contended_copy_2_workers,std_shared,copy,200000,4355361,21.776805,4700000
5,11,async_queue_job_1_local_copies,own_local,job,100,50625,506.25,2000
5,12,create_read_destroy,own_local,asset,100000,2285730,22.8573,65000400000
5,13,group_setup_then_8_copies,std_shared,group,12500,1352701,108.21608,2350000
5,14,frame_4096_draws_64_unique_leases,std_shared,frame,24,91756,3823.16666667,41287680
5,15,async_queue_job_1024_local_copies,std_shared,job,100,1667396,16673.96,2406400
5,16,contended_copy_2_workers,own_shared,copy,200000,2922883,14.614415,4700000
5,17,create_read_destroy,own_shared,asset,100000,1215848,12.15848,65000400000
5,18,resource_lifecycle_64_assets_4096_objects,std_shared,cycle,10,337790,33779,17203200
5,19,borrow_read,raw_borrow,read,100000,54240,0.5424,2350000
5,20,weak_lock_expired,std_shared,lock,100000,177463,1.77463,0
5,21,weak_lock_live,own_shared,lock,100000,450006,4.50006,2350000
5,22,share_read_drop,std_shared,handoff,100000,1195147,11.95147,2350000
5,23,resource_lifecycle_64_assets_4096_objects,own_local,cycle,10,290379,29037.9,17203200
5,24,scene_4096_attachments,own_local,attachment,98304,186916,1.9014078776,98304
5,25,group_setup_then_1_copies,std_shared,group,100000,2098193,20.98193,2000000
5,26,frame_4096_draws_64_unique_leases,own_shared,frame,24,100229,4176.20833333,41287680
5,27,weak_lock_live,std_shared,lock,100000,934132,9.34132,2350000
5,28,weak_lock_expired,own_shared,lock,100000,238563,2.38563,0
5,29,scene_4096_attachments,std_shared,attachment,98304,516053,5.24956258138,98304
5,30,share_read_drop,own_shared,handoff,100000,485508,4.85508,2350000
5,31,group_setup_then_1024_copies,own_local,group,97,137704,1419.62886598,2334208
5,32,group_setup_then_1024_copies,std_shared,group,97,1367673,14099.7216495,2334208
5,33,copy_read_drop,own_shared,copy,100000,455103,4.55103,2350000
5,34,localize_read_drop,std_shared,group,100000,1188678,11.88678,2350000
5,35,create_read_destroy,std_shared,asset,100000,1096221,10.96221,65000400000
5,36,async_queue_job_64_local_copies,std_shared,job,100,318761,3187.61,150400
6,0,borrow_read,raw_borrow,read,100000,54231,0.54231,2350000
6,1,async_queue_job_64_local_copies,own_local,job,100,52298,522.98,150400
6,2,copy_read_drop,own_local,copy,100000,122492,1.22492,2350000
6,3,scene_4096_attachments,own_local,attachment,98304,145836,1.48352050781,98304
6,4,group_setup_then_1_copies,own_local,group,100000,1859991,18.59991,2000000
6,5,resource_lifecycle_64_assets_4096_objects,std_shared,cycle,10,335847,33584.7,17203200
6,6,share_read_drop,own_shared,handoff,100000,514811,5.14811,2350000
6,7,frame_4096_draws_64_unique_leases,own_shared,frame,24,89102,3712.58333333,41287680
6,8,async_queue_job_1024_local_copies,own_local,job,100,392610,3926.1,2406400
6,9,copy_read_drop,std_shared,copy,100000,1161097,11.61097,2350000
6,10,frame_4096_draws_64_unique_leases,std_shared,frame,24,103302,4304.25,41287680
6,11,create_read_destroy,own_shared,asset,100000,1431817,14.31817,65000400000
6,12,async_queue_job_64_local_copies,std_shared,job,100,201408,2014.08,150400
6,13,async_queue_job_1024_local_copies,std_shared,job,100,1632434,16324.34,2406400
6,14,group_setup_then_64_copies,std_shared,group,1562,1173094,751.020486556,2349248
6,15,group_setup_then_1024_copies,own_local,group,97,137193,1414.36082474,2334208
6,16,group_setup_then_64_copies,own_local,group,1562,163602,104.738796415,2349248
6,17,group_setup_then_8_copies,std_shared,group,12500,1275125,102.01,2350000
6,18,group_setup_then_8_copies,own_local,group,12500,330228,26.41824,2350000
6,19,group_setup_then_1024_copies,std_shared,group,97,1159555,11954.1752577,2334208
6,20,contended_copy_2_workers,std_shared,copy,200000,3571402,17.85701,4700000
6,21,async_queue_job_1_local_copies,std_shared,job,100,55021,550.21,2000
6,22,resource_lifecycle_64_assets_4096_objects,own_local,cycle,10,232293,23229.3,17203200
6,23,share_read_drop,std_shared,handoff,100000,1167877,11.67877,2350000
6,24,localize_read_drop,std_shared,group,100000,1193425,11.93425,2350000
6,25,copy_read_drop,own_shared,copy,100000,479298,4.79298,2350000
6,26,localize_read_drop,own_local,group,100000,1183450,11.8345,2350000
6,27,create_read_destroy,std_shared,asset,100000,1128639,11.28639,65000400000
6,28,create_read_destroy,own_local,asset,100000,2166403,21.66403,65000400000
6,29,async_queue_job_1_local_copies,own_local,job,100,58166,581.66,2000
6,30,weak_lock_expired,own_shared,lock,100000,135491,1.35491,0
6,31,weak_lock_live,std_shared,lock,100000,949214,9.49214,2350000
6,32,contended_copy_2_workers,own_shared,copy,200000,2456393,12.281965,4700000
6,33,scene_4096_attachments,std_shared,attachment,98304,493239,5.01748657227,98304
6,34,group_setup_then_1_copies,std_shared,group,100000,1859811,18.59811,2000000
6,35,weak_lock_expired,std_shared,lock,100000,162550,1.6255,0
6,36,weak_lock_live,own_shared,lock,100000,499419,4.99419,2350000
7,0,localize_read_drop,own_local,group,100000,1213014,12.13014,2350000
7,1,async_queue_job_1_local_copies,std_shared,job,100,58777,587.77,2000
7,2,resource_lifecycle_64_assets_4096_objects,std_shared,cycle,10,376106,37610.6,17203200
7,3,scene_4096_attachments,own_local,attachment,98304,363538,3.69809977214,98304
7,4,async_queue_job_64_local_copies,std_shared,job,100,212254,2122.54,150400
7,5,localize_read_drop,std_shared,group,100000,1218922,12.18922,2350000
7,6,weak_lock_live,own_shared,lock,100000,482103,4.82103,2350000
7,7,weak_lock_expired,own_shared,lock,100000,135490,1.3549,0
7,8,group_setup_then_1024_copies,std_shared,group,97,1201387,12385.4329897,2334208
7,9,scene_4096_attachments,std_shared,attachment,98304,510896,5.19710286458,98304
7,10,group_setup_then_64_copies,std_shared,group,1562,1161628,743.679897567,2349248
7,11,resource_lifecycle_64_assets_4096_objects,own_local,cycle,10,228939,22893.9,17203200
7,12,copy_read_drop,own_shared,copy,100000,487651,4.87651,2350000
7,13,group_setup_then_8_copies,std_shared,group,12500,1249839,99.98712,2350000
7,14,create_read_destroy,std_shared,asset,100000,1558284,15.58284,65000400000
7,15,group_setup_then_8_copies,own_local,group,12500,394704,31.57632,2350000
7,16,async_queue_job_1_local_copies,own_local,job,100,52217,522.17,2000
7,17,async_queue_job_64_local_copies,own_local,job,100,43304,433.04,150400
7,18,contended_copy_2_workers,own_shared,copy,200000,2570451,12.852255,4700000
7,19,copy_read_drop,own_local,copy,100000,132696,1.32696,2350000
7,20,share_read_drop,own_shared,handoff,100000,441372,4.41372,2350000
7,21,async_queue_job_1024_local_copies,own_local,job,100,603683,6036.83,2406400
7,22,share_read_drop,std_shared,handoff,100000,1500980,15.0098,2350000
7,23,contended_copy_2_workers,std_shared,copy,200000,5948507,29.742535,4700000
7,24,create_read_destroy,own_local,asset,100000,2453829,24.53829,65000400000
7,25,async_queue_job_1024_local_copies,std_shared,job,100,1623541,16235.41,2406400
7,26,group_setup_then_1_copies,own_local,group,100000,2021410,20.2141,2000000
7,27,group_setup_then_1_copies,std_shared,group,100000,1938677,19.38677,2000000
7,28,frame_4096_draws_64_unique_leases,std_shared,frame,24,90434,3768.08333333,41287680
7,29,create_read_destroy,own_shared,asset,100000,1229948,12.29948,65000400000
7,30,group_setup_then_1024_copies,own_local,group,97,165094,1702,2334208
7,31,frame_4096_draws_64_unique_leases,own_shared,frame,24,91826,3826.08333333,41287680
7,32,borrow_read,raw_borrow,read,100000,54280,0.5428,2350000
7,33,copy_read_drop,std_shared,copy,100000,1160396,11.60396,2350000
7,34,weak_lock_expired,std_shared,lock,100000,162621,1.62621,0
7,35,weak_lock_live,std_shared,lock,100000,994521,9.94521,2350000
7,36,group_setup_then_64_copies,own_local,group,1562,164453,105.283610755,2349248
8,0,group_setup_then_8_copies,own_local,group,12500,355796,28.46368,2350000
8,1,resource_lifecycle_64_assets_4096_objects,own_local,cycle,10,238533,23853.3,17203200
8,2,group_setup_then_64_copies,own_local,group,1562,163392,104.604353393,2349248
8,3,async_queue_job_1024_local_copies,std_shared,job,100,1730659,17306.59,2406400
8,4,share_read_drop,std_shared,handoff,100000,1167807,11.67807,2350000
8,5,group_setup_then_1024_copies,std_shared,group,97,1152214,11878.4948454,2334208
8,6,group_setup_then_1_copies,std_shared,group,100000,1873881,18.73881,2000000
8,7,group_setup_then_64_copies,std_shared,group,1562,1234315,790.21446863,2349248
8,8,scene_4096_attachments,own_local,attachment,98304,145976,1.48494466146,98304
8,9,weak_lock_live,std_shared,lock,100000,909065,9.09065,2350000
8,10,group_setup_then_8_copies,std_shared,group,12500,1282316,102.58528,2350000
8,11,frame_4096_draws_64_unique_leases,std_shared,frame,24,89112,3713,41287680
8,12,async_queue_job_64_local_copies,own_local,job,100,78395,783.95,150400
8,13,weak_lock_live,own_shared,lock,100000,450215,4.50215,2350000
8,14,copy_read_drop,std_shared,copy,100000,1160045,11.60045,2350000
8,15,copy_read_drop,own_local,copy,100000,121499,1.21499,2350000
8,16,create_read_destroy,own_local,asset,100000,2370615,23.70615,65000400000
8,17,async_queue_job_1_local_copies,own_local,job,100,80840,808.4,2000
8,18,localize_read_drop,std_shared,group,100000,1228427,12.28427,2350000
8,19,contended_copy_2_workers,std_shared,copy,200000,4147574,20.73787,4700000
8,20,resource_lifecycle_64_assets_4096_objects,std_shared,cycle,10,344300,34430,17203200
8,21,async_queue_job_1024_local_copies,own_local,job,100,335256,3352.56,2406400
8,22,contended_copy_2_workers,own_shared,copy,200000,2763496,13.81748,4700000
8,23,weak_lock_expired,std_shared,lock,100000,162550,1.6255,0
8,24,scene_4096_attachments,std_shared,attachment,98304,506680,5.15421549479,98304
8,25,create_read_destroy,std_shared,asset,100000,1294084,12.94084,65000400000
8,26,copy_read_drop,own_shared,copy,100000,1881903,18.81903,2350000
8,27,group_setup_then_1_copies,own_local,group,100000,1938797,19.38797,2000000
8,28,localize_read_drop,own_local,group,100000,1048670,10.4867,2350000
8,29,frame_4096_draws_64_unique_leases,own_shared,frame,24,95582,3982.58333333,41287680
8,30,async_queue_job_1_local_copies,std_shared,job,100,57455,574.55,2000
8,31,create_read_destroy,own_shared,asset,100000,1244490,12.4449,65000400000
8,32,share_read_drop,own_shared,handoff,100000,467711,4.67711,2350000
8,33,borrow_read,raw_borrow,read,100000,54511,0.54511,2350000
8,34,weak_lock_expired,own_shared,lock,100000,135470,1.3547,0
8,35,async_queue_job_64_local_copies,std_shared,job,100,211232,2112.32,150400
8,36,group_setup_then_1024_copies,own_local,group,97,291291,3003,2334208
9,0,group_setup_then_8_copies,std_shared,group,12500,1432778,114.62224,2350000
9,1,localize_read_drop,std_shared,group,100000,3073906,30.73906,2350000
9,2,create_read_destroy,own_shared,asset,100000,1391639,13.91639,65000400000
9,3,contended_copy_2_workers,std_shared,copy,200000,3815854,19.07927,4700000
9,4,weak_lock_live,std_shared,lock,100000,999508,9.99508,2350000
9,5,async_queue_job_64_local_copies,own_local,job,100,81100,811,150400
9,6,group_setup_then_1024_copies,std_shared,group,97,1178633,12150.8556701,2334208
9,7,group_setup_then_8_copies,own_local,group,12500,413271,33.06168,2350000
9,8,weak_lock_live,own_shared,lock,100000,450386,4.50386,2350000
9,9,borrow_read,raw_borrow,read,100000,54501,0.54501,2350000
9,10,group_setup_then_1_copies,std_shared,group,100000,1867342,18.67342,2000000
9,11,create_read_destroy,std_shared,asset,100000,1171452,11.71452,65000400000
9,12,group_setup_then_64_copies,own_local,group,1562,230170,147.355953905,2349248
9,13,contended_copy_2_workers,own_shared,copy,200000,1957455,9.787275,4700000
9,14,async_queue_job_1024_local_copies,std_shared,job,100,1585355,15853.55,2406400
9,15,resource_lifecycle_64_assets_4096_objects,own_local,cycle,10,251392,25139.2,17203200
9,16,async_queue_job_1_local_copies,std_shared,job,100,38477,384.77,2000
9,17,copy_read_drop,own_local,copy,100000,122210,1.2221,2350000
9,18,copy_read_drop,own_shared,copy,100000,490635,4.90635,2350000
9,19,group_setup_then_1_copies,own_local,group,100000,2124552,21.24552,2000000
9,20,scene_4096_attachments,own_local,attachment,98304,148560,1.51123046875,98304
9,21,resource_lifecycle_64_assets_4096_objects,std_shared,cycle,10,403266,40326.6,17203200
9,22,share_read_drop,std_shared,handoff,100000,1194366,11.94366,2350000
9,23,copy_read_drop,std_shared,copy,100000,1239854,12.39854,2350000
9,24,share_read_drop,own_shared,handoff,100000,441603,4.41603,2350000
9,25,async_queue_job_1_local_copies,own_local,job,100,59287,592.87,2000
9,26,group_setup_then_64_copies,std_shared,group,1562,1235026,790.669654289,2349248
9,27,weak_lock_expired,std_shared,lock,100000,162741,1.62741,0
9,28,frame_4096_draws_64_unique_leases,own_shared,frame,24,90274,3761.41666667,41287680
9,29,localize_read_drop,own_local,group,100000,1318540,13.1854,2350000
9,30,frame_4096_draws_64_unique_leases,std_shared,frame,24,142300,5929.16666667,41287680
9,31,async_queue_job_64_local_copies,std_shared,job,100,177132,1771.32,150400
9,32,group_setup_then_1024_copies,own_local,group,97,136081,1402.89690722,2334208
9,33,async_queue_job_1024_local_copies,own_local,job,100,393963,3939.63,2406400
9,34,weak_lock_expired,own_shared,lock,100000,135591,1.35591,0
9,35,scene_4096_attachments,std_shared,attachment,98304,506529,5.15267944336,98304
9,36,create_read_destroy,own_local,asset,100000,2193755,21.93755,65000400000
10,0,scene_4096_attachments,std_shared,attachment,98304,507621,5.1637878418,98304
10,1,weak_lock_expired,own_shared,lock,100000,135480,1.3548,0
10,2,group_setup_then_1_copies,std_shared,group,100000,1861272,18.61272,2000000
10,3,async_queue_job_1024_local_copies,std_shared,job,100,1645113,16451.13,2406400
10,4,group_setup_then_64_copies,own_local,group,1562,163011,104.360435339,2349248
10,5,share_read_drop,std_shared,handoff,100000,1354153,13.54153,2350000
10,6,create_read_destroy,std_shared,asset,100000,1160386,11.60386,65000400000
10,7,frame_4096_draws_64_unique_leases,std_shared,frame,24,89422,3725.91666667,41287680
10,8,async_queue_job_64_local_copies,std_shared,job,100,393932,3939.32,150400
10,9,copy_read_drop,std_shared,copy,100000,1297679,12.97679,2350000
10,10,weak_lock_live,std_shared,lock,100000,1403075,14.03075,2350000
10,11,async_queue_job_64_local_copies,own_local,job,100,78156,781.56,150400
10,12,scene_4096_attachments,own_local,attachment,98304,147568,1.50113932292,98304
10,13,localize_read_drop,std_shared,group,100000,1189279,11.89279,2350000
10,14,group_setup_then_8_copies,own_local,group,12500,382425,30.594,2350000
10,15,copy_read_drop,own_shared,copy,100000,455223,4.55223,2350000
10,16,borrow_read,raw_borrow,read,100000,108991,1.08991,2350000
10,17,resource_lifecycle_64_assets_4096_objects,own_local,cycle,10,326483,32648.3,17203200
10,18,frame_4096_draws_64_unique_leases,own_shared,frame,24,89743,3739.29166667,41287680
10,19,async_queue_job_1_local_copies,std_shared,job,100,59979,599.79,2000
10,20,resource_lifecycle_64_assets_4096_objects,std_shared,cycle,10,332041,33204.1,17203200
10,21,async_queue_job_1_local_copies,own_local,job,100,47620,476.2,2000
10,22,group_setup_then_64_copies,std_shared,group,1562,1336526,855.650448143,2349248
10,23,group_setup_then_8_copies,std_shared,group,12500,1317989,105.43912,2350000
10,24,contended_copy_2_workers,std_shared,copy,200000,5059201,25.296005,4700000
10,25,group_setup_then_1_copies,own_local,group,100000,1847072,18.47072,2000000
10,26,create_read_destroy,own_shared,asset,100000,1569060,15.6906,65000400000
10,27,weak_lock_live,own_shared,lock,100000,470686,4.70686,2350000
10,28,group_setup_then_1024_copies,std_shared,group,97,1144192,11795.7938144,2334208
10,29,weak_lock_expired,std_shared,lock,100000,162541,1.62541,0
10,30,localize_read_drop,own_local,group,100000,1115189,11.15189,2350000
10,31,copy_read_drop,own_local,copy,100000,121370,1.2137,2350000
10,32,async_queue_job_1024_local_copies,own_local,job,100,467331,4673.31,2406400
10,33,share_read_drop,own_shared,handoff,100000,441683,4.41683,2350000
10,34,create_read_destroy,own_local,asset,100000,2474860,24.7486,65000400000
10,35,group_setup_then_1024_copies,own_local,group,97,137994,1422.6185567,2334208
10,36,contended_copy_2_workers,own_shared,copy,200000,1899950,9.49975,4700000
11,0,copy_read_drop,own_local,copy,100000,121710,1.2171,2350000
11,1,group_setup_then_8_copies,std_shared,group,12500,1296157,103.69256,2350000
11,2,group_setup_then_1024_copies,own_local,group,97,137303,1415.49484536,2334208
11,3,weak_lock_expired,std_shared,lock,100000,199445,1.99445,0
11,4,scene_4096_attachments,std_shared,attachment,98304,496214,5.04774983724,98304
11,5,share_read_drop,own_shared,handoff,100000,486279,4.86279,2350000
11,6,borrow_read,raw_borrow,read,100000,54361,0.54361,2350000
11,7,group_setup_then_64_copies,std_shared,group,1562,1342015,859.16453265,2349248
11,8,weak_lock_expired,own_shared,lock,100000,135610,1.3561,0
11,9,group_setup_then_8_copies,own_local,group,12500,430978,34.47824,2350000
11,10,async_queue_job_1024_local_copies,own_local,job,100,398750,3987.5,2406400
11,11,async_queue_job_64_local_copies,own_local,job,100,49823,498.23,150400
11,12,scene_4096_attachments,own_local,attachment,98304,147428,1.49971516927,98304
11,13,contended_copy_2_workers,own_shared,copy,200000,2151752,10.75876,4700000
11,14,weak_lock_live,std_shared,lock,100000,908344,9.08344,2350000
11,15,frame_4096_draws_64_unique_leases,own_shared,frame,24,90203,3758.45833333,41287680
11,16,share_read_drop,std_shared,handoff,100000,1179354,11.79354,2350000
11,17,contended_copy_2_workers,std_shared,copy,200000,4756784,23.78392,4700000
11,18,copy_read_drop,std_shared,copy,100000,1284119,12.84119,2350000
11,19,group_setup_then_1_copies,std_shared,group,100000,1960900,19.609,2000000
11,20,resource_lifecycle_64_assets_4096_objects,std_shared,cycle,10,390848,39084.8,17203200
11,21,async_queue_job_1_local_copies,std_shared,job,100,73108,731.08,2000
11,22,async_queue_job_64_local_copies,std_shared,job,100,207087,2070.87,150400
11,23,resource_lifecycle_64_assets_4096_objects,own_local,cycle,10,243811,24381.1,17203200
11,24,group_setup_then_1_copies,own_local,group,100000,1853751,18.53751,2000000
11,25,async_queue_job_1_local_copies,own_local,job,100,58667,586.67,2000
11,26,group_setup_then_64_copies,own_local,group,1562,178263,114.124839949,2349248
11,27,create_read_destroy,own_local,asset,100000,2226433,22.26433,65000400000
11,28,create_read_destroy,std_shared,asset,100000,1199464,11.99464,65000400000
11,29,create_read_destroy,own_shared,asset,100000,1422765,14.22765,65000400000
11,30,frame_4096_draws_64_unique_leases,std_shared,frame,24,102943,4289.29166667,41287680
11,31,group_setup_then_1024_copies,std_shared,group,97,1161718,11976.4742268,2334208
11,32,async_queue_job_1024_local_copies,std_shared,job,100,1646895,16468.95,2406400
11,33,copy_read_drop,own_shared,copy,100000,467411,4.67411,2350000
11,34,localize_read_drop,std_shared,group,100000,1180876,11.80876,2350000
11,35,weak_lock_live,own_shared,lock,100000,463125,4.63125,2350000
11,36,localize_read_drop,own_local,group,100000,1268215,12.68215,2350000
12,0,group_setup_then_8_copies,own_local,group,12500,332281,26.58248,2350000
12,1,create_read_destroy,own_shared,asset,100000,1233894,12.33894,65000400000
12,2,async_queue_job_64_local_copies,std_shared,job,100,301025,3010.25,150400
12,3,group_setup_then_1024_copies,own_local,group,97,137894,1421.58762887,2334208
12,4,create_read_destroy,std_shared,asset,100000,1134668,11.34668,65000400000
12,5,copy_read_drop,own_local,copy,100000,121339,1.21339,2350000
12,6,group_setup_then_64_copies,std_shared,group,1562,1161558,743.635083227,2349248
12,7,async_queue_job_1024_local_copies,own_local,job,100,398249,3982.49,2406400
12,8,localize_read_drop,std_shared,group,100000,1221446,12.21446,2350000
12,9,share_read_drop,std_shared,handoff,100000,1180716,11.80716,2350000
12,10,contended_copy_2_workers,std_shared,copy,200000,5375079,26.875395,4700000
12,11,async_queue_job_1024_local_copies,std_shared,job,100,1783368,17833.68,2406400
12,12,share_read_drop,own_shared,handoff,100000,477026,4.77026,2350000
12,13,copy_read_drop,std_shared,copy,100000,1173335,11.73335,2350000
12,14,borrow_read,raw_borrow,read,100000,54480,0.5448,2350000
12,15,resource_lifecycle_64_assets_4096_objects,std_shared,cycle,10,337099,33709.9,17203200
12,16,group_setup_then_1024_copies,std_shared,group,97,1144092,11794.7628866,2334208
12,17,create_read_destroy,own_local,asset,100000,2122549,21.22549,65000400000
12,18,weak_lock_expired,std_shared,lock,100000,162621,1.62621,0
12,19,scene_4096_attachments,std_shared,attachment,98304,494822,5.03358968099,98304
12,20,weak_lock_expired,own_shared,lock,100000,135641,1.35641,0
12,21,async_queue_job_1_local_copies,std_shared,job,100,52047,520.47,2000
12,22,weak_lock_live,own_shared,lock,100000,462354,4.62354,2350000
12,23,group_setup_then_1_copies,std_shared,group,100000,1869535,18.69535,2000000
12,24,resource_lifecycle_64_assets_4096_objects,own_local,cycle,10,264481,26448.1,17203200
12,25,frame_4096_draws_64_unique_leases,own_shared,frame,24,98216,4092.33333333,41287680
12,26,group_setup_then_1_copies,own_local,group,100000,1992046,19.92046,2000000
12,27,async_queue_job_64_local_copies,own_local,job,100,111245,1112.45,150400
12,28,frame_4096_draws_64_unique_leases,std_shared,frame,24,91726,3821.91666667,41287680
12,29,scene_4096_attachments,own_local,attachment,98304,147588,1.50134277344,98304
12,30,contended_copy_2_workers,own_shared,copy,200000,2717800,13.589,4700000
12,31,weak_lock_live,std_shared,lock,100000,918448,9.18448,2350000
12,32,copy_read_drop,own_shared,copy,100000,479349,4.79349,2350000
12,33,async_queue_job_1_local_copies,own_local,job,100,58347,583.47,2000
12,34,localize_read_drop,own_local,group,100000,1101119,11.01119,2350000
12,35,group_setup_then_8_copies,std_shared,group,12500,1374642,109.97136,2350000
12,36,group_setup_then_64_copies,own_local,group,1562,188659,120.780409731,2349248
13,0,group_setup_then_1024_copies,std_shared,group,97,1205893,12431.8865979,2334208
13,1,share_read_drop,std_shared,handoff,100000,1210961,12.10961,2350000
13,2,frame_4096_draws_64_unique_leases,std_shared,frame,24,91175,3798.95833333,41287680
13,3,contended_copy_2_workers,own_shared,copy,200000,2076280,10.3814,4700000
13,4,group_setup_then_1024_copies,own_local,group,97,138034,1423.03092784,2334208
13,5,scene_4096_attachments,own_local,attachment,98304,147047,1.49583943685,98304
13,6,resource_lifecycle_64_assets_4096_objects,std_shared,cycle,10,351499,35149.9,17203200
13,7,weak_lock_live,own_shared,lock,100000,450066,4.50066,2350000
13,8,async_queue_job_1024_local_copies,own_local,job,100,396696,3966.96,2406400
13,9,async_queue_job_1024_local_copies,std_shared,job,100,1651582,16515.82,2406400
13,10,create_read_destroy,std_shared,asset,100000,1128860,11.2886,65000400000
13,11,weak_lock_expired,std_shared,lock,100000,162620,1.6262,0
13,12,frame_4096_draws_64_unique_leases,own_shared,frame,24,90254,3760.58333333,41287680
13,13,borrow_read,raw_borrow,read,100000,54321,0.54321,2350000
13,14,resource_lifecycle_64_assets_4096_objects,own_local,cycle,10,383037,38303.7,17203200
13,15,copy_read_drop,std_shared,copy,100000,1278210,12.7821,2350000
13,16,group_setup_then_64_copies,own_local,group,1562,163292,104.540332907,2349248
13,17,async_queue_job_64_local_copies,own_local,job,100,65698,656.98,150400
13,18,async_queue_job_1_local_copies,std_shared,job,100,38767,387.67,2000
13,19,share_read_drop,own_shared,handoff,100000,466520,4.6652,2350000
13,20,contended_copy_2_workers,std_shared,copy,200000,4186101,20.930505,4700000
13,21,group_setup_then_1_copies,own_local,group,100000,2185922,21.85922,2000000
13,22,copy_read_drop,own_shared,copy,100000,556123,5.56123,2350000
13,23,create_read_destroy,own_shared,asset,100000,1297058,12.97058,65000400000
13,24,localize_read_drop,std_shared,group,100000,1330988,13.30988,2350000
13,25,weak_lock_expired,own_shared,lock,100000,149340,1.4934,0
13,26,group_setup_then_64_copies,std_shared,group,1562,1401062,896.966709347,2349248
13,27,copy_read_drop,own_local,copy,100000,122491,1.22491,2350000
13,28,group_setup_then_1_copies,std_shared,group,100000,1937655,19.37655,2000000
13,29,group_setup_then_8_copies,std_shared,group,12500,1461691,116.93528,2350000
13,30,group_setup_then_8_copies,own_local,group,12500,349898,27.99184,2350000
13,31,async_queue_job_1_local_copies,own_local,job,100,59168,591.68,2000
13,32,localize_read_drop,own_local,group,100000,1059396,10.59396,2350000
13,33,async_queue_job_64_local_copies,std_shared,job,100,210091,2100.91,150400
13,34,weak_lock_live,std_shared,lock,100000,957936,9.57936,2350000
13,35,scene_4096_attachments,std_shared,attachment,98304,527030,5.36122639974,98304
13,36,create_read_destroy,own_local,asset,100000,2382644,23.82644,65000400000
14,0,scene_4096_attachments,own_local,attachment,98304,195730,1.99106852214,98304
14,1,create_read_destroy,own_shared,asset,100000,1518996,15.18996,65000400000
14,2,group_setup_then_1_copies,std_shared,group,100000,1874612,18.74612,2000000
14,3,group_setup_then_1024_copies,own_local,group,97,137934,1422,2334208
14,4,weak_lock_expired,own_shared,lock,100000,135510,1.3551,0
14,5,weak_lock_live,std_shared,lock,100000,971526,9.71526,2350000
14,6,weak_lock_expired,std_shared,lock,100000,205093,2.05093,0
14,7,async_queue_job_1_local_copies,own_local,job,100,56203,562.03,2000
14,8,async_queue_job_64_local_copies,own_local,job,100,63133,631.33,150400
14,9,localize_read_drop,std_shared,group,100000,1177091,11.77091,2350000
14,10,async_queue_job_1024_local_copies,std_shared,job,100,1632644,16326.44,2406400
14,11,frame_4096_draws_64_unique_leases,std_shared,frame,24,89282,3720.08333333,41287680
14,12,group_setup_then_8_copies,own_local,group,12500,345922,27.67376,2350000
14,13,contended_copy_2_workers,own_shared,copy,200000,4725588,23.62794,4700000
14,14,borrow_read,raw_borrow,read,100000,54480,0.5448,2350000
14,15,resource_lifecycle_64_assets_4096_objects,own_local,cycle,10,246895,24689.5,17203200
14,16,async_queue_job_64_local_copies,std_shared,job,100,225073,2250.73,150400
14,17,group_setup_then_1_copies,own_local,group,100000,1997524,19.97524,2000000
14,18,localize_read_drop,own_local,group,100000,1099957,10.99957,2350000
14,19,weak_lock_live,own_shared,lock,100000,450396,4.50396,2350000
14,20,frame_4096_draws_64_unique_leases,own_shared,frame,24,92847,3868.625,41287680
14,21,create_read_destroy,std_shared,asset,100000,1177461,11.77461,65000400000
14,22,group_setup_then_64_copies,own_local,group,1562,165835,106.16837388,2349248
14,23,create_read_destroy,own_local,asset,100000,2180595,21.80595,65000400000
14,24,group_setup_then_1024_copies,std_shared,group,97,1150041,11856.0927835,2334208
14,25,copy_read_drop,own_local,copy,100000,121499,1.21499,2350000
14,26,async_queue_job_1_local_copies,std_shared,job,100,39809,398.09,2000
14,27,share_read_drop,own_shared,handoff,100000,940792,9.40792,2350000
14,28,async_queue_job_1024_local_copies,own_local,job,100,359071,3590.71,2406400
14,29,resource_lifecycle_64_assets_4096_objects,std_shared,cycle,10,332692,33269.2,17203200
14,30,group_setup_then_64_copies,std_shared,group,1562,1301635,833.313060179,2349248
14,31,contended_copy_2_workers,std_shared,copy,200000,4229485,21.147425,4700000
14,32,group_setup_then_8_copies,std_shared,group,12500,1402514,112.20112,2350000
14,33,scene_4096_attachments,std_shared,attachment,98304,494121,5.02645874023,98304
14,34,copy_read_drop,own_shared,copy,100000,478838,4.78838,2350000
14,35,share_read_drop,std_shared,handoff,100000,1179455,11.79455,2350000
14,36,copy_read_drop,std_shared,copy,100000,1173245,11.73245,2350000
15,0,create_read_destroy,own_shared,asset,100000,1239332,12.39332,65000400000
15,1,group_setup_then_64_copies,std_shared,group,1562,1176159,752.982714469,2349248
15,2,async_queue_job_64_local_copies,own_local,job,100,73930,739.3,150400
15,3,group_setup_then_8_copies,std_shared,group,12500,1243368,99.46944,2350000
15,4,contended_copy_2_workers,std_shared,copy,200000,4291055,21.455275,4700000
15,5,weak_lock_live,std_shared,lock,100000,937046,9.37046,2350000
15,6,create_read_destroy,std_shared,asset,100000,1194877,11.94877,65000400000
15,7,group_setup_then_1024_copies,own_local,group,97,164713,1698.07216495,2334208
15,8,copy_read_drop,own_local,copy,100000,121870,1.2187,2350000
15,9,contended_copy_2_workers,own_shared,copy,200000,2559865,12.799325,4700000
15,10,async_queue_job_1024_local_copies,own_local,job,100,419541,4195.41,2406400
15,11,localize_read_drop,own_local,group,100000,1135420,11.3542,2350000
15,12,scene_4096_attachments,own_local,attachment,98304,146867,1.49400838216,98304
15,13,async_queue_job_64_local_copies,std_shared,job,100,210140,2101.4,150400
15,14,borrow_read,raw_borrow,read,100000,54521,0.54521,2350000
15,15,weak_lock_expired,own_shared,lock,100000,135580,1.3558,0
15,16,group_setup_then_8_copies,own_local,group,12500,347774,27.82192,2350000
15,17,weak_lock_expired,std_shared,lock,100000,162501,1.62501,0
15,18,resource_lifecycle_64_assets_4096_objects,own_local,cycle,10,230681,23068.1,17203200
15,19,group_setup_then_1_copies,own_local,group,100000,1867772,18.67772,2000000
15,20,share_read_drop,own_shared,handoff,100000,441383,4.41383,2350000
15,21,create_read_destroy,own_local,asset,100000,2480388,24.80388,65000400000
15,22,group_setup_then_1024_copies,std_shared,group,97,1161277,11971.9278351,2334208
15,23,frame_4096_draws_64_unique_leases,std_shared,frame,24,91155,3798.125,41287680
15,24,frame_4096_draws_64_unique_leases,own_shared,frame,24,90324,3763.5,41287680
15,25,async_queue_job_1024_local_copies,std_shared,job,100,1645594,16455.94,2406400
15,26,localize_read_drop,std_shared,group,100000,1238121,12.38121,2350000
15,27,copy_read_drop,std_shared,copy,100000,1265681,12.65681,2350000
15,28,async_queue_job_1_local_copies,own_local,job,100,52007,520.07,2000
15,29,group_setup_then_64_copies,own_local,group,1562,195379,125.082586428,2349248
15,30,share_read_drop,std_shared,handoff,100000,1168999,11.68999,2350000
15,31,scene_4096_attachments,std_shared,attachment,98304,493781,5.02300008138,98304
15,32,copy_read_drop,own_shared,copy,100000,533549,5.33549,2350000
15,33,group_setup_then_1_copies,std_shared,group,100000,1879740,18.7974,2000000
15,34,resource_lifecycle_64_assets_4096_objects,std_shared,cycle,10,331060,33106,17203200
15,35,async_queue_job_1_local_copies,std_shared,job,100,50175,501.75,2000
15,36,weak_lock_live,own_shared,lock,100000,560329,5.60329,2350000
16,0,group_setup_then_8_copies,own_local,group,12500,331981,26.55848,2350000
16,1,group_setup_then_8_copies,std_shared,group,12500,1256168,100.49344,2350000
16,2,weak_lock_live,own_shared,lock,100000,465679,4.65679,2350000
16,3,create_read_destroy,own_local,asset,100000,2235416,22.35416,65000400000
16,4,async_queue_job_64_local_copies,own_local,job,100,72016,720.16,150400
16,5,group_setup_then_1024_copies,own_local,group,97,190551,1964.44329897,2334208
16,6,async_queue_job_1024_local_copies,std_shared,job,100,1616892,16168.92,2406400
16,7,copy_read_drop,std_shared,copy,100000,1163631,11.63631,2350000
16,8,async_queue_job_1024_local_copies,own_local,job,100,374805,3748.05,2406400
16,9,copy_read_drop,own_local,copy,100000,135450,1.3545,2350000
16,10,create_read_destroy,std_shared,asset,100000,1110482,11.10482,65000400000
16,11,group_setup_then_1024_copies,std_shared,group,97,1200686,12378.2061856,2334208
16,12,weak_lock_live,std_shared,lock,100000,907942,9.07942,2350000
16,13,resource_lifecycle_64_assets_4096_objects,std_shared,cycle,10,563103,56310.3,17203200
16,14,contended_copy_2_workers,own_shared,copy,200000,2501980,12.5099,4700000
16,15,localize_read_drop,std_shared,group,100000,1224520,12.2452,2350000
16,16,group_setup_then_64_copies,std_shared,group,1562,1184742,758.47759283,2349248
16,17,group_setup_then_64_copies,own_local,group,1562,164634,105.399487836,2349248
16,18,share_read_drop,std_shared,handoff,100000,1214095,12.14095,2350000
16,19,scene_4096_attachments,std_shared,attachment,98304,493370,5.01881917318,98304
16,20,weak_lock_expired,own_shared,lock,100000,135701,1.35701,0
16,21,resource_lifecycle_64_assets_4096_objects,own_local,cycle,10,271751,27175.1,17203200
16,22,frame_4096_draws_64_unique_leases,own_shared,frame,24,93548,3897.83333333,41287680
16,23,borrow_read,raw_borrow,read,100000,54330,0.5433,2350000
16,24,async_queue_job_1_local_copies,own_local,job,100,58777,587.77,2000
16,25,group_setup_then_1_copies,std_shared,group,100000,1880552,18.80552,2000000
16,26,weak_lock_expired,std_shared,lock,100000,162630,1.6263,0
16,27,frame_4096_draws_64_unique_leases,std_shared,frame,24,88571,3690.45833333,41287680
16,28,create_read_destroy,own_shared,asset,100000,1217040,12.1704,65000400000
16,29,group_setup_then_1_copies,own_local,group,100000,2217019,22.17019,2000000
16,30,share_read_drop,own_shared,handoff,100000,542322,5.42322,2350000
16,31,localize_read_drop,own_local,group,100000,1109380,11.0938,2350000
16,32,async_queue_job_1_local_copies,std_shared,job,100,55062,550.62,2000
16,33,async_queue_job_64_local_copies,std_shared,job,100,188799,1887.99,150400
16,34,copy_read_drop,own_shared,copy,100000,467982,4.67982,2350000
16,35,scene_4096_attachments,own_local,attachment,98304,147358,1.49900309245,98304
16,36,contended_copy_2_workers,std_shared,copy,200000,3961338,19.80669,4700000
17,0,scene_4096_attachments,std_shared,attachment,98304,542092,5.51444498698,98304
17,1,copy_read_drop,own_shared,copy,100000,474592,4.74592,2350000
17,2,localize_read_drop,own_local,group,100000,1752011,17.52011,2350000
17,3,share_read_drop,own_shared,handoff,100000,446310,4.4631,2350000
17,4,group_setup_then_8_copies,std_shared,group,12500,1519367,121.54936,2350000
17,5,create_read_destroy,own_shared,asset,100000,1345350,13.4535,65000400000
17,6,async_queue_job_64_local_copies,std_shared,job,100,198644,1986.44,150400
17,7,resource_lifecycle_64_assets_4096_objects,own_local,cycle,10,239464,23946.4,17203200
17,8,async_queue_job_64_local_copies,own_local,job,100,84284,842.84,150400
17,9,group_setup_then_1_copies,std_shared,group,100000,1922243,19.22243,2000000
17,10,group_setup_then_1024_copies,own_local,group,97,159316,1642.43298969,2334208
17,11,scene_4096_attachments,own_local,attachment,98304,146877,1.49411010742,98304
17,12,create_read_destroy,own_local,asset,100000,3882201,38.82201,65000400000
17,13,weak_lock_live,std_shared,lock,100000,1063883,10.63883,2350000
17,14,group_setup_then_1_copies,own_local,group,100000,1916064,19.16064,2000000
17,15,resource_lifecycle_64_assets_4096_objects,std_shared,cycle,10,335887,33588.7,17203200
17,16,share_read_drop,std_shared,handoff,100000,1228106,12.28106,2350000
17,17,frame_4096_draws_64_unique_leases,own_shared,frame,24,92306,3846.08333333,41287680
17,18,async_queue_job_1024_local_copies,std_shared,job,100,1740053,17400.53,2406400
17,19,async_queue_job_1_local_copies,own_local,job,100,45818,458.18,2000
17,20,frame_4096_draws_64_unique_leases,std_shared,frame,24,90404,3766.83333333,41287680
17,21,localize_read_drop,std_shared,group,100000,1167066,11.67066,2350000
17,22,group_setup_then_64_copies,std_shared,group,1562,1158503,741.679257362,2349248
17,23,copy_read_drop,own_local,copy,100000,149861,1.49861,2350000
17,24,group_setup_then_1024_copies,std_shared,group,97,1221296,12590.6804124,2334208
17,25,contended_copy_2_workers,own_shared,copy,200000,2321995,11.609975,4700000
17,26,group_setup_then_64_copies,own_local,group,1562,163902,104.930857875,2349248
17,27,group_setup_then_8_copies,own_local,group,12500,365530,29.2424,2350000
17,28,copy_read_drop,std_shared,copy,100000,1342976,13.42976,2350000
17,29,async_queue_job_1024_local_copies,own_local,job,100,417768,4177.68,2406400
17,30,borrow_read,raw_borrow,read,100000,66668,0.66668,2350000
17,31,weak_lock_expired,std_shared,lock,100000,162641,1.62641,0
17,32,weak_lock_expired,own_shared,lock,100000,135611,1.35611,0
17,33,weak_lock_live,own_shared,lock,100000,679805,6.79805,2350000
17,34,async_queue_job_1_local_copies,std_shared,job,100,61351,613.51,2000
17,35,contended_copy_2_workers,std_shared,copy,200000,4598941,22.994705,4700000
17,36,create_read_destroy,std_shared,asset,100000,1356386,13.56386,65000400000
18,0,scene_4096_attachments,own_local,attachment,98304,146857,1.4939066569,98304
18,1,create_read_destroy,own_shared,asset,100000,1230590,12.3059,65000400000
18,2,group_setup_then_1024_copies,own_local,group,97,138675,1429.63917526,2334208
18,3,async_queue_job_1_local_copies,std_shared,job,100,54550,545.5,2000
18,4,frame_4096_draws_64_unique_leases,std_shared,frame,24,143352,5973,41287680
18,5,share_read_drop,own_shared,handoff,100000,472940,4.7294,2350000
18,6,contended_copy_2_workers,own_shared,copy,200000,2388122,11.94061,4700000
18,7,weak_lock_expired,own_shared,lock,100000,135691,1.35691,0
18,8,group_setup_then_1024_copies,std_shared,group,97,1600017,16495.0206186,2334208
18,9,localize_read_drop,own_local,group,100000,1265962,12.65962,2350000
18,10,contended_copy_2_workers,std_shared,copy,200000,3867629,19.338145,4700000
18,11,group_setup_then_64_copies,own_local,group,1562,319171,204.334827145,2349248
18,12,scene_4096_attachments,std_shared,attachment,98304,697752,7.09790039062,98304
18,13,async_queue_job_1_local_copies,own_local,job,100,59808,598.08,2000
18,14,localize_read_drop,std_shared,group,100000,1277519,12.77519,2350000
18,15,copy_read_drop,own_local,copy,100000,144333,1.44333,2350000
18,16,weak_lock_expired,std_shared,lock,100000,162510,1.6251,0
18,17,group_setup_then_8_copies,own_local,group,12500,395795,31.6636,2350000
18,18,async_queue_job_1024_local_copies,std_shared,job,100,2023503,20235.03,2406400
18,19,group_setup_then_8_copies,std_shared,group,12500,1248947,99.91576,2350000
18,20,async_queue_job_64_local_copies,own_local,job,100,66038,660.38,150400
18,21,create_read_destroy,own_local,asset,100000,2186443,21.86443,65000400000
18,22,copy_read_drop,std_shared,copy,100000,1171322,11.71322,2350000
18,23,weak_lock_live,std_shared,lock,100000,943275,9.43275,2350000
18,24,frame_4096_draws_64_unique_leases,own_shared,frame,24,106617,4442.375,41287680
18,25,async_queue_job_64_local_copies,std_shared,job,100,205163,2051.63,150400
18,26,resource_lifecycle_64_assets_4096_objects,std_shared,cycle,10,337760,33776,17203200
18,27,share_read_drop,std_shared,handoff,100000,1198923,11.98923,2350000
18,28,group_setup_then_64_copies,std_shared,group,1562,1171192,749.802816901,2349248
18,29,group_setup_then_1_copies,std_shared,group,100000,1863195,18.63195,2000000
18,30,group_setup_then_1_copies,own_local,group,100000,2050262,20.50262,2000000
18,31,async_queue_job_1024_local_copies,own_local,job,100,394633,3946.33,2406400
18,32,copy_read_drop,own_shared,copy,100000,485418,4.85418,2350000
18,33,create_read_destroy,std_shared,asset,100000,1168578,11.68578,65000400000
18,34,resource_lifecycle_64_assets_4096_objects,own_local,cycle,10,237020,23702,17203200
18,35,borrow_read,raw_borrow,read,100000,54461,0.54461,2350000
18,36,weak_lock_live,own_shared,lock,100000,527530,5.2753,2350000
19,0,weak_lock_live,own_shared,lock,100000,460410,4.6041,2350000
19,1,frame_4096_draws_64_unique_leases,std_shared,frame,24,90924,3788.5,41287680
19,2,group_setup_then_1024_copies,std_shared,group,97,1148498,11840.185567,2334208
19,3,group_setup_then_1_copies,own_local,group,100000,1912268,19.12268,2000000
19,4,async_queue_job_1_local_copies,own_local,job,100,61281,612.81,2000
19,5,borrow_read,raw_borrow,read,100000,54220,0.5422,2350000
19,6,copy_read_drop,own_local,copy,100000,121390,1.2139,2350000
19,7,weak_lock_live,std_shared,lock,100000,920421,9.20421,2350000
19,8,share_read_drop,std_shared,handoff,100000,1235778,12.35778,2350000
19,9,async_queue_job_64_local_copies,std_shared,job,100,209690,2096.9,150400
19,10,contended_copy_2_workers,std_shared,copy,200000,4248954,21.24477,4700000
19,11,group_setup_then_1024_copies,own_local,group,97,204262,2105.79381443,2334208
19,12,scene_4096_attachments,own_local,attachment,98304,148079,1.50633748372,98304
19,13,localize_read_drop,std_shared,group,100000,1432709,14.32709,2350000
19,14,contended_copy_2_workers,own_shared,copy,200000,4575827,22.879135,4700000
19,15,resource_lifecycle_64_assets_4096_objects,own_local,cycle,10,249428,24942.8,17203200
19,16,copy_read_drop,own_shared,copy,100000,465979,4.65979,2350000
19,17,copy_read_drop,std_shared,copy,100000,1157743,11.57743,2350000
19,18,group_setup_then_1_copies,std_shared,group,100000,1877206,18.77206,2000000
19,19,localize_read_drop,own_local,group,100000,1111414,11.11414,2350000
19,20,frame_4096_draws_64_unique_leases,own_shared,frame,24,90624,3776,41287680
19,21,group_setup_then_64_copies,own_local,group,1562,192214,123.056338028,2349248
19,22,create_read_destroy,own_shared,asset,100000,1462262,14.62262,65000400000
19,23,async_queue_job_1024_local_copies,std_shared,job,100,1618563,16185.63,2406400
19,24,async_queue_job_64_local_copies,own_local,job,100,75742,757.42,150400
19,25,group_setup_then_8_copies,own_local,group,12500,341595,27.3276,2350000
19,26,weak_lock_expired,own_shared,lock,100000,135490,1.3549,0
19,27,async_queue_job_1024_local_copies,own_local,job,100,365581,3655.81,2406400
19,28,create_read_destroy,std_shared,asset,100000,1320152,13.20152,65000400000
19,29,weak_lock_expired,std_shared,lock,100000,162571,1.62571,0
19,30,group_setup_then_64_copies,std_shared,group,1562,1211001,775.288732394,2349248
19,31,resource_lifecycle_64_assets_4096_objects,std_shared,cycle,10,345842,34584.2,17203200
19,32,create_read_destroy,own_local,asset,100000,2138663,21.38663,65000400000
19,33,group_setup_then_8_copies,std_shared,group,12500,1241356,99.30848,2350000
19,34,share_read_drop,own_shared,handoff,100000,441533,4.41533,2350000
19,35,scene_4096_attachments,std_shared,attachment,98304,506489,5.15227254232,98304
19,36,async_queue_job_1_local_copies,std_shared,job,100,55372,553.72,2000
20,0,scene_4096_attachments,std_shared,attachment,98304,506238,5.14971923828,98304
20,1,async_queue_job_1_local_copies,std_shared,job,100,34150,341.5,2000
20,2,copy_read_drop,own_shared,copy,100000,466610,4.6661,2350000
20,3,async_queue_job_64_local_copies,own_local,job,100,65828,658.28,150400
20,4,group_setup_then_1024_copies,own_local,group,97,137183,1414.25773196,2334208
20,5,resource_lifecycle_64_assets_4096_objects,std_shared,cycle,10,361215,36121.5,17203200
20,6,group_setup_then_1_copies,own_local,group,100000,1830867,18.30867,2000000
20,7,group_setup_then_8_copies,own_local,group,12500,346923,27.75384,2350000
20,8,create_read_destroy,own_shared,asset,100000,1228307,12.28307,65000400000
20,9,group_setup_then_64_copies,own_local,group,1562,163712,104.80921895,2349248
20,10,create_read_destroy,std_shared,asset,100000,1250689,12.50689,65000400000
20,11,async_queue_job_1_local_copies,own_local,job,100,56554,565.54,2000
20,12,resource_lifecycle_64_assets_4096_objects,own_local,cycle,10,228387,22838.7,17203200
20,13,borrow_read,raw_borrow,read,100000,54341,0.54341,2350000
20,14,share_read_drop,own_shared,handoff,100000,441853,4.41853,2350000
20,15,group_setup_then_8_copies,std_shared,group,12500,1263719,101.09752,2350000
20,16,share_read_drop,std_shared,handoff,100000,1180235,11.80235,2350000
20,17,group_setup_then_64_copies,std_shared,group,1562,1165073,745.885403329,2349248
20,18,create_read_destroy,own_local,asset,100000,2238921,22.38921,65000400000
20,19,copy_read_drop,own_local,copy,100000,123663,1.23663,2350000
20,20,weak_lock_live,own_shared,lock,100000,483646,4.83646,2350000
20,21,async_queue_job_1024_local_copies,own_local,job,100,401494,4014.94,2406400
20,22,localize_read_drop,own_local,group,100000,1157482,11.57482,2350000
20,23,weak_lock_live,std_shared,lock,100000,922745,9.22745,2350000
20,24,group_setup_then_1024_copies,std_shared,group,97,1154747,11904.6082474,2334208
20,25,contended_copy_2_workers,own_shared,copy,200000,4388680,21.9434,4700000
20,26,weak_lock_expired,own_shared,lock,100000,135611,1.35611,0
20,27,localize_read_drop,std_shared,group,100000,1173064,11.73064,2350000
20,28,group_setup_then_1_copies,std_shared,group,100000,1872379,18.72379,2000000
20,29,frame_4096_draws_64_unique_leases,std_shared,frame,24,91485,3811.875,41287680
20,30,weak_lock_expired,std_shared,lock,100000,162571,1.62571,0
20,31,copy_read_drop,std_shared,copy,100000,1176229,11.76229,2350000
20,32,scene_4096_attachments,own_local,attachment,98304,162620,1.6542561849,98304
20,33,frame_4096_draws_64_unique_leases,own_shared,frame,24,89933,3747.20833333,41287680
20,34,async_queue_job_64_local_copies,std_shared,job,100,228708,2287.08,150400
20,35,async_queue_job_1024_local_copies,std_shared,job,100,1619486,16194.86,2406400
20,36,contended_copy_2_workers,std_shared,copy,200000,4284336,21.42168,4700000
21,0,async_queue_job_64_local_copies,own_local,job,100,61601,616.01,150400
21,1,resource_lifecycle_64_assets_4096_objects,std_shared,cycle,10,401304,40130.4,17203200
21,2,weak_lock_expired,std_shared,lock,100000,172836,1.72836,0
21,3,borrow_read,raw_borrow,read,100000,95722,0.95722,2350000
21,4,share_read_drop,std_shared,handoff,100000,1164632,11.64632,2350000
21,5,weak_lock_expired,own_shared,lock,100000,135600,1.356,0
21,6,group_setup_then_8_copies,own_local,group,12500,331941,26.55528,2350000
21,7,weak_lock_live,std_shared,lock,100000,904507,9.04507,2350000
21,8,share_read_drop,own_shared,handoff,100000,465408,4.65408,2350000
21,9,group_setup_then_1_copies,std_shared,group,100000,1893581,18.93581,2000000
21,10,async_queue_job_1024_local_copies,own_local,job,100,414543,4145.43,2406400
21,11,resource_lifecycle_64_assets_4096_objects,own_local,cycle,10,242890,24289,17203200
21,12,async_queue_job_1_local_copies,own_local,job,100,45928,459.28,2000
21,13,copy_read_drop,own_shared,copy,100000,471998,4.71998,2350000
21,14,frame_4096_draws_64_unique_leases,std_shared,frame,24,91425,3809.375,41287680
21,15,create_read_destroy,std_shared,asset,100000,1135729,11.35729,65000400000
21,16,async_queue_job_64_local_copies,std_shared,job,100,208618,2086.18,150400
21,17,create_read_destroy,own_local,asset,100000,2504013,25.04013,65000400000
21,18,copy_read_drop,own_local,copy,100000,122932,1.22932,2350000
21,19,copy_read_drop,std_shared,copy,100000,1236679,12.36679,2350000
21,20,localize_read_drop,own_local,group,100000,1157101,11.57101,2350000
21,21,contended_copy_2_workers,std_shared,copy,200000,4217358,21.08679,4700000
21,22,weak_lock_live,own_shared,lock,100000,474412,4.74412,2350000
21,23,create_read_destroy,own_shared,asset,100000,1215808,12.15808,65000400000
21,24,group_setup_then_64_copies,std_shared,group,1562,1303517,834.517925736,2349248
21,25,localize_read_drop,std_shared,group,100000,1215588,12.15588,2350000
21,26,group_setup_then_64_copies,own_local,group,1562,167738,107.386683739,2349248
21,27,async_queue_job_1024_local_copies,std_shared,job,100,1633546,16335.46,2406400
21,28,scene_4096_attachments,own_local,attachment,98304,176992,1.80045572917,98304
21,29,async_queue_job_1_local_copies,std_shared,job,100,37386,373.86,2000
21,30,group_setup_then_1024_copies,std_shared,group,97,1228096,12660.7835052,2334208
21,31,group_setup_then_1024_copies,own_local,group,97,315136,3248.82474227,2334208
21,32,contended_copy_2_workers,own_shared,copy,200000,4684518,23.42259,4700000
21,33,scene_4096_attachments,std_shared,attachment,98304,589071,5.99234008789,98304
21,34,group_setup_then_8_copies,std_shared,group,12500,1266443,101.31544,2350000
21,35,frame_4096_draws_64_unique_leases,own_shared,frame,24,91685,3820.20833333,41287680
21,36,group_setup_then_1_copies,own_local,group,100000,1988741,19.88741,2000000
22,0,frame_4096_draws_64_unique_leases,std_shared,frame,24,88921,3705.04166667,41287680
22,1,weak_lock_expired,own_shared,lock,100000,135580,1.3558,0
22,2,async_queue_job_1_local_copies,own_local,job,100,55071,550.71,2000
22,3,group_setup_then_1024_copies,own_local,group,97,135921,1401.24742268,2334208
22,4,copy_read_drop,own_local,copy,100000,121459,1.21459,2350000
22,5,localize_read_drop,own_local,group,100000,1160586,11.60586,2350000
22,6,create_read_destroy,own_shared,asset,100000,1263949,12.63949,65000400000
22,7,frame_4096_draws_64_unique_leases,own_shared,frame,24,88631,3692.95833333,41287680
22,8,group_setup_then_64_copies,own_local,group,1562,164063,105.033930858,2349248
22,9,group_setup_then_64_copies,std_shared,group,1562,1161718,743.737516005,2349248
22,10,create_read_destroy,own_local,asset,100000,2170320,21.7032,65000400000
22,11,copy_read_drop,own_shared,copy,100000,499759,4.99759,2350000
22,12,async_queue_job_1024_local_copies,own_local,job,100,391059,3910.59,2406400
22,13,group_setup_then_1_copies,std_shared,group,100000,2081148,20.81148,2000000
22,14,async_queue_job_64_local_copies,std_shared,job,100,239734,2397.34,150400
22,15,group_setup_then_8_copies,std_shared,group,12500,1257239,100.57912,2350000
22,16,resource_lifecycle_64_assets_4096_objects,own_local,cycle,10,284701,28470.1,17203200
22,17,async_queue_job_1_local_copies,std_shared,job,100,42883,428.83,2000
22,18,share_read_drop,std_shared,handoff,100000,1199494,11.99494,2350000
22,19,copy_read_drop,std_shared,copy,100000,1171723,11.71723,2350000
22,20,contended_copy_2_workers,own_shared,copy,200000,4834490,24.17245,4700000
22,21,share_read_drop,own_shared,handoff,100000,476225,4.76225,2350000
22,22,scene_4096_attachments,std_shared,attachment,98304,493009,5.01514689128,98304
22,23,localize_read_drop,std_shared,group,100000,1175158,11.75158,2350000
22,24,scene_4096_attachments,own_local,attachment,98304,145325,1.47832234701,98304
22,25,weak_lock_expired,std_shared,lock,100000,162511,1.62511,0
22,26,resource_lifecycle_64_assets_4096_objects,std_shared,cycle,10,333183,33318.3,17203200
22,27,group_setup_then_1024_copies,std_shared,group,97,1217731,12553.9278351,2334208
22,28,borrow_read,raw_borrow,read,100000,54321,0.54321,2350000
22,29,create_read_destroy,std_shared,asset,100000,1157051,11.57051,65000400000
22,30,contended_copy_2_workers,std_shared,copy,200000,4226150,21.13075,4700000
22,31,group_setup_then_1_copies,own_local,group,100000,1846921,18.46921,2000000
22,32,group_setup_then_8_copies,own_local,group,12500,334114,26.72912,2350000
22,33,weak_lock_live,own_shared,lock,100000,504256,5.04256,2350000
22,34,weak_lock_live,std_shared,lock,100000,920121,9.20121,2350000
22,35,async_queue_job_64_local_copies,own_local,job,100,89212,892.12,150400
22,36,async_queue_job_1024_local_copies,std_shared,job,100,1645583,16455.83,2406400
23,0,group_setup_then_8_copies,own_local,group,12500,344740,27.5792,2350000
23,1,weak_lock_expired,std_shared,lock,100000,162630,1.6263,0
23,2,share_read_drop,own_shared,handoff,100000,441713,4.41713,2350000
23,3,group_setup_then_1_copies,own_local,group,100000,2024254,20.24254,2000000
23,4,group_setup_then_64_copies,own_local,group,1562,163833,104.886683739,2349248
23,5,async_queue_job_64_local_copies,own_local,job,100,82312,823.12,150400
23,6,scene_4096_attachments,std_shared,attachment,98304,510475,5.19282023112,98304
23,7,weak_lock_expired,own_shared,lock,100000,135691,1.35691,0
23,8,async_queue_job_1_local_copies,own_local,job,100,38497,384.97,2000
23,9,async_queue_job_1_local_copies,std_shared,job,100,29814,298.14,2000
23,10,weak_lock_live,own_shared,lock,100000,529243,5.29243,2350000
23,11,create_read_destroy,std_shared,asset,100000,1111974,11.11974,65000400000
23,12,copy_read_drop,own_shared,copy,100000,455454,4.55454,2350000
23,13,copy_read_drop,own_local,copy,100000,122080,1.2208,2350000
23,14,async_queue_job_1024_local_copies,std_shared,job,100,1841763,18417.63,2406400
23,15,create_read_destroy,own_shared,asset,100000,1235337,12.35337,65000400000
23,16,frame_4096_draws_64_unique_leases,std_shared,frame,24,115972,4832.16666667,41287680
23,17,copy_read_drop,std_shared,copy,100000,1163210,11.6321,2350000
23,18,frame_4096_draws_64_unique_leases,own_shared,frame,24,91024,3792.66666667,41287680
23,19,localize_read_drop,std_shared,group,100000,1162850,11.6285,2350000
23,20,create_read_destroy,own_local,asset,100000,2354973,23.54973,65000400000
23,21,resource_lifecycle_64_assets_4096_objects,own_local,cycle,10,251692,25169.2,17203200
23,22,resource_lifecycle_64_assets_4096_objects,std_shared,cycle,10,330999,33099.9,17203200
23,23,async_queue_job_64_local_copies,std_shared,job,100,192685,1926.85,150400
23,24,async_queue_job_1024_local_copies,own_local,job,100,393752,3937.52,2406400
23,25,contended_copy_2_workers,own_shared,copy,200000,4789793,23.948965,4700000
23,26,contended_copy_2_workers,std_shared,copy,200000,4244617,21.223085,4700000
23,27,group_setup_then_8_copies,std_shared,group,12500,1289827,103.18616,2350000
23,28,weak_lock_live,std_shared,lock,100000,912730,9.1273,2350000
23,29,scene_4096_attachments,own_local,attachment,98304,147257,1.49797566732,98304
23,30,localize_read_drop,own_local,group,100000,1054650,10.5465,2350000
23,31,group_setup_then_1024_copies,own_local,group,97,138966,1432.63917526,2334208
23,32,borrow_read,raw_borrow,read,100000,54350,0.5435,2350000
23,33,group_setup_then_1024_copies,std_shared,group,97,1143161,11785.1649485,2334208
23,34,group_setup_then_1_copies,std_shared,group,100000,1877627,18.77627,2000000
23,35,share_read_drop,std_shared,handoff,100000,1171193,11.71193,2350000
23,36,group_setup_then_64_copies,std_shared,group,1562,1185013,758.651088348,2349248
24,0,resource_lifecycle_64_assets_4096_objects,own_local,cycle,10,237652,23765.2,17203200
24,1,async_queue_job_1024_local_copies,std_shared,job,100,1827853,18278.53,2406400
24,2,async_queue_job_64_local_copies,own_local,job,100,80879,808.79,150400
24,3,scene_4096_attachments,own_local,attachment,98304,147818,1.50368245443,98304
24,4,group_setup_then_64_copies,std_shared,group,1562,1184782,758.503201024,2349248
24,5,scene_4096_attachments,std_shared,attachment,98304,522482,5.3149617513,98304
24,6,group_setup_then_1024_copies,own_local,group,97,137083,1413.22680412,2334208
24,7,async_queue_job_1024_local_copies,own_local,job,100,376217,3762.17,2406400
24,8,weak_lock_expired,own_shared,lock,100000,135631,1.35631,0
24,9,copy_read_drop,std_shared,copy,100000,1161287,11.61287,2350000
24,10,weak_lock_live,own_shared,lock,100000,462825,4.62825,2350000
24,11,async_queue_job_1_local_copies,std_shared,job,100,38788,387.88,2000
24,12,async_queue_job_64_local_copies,std_shared,job,100,174568,1745.68,150400
24,13,frame_4096_draws_64_unique_leases,std_shared,frame,24,88801,3700.04166667,41287680
24,14,frame_4096_draws_64_unique_leases,own_shared,frame,24,90354,3764.75,41287680
24,15,group_setup_then_8_copies,std_shared,group,12500,1260334,100.82672,2350000
24,16,contended_copy_2_workers,own_shared,copy,200000,2449172,12.24586,4700000
24,17,localize_read_drop,std_shared,group,100000,1164212,11.64212,2350000
24,18,weak_lock_live,std_shared,lock,100000,933660,9.3366,2350000
24,19,create_read_destroy,own_shared,asset,100000,1223539,12.23539,65000400000
24,20,localize_read_drop,own_local,group,100000,1122380,11.2238,2350000
24,21,group_setup_then_1_copies,std_shared,group,100000,1916104,19.16104,2000000
24,22,create_read_destroy,own_local,asset,100000,2124282,21.24282,65000400000
24,23,group_setup_then_1024_copies,std_shared,group,97,1175468,12118.2268041,2334208
24,24,async_queue_job_1_local_copies,own_local,job,100,58477,584.77,2000
24,25,copy_read_drop,own_shared,copy,100000,455193,4.55193,2350000
24,26,group_setup_then_1_copies,own_local,group,100000,1842164,18.42164,2000000
24,27,group_setup_then_64_copies,own_local,group,1562,162961,104.328425096,2349248
24,28,create_read_destroy,std_shared,asset,100000,1119215,11.19215,65000400000
24,29,contended_copy_2_workers,std_shared,copy,200000,4222314,21.11157,4700000
24,30,weak_lock_expired,std_shared,lock,100000,184403,1.84403,0
24,31,share_read_drop,own_shared,handoff,100000,441573,4.41573,2350000
24,32,copy_read_drop,own_local,copy,100000,121660,1.2166,2350000
24,33,share_read_drop,std_shared,handoff,100000,1167697,11.67697,2350000
24,34,resource_lifecycle_64_assets_4096_objects,std_shared,cycle,10,353653,35365.3,17203200
24,35,borrow_read,raw_borrow,read,100000,54341,0.54341,2350000
24,36,group_setup_then_8_copies,own_local,group,12500,334375,26.75,2350000
25,0,share_read_drop,own_shared,handoff,100000,459479,4.59479,2350000
25,1,copy_read_drop,own_local,copy,100000,121240,1.2124,2350000
25,2,resource_lifecycle_64_assets_4096_objects,std_shared,cycle,10,330649,33064.9,17203200
25,3,borrow_read,raw_borrow,read,100000,54190,0.5419,2350000
25,4,localize_read_drop,std_shared,group,100000,1210721,12.10721,2350000
25,5,async_queue_job_1024_local_copies,own_local,job,100,398399,3983.99,2406400
25,6,contended_copy_2_workers,std_shared,copy,200000,4502399,22.511995,4700000
25,7,scene_4096_attachments,std_shared,attachment,98304,630202,6.41074625651,98304
25,8,async_queue_job_64_local_copies,std_shared,job,100,212955,2129.55,150400
25,9,weak_lock_expired,own_shared,lock,100000,135530,1.3553,0
25,10,group_setup_then_1024_copies,std_shared,group,97,1154567,11902.7525773,2334208
25,11,group_setup_then_1_copies,own_local,group,100000,1998265,19.98265,2000000
25,12,group_setup_then_8_copies,std_shared,group,12500,1262577,101.00616,2350000
25,13,contended_copy_2_workers,own_shared,copy,200000,1783087,8.915435,4700000
25,14,weak_lock_live,own_shared,lock,100000,489705,4.89705,2350000
25,15,copy_read_drop,own_shared,copy,100000,455303,4.55303,2350000
25,16,frame_4096_draws_64_unique_leases,std_shared,frame,24,101851,4243.79166667,41287680
25,17,scene_4096_attachments,own_local,attachment,98304,147799,1.50348917643,98304
25,18,group_setup_then_8_copies,own_local,group,12500,532437,42.59496,2350000
25,19,async_queue_job_1_local_copies,own_local,job,100,47150,471.5,2000
25,20,async_queue_job_1_local_copies,std_shared,job,100,37005,370.05,2000
25,21,frame_4096_draws_64_unique_leases,own_shared,frame,24,91024,3792.66666667,41287680
25,22,create_read_destroy,std_shared,asset,100000,1126907,11.26907,65000400000
25,23,copy_read_drop,std_shared,copy,100000,1172975,11.72975,2350000
25,24,create_read_destroy,own_local,asset,100000,2175217,21.75217,65000400000
25,25,localize_read_drop,own_local,group,100000,1067859,10.67859,2350000
25,26,group_setup_then_64_copies,own_local,group,1562,165315,105.83546735,2349248
25,27,async_queue_job_1024_local_copies,std_shared,job,100,2927870,29278.7,2406400
25,28,resource_lifecycle_64_assets_4096_objects,own_local,cycle,10,241458,24145.8,17203200
25,29,group_setup_then_1024_copies,own_local,group,97,139196,1435.01030928,2334208
25,30,share_read_drop,std_shared,handoff,100000,2307893,23.07893,2350000
25,31,create_read_destroy,own_shared,asset,100000,1219564,12.19564,65000400000
25,32,group_setup_then_1_copies,std_shared,group,100000,2377746,23.77746,2000000
25,33,weak_lock_live,std_shared,lock,100000,931718,9.31718,2350000
25,34,async_queue_job_64_local_copies,own_local,job,100,96553,965.53,150400
25,35,weak_lock_expired,std_shared,lock,100000,176160,1.7616,0
25,36,group_setup_then_64_copies,std_shared,group,1562,1187296,760.112676056,2349248
26,0,localize_read_drop,own_local,group,100000,1052887,10.52887,2350000
26,1,async_queue_job_1_local_copies,own_local,job,100,69493,694.93,2000
26,2,weak_lock_expired,own_shared,lock,100000,135600,1.356,0
26,3,group_setup_then_1024_copies,own_local,group,97,136943,1411.78350515,2334208
26,4,group_setup_then_8_copies,std_shared,group,12500,1266313,101.30504,2350000
26,5,frame_4096_draws_64_unique_leases,std_shared,frame,24,103804,4325.16666667,41287680
26,6,weak_lock_expired,std_shared,lock,100000,162480,1.6248,0
26,7,group_setup_then_1024_copies,std_shared,group,97,1160527,11964.1958763,2334208
26,8,async_queue_job_64_local_copies,own_local,job,100,64996,649.96,150400
26,9,borrow_read,raw_borrow,read,100000,54451,0.54451,2350000
26,10,async_queue_job_64_local_copies,std_shared,job,100,197663,1976.63,150400
26,11,group_setup_then_1_copies,std_shared,group,100000,2560146,25.60146,2000000
26,12,resource_lifecycle_64_assets_4096_objects,own_local,cycle,10,231723,23172.3,17203200
26,13,create_read_destroy,own_shared,asset,100000,1272442,12.72442,65000400000
26,14,async_queue_job_1024_local_copies,std_shared,job,100,3666763,36667.63,2406400
26,15,weak_lock_live,own_shared,lock,100000,450286,4.50286,2350000
26,16,create_read_destroy,own_local,asset,100000,2161627,21.61627,65000400000
26,17,share_read_drop,std_shared,handoff,100000,1185464,11.85464,2350000
26,18,weak_lock_live,std_shared,lock,100000,1037815,10.37815,2350000
26,19,async_queue_job_1_local_copies,std_shared,job,100,52117,521.17,2000
26,20,copy_read_drop,std_shared,copy,100000,1222658,12.22658,2350000
26,21,share_read_drop,own_shared,handoff,100000,453110,4.5311,2350000
26,22,resource_lifecycle_64_assets_4096_objects,std_shared,cycle,10,337109,33710.9,17203200
26,23,group_setup_then_8_copies,own_local,group,12500,339733,27.17864,2350000
26,24,async_queue_job_1024_local_copies,own_local,job,100,450326,4503.26,2406400
26,25,scene_4096_attachments,std_shared,attachment,98304,493680,5.02197265625,98304
26,26,create_read_destroy,std_shared,asset,100000,1125504,11.25504,65000400000
26,27,localize_read_drop,std_shared,group,100000,1164663,11.64663,2350000
26,28,copy_read_drop,own_local,copy,100000,133247,1.33247,2350000
26,29,group_setup_then_64_copies,std_shared,group,1562,1172985,750.950704225,2349248
26,30,scene_4096_attachments,own_local,attachment,98304,148740,1.51306152344,98304
26,31,contended_copy_2_workers,own_shared,copy,200000,2088228,10.44114,4700000
26,32,group_setup_then_64_copies,own_local,group,1562,171934,110.072983355,2349248
26,33,contended_copy_2_workers,std_shared,copy,200000,6859704,34.29852,4700000
26,34,copy_read_drop,own_shared,copy,100000,523034,5.23034,2350000
26,35,frame_4096_draws_64_unique_leases,own_shared,frame,24,151304,6304.33333333,41287680
26,36,group_setup_then_1_copies,own_local,group,100000,1869735,18.69735,2000000
27,0,frame_4096_draws_64_unique_leases,own_shared,frame,24,88050,3668.75,41287680
27,1,share_read_drop,own_shared,handoff,100000,441854,4.41854,2350000
27,2,weak_lock_live,own_shared,lock,100000,462604,4.62604,2350000
27,3,localize_read_drop,own_local,group,100000,1044464,10.44464,2350000
27,4,scene_4096_attachments,std_shared,attachment,98304,494342,5.02870686849,98304
27,5,group_setup_then_8_copies,std_shared,group,12500,1260254,100.82032,2350000
27,6,group_setup_then_1_copies,own_local,group,100000,2013758,20.13758,2000000
27,7,async_queue_job_64_local_copies,own_local,job,100,74330,743.3,150400
27,8,borrow_read,raw_borrow,read,100000,68381,0.68381,2350000
27,9,group_setup_then_1024_copies,std_shared,group,97,1140938,11762.2474227,2334208
27,10,async_queue_job_1_local_copies,std_shared,job,100,47840,478.4,2000
27,11,frame_4096_draws_64_unique_leases,std_shared,frame,24,90233,3759.70833333,41287680
27,12,async_queue_job_1024_local_copies,own_local,job,100,382285,3822.85,2406400
27,13,weak_lock_expired,own_shared,lock,100000,135581,1.35581,0
27,14,share_read_drop,std_shared,handoff,100000,1275707,12.75707,2350000
27,15,weak_lock_live,std_shared,lock,100000,918828,9.18828,2350000
27,16,async_queue_job_64_local_copies,std_shared,job,100,203681,2036.81,150400
27,17,copy_read_drop,std_shared,copy,100000,1159044,11.59044,2350000
27,18,group_setup_then_1024_copies,own_local,group,97,147508,1520.70103093,2334208
27,19,resource_lifecycle_64_assets_4096_objects,own_local,cycle,10,237721,23772.1,17203200
27,20,group_setup_then_8_copies,own_local,group,12500,362366,28.98928,2350000
27,21,copy_read_drop,own_local,copy,100000,121360,1.2136,2350000
27,22,create_read_destroy,std_shared,asset,100000,1100918,11.00918,65000400000
27,23,create_read_destroy,own_shared,asset,100000,1232933,12.32933,65000400000
27,24,contended_copy_2_workers,own_shared,copy,200000,2657771,13.288855,4700000
27,25,weak_lock_expired,std_shared,lock,100000,173206,1.73206,0
27,26,resource_lifecycle_64_assets_4096_objects,std_shared,cycle,10,335767,33576.7,17203200
27,27,localize_read_drop,std_shared,group,100000,1168948,11.68948,2350000
27,28,async_queue_job_1_local_copies,own_local,job,100,80159,801.59,2000
27,29,group_setup_then_64_copies,std_shared,group,1562,1182269,756.894366197,2349248
27,30,async_queue_job_1024_local_copies,std_shared,job,100,1763308,17633.08,2406400
27,31,copy_read_drop,own_shared,copy,100000,455684,4.55684,2350000
27,32,create_read_destroy,own_local,asset,100000,2123040,21.2304,65000400000
27,33,contended_copy_2_workers,std_shared,copy,200000,6460865,32.304325,4700000
27,34,group_setup_then_64_copies,own_local,group,1562,199465,127.698463508,2349248
27,35,scene_4096_attachments,own_local,attachment,98304,147709,1.50257364909,98304
27,36,group_setup_then_1_copies,std_shared,group,100000,1907331,19.07331,2000000
28,0,borrow_read,raw_borrow,read,100000,54501,0.54501,2350000
28,1,async_queue_job_64_local_copies,own_local,job,100,87499,874.99,150400
28,2,group_setup_then_1024_copies,own_local,group,97,137053,1412.91752577,2334208
28,3,group_setup_then_64_copies,std_shared,group,1562,1162109,743.987836108,2349248
28,4,weak_lock_expired,std_shared,lock,100000,162551,1.62551,0
28,5,weak_lock_live,own_shared,lock,100000,460451,4.60451,2350000
28,6,async_queue_job_1_local_copies,own_local,job,100,39198,391.98,2000
28,7,create_read_destroy,std_shared,asset,100000,1181387,11.81387,65000400000
28,8,resource_lifecycle_64_assets_4096_objects,own_local,cycle,10,247917,24791.7,17203200
28,9,share_read_drop,std_shared,handoff,100000,1185934,11.85934,2350000
28,10,scene_4096_attachments,own_local,attachment,98304,146637,1.49166870117,98304
28,11,weak_lock_expired,own_shared,lock,100000,135460,1.3546,0
28,12,create_read_destroy,own_shared,asset,100000,1219303,12.19303,65000400000
28,13,contended_copy_2_workers,own_shared,copy,200000,2535740,12.6787,4700000
28,14,frame_4096_draws_64_unique_leases,std_shared,frame,24,92086,3836.91666667,41287680
28,15,contended_copy_2_workers,std_shared,copy,200000,3604130,18.02065,4700000
28,16,group_setup_then_8_copies,std_shared,group,12500,1275125,102.01,2350000
28,17,async_queue_job_64_local_copies,std_shared,job,100,225774,2257.74,150400
28,18,group_setup_then_64_copies,own_local,group,1562,187737,120.190140845,2349248
28,19,frame_4096_draws_64_unique_leases,own_shared,frame,24,92056,3835.66666667,41287680
28,20,weak_lock_live,std_shared,lock,100000,1159435,11.59435,2350000
28,21,group_setup_then_1_copies,own_local,group,100000,1917786,19.17786,2000000
28,22,scene_4096_attachments,std_shared,attachment,98304,514801,5.23682657878,98304
28,23,async_queue_job_1024_local_copies,own_local,job,100,785672,7856.72,2406400
28,24,share_read_drop,own_shared,handoff,100000,477736,4.77736,2350000
28,25,resource_lifecycle_64_assets_4096_objects,std_shared,cycle,10,335566,33556.6,17203200
28,26,async_queue_job_1_local_copies,std_shared,job,100,62092,620.92,2000
28,27,copy_read_drop,std_shared,copy,100000,1173035,11.73035,2350000
28,28,async_queue_job_1024_local_copies,std_shared,job,100,1878168,18781.68,2406400
28,29,group_setup_then_1024_copies,std_shared,group,97,1171582,12078.1649485,2334208
28,30,localize_read_drop,own_local,group,100000,1028701,10.28701,2350000
28,31,create_read_destroy,own_local,asset,100000,2098343,20.98343,65000400000
28,32,localize_read_drop,std_shared,group,100000,1162229,11.62229,2350000
28,33,copy_read_drop,own_shared,copy,100000,455563,4.55563,2350000
28,34,group_setup_then_1_copies,std_shared,group,100000,3500827,35.00827,2000000
28,35,group_setup_then_8_copies,own_local,group,12500,408114,32.64912,2350000
28,36,copy_read_drop,own_local,copy,100000,122491,1.22491,2350000
29,0,copy_read_drop,std_shared,copy,100000,1206794,12.06794,2350000
29,1,create_read_destroy,own_shared,asset,100000,1439940,14.3994,65000400000
29,2,frame_4096_draws_64_unique_leases,std_shared,frame,24,156962,6540.08333333,41287680
29,3,localize_read_drop,std_shared,group,100000,1222168,12.22168,2350000
29,4,group_setup_then_1_copies,std_shared,group,100000,1866731,18.66731,2000000
29,5,resource_lifecycle_64_assets_4096_objects,own_local,cycle,10,266704,26670.4,17203200
29,6,share_read_drop,own_shared,handoff,100000,443336,4.43336,2350000
29,7,group_setup_then_64_copies,std_shared,group,1562,1189069,761.247759283,2349248
29,8,copy_read_drop,own_shared,copy,100000,471498,4.71498,2350000
29,9,async_queue_job_64_local_copies,std_shared,job,100,194968,1949.68,150400
29,10,contended_copy_2_workers,std_shared,copy,200000,4568837,22.844185,4700000
29,11,group_setup_then_1024_copies,own_local,group,97,151785,1564.79381443,2334208
29,12,group_setup_then_1_copies,own_local,group,100000,2016573,20.16573,2000000
29,13,scene_4096_attachments,own_local,attachment,98304,149080,1.51652018229,98304
29,14,resource_lifecycle_64_assets_4096_objects,std_shared,cycle,10,390608,39060.8,17203200
29,15,copy_read_drop,own_local,copy,100000,121660,1.2166,2350000
29,16,localize_read_drop,own_local,group,100000,1064885,10.64885,2350000
29,17,frame_4096_draws_64_unique_leases,own_shared,frame,24,91686,3820.25,41287680
29,18,async_queue_job_1024_local_copies,std_shared,job,100,1964245,19642.45,2406400
29,19,weak_lock_expired,own_shared,lock,100000,151374,1.51374,0
29,20,group_setup_then_8_copies,own_local,group,12500,333533,26.68264,2350000
29,21,create_read_destroy,std_shared,asset,100000,1525126,15.25126,65000400000
29,22,async_queue_job_1_local_copies,std_shared,job,100,71205,712.05,2000
29,23,borrow_read,raw_borrow,read,100000,69213,0.69213,2350000
29,24,async_queue_job_1024_local_copies,own_local,job,100,387233,3872.33,2406400
29,25,async_queue_job_64_local_copies,own_local,job,100,49243,492.43,150400
29,26,async_queue_job_1_local_copies,own_local,job,100,33650,336.5,2000
29,27,group_setup_then_1024_copies,std_shared,group,97,1401593,14449.4123711,2334208
29,28,contended_copy_2_workers,own_shared,copy,200000,2793912,13.96956,4700000
29,29,weak_lock_live,own_shared,lock,100000,492468,4.92468,2350000
29,30,group_setup_then_64_copies,own_local,group,1562,180006,115.240717029,2349248
29,31,weak_lock_expired,std_shared,lock,100000,162510,1.6251,0
29,32,share_read_drop,std_shared,handoff,100000,1497825,14.97825,2350000
29,33,weak_lock_live,std_shared,lock,100000,969023,9.69023,2350000
29,34,create_read_destroy,own_local,asset,100000,2497553,24.97553,65000400000
29,35,scene_4096_attachments,std_shared,attachment,98304,514280,5.23152669271,98304
29,36,group_setup_then_8_copies,std_shared,group,12500,1243619,99.48952,2350000
30,0,borrow_read,raw_borrow,read,100000,54310,0.5431,2350000
30,1,copy_read_drop,own_local,copy,100000,121429,1.21429,2350000
30,2,share_read_drop,std_shared,handoff,100000,1200024,12.00024,2350000
30,3,localize_read_drop,own_local,group,100000,1355074,13.55074,2350000
30,4,localize_read_drop,std_shared,group,100000,1183510,11.8351,2350000
30,5,scene_4096_attachments,own_local,attachment,98304,147508,1.50052897135,98304
30,6,create_read_destroy,own_shared,asset,100000,1291900,12.919,65000400000
30,7,async_queue_job_64_local_copies,std_shared,job,100,224522,2245.22,150400
30,8,create_read_destroy,std_shared,asset,100000,1275597,12.75597,65000400000
30,9,resource_lifecycle_64_assets_4096_objects,own_local,cycle,10,241246,24124.6,17203200
30,10,async_queue_job_1_local_copies,std_shared,job,100,34741,347.41,2000
30,11,weak_lock_expired,own_shared,lock,100000,135600,1.356,0
30,12,async_queue_job_64_local_copies,own_local,job,100,60349,603.49,150400
30,13,copy_read_drop,own_shared,copy,100000,468162,4.68162,2350000
30,14,frame_4096_draws_64_unique_leases,own_shared,frame,24,98165,4090.20833333,41287680
30,15,weak_lock_expired,std_shared,lock,100000,162510,1.6251,0
30,16,async_queue_job_1_local_copies,own_local,job,100,38356,383.56,2000
30,17,async_queue_job_1024_local_copies,own_local,job,100,368425,3684.25,2406400
30,18,scene_4096_attachments,std_shared,attachment,98304,524917,5.33973185221,98304
30,19,group_setup_then_8_copies,std_shared,group,12500,1583172,126.65376,2350000
30,20,resource_lifecycle_64_assets_4096_objects,std_shared,cycle,10,370838,37083.8,17203200
30,21,async_queue_job_1024_local_copies,std_shared,job,100,1713794,17137.94,2406400
30,22,group_setup_then_64_copies,std_shared,group,1562,1267024,811.154929577,2349248
30,23,group_setup_then_8_copies,own_local,group,12500,475854,38.06832,2350000
30,24,copy_read_drop,std_shared,copy,100000,1221817,12.21817,2350000
30,25,group_setup_then_1_copies,std_shared,group,100000,1897196,18.97196,2000000
30,26,contended_copy_2_workers,std_shared,copy,200000,4767400,23.837,4700000
30,27,weak_lock_live,own_shared,lock,100000,491607,4.91607,2350000
30,28,group_setup_then_64_copies,own_local,group,1562,167849,107.457746479,2349248
30,29,share_read_drop,own_shared,handoff,100000,442904,4.42904,2350000
30,30,group_setup_then_1_copies,own_local,group,100000,2224019,22.24019,2000000
30,31,contended_copy_2_workers,own_shared,copy,200000,2027088,10.13544,4700000
30,32,group_setup_then_1024_copies,own_local,group,97,137102,1413.42268041,2334208
30,33,weak_lock_live,std_shared,lock,100000,939389,9.39389,2350000
30,34,group_setup_then_1024_copies,std_shared,group,97,1234546,12727.2783505,2334208
30,35,frame_4096_draws_64_unique_leases,std_shared,frame,24,90915,3788.125,41287680
30,36,create_read_destroy,own_local,asset,100000,2121738,21.21738,65000400000
31,0,create_read_destroy,std_shared,asset,100000,1124403,11.24403,65000400000
31,1,async_queue_job_64_local_copies,own_local,job,100,72768,727.68,150400
31,2,resource_lifecycle_64_assets_4096_objects,own_local,cycle,10,343989,34398.9,17203200
31,3,copy_read_drop,own_local,copy,100000,200126,2.00126,2350000
31,4,copy_read_drop,std_shared,copy,100000,1178062,11.78062,2350000
31,5,async_queue_job_1024_local_copies,own_local,job,100,387594,3875.94,2406400
31,6,async_queue_job_1024_local_copies,std_shared,job,100,1630080,16300.8,2406400
31,7,contended_copy_2_workers,own_shared,copy,200000,2370045,11.850225,4700000
31,8,contended_copy_2_workers,std_shared,copy,200000,5288852,26.44426,4700000
31,9,group_setup_then_64_copies,std_shared,group,1562,1331779,852.611395647,2349248
31,10,group_setup_then_1024_copies,own_local,group,97,150022,1546.6185567,2334208
31,11,weak_lock_live,std_shared,lock,100000,946630,9.4663,2350000
31,12,share_read_drop,own_shared,handoff,100000,461022,4.61022,2350000
31,13,group_setup_then_1_copies,std_shared,group,100000,2007679,20.07679,2000000
31,14,group_setup_then_8_copies,std_shared,group,12500,1571394,125.71152,2350000
31,15,async_queue_job_64_local_copies,std_shared,job,100,228078,2280.78,150400
31,16,group_setup_then_64_copies,own_local,group,1562,196771,125.973751601,2349248
31,17,scene_4096_attachments,own_local,attachment,98304,148971,1.51541137695,98304
31,18,weak_lock_expired,own_shared,lock,100000,135600,1.356,0
31,19,localize_read_drop,own_local,group,100000,1326662,13.26662,2350000
31,20,scene_4096_attachments,std_shared,attachment,98304,562612,5.72318522135,98304
31,21,copy_read_drop,own_shared,copy,100000,455254,4.55254,2350000
31,22,group_setup_then_1_copies,own_local,group,100000,1926028,19.26028,2000000
31,23,share_read_drop,std_shared,handoff,100000,1389114,13.89114,2350000
31,24,group_setup_then_1024_copies,std_shared,group,97,1145174,11805.9175258,2334208
31,25,create_read_destroy,own_shared,asset,100000,1235858,12.35858,65000400000
31,26,create_read_destroy,own_local,asset,100000,2390506,23.90506,65000400000
31,27,resource_lifecycle_64_assets_4096_objects,std_shared,cycle,10,365380,36538,17203200
31,28,borrow_read,raw_borrow,read,100000,54511,0.54511,2350000
31,29,frame_4096_draws_64_unique_leases,own_shared,frame,24,93378,3890.75,41287680
31,30,weak_lock_expired,std_shared,lock,100000,388144,3.88144,0
31,31,group_setup_then_8_copies,own_local,group,12500,431898,34.55184,2350000
31,32,localize_read_drop,std_shared,group,100000,1233064,12.33064,2350000
31,33,frame_4096_draws_64_unique_leases,std_shared,frame,24,89773,3740.54166667,41287680
31,34,async_queue_job_1_local_copies,std_shared,job,100,57656,576.56,2000
31,35,async_queue_job_1_local_copies,own_local,job,100,31166,311.66,2000
31,36,weak_lock_live,own_shared,lock,100000,714747,7.14747,2350000
32,0,group_setup_then_8_copies,std_shared,group,12500,1291370,103.3096,2350000
32,1,weak_lock_expired,own_shared,lock,100000,135621,1.35621,0
32,2,resource_lifecycle_64_assets_4096_objects,own_local,cycle,10,290880,29088,17203200
32,3,create_read_destroy,std_shared,asset,100000,1154798,11.54798,65000400000
32,4,weak_lock_live,own_shared,lock,100000,450306,4.50306,2350000
32,5,group_setup_then_1_copies,std_shared,group,100000,2197931,21.97931,2000000
32,6,group_setup_then_8_copies,own_local,group,12500,383817,30.70536,2350000
32,7,copy_read_drop,own_shared,copy,100000,523935,5.23935,2350000
32,8,copy_read_drop,std_shared,copy,100000,1244090,12.4409,2350000
32,9,group_setup_then_1024_copies,own_local,group,97,137643,1419,2334208
32,10,contended_copy_2_workers,own_shared,copy,200000,1821714,9.10857,4700000
32,11,async_queue_job_1024_local_copies,std_shared,job,100,1965246,19652.46,2406400
32,12,group_setup_then_64_copies,own_local,group,1562,170802,109.348271447,2349248
32,13,share_read_drop,own_shared,handoff,100000,619486,6.19486,2350000
32,14,frame_4096_draws_64_unique_leases,std_shared,frame,24,139526,5813.58333333,41287680
32,15,copy_read_drop,own_local,copy,100000,144133,1.44133,2350000
32,16,scene_4096_attachments,std_shared,attachment,98304,493169,5.01677449544,98304
32,17,weak_lock_live,std_shared,lock,100000,912329,9.12329,2350000
32,18,group_setup_then_1_copies,own_local,group,100000,2154145,21.54145,2000000
32,19,borrow_read,raw_borrow,read,100000,54330,0.5433,2350000
32,20,async_queue_job_1_local_copies,own_local,job,100,50615,506.15,2000
32,21,group_setup_then_1024_copies,std_shared,group,97,1203820,12410.5154639,2334208
32,22,async_queue_job_64_local_copies,own_local,job,100,86228,862.28,150400
32,23,weak_lock_expired,std_shared,lock,100000,162641,1.62641,0
32,24,create_read_destroy,own_local,asset,100000,2118503,21.18503,65000400000
32,25,create_read_destroy,own_shared,asset,100000,1212483,12.12483,65000400000
32,26,async_queue_job_64_local_copies,std_shared,job,100,207607,2076.07,150400
32,27,share_read_drop,std_shared,handoff,100000,1613987,16.13987,2350000
32,28,async_queue_job_1024_local_copies,own_local,job,100,391829,3918.29,2406400
32,29,localize_read_drop,std_shared,group,100000,1277709,12.77709,2350000
32,30,group_setup_then_64_copies,std_shared,group,1562,1189199,761.330985915,2349248
32,31,contended_copy_2_workers,std_shared,copy,200000,4618490,23.09245,4700000
32,32,frame_4096_draws_64_unique_leases,own_shared,frame,24,92828,3867.83333333,41287680
32,33,async_queue_job_1_local_copies,std_shared,job,100,87790,877.9,2000
32,34,localize_read_drop,own_local,group,100000,1083292,10.83292,2350000
32,35,resource_lifecycle_64_assets_4096_objects,std_shared,cycle,10,338421,33842.1,17203200
32,36,scene_4096_attachments,own_local,attachment,98304,145806,1.48321533203,98304
33,0,share_read_drop,std_shared,handoff,100000,1231251,12.31251,2350000
33,1,group_setup_then_64_copies,std_shared,group,1562,1449994,928.293213828,2349248
33,2,borrow_read,raw_borrow,read,100000,54220,0.5422,2350000
33,3,copy_read_drop,own_shared,copy,100000,455463,4.55463,2350000
33,4,localize_read_drop,std_shared,group,100000,1249267,12.49267,2350000
33,5,weak_lock_expired,std_shared,lock,100000,162711,1.62711,0
33,6,resource_lifecycle_64_assets_4096_objects,std_shared,cycle,10,335526,33552.6,17203200
33,7,copy_read_drop,std_shared,copy,100000,1182509,11.82509,2350000
33,8,weak_lock_live,std_shared,lock,100000,937756,9.37756,2350000
33,9,group_setup_then_8_copies,std_shared,group,12500,1370777,109.66216,2350000
33,10,async_queue_job_64_local_copies,std_shared,job,100,217372,2173.72,150400
33,11,scene_4096_attachments,own_local,attachment,98304,146877,1.49411010742,98304
33,12,create_read_destroy,own_local,asset,100000,2761754,27.61754,65000400000
33,13,group_setup_then_8_copies,own_local,group,12500,379912,30.39296,2350000
33,14,localize_read_drop,own_local,group,100000,1174738,11.74738,2350000
33,15,async_queue_job_1024_local_copies,std_shared,job,100,1963624,19636.24,2406400
33,16,async_queue_job_1_local_copies,own_local,job,100,37576,375.76,2000
33,17,contended_copy_2_workers,std_shared,copy,200000,3932936,19.66468,4700000
33,18,group_setup_then_64_copies,own_local,group,1562,229439,146.887964149,2349248
33,19,group_setup_then_1_copies,own_local,group,100000,2149438,21.49438,2000000
33,20,weak_lock_expired,own_shared,lock,100000,135610,1.3561,0
33,21,frame_4096_draws_64_unique_leases,std_shared,frame,24,93428,3892.83333333,41287680
33,22,copy_read_drop,own_local,copy,100000,122121,1.22121,2350000
33,23,async_queue_job_1_local_copies,std_shared,job,100,55832,558.32,2000
33,24,frame_4096_draws_64_unique_leases,own_shared,frame,24,93148,3881.16666667,41287680
33,25,create_read_destroy,own_shared,asset,100000,1227194,12.27194,65000400000
33,26,group_setup_then_1_copies,std_shared,group,100000,1859370,18.5937,2000000
33,27,scene_4096_attachments,std_shared,attachment,98304,506118,5.14849853516,98304
33,28,create_read_destroy,std_shared,asset,100000,1360632,13.60632,65000400000
33,29,contended_copy_2_workers,own_shared,copy,200000,1986338,9.93169,4700000
33,30,async_queue_job_1024_local_copies,own_local,job,100,371138,3711.38,2406400
33,31,group_setup_then_1024_copies,std_shared,group,97,1223639,12614.8350515,2334208
33,32,share_read_drop,own_shared,handoff,100000,441813,4.41813,2350000
33,33,async_queue_job_64_local_copies,own_local,job,100,98005,980.05,150400
33,34,weak_lock_live,own_shared,lock,100000,461243,4.61243,2350000
33,35,resource_lifecycle_64_assets_4096_objects,own_local,cycle,10,242278,24227.8,17203200
33,36,group_setup_then_1024_copies,own_local,group,97,137783,1420.44329897,2334208
34,0,weak_lock_live,own_shared,lock,100000,462665,4.62665,2350000
34,1,group_setup_then_1_copies,own_local,group,100000,1843406,18.43406,2000000
34,2,copy_read_drop,std_shared,copy,100000,1204982,12.04982,2350000
34,3,async_queue_job_64_local_copies,own_local,job,100,73819,738.19,150400
34,4,group_setup_then_8_copies,std_shared,group,12500,1267324,101.38592,2350000
34,5,create_read_destroy,own_local,asset,100000,2158953,21.58953,65000400000
34,6,localize_read_drop,std_shared,group,100000,1178142,11.78142,2350000
34,7,group_setup_then_1024_copies,std_shared,group,97,1208487,12458.628866,2334208
34,8,localize_read_drop,own_local,group,100000,1131213,11.31213,2350000
34,9,share_read_drop,own_shared,handoff,100000,441823,4.41823,2350000
34,10,group_setup_then_8_copies,own_local,group,12500,331450,26.516,2350000
34,11,async_queue_job_1_local_copies,std_shared,job,100,48312,483.12,2000
34,12,share_read_drop,std_shared,handoff,100000,1268205,12.68205,2350000
34,13,create_read_destroy,std_shared,asset,100000,1129130,11.2913,65000400000
34,14,async_queue_job_1024_local_copies,own_local,job,100,452199,4521.99,2406400
34,15,frame_4096_draws_64_unique_leases,own_shared,frame,24,92917,3871.54166667,41287680
34,16,weak_lock_expired,own_shared,lock,100000,166316,1.66316,0
34,17,scene_4096_attachments,own_local,attachment,98304,145045,1.47547403971,98304
34,18,group_setup_then_64_copies,own_local,group,1562,162830,104.244558259,2349248
34,19,weak_lock_live,std_shared,lock,100000,977205,9.77205,2350000
34,20,async_queue_job_64_local_copies,std_shared,job,100,193827,1938.27,150400
34,21,create_read_destroy,own_shared,asset,100000,1212413,12.12413,65000400000
34,22,copy_read_drop,own_shared,copy,100000,468162,4.68162,2350000
34,23,copy_read_drop,own_local,copy,100000,122170,1.2217,2350000
34,24,contended_copy_2_workers,own_shared,copy,200000,2513928,12.56964,4700000
34,25,group_setup_then_64_copies,std_shared,group,1562,1176280,753.060179257,2349248
34,26,group_setup_then_1_copies,std_shared,group,100000,2054709,20.54709,2000000
34,27,resource_lifecycle_64_assets_4096_objects,std_shared,cycle,10,340243,34024.3,17203200
34,28,async_queue_job_1024_local_copies,std_shared,job,100,2011294,20112.94,2406400
34,29,contended_copy_2_workers,std_shared,copy,200000,3864274,19.32137,4700000
34,30,async_queue_job_1_local_copies,own_local,job,100,46939,469.39,2000
34,31,borrow_read,raw_borrow,read,100000,54451,0.54451,2350000
34,32,weak_lock_expired,std_shared,lock,100000,162760,1.6276,0
34,33,group_setup_then_1024_copies,own_local,group,97,136953,1411.88659794,2334208
34,34,frame_4096_draws_64_unique_leases,std_shared,frame,24,91075,3794.79166667,41287680
34,35,scene_4096_attachments,std_shared,attachment,98304,520920,5.29907226562,98304
34,36,resource_lifecycle_64_assets_4096_objects,own_local,cycle,10,236579,23657.9,17203200
35,0,async_queue_job_1024_local_copies,own_local,job,100,396276,3962.76,2406400
35,1,frame_4096_draws_64_unique_leases,own_shared,frame,24,92256,3844,41287680
35,2,copy_read_drop,own_local,copy,100000,211442,2.11442,2350000
35,3,contended_copy_2_workers,own_shared,copy,200000,2179323,10.896615,4700000
35,4,create_read_destroy,own_shared,asset,100000,1471106,14.71106,65000400000
35,5,localize_read_drop,own_local,group,100000,1228336,12.28336,2350000
35,6,copy_read_drop,own_shared,copy,100000,926691,9.26691,2350000
35,7,resource_lifecycle_64_assets_4096_objects,std_shared,cycle,10,343989,34398.9,17203200
35,8,frame_4096_draws_64_unique_leases,std_shared,frame,24,90774,3782.25,41287680
35,9,create_read_destroy,std_shared,asset,100000,1444996,14.44996,65000400000
35,10,share_read_drop,std_shared,handoff,100000,1167005,11.67005,2350000
35,11,localize_read_drop,std_shared,group,100000,1225913,12.25913,2350000
35,12,copy_read_drop,std_shared,copy,100000,1227605,12.27605,2350000
35,13,async_queue_job_1024_local_copies,std_shared,job,100,1641638,16416.38,2406400
35,14,async_queue_job_64_local_copies,std_shared,job,100,193927,1939.27,150400
35,15,async_queue_job_1_local_copies,std_shared,job,100,27811,278.11,2000
35,16,scene_4096_attachments,std_shared,attachment,98304,508642,5.17417399089,98304
35,17,share_read_drop,own_shared,handoff,100000,441603,4.41603,2350000
35,18,scene_4096_attachments,own_local,attachment,98304,147388,1.49930826823,98304
35,19,group_setup_then_64_copies,own_local,group,1562,164133,105.078745198,2349248
35,20,group_setup_then_1024_copies,std_shared,group,97,1163731,11997.2268041,2334208
35,21,group_setup_then_1_copies,std_shared,group,100000,2337126,23.37126,2000000
35,22,weak_lock_live,own_shared,lock,100000,449836,4.49836,2350000
35,23,group_setup_then_8_copies,own_local,group,12500,368445,29.4756,2350000
35,24,borrow_read,raw_borrow,read,100000,54350,0.5435,2350000
35,25,group_setup_then_1024_copies,own_local,group,97,136922,1411.56701031,2334208
35,26,contended_copy_2_workers,std_shared,copy,200000,4544431,22.722155,4700000
35,27,weak_lock_expired,std_shared,lock,100000,195058,1.95058,0
35,28,group_setup_then_8_copies,std_shared,group,12500,1241486,99.31888,2350000
35,29,weak_lock_expired,own_shared,lock,100000,135490,1.3549,0
35,30,create_read_destroy,own_local,asset,100000,2394781,23.94781,65000400000
35,31,async_queue_job_64_local_copies,own_local,job,100,76283,762.83,150400
35,32,weak_lock_live,std_shared,lock,100000,1137993,11.37993,2350000
35,33,group_setup_then_64_copies,std_shared,group,1562,1238692,793.016645327,2349248
35,34,group_setup_then_1_copies,own_local,group,100000,2022390,20.2239,2000000
35,35,resource_lifecycle_64_assets_4096_objects,own_local,cycle,10,285763,28576.3,17203200
35,36,async_queue_job_1_local_copies,own_local,job,100,46528,465.28,2000
36,0,group_setup_then_8_copies,std_shared,group,12500,1256818,100.54544,2350000
36,1,frame_4096_draws_64_unique_leases,own_shared,frame,24,110454,4602.25,41287680
36,2,group_setup_then_1_copies,std_shared,group,100000,1902914,19.02914,2000000
36,3,group_setup_then_1024_copies,own_local,group,97,159285,1642.11340206,2334208
36,4,copy_read_drop,own_shared,copy,100000,455233,4.55233,2350000
36,5,group_setup_then_8_copies,own_local,group,12500,331260,26.5008,2350000
36,6,frame_4096_draws_64_unique_leases,std_shared,frame,24,109242,4551.75,41287680
36,7,async_queue_job_1024_local_copies,own_local,job,100,382035,3820.35,2406400
36,8,async_queue_job_64_local_copies,std_shared,job,100,212004,2120.04,150400
36,9,async_queue_job_1024_local_copies,std_shared,job,100,1641127,16411.27,2406400
36,10,share_read_drop,own_shared,handoff,100000,441523,4.41523,2350000
36,11,borrow_read,raw_borrow,read,100000,54250,0.5425,2350000
36,12,async_queue_job_1_local_copies,own_local,job,100,41392,413.92,2000
36,13,contended_copy_2_workers,own_shared,copy,200000,2997593,14.987965,4700000
36,14,scene_4096_attachments,own_local,attachment,98304,147648,1.501953125,98304
36,15,create_read_destroy,own_shared,asset,100000,1267073,12.67073,65000400000
36,16,scene_4096_attachments,std_shared,attachment,98304,493340,5.0185139974,98304
36,17,share_read_drop,std_shared,handoff,100000,1279622,12.79622,2350000
36,18,group_setup_then_1024_copies,std_shared,group,97,1171813,12080.5463918,2334208
36,19,localize_read_drop,std_shared,group,100000,1370357,13.70357,2350000
36,20,localize_read_drop,own_local,group,100000,1099666,10.99666,2350000
36,21,contended_copy_2_workers,std_shared,copy,200000,4176997,20.884985,4700000
36,22,copy_read_drop,own_local,copy,100000,121630,1.2163,2350000
36,23,resource_lifecycle_64_assets_4096_objects,own_local,cycle,10,282188,28218.8,17203200
36,24,copy_read_drop,std_shared,copy,100000,1307163,13.07163,2350000
36,25,weak_lock_expired,own_shared,lock,100000,135711,1.35711,0
36,26,group_setup_then_64_copies,std_shared,group,1562,1419569,908.814980794,2349248
36,27,weak_lock_live,own_shared,lock,100000,497505,4.97505,2350000
36,28,create_read_destroy,own_local,asset,100000,2223799,22.23799,65000400000
36,29,async_queue_job_1_local_copies,std_shared,job,100,68661,686.61,2000
36,30,resource_lifecycle_64_assets_4096_objects,std_shared,cycle,10,363097,36309.7,17203200
36,31,group_setup_then_1_copies,own_local,group,100000,1843316,18.43316,2000000
36,32,weak_lock_expired,std_shared,lock,100000,162640,1.6264,0
36,33,async_queue_job_64_local_copies,own_local,job,100,65817,658.17,150400
36,34,create_read_destroy,std_shared,asset,100000,1209729,12.09729,65000400000
36,35,weak_lock_live,std_shared,lock,100000,947701,9.47701,2350000
36,36,group_setup_then_64_copies,own_local,group,1562,163161,104.456466069,2349248
37,0,create_read_destroy,own_local,asset,100000,2277207,22.77207,65000400000
37,1,group_setup_then_64_copies,std_shared,group,1562,1326642,849.322663252,2349248
37,2,group_setup_then_1_copies,std_shared,group,100000,2005776,20.05776,2000000
37,3,weak_lock_live,std_shared,lock,100000,942594,9.42594,2350000
37,4,contended_copy_2_workers,std_shared,copy,200000,4090449,20.452245,4700000
37,5,group_setup_then_1024_copies,std_shared,group,97,1144903,11803.1237113,2334208
37,6,copy_read_drop,own_local,copy,100000,122501,1.22501,2350000
37,7,localize_read_drop,own_local,group,100000,1075230,10.7523,2350000
37,8,async_queue_job_1_local_copies,std_shared,job,100,67720,677.2,2000
37,9,copy_read_drop,std_shared,copy,100000,1163731,11.63731,2350000
37,10,copy_read_drop,own_shared,copy,100000,510315,5.10315,2350000
37,11,frame_4096_draws_64_unique_leases,std_shared,frame,24,92346,3847.75,41287680
37,12,share_read_drop,std_shared,handoff,100000,1170150,11.7015,2350000
37,13,resource_lifecycle_64_assets_4096_objects,own_local,cycle,10,244481,24448.1,17203200
37,14,weak_lock_expired,own_shared,lock,100000,148269,1.48269,0
37,15,group_setup_then_8_copies,std_shared,group,12500,1254155,100.3324,2350000
37,16,resource_lifecycle_64_assets_4096_objects,std_shared,cycle,10,336207,33620.7,17203200
37,17,group_setup_then_8_copies,own_local,group,12500,668879,53.51032,2350000
37,18,weak_lock_expired,std_shared,lock,100000,162541,1.62541,0
37,19,frame_4096_draws_64_unique_leases,own_shared,frame,24,94470,3936.25,41287680
37,20,contended_copy_2_workers,own_shared,copy,200000,4603538,23.01769,4700000
37,21,async_queue_job_1024_local_copies,own_local,job,100,295828,2958.28,2406400
37,22,weak_lock_live,own_shared,lock,100000,478057,4.78057,2350000
37,23,share_read_drop,own_shared,handoff,100000,441473,4.41473,2350000
37,24,group_setup_then_1024_copies,own_local,group,97,137324,1415.71134021,2334208
37,25,create_read_destroy,std_shared,asset,100000,1185713,11.85713,65000400000
37,26,async_queue_job_64_local_copies,std_shared,job,100,217501,2175.01,150400
37,27,async_queue_job_64_local_copies,own_local,job,100,84315,843.15,150400
37,28,localize_read_drop,std_shared,group,100000,1166024,11.66024,2350000
37,29,group_setup_then_64_copies,own_local,group,1562,161679,103.507682458,2349248
37,30,borrow_read,raw_borrow,read,100000,54320,0.5432,2350000
37,31,scene_4096_attachments,own_local,attachment,98304,147398,1.49940999349,98304
37,32,group_setup_then_1_copies,own_local,group,100000,2087807,20.87807,2000000
37,33,async_queue_job_1_local_copies,own_local,job,100,55102,551.02,2000
37,34,create_read_destroy,own_shared,asset,100000,1529912,15.29912,65000400000
37,35,async_queue_job_1024_local_copies,std_shared,job,100,1659183,16591.83,2406400
37,36,scene_4096_attachments,std_shared,attachment,98304,498537,5.07138061523,98304
38,0,group_setup_then_1_copies,own_local,group,100000,2048880,20.4888,2000000
38,1,create_read_destroy,own_local,asset,100000,2350136,23.50136,65000400000
38,2,group_setup_then_8_copies,std_shared,group,12500,1384127,110.73016,2350000
38,3,async_queue_job_1024_local_copies,std_shared,job,100,1619014,16190.14,2406400
38,4,async_queue_job_1024_local_copies,own_local,job,100,403947,4039.47,2406400
38,5,weak_lock_expired,own_shared,lock,100000,135610,1.3561,0
38,6,localize_read_drop,own_local,group,100000,1175458,11.75458,2350000
38,7,create_read_destroy,std_shared,asset,100000,1141708,11.41708,65000400000
38,8,localize_read_drop,std_shared,group,100000,1166675,11.66675,2350000
38,9,async_queue_job_64_local_copies,own_local,job,100,66729,667.29,150400
38,10,scene_4096_attachments,own_local,attachment,98304,147859,1.50409952799,98304
38,11,resource_lifecycle_64_assets_4096_objects,std_shared,cycle,10,394383,39438.3,17203200
38,12,scene_4096_attachments,std_shared,attachment,98304,547599,5.57046508789,98304
38,13,copy_read_drop,std_shared,copy,100000,1159475,11.59475,2350000
38,14,async_queue_job_1_local_copies,own_local,job,100,59378,593.78,2000
38,15,share_read_drop,std_shared,handoff,100000,1166645,11.66645,2350000
38,16,weak_lock_live,own_shared,lock,100000,450316,4.50316,2350000
38,17,create_read_destroy,own_shared,asset,100000,1343276,13.43276,65000400000
38,18,contended_copy_2_workers,own_shared,copy,200000,1942493,9.712465,4700000
38,19,frame_4096_draws_64_unique_leases,own_shared,frame,24,91255,3802.29166667,41287680
38,20,async_queue_job_64_local_copies,std_shared,job,100,215689,2156.89,150400
38,21,group_setup_then_1024_copies,own_local,group,97,137704,1419.62886598,2334208
38,22,group_setup_then_8_copies,own_local,group,12500,345391,27.63128,2350000
38,23,contended_copy_2_workers,std_shared,copy,200000,4808320,24.0416,4700000
38,24,borrow_read,raw_borrow,read,100000,54671,0.54671,2350000
38,25,copy_read_drop,own_shared,copy,100000,573949,5.73949,2350000
38,26,resource_lifecycle_64_assets_4096_objects,own_local,cycle,10,236670,23667,17203200
38,27,group_setup_then_64_copies,std_shared,group,1562,1167807,747.635723431,2349248
38,28,frame_4096_draws_64_unique_leases,std_shared,frame,24,104735,4363.95833333,41287680
38,29,copy_read_drop,own_local,copy,100000,121400,1.214,2350000
38,30,group_setup_then_1_copies,std_shared,group,100000,1881463,18.81463,2000000
38,31,group_setup_then_1024_copies,std_shared,group,97,1377076,14196.6597938,2334208
38,32,weak_lock_live,std_shared,lock,100000,955493,9.55493,2350000
38,33,share_read_drop,own_shared,handoff,100000,441673,4.41673,2350000
38,34,group_setup_then_64_copies,own_local,group,1562,167557,107.270806658,2349248
38,35,weak_lock_expired,std_shared,lock,100000,195900,1.959,0
38,36,async_queue_job_1_local_copies,std_shared,job,100,60640,606.4,2000
39,0,group_setup_then_1024_copies,own_local,group,97,136301,1405.16494845,2334208
39,1,group_setup_then_1_copies,own_local,group,100000,1899559,18.99559,2000000
39,2,async_queue_job_1024_local_copies,own_local,job,100,399230,3992.3,2406400
39,3,localize_read_drop,own_local,group,100000,1415463,14.15463,2350000
39,4,weak_lock_expired,std_shared,lock,100000,218083,2.18083,0
39,5,group_setup_then_8_copies,own_local,group,12500,430767,34.46136,2350000
39,6,weak_lock_live,own_shared,lock,100000,504296,5.04296,2350000
39,7,async_queue_job_64_local_copies,own_local,job,100,61941,619.41,150400
39,8,localize_read_drop,std_shared,group,100000,1384467,13.84467,2350000
39,9,async_queue_job_64_local_copies,std_shared,job,100,201839,2018.39,150400
39,10,group_setup_then_8_copies,std_shared,group,12500,1329196,106.33568,2350000
39,11,create_read_destroy,std_shared,asset,100000,1116571,11.16571,65000400000
39,12,contended_copy_2_workers,own_shared,copy,200000,2436964,12.18482,4700000
39,13,scene_4096_attachments,own_local,attachment,98304,162690,1.65496826172,98304
39,14,contended_copy_2_workers,std_shared,copy,200000,5264515,26.322575,4700000
39,15,copy_read_drop,std_shared,copy,100000,1168718,11.68718,2350000
39,16,weak_lock_live,std_shared,lock,100000,1349396,13.49396,2350000
39,17,group_setup_then_1_copies,std_shared,group,100000,1939268,19.39268,2000000
39,18,async_queue_job_1_local_copies,own_local,job,100,63103,631.03,2000
39,19,resource_lifecycle_64_assets_4096_objects,own_local,cycle,10,250560,25056,17203200
39,20,group_setup_then_64_copies,own_local,group,1562,166967,106.893085787,2349248
39,21,group_setup_then_64_copies,std_shared,group,1562,1163841,745.096670935,2349248
39,22,borrow_read,raw_borrow,read,100000,54590,0.5459,2350000
39,23,weak_lock_expired,own_shared,lock,100000,135581,1.35581,0
39,24,resource_lifecycle_64_assets_4096_objects,std_shared,cycle,10,337089,33708.9,17203200
39,25,frame_4096_draws_64_unique_leases,std_shared,frame,24,91576,3815.66666667,41287680
39,26,frame_4096_draws_64_unique_leases,own_shared,frame,24,104355,4348.125,41287680
39,27,async_queue_job_1024_local_copies,std_shared,job,100,1703880,17038.8,2406400
39,28,share_read_drop,std_shared,handoff,100000,1167026,11.67026,2350000
39,29,scene_4096_attachments,std_shared,attachment,98304,504466,5.13169352214,98304
39,30,share_read_drop,own_shared,handoff,100000,441574,4.41574,2350000
39,31,copy_read_drop,own_local,copy,100000,135280,1.3528,2350000
39,32,create_read_destroy,own_local,asset,100000,2865979,28.65979,65000400000
39,33,create_read_destroy,own_shared,asset,100000,1310558,13.10558,65000400000
39,34,group_setup_then_1024_copies,std_shared,group,97,1232022,12701.257732,2334208
39,35,async_queue_job_1_local_copies,std_shared,job,100,49804,498.04,2000
39,36,copy_read_drop,own_shared,copy,100000,455453,4.55453,2350000
40,0,share_read_drop,own_shared,handoff,100000,455844,4.55844,2350000
40,1,group_setup_then_8_copies,own_local,group,12500,332452,26.59616,2350000
40,2,group_setup_then_1024_copies,std_shared,group,97,1334724,13760.0412371,2334208
40,3,async_queue_job_1_local_copies,own_local,job,100,45457,454.57,2000
40,4,group_setup_then_1024_copies,own_local,group,97,137343,1415.90721649,2334208
40,5,create_read_destroy,std_shared,asset,100000,1112095,11.12095,65000400000
40,6,group_setup_then_64_copies,std_shared,group,1562,1234756,790.496798976,2349248
40,7,async_queue_job_64_local_copies,std_shared,job,100,300585,3005.85,150400
40,8,copy_read_drop,own_local,copy,100000,147839,1.47839,2350000
40,9,async_queue_job_1024_local_copies,own_local,job,100,341906,3419.06,2406400
40,10,contended_copy_2_workers,own_shared,copy,200000,1818719,9.093595,4700000
40,11,weak_lock_live,own_shared,lock,100000,507891,5.07891,2350000
40,12,async_queue_job_1024_local_copies,std_shared,job,100,1702067,17020.67,2406400
40,13,scene_4096_attachments,std_shared,attachment,98304,493199,5.01707967122,98304
40,14,async_queue_job_1_local_copies,std_shared,job,100,50164,501.64,2000
40,15,weak_lock_live,std_shared,lock,100000,898298,8.98298,2350000
40,16,group_setup_then_64_copies,own_local,group,1562,198513,127.088988476,2349248
40,17,async_queue_job_64_local_copies,own_local,job,100,99156,991.56,150400
40,18,borrow_read,raw_borrow,read,100000,54341,0.54341,2350000
40,19,frame_4096_draws_64_unique_leases,std_shared,frame,24,89131,3713.79166667,41287680
40,20,localize_read_drop,std_shared,group,100000,1167517,11.67517,2350000
40,21,scene_4096_attachments,own_local,attachment,98304,146537,1.49065144857,98304
40,22,localize_read_drop,own_local,group,100000,1084604,10.84604,2350000
40,23,group_setup_then_1_copies,own_local,group,100000,1863196,18.63196,2000000
40,24,share_read_drop,std_shared,handoff,100000,1177692,11.77692,2350000
40,25,create_read_destroy,own_shared,asset,100000,1349205,13.49205,65000400000
40,26,group_setup_then_8_copies,std_shared,group,12500,1256478,100.51824,2350000
40,27,frame_4096_draws_64_unique_leases,own_shared,frame,24,89663,3735.95833333,41287680
40,28,resource_lifecycle_64_assets_4096_objects,own_local,cycle,10,235268,23526.8,17203200
40,29,weak_lock_expired,std_shared,lock,100000,162531,1.62531,0
40,30,copy_read_drop,std_shared,copy,100000,1231731,12.31731,2350000
40,31,contended_copy_2_workers,std_shared,copy,200000,4915799,24.578995,4700000
40,32,copy_read_drop,own_shared,copy,100000,455184,4.55184,2350000
40,33,weak_lock_expired,own_shared,lock,100000,135480,1.3548,0
40,34,resource_lifecycle_64_assets_4096_objects,std_shared,cycle,10,374353,37435.3,17203200
40,35,group_setup_then_1_copies,std_shared,group,100000,1867612,18.67612,2000000
40,36,create_read_destroy,own_local,asset,100000,2167786,21.67786,65000400000
41,0,borrow_read,raw_borrow,read,100000,54231,0.54231,2350000
41,1,group_setup_then_1_copies,own_local,group,100000,1841674,18.41674,2000000
41,2,resource_lifecycle_64_assets_4096_objects,std_shared,cycle,10,336387,33638.7,17203200
41,3,async_queue_job_1024_local_copies,std_shared,job,100,1914110,19141.1,2406400
41,4,share_read_drop,own_shared,handoff,100000,441383,4.41383,2350000
41,5,scene_4096_attachments,own_local,attachment,98304,146867,1.49400838216,98304
41,6,frame_4096_draws_64_unique_leases,std_shared,frame,24,90644,3776.83333333,41287680
41,7,copy_read_drop,std_shared,copy,100000,1367322,13.67322,2350000
41,8,group_setup_then_1_copies,std_shared,group,100000,1965667,19.65667,2000000
41,9,create_read_destroy,own_shared,asset,100000,1245602,12.45602,65000400000
41,10,create_read_destroy,std_shared,asset,100000,1320363,13.20363,65000400000
41,11,resource_lifecycle_64_assets_4096_objects,own_local,cycle,10,249098,24909.8,17203200
41,12,share_read_drop,std_shared,handoff,100000,1246504,12.46504,2350000
41,13,create_read_destroy,own_local,asset,100000,2247384,22.47384,65000400000
41,14,copy_read_drop,own_local,copy,100000,166466,1.66466,2350000
41,15,contended_copy_2_workers,std_shared,copy,200000,4856773,24.283865,4700000
41,16,async_queue_job_1_local_copies,std_shared,job,100,52518,525.18,2000
41,17,copy_read_drop,own_shared,copy,100000,489744,4.89744,2350000
41,18,async_queue_job_64_local_copies,own_local,job,100,71336,713.36,150400
41,19,group_setup_then_1024_copies,own_local,group,97,139326,1436.35051546,2334208
41,20,group_setup_then_8_copies,std_shared,group,12500,1245702,99.65616,2350000
41,21,weak_lock_expired,std_shared,lock,100000,162530,1.6253,0
41,22,contended_copy_2_workers,own_shared,copy,200000,1577613,7.888065,4700000
41,23,group_setup_then_64_copies,std_shared,group,1562,1388103,888.670294494,2349248
41,24,group_setup_then_64_copies,own_local,group,1562,238292,152.555697823,2349248
41,25,group_setup_then_8_copies,own_local,group,12500,332001,26.56008,2350000
41,26,weak_lock_expired,own_shared,lock,100000,135500,1.355,0
41,27,weak_lock_live,std_shared,lock,100000,965588,9.65588,2350000
41,28,localize_read_drop,own_local,group,100000,1044184,10.44184,2350000
41,29,async_queue_job_1_local_copies,own_local,job,100,56013,560.13,2000
41,30,group_setup_then_1024_copies,std_shared,group,97,1158162,11939.814433,2334208
41,31,weak_lock_live,own_shared,lock,100000,464157,4.64157,2350000
41,32,async_queue_job_64_local_copies,std_shared,job,100,206285,2062.85,150400
41,33,async_queue_job_1024_local_copies,own_local,job,100,388504,3885.04,2406400
41,34,localize_read_drop,std_shared,group,100000,1163902,11.63902,2350000
41,35,frame_4096_draws_64_unique_leases,own_shared,frame,24,106718,4446.58333333,41287680
41,36,scene_4096_attachments,std_shared,attachment,98304,493450,5.01963297526,98304
42,0,group_setup_then_1_copies,own_local,group,100000,1855214,18.55214,2000000
42,1,weak_lock_expired,std_shared,lock,100000,162491,1.62491,0
42,2,frame_4096_draws_64_unique_leases,std_shared,frame,24,88220,3675.83333333,41287680
42,3,copy_read_drop,std_shared,copy,100000,1159645,11.59645,2350000
42,4,group_setup_then_1_copies,std_shared,group,100000,1871938,18.71938,2000000
42,5,scene_4096_attachments,own_local,attachment,98304,155530,1.58213297526,98304
42,6,weak_lock_expired,own_shared,lock,100000,146737,1.46737,0
42,7,group_setup_then_8_copies,own_local,group,12500,339633,27.17064,2350000
42,8,share_read_drop,own_shared,handoff,100000,449455,4.49455,2350000
42,9,contended_copy_2_workers,own_shared,copy,200000,4617618,23.08809,4700000
42,10,group_setup_then_1024_copies,own_local,group,97,139506,1438.20618557,2334208
42,11,borrow_read,raw_borrow,read,100000,54671,0.54671,2350000
42,12,share_read_drop,std_shared,handoff,100000,1169610,11.6961,2350000
42,13,contended_copy_2_workers,std_shared,copy,200000,4309704,21.54852,4700000
42,14,weak_lock_live,own_shared,lock,100000,450536,4.50536,2350000
42,15,localize_read_drop,std_shared,group,100000,1257720,12.5772,2350000
42,16,scene_4096_attachments,std_shared,attachment,98304,517265,5.26189168294,98304
42,17,async_queue_job_1_local_copies,own_local,job,100,54201,542.01,2000
42,18,frame_4096_draws_64_unique_leases,own_shared,frame,24,90283,3761.79166667,41287680
42,19,async_queue_job_64_local_copies,own_local,job,100,66438,664.38,150400
42,20,create_read_destroy,std_shared,asset,100000,1240605,12.40605,65000400000
42,21,create_read_destroy,own_shared,asset,100000,1417647,14.17647,65000400000
42,22,group_setup_then_64_copies,own_local,group,1562,179135,114.683098592,2349248
42,23,create_read_destroy,own_local,asset,100000,2387090,23.8709,65000400000
42,24,resource_lifecycle_64_assets_4096_objects,std_shared,cycle,10,370538,37053.8,17203200
42,25,async_queue_job_1_local_copies,std_shared,job,100,60500,605,2000
42,26,copy_read_drop,own_local,copy,100000,121310,1.2131,2350000
42,27,group_setup_then_64_copies,std_shared,group,1562,1162079,743.968629962,2349248
42,28,async_queue_job_1024_local_copies,std_shared,job,100,1636591,16365.91,2406400
42,29,group_setup_then_8_copies,std_shared,group,12500,1272161,101.77288,2350000
42,30,copy_read_drop,own_shared,copy,100000,475173,4.75173,2350000
42,31,async_queue_job_1024_local_copies,own_local,job,100,269018,2690.18,2406400
42,32,weak_lock_live,std_shared,lock,100000,942084,9.42084,2350000
42,33,localize_read_drop,own_local,group,100000,1249628,12.49628,2350000
42,34,async_queue_job_64_local_copies,std_shared,job,100,199805,1998.05,150400
42,35,resource_lifecycle_64_assets_4096_objects,own_local,cycle,10,234707,23470.7,17203200
42,36,group_setup_then_1024_copies,std_shared,group,97,1169289,12054.5257732,2334208
43,0,async_queue_job_1024_local_copies,std_shared,job,100,1748836,17488.36,2406400
43,1,resource_lifecycle_64_assets_4096_objects,own_local,cycle,10,227457,22745.7,17203200
43,2,create_read_destroy,own_local,asset,100000,2238330,22.3833,65000400000
43,3,create_read_destroy,own_shared,asset,100000,1272121,12.72121,65000400000
43,4,group_setup_then_1_copies,own_local,group,100000,2203128,22.03128,2000000
43,5,frame_4096_draws_64_unique_leases,own_shared,frame,24,92366,3848.58333333,41287680
43,6,async_queue_job_64_local_copies,std_shared,job,100,186896,1868.96,150400
43,7,share_read_drop,own_shared,handoff,100000,517015,5.17015,2350000
43,8,weak_lock_live,std_shared,lock,100000,915755,9.15755,2350000
43,9,copy_read_drop,own_shared,copy,100000,515913,5.15913,2350000
43,10,group_setup_then_8_copies,std_shared,group,12500,1326962,106.15696,2350000
43,11,group_setup_then_1_copies,std_shared,group,100000,2265681,22.65681,2000000
43,12,copy_read_drop,own_local,copy,100000,121920,1.2192,2350000
43,13,localize_read_drop,std_shared,group,100000,1263779,12.63779,2350000
43,14,contended_copy_2_workers,std_shared,copy,200000,4294000,21.47,4700000
43,15,async_queue_job_1_local_copies,own_local,job,100,71396,713.96,2000
43,16,group_setup_then_8_copies,own_local,group,12500,330879,26.47032,2350000
43,17,share_read_drop,std_shared,handoff,100000,1189199,11.89199,2350000
43,18,group_setup_then_64_copies,std_shared,group,1562,1257730,805.204865557,2349248
43,19,weak_lock_expired,std_shared,lock,100000,162831,1.62831,0
43,20,frame_4096_draws_64_unique_leases,std_shared,frame,24,93247,3885.29166667,41287680
43,21,weak_lock_live,own_shared,lock,100000,450447,4.50447,2350000
43,22,contended_copy_2_workers,own_shared,copy,200000,2610010,13.05005,4700000
43,23,borrow_read,raw_borrow,read,100000,54510,0.5451,2350000
43,24,weak_lock_expired,own_shared,lock,100000,135781,1.35781,0
43,25,async_queue_job_1_local_copies,std_shared,job,100,50775,507.75,2000
43,26,group_setup_then_1024_copies,std_shared,group,97,1149179,11847.2061856,2334208
43,27,group_setup_then_64_copies,own_local,group,1562,222479,142.432138284,2349248
43,28,create_read_destroy,std_shared,asset,100000,1117533,11.17533,65000400000
43,29,localize_read_drop,own_local,group,100000,1092045,10.92045,2350000
43,30,resource_lifecycle_64_assets_4096_objects,std_shared,cycle,10,343368,34336.8,17203200
43,31,scene_4096_attachments,own_local,attachment,98304,147148,1.49686686198,98304
43,32,async_queue_job_1024_local_copies,own_local,job,100,393763,3937.63,2406400
43,33,copy_read_drop,std_shared,copy,100000,1185192,11.85192,2350000
43,34,scene_4096_attachments,std_shared,attachment,98304,493610,5.02126057943,98304
43,35,async_queue_job_64_local_copies,own_local,job,100,62032,620.32,150400
43,36,group_setup_then_1024_copies,own_local,group,97,150602,1552.59793814,2334208
44,0,async_queue_job_64_local_copies,own_local,job,100,64666,646.66,150400
44,1,localize_read_drop,own_local,group,100000,1086356,10.86356,2350000
44,2,group_setup_then_8_copies,own_local,group,12500,330599,26.44792,2350000
44,3,async_queue_job_1_local_copies,own_local,job,100,37506,375.06,2000
44,4,localize_read_drop,std_shared,group,100000,1170571,11.70571,2350000
44,5,copy_read_drop,own_shared,copy,100000,483044,4.83044,2350000
44,6,group_setup_then_64_copies,own_local,group,1562,163972,104.975672215,2349248
44,7,weak_lock_live,std_shared,lock,100000,905920,9.0592,2350000
44,8,weak_lock_expired,own_shared,lock,100000,135430,1.3543,0
44,9,async_queue_job_1024_local_copies,own_local,job,100,238592,2385.92,2406400
44,10,async_queue_job_64_local_copies,std_shared,job,100,205444,2054.44,150400
44,11,frame_4096_draws_64_unique_leases,own_shared,frame,24,90033,3751.375,41287680
44,12,borrow_read,raw_borrow,read,100000,87038,0.87038,2350000
44,13,scene_4096_attachments,std_shared,attachment,98304,493230,5.01739501953,98304
44,14,share_read_drop,std_shared,handoff,100000,1169610,11.6961,2350000
44,15,async_queue_job_1024_local_copies,std_shared,job,100,1653265,16532.65,2406400
44,16,create_read_destroy,own_local,asset,100000,2458956,24.58956,65000400000
44,17,scene_4096_attachments,own_local,attachment,98304,262549,2.67078653971,98304
44,18,create_read_destroy,std_shared,asset,100000,1175989,11.75989,65000400000
44,19,contended_copy_2_workers,std_shared,copy,200000,6822158,34.11079,4700000
44,20,share_read_drop,own_shared,handoff,100000,442244,4.42244,2350000
44,21,group_setup_then_1_copies,std_shared,group,100000,1957194,19.57194,2000000
44,22,group_setup_then_64_copies,std_shared,group,1562,1159455,742.288732394,2349248
44,23,group_setup_then_1024_copies,std_shared,group,97,1169028,12051.8350515,2334208
44,24,resource_lifecycle_64_assets_4096_objects,std_shared,cycle,10,358160,35816,17203200
44,25,group_setup_then_8_copies,std_shared,group,12500,1242899,99.43192,2350000
44,26,weak_lock_live,own_shared,lock,100000,451037,4.51037,2350000
44,27,group_setup_then_1_copies,own_local,group,100000,1992867,19.92867,2000000
44,28,resource_lifecycle_64_assets_4096_objects,own_local,cycle,10,258993,25899.3,17203200
44,29,group_setup_then_1024_copies,own_local,group,97,137854,1421.17525773,2334208
44,30,weak_lock_expired,std_shared,lock,100000,162530,1.6253,0
44,31,async_queue_job_1_local_copies,std_shared,job,100,62102,621.02,2000
44,32,copy_read_drop,std_shared,copy,100000,1392069,13.92069,2350000
44,33,create_read_destroy,own_shared,asset,100000,1313703,13.13703,65000400000
44,34,copy_read_drop,own_local,copy,100000,121429,1.21429,2350000
44,35,frame_4096_draws_64_unique_leases,std_shared,frame,24,91346,3806.08333333,41287680
44,36,contended_copy_2_workers,own_shared,copy,200000,3121246,15.60623,4700000
45,0,async_queue_job_64_local_copies,own_local,job,100,72688,726.88,150400
45,1,group_setup_then_1_copies,own_local,group,100000,1868524,18.68524,2000000
45,2,create_read_destroy,std_shared,asset,100000,1096942,10.96942,65000400000
45,3,frame_4096_draws_64_unique_leases,own_shared,frame,24,91526,3813.58333333,41287680
45,4,async_queue_job_1024_local_copies,own_local,job,100,404428,4044.28,2406400
45,5,contended_copy_2_workers,std_shared,copy,200000,5013525,25.067625,4700000
45,6,async_queue_job_1_local_copies,own_local,job,100,48592,485.92,2000
45,7,weak_lock_live,own_shared,lock,100000,450497,4.50497,2350000
45,8,async_queue_job_64_local_copies,std_shared,job,100,190592,1905.92,150400
45,9,group_setup_then_8_copies,std_shared,group,12500,1445067,115.60536,2350000
45,10,async_queue_job_1_local_copies,std_shared,job,100,33810,338.1,2000
45,11,weak_lock_expired,std_shared,lock,100000,162561,1.62561,0
45,12,group_setup_then_64_copies,own_local,group,1562,168149,107.649807939,2349248
45,13,share_read_drop,std_shared,handoff,100000,1172735,11.72735,2350000
45,14,group_setup_then_8_copies,own_local,group,12500,360664,28.85312,2350000
45,15,localize_read_drop,std_shared,group,100000,1230210,12.3021,2350000
45,16,weak_lock_expired,own_shared,lock,100000,147348,1.47348,0
45,17,share_read_drop,own_shared,handoff,100000,456896,4.56896,2350000
45,18,scene_4096_attachments,own_local,attachment,98304,146006,1.48524983724,98304
45,19,weak_lock_live,std_shared,lock,100000,924998,9.24998,2350000
45,20,copy_read_drop,own_shared,copy,100000,454983,4.54983,2350000
45,21,create_read_destroy,own_local,asset,100000,2172232,21.72232,65000400000
45,22,localize_read_drop,own_local,group,100000,1083903,10.83903,2350000
45,23,resource_lifecycle_64_assets_4096_objects,std_shared,cycle,10,351439,35143.9,17203200
45,24,group_setup_then_1024_copies,std_shared,group,97,1162369,11983.185567,2334208
45,25,resource_lifecycle_64_assets_4096_objects,own_local,cycle,10,227016,22701.6,17203200
45,26,copy_read_drop,std_shared,copy,100000,1266423,12.66423,2350000
45,27,group_setup_then_1024_copies,own_local,group,97,152515,1572.31958763,2334208
45,28,async_queue_job_1024_local_copies,std_shared,job,100,1629730,16297.3,2406400
45,29,create_read_destroy,own_shared,asset,100000,1294835,12.94835,65000400000
45,30,borrow_read,raw_borrow,read,100000,87880,0.8788,2350000
45,31,group_setup_then_1_copies,std_shared,group,100000,1832100,18.321,2000000
45,32,scene_4096_attachments,std_shared,attachment,98304,510165,5.18966674805,98304
45,33,copy_read_drop,own_local,copy,100000,121289,1.21289,2350000
45,34,group_setup_then_64_copies,std_shared,group,1562,1176540,753.226632522,2349248
45,35,frame_4096_draws_64_unique_leases,std_shared,frame,24,88541,3689.20833333,41287680
45,36,contended_copy_2_workers,own_shared,copy,200000,2964373,14.821865,4700000
46,0,scene_4096_attachments,own_local,attachment,98304,145515,1.48025512695,98304
46,1,frame_4096_draws_64_unique_leases,own_shared,frame,24,89011,3708.79166667,41287680
46,2,async_queue_job_64_local_copies,own_local,job,100,97654,976.54,150400
46,3,group_setup_then_8_copies,std_shared,group,12500,1436454,114.91632,2350000
46,4,async_queue_job_1024_local_copies,own_local,job,100,419020,4190.2,2406400
46,5,copy_read_drop,std_shared,copy,100000,1319361,13.19361,2350000
46,6,copy_read_drop,own_shared,copy,100000,455243,4.55243,2350000
46,7,resource_lifecycle_64_assets_4096_objects,own_local,cycle,10,373292,37329.2,17203200
46,8,weak_lock_expired,own_shared,lock,100000,135510,1.3551,0
46,9,async_queue_job_1024_local_copies,std_shared,job,100,1681878,16818.78,2406400
46,10,borrow_read,raw_borrow,read,100000,79618,0.79618,2350000
46,11,create_read_destroy,own_shared,asset,100000,1339541,13.39541,65000400000
46,12,async_queue_job_1_local_copies,own_local,job,100,39579,395.79,2000
46,13,weak_lock_live,own_shared,lock,100000,449785,4.49785,2350000
46,14,group_setup_then_1024_copies,own_local,group,97,137463,1417.1443299,2334208
46,15,weak_lock_expired,std_shared,lock,100000,247236,2.47236,0
46,16,async_queue_job_1_local_copies,std_shared,job,100,44856,448.56,2000
46,17,async_queue_job_64_local_copies,std_shared,job,100,179155,1791.55,150400
46,18,group_setup_then_1_copies,own_local,group,100000,1861953,18.61953,2000000
46,19,contended_copy_2_workers,own_shared,copy,200000,2058104,10.29052,4700000
46,20,group_setup_then_1024_copies,std_shared,group,97,1153817,11895.0206186,2334208
46,21,create_read_destroy,std_shared,asset,100000,1095931,10.95931,65000400000
46,22,group_setup_then_1_copies,std_shared,group,100000,2098083,20.98083,2000000
46,23,create_read_destroy,own_local,asset,100000,2107737,21.07737,65000400000
46,24,share_read_drop,own_shared,handoff,100000,456075,4.56075,2350000
46,25,weak_lock_live,std_shared,lock,100000,953560,9.5356,2350000
46,26,localize_read_drop,own_local,group,100000,1174977,11.74977,2350000
46,27,contended_copy_2_workers,std_shared,copy,200000,5499704,27.49852,4700000
46,28,group_setup_then_64_copies,own_local,group,1562,176741,113.150448143,2349248
46,29,resource_lifecycle_64_assets_4096_objects,std_shared,cycle,10,341124,34112.4,17203200
46,30,frame_4096_draws_64_unique_leases,std_shared,frame,24,91685,3820.20833333,41287680
46,31,group_setup_then_8_copies,own_local,group,12500,334234,26.73872,2350000
46,32,copy_read_drop,own_local,copy,100000,157433,1.57433,2350000
46,33,scene_4096_attachments,std_shared,attachment,98304,492559,5.01056925456,98304
46,34,localize_read_drop,std_shared,group,100000,1233174,12.33174,2350000
46,35,share_read_drop,std_shared,handoff,100000,1238872,12.38872,2350000
46,36,group_setup_then_64_copies,std_shared,group,1562,1178332,754.373879641,2349248
47,0,group_setup_then_1024_copies,std_shared,group,97,1194997,12319.556701,2334208
47,1,async_queue_job_64_local_copies,own_local,job,100,75321,753.21,150400
47,2,create_read_destroy,std_shared,asset,100000,1229478,12.29478,65000400000
47,3,copy_read_drop,own_shared,copy,100000,473139,4.73139,2350000
47,4,copy_read_drop,std_shared,copy,100000,1175618,11.75618,2350000
47,5,localize_read_drop,std_shared,group,100000,1212623,12.12623,2350000
47,6,contended_copy_2_workers,std_shared,copy,200000,5708833,28.544165,4700000
47,7,group_setup_then_1_copies,own_local,group,100000,2084703,20.84703,2000000
47,8,share_read_drop,std_shared,handoff,100000,1190060,11.9006,2350000
47,9,weak_lock_live,own_shared,lock,100000,465238,4.65238,2350000
47,10,create_read_destroy,own_shared,asset,100000,1301394,13.01394,65000400000
47,11,group_setup_then_64_copies,own_local,group,1562,163122,104.431498079,2349248
47,12,async_queue_job_1024_local_copies,own_local,job,100,486820,4868.2,2406400
47,13,borrow_read,raw_borrow,read,100000,54541,0.54541,2350000
47,14,scene_4096_attachments,own_local,attachment,98304,149692,1.52274576823,98304
47,15,contended_copy_2_workers,own_shared,copy,200000,2822114,14.11057,4700000
47,16,group_setup_then_64_copies,std_shared,group,1562,1232673,789.163252241,2349248
47,17,async_queue_job_1_local_copies,own_local,job,100,48632,486.32,2000
47,18,resource_lifecycle_64_assets_4096_objects,std_shared,cycle,10,343338,34333.8,17203200
47,19,weak_lock_expired,own_shared,lock,100000,135510,1.3551,0
47,20,async_queue_job_1024_local_copies,std_shared,job,100,1662208,16622.08,2406400
47,21,async_queue_job_64_local_copies,std_shared,job,100,207888,2078.88,150400
47,22,copy_read_drop,own_local,copy,100000,122321,1.22321,2350000
47,23,group_setup_then_8_copies,std_shared,group,12500,1423335,113.8668,2350000
47,24,group_setup_then_8_copies,own_local,group,12500,359502,28.76016,2350000
47,25,group_setup_then_1024_copies,own_local,group,97,268627,2769.35051546,2334208
47,26,scene_4096_attachments,std_shared,attachment,98304,517025,5.25945027669,98304
47,27,frame_4096_draws_64_unique_leases,std_shared,frame,24,88021,3667.54166667,41287680
47,28,resource_lifecycle_64_assets_4096_objects,own_local,cycle,10,290249,29024.9,17203200
47,29,share_read_drop,own_shared,handoff,100000,463956,4.63956,2350000
47,30,group_setup_then_1_copies,std_shared,group,100000,1930845,19.30845,2000000
47,31,async_queue_job_1_local_copies,std_shared,job,100,51326,513.26,2000
47,32,frame_4096_draws_64_unique_leases,own_shared,frame,24,92817,3867.375,41287680
47,33,localize_read_drop,own_local,group,100000,1107728,11.07728,2350000
47,34,weak_lock_live,std_shared,lock,100000,933090,9.3309,2350000
47,35,create_read_destroy,own_local,asset,100000,2203860,22.0386,65000400000
47,36,weak_lock_expired,std_shared,lock,100000,162530,1.6253,0
48,0,frame_4096_draws_64_unique_leases,std_shared,frame,24,89162,3715.08333333,41287680
48,1,frame_4096_draws_64_unique_leases,own_shared,frame,24,88672,3694.66666667,41287680
48,2,async_queue_job_1_local_copies,own_local,job,100,63123,631.23,2000
48,3,localize_read_drop,own_local,group,100000,1117953,11.17953,2350000
48,4,weak_lock_expired,std_shared,lock,100000,162471,1.62471,0
48,5,contended_copy_2_workers,std_shared,copy,200000,4681733,23.408665,4700000
48,6,contended_copy_2_workers,own_shared,copy,200000,2205552,11.02776,4700000
48,7,group_setup_then_1024_copies,own_local,group,97,137503,1417.55670103,2334208
48,8,async_queue_job_1_local_copies,std_shared,job,100,48582,485.82,2000
48,9,scene_4096_attachments,std_shared,attachment,98304,492518,5.01015218099,98304
48,10,resource_lifecycle_64_assets_4096_objects,std_shared,cycle,10,585205,58520.5,17203200
48,11,create_read_destroy,std_shared,asset,100000,1188808,11.88808,65000400000
48,12,weak_lock_expired,own_shared,lock,100000,135530,1.3553,0
48,13,async_queue_job_64_local_copies,std_shared,job,100,230521,2305.21,150400
48,14,async_queue_job_1024_local_copies,own_local,job,100,384429,3844.29,2406400
48,15,localize_read_drop,std_shared,group,100000,1367423,13.67423,2350000
48,16,group_setup_then_1_copies,std_shared,group,100000,1889985,18.89985,2000000
48,17,resource_lifecycle_64_assets_4096_objects,own_local,cycle,10,289488,28948.8,17203200
48,18,copy_read_drop,std_shared,copy,100000,1178112,11.78112,2350000
48,19,copy_read_drop,own_local,copy,100000,122351,1.22351,2350000
48,20,group_setup_then_8_copies,std_shared,group,12500,1257730,100.6184,2350000
48,21,create_read_destroy,own_local,asset,100000,2130922,21.30922,65000400000
48,22,copy_read_drop,own_shared,copy,100000,468623,4.68623,2350000
48,23,create_read_destroy,own_shared,asset,100000,1223299,12.23299,65000400000
48,24,group_setup_then_1024_copies,std_shared,group,97,1167006,12030.9896907,2334208
48,25,share_read_drop,own_shared,handoff,100000,441152,4.41152,2350000
48,26,group_setup_then_8_copies,own_local,group,12500,423536,33.88288,2350000
48,27,async_queue_job_64_local_copies,own_local,job,100,74150,741.5,150400
48,28,async_queue_job_1024_local_copies,std_shared,job,100,1610342,16103.42,2406400
48,29,group_setup_then_64_copies,own_local,group,1562,162380,103.956466069,2349248
48,30,weak_lock_live,std_shared,lock,100000,929855,9.29855,2350000
48,31,share_read_drop,std_shared,handoff,100000,1228698,12.28698,2350000
48,32,weak_lock_live,own_shared,lock,100000,449916,4.49916,2350000
48,33,scene_4096_attachments,own_local,attachment,98304,159576,1.62329101562,98304
48,34,borrow_read,raw_borrow,read,100000,54330,0.5433,2350000
48,35,group_setup_then_64_copies,std_shared,group,1562,1157982,741.345710627,2349248
48,36,group_setup_then_1_copies,own_local,group,100000,1934921,19.34921,2000000
49,0,weak_lock_live,std_shared,lock,100000,926590,9.2659,2350000
49,1,scene_4096_attachments,own_local,attachment,98304,145535,1.48045857747,98304
49,2,async_queue_job_1_local_copies,std_shared,job,100,57936,579.36,2000
49,3,share_read_drop,std_shared,handoff,100000,1163250,11.6325,2350000
49,4,borrow_read,raw_borrow,read,100000,54201,0.54201,2350000
49,5,group_setup_then_1024_copies,std_shared,group,97,1167877,12039.9690722,2334208
49,6,copy_read_drop,std_shared,copy,100000,1454411,14.54411,2350000
49,7,create_read_destroy,std_shared,asset,100000,1190240,11.9024,65000400000
49,8,copy_read_drop,own_local,copy,100000,121290,1.2129,2350000
49,9,group_setup_then_1_copies,own_local,group,100000,2225601,22.25601,2000000
49,10,frame_4096_draws_64_unique_leases,own_shared,frame,24,102040,4251.66666667,41287680
49,11,group_setup_then_1_copies,std_shared,group,100000,1877196,18.77196,2000000
49,12,async_queue_job_64_local_copies,std_shared,job,100,184383,1843.83,150400
49,13,group_setup_then_1024_copies,own_local,group,97,266233,2744.67010309,2334208
49,14,create_read_destroy,own_shared,asset,100000,1236989,12.36989,65000400000
49,15,localize_read_drop,std_shared,group,100000,1164001,11.64001,2350000
49,16,scene_4096_attachments,std_shared,attachment,98304,507270,5.16021728516,98304
49,17,copy_read_drop,own_shared,copy,100000,455413,4.55413,2350000
49,18,contended_copy_2_workers,own_shared,copy,200000,2639343,13.196715,4700000
49,19,share_read_drop,own_shared,handoff,100000,441523,4.41523,2350000
49,20,weak_lock_expired,own_shared,lock,100000,135481,1.35481,0
49,21,group_setup_then_8_copies,own_local,group,12500,347694,27.81552,2350000
49,22,frame_4096_draws_64_unique_leases,std_shared,frame,24,155680,6486.66666667,41287680
49,23,create_read_destroy,own_local,asset,100000,2157481,21.57481,65000400000
49,24,async_queue_job_1024_local_copies,own_local,job,100,396777,3967.77,2406400
49,25,contended_copy_2_workers,std_shared,copy,200000,4667362,23.33681,4700000
49,26,resource_lifecycle_64_assets_4096_objects,own_local,cycle,10,239374,23937.4,17203200
49,27,weak_lock_expired,std_shared,lock,100000,168679,1.68679,0
49,28,group_setup_then_64_copies,std_shared,group,1562,1238492,792.888604353,2349248
49,29,async_queue_job_1_local_copies,own_local,job,100,49092,490.92,2000
49,30,group_setup_then_64_copies,own_local,group,1562,164854,105.540332907,2349248
49,31,async_queue_job_64_local_copies,own_local,job,100,64575,645.75,150400
49,32,async_queue_job_1024_local_copies,std_shared,job,100,1593677,15936.77,2406400
49,33,group_setup_then_8_copies,std_shared,group,12500,1251581,100.12648,2350000
49,34,resource_lifecycle_64_assets_4096_objects,std_shared,cycle,10,336848,33684.8,17203200
49,35,weak_lock_live,own_shared,lock,100000,479259,4.79259,2350000
49,36,localize_read_drop,own_local,group,100000,1040629,10.40629,2350000
50,0,share_read_drop,own_shared,handoff,100000,442625,4.42625,2350000
50,1,localize_read_drop,own_local,group,100000,1077534,10.77534,2350000
50,2,group_setup_then_8_copies,own_local,group,12500,346592,27.72736,2350000
50,3,weak_lock_expired,own_shared,lock,100000,135590,1.3559,0
50,4,group_setup_then_8_copies,std_shared,group,12500,1319131,105.53048,2350000
50,5,async_queue_job_64_local_copies,own_local,job,100,59437,594.37,150400
50,6,async_queue_job_1_local_copies,own_local,job,100,29644,296.44,2000
50,7,copy_read_drop,std_shared,copy,100000,1167317,11.67317,2350000
50,8,frame_4096_draws_64_unique_leases,std_shared,frame,24,89101,3712.54166667,41287680
50,9,create_read_destroy,std_shared,asset,100000,1270088,12.70088,65000400000
50,10,create_read_destroy,own_local,asset,100000,2132714,21.32714,65000400000
50,11,async_queue_job_64_local_copies,std_shared,job,100,211343,2113.43,150400
50,12,async_queue_job_1_local_copies,std_shared,job,100,29985,299.85,2000
50,13,share_read_drop,std_shared,handoff,100000,1174888,11.74888,2350000
50,14,resource_lifecycle_64_assets_4096_objects,own_local,cycle,10,238813,23881.3,17203200
50,15,scene_4096_attachments,own_local,attachment,98304,157262,1.59975179036,98304
50,16,contended_copy_2_workers,std_shared,copy,200000,4600333,23.001665,4700000
50,17,group_setup_then_64_copies,own_local,group,1562,162420,103.982074264,2349248
50,18,localize_read_drop,std_shared,group,100000,1352821,13.52821,2350000
50,19,create_read_destroy,own_shared,asset,100000,1212704,12.12704,65000400000
50,20,group_setup_then_64_copies,std_shared,group,1562,1373241,879.155569782,2349248
50,21,group_setup_then_1024_copies,std_shared,group,97,1169149,12053.0824742,2334208
50,22,copy_read_drop,own_local,copy,100000,137573,1.37573,2350000
50,23,resource_lifecycle_64_assets_4096_objects,std_shared,cycle,10,337278,33727.8,17203200
50,24,async_queue_job_1024_local_copies,std_shared,job,100,1671773,16717.73,2406400
50,25,group_setup_then_1_copies,own_local,group,100000,1852990,18.5299,2000000
50,26,copy_read_drop,own_shared,copy,100000,618494,6.18494,2350000
50,27,borrow_read,raw_borrow,read,100000,54351,0.54351,2350000
50,28,scene_4096_attachments,std_shared,attachment,98304,538897,5.48194376628,98304
50,29,weak_lock_live,own_shared,lock,100000,513339,5.13339,2350000
50,30,group_setup_then_1_copies,std_shared,group,100000,1948301,19.48301,2000000
50,31,weak_lock_live,std_shared,lock,100000,913541,9.13541,2350000
50,32,weak_lock_expired,std_shared,lock,100000,162660,1.6266,0
50,33,async_queue_job_1024_local_copies,own_local,job,100,449054,4490.54,2406400
50,34,group_setup_then_1024_copies,own_local,group,97,136502,1407.2371134,2334208
50,35,frame_4096_draws_64_unique_leases,own_shared,frame,24,90995,3791.45833333,41287680
50,36,contended_copy_2_workers,own_shared,copy,200000,2815534,14.07767,4700000
51,0,group_setup_then_1_copies,std_shared,group,100000,1876375,18.76375,2000000
51,1,weak_lock_expired,std_shared,lock,100000,217352,2.17352,0
51,2,copy_read_drop,own_local,copy,100000,121309,1.21309,2350000
51,3,create_read_destroy,own_shared,asset,100000,1267665,12.67665,65000400000
51,4,resource_lifecycle_64_assets_4096_objects,std_shared,cycle,10,351580,35158,17203200
51,5,localize_read_drop,own_local,group,100000,1046298,10.46298,2350000
51,6,group_setup_then_8_copies,std_shared,group,12500,1240855,99.2684,2350000
51,7,resource_lifecycle_64_assets_4096_objects,own_local,cycle,10,226224,22622.4,17203200
51,8,borrow_read,raw_borrow,read,100000,54210,0.5421,2350000
51,9,weak_lock_live,own_shared,lock,100000,478498,4.78498,2350000
51,10,share_read_drop,own_shared,handoff,100000,442725,4.42725,2350000
51,11,group_setup_then_8_copies,own_local,group,12500,334014,26.72112,2350000
51,12,scene_4096_attachments,std_shared,attachment,98304,511526,5.20351155599,98304
51,13,create_read_destroy,own_local,asset,100000,2107927,21.07927,65000400000
51,14,group_setup_then_1024_copies,own_local,group,97,195078,2011.11340206,2334208
51,15,async_queue_job_1024_local_copies,own_local,job,100,445438,4454.38,2406400
51,16,weak_lock_live,std_shared,lock,100000,904818,9.04818,2350000
51,17,copy_read_drop,std_shared,copy,100000,1168027,11.68027,2350000
51,18,async_queue_job_1_local_copies,own_local,job,100,60009,600.09,2000
51,19,async_queue_job_64_local_copies,std_shared,job,100,202940,2029.4,150400
51,20,async_queue_job_64_local_copies,own_local,job,100,40671,406.71,150400
51,21,group_setup_then_1_copies,own_local,group,100000,2028380,20.2838,2000000
51,22,copy_read_drop,own_shared,copy,100000,472239,4.72239,2350000
51,23,frame_4096_draws_64_unique_leases,own_shared,frame,24,90204,3758.5,41287680
51,24,group_setup_then_1024_copies,std_shared,group,97,1312761,13533.6185567,2334208
51,25,group_setup_then_64_copies,own_local,group,1562,163842,104.892445583,2349248
51,26,weak_lock_expired,own_shared,lock,100000,137754,1.37754,0
51,27,localize_read_drop,std_shared,group,100000,1352671,13.52671,2350000
51,28,async_queue_job_1024_local_copies,std_shared,job,100,1728417,17284.17,2406400
51,29,scene_4096_attachments,own_local,attachment,98304,145536,1.48046875,98304
51,30,contended_copy_2_workers,own_shared,copy,200000,1914562,9.57281,4700000
51,31,create_read_destroy,std_shared,asset,100000,1382785,13.82785,65000400000
51,32,contended_copy_2_workers,std_shared,copy,200000,5175894,25.87947,4700000
51,33,async_queue_job_1_local_copies,std_shared,job,100,49413,494.13,2000
51,34,group_setup_then_64_copies,std_shared,group,1562,1357668,869.185659411,2349248
51,35,share_read_drop,std_shared,handoff,100000,1274214,12.74214,2350000
51,36,frame_4096_draws_64_unique_leases,std_shared,frame,24,91215,3800.625,41287680
52,0,group_setup_then_1024_copies,own_local,group,97,137624,1418.80412371,2334208
52,1,frame_4096_draws_64_unique_leases,std_shared,frame,24,87970,3665.41666667,41287680
52,2,group_setup_then_8_copies,own_local,group,12500,331861,26.54888,2350000
52,3,group_setup_then_8_copies,std_shared,group,12500,1263910,101.1128,2350000
52,4,contended_copy_2_workers,std_shared,copy,200000,5191147,25.955735,4700000
52,5,frame_4096_draws_64_unique_leases,own_shared,frame,24,91866,3827.75,41287680
52,6,group_setup_then_1_copies,std_shared,group,100000,2113666,21.13666,2000000
52,7,group_setup_then_64_copies,own_local,group,1562,207948,133.129321383,2349248
52,8,group_setup_then_1024_copies,std_shared,group,97,1185683,12223.5360825,2334208
52,9,borrow_read,raw_borrow,read,100000,54350,0.5435,2350000
52,10,async_queue_job_1_local_copies,std_shared,job,100,66148,661.48,2000
52,11,resource_lifecycle_64_assets_4096_objects,own_local,cycle,10,250591,25059.1,17203200
52,12,async_queue_job_64_local_copies,own_local,job,100,58056,580.56,150400
52,13,create_read_destroy,std_shared,asset,100000,1124793,11.24793,65000400000
52,14,weak_lock_live,own_shared,lock,100000,449795,4.49795,2350000
52,15,localize_read_drop,std_shared,group,100000,1272672,12.72672,2350000
52,16,share_read_drop,own_shared,handoff,100000,442174,4.42174,2350000
52,17,localize_read_drop,own_local,group,100000,1104744,11.04744,2350000
52,18,create_read_destroy,own_local,asset,100000,2201495,22.01495,65000400000
52,19,async_queue_job_1024_local_copies,std_shared,job,100,1600557,16005.57,2406400
52,20,weak_lock_live,std_shared,lock,100000,969764,9.69764,2350000
52,21,contended_copy_2_workers,own_shared,copy,200000,2643550,13.21775,4700000
52,22,async_queue_job_64_local_copies,std_shared,job,100,217302,2173.02,150400
52,23,weak_lock_expired,std_shared,lock,100000,162550,1.6255,0
52,24,async_queue_job_1024_local_copies,own_local,job,100,363408,3634.08,2406400
52,25,copy_read_drop,own_local,copy,100000,137384,1.37384,2350000
52,26,async_queue_job_1_local_copies,own_local,job,100,45197,451.97,2000
52,27,weak_lock_expired,own_shared,lock,100000,135611,1.35611,0
52,28,scene_4096_attachments,own_local,attachment,98304,146287,1.48810831706,98304
52,29,copy_read_drop,own_shared,copy,100000,455293,4.55293,2350000
52,30,group_setup_then_64_copies,std_shared,group,1562,1176531,753.220870679,2349248
52,31,resource_lifecycle_64_assets_4096_objects,std_shared,cycle,10,338090,33809,17203200
52,32,share_read_drop,std_shared,handoff,100000,1200695,12.00695,2350000
52,33,group_setup_then_1_copies,own_local,group,100000,1903776,19.03776,2000000
52,34,scene_4096_attachments,std_shared,attachment,98304,493139,5.01646931966,98304
52,35,create_read_destroy,own_shared,asset,100000,1261145,12.61145,65000400000
52,36,copy_read_drop,std_shared,copy,100000,1162650,11.6265,2350000
53,0,async_queue_job_64_local_copies,std_shared,job,100,222188,2221.88,150400
53,1,group_setup_then_1_copies,std_shared,group,100000,1858518,18.58518,2000000
53,2,copy_read_drop,own_shared,copy,100000,455123,4.55123,2350000
53,3,create_read_destroy,own_shared,asset,100000,1249248,12.49248,65000400000
53,4,group_setup_then_1024_copies,std_shared,group,97,1227976,12659.5463918,2334208
53,5,scene_4096_attachments,std_shared,attachment,98304,492709,5.01209513346,98304
53,6,weak_lock_live,std_shared,lock,100000,907011,9.07011,2350000
53,7,async_queue_job_1024_local_copies,own_local,job,100,439540,4395.4,2406400
53,8,group_setup_then_64_copies,own_local,group,1562,167567,107.277208707,2349248
53,9,scene_4096_attachments,own_local,attachment,98304,144965,1.47466023763,98304
53,10,resource_lifecycle_64_assets_4096_objects,own_local,cycle,10,283309,28330.9,17203200
53,11,share_read_drop,own_shared,handoff,100000,482794,4.82794,2350000
53,12,copy_read_drop,own_local,copy,100000,121299,1.21299,2350000
53,13,create_read_destroy,own_local,asset,100000,2114427,21.14427,65000400000
53,14,resource_lifecycle_64_assets_4096_objects,std_shared,cycle,10,336257,33625.7,17203200
53,15,weak_lock_live,own_shared,lock,100000,478397,4.78397,2350000
53,16,share_read_drop,std_shared,handoff,100000,1233924,12.33924,2350000
53,17,async_queue_job_64_local_copies,own_local,job,100,75501,755.01,150400
53,18,async_queue_job_1_local_copies,std_shared,job,100,33710,337.1,2000
53,19,contended_copy_2_workers,std_shared,copy,200000,4451593,22.257965,4700000
53,20,borrow_read,raw_borrow,read,100000,54361,0.54361,2350000
53,21,async_queue_job_1_local_copies,own_local,job,100,56073,560.73,2000
53,22,weak_lock_expired,std_shared,lock,100000,162630,1.6263,0
53,23,weak_lock_expired,own_shared,lock,100000,135421,1.35421,0
53,24,contended_copy_2_workers,own_shared,copy,200000,2571603,12.858015,4700000
53,25,group_setup_then_1024_copies,own_local,group,97,139025,1433.24742268,2334208
53,26,frame_4096_draws_64_unique_leases,own_shared,frame,24,91736,3822.33333333,41287680
53,27,localize_read_drop,own_local,group,100000,1070513,10.70513,2350000
53,28,async_queue_job_1024_local_copies,std_shared,job,100,1593907,15939.07,2406400
53,29,group_setup_then_1_copies,own_local,group,100000,1830337,18.30337,2000000
53,30,group_setup_then_8_copies,own_local,group,12500,416596,33.32768,2350000
53,31,localize_read_drop,std_shared,group,100000,1170201,11.70201,2350000
53,32,group_setup_then_64_copies,std_shared,group,1562,1180746,755.919334187,2349248
53,33,frame_4096_draws_64_unique_leases,std_shared,frame,24,102882,4286.75,41287680
53,34,copy_read_drop,std_shared,copy,100000,1315095,13.15095,2350000
53,35,group_setup_then_8_copies,std_shared,group,12500,1315055,105.2044,2350000
53,36,create_read_destroy,std_shared,asset,100000,1115209,11.15209,65000400000
54,0,weak_lock_expired,std_shared,lock,100000,162521,1.62521,0
54,1,create_read_destroy,std_shared,asset,100000,1123772,11.23772,65000400000
54,2,group_setup_then_1_copies,own_local,group,100000,2041809,20.41809,2000000
54,3,group_setup_then_64_copies,std_shared,group,1562,1280463,819.758642766,2349248
54,4,frame_4096_draws_64_unique_leases,std_shared,frame,24,89453,3727.20833333,41287680
54,5,async_queue_job_1024_local_copies,own_local,job,100,390738,3907.38,2406400
54,6,async_queue_job_1024_local_copies,std_shared,job,100,1633666,16336.66,2406400
54,7,contended_copy_2_workers,own_shared,copy,200000,1849195,9.245975,4700000
54,8,resource_lifecycle_64_assets_4096_objects,std_shared,cycle,10,339652,33965.2,17203200
54,9,weak_lock_expired,own_shared,lock,100000,135471,1.35471,0
54,10,copy_read_drop,std_shared,copy,100000,1161598,11.61598,2350000
54,11,group_setup_then_8_copies,std_shared,group,12500,1357257,108.58056,2350000
54,12,async_queue_job_1_local_copies,own_local,job,100,49414,494.14,2000
54,13,weak_lock_live,std_shared,lock,100000,1056672,10.56672,2350000
54,14,group_setup_then_8_copies,own_local,group,12500,330929,26.47432,2350000
54,15,group_setup_then_1_copies,std_shared,group,100000,1854513,18.54513,2000000
54,16,localize_read_drop,own_local,group,100000,1203770,12.0377,2350000
54,17,group_setup_then_1024_copies,own_local,group,97,180217,1857.90721649,2334208
54,18,copy_read_drop,own_shared,copy,100000,474101,4.74101,2350000
54,19,scene_4096_attachments,std_shared,attachment,98304,493971,5.02493286133,98304
54,20,async_queue_job_64_local_copies,own_local,job,100,99507,995.07,150400
54,21,group_setup_then_64_copies,own_local,group,1562,177383,113.561459667,2349248
54,22,create_read_destroy,own_shared,asset,100000,1230920,12.3092,65000400000
54,23,scene_4096_attachments,own_local,attachment,98304,147108,1.49645996094,98304
54,24,localize_read_drop,std_shared,group,100000,1434622,14.34622,2350000
54,25,contended_copy_2_workers,std_shared,copy,200000,5215082,26.07541,4700000
54,26,create_read_destroy,own_local,asset,100000,2130441,21.30441,65000400000
54,27,share_read_drop,std_shared,handoff,100000,1256108,12.56108,2350000
54,28,async_queue_job_1_local_copies,std_shared,job,100,54541,545.41,2000
54,29,async_queue_job_64_local_copies,std_shared,job,100,172024,1720.24,150400
54,30,borrow_read,raw_borrow,read,100000,54360,0.5436,2350000
54,31,frame_4096_draws_64_unique_leases,own_shared,frame,24,93358,3889.91666667,41287680
54,32,resource_lifecycle_64_assets_4096_objects,own_local,cycle,10,266334,26633.4,17203200
54,33,share_read_drop,own_shared,handoff,100000,441293,4.41293,2350000
54,34,weak_lock_live,own_shared,lock,100000,466209,4.66209,2350000
54,35,group_setup_then_1024_copies,std_shared,group,97,1170281,12064.7525773,2334208
54,36,copy_read_drop,own_local,copy,100000,122181,1.22181,2350000
55,0,group_setup_then_8_copies,std_shared,group,12500,1246453,99.71624,2350000
55,1,copy_read_drop,own_local,copy,100000,121830,1.2183,2350000
55,2,copy_read_drop,own_shared,copy,100000,467081,4.67081,2350000
55,3,resource_lifecycle_64_assets_4096_objects,std_shared,cycle,10,335135,33513.5,17203200
55,4,localize_read_drop,std_shared,group,100000,1562601,15.62601,2350000
55,5,scene_4096_attachments,own_local,attachment,98304,145505,1.48015340169,98304
55,6,contended_copy_2_workers,own_shared,copy,200000,2533236,12.66618,4700000
55,7,resource_lifecycle_64_assets_4096_objects,own_local,cycle,10,260486,26048.6,17203200
55,8,async_queue_job_1024_local_copies,std_shared,job,100,1619164,16191.64,2406400
55,9,weak_lock_live,own_shared,lock,100000,467712,4.67712,2350000
55,10,weak_lock_expired,std_shared,lock,100000,162490,1.6249,0
55,11,create_read_destroy,own_local,asset,100000,2211541,22.11541,65000400000
55,12,async_queue_job_1024_local_copies,own_local,job,100,392921,3929.21,2406400
55,13,create_read_destroy,std_shared,asset,100000,1385519,13.85519,65000400000
55,14,group_setup_then_64_copies,std_shared,group,1562,1414702,905.699103713,2349248
55,15,copy_read_drop,std_shared,copy,100000,1207226,12.07226,2350000
55,16,scene_4096_attachments,std_shared,attachment,98304,592066,6.02280680339,98304
55,17,group_setup_then_1_copies,own_local,group,100000,1867292,18.67292,2000000
55,18,frame_4096_draws_64_unique_leases,std_shared,frame,24,88200,3675,41287680
55,19,async_queue_job_1_local_copies,std_shared,job,100,39328,393.28,2000
55,20,share_read_drop,own_shared,handoff,100000,458157,4.58157,2350000
55,21,group_setup_then_1024_copies,own_local,group,97,137954,1422.20618557,2334208
55,22,async_queue_job_64_local_copies,own_local,job,100,73168,731.68,150400
55,23,group_setup_then_8_copies,own_local,group,12500,334404,26.75232,2350000
55,24,frame_4096_draws_64_unique_leases,own_shared,frame,24,89162,3715.08333333,41287680
55,25,create_read_destroy,own_shared,asset,100000,1238542,12.38542,65000400000
55,26,weak_lock_expired,own_shared,lock,100000,148750,1.4875,0
55,27,async_queue_job_64_local_copies,std_shared,job,100,212775,2127.75,150400
55,28,contended_copy_2_workers,std_shared,copy,200000,4263215,21.316075,4700000
55,29,group_setup_then_1_copies,std_shared,group,100000,1932368,19.32368,2000000
55,30,group_setup_then_1024_copies,std_shared,group,97,1178713,12151.6804124,2334208
55,31,borrow_read,raw_borrow,read,100000,54611,0.54611,2350000
55,32,share_read_drop,std_shared,handoff,100000,1447981,14.47981,2350000
55,33,group_setup_then_64_copies,own_local,group,1562,169841,108.733034571,2349248
55,34,async_queue_job_1_local_copies,own_local,job,100,64355,643.55,2000
55,35,localize_read_drop,own_local,group,100000,1123772,11.23772,2350000
55,36,weak_lock_live,std_shared,lock,100000,937987,9.37987,2350000
56,0,async_queue_job_1_local_copies,own_local,job,100,51096,510.96,2000
56,1,group_setup_then_64_copies,std_shared,group,1562,1241556,794.850192061,2349248
56,2,scene_4096_attachments,std_shared,attachment,98304,510064,5.18863932292,98304
56,3,share_read_drop,std_shared,handoff,100000,1178062,11.78062,2350000
56,4,create_read_destroy,own_local,asset,100000,2108468,21.08468,65000400000
56,5,create_read_destroy,std_shared,asset,100000,1097473,10.97473,65000400000
56,6,group_setup_then_1024_copies,std_shared,group,97,1143301,11786.6082474,2334208
56,7,copy_read_drop,std_shared,copy,100000,1170611,11.70611,2350000
56,8,weak_lock_live,std_shared,lock,100000,904988,9.04988,2350000
56,9,group_setup_then_64_copies,own_local,group,1562,194888,124.768245839,2349248
56,10,group_setup_then_8_copies,std_shared,group,12500,1252522,100.20176,2350000
56,11,localize_read_drop,std_shared,group,100000,1181227,11.81227,2350000
56,12,async_queue_job_1024_local_copies,std_shared,job,100,1647507,16475.07,2406400
56,13,copy_read_drop,own_shared,copy,100000,455073,4.55073,2350000
56,14,weak_lock_expired,std_shared,lock,100000,162601,1.62601,0
56,15,group_setup_then_1_copies,own_local,group,100000,2198862,21.98862,2000000
56,16,async_queue_job_1_local_copies,std_shared,job,100,110914,1109.14,2000
56,17,borrow_read,raw_borrow,read,100000,54320,0.5432,2350000
56,18,group_setup_then_1024_copies,own_local,group,97,136742,1409.71134021,2334208
56,19,group_setup_then_8_copies,own_local,group,12500,330298,26.42384,2350000
56,20,frame_4096_draws_64_unique_leases,own_shared,frame,24,92527,3855.29166667,41287680
56,21,localize_read_drop,own_local,group,100000,1070694,10.70694,2350000
56,22,create_read_destroy,own_shared,asset,100000,1230650,12.3065,65000400000
56,23,group_setup_then_1_copies,std_shared,group,100000,1865659,18.65659,2000000
56,24,async_queue_job_1024_local_copies,own_local,job,100,422945,4229.45,2406400
56,25,resource_lifecycle_64_assets_4096_objects,own_local,cycle,10,241357,24135.7,17203200
56,26,copy_read_drop,own_local,copy,100000,122391,1.22391,2350000
56,27,weak_lock_expired,own_shared,lock,100000,308266,3.08266,0
56,28,resource_lifecycle_64_assets_4096_objects,std_shared,cycle,10,507991,50799.1,17203200
56,29,contended_copy_2_workers,std_shared,copy,200000,4802893,24.014465,4700000
56,30,share_read_drop,own_shared,handoff,100000,442254,4.42254,2350000
56,31,async_queue_job_64_local_copies,own_local,job,100,75972,759.72,150400
56,32,contended_copy_2_workers,own_shared,copy,200000,1875103,9.375515,4700000
56,33,scene_4096_attachments,own_local,attachment,98304,148379,1.50938924154,98304
56,34,async_queue_job_64_local_copies,std_shared,job,100,259514,2595.14,150400
56,35,weak_lock_live,own_shared,lock,100000,450516,4.50516,2350000
56,36,frame_4096_draws_64_unique_leases,std_shared,frame,24,90083,3753.45833333,41287680
57,0,scene_4096_attachments,std_shared,attachment,98304,519959,5.2892964681,98304
57,1,create_read_destroy,own_local,asset,100000,2292901,22.92901,65000400000
57,2,create_read_destroy,own_shared,asset,100000,1279052,12.79052,65000400000
57,3,share_read_drop,own_shared,handoff,100000,485008,4.85008,2350000
57,4,group_setup_then_1_copies,own_local,group,100000,1841934,18.41934,2000000
57,5,group_setup_then_1024_copies,std_shared,group,97,1151072,11866.7216495,2334208
57,6,resource_lifecycle_64_assets_4096_objects,own_local,cycle,10,240005,24000.5,17203200
57,7,async_queue_job_64_local_copies,own_local,job,100,72347,723.47,150400
57,8,frame_4096_draws_64_unique_leases,std_shared,frame,24,88681,3695.04166667,41287680
57,9,weak_lock_expired,own_shared,lock,100000,135620,1.3562,0
57,10,contended_copy_2_workers,std_shared,copy,200000,4032193,20.160965,4700000
57,11,borrow_read,raw_borrow,read,100000,54230,0.5423,2350000
57,12,share_read_drop,std_shared,handoff,100000,1201908,12.01908,2350000
57,13,copy_read_drop,own_local,copy,100000,122671,1.22671,2350000
57,14,group_setup_then_64_copies,std_shared,group,1562,1157001,740.717669654,2349248
57,15,create_read_destroy,std_shared,asset,100000,1094989,10.94989,65000400000
57,16,localize_read_drop,own_local,group,100000,1163901,11.63901,2350000
57,17,group_setup_then_1024_copies,own_local,group,97,137122,1413.62886598,2334208
57,18,group_setup_then_8_copies,std_shared,group,12500,1256298,100.50384,2350000
57,19,copy_read_drop,own_shared,copy,100000,454932,4.54932,2350000
57,20,group_setup_then_64_copies,own_local,group,1562,168208,107.687580026,2349248
57,21,resource_lifecycle_64_assets_4096_objects,std_shared,cycle,10,361364,36136.4,17203200
57,22,weak_lock_expired,std_shared,lock,100000,162550,1.6255,0
57,23,async_queue_job_1024_local_copies,std_shared,job,100,1632124,16321.24,2406400
57,24,localize_read_drop,std_shared,group,100000,1172855,11.72855,2350000
57,25,async_queue_job_1_local_copies,own_local,job,100,39068,390.68,2000
57,26,group_setup_then_1_copies,std_shared,group,100000,2248896,22.48896,2000000
57,27,scene_4096_attachments,own_local,attachment,98304,147608,1.50154622396,98304
57,28,copy_read_drop,std_shared,copy,100000,1168478,11.68478,2350000
57,29,group_setup_then_8_copies,own_local,group,12500,347924,27.83392,2350000
57,30,contended_copy_2_workers,own_shared,copy,200000,2641176,13.20588,4700000
57,31,frame_4096_draws_64_unique_leases,own_shared,frame,24,143292,5970.5,41287680
57,32,weak_lock_live,std_shared,lock,100000,920461,9.20461,2350000
57,33,async_queue_job_64_local_copies,std_shared,job,100,208578,2085.78,150400
57,34,async_queue_job_1024_local_copies,own_local,job,100,443266,4432.66,2406400
57,35,async_queue_job_1_local_copies,std_shared,job,100,25368,253.68,2000
57,36,weak_lock_live,own_shared,lock,100000,449965,4.49965,2350000
58,0,group_setup_then_1_copies,own_local,group,100000,1942313,19.42313,2000000
58,1,share_read_drop,own_shared,handoff,100000,523825,5.23825,2350000
58,2,group_setup_then_64_copies,own_local,group,1562,165254,105.796414853,2349248
58,3,frame_4096_draws_64_unique_leases,std_shared,frame,24,90674,3778.08333333,41287680
58,4,group_setup_then_8_copies,std_shared,group,12500,1247095,99.7676,2350000
58,5,async_queue_job_1_local_copies,own_local,job,100,40971,409.71,2000
58,6,weak_lock_expired,own_shared,lock,100000,150393,1.50393,0
58,7,resource_lifecycle_64_assets_4096_objects,std_shared,cycle,10,338350,33835,17203200
58,8,group_setup_then_8_copies,own_local,group,12500,382055,30.5644,2350000
58,9,async_queue_job_64_local_copies,std_shared,job,100,203581,2035.81,150400
58,10,copy_read_drop,own_shared,copy,100000,489624,4.89624,2350000
58,11,scene_4096_attachments,std_shared,attachment,98304,492508,5.01005045573,98304
58,12,async_queue_job_1024_local_copies,std_shared,job,100,1624612,16246.12,2406400
58,13,borrow_read,raw_borrow,read,100000,54341,0.54341,2350000
58,14,async_queue_job_1024_local_copies,own_local,job,100,405540,4055.4,2406400
58,15,create_read_destroy,own_local,asset,100000,2444745,24.44745,65000400000
58,16,group_setup_then_64_copies,std_shared,group,1562,1158603,741.743277849,2349248
58,17,weak_lock_expired,std_shared,lock,100000,239384,2.39384,0
58,18,resource_lifecycle_64_assets_4096_objects,own_local,cycle,10,253505,25350.5,17203200
58,19,contended_copy_2_workers,std_shared,copy,200000,4391044,21.95522,4700000
58,20,create_read_destroy,std_shared,asset,100000,1130682,11.30682,65000400000
58,21,copy_read_drop,std_shared,copy,100000,1161077,11.61077,2350000
58,22,frame_4096_draws_64_unique_leases,own_shared,frame,24,91255,3802.29166667,41287680
58,23,async_queue_job_1_local_copies,std_shared,job,100,106077,1060.77,2000
58,24,group_setup_then_1_copies,std_shared,group,100000,1934591,19.34591,2000000
58,25,group_setup_then_1024_copies,std_shared,group,97,1228307,12662.9587629,2334208
58,26,group_setup_then_1024_copies,own_local,group,97,137594,1418.49484536,2334208
58,27,scene_4096_attachments,own_local,attachment,98304,145185,1.47689819336,98304
58,28,localize_read_drop,own_local,group,100000,1131203,11.31203,2350000
58,29,share_read_drop,std_shared,handoff,100000,1170571,11.70571,2350000
58,30,copy_read_drop,own_local,copy,100000,121620,1.2162,2350000
58,31,weak_lock_live,own_shared,lock,100000,525657,5.25657,2350000
58,32,contended_copy_2_workers,own_shared,copy,200000,1879620,9.3981,4700000
58,33,weak_lock_live,std_shared,lock,100000,953170,9.5317,2350000
58,34,async_queue_job_64_local_copies,own_local,job,100,74590,745.9,150400
58,35,create_read_destroy,own_shared,asset,100000,1254536,12.54536,65000400000
58,36,localize_read_drop,std_shared,group,100000,1258871,12.58871,2350000
59,0,async_queue_job_64_local_copies,std_shared,job,100,171133,1711.33,150400
59,1,copy_read_drop,own_shared,copy,100000,455273,4.55273,2350000
59,2,weak_lock_live,std_shared,lock,100000,919220,9.1922,2350000
59,3,group_setup_then_1024_copies,own_local,group,97,136972,1412.08247423,2334208
59,4,group_setup_then_64_copies,std_shared,group,1562,1278000,818.181818182,2349248
59,5,create_read_destroy,own_local,asset,100000,2109629,21.09629,65000400000
59,6,group_setup_then_8_copies,own_local,group,12500,351129,28.09032,2350000
59,7,copy_read_drop,std_shared,copy,100000,1173546,11.73546,2350000
59,8,resource_lifecycle_64_assets_4096_objects,std_shared,cycle,10,340153,34015.3,17203200
59,9,async_queue_job_1024_local_copies,own_local,job,100,384529,3845.29,2406400
59,10,group_setup_then_64_copies,own_local,group,1562,163632,104.758002561,2349248
59,11,scene_4096_attachments,own_local,attachment,98304,145715,1.48228963216,98304
59,12,contended_copy_2_workers,own_shared,copy,200000,2409463,12.047315,4700000
59,13,share_read_drop,std_shared,handoff,100000,1193446,11.93446,2350000
59,14,localize_read_drop,own_local,group,100000,1077093,10.77093,2350000
59,15,localize_read_drop,std_shared,group,100000,1166205,11.66205,2350000
59,16,async_queue_job_1024_local_copies,std_shared,job,100,1744149,17441.49,2406400
59,17,weak_lock_expired,own_shared,lock,100000,135490,1.3549,0
59,18,async_queue_job_1_local_copies,std_shared,job,100,35513,355.13,2000
59,19,create_read_destroy,std_shared,asset,100000,1096652,10.96652,65000400000
59,20,contended_copy_2_workers,std_shared,copy,200000,5048055,25.240275,4700000
59,21,frame_4096_draws_64_unique_leases,std_shared,frame,24,90344,3764.33333333,41287680
59,22,group_setup_then_8_copies,std_shared,group,12500,1280614,102.44912,2350000
59,23,borrow_read,raw_borrow,read,100000,54240,0.5424,2350000
59,24,async_queue_job_1_local_copies,own_local,job,100,47741,477.41,2000
59,25,weak_lock_expired,std_shared,lock,100000,393943,3.93943,0
59,26,create_read_destroy,own_shared,asset,100000,1234746,12.34746,65000400000
59,27,resource_lifecycle_64_assets_4096_objects,own_local,cycle,10,284581,28458.1,17203200
59,28,scene_4096_attachments,std_shared,attachment,98304,722659,7.35126749674,98304
59,29,group_setup_then_1024_copies,std_shared,group,97,1236929,12751.8453608,2334208
59,30,group_setup_then_1_copies,std_shared,group,100000,1862285,18.62285,2000000
59,31,frame_4096_draws_64_unique_leases,own_shared,frame,24,90864,3786,41287680
59,32,group_setup_then_1_copies,own_local,group,100000,2337186,23.37186,2000000
59,33,share_read_drop,own_shared,handoff,100000,444357,4.44357,2350000
59,34,async_queue_job_64_local_copies,own_local,job,100,68792,687.92,150400
59,35,weak_lock_live,own_shared,lock,100000,467261,4.67261,2350000
59,36,copy_read_drop,own_local,copy,100000,121590,1.2159,2350000
60,0,async_queue_job_1_local_copies,std_shared,job,100,49203,492.03,2000
60,1,group_setup_then_1024_copies,std_shared,group,97,1164593,12006.1134021,2334208
60,2,resource_lifecycle_64_assets_4096_objects,own_local,cycle,10,232754,23275.4,17203200
60,3,contended_copy_2_workers,own_shared,copy,200000,2391717,11.958585,4700000
60,4,share_read_drop,own_shared,handoff,100000,476715,4.76715,2350000
60,5,create_read_destroy,own_shared,asset,100000,1223299,12.23299,65000400000
60,6,create_read_destroy,std_shared,asset,100000,1121058,11.21058,65000400000
60,7,frame_4096_draws_64_unique_leases,own_shared,frame,24,125495,5228.95833333,41287680
60,8,async_queue_job_64_local_copies,own_local,job,100,79438,794.38,150400
60,9,weak_lock_live,std_shared,lock,100000,989543,9.89543,2350000
60,10,group_setup_then_8_copies,std_shared,group,12500,1316577,105.32616,2350000
60,11,create_read_destroy,own_local,asset,100000,2203659,22.03659,65000400000
60,12,weak_lock_live,own_shared,lock,100000,520259,5.20259,2350000
60,13,resource_lifecycle_64_assets_4096_objects,std_shared,cycle,10,337108,33710.8,17203200
60,14,async_queue_job_1024_local_copies,own_local,job,100,391089,3910.89,2406400
60,15,async_queue_job_1_local_copies,own_local,job,100,34371,343.71,2000
60,16,copy_read_drop,own_local,copy,100000,149000,1.49,2350000
60,17,async_queue_job_1024_local_copies,std_shared,job,100,1623551,16235.51,2406400
60,18,weak_lock_expired,std_shared,lock,100000,162571,1.62571,0
60,19,group_setup_then_1_copies,own_local,group,100000,1917256,19.17256,2000000
60,20,localize_read_drop,own_local,group,100000,1292492,12.92492,2350000
60,21,weak_lock_expired,own_shared,lock,100000,135651,1.35651,0
60,22,group_setup_then_1024_copies,own_local,group,97,137844,1421.07216495,2334208
60,23,contended_copy_2_workers,std_shared,copy,200000,4771866,23.85933,4700000
60,24,copy_read_drop,own_shared,copy,100000,455484,4.55484,2350000
60,25,group_setup_then_1_copies,std_shared,group,100000,1876245,18.76245,2000000
60,26,group_setup_then_64_copies,own_local,group,1562,164102,105.058898848,2349248
60,27,frame_4096_draws_64_unique_leases,std_shared,frame,24,90654,3777.25,41287680
60,28,scene_4096_attachments,std_shared,attachment,98304,527771,5.36876424154,98304
60,29,group_setup_then_64_copies,std_shared,group,1562,1197571,766.69078105,2349248
60,30,copy_read_drop,std_shared,copy,100000,1157161,11.57161,2350000
60,31,localize_read_drop,std_shared,group,100000,1167347,11.67347,2350000
60,32,group_setup_then_8_copies,own_local,group,12500,370959,29.67672,2350000
60,33,borrow_read,raw_borrow,read,100000,54560,0.5456,2350000
60,34,scene_4096_attachments,own_local,attachment,98304,146337,1.48861694336,98304
60,35,async_queue_job_64_local_copies,std_shared,job,100,221367,2213.67,150400
60,36,share_read_drop,std_shared,handoff,100000,1443324,14.43324,2350000
61,0,group_setup_then_64_copies,own_local,group,1562,215459,137.937900128,2349248
61,1,resource_lifecycle_64_assets_4096_objects,own_local,cycle,10,233956,23395.6,17203200
61,2,weak_lock_live,std_shared,lock,100000,917767,9.17767,2350000
61,3,contended_copy_2_workers,std_shared,copy,200000,4196566,20.98283,4700000
61,4,weak_lock_expired,std_shared,lock,100000,162941,1.62941,0
61,5,create_read_destroy,own_local,asset,100000,2438015,24.38015,65000400000
61,6,weak_lock_live,own_shared,lock,100000,450286,4.50286,2350000
61,7,scene_4096_attachments,std_shared,attachment,98304,517646,5.26576741536,98304
61,8,async_queue_job_64_local_copies,std_shared,job,100,213025,2130.25,150400
61,9,group_setup_then_8_copies,std_shared,group,12500,1274896,101.99168,2350000
61,10,share_read_drop,own_shared,handoff,100000,517114,5.17114,2350000
61,11,async_queue_job_1024_local_copies,std_shared,job,100,1721857,17218.57,2406400
61,12,group_setup_then_64_copies,std_shared,group,1562,1190170,761.95262484,2349248
61,13,copy_read_drop,std_shared,copy,100000,1309316,13.09316,2350000
61,14,async_queue_job_64_local_copies,own_local,job,100,81611,816.11,150400
61,15,scene_4096_attachments,own_local,attachment,98304,145896,1.48413085938,98304
61,16,frame_4096_draws_64_unique_leases,std_shared,frame,24,88721,3696.70833333,41287680
61,17,weak_lock_expired,own_shared,lock,100000,199525,1.99525,0
61,18,group_setup_then_1024_copies,own_local,group,97,161839,1668.44329897,2334208
61,19,frame_4096_draws_64_unique_leases,own_shared,frame,24,89813,3742.20833333,41287680
61,20,create_read_destroy,own_shared,asset,100000,1537734,15.37734,65000400000
61,21,group_setup_then_8_copies,own_local,group,12500,429866,34.38928,2350000
61,22,group_setup_then_1_copies,own_local,group,100000,1847942,18.47942,2000000
61,23,localize_read_drop,std_shared,group,100000,1168798,11.68798,2350000
61,24,copy_read_drop,own_shared,copy,100000,455183,4.55183,2350000
61,25,share_read_drop,std_shared,handoff,100000,1190691,11.90691,2350000
61,26,copy_read_drop,own_local,copy,100000,121990,1.2199,2350000
61,27,async_queue_job_1024_local_copies,own_local,job,100,410337,4103.37,2406400
61,28,group_setup_then_1024_copies,std_shared,group,97,1150742,11863.3195876,2334208
61,29,async_queue_job_1_local_copies,std_shared,job,100,40951,409.51,2000
61,30,create_read_destroy,std_shared,asset,100000,1173855,11.73855,65000400000
61,31,borrow_read,raw_borrow,read,100000,54250,0.5425,2350000
61,32,localize_read_drop,own_local,group,100000,1486418,14.86418,2350000
61,33,contended_copy_2_workers,own_shared,copy,200000,2621647,13.108235,4700000
61,34,group_setup_then_1_copies,std_shared,group,100000,1890476,18.90476,2000000
61,35,resource_lifecycle_64_assets_4096_objects,std_shared,cycle,10,354394,35439.4,17203200
61,36,async_queue_job_1_local_copies,own_local,job,100,50624,506.24,2000
62,0,group_setup_then_1_copies,std_shared,group,100000,1905939,19.05939,2000000
62,1,async_queue_job_64_local_copies,std_shared,job,100,203190,2031.9,150400
62,2,localize_read_drop,own_local,group,100000,1049041,10.49041,2350000
62,3,weak_lock_expired,std_shared,lock,100000,162551,1.62551,0
62,4,group_setup_then_64_copies,own_local,group,1562,161989,103.706145967,2349248
62,5,async_queue_job_1_local_copies,std_shared,job,100,38086,380.86,2000
62,6,async_queue_job_1_local_copies,own_local,job,100,36334,363.34,2000
62,7,weak_lock_expired,own_shared,lock,100000,135601,1.35601,0
62,8,frame_4096_draws_64_unique_leases,own_shared,frame,24,103083,4295.125,41287680
62,9,resource_lifecycle_64_assets_4096_objects,own_local,cycle,10,224713,22471.3,17203200
62,10,async_queue_job_64_local_copies,own_local,job,100,65407,654.07,150400
62,11,group_setup_then_1024_copies,std_shared,group,97,1145694,11811.2783505,2334208
62,12,scene_4096_attachments,own_local,attachment,98304,146817,1.49349975586,98304
62,13,group_setup_then_64_copies,std_shared,group,1562,1176029,752.899487836,2349248
62,14,group_setup_then_8_copies,std_shared,group,12500,1521891,121.75128,2350000
62,15,weak_lock_live,own_shared,lock,100000,449454,4.49454,2350000
62,16,create_read_destroy,own_shared,asset,100000,1280764,12.80764,65000400000
62,17,async_queue_job_1024_local_copies,std_shared,job,100,1588298,15882.98,2406400
62,18,scene_4096_attachments,std_shared,attachment,98304,560379,5.7004699707,98304
62,19,borrow_read,raw_borrow,read,100000,54221,0.54221,2350000
62,20,localize_read_drop,std_shared,group,100000,1169459,11.69459,2350000
62,21,create_read_destroy,own_local,asset,100000,2113345,21.13345,65000400000
62,22,contended_copy_2_workers,own_shared,copy,200000,2174205,10.871025,4700000
62,23,copy_read_drop,own_local,copy,100000,121380,1.2138,2350000
62,24,group_setup_then_1024_copies,own_local,group,97,187457,1932.54639175,2334208
62,25,create_read_destroy,std_shared,asset,100000,1173325,11.73325,65000400000
62,26,share_read_drop,std_shared,handoff,100000,1177811,11.77811,2350000
62,27,copy_read_drop,std_shared,copy,100000,1162940,11.6294,2350000
62,28,group_setup_then_1_copies,own_local,group,100000,1941181,19.41181,2000000
62,29,share_read_drop,own_shared,handoff,100000,441523,4.41523,2350000
62,30,contended_copy_2_workers,std_shared,copy,200000,4441949,22.209745,4700000
62,31,copy_read_drop,own_shared,copy,100000,455354,4.55354,2350000
62,32,weak_lock_live,std_shared,lock,100000,930306,9.30306,2350000
62,33,async_queue_job_1024_local_copies,own_local,job,100,421053,4210.53,2406400
62,34,resource_lifecycle_64_assets_4096_objects,std_shared,cycle,10,340824,34082.4,17203200
62,35,frame_4096_draws_64_unique_leases,std_shared,frame,24,92927,3871.95833333,41287680
62,36,group_setup_then_8_copies,own_local,group,12500,347213,27.77704,2350000
63,0,group_setup_then_1024_copies,own_local,group,97,137003,1412.40206186,2334208
63,1,group_setup_then_64_copies,std_shared,group,1562,1220424,781.321382843,2349248
63,2,share_read_drop,std_shared,handoff,100000,1470194,14.70194,2350000
63,3,localize_read_drop,std_shared,group,100000,1267946,12.67946,2350000
63,4,group_setup_then_1_copies,own_local,group,100000,1838288,18.38288,2000000
63,5,scene_4096_attachments,std_shared,attachment,98304,509053,5.17835489909,98304
63,6,async_queue_job_64_local_copies,std_shared,job,100,394253,3942.53,150400
63,7,async_queue_job_64_local_copies,own_local,job,100,61791,617.91,150400
63,8,copy_read_drop,own_local,copy,100000,169761,1.69761,2350000
63,9,create_read_destroy,own_shared,asset,100000,1215257,12.15257,65000400000
63,10,create_read_destroy,own_local,asset,100000,2167265,21.67265,65000400000
63,11,copy_read_drop,own_shared,copy,100000,517625,5.17625,2350000
63,12,share_read_drop,own_shared,handoff,100000,672385,6.72385,2350000
63,13,frame_4096_draws_64_unique_leases,std_shared,frame,24,88741,3697.54166667,41287680
63,14,group_setup_then_1024_copies,std_shared,group,97,1304419,13447.6185567,2334208
63,15,weak_lock_live,own_shared,lock,100000,487151,4.87151,2350000
63,16,async_queue_job_1_local_copies,std_shared,job,100,58897,588.97,2000
63,17,contended_copy_2_workers,std_shared,copy,200000,4218839,21.094195,4700000
63,18,frame_4096_draws_64_unique_leases,own_shared,frame,24,94810,3950.41666667,41287680
63,19,async_queue_job_1024_local_copies,own_local,job,100,472208,4722.08,2406400
63,20,weak_lock_expired,std_shared,lock,100000,162521,1.62521,0
63,21,copy_read_drop,std_shared,copy,100000,1227806,12.27806,2350000
63,22,async_queue_job_1_local_copies,own_local,job,100,42793,427.93,2000
63,23,contended_copy_2_workers,own_shared,copy,200000,4794701,23.973505,4700000
63,24,resource_lifecycle_64_assets_4096_objects,own_local,cycle,10,233366,23336.6,17203200
63,25,scene_4096_attachments,own_local,attachment,98304,164162,1.66994222005,98304
63,26,group_setup_then_8_copies,own_local,group,12500,342967,27.43736,2350000
63,27,async_queue_job_1024_local_copies,std_shared,job,100,1664141,16641.41,2406400
63,28,create_read_destroy,std_shared,asset,100000,1101770,11.0177,65000400000
63,29,group_setup_then_8_copies,std_shared,group,12500,1665393,133.23144,2350000
63,30,group_setup_then_1_copies,std_shared,group,100000,1959397,19.59397,2000000
63,31,group_setup_then_64_copies,own_local,group,1562,240255,153.812419974,2349248
63,32,weak_lock_live,std_shared,lock,100000,895234,8.95234,2350000
63,33,localize_read_drop,own_local,group,100000,1169299,11.69299,2350000
63,34,resource_lifecycle_64_assets_4096_objects,std_shared,cycle,10,339612,33961.2,17203200
63,35,borrow_read,raw_borrow,read,100000,54340,0.5434,2350000
63,36,weak_lock_expired,own_shared,lock,100000,135591,1.35591,0
64,0,group_setup_then_1024_copies,std_shared,group,97,1164321,12003.3092784,2334208
64,1,resource_lifecycle_64_assets_4096_objects,std_shared,cycle,10,350458,35045.8,17203200
64,2,borrow_read,raw_borrow,read,100000,54190,0.5419,2350000
64,3,copy_read_drop,own_shared,copy,100000,455273,4.55273,2350000
64,4,group_setup_then_1_copies,std_shared,group,100000,1935392,19.35392,2000000
64,5,scene_4096_attachments,std_shared,attachment,98304,524406,5.33453369141,98304
64,6,share_read_drop,own_shared,handoff,100000,441773,4.41773,2350000
64,7,copy_read_drop,own_local,copy,100000,121349,1.21349,2350000
64,8,group_setup_then_64_copies,own_local,group,1562,408865,261.757362356,2349248
64,9,group_setup_then_8_copies,own_local,group,12500,340693,27.25544,2350000
64,10,weak_lock_expired,std_shared,lock,100000,162541,1.62541,0
64,11,localize_read_drop,own_local,group,100000,1139836,11.39836,2350000
64,12,share_read_drop,std_shared,handoff,100000,1195298,11.95298,2350000
64,13,group_setup_then_1_copies,own_local,group,100000,1863256,18.63256,2000000
64,14,async_queue_job_1024_local_copies,std_shared,job,100,1629059,16290.59,2406400
64,15,async_queue_job_64_local_copies,own_local,job,100,55081,550.81,150400
64,16,async_queue_job_64_local_copies,std_shared,job,100,185534,1855.34,150400
64,17,contended_copy_2_workers,own_shared,copy,200000,4552121,22.760605,4700000
64,18,async_queue_job_1_local_copies,own_local,job,100,46559,465.59,2000
64,19,resource_lifecycle_64_assets_4096_objects,own_local,cycle,10,234276,23427.6,17203200
64,20,frame_4096_draws_64_unique_leases,std_shared,frame,24,90003,3750.125,41287680
64,21,localize_read_drop,std_shared,group,100000,1222728,12.22728,2350000
64,22,scene_4096_attachments,own_local,attachment,98304,172956,1.75939941406,98304
64,23,create_read_destroy,std_shared,asset,100000,1136791,11.36791,65000400000
64,24,group_setup_then_1024_copies,own_local,group,97,137573,1418.27835052,2334208
64,25,create_read_destroy,own_local,asset,100000,2116060,21.1606,65000400000
64,26,weak_lock_live,std_shared,lock,100000,905559,9.05559,2350000
64,27,frame_4096_draws_64_unique_leases,own_shared,frame,24,91025,3792.70833333,41287680
64,28,async_queue_job_1_local_copies,std_shared,job,100,56143,561.43,2000
64,29,contended_copy_2_workers,std_shared,copy,200000,4232700,21.1635,4700000
64,30,create_read_destroy,own_shared,asset,100000,1227465,12.27465,65000400000
64,31,async_queue_job_1024_local_copies,own_local,job,100,400552,4005.52,2406400
64,32,weak_lock_live,own_shared,lock,100000,460931,4.60931,2350000
64,33,copy_read_drop,std_shared,copy,100000,1200376,12.00376,2350000
64,34,weak_lock_expired,own_shared,lock,100000,135471,1.35471,0
64,35,group_setup_then_8_copies,std_shared,group,12500,1241827,99.34616,2350000
64,36,group_setup_then_64_copies,std_shared,group,1562,1202348,769.749039693,2349248
65,0,weak_lock_live,std_shared,lock,100000,916345,9.16345,2350000
65,1,group_setup_then_64_copies,own_local,group,1562,162931,104.30921895,2349248
65,2,async_queue_job_64_local_copies,own_local,job,100,76824,768.24,150400
65,3,group_setup_then_64_copies,std_shared,group,1562,1179294,754.989756722,2349248
65,4,copy_read_drop,std_shared,copy,100000,1286353,12.86353,2350000
65,5,group_setup_then_8_copies,std_shared,group,12500,1342025,107.362,2350000
65,6,scene_4096_attachments,std_shared,attachment,98304,511296,5.201171875,98304
65,7,weak_lock_expired,std_shared,lock,100000,162520,1.6252,0
65,8,weak_lock_live,own_shared,lock,100000,450216,4.50216,2350000
65,9,localize_read_drop,std_shared,group,100000,1171853,11.71853,2350000
65,10,copy_read_drop,own_shared,copy,100000,490225,4.90225,2350000
65,11,async_queue_job_1024_local_copies,own_local,job,100,383757,3837.57,2406400
65,12,create_read_destroy,own_local,asset,100000,2299631,22.99631,65000400000
65,13,contended_copy_2_workers,std_shared,copy,200000,4247241,21.236205,4700000
65,14,borrow_read,raw_borrow,read,100000,54341,0.54341,2350000
65,15,group_setup_then_1024_copies,own_local,group,97,138384,1426.63917526,2334208
65,16,contended_copy_2_workers,own_shared,copy,200000,4830704,24.15352,4700000
65,17,group_setup_then_1_copies,own_local,group,100000,1858509,18.58509,2000000
65,18,copy_read_drop,own_local,copy,100000,122001,1.22001,2350000
65,19,frame_4096_draws_64_unique_leases,own_shared,frame,24,96402,4016.75,41287680
65,20,group_setup_then_1024_copies,std_shared,group,97,1194436,12313.7731959,2334208
65,21,group_setup_then_1_copies,std_shared,group,100000,1882574,18.82574,2000000
65,22,scene_4096_attachments,own_local,attachment,98304,145876,1.48392740885,98304
65,23,share_read_drop,own_shared,handoff,100000,452480,4.5248,2350000
65,24,localize_read_drop,own_local,group,100000,1069021,10.69021,2350000
65,25,async_queue_job_1024_local_copies,std_shared,job,100,1678983,16789.83,2406400
65,26,share_read_drop,std_shared,handoff,100000,1189529,11.89529,2350000
65,27,weak_lock_expired,own_shared,lock,100000,135921,1.35921,0
65,28,create_read_destroy,own_shared,asset,100000,1212834,12.12834,65000400000
65,29,async_queue_job_1_local_copies,own_local,job,100,55262,552.62,2000
65,30,resource_lifecycle_64_assets_4096_objects,std_shared,cycle,10,340844,34084.4,17203200
65,31,frame_4096_draws_64_unique_leases,std_shared,frame,24,91415,3808.95833333,41287680
65,32,resource_lifecycle_64_assets_4096_objects,own_local,cycle,10,292803,29280.3,17203200
65,33,create_read_destroy,std_shared,asset,100000,1236709,12.36709,65000400000
65,34,async_queue_job_64_local_copies,std_shared,job,100,224502,2245.02,150400
65,35,async_queue_job_1_local_copies,std_shared,job,100,31817,318.17,2000
65,36,group_setup_then_8_copies,own_local,group,12500,426030,34.0824,2350000
66,0,contended_copy_2_workers,std_shared,copy,200000,5284515,26.422575,4700000
66,1,group_setup_then_1_copies,own_local,group,100000,1933169,19.33169,2000000
66,2,group_setup_then_8_copies,std_shared,group,12500,1262728,101.01824,2350000
66,3,contended_copy_2_workers,own_shared,copy,200000,2089510,10.44755,4700000
66,4,frame_4096_draws_64_unique_leases,own_shared,frame,24,92276,3844.83333333,41287680
66,5,copy_read_drop,std_shared,copy,100000,1170271,11.70271,2350000
66,6,weak_lock_expired,std_shared,lock,100000,162500,1.625,0
66,7,async_queue_job_64_local_copies,std_shared,job,100,202419,2024.19,150400
66,8,async_queue_job_64_local_copies,own_local,job,100,59998,599.98,150400
66,9,copy_read_drop,own_shared,copy,100000,468543,4.68543,2350000
66,10,frame_4096_draws_64_unique_leases,std_shared,frame,24,90974,3790.58333333,41287680
66,11,share_read_drop,std_shared,handoff,100000,1191302,11.91302,2350000
66,12,weak_lock_expired,own_shared,lock,100000,135590,1.3559,0
66,13,group_setup_then_1024_copies,own_local,group,97,146477,1510.07216495,2334208
66,14,copy_read_drop,own_local,copy,100000,136122,1.36122,2350000
66,15,group_setup_then_64_copies,std_shared,group,1562,1161097,743.339948784,2349248
66,16,create_read_destroy,own_shared,asset,100000,1231741,12.31741,65000400000
66,17,weak_lock_live,std_shared,lock,100000,1017875,10.17875,2350000
66,18,group_setup_then_64_copies,own_local,group,1562,161739,103.54609475,2349248
66,19,async_queue_job_1_local_copies,std_shared,job,100,55863,558.63,2000
66,20,create_read_destroy,std_shared,asset,100000,1102981,11.02981,65000400000
66,21,localize_read_drop,std_shared,group,100000,1328014,13.28014,2350000
66,22,scene_4096_attachments,std_shared,attachment,98304,538507,5.47797648112,98304
66,23,resource_lifecycle_64_assets_4096_objects,own_local,cycle,10,232103,23210.3,17203200
66,24,group_setup_then_1_copies,std_shared,group,100000,2098253,20.98253,2000000
66,25,async_queue_job_1_local_copies,own_local,job,100,73488,734.88,2000
66,26,group_setup_then_8_copies,own_local,group,12500,330939,26.47512,2350000
66,27,scene_4096_attachments,own_local,attachment,98304,146326,1.48850504557,98304
66,28,resource_lifecycle_64_assets_4096_objects,std_shared,cycle,10,337078,33707.8,17203200
66,29,localize_read_drop,own_local,group,100000,1064835,10.64835,2350000
66,30,borrow_read,raw_borrow,read,100000,106958,1.06958,2350000
66,31,group_setup_then_1024_copies,std_shared,group,97,1185954,12226.3298969,2334208
66,32,async_queue_job_1024_local_copies,std_shared,job,100,1680515,16805.15,2406400
66,33,share_read_drop,own_shared,handoff,100000,477045,4.77045,2350000
66,34,weak_lock_live,own_shared,lock,100000,450586,4.50586,2350000
66,35,create_read_destroy,own_local,asset,100000,2385908,23.85908,65000400000
66,36,async_queue_job_1024_local_copies,own_local,job,100,350829,3508.29,2406400
67,0,borrow_read,raw_borrow,read,100000,54220,0.5422,2350000
67,1,group_setup_then_64_copies,std_shared,group,1562,1168718,748.218950064,2349248
67,2,async_queue_job_64_local_copies,own_local,job,100,49093,490.93,150400
67,3,resource_lifecycle_64_assets_4096_objects,std_shared,cycle,10,366241,36624.1,17203200
67,4,frame_4096_draws_64_unique_leases,std_shared,frame,24,90254,3760.58333333,41287680
67,5,scene_4096_attachments,own_local,attachment,98304,146146,1.48667399089,98304
67,6,async_queue_job_1_local_copies,std_shared,job,100,50965,509.65,2000
67,7,contended_copy_2_workers,own_shared,copy,200000,2175818,10.87909,4700000
67,8,group_setup_then_1024_copies,std_shared,group,97,1152014,11876.4329897,2334208
67,9,async_queue_job_1_local_copies,own_local,job,100,41431,414.31,2000
67,10,group_setup_then_1_copies,std_shared,group,100000,1886220,18.8622,2000000
67,11,async_queue_job_1024_local_copies,std_shared,job,100,1634678,16346.78,2406400
67,12,share_read_drop,own_shared,handoff,100000,441974,4.41974,2350000
67,13,weak_lock_expired,std_shared,lock,100000,190932,1.90932,0
67,14,group_setup_then_8_copies,std_shared,group,12500,1237270,98.9816,2350000
67,15,group_setup_then_8_copies,own_local,group,12500,331501,26.52008,2350000
67,16,async_queue_job_64_local_copies,std_shared,job,100,219645,2196.45,150400
67,17,localize_read_drop,std_shared,group,100000,1177171,11.77171,2350000
67,18,create_read_destroy,own_shared,asset,100000,1230650,12.3065,65000400000
67,19,weak_lock_live,std_shared,lock,100000,940881,9.40881,2350000
67,20,group_setup_then_1024_copies,own_local,group,97,137153,1413.94845361,2334208
67,21,localize_read_drop,own_local,group,100000,1173385,11.73385,2350000
67,22,create_read_destroy,std_shared,asset,100000,1255547,12.55547,65000400000
67,23,copy_read_drop,own_shared,copy,100000,497646,4.97646,2350000
67,24,contended_copy_2_workers,std_shared,copy,200000,5243484,26.21742,4700000
67,25,copy_read_drop,std_shared,copy,100000,1169369,11.69369,2350000
67,26,group_setup_then_1_copies,own_local,group,100000,1865890,18.6589,2000000
67,27,resource_lifecycle_64_assets_4096_objects,own_local,cycle,10,281206,28120.6,17203200
67,28,create_read_destroy,own_local,asset,100000,2147867,21.47867,65000400000
67,29,scene_4096_attachments,std_shared,attachment,98304,494151,5.02676391602,98304
67,30,group_setup_then_64_copies,own_local,group,1562,163842,104.892445583,2349248
67,31,share_read_drop,std_shared,handoff,100000,1348685,13.48685,2350000
67,32,copy_read_drop,own_local,copy,100000,121530,1.2153,2350000
67,33,async_queue_job_1024_local_copies,own_local,job,100,404308,4043.08,2406400
67,34,frame_4096_draws_64_unique_leases,own_shared,frame,24,93499,3895.79166667,41287680
67,35,weak_lock_expired,own_shared,lock,100000,135611,1.35611,0
67,36,weak_lock_live,own_shared,lock,100000,463065,4.63065,2350000
68,0,localize_read_drop,std_shared,group,100000,1209078,12.09078,2350000
68,1,group_setup_then_1024_copies,std_shared,group,97,1174597,12109.2474227,2334208
68,2,weak_lock_expired,own_shared,lock,100000,136071,1.36071,0
68,3,copy_read_drop,std_shared,copy,100000,1157902,11.57902,2350000
68,4,group_setup_then_8_copies,std_shared,group,12500,1264049,101.12392,2350000
68,5,scene_4096_attachments,std_shared,attachment,98304,493510,5.02024332682,98304
68,6,resource_lifecycle_64_assets_4096_objects,std_shared,cycle,10,363717,36371.7,17203200
68,7,async_queue_job_1024_local_copies,own_local,job,100,455393,4553.93,2406400
68,8,async_queue_job_64_local_copies,own_local,job,100,42983,429.83,150400
68,9,create_read_destroy,std_shared,asset,100000,1225162,12.25162,65000400000
68,10,share_read_drop,std_shared,handoff,100000,1183470,11.8347,2350000
68,11,group_setup_then_1024_copies,own_local,group,97,136922,1411.56701031,2334208
68,12,async_queue_job_64_local_copies,std_shared,job,100,208238,2082.38,150400
68,13,borrow_read,raw_borrow,read,100000,54350,0.5435,2350000
68,14,weak_lock_expired,std_shared,lock,100000,162501,1.62501,0
68,15,group_setup_then_8_copies,own_local,group,12500,346062,27.68496,2350000
68,16,group_setup_then_64_copies,std_shared,group,1562,1237310,792.131882202,2349248
68,17,localize_read_drop,own_local,group,100000,1069411,10.69411,2350000
68,18,async_queue_job_1024_local_copies,std_shared,job,100,1954621,19546.21,2406400
68,19,frame_4096_draws_64_unique_leases,std_shared,frame,24,89893,3745.54166667,41287680
68,20,async_queue_job_1_local_copies,std_shared,job,100,54771,547.71,2000
68,21,create_read_destroy,own_shared,asset,100000,1290078,12.90078,65000400000
68,22,create_read_destroy,own_local,asset,100000,2197570,21.9757,65000400000
68,23,weak_lock_live,std_shared,lock,100000,970766,9.70766,2350000
68,24,copy_read_drop,own_local,copy,100000,162751,1.62751,2350000
68,25,contended_copy_2_workers,std_shared,copy,200000,4659671,23.298355,4700000
68,26,group_setup_then_1_copies,std_shared,group,100000,1982331,19.82331,2000000
68,27,copy_read_drop,own_shared,copy,100000,499909,4.99909,2350000
68,28,async_queue_job_1_local_copies,own_local,job,100,57405,574.05,2000
68,29,resource_lifecycle_64_assets_4096_objects,own_local,cycle,10,230942,23094.2,17203200
68,30,scene_4096_attachments,own_local,attachment,98304,148619,1.51183064779,98304
68,31,group_setup_then_64_copies,own_local,group,1562,165225,105.777848912,2349248
68,32,share_read_drop,own_shared,handoff,100000,455203,4.55203,2350000
68,33,contended_copy_2_workers,own_shared,copy,200000,1762116,8.81058,4700000
68,34,group_setup_then_1_copies,own_local,group,100000,2091453,20.91453,2000000
68,35,weak_lock_live,own_shared,lock,100000,450276,4.50276,2350000
68,36,frame_4096_draws_64_unique_leases,own_shared,frame,24,90825,3784.375,41287680
69,0,create_read_destroy,own_local,asset,100000,2197790,21.9779,65000400000
69,1,weak_lock_live,std_shared,lock,100000,997295,9.97295,2350000
69,2,share_read_drop,std_shared,handoff,100000,1288675,12.88675,2350000
69,3,group_setup_then_1024_copies,own_local,group,97,137403,1416.5257732,2334208
69,4,contended_copy_2_workers,own_shared,copy,200000,2826550,14.13275,4700000
69,5,frame_4096_draws_64_unique_leases,std_shared,frame,24,92407,3850.29166667,41287680
69,6,group_setup_then_64_copies,std_shared,group,1562,1162179,744.032650448,2349248
69,7,group_setup_then_64_copies,own_local,group,1562,166276,106.450704225,2349248
69,8,weak_lock_expired,std_shared,lock,100000,162520,1.6252,0
69,9,borrow_read,raw_borrow,read,100000,54361,0.54361,2350000
69,10,group_setup_then_8_copies,std_shared,group,12500,1423074,113.84592,2350000
69,11,weak_lock_expired,own_shared,lock,100000,135521,1.35521,0
69,12,copy_read_drop,own_local,copy,100000,121330,1.2133,2350000
69,13,async_queue_job_64_local_copies,own_local,job,100,72327,723.27,150400
69,14,group_setup_then_1024_copies,std_shared,group,97,1326852,13678.8865979,2334208
69,15,localize_read_drop,own_local,group,100000,1075801,10.75801,2350000
69,16,contended_copy_2_workers,std_shared,copy,200000,4114175,20.570875,4700000
69,17,create_read_destroy,own_shared,asset,100000,1296788,12.96788,65000400000
69,18,weak_lock_live,own_shared,lock,100000,450857,4.50857,2350000
69,19,async_queue_job_1024_local_copies,own_local,job,100,418008,4180.08,2406400
69,20,frame_4096_draws_64_unique_leases,own_shared,frame,24,94670,3944.58333333,41287680
69,21,async_queue_job_1_local_copies,std_shared,job,100,38948,389.48,2000
69,22,create_read_destroy,std_shared,asset,100000,1100137,11.00137,65000400000
69,23,scene_4096_attachments,std_shared,attachment,98304,494171,5.02696736654,98304
69,24,group_setup_then_1_copies,own_local,group,100000,1861563,18.61563,2000000
69,25,scene_4096_attachments,own_local,attachment,98304,146557,1.49085489909,98304
69,26,group_setup_then_8_copies,own_local,group,12500,350118,28.00944,2350000
69,27,group_setup_then_1_copies,std_shared,group,100000,1860201,18.60201,2000000
69,28,resource_lifecycle_64_assets_4096_objects,own_local,cycle,10,244461,24446.1,17203200
69,29,copy_read_drop,own_shared,copy,100000,521882,5.21882,2350000
69,30,localize_read_drop,std_shared,group,100000,1215788,12.15788,2350000
69,31,share_read_drop,own_shared,handoff,100000,441373,4.41373,2350000
69,32,copy_read_drop,std_shared,copy,100000,1159184,11.59184,2350000
69,33,async_queue_job_1024_local_copies,std_shared,job,100,1927200,19272,2406400
69,34,resource_lifecycle_64_assets_4096_objects,std_shared,cycle,10,350609,35060.9,17203200
69,35,async_queue_job_64_local_copies,std_shared,job,100,220776,2207.76,150400
69,36,async_queue_job_1_local_copies,own_local,job,100,54661,546.61,2000
70,0,group_setup_then_64_copies,own_local,group,1562,167808,107.431498079,2349248
70,1,create_read_destroy,own_local,asset,100000,2272531,22.72531,65000400000
70,2,group_setup_then_1024_copies,std_shared,group,97,1218852,12565.4845361,2334208
70,3,localize_read_drop,own_local,group,100000,1239373,12.39373,2350000
70,4,localize_read_drop,std_shared,group,100000,1170421,11.70421,2350000
70,5,group_setup_then_1024_copies,own_local,group,97,137623,1418.79381443,2334208
70,6,scene_4096_attachments,std_shared,attachment,98304,606878,6.17348225911,98304
70,7,group_setup_then_64_copies,std_shared,group,1562,1210370,774.884763124,2349248
70,8,contended_copy_2_workers,std_shared,copy,200000,4392686,21.96343,4700000
70,9,async_queue_job_64_local_copies,own_local,job,100,84084,840.84,150400
70,10,copy_read_drop,std_shared,copy,100000,1202067,12.02067,2350000
70,11,async_queue_job_1024_local_copies,std_shared,job,100,1777929,17779.29,2406400
70,12,resource_lifecycle_64_assets_4096_objects,own_local,cycle,10,258493,25849.3,17203200
70,13,async_queue_job_1_local_copies,std_shared,job,100,51306,513.06,2000
70,14,scene_4096_attachments,own_local,attachment,98304,146567,1.49095662435,98304
70,15,async_queue_job_1024_local_copies,own_local,job,100,401634,4016.34,2406400
70,16,group_setup_then_1_copies,std_shared,group,100000,1859660,18.5966,2000000
70,17,copy_read_drop,own_local,copy,100000,121399,1.21399,2350000
70,18,contended_copy_2_workers,own_shared,copy,200000,4728293,23.641465,4700000
70,19,group_setup_then_8_copies,std_shared,group,12500,1290328,103.22624,2350000
70,20,group_setup_then_1_copies,own_local,group,100000,2059536,20.59536,2000000
70,21,weak_lock_live,own_shared,lock,100000,490586,4.90586,2350000
70,22,weak_lock_expired,std_shared,lock,100000,162690,1.6269,0
70,23,frame_4096_draws_64_unique_leases,std_shared,frame,24,93047,3876.95833333,41287680
70,24,create_read_destroy,own_shared,asset,100000,1228036,12.28036,65000400000
70,25,copy_read_drop,own_shared,copy,100000,467932,4.67932,2350000
70,26,resource_lifecycle_64_assets_4096_objects,std_shared,cycle,10,343468,34346.8,17203200
70,27,frame_4096_draws_64_unique_leases,own_shared,frame,24,95502,3979.25,41287680
70,28,borrow_read,raw_borrow,read,100000,54330,0.5433,2350000
70,29,share_read_drop,own_shared,handoff,100000,507210,5.0721,2350000
70,30,async_queue_job_1_local_copies,own_local,job,100,83514,835.14,2000
70,31,weak_lock_expired,own_shared,lock,100000,135631,1.35631,0
70,32,group_setup_then_8_copies,own_local,group,12500,340633,27.25064,2350000
70,33,weak_lock_live,std_shared,lock,100000,938178,9.38178,2350000
70,34,async_queue_job_64_local_copies,std_shared,job,100,557164,5571.64,150400
70,35,create_read_destroy,std_shared,asset,100000,1114558,11.14558,65000400000
70,36,share_read_drop,std_shared,handoff,100000,1790748,17.90748,2350000
71,0,group_setup_then_8_copies,std_shared,group,12500,1253794,100.30352,2350000
71,1,scene_4096_attachments,std_shared,attachment,98304,494621,5.03154500326,98304
71,2,localize_read_drop,std_shared,group,100000,1422194,14.22194,2350000
71,3,create_read_destroy,own_shared,asset,100000,1469303,14.69303,65000400000
71,4,weak_lock_live,std_shared,lock,100000,913771,9.13771,2350000
71,5,copy_read_drop,std_shared,copy,100000,1161608,11.61608,2350000
71,6,group_setup_then_1024_copies,own_local,group,97,150903,1555.70103093,2334208
71,7,group_setup_then_1024_copies,std_shared,group,97,1239272,12776,2334208
71,8,frame_4096_draws_64_unique_leases,own_shared,frame,24,96092,4003.83333333,41287680
71,9,async_queue_job_64_local_copies,own_local,job,100,93528,935.28,150400
71,10,scene_4096_attachments,own_local,attachment,98304,145375,1.47883097331,98304
71,11,async_queue_job_1_local_copies,std_shared,job,100,57345,573.45,2000
71,12,async_queue_job_1024_local_copies,std_shared,job,100,1647697,16476.97,2406400
71,13,group_setup_then_1_copies,std_shared,group,100000,2003783,20.03783,2000000
71,14,weak_lock_live,own_shared,lock,100000,450596,4.50596,2350000
71,15,group_setup_then_64_copies,std_shared,group,1562,1176139,752.969910371,2349248
71,16,async_queue_job_1_local_copies,own_local,job,100,121439,1214.39,2000
71,17,share_read_drop,std_shared,handoff,100000,1216919,12.16919,2350000
71,18,resource_lifecycle_64_assets_4096_objects,own_local,cycle,10,236450,23645,17203200
71,19,borrow_read,raw_borrow,read,100000,54510,0.5451,2350000
71,20,create_read_destroy,own_local,asset,100000,2113616,21.13616,65000400000
71,21,share_read_drop,own_shared,handoff,100000,454763,4.54763,2350000
71,22,copy_read_drop,own_shared,copy,100000,455223,4.55223,2350000
71,23,frame_4096_draws_64_unique_leases,std_shared,frame,24,92517,3854.875,41287680
71,24,create_read_destroy,std_shared,asset,100000,1096983,10.96983,65000400000
71,25,weak_lock_expired,own_shared,lock,100000,147939,1.47939,0
71,26,weak_lock_expired,std_shared,lock,100000,184963,1.84963,0
71,27,async_queue_job_1024_local_copies,own_local,job,100,417748,4177.48,2406400
71,28,copy_read_drop,own_local,copy,100000,121610,1.2161,2350000
71,29,group_setup_then_1_copies,own_local,group,100000,1839801,18.39801,2000000
71,30,contended_copy_2_workers,own_shared,copy,200000,4748012,23.74006,4700000
71,31,group_setup_then_64_copies,own_local,group,1562,164202,105.122919334,2349248
71,32,localize_read_drop,own_local,group,100000,1068019,10.68019,2350000
71,33,async_queue_job_64_local_copies,std_shared,job,100,215449,2154.49,150400
71,34,contended_copy_2_workers,std_shared,copy,200000,4260581,21.302905,4700000
71,35,group_setup_then_8_copies,own_local,group,12500,329958,26.39664,2350000
71,36,resource_lifecycle_64_assets_4096_objects,std_shared,cycle,10,339021,33902.1,17203200
72,0,borrow_read,raw_borrow,read,100000,54360,0.5436,2350000
72,1,group_setup_then_64_copies,own_local,group,1562,165164,105.738796415,2349248
72,2,async_queue_job_64_local_copies,std_shared,job,100,296619,2966.19,150400
72,3,create_read_destroy,std_shared,asset,100000,1151734,11.51734,65000400000
72,4,share_read_drop,std_shared,handoff,100000,1288696,12.88696,2350000
72,5,resource_lifecycle_64_assets_4096_objects,own_local,cycle,10,227947,22794.7,17203200
72,6,group_setup_then_1024_copies,std_shared,group,97,1227215,12651.7010309,2334208
72,7,weak_lock_expired,own_shared,lock,100000,145515,1.45515,0
72,8,async_queue_job_1_local_copies,own_local,job,100,52407,524.07,2000
72,9,scene_4096_attachments,std_shared,attachment,98304,496224,5.0478515625,98304
72,10,copy_read_drop,own_shared,copy,100000,495082,4.95082,2350000
72,11,async_queue_job_64_local_copies,own_local,job,100,84855,848.55,150400
72,12,localize_read_drop,own_local,group,100000,1550182,15.50182,2350000
72,13,localize_read_drop,std_shared,group,100000,1168267,11.68267,2350000
72,14,copy_read_drop,own_local,copy,100000,184042,1.84042,2350000
72,15,group_setup_then_8_copies,own_local,group,12500,426240,34.0992,2350000
72,16,async_queue_job_1_local_copies,std_shared,job,100,46619,466.19,2000
72,17,contended_copy_2_workers,own_shared,copy,200000,1867722,9.33861,4700000
72,18,weak_lock_expired,std_shared,lock,100000,162671,1.62671,0
72,19,scene_4096_attachments,own_local,attachment,98304,175479,1.78506469727,98304
72,20,copy_read_drop,std_shared,copy,100000,1158223,11.58223,2350000
72,21,group_setup_then_8_copies,std_shared,group,12500,1536141,122.89128,2350000
72,22,group_setup_then_1_copies,std_shared,group,100000,1913550,19.1355,2000000
72,23,weak_lock_live,own_shared,lock,100000,462624,4.62624,2350000
72,24,weak_lock_live,std_shared,lock,100000,908463,9.08463,2350000
72,25,contended_copy_2_workers,std_shared,copy,200000,4158580,20.7929,4700000
72,26,group_setup_then_64_copies,std_shared,group,1562,1476053,944.97631242,2349248
72,27,group_setup_then_1_copies,own_local,group,100000,1844558,18.44558,2000000
72,28,create_read_destroy,own_local,asset,100000,2197530,21.9753,65000400000
72,29,async_queue_job_1024_local_copies,std_shared,job,100,1656199,16561.99,2406400
72,30,share_read_drop,own_shared,handoff,100000,442004,4.42004,2350000
72,31,create_read_destroy,own_shared,asset,100000,1240715,12.40715,65000400000
72,32,frame_4096_draws_64_unique_leases,std_shared,frame,24,90684,3778.5,41287680
72,33,frame_4096_draws_64_unique_leases,own_shared,frame,24,94610,3942.08333333,41287680
72,34,async_queue_job_1024_local_copies,own_local,job,100,416105,4161.05,2406400
72,35,group_setup_then_1024_copies,own_local,group,97,137063,1413.02061856,2334208
72,36,resource_lifecycle_64_assets_4096_objects,std_shared,cycle,10,355896,35589.6,17203200
73,0,group_setup_then_1024_copies,own_local,group,97,137833,1420.95876289,2334208
73,1,resource_lifecycle_64_assets_4096_objects,own_local,cycle,10,239173,23917.3,17203200
73,2,create_read_destroy,own_local,asset,100000,2126955,21.26955,65000400000
73,3,async_queue_job_1024_local_copies,std_shared,job,100,1627116,16271.16,2406400
73,4,async_queue_job_64_local_copies,own_local,job,100,54120,541.2,150400
73,5,async_queue_job_1_local_copies,own_local,job,100,31907,319.07,2000
73,6,share_read_drop,own_shared,handoff,100000,441453,4.41453,2350000
73,7,weak_lock_expired,std_shared,lock,100000,179375,1.79375,0
73,8,contended_copy_2_workers,own_shared,copy,200000,4554996,22.77498,4700000
73,9,copy_read_drop,own_shared,copy,100000,483195,4.83195,2350000
73,10,frame_4096_draws_64_unique_leases,std_shared,frame,24,92477,3853.20833333,41287680
73,11,share_read_drop,std_shared,handoff,100000,1421773,14.21773,2350000
73,12,group_setup_then_64_copies,own_local,group,1562,168389,107.803457106,2349248
73,13,scene_4096_attachments,own_local,attachment,98304,148680,1.51245117188,98304
73,14,resource_lifecycle_64_assets_4096_objects,std_shared,cycle,10,364449,36444.9,17203200
73,15,group_setup_then_1_copies,own_local,group,100000,1872349,18.72349,2000000
73,16,async_queue_job_64_local_copies,std_shared,job,100,227006,2270.06,150400
73,17,async_queue_job_1024_local_copies,own_local,job,100,382586,3825.86,2406400
73,18,copy_read_drop,std_shared,copy,100000,1186535,11.86535,2350000
73,19,group_setup_then_1_copies,std_shared,group,100000,1858428,18.58428,2000000
73,20,create_read_destroy,std_shared,asset,100000,1171923,11.71923,65000400000
73,21,copy_read_drop,own_local,copy,100000,137053,1.37053,2350000
73,22,scene_4096_attachments,std_shared,attachment,98304,495252,5.03796386719,98304
73,23,borrow_read,raw_borrow,read,100000,54501,0.54501,2350000
73,24,weak_lock_live,own_shared,lock,100000,464827,4.64827,2350000
73,25,group_setup_then_8_copies,std_shared,group,12500,1263088,101.04704,2350000
73,26,localize_read_drop,own_local,group,100000,1044945,10.44945,2350000
73,27,group_setup_then_8_copies,own_local,group,12500,331901,26.55208,2350000
73,28,group_setup_then_64_copies,std_shared,group,1562,1172414,750.585147247,2349248
73,29,group_setup_then_1024_copies,std_shared,group,97,1173275,12095.6185567,2334208
73,30,weak_lock_live,std_shared,lock,100000,902935,9.02935,2350000
73,31,weak_lock_expired,own_shared,lock,100000,135580,1.3558,0
73,32,async_queue_job_1_local_copies,std_shared,job,100,49804,498.04,2000
73,33,contended_copy_2_workers,std_shared,copy,200000,4825716,24.12858,4700000
73,34,localize_read_drop,std_shared,group,100000,1184552,11.84552,2350000
73,35,frame_4096_draws_64_unique_leases,own_shared,frame,24,95231,3967.95833333,41287680
73,36,create_read_destroy,own_shared,asset,100000,1232923,12.32923,65000400000
74,0,contended_copy_2_workers,std_shared,copy,200000,5491230,27.45615,4700000
74,1,scene_4096_attachments,std_shared,attachment,98304,496785,5.05355834961,98304
74,2,copy_read_drop,std_shared,copy,100000,1177712,11.77712,2350000
74,3,borrow_read,raw_borrow,read,100000,54381,0.54381,2350000
74,4,async_queue_job_64_local_copies,std_shared,job,100,206325,2063.25,150400
74,5,group_setup_then_8_copies,own_local,group,12500,447261,35.78088,2350000
74,6,scene_4096_attachments,own_local,attachment,98304,147187,1.49726359049,98304
74,7,create_read_destroy,own_shared,asset,100000,1304439,13.04439,65000400000
74,8,weak_lock_expired,own_shared,lock,100000,200226,2.00226,0
74,9,group_setup_then_1_copies,std_shared,group,100000,1883725,18.83725,2000000
74,10,copy_read_drop,own_shared,copy,100000,454983,4.54983,2350000
74,11,create_read_destroy,own_local,asset,100000,2133946,21.33946,65000400000
74,12,async_queue_job_1024_local_copies,own_local,job,100,454833,4548.33,2406400
74,13,weak_lock_live,own_shared,lock,100000,450275,4.50275,2350000
74,14,weak_lock_live,std_shared,lock,100000,980200,9.802,2350000
74,15,localize_read_drop,own_local,group,100000,1070673,10.70673,2350000
74,16,async_queue_job_1024_local_copies,std_shared,job,100,1665313,16653.13,2406400
74,17,resource_lifecycle_64_assets_4096_objects,own_local,cycle,10,240716,24071.6,17203200
74,18,resource_lifecycle_64_assets_4096_objects,std_shared,cycle,10,396537,39653.7,17203200
74,19,async_queue_job_64_local_copies,own_local,job,100,102842,1028.42,150400
74,20,async_queue_job_1_local_copies,std_shared,job,100,55162,551.62,2000
74,21,group_setup_then_64_copies,own_local,group,1562,162340,103.930857875,2349248
74,22,group_setup_then_64_copies,std_shared,group,1562,1164262,745.366197183,2349248
74,23,frame_4096_draws_64_unique_leases,own_shared,frame,24,92758,3864.91666667,41287680
74,24,async_queue_job_1_local_copies,own_local,job,100,59708,597.08,2000
74,25,create_read_destroy,std_shared,asset,100000,1137853,11.37853,65000400000
74,26,contended_copy_2_workers,own_shared,copy,200000,2295915,11.479575,4700000
74,27,group_setup_then_8_copies,std_shared,group,12500,1305461,104.43688,2350000
74,28,group_setup_then_1_copies,own_local,group,100000,1887992,18.87992,2000000
74,29,share_read_drop,std_shared,handoff,100000,1175138,11.75138,2350000
74,30,localize_read_drop,std_shared,group,100000,1198613,11.98613,2350000
74,31,group_setup_then_1024_copies,std_shared,group,97,1171212,12074.3505155,2334208
74,32,copy_read_drop,own_local,copy,100000,121640,1.2164,2350000
74,33,group_setup_then_1024_copies,own_local,group,97,147448,1520.08247423,2334208
74,34,weak_lock_expired,std_shared,lock,100000,162730,1.6273,0
74,35,share_read_drop,own_shared,handoff,100000,441403,4.41403,2350000
74,36,frame_4096_draws_64_unique_leases,std_shared,frame,24,90734,3780.58333333,41287680
75,0,borrow_read,raw_borrow,read,100000,54401,0.54401,2350000
75,1,async_queue_job_1_local_copies,std_shared,job,100,83213,832.13,2000
75,2,weak_lock_live,own_shared,lock,100000,466780,4.6678,2350000
75,3,weak_lock_live,std_shared,lock,100000,930936,9.30936,2350000
75,4,group_setup_then_1024_copies,own_local,group,97,136782,1410.12371134,2334208
75,5,scene_4096_attachments,std_shared,attachment,98304,492398,5.00893147786,98304
75,6,group_setup_then_8_copies,own_local,group,12500,344981,27.59848,2350000
75,7,async_queue_job_1_local_copies,own_local,job,100,59478,594.78,2000
75,8,weak_lock_expired,std_shared,lock,100000,162480,1.6248,0
75,9,group_setup_then_8_copies,std_shared,group,12500,1263329,101.06632,2350000
75,10,contended_copy_2_workers,own_shared,copy,200000,2423424,12.11712,4700000
75,11,frame_4096_draws_64_unique_leases,std_shared,frame,24,89772,3740.5,41287680
75,12,group_setup_then_64_copies,std_shared,group,1562,1198302,767.158770807,2349248
75,13,copy_read_drop,std_shared,copy,100000,1157792,11.57792,2350000
75,14,group_setup_then_1_copies,std_shared,group,100000,2028630,20.2863,2000000
75,15,create_read_destroy,own_local,asset,100000,2236327,22.36327,65000400000
75,16,group_setup_then_64_copies,own_local,group,1562,197232,126.268886044,2349248
75,17,weak_lock_expired,own_shared,lock,100000,135641,1.35641,0
75,18,frame_4096_draws_64_unique_leases,own_shared,frame,24,92657,3860.70833333,41287680
75,19,resource_lifecycle_64_assets_4096_objects,std_shared,cycle,10,344659,34465.9,17203200
75,20,resource_lifecycle_64_assets_4096_objects,own_local,cycle,10,232224,23222.4,17203200
75,21,group_setup_then_1024_copies,std_shared,group,97,1433971,14783.2061856,2334208
75,22,copy_read_drop,own_shared,copy,100000,455193,4.55193,2350000
75,23,share_read_drop,std_shared,handoff,100000,1240585,12.40585,2350000
75,24,async_queue_job_1024_local_copies,std_shared,job,100,1637702,16377.02,2406400
75,25,localize_read_drop,std_shared,group,100000,1170360,11.7036,2350000
75,26,contended_copy_2_workers,std_shared,copy,200000,4789974,23.94987,4700000
75,27,share_read_drop,own_shared,handoff,100000,524887,5.24887,2350000
75,28,create_read_destroy,own_shared,asset,100000,1232853,12.32853,65000400000
75,29,async_queue_job_1024_local_copies,own_local,job,100,321756,3217.56,2406400
75,30,localize_read_drop,own_local,group,100000,1518746,15.18746,2350000
75,31,group_setup_then_1_copies,own_local,group,100000,1864928,18.64928,2000000
75,32,copy_read_drop,own_local,copy,100000,122020,1.2202,2350000
75,33,scene_4096_attachments,own_local,attachment,98304,149291,1.51866658529,98304
75,34,create_read_destroy,std_shared,asset,100000,1200506,12.00506,65000400000
75,35,async_queue_job_64_local_copies,std_shared,job,100,141759,1417.59,150400
75,36,async_queue_job_64_local_copies,own_local,job,100,64886,648.86,150400
76,0,frame_4096_draws_64_unique_leases,std_shared,frame,24,91235,3801.45833333,41287680
76,1,async_queue_job_64_local_copies,own_local,job,100,91225,912.25,150400
76,2,resource_lifecycle_64_assets_4096_objects,own_local,cycle,10,319652,31965.2,17203200
76,3,copy_read_drop,own_shared,copy,100000,455484,4.55484,2350000
76,4,share_read_drop,std_shared,handoff,100000,1205733,12.05733,2350000
76,5,async_queue_job_1_local_copies,std_shared,job,100,40420,404.2,2000
76,6,contended_copy_2_workers,std_shared,copy,200000,4915038,24.57519,4700000
76,7,create_read_destroy,own_shared,asset,100000,1308645,13.08645,65000400000
76,8,frame_4096_draws_64_unique_leases,own_shared,frame,24,92297,3845.70833333,41287680
76,9,group_setup_then_8_copies,own_local,group,12500,456825,36.546,2350000
76,10,localize_read_drop,std_shared,group,100000,1201427,12.01427,2350000
76,11,create_read_destroy,own_local,asset,100000,2176699,21.76699,65000400000
76,12,group_setup_then_1024_copies,std_shared,group,97,1168888,12050.3917526,2334208
76,13,weak_lock_live,std_shared,lock,100000,923976,9.23976,2350000
76,14,localize_read_drop,own_local,group,100000,1072145,10.72145,2350000
76,15,group_setup_then_1024_copies,own_local,group,97,137553,1418.07216495,2334208
76,16,group_setup_then_64_copies,own_local,group,1562,163702,104.802816901,2349248
76,17,async_queue_job_1024_local_copies,own_local,job,100,382336,3823.36,2406400
76,18,create_read_destroy,std_shared,asset,100000,1139906,11.39906,65000400000
76,19,weak_lock_expired,std_shared,lock,100000,162651,1.62651,0
76,20,async_queue_job_64_local_copies,std_shared,job,100,205254,2052.54,150400
76,21,weak_lock_live,own_shared,lock,100000,464266,4.64266,2350000
76,22,scene_4096_attachments,std_shared,attachment,98304,492689,5.01189168294,98304
76,23,share_read_drop,own_shared,handoff,100000,454232,4.54232,2350000
76,24,async_queue_job_1024_local_copies,std_shared,job,100,1694396,16943.96,2406400
76,25,group_setup_then_8_copies,std_shared,group,12500,1258792,100.70336,2350000
76,26,scene_4096_attachments,own_local,attachment,98304,158915,1.61656697591,98304
76,27,weak_lock_expired,own_shared,lock,100000,135480,1.3548,0
76,28,group_setup_then_1_copies,own_local,group,100000,1911637,19.11637,2000000
76,29,async_queue_job_1_local_copies,own_local,job,100,59167,591.67,2000
76,30,contended_copy_2_workers,own_shared,copy,200000,2463433,12.317165,4700000
76,31,group_setup_then_1_copies,std_shared,group,100000,1862474,18.62474,2000000
76,32,copy_read_drop,std_shared,copy,100000,1188117,11.88117,2350000
76,33,copy_read_drop,own_local,copy,100000,132586,1.32586,2350000
76,34,resource_lifecycle_64_assets_4096_objects,std_shared,cycle,10,353824,35382.4,17203200
76,35,group_setup_then_64_copies,std_shared,group,1562,1170982,749.66837388,2349248
76,36,borrow_read,raw_borrow,read,100000,54350,0.5435,2350000
77,0,weak_lock_live,std_shared,lock,100000,913711,9.13711,2350000
77,1,group_setup_then_1_copies,own_local,group,100000,1873441,18.73441,2000000
77,2,weak_lock_expired,std_shared,lock,100000,162691,1.62691,0
77,3,group_setup_then_1024_copies,own_local,group,97,136772,1410.02061856,2334208
77,4,group_setup_then_64_copies,std_shared,group,1562,1156871,740.634443022,2349248
77,5,async_queue_job_1_local_copies,std_shared,job,100,57175,571.75,2000
77,6,localize_read_drop,own_local,group,100000,1576541,15.76541,2350000
77,7,copy_read_drop,std_shared,copy,100000,1164262,11.64262,2350000
77,8,async_queue_job_64_local_copies,std_shared,job,100,202349,2023.49,150400
77,9,localize_read_drop,std_shared,group,100000,1326051,13.26051,2350000
77,10,frame_4096_draws_64_unique_leases,own_shared,frame,24,90735,3780.625,41287680
77,11,share_read_drop,std_shared,handoff,100000,1477786,14.77786,2350000
77,12,weak_lock_expired,own_shared,lock,100000,190271,1.90271,0
77,13,async_queue_job_64_local_copies,own_local,job,100,65788,657.88,150400
77,14,copy_read_drop,own_local,copy,100000,145084,1.45084,2350000
77,15,frame_4096_draws_64_unique_leases,std_shared,frame,24,90323,3763.45833333,41287680
77,16,share_read_drop,own_shared,handoff,100000,441213,4.41213,2350000
77,17,create_read_destroy,own_shared,asset,100000,1280484,12.80484,65000400000
77,18,contended_copy_2_workers,std_shared,copy,200000,5151248,25.75624,4700000
77,19,borrow_read,raw_borrow,read,100000,77945,0.77945,2350000
77,20,group_setup_then_64_copies,own_local,group,1562,185184,118.555697823,2349248
77,21,group_setup_then_8_copies,own_local,group,12500,342367,27.38936,2350000
77,22,group_setup_then_8_copies,std_shared,group,12500,1331079,106.48632,2350000
77,23,create_read_destroy,own_local,asset,100000,2149479,21.49479,65000400000
77,24,async_queue_job_1024_local_copies,own_local,job,100,363197,3631.97,2406400
77,25,weak_lock_live,own_shared,lock,100000,450426,4.50426,2350000
77,26,copy_read_drop,own_shared,copy,100000,469765,4.69765,2350000
77,27,scene_4096_attachments,own_local,attachment,98304,147528,1.50073242188,98304
77,28,resource_lifecycle_64_assets_4096_objects,std_shared,cycle,10,389577,38957.7,17203200
77,29,scene_4096_attachments,std_shared,attachment,98304,511827,5.20657348633,98304
77,30,group_setup_then_1_copies,std_shared,group,100000,1894401,18.94401,2000000
77,31,async_queue_job_1024_local_copies,std_shared,job,100,1660556,16605.56,2406400
77,32,group_setup_then_1024_copies,std_shared,group,97,1202548,12397.4020619,2334208
77,33,async_queue_job_1_local_copies,own_local,job,100,40620,406.2,2000
77,34,contended_copy_2_workers,own_shared,copy,200000,3041207,15.206035,4700000
77,35,create_read_destroy,std_shared,asset,100000,1100948,11.00948,65000400000
77,36,resource_lifecycle_64_assets_4096_objects,own_local,cycle,10,230941,23094.1,17203200
78,0,borrow_read,raw_borrow,read,100000,54220,0.5422,2350000
78,1,async_queue_job_1_local_copies,own_local,job,100,55893,558.93,2000
78,2,async_queue_job_64_local_copies,std_shared,job,100,186075,1860.75,150400
78,3,localize_read_drop,own_local,group,100000,1071615,10.71615,2350000
78,4,group_setup_then_64_copies,std_shared,group,1562,1159725,742.461587708,2349248
78,5,async_queue_job_1_local_copies,std_shared,job,100,41071,410.71,2000
78,6,create_read_destroy,own_local,asset,100000,2130381,21.30381,65000400000
78,7,frame_4096_draws_64_unique_leases,own_shared,frame,24,91014,3792.25,41287680
78,8,weak_lock_live,std_shared,lock,100000,925178,9.25178,2350000
78,9,contended_copy_2_workers,own_shared,copy,200000,1996032,9.98016,4700000
78,10,create_read_destroy,own_shared,asset,100000,1345289,13.45289,65000400000
78,11,scene_4096_attachments,own_local,attachment,98304,145875,1.48391723633,98304
78,12,frame_4096_draws_64_unique_leases,std_shared,frame,24,119987,4999.45833333,41287680
78,13,weak_lock_expired,own_shared,lock,100000,146917,1.46917,0
78,14,contended_copy_2_workers,std_shared,copy,200000,5249563,26.247815,4700000
78,15,resource_lifecycle_64_assets_4096_objects,own_local,cycle,10,233426,23342.6,17203200
78,16,share_read_drop,own_shared,handoff,100000,464587,4.64587,2350000
78,17,create_read_destroy,std_shared,asset,100000,1175429,11.75429,65000400000
78,18,async_queue_job_1024_local_copies,own_local,job,100,400432,4004.32,2406400
78,19,weak_lock_live,own_shared,lock,100000,470206,4.70206,2350000
78,20,weak_lock_expired,std_shared,lock,100000,162500,1.625,0
78,21,copy_read_drop,own_shared,copy,100000,455193,4.55193,2350000
78,22,group_setup_then_64_copies,own_local,group,1562,165214,105.770806658,2349248
78,23,scene_4096_attachments,std_shared,attachment,98304,509654,5.18446858724,98304
78,24,share_read_drop,std_shared,handoff,100000,1172734,11.72734,2350000
78,25,group_setup_then_1024_copies,std_shared,group,97,1170481,12066.814433,2334208
78,26,group_setup_then_8_copies,std_shared,group,12500,1290118,103.20944,2350000
78,27,group_setup_then_1_copies,own_local,group,100000,2066306,20.66306,2000000
78,28,async_queue_job_64_local_copies,own_local,job,100,60109,601.09,150400
78,29,group_setup_then_1024_copies,own_local,group,97,137383,1416.31958763,2334208
78,30,group_setup_then_8_copies,own_local,group,12500,391338,31.30704,2350000
78,31,async_queue_job_1024_local_copies,std_shared,job,100,1603401,16034.01,2406400
78,32,group_setup_then_1_copies,std_shared,group,100000,1897757,18.97757,2000000
78,33,copy_read_drop,own_local,copy,100000,121770,1.2177,2350000
78,34,copy_read_drop,std_shared,copy,100000,1164181,11.64181,2350000
78,35,localize_read_drop,std_shared,group,100000,1168017,11.68017,2350000
78,36,resource_lifecycle_64_assets_4096_objects,std_shared,cycle,10,352621,35262.1,17203200
79,0,group_setup_then_1_copies,own_local,group,100000,1839941,18.39941,2000000
79,1,frame_4096_draws_64_unique_leases,own_shared,frame,24,107940,4497.5,41287680
79,2,localize_read_drop,own_local,group,100000,1079467,10.79467,2350000
79,3,weak_lock_live,std_shared,lock,100000,912510,9.1251,2350000
79,4,async_queue_job_64_local_copies,std_shared,job,100,204863,2048.63,150400
79,5,group_setup_then_1_copies,std_shared,group,100000,1895323,18.95323,2000000
79,6,copy_read_drop,std_shared,copy,100000,1157952,11.57952,2350000
79,7,share_read_drop,own_shared,handoff,100000,441633,4.41633,2350000
79,8,weak_lock_expired,std_shared,lock,100000,162620,1.6262,0
79,9,copy_read_drop,own_local,copy,100000,135060,1.3506,2350000
79,10,create_read_destroy,std_shared,asset,100000,1136251,11.36251,65000400000
79,11,contended_copy_2_workers,own_shared,copy,200000,2966447,14.832235,4700000
79,12,localize_read_drop,std_shared,group,100000,1229829,12.29829,2350000
79,13,scene_4096_attachments,own_local,attachment,98304,146476,1.49003092448,98304
79,14,copy_read_drop,own_shared,copy,100000,484887,4.84887,2350000
79,15,frame_4096_draws_64_unique_leases,std_shared,frame,24,90124,3755.16666667,41287680
79,16,group_setup_then_8_copies,std_shared,group,12500,1286402,102.91216,2350000
79,17,async_queue_job_1_local_copies,std_shared,job,100,53790,537.9,2000
79,18,contended_copy_2_workers,std_shared,copy,200000,4994456,24.97228,4700000
79,19,create_read_destroy,own_shared,asset,100000,1308675,13.08675,65000400000
79,20,share_read_drop,std_shared,handoff,100000,1193485,11.93485,2350000
79,21,group_setup_then_64_copies,own_local,group,1562,186976,119.702944942,2349248
79,22,async_queue_job_1024_local_copies,std_shared,job,100,1645574,16455.74,2406400
79,23,resource_lifecycle_64_assets_4096_objects,own_local,cycle,10,305893,30589.3,17203200
79,24,group_setup_then_1024_copies,own_local,group,97,138265,1425.41237113,2334208
79,25,create_read_destroy,own_local,asset,100000,2124993,21.24993,65000400000
79,26,group_setup_then_1024_copies,std_shared,group,97,1150822,11864.1443299,2334208
79,27,group_setup_then_8_copies,own_local,group,12500,337929,27.03432,2350000
79,28,async_queue_job_64_local_copies,own_local,job,100,74310,743.1,150400
79,29,scene_4096_attachments,std_shared,attachment,98304,520219,5.29194132487,98304
79,30,group_setup_then_64_copies,std_shared,group,1562,1163370,744.795134443,2349248
79,31,borrow_read,raw_borrow,read,100000,54560,0.5456,2350000
79,32,resource_lifecycle_64_assets_4096_objects,std_shared,cycle,10,363337,36333.7,17203200
79,33,async_queue_job_1024_local_copies,own_local,job,100,409876,4098.76,2406400
79,34,weak_lock_live,own_shared,lock,100000,450346,4.50346,2350000
79,35,async_queue_job_1_local_copies,own_local,job,100,33960,339.6,2000
79,36,weak_lock_expired,own_shared,lock,100000,146967,1.46967,0
80,0,resource_lifecycle_64_assets_4096_objects,own_local,cycle,10,227126,22712.6,17203200
80,1,async_queue_job_64_local_copies,own_local,job,100,45888,458.88,150400
80,2,async_queue_job_1024_local_copies,own_local,job,100,377038,3770.38,2406400
80,3,group_setup_then_1_copies,std_shared,group,100000,1882394,18.82394,2000000
80,4,frame_4096_draws_64_unique_leases,std_shared,frame,24,89883,3745.125,41287680
80,5,async_queue_job_1024_local_copies,std_shared,job,100,1630992,16309.92,2406400
80,6,create_read_destroy,own_local,asset,100000,2114037,21.14037,65000400000
80,7,async_queue_job_1_local_copies,std_shared,job,100,44857,448.57,2000
80,8,async_queue_job_1_local_copies,own_local,job,100,35383,353.83,2000
80,9,share_read_drop,own_shared,handoff,100000,452890,4.5289,2350000
80,10,scene_4096_attachments,std_shared,attachment,98304,492208,5.00699869792,98304
80,11,group_setup_then_8_copies,own_local,group,12500,331210,26.4968,2350000
80,12,contended_copy_2_workers,std_shared,copy,200000,5823662,29.11831,4700000
80,13,weak_lock_live,own_shared,lock,100000,470626,4.70626,2350000
80,14,async_queue_job_64_local_copies,std_shared,job,100,211743,2117.43,150400
80,15,share_read_drop,std_shared,handoff,100000,1179344,11.79344,2350000
80,16,weak_lock_live,std_shared,lock,100000,904428,9.04428,2350000
80,17,localize_read_drop,own_local,group,100000,1101839,11.01839,2350000
80,18,frame_4096_draws_64_unique_leases,own_shared,frame,24,92927,3871.95833333,41287680
80,19,copy_read_drop,own_shared,copy,100000,512138,5.12138,2350000
80,20,group_setup_then_64_copies,own_local,group,1562,178694,114.400768246,2349248
80,21,weak_lock_expired,std_shared,lock,100000,162521,1.62521,0
80,22,group_setup_then_1024_copies,std_shared,group,97,1141558,11768.6391753,2334208
80,23,resource_lifecycle_64_assets_4096_objects,std_shared,cycle,10,353773,35377.3,17203200
80,24,group_setup_then_1_copies,own_local,group,100000,1871998,18.71998,2000000
80,25,group_setup_then_64_copies,std_shared,group,1562,1182359,756.951984635,2349248
80,26,borrow_read,raw_borrow,read,100000,54331,0.54331,2350000
80,27,weak_lock_expired,own_shared,lock,100000,135480,1.3548,0
80,28,copy_read_drop,own_local,copy,100000,122331,1.22331,2350000
80,29,copy_read_drop,std_shared,copy,100000,1158383,11.58383,2350000
80,30,scene_4096_attachments,own_local,attachment,98304,147598,1.5014444987,98304
80,31,localize_read_drop,std_shared,group,100000,1186224,11.86224,2350000
80,32,group_setup_then_1024_copies,own_local,group,97,149851,1544.8556701,2334208
80,33,create_read_destroy,own_shared,asset,100000,1218321,12.18321,65000400000
80,34,create_read_destroy,std_shared,asset,100000,1343116,13.43116,65000400000
80,35,contended_copy_2_workers,own_shared,copy,200000,2261514,11.30757,4700000
80,36,group_setup_then_8_copies,std_shared,group,12500,1415523,113.24184,2350000
81,0,contended_copy_2_workers,own_shared,copy,200000,2431416,12.15708,4700000
81,1,copy_read_drop,std_shared,copy,100000,1168978,11.68978,2350000
81,2,create_read_destroy,std_shared,asset,100000,1145825,11.45825,65000400000
81,3,share_read_drop,std_shared,handoff,100000,1177712,11.77712,2350000
81,4,async_queue_job_64_local_copies,own_local,job,100,74490,744.9,150400
81,5,frame_4096_draws_64_unique_leases,std_shared,frame,24,90864,3786,41287680
81,6,create_read_destroy,own_shared,asset,100000,1234746,12.34746,65000400000
81,7,group_setup_then_1_copies,std_shared,group,100000,1887952,18.87952,2000000
81,8,share_read_drop,own_shared,handoff,100000,471237,4.71237,2350000
81,9,create_read_destroy,own_local,asset,100000,2118794,21.18794,65000400000
81,10,weak_lock_expired,std_shared,lock,100000,162651,1.62651,0
81,11,localize_read_drop,std_shared,group,100000,1206925,12.06925,2350000
81,12,scene_4096_attachments,own_local,attachment,98304,147978,1.50531005859,98304
81,13,async_queue_job_1024_local_copies,std_shared,job,100,1728967,17289.67,2406400
81,14,contended_copy_2_workers,std_shared,copy,200000,5334800,26.674,4700000
81,15,frame_4096_draws_64_unique_leases,own_shared,frame,24,93138,3880.75,41287680
81,16,group_setup_then_64_copies,std_shared,group,1562,1219513,780.73815621,2349248
81,17,resource_lifecycle_64_assets_4096_objects,std_shared,cycle,10,340774,34077.4,17203200
81,18,async_queue_job_1_local_copies,std_shared,job,100,49964,499.64,2000
81,19,weak_lock_live,std_shared,lock,100000,916656,9.16656,2350000
81,20,weak_lock_live,own_shared,lock,100000,450046,4.50046,2350000
81,21,group_setup_then_8_copies,std_shared,group,12500,1276958,102.15664,2350000
81,22,borrow_read,raw_borrow,read,100000,54360,0.5436,2350000
81,23,resource_lifecycle_64_assets_4096_objects,own_local,cycle,10,230070,23007,17203200
81,24,async_queue_job_1024_local_copies,own_local,job,100,444607,4446.07,2406400
81,25,copy_read_drop,own_shared,copy,100000,475273,4.75273,2350000
81,26,async_queue_job_1_local_copies,own_local,job,100,35693,356.93,2000
81,27,group_setup_then_1024_copies,own_local,group,97,136192,1404.04123711,2334208
81,28,copy_read_drop,own_local,copy,100000,121289,1.21289,2350000
81,29,async_queue_job_64_local_copies,std_shared,job,100,214838,2148.38,150400
81,30,weak_lock_expired,own_shared,lock,100000,243751,2.43751,0
81,31,scene_4096_attachments,std_shared,attachment,98304,492959,5.01463826497,98304
81,32,group_setup_then_1024_copies,std_shared,group,97,1305290,13456.5979381,2334208
81,33,group_setup_then_1_copies,own_local,group,100000,1868964,18.68964,2000000
81,34,localize_read_drop,own_local,group,100000,1119546,11.19546,2350000
81,35,group_setup_then_64_copies,own_local,group,1562,186446,119.363636364,2349248
81,36,group_setup_then_8_copies,own_local,group,12500,332762,26.62096,2350000
82,0,group_setup_then_64_copies,std_shared,group,1562,1190991,762.478233035,2349248
82,1,localize_read_drop,std_shared,group,100000,1169800,11.698,2350000
82,2,weak_lock_expired,std_shared,lock,100000,162841,1.62841,0
82,3,weak_lock_live,std_shared,lock,100000,904167,9.04167,2350000
82,4,create_read_destroy,own_local,asset,100000,2103200,21.032,65000400000
82,5,group_setup_then_8_copies,own_local,group,12500,344390,27.5512,2350000
82,6,resource_lifecycle_64_assets_4096_objects,std_shared,cycle,10,336928,33692.8,17203200
82,7,copy_read_drop,own_local,copy,100000,122231,1.22231,2350000
82,8,async_queue_job_64_local_copies,std_shared,job,100,188249,1882.49,150400
82,9,async_queue_job_1024_local_copies,own_local,job,100,390147,3901.47,2406400
82,10,create_read_destroy,own_shared,asset,100000,1208026,12.08026,65000400000
82,11,async_queue_job_64_local_copies,own_local,job,100,48822,488.22,150400
82,12,resource_lifecycle_64_assets_4096_objects,own_local,cycle,10,226645,22664.5,17203200
82,13,copy_read_drop,std_shared,copy,100000,1174206,11.74206,2350000
82,14,group_setup_then_1024_copies,std_shared,group,97,1159565,11954.2783505,2334208
82,15,group_setup_then_8_copies,std_shared,group,12500,1263478,101.07824,2350000
82,16,borrow_read,raw_borrow,read,100000,54220,0.5422,2350000
82,17,group_setup_then_1024_copies,own_local,group,97,138004,1422.72164948,2334208
82,18,frame_4096_draws_64_unique_leases,std_shared,frame,24,91275,3803.125,41287680
82,19,share_read_drop,std_shared,handoff,100000,1180005,11.80005,2350000
82,20,group_setup_then_1_copies,own_local,group,100000,1845088,18.45088,2000000
82,21,group_setup_then_1_copies,std_shared,group,100000,1881101,18.81101,2000000
82,22,contended_copy_2_workers,std_shared,copy,200000,4556368,22.78184,4700000
82,23,async_queue_job_1024_local_copies,std_shared,job,100,1638292,16382.92,2406400
82,24,weak_lock_live,own_shared,lock,100000,475983,4.75983,2350000
82,25,frame_4096_draws_64_unique_leases,own_shared,frame,24,91756,3823.16666667,41287680
82,26,async_queue_job_1_local_copies,std_shared,job,100,41111,411.11,2000
82,27,scene_4096_attachments,std_shared,attachment,98304,493990,5.02512613932,98304
82,28,scene_4096_attachments,own_local,attachment,98304,204703,2.08234659831,98304
82,29,group_setup_then_64_copies,own_local,group,1562,183511,117.484635083,2349248
82,30,share_read_drop,own_shared,handoff,100000,442795,4.42795,2350000
82,31,async_queue_job_1_local_copies,own_local,job,100,43705,437.05,2000
82,32,copy_read_drop,own_shared,copy,100000,476725,4.76725,2350000
82,33,create_read_destroy,std_shared,asset,100000,1098895,10.98895,65000400000
82,34,contended_copy_2_workers,own_shared,copy,200000,1954981,9.774905,4700000
82,35,weak_lock_expired,own_shared,lock,100000,145345,1.45345,0
82,36,localize_read_drop,own_local,group,100000,1054680,10.5468,2350000
83,0,weak_lock_live,own_shared,lock,100000,463706,4.63706,2350000
83,1,group_setup_then_1_copies,std_shared,group,100000,1850467,18.50467,2000000
83,2,async_queue_job_64_local_copies,own_local,job,100,67640,676.4,150400
83,3,localize_read_drop,std_shared,group,100000,1219033,12.19033,2350000
83,4,group_setup_then_8_copies,own_local,group,12500,332191,26.57528,2350000
83,5,weak_lock_expired,std_shared,lock,100000,162540,1.6254,0
83,6,resource_lifecycle_64_assets_4096_objects,own_local,cycle,10,232614,23261.4,17203200
83,7,share_read_drop,std_shared,handoff,100000,1180205,11.80205,2350000
83,8,scene_4096_attachments,own_local,attachment,98304,146937,1.49472045898,98304
83,9,group_setup_then_1_copies,own_local,group,100000,1897846,18.97846,2000000
83,10,resource_lifecycle_64_assets_4096_objects,std_shared,cycle,10,335496,33549.6,17203200
83,11,group_setup_then_64_copies,own_local,group,1562,165244,105.790012804,2349248
83,12,async_queue_job_1024_local_copies,std_shared,job,100,1646094,16460.94,2406400
83,13,create_read_destroy,own_shared,asset,100000,1235076,12.35076,65000400000
83,14,frame_4096_draws_64_unique_leases,own_shared,frame,24,92838,3868.25,41287680
83,15,contended_copy_2_workers,own_shared,copy,200000,2377696,11.88848,4700000
83,16,weak_lock_live,std_shared,lock,100000,913080,9.1308,2350000
83,17,localize_read_drop,own_local,group,100000,1138344,11.38344,2350000
83,18,async_queue_job_1_local_copies,std_shared,job,100,55022,550.22,2000
83,19,contended_copy_2_workers,std_shared,copy,200000,5343532,26.71766,4700000
83,20,scene_4096_attachments,std_shared,attachment,98304,1074539,10.9307759603,98304
83,21,group_setup_then_64_copies,std_shared,group,1562,1196580,766.056338028,2349248
83,22,group_setup_then_8_copies,std_shared,group,12500,1652474,132.19792,2350000
83,23,borrow_read,raw_borrow,read,100000,54491,0.54491,2350000
83,24,group_setup_then_1024_copies,std_shared,group,97,1147397,11828.8350515,2334208
83,25,frame_4096_draws_64_unique_leases,std_shared,frame,24,90644,3776.83333333,41287680
83,26,copy_read_drop,own_shared,copy,100000,499559,4.99559,2350000
83,27,group_setup_then_1024_copies,own_local,group,97,139296,1436.04123711,2334208
83,28,async_queue_job_1_local_copies,own_local,job,100,66758,667.58,2000
83,29,copy_read_drop,own_local,copy,100000,121399,1.21399,2350000
83,30,weak_lock_expired,own_shared,lock,100000,135591,1.35591,0
83,31,copy_read_drop,std_shared,copy,100000,1166024,11.66024,2350000
83,32,async_queue_job_1024_local_copies,own_local,job,100,402034,4020.34,2406400
83,33,async_queue_job_64_local_copies,std_shared,job,100,183361,1833.61,150400
83,34,share_read_drop,own_shared,handoff,100000,444838,4.44838,2350000
83,35,create_read_destroy,own_local,asset,100000,2120146,21.20146,65000400000
83,36,create_read_destroy,std_shared,asset,100000,1122200,11.222,65000400000
84,0,copy_read_drop,own_local,copy,100000,121279,1.21279,2350000
84,1,frame_4096_draws_64_unique_leases,std_shared,frame,24,159165,6631.875,41287680
84,2,async_queue_job_64_local_copies,own_local,job,100,746143,7461.43,150400
84,3,async_queue_job_64_local_copies,std_shared,job,100,290079,2900.79,150400
84,4,group_setup_then_1024_copies,own_local,group,97,138856,1431.50515464,2334208
84,5,contended_copy_2_workers,std_shared,copy,200000,5111439,25.557195,4700000
84,6,weak_lock_expired,own_shared,lock,100000,138005,1.38005,0
84,7,group_setup_then_8_copies,own_local,group,12500,390097,31.20776,2350000
84,8,contended_copy_2_workers,own_shared,copy,200000,2642808,13.21404,4700000
84,9,async_queue_job_1024_local_copies,std_shared,job,100,1642970,16429.7,2406400
84,10,group_setup_then_64_copies,own_local,group,1562,163913,104.937900128,2349248
84,11,group_setup_then_64_copies,std_shared,group,1562,1167016,747.129321383,2349248
84,12,localize_read_drop,own_local,group,100000,1082210,10.8221,2350000
84,13,create_read_destroy,own_shared,asset,100000,1322216,13.22216,65000400000
84,14,resource_lifecycle_64_assets_4096_objects,own_local,cycle,10,234867,23486.7,17203200
84,15,weak_lock_live,own_shared,lock,100000,450426,4.50426,2350000
84,16,create_read_destroy,own_local,asset,100000,2135097,21.35097,65000400000
84,17,scene_4096_attachments,own_local,attachment,98304,147959,1.5051167806,98304
84,18,create_read_destroy,std_shared,asset,100000,1239573,12.39573,65000400000
84,19,share_read_drop,std_shared,handoff,100000,1451056,14.51056,2350000
84,20,resource_lifecycle_64_assets_4096_objects,std_shared,cycle,10,387503,38750.3,17203200
84,21,group_setup_then_8_copies,std_shared,group,12500,1296307,103.70456,2350000
84,22,async_queue_job_1_local_copies,own_local,job,100,51647,516.47,2000
84,23,group_setup_then_1_copies,std_shared,group,100000,1888683,18.88683,2000000
84,24,copy_read_drop,std_shared,copy,100000,1180616,11.80616,2350000
84,25,scene_4096_attachments,std_shared,attachment,98304,535082,5.44313557943,98304
84,26,frame_4096_draws_64_unique_leases,own_shared,frame,24,95871,3994.625,41287680
84,27,localize_read_drop,std_shared,group,100000,1181698,11.81698,2350000
84,28,async_queue_job_1024_local_copies,own_local,job,100,424288,4242.88,2406400
84,29,weak_lock_expired,std_shared,lock,100000,166266,1.66266,0
84,30,group_setup_then_1024_copies,std_shared,group,97,1164141,12001.4536082,2334208
84,31,copy_read_drop,own_shared,copy,100000,455213,4.55213,2350000
84,32,share_read_drop,own_shared,handoff,100000,477817,4.77817,2350000
84,33,borrow_read,raw_borrow,read,100000,54330,0.5433,2350000
84,34,weak_lock_live,std_shared,lock,100000,916396,9.16396,2350000
84,35,group_setup_then_1_copies,own_local,group,100000,1863486,18.63486,2000000
84,36,async_queue_job_1_local_copies,std_shared,job,100,76513,765.13,2000
85,0,async_queue_job_1_local_copies,own_local,job,100,50385,503.85,2000
85,1,weak_lock_live,std_shared,lock,100000,1126516,11.26516,2350000
85,2,weak_lock_expired,own_shared,lock,100000,135621,1.35621,0
85,3,contended_copy_2_workers,std_shared,copy,200000,4080267,20.401335,4700000
85,4,group_setup_then_1_copies,own_local,group,100000,1864749,18.64749,2000000
85,5,async_queue_job_1024_local_copies,own_local,job,100,392330,3923.3,2406400
85,6,share_read_drop,std_shared,handoff,100000,1283930,12.8393,2350000
85,7,resource_lifecycle_64_assets_4096_objects,std_shared,cycle,10,339382,33938.2,17203200
85,8,copy_read_drop,own_local,copy,100000,121310,1.2131,2350000
85,9,weak_lock_live,own_shared,lock,100000,472499,4.72499,2350000
85,10,create_read_destroy,own_local,asset,100000,2213965,22.13965,65000400000
85,11,weak_lock_expired,std_shared,lock,100000,162740,1.6274,0
85,12,contended_copy_2_workers,own_shared,copy,200000,2458166,12.29083,4700000
85,13,group_setup_then_64_copies,own_local,group,1562,193066,123.601792574,2349248
85,14,scene_4096_attachments,std_shared,attachment,98304,494862,5.03399658203,98304
85,15,group_setup_then_64_copies,std_shared,group,1562,1158644,741.769526248,2349248
85,16,async_queue_job_64_local_copies,own_local,job,100,76523,765.23,150400
85,17,create_read_destroy,own_shared,asset,100000,1312151,13.12151,65000400000
85,18,group_setup_then_8_copies,std_shared,group,12500,1241737,99.33896,2350000
85,19,frame_4096_draws_64_unique_leases,std_shared,frame,24,91836,3826.5,41287680
85,20,frame_4096_draws_64_unique_leases,own_shared,frame,24,93829,3909.54166667,41287680
85,21,localize_read_drop,own_local,group,100000,1067299,10.67299,2350000
85,22,group_setup_then_1024_copies,own_local,group,97,136983,1412.19587629,2334208
85,23,create_read_destroy,std_shared,asset,100000,1108841,11.08841,65000400000
85,24,share_read_drop,own_shared,handoff,100000,454032,4.54032,2350000
85,25,async_queue_job_1024_local_copies,std_shared,job,100,1638273,16382.73,2406400
85,26,async_queue_job_1_local_copies,std_shared,job,100,33921,339.21,2000
85,27,async_queue_job_64_local_copies,std_shared,job,100,203481,2034.81,150400
85,28,localize_read_drop,std_shared,group,100000,1183140,11.8314,2350000
85,29,resource_lifecycle_64_assets_4096_objects,own_local,cycle,10,230621,23062.1,17203200
85,30,copy_read_drop,own_shared,copy,100000,468523,4.68523,2350000
85,31,scene_4096_attachments,own_local,attachment,98304,147669,1.50216674805,98304
85,32,group_setup_then_1024_copies,std_shared,group,97,1144584,11799.8350515,2334208
85,33,group_setup_then_1_copies,std_shared,group,100000,1895243,18.95243,2000000
85,34,copy_read_drop,std_shared,copy,100000,1163551,11.63551,2350000
85,35,group_setup_then_8_copies,own_local,group,12500,344609,27.56872,2350000
85,36,borrow_read,raw_borrow,read,100000,54220,0.5422,2350000
86,0,weak_lock_live,std_shared,lock,100000,909665,9.09665,2350000
86,1,localize_read_drop,std_shared,group,100000,1180396,11.80396,2350000
86,2,localize_read_drop,own_local,group,100000,1064054,10.64054,2350000
86,3,async_queue_job_64_local_copies,own_local,job,100,69713,697.13,150400
86,4,group_setup_then_64_copies,own_local,group,1562,164594,105.373879641,2349248
86,5,copy_read_drop,own_shared,copy,100000,457867,4.57867,2350000
86,6,async_queue_job_1_local_copies,std_shared,job,100,47921,479.21,2000
86,7,borrow_read,raw_borrow,read,100000,54200,0.542,2350000
86,8,weak_lock_live,own_shared,lock,100000,462003,4.62003,2350000
86,9,async_queue_job_64_local_copies,std_shared,job,100,187938,1879.38,150400
86,10,contended_copy_2_workers,own_shared,copy,200000,2405759,12.028795,4700000
86,11,create_read_destroy,own_local,asset,100000,2195317,21.95317,65000400000
86,12,create_read_destroy,std_shared,asset,100000,1180476,11.80476,65000400000
86,13,weak_lock_expired,own_shared,lock,100000,135911,1.35911,0
86,14,copy_read_drop,std_shared,copy,100000,1183300,11.833,2350000
86,15,resource_lifecycle_64_assets_4096_objects,std_shared,cycle,10,338901,33890.1,17203200
86,16,group_setup_then_1_copies,std_shared,group,100000,1884428,18.84428,2000000
86,17,share_read_drop,own_shared,handoff,100000,470566,4.70566,2350000
86,18,share_read_drop,std_shared,handoff,100000,1178153,11.78153,2350000
86,19,create_read_destroy,own_shared,asset,100000,1212073,12.12073,65000400000
86,20,async_queue_job_1_local_copies,own_local,job,100,55963,559.63,2000
86,21,copy_read_drop,own_local,copy,100000,121950,1.2195,2350000
86,22,async_queue_job_1024_local_copies,own_local,job,100,633578,6335.78,2406400
86,23,group_setup_then_1024_copies,own_local,group,97,139246,1435.5257732,2334208
86,24,group_setup_then_8_copies,std_shared,group,12500,1257701,100.61608,2350000
86,25,resource_lifecycle_64_assets_4096_objects,own_local,cycle,10,240717,24071.7,17203200
86,26,frame_4096_draws_64_unique_leases,own_shared,frame,24,91766,3823.58333333,41287680
86,27,weak_lock_expired,std_shared,lock,100000,162841,1.62841,0
86,28,group_setup_then_1024_copies,std_shared,group,97,1207196,12445.3195876,2334208
86,29,async_queue_job_1024_local_copies,std_shared,job,100,1771941,17719.41,2406400
86,30,group_setup_then_8_copies,own_local,group,12500,332091,26.56728,2350000
86,31,contended_copy_2_workers,std_shared,copy,200000,4294122,21.47061,4700000
86,32,scene_4096_attachments,own_local,attachment,98304,150913,1.53516642253,98304
86,33,frame_4096_draws_64_unique_leases,std_shared,frame,24,92386,3849.41666667,41287680
86,34,group_setup_then_1_copies,own_local,group,100000,1880061,18.80061,2000000
86,35,group_setup_then_64_copies,std_shared,group,1562,1176720,753.341869398,2349248
86,36,scene_4096_attachments,std_shared,attachment,98304,492809,5.01311238607,98304
87,0,group_setup_then_1024_copies,own_local,group,97,174918,1803.27835052,2334208
87,1,copy_read_drop,std_shared,copy,100000,1157843,11.57843,2350000
87,2,weak_lock_live,own_shared,lock,100000,450666,4.50666,2350000
87,3,share_read_drop,std_shared,handoff,100000,1178082,11.78082,2350000
87,4,frame_4096_draws_64_unique_leases,std_shared,frame,24,88892,3703.83333333,41287680
87,5,group_setup_then_64_copies,std_shared,group,1562,1204031,770.826504481,2349248
87,6,frame_4096_draws_64_unique_leases,own_shared,frame,24,91516,3813.16666667,41287680
87,7,weak_lock_expired,own_shared,lock,100000,135581,1.35581,0
87,8,group_setup_then_1_copies,std_shared,group,100000,1859080,18.5908,2000000
87,9,share_read_drop,own_shared,handoff,100000,441232,4.41232,2350000
87,10,async_queue_job_1_local_copies,std_shared,job,100,61711,617.11,2000
87,11,group_setup_then_8_copies,std_shared,group,12500,1274636,101.97088,2350000
87,12,group_setup_then_1_copies,own_local,group,100000,1827123,18.27123,2000000
87,13,scene_4096_attachments,own_local,attachment,98304,158455,1.61188761393,98304
87,14,borrow_read,raw_borrow,read,100000,54530,0.5453,2350000
87,15,copy_read_drop,own_local,copy,100000,121250,1.2125,2350000
87,16,contended_copy_2_workers,own_shared,copy,200000,2408273,12.041365,4700000
87,17,weak_lock_expired,std_shared,lock,100000,162721,1.62721,0
87,18,async_queue_job_64_local_copies,own_local,job,100,86628,866.28,150400
87,19,resource_lifecycle_64_assets_4096_objects,own_local,cycle,10,250050,25005,17203200
87,20,localize_read_drop,own_local,group,100000,1052197,10.52197,2350000
87,21,async_queue_job_1024_local_copies,own_local,job,100,386332,3863.32,2406400
87,22,create_read_destroy,std_shared,asset,100000,1127378,11.27378,65000400000
87,23,contended_copy_2_workers,std_shared,copy,200000,4391066,21.95533,4700000
87,24,async_queue_job_1_local_copies,own_local,job,100,103063,1030.63,2000
87,25,localize_read_drop,std_shared,group,100000,1178994,11.78994,2350000
87,26,create_read_destroy,own_local,asset,100000,2120517,21.20517,65000400000
87,27,scene_4096_attachments,std_shared,attachment,98304,505397,5.14116414388,98304
87,28,create_read_destroy,own_shared,asset,100000,1231242,12.31242,65000400000
87,29,resource_lifecycle_64_assets_4096_objects,std_shared,cycle,10,338811,33881.1,17203200
87,30,copy_read_drop,own_shared,copy,100000,468232,4.68232,2350000
87,31,group_setup_then_8_copies,own_local,group,12500,332261,26.58088,2350000
87,32,group_setup_then_64_copies,own_local,group,1562,168970,108.175416133,2349248
87,33,async_queue_job_1024_local_copies,std_shared,job,100,1674998,16749.98,2406400
87,34,weak_lock_live,std_shared,lock,100000,910657,9.10657,2350000
87,35,async_queue_job_64_local_copies,std_shared,job,100,174237,1742.37,150400
87,36,group_setup_then_1024_copies,std_shared,group,97,1152745,11883.9690722,2334208
88,0,scene_4096_attachments,std_shared,attachment,98304,493430,5.01942952474,98304
88,1,weak_lock_expired,own_shared,lock,100000,164654,1.64654,0
88,2,async_queue_job_1024_local_copies,std_shared,job,100,1619536,16195.36,2406400
88,3,group_setup_then_1024_copies,own_local,group,97,136442,1406.6185567,2334208
88,4,contended_copy_2_workers,own_shared,copy,200000,3288965,16.444825,4700000
88,5,group_setup_then_8_copies,own_local,group,12500,729009,58.32072,2350000
88,6,localize_read_drop,std_shared,group,100000,1216600,12.166,2350000
88,7,frame_4096_draws_64_unique_leases,own_shared,frame,24,93518,3896.58333333,41287680
88,8,create_read_destroy,own_local,asset,100000,2148057,21.48057,65000400000
88,9,weak_lock_live,own_shared,lock,100000,452930,4.5293,2350000
88,10,borrow_read,raw_borrow,read,100000,54341,0.54341,2350000
88,11,group_setup_then_64_copies,std_shared,group,1562,1198873,767.524327785,2349248
88,12,resource_lifecycle_64_assets_4096_objects,own_local,cycle,10,234958,23495.8,17203200
88,13,group_setup_then_64_copies,own_local,group,1562,163893,104.925096031,2349248
88,14,localize_read_drop,own_local,group,100000,1081150,10.8115,2350000
88,15,async_queue_job_64_local_copies,own_local,job,100,66569,665.69,150400
88,16,share_read_drop,std_shared,handoff,100000,1180476,11.80476,2350000
88,17,copy_read_drop,std_shared,copy,100000,1496533,14.96533,2350000
88,18,async_queue_job_1_local_copies,own_local,job,100,39579,395.79,2000
88,19,copy_read_drop,own_local,copy,100000,121299,1.21299,2350000
88,20,create_read_destroy,std_shared,asset,100000,1176811,11.76811,65000400000
88,21,group_setup_then_1_copies,own_local,group,100000,1851279,18.51279,2000000
88,22,contended_copy_2_workers,std_shared,copy,200000,6560084,32.80042,4700000
88,23,create_read_destroy,own_shared,asset,100000,1233745,12.33745,65000400000
88,24,resource_lifecycle_64_assets_4096_objects,std_shared,cycle,10,338661,33866.1,17203200
88,25,async_queue_job_1024_local_copies,own_local,job,100,419551,4195.51,2406400
88,26,frame_4096_draws_64_unique_leases,std_shared,frame,24,92477,3853.20833333,41287680
88,27,share_read_drop,own_shared,handoff,100000,441904,4.41904,2350000
88,28,weak_lock_live,std_shared,lock,100000,945689,9.45689,2350000
88,29,copy_read_drop,own_shared,copy,100000,470586,4.70586,2350000
88,30,weak_lock_expired,std_shared,lock,100000,162590,1.6259,0
88,31,group_setup_then_1_copies,std_shared,group,100000,1864469,18.64469,2000000
88,32,group_setup_then_8_copies,std_shared,group,12500,1289518,103.16144,2350000
88,33,async_queue_job_1_local_copies,std_shared,job,100,51817,518.17,2000
88,34,scene_4096_attachments,own_local,attachment,98304,147408,1.49951171875,98304
88,35,async_queue_job_64_local_copies,std_shared,job,100,185635,1856.35,150400
88,36,group_setup_then_1024_copies,std_shared,group,97,1144083,11794.6701031,2334208
89,0,weak_lock_live,std_shared,lock,100000,904307,9.04307,2350000
89,1,create_read_destroy,own_local,asset,100000,2385298,23.85298,65000400000
89,2,scene_4096_attachments,std_shared,attachment,98304,493349,5.01860555013,98304
89,3,async_queue_job_64_local_copies,own_local,job,100,72057,720.57,150400
89,4,share_read_drop,std_shared,handoff,100000,1242699,12.42699,2350000
89,5,group_setup_then_1_copies,own_local,group,100000,1849526,18.49526,2000000
89,6,frame_4096_draws_64_unique_leases,std_shared,frame,24,89402,3725.08333333,41287680
89,7,async_queue_job_1_local_copies,std_shared,job,100,63303,633.03,2000
89,8,weak_lock_expired,std_shared,lock,100000,162631,1.62631,0
89,9,async_queue_job_64_local_copies,std_shared,job,100,194758,1947.58,150400
89,10,resource_lifecycle_64_assets_4096_objects,std_shared,cycle,10,342496,34249.6,17203200
89,11,create_read_destroy,own_shared,asset,100000,1214016,12.14016,65000400000
89,12,group_setup_then_64_copies,own_local,group,1562,179025,114.612676056,2349248
89,13,localize_read_drop,std_shared,group,100000,1181768,11.81768,2350000
89,14,group_setup_then_8_copies,own_local,group,12500,331790,26.5432,2350000
89,15,async_queue_job_1024_local_copies,own_local,job,100,402015,4020.15,2406400
89,16,contended_copy_2_workers,std_shared,copy,200000,5903483,29.517415,4700000
89,17,resource_lifecycle_64_assets_4096_objects,own_local,cycle,10,245303,24530.3,17203200
89,18,group_setup_then_1_copies,std_shared,group,100000,1885129,18.85129,2000000
89,19,weak_lock_live,own_shared,lock,100000,451047,4.51047,2350000
89,20,copy_read_drop,own_local,copy,100000,121950,1.2195,2350000
89,21,borrow_read,raw_borrow,read,100000,54341,0.54341,2350000
89,22,scene_4096_attachments,own_local,attachment,98304,147298,1.49839274089,98304
89,23,group_setup_then_8_copies,std_shared,group,12500,1268847,101.50776,2350000
89,24,async_queue_job_1_local_copies,own_local,job,100,56624,566.24,2000
89,25,share_read_drop,own_shared,handoff,100000,441623,4.41623,2350000
89,26,copy_read_drop,own_shared,copy,100000,488994,4.88994,2350000
89,27,weak_lock_expired,own_shared,lock,100000,135471,1.35471,0
89,28,frame_4096_draws_64_unique_leases,own_shared,frame,24,90254,3760.58333333,41287680
89,29,contended_copy_2_workers,own_shared,copy,200000,3067397,15.336985,4700000
89,30,copy_read_drop,std_shared,copy,100000,1174057,11.74057,2350000
89,31,async_queue_job_1024_local_copies,std_shared,job,100,1660917,16609.17,2406400
89,32,create_read_destroy,std_shared,asset,100000,1101539,11.01539,65000400000
89,33,group_setup_then_1024_copies,std_shared,group,97,1163081,11990.5257732,2334208
89,34,group_setup_then_64_copies,std_shared,group,1562,1164262,745.366197183,2349248
89,35,localize_read_drop,own_local,group,100000,1068490,10.6849,2350000
89,36,group_setup_then_1024_copies,own_local,group,97,136792,1410.22680412,2334208
90,0,async_queue_job_1_local_copies,std_shared,job,100,48773,487.73,2000
90,1,create_read_destroy,std_shared,asset,100000,1111244,11.11244,65000400000
90,2,copy_read_drop,std_shared,copy,100000,1163581,11.63581,2350000
90,3,weak_lock_live,std_shared,lock,100000,927973,9.27973,2350000
90,4,frame_4096_draws_64_unique_leases,std_shared,frame,24,91165,3798.54166667,41287680
90,5,async_queue_job_64_local_copies,std_shared,job,100,213576,2135.76,150400
90,6,share_read_drop,std_shared,handoff,100000,1171463,11.71463,2350000
90,7,scene_4096_attachments,std_shared,attachment,98304,521392,5.30387369792,98304
90,8,copy_read_drop,own_shared,copy,100000,455183,4.55183,2350000
90,9,async_queue_job_64_local_copies,own_local,job,100,72417,724.17,150400
90,10,group_setup_then_1_copies,own_local,group,100000,1847403,18.47403,2000000
90,11,create_read_destroy,own_local,asset,100000,2180485,21.80485,65000400000
90,12,weak_lock_live,own_shared,lock,100000,463105,4.63105,2350000
90,13,group_setup_then_8_copies,own_local,group,12500,451678,36.13424,2350000
90,14,group_setup_then_8_copies,std_shared,group,12500,1248217,99.85736,2350000
90,15,async_queue_job_1_local_copies,own_local,job,100,71135,711.35,2000
90,16,async_queue_job_1024_local_copies,std_shared,job,100,1622460,16224.6,2406400
90,17,share_read_drop,own_shared,handoff,100000,456746,4.56746,2350000
90,18,localize_read_drop,std_shared,group,100000,1165514,11.65514,2350000
90,19,weak_lock_expired,std_shared,lock,100000,162901,1.62901,0
90,20,group_setup_then_1024_copies,own_local,group,97,138855,1431.49484536,2334208
90,21,resource_lifecycle_64_assets_4096_objects,own_local,cycle,10,483114,48311.4,17203200
90,22,resource_lifecycle_64_assets_4096_objects,std_shared,cycle,10,333884,33388.4,17203200
90,23,copy_read_drop,own_local,copy,100000,122251,1.22251,2350000
90,24,borrow_read,raw_borrow,read,100000,54221,0.54221,2350000
90,25,group_setup_then_1_copies,std_shared,group,100000,1893140,18.9314,2000000
90,26,contended_copy_2_workers,own_shared,copy,200000,3163690,15.81845,4700000
90,27,group_setup_then_64_copies,own_local,group,1562,166356,106.501920615,2349248
90,28,weak_lock_expired,own_shared,lock,100000,135631,1.35631,0
90,29,scene_4096_attachments,own_local,attachment,98304,160708,1.6348063151,98304
90,30,localize_read_drop,own_local,group,100000,1058426,10.58426,2350000
90,31,frame_4096_draws_64_unique_leases,own_shared,frame,24,89743,3739.29166667,41287680
90,32,create_read_destroy,own_shared,asset,100000,1227346,12.27346,65000400000
90,33,group_setup_then_1024_copies,std_shared,group,97,1163762,11997.5463918,2334208
90,34,group_setup_then_64_copies,std_shared,group,1562,1162480,744.225352113,2349248
90,35,async_queue_job_1024_local_copies,own_local,job,100,497867,4978.67,2406400
90,36,contended_copy_2_workers,std_shared,copy,200000,5253571,26.267855,4700000
91,0,group_setup_then_1024_copies,own_local,group,97,140067,1443.98969072,2334208
91,1,contended_copy_2_workers,std_shared,copy,200000,6662125,33.310625,4700000
91,2,async_queue_job_1024_local_copies,own_local,job,100,397929,3979.29,2406400
91,3,group_setup_then_8_copies,std_shared,group,12500,1296678,103.73424,2350000
91,4,async_queue_job_64_local_copies,std_shared,job,100,197823,1978.23,150400
91,5,scene_4096_attachments,std_shared,attachment,98304,493620,5.02136230469,98304
91,6,resource_lifecycle_64_assets_4096_objects,own_local,cycle,10,272744,27274.4,17203200
91,7,weak_lock_live,std_shared,lock,100000,923586,9.23586,2350000
91,8,scene_4096_attachments,own_local,attachment,98304,163161,1.65975952148,98304
91,9,share_read_drop,own_shared,handoff,100000,441544,4.41544,2350000
91,10,group_setup_then_1_copies,own_local,group,100000,2096862,20.96862,2000000
91,11,localize_read_drop,own_local,group,100000,1161238,11.61238,2350000
91,12,weak_lock_expired,own_shared,lock,100000,135620,1.3562,0
91,13,copy_read_drop,own_local,copy,100000,138885,1.38885,2350000
91,14,share_read_drop,std_shared,handoff,100000,1238021,12.38021,2350000
91,15,create_read_destroy,std_shared,asset,100000,1115219,11.15219,65000400000
91,16,frame_4096_draws_64_unique_leases,own_shared,frame,24,93168,3882,41287680
91,17,resource_lifecycle_64_assets_4096_objects,std_shared,cycle,10,338681,33868.1,17203200
91,18,borrow_read,raw_borrow,read,100000,54331,0.54331,2350000
91,19,async_queue_job_1_local_copies,std_shared,job,100,81331,813.31,2000
91,20,create_read_destroy,own_shared,asset,100000,1222699,12.22699,65000400000
91,21,async_queue_job_64_local_copies,own_local,job,100,64766,647.66,150400
91,22,weak_lock_expired,std_shared,lock,100000,162641,1.62641,0
91,23,async_queue_job_1_local_copies,own_local,job,100,36343,363.43,2000
91,24,create_read_destroy,own_local,asset,100000,2131273,21.31273,65000400000
91,25,group_setup_then_1024_copies,std_shared,group,97,1161668,11975.9587629,2334208
91,26,group_setup_then_1_copies,std_shared,group,100000,1857478,18.57478,2000000
91,27,async_queue_job_1024_local_copies,std_shared,job,100,1641729,16417.29,2406400
91,28,weak_lock_live,own_shared,lock,100000,450446,4.50446,2350000
91,29,frame_4096_draws_64_unique_leases,std_shared,frame,24,89903,3745.95833333,41287680
91,30,copy_read_drop,std_shared,copy,100000,1315556,13.15556,2350000
91,31,group_setup_then_64_copies,std_shared,group,1562,1188318,760.766965429,2349248
91,32,copy_read_drop,own_shared,copy,100000,455423,4.55423,2350000
91,33,contended_copy_2_workers,own_shared,copy,200000,1832501,9.162505,4700000
91,34,group_setup_then_64_copies,own_local,group,1562,188739,120.83162612,2349248
91,35,group_setup_then_8_copies,own_local,group,12500,363538,29.08304,2350000
91,36,localize_read_drop,std_shared,group,100000,1201117,12.01117,2350000
92,0,group_setup_then_1_copies,std_shared,group,100000,1891688,18.91688,2000000
92,1,weak_lock_live,own_shared,lock,100000,450687,4.50687,2350000
92,2,share_read_drop,own_shared,handoff,100000,468343,4.68343,2350000
92,3,group_setup_then_8_copies,std_shared,group,12500,1259342,100.74736,2350000
92,4,async_queue_job_64_local_copies,own_local,job,100,72687,726.87,150400
92,5,group_setup_then_64_copies,std_shared,group,1562,1261416,807.564660691,2349248
92,6,async_queue_job_64_local_copies,std_shared,job,100,218173,2181.73,150400
92,7,async_queue_job_1024_local_copies,own_local,job,100,382406,3824.06,2406400
92,8,group_setup_then_1024_copies,std_shared,group,97,1148268,11837.814433,2334208
92,9,resource_lifecycle_64_assets_4096_objects,own_local,cycle,10,235338,23533.8,17203200
92,10,create_read_destroy,own_shared,asset,100000,1250440,12.5044,65000400000
92,11,borrow_read,raw_borrow,read,100000,54371,0.54371,2350000
92,12,group_setup_then_64_copies,own_local,group,1562,165495,105.950704225,2349248
92,13,create_read_destroy,std_shared,asset,100000,1096442,10.96442,65000400000
92,14,frame_4096_draws_64_unique_leases,std_shared,frame,24,90945,3789.375,41287680
92,15,weak_lock_expired,std_shared,lock,100000,162611,1.62611,0
92,16,share_read_drop,std_shared,handoff,100000,1170262,11.70262,2350000
92,17,frame_4096_draws_64_unique_leases,own_shared,frame,24,94540,3939.16666667,41287680
92,18,group_setup_then_1_copies,own_local,group,100000,1855685,18.55685,2000000
92,19,group_setup_then_8_copies,own_local,group,12500,343458,27.47664,2350000
92,20,contended_copy_2_workers,std_shared,copy,200000,5423973,27.119865,4700000
92,21,contended_copy_2_workers,own_shared,copy,200000,2777479,13.887395,4700000
92,22,copy_read_drop,own_local,copy,100000,129462,1.29462,2350000
92,23,group_setup_then_1024_copies,own_local,group,97,138074,1423.44329897,2334208
92,24,async_queue_job_1_local_copies,std_shared,job,100,58727,587.27,2000
92,25,weak_lock_live,std_shared,lock,100000,1004186,10.04186,2350000
92,26,copy_read_drop,std_shared,copy,100000,1200015,12.00015,2350000
92,27,create_read_destroy,own_local,asset,100000,2131913,21.31913,65000400000
92,28,resource_lifecycle_64_assets_4096_objects,std_shared,cycle,10,338421,33842.1,17203200
92,29,localize_read_drop,std_shared,group,100000,1194637,11.94637,2350000
92,30,scene_4096_attachments,std_shared,attachment,98304,514101,5.22970581055,98304
92,31,localize_read_drop,own_local,group,100000,1040168,10.40168,2350000
92,32,copy_read_drop,own_shared,copy,100000,455324,4.55324,2350000
92,33,async_queue_job_1_local_copies,own_local,job,100,54611,546.11,2000
92,34,async_queue_job_1024_local_copies,std_shared,job,100,1794004,17940.04,2406400
92,35,scene_4096_attachments,own_local,attachment,98304,147167,1.49706013997,98304
92,36,weak_lock_expired,own_shared,lock,100000,135591,1.35591,0
93,0,group_setup_then_1024_copies,std_shared,group,97,1152825,11884.7938144,2334208
93,1,async_queue_job_1024_local_copies,std_shared,job,100,1948583,19485.83,2406400
93,2,weak_lock_live,own_shared,lock,100000,495202,4.95202,2350000
93,3,resource_lifecycle_64_assets_4096_objects,own_local,cycle,10,232384,23238.4,17203200
93,4,localize_read_drop,own_local,group,100000,1081600,10.816,2350000
93,5,async_queue_job_1_local_copies,own_local,job,100,50254,502.54,2000
93,6,group_setup_then_64_copies,std_shared,group,1562,1169650,748.815620999,2349248
93,7,contended_copy_2_workers,own_shared,copy,200000,3263538,16.31769,4700000
93,8,create_read_destroy,std_shared,asset,100000,1141149,11.41149,65000400000
93,9,group_setup_then_1_copies,own_local,group,100000,1894553,18.94553,2000000
93,10,async_queue_job_1_local_copies,std_shared,job,100,55662,556.62,2000
93,11,scene_4096_attachments,own_local,attachment,98304,146617,1.49146525065,98304
93,12,async_queue_job_64_local_copies,own_local,job,100,60449,604.49,150400
93,13,group_setup_then_8_copies,own_local,group,12500,341075,27.286,2350000
93,14,group_setup_then_1024_copies,own_local,group,97,137042,1412.80412371,2334208
93,15,resource_lifecycle_64_assets_4096_objects,std_shared,cycle,10,352422,35242.2,17203200
93,16,borrow_read,raw_borrow,read,100000,54450,0.5445,2350000
93,17,create_read_destroy,own_shared,asset,100000,1232103,12.32103,65000400000
93,18,copy_read_drop,own_shared,copy,100000,481262,4.81262,2350000
93,19,group_setup_then_8_copies,std_shared,group,12500,1239123,99.12984,2350000
93,20,copy_read_drop,std_shared,copy,100000,1157523,11.57523,2350000
93,21,weak_lock_expired,std_shared,lock,100000,162540,1.6254,0
93,22,create_read_destroy,own_local,asset,100000,2199994,21.99994,65000400000
93,23,frame_4096_draws_64_unique_leases,own_shared,frame,24,91775,3823.95833333,41287680
93,24,copy_read_drop,own_local,copy,100000,161099,1.61099,2350000
93,25,share_read_drop,std_shared,handoff,100000,1167818,11.67818,2350000
93,26,localize_read_drop,std_shared,group,100000,1171012,11.71012,2350000
93,27,scene_4096_attachments,std_shared,attachment,98304,492829,5.01331583659,98304
93,28,contended_copy_2_workers,std_shared,copy,200000,5755203,28.776015,4700000
93,29,frame_4096_draws_64_unique_leases,std_shared,frame,24,92627,3859.45833333,41287680
93,30,share_read_drop,own_shared,handoff,100000,464577,4.64577,2350000
93,31,group_setup_then_1_copies,std_shared,group,100000,1908764,19.08764,2000000
93,32,group_setup_then_64_copies,own_local,group,1562,167097,106.97631242,2349248
93,33,weak_lock_expired,own_shared,lock,100000,135641,1.35641,0
93,34,async_queue_job_1024_local_copies,own_local,job,100,410087,4100.87,2406400
93,35,async_queue_job_64_local_copies,std_shared,job,100,152365,1523.65,150400
93,36,weak_lock_live,std_shared,lock,100000,927192,9.27192,2350000
94,0,create_read_destroy,own_shared,asset,100000,1229198,12.29198,65000400000
94,1,async_queue_job_64_local_copies,std_shared,job,100,251822,2518.22,150400
94,2,weak_lock_live,own_shared,lock,100000,450407,4.50407,2350000
94,3,create_read_destroy,own_local,asset,100000,2177331,21.77331,65000400000
94,4,group_setup_then_64_copies,std_shared,group,1562,1265953,810.469270166,2349248
94,5,scene_4096_attachments,own_local,attachment,98304,146747,1.49278767904,98304
94,6,group_setup_then_1024_copies,own_local,group,97,138214,1424.88659794,2334208
94,7,async_queue_job_64_local_copies,own_local,job,100,84204,842.04,150400
94,8,copy_read_drop,std_shared,copy,100000,1186986,11.86986,2350000
94,9,frame_4096_draws_64_unique_leases,std_shared,frame,24,103513,4313.04166667,41287680
94,10,localize_read_drop,std_shared,group,100000,1166326,11.66326,2350000
94,11,async_queue_job_1_local_copies,std_shared,job,100,103923,1039.23,2000
94,12,weak_lock_live,std_shared,lock,100000,912290,9.1229,2350000
94,13,frame_4096_draws_64_unique_leases,own_shared,frame,24,91155,3798.125,41287680
94,14,scene_4096_attachments,std_shared,attachment,98304,492368,5.00862630208,98304
94,15,create_read_destroy,std_shared,asset,100000,1332751,13.32751,65000400000
94,16,group_setup_then_1_copies,own_local,group,100000,1904407,19.04407,2000000
94,17,copy_read_drop,own_shared,copy,100000,455424,4.55424,2350000
94,18,async_queue_job_1_local_copies,own_local,job,100,47520,475.2,2000
94,19,contended_copy_2_workers,own_shared,copy,200000,2941251,14.706255,4700000
94,20,group_setup_then_1024_copies,std_shared,group,97,1148800,11843.2989691,2334208
94,21,group_setup_then_8_copies,own_local,group,12500,330288,26.42304,2350000
94,22,copy_read_drop,own_local,copy,100000,174548,1.74548,2350000
94,23,localize_read_drop,own_local,group,100000,1060870,10.6087,2350000
94,24,resource_lifecycle_64_assets_4096_objects,std_shared,cycle,10,338852,33885.2,17203200
94,25,share_read_drop,std_shared,handoff,100000,1162639,11.62639,2350000
94,26,resource_lifecycle_64_assets_4096_objects,own_local,cycle,10,228238,22823.8,17203200
94,27,share_read_drop,own_shared,handoff,100000,452189,4.52189,2350000
94,28,contended_copy_2_workers,std_shared,copy,200000,4846740,24.2337,4700000
94,29,group_setup_then_64_copies,own_local,group,1562,166867,106.829065301,2349248
94,30,group_setup_then_1_copies,std_shared,group,100000,1860302,18.60302,2000000
94,31,borrow_read,raw_borrow,read,100000,54440,0.5444,2350000
94,32,group_setup_then_8_copies,std_shared,group,12500,1241026,99.28208,2350000
94,33,async_queue_job_1024_local_copies,own_local,job,100,581050,5810.5,2406400
94,34,weak_lock_expired,own_shared,lock,100000,135501,1.35501,0
94,35,async_queue_job_1024_local_copies,std_shared,job,100,1728006,17280.06,2406400
94,36,weak_lock_expired,std_shared,lock,100000,162581,1.62581,0
95,0,frame_4096_draws_64_unique_leases,own_shared,frame,24,94510,3937.91666667,41287680
95,1,copy_read_drop,own_local,copy,100000,121329,1.21329,2350000
95,2,contended_copy_2_workers,std_shared,copy,200000,4687223,23.436115,4700000
95,3,scene_4096_attachments,std_shared,attachment,98304,494081,5.02605183919,98304
95,4,weak_lock_live,own_shared,lock,100000,500150,5.0015,2350000
95,5,contended_copy_2_workers,own_shared,copy,200000,2703880,13.5194,4700000
95,6,group_setup_then_8_copies,std_shared,group,12500,1294645,103.5716,2350000
95,7,weak_lock_expired,own_shared,lock,100000,135480,1.3548,0
95,8,async_queue_job_1024_local_copies,own_local,job,100,395445,3954.45,2406400
95,9,create_read_destroy,own_shared,asset,100000,1245863,12.45863,65000400000
95,10,frame_4096_draws_64_unique_leases,std_shared,frame,24,101089,4212.04166667,41287680
95,11,group_setup_then_64_copies,std_shared,group,1562,1172565,750.681818182,2349248
95,12,group_setup_then_1024_copies,std_shared,group,97,1165515,12015.6185567,2334208
95,13,async_queue_job_64_local_copies,own_local,job,100,52318,523.18,150400
95,14,scene_4096_attachments,own_local,attachment,98304,146717,1.49248250326,98304
95,15,group_setup_then_64_copies,own_local,group,1562,193867,124.114596671,2349248
95,16,group_setup_then_8_copies,own_local,group,12500,344229,27.53832,2350000
95,17,create_read_destroy,std_shared,asset,100000,1097283,10.97283,65000400000
95,18,weak_lock_expired,std_shared,lock,100000,162501,1.62501,0
95,19,group_setup_then_1024_copies,own_local,group,97,137293,1415.39175258,2334208
95,20,weak_lock_live,std_shared,lock,100000,926260,9.2626,2350000
95,21,copy_read_drop,own_shared,copy,100000,455233,4.55233,2350000
95,22,share_read_drop,std_shared,handoff,100000,1197942,11.97942,2350000
95,23,async_queue_job_1_local_copies,std_shared,job,100,61672,616.72,2000
95,24,localize_read_drop,std_shared,group,100000,1169790,11.6979,2350000
95,25,async_queue_job_1_local_copies,own_local,job,100,42262,422.62,2000
95,26,resource_lifecycle_64_assets_4096_objects,own_local,cycle,10,232784,23278.4,17203200
95,27,async_queue_job_64_local_copies,std_shared,job,100,201298,2012.98,150400
95,28,resource_lifecycle_64_assets_4096_objects,std_shared,cycle,10,350178,35017.8,17203200
95,29,localize_read_drop,own_local,group,100000,1085576,10.85576,2350000
95,30,group_setup_then_1_copies,std_shared,group,100000,1865820,18.6582,2000000
95,31,copy_read_drop,std_shared,copy,100000,1162830,11.6283,2350000
95,32,group_setup_then_1_copies,own_local,group,100000,1860523,18.60523,2000000
95,33,create_read_destroy,own_local,asset,100000,2116592,21.16592,65000400000
95,34,async_queue_job_1024_local_copies,std_shared,job,100,1639015,16390.15,2406400
95,35,share_read_drop,own_shared,handoff,100000,453952,4.53952,2350000
95,36,borrow_read,raw_borrow,read,100000,54350,0.5435,2350000
96,0,share_read_drop,own_shared,handoff,100000,441483,4.41483,2350000
96,1,localize_read_drop,own_local,group,100000,1056603,10.56603,2350000
96,2,group_setup_then_1024_copies,own_local,group,97,148319,1529.06185567,2334208
96,3,scene_4096_attachments,std_shared,attachment,98304,493130,5.01637776693,98304
96,4,group_setup_then_64_copies,own_local,group,1562,165585,106.008322663,2349248
96,5,frame_4096_draws_64_unique_leases,own_shared,frame,24,91986,3832.75,41287680
96,6,contended_copy_2_workers,own_shared,copy,200000,2741586,13.70793,4700000
96,7,share_read_drop,std_shared,handoff,100000,1178864,11.78864,2350000
96,8,create_read_destroy,own_shared,asset,100000,1411138,14.11138,65000400000
96,9,weak_lock_live,std_shared,lock,100000,915434,9.15434,2350000
96,10,weak_lock_live,own_shared,lock,100000,450837,4.50837,2350000
96,11,async_queue_job_64_local_copies,own_local,job,100,86177,861.77,150400
96,12,resource_lifecycle_64_assets_4096_objects,std_shared,cycle,10,338281,33828.1,17203200
96,13,group_setup_then_8_copies,std_shared,group,12500,1266363,101.30904,2350000
96,14,group_setup_then_1_copies,std_shared,group,100000,1937887,19.37887,2000000
96,15,copy_read_drop,own_shared,copy,100000,455514,4.55514,2350000
96,16,contended_copy_2_workers,std_shared,copy,200000,4622618,23.11309,4700000
96,17,async_queue_job_64_local_copies,std_shared,job,100,217321,2173.21,150400
96,18,async_queue_job_1_local_copies,own_local,job,100,35192,351.92,2000
96,19,resource_lifecycle_64_assets_4096_objects,own_local,cycle,10,231773,23177.3,17203200
96,20,group_setup_then_1_copies,own_local,group,100000,1927241,19.27241,2000000
96,21,group_setup_then_64_copies,std_shared,group,1562,1163231,744.706145967,2349248
96,22,async_queue_job_1_local_copies,std_shared,job,100,63183,631.83,2000
96,23,create_read_destroy,std_shared,asset,100000,1122400,11.224,65000400000
96,24,copy_read_drop,own_local,copy,100000,122131,1.22131,2350000
96,25,borrow_read,raw_borrow,read,100000,54220,0.5422,2350000
96,26,create_read_destroy,own_local,asset,100000,2112775,21.12775,65000400000
96,27,frame_4096_draws_64_unique_leases,std_shared,frame,24,93127,3880.29166667,41287680
96,28,scene_4096_attachments,own_local,attachment,98304,147378,1.49920654297,98304
96,29,localize_read_drop,std_shared,group,100000,1166907,11.66907,2350000
96,30,copy_read_drop,std_shared,copy,100000,1175469,11.75469,2350000
96,31,async_queue_job_1024_local_copies,own_local,job,100,417188,4171.88,2406400
96,32,weak_lock_expired,own_shared,lock,100000,135480,1.3548,0
96,33,weak_lock_expired,std_shared,lock,100000,162491,1.62491,0
96,34,group_setup_then_1024_copies,std_shared,group,97,1144443,11798.3814433,2334208
96,35,group_setup_then_8_copies,own_local,group,12500,363198,29.05584,2350000
96,36,async_queue_job_1024_local_copies,std_shared,job,100,1626786,16267.86,2406400
97,0,contended_copy_2_workers,own_shared,copy,200000,2664512,13.32256,4700000
97,1,group_setup_then_64_copies,std_shared,group,1562,1195158,765.145966709,2349248
97,2,localize_read_drop,std_shared,group,100000,1207105,12.07105,2350000
97,3,async_queue_job_1_local_copies,std_shared,job,100,47651,476.51,2000
97,4,copy_read_drop,std_shared,copy,100000,1172684,11.72684,2350000
97,5,weak_lock_live,std_shared,lock,100000,896276,8.96276,2350000
97,6,async_queue_job_1024_local_copies,own_local,job,100,636542,6365.42,2406400
97,7,scene_4096_attachments,std_shared,attachment,98304,514761,5.23641967773,98304
97,8,async_queue_job_64_local_copies,std_shared,job,100,184693,1846.93,150400
97,9,group_setup_then_1024_copies,own_local,group,97,136943,1411.78350515,2334208
97,10,create_read_destroy,std_shared,asset,100000,1097403,10.97403,65000400000
97,11,group_setup_then_8_copies,own_local,group,12500,336828,26.94624,2350000
97,12,group_setup_then_1024_copies,std_shared,group,97,1182389,12189.5773196,2334208
97,13,group_setup_then_1_copies,std_shared,group,100000,1860943,18.60943,2000000
97,14,create_read_destroy,own_local,asset,100000,2176499,21.76499,65000400000
97,15,copy_read_drop,own_local,copy,100000,121429,1.21429,2350000
97,16,async_queue_job_1_local_copies,own_local,job,100,54150,541.5,2000
97,17,create_read_destroy,own_shared,asset,100000,1377778,13.77778,65000400000
97,18,localize_read_drop,own_local,group,100000,1221798,12.21798,2350000
97,19,group_setup_then_8_copies,std_shared,group,12500,1305511,104.44088,2350000
97,20,async_queue_job_1024_local_copies,std_shared,job,100,1619716,16197.16,2406400
97,21,group_setup_then_64_copies,own_local,group,1562,196390,125.729833547,2349248
97,22,group_setup_then_1_copies,own_local,group,100000,1829326,18.29326,2000000
97,23,scene_4096_attachments,own_local,attachment,98304,190903,1.94196573893,98304
97,24,copy_read_drop,own_shared,copy,100000,457387,4.57387,2350000
97,25,frame_4096_draws_64_unique_leases,own_shared,frame,24,89733,3738.875,41287680
97,26,async_queue_job_64_local_copies,own_local,job,100,71305,713.05,150400
97,27,share_read_drop,std_shared,handoff,100000,1193987,11.93987,2350000
97,28,resource_lifecycle_64_assets_4096_objects,own_local,cycle,10,256089,25608.9,17203200
97,29,borrow_read,raw_borrow,read,100000,54390,0.5439,2350000
97,30,frame_4096_draws_64_unique_leases,std_shared,frame,24,90755,3781.45833333,41287680
97,31,share_read_drop,own_shared,handoff,100000,441333,4.41333,2350000
97,32,resource_lifecycle_64_assets_4096_objects,std_shared,cycle,10,350889,35088.9,17203200
97,33,weak_lock_expired,std_shared,lock,100000,162661,1.62661,0
97,34,weak_lock_expired,own_shared,lock,100000,135581,1.35581,0
97,35,weak_lock_live,own_shared,lock,100000,451988,4.51988,2350000
97,36,contended_copy_2_workers,std_shared,copy,200000,5530531,27.652655,4700000
98,0,async_queue_job_1_local_copies,std_shared,job,100,59387,593.87,2000
98,1,group_setup_then_1024_copies,std_shared,group,97,1153516,11891.9175258,2334208
98,2,share_read_drop,std_shared,handoff,100000,1170932,11.70932,2350000
98,3,scene_4096_attachments,own_local,attachment,98304,156802,1.59507242839,98304
98,4,scene_4096_attachments,std_shared,attachment,98304,540409,5.49732462565,98304
98,5,weak_lock_expired,std_shared,lock,100000,162501,1.62501,0
98,6,group_setup_then_64_copies,own_local,group,1562,168369,107.790653009,2349248
98,7,borrow_read,raw_borrow,read,100000,54270,0.5427,2350000
98,8,async_queue_job_1024_local_copies,std_shared,job,100,1693906,16939.06,2406400
98,9,group_setup_then_1_copies,own_local,group,100000,1979238,19.79238,2000000
98,10,create_read_destroy,own_local,asset,100000,2231671,22.31671,65000400000
98,11,group_setup_then_1_copies,std_shared,group,100000,1944597,19.44597,2000000
98,12,group_setup_then_64_copies,std_shared,group,1562,1160517,742.968629962,2349248
98,13,resource_lifecycle_64_assets_4096_objects,std_shared,cycle,10,353633,35363.3,17203200
98,14,group_setup_then_8_copies,own_local,group,12500,452960,36.2368,2350000
98,15,create_read_destroy,std_shared,asset,100000,1126105,11.26105,65000400000
98,16,localize_read_drop,std_shared,group,100000,1228397,12.28397,2350000
98,17,copy_read_drop,std_shared,copy,100000,1158003,11.58003,2350000
98,18,weak_lock_live,own_shared,lock,100000,450947,4.50947,2350000
98,19,copy_read_drop,own_shared,copy,100000,471708,4.71708,2350000
98,20,contended_copy_2_workers,std_shared,copy,200000,4562430,22.81215,4700000
98,21,group_setup_then_8_copies,std_shared,group,12500,1336117,106.88936,2350000
98,22,async_queue_job_64_local_copies,own_local,job,100,61161,611.61,150400
98,23,group_setup_then_1024_copies,own_local,group,97,137514,1417.67010309,2334208
98,24,contended_copy_2_workers,own_shared,copy,200000,2255497,11.277485,4700000
98,25,copy_read_drop,own_local,copy,100000,127820,1.2782,2350000
98,26,share_read_drop,own_shared,handoff,100000,490756,4.90756,2350000
98,27,resource_lifecycle_64_assets_4096_objects,own_local,cycle,10,231212,23121.2,17203200
98,28,localize_read_drop,own_local,group,100000,1060559,10.60559,2350000
98,29,weak_lock_expired,own_shared,lock,100000,135501,1.35501,0
98,30,frame_4096_draws_64_unique_leases,std_shared,frame,24,90454,3768.91666667,41287680
98,31,async_queue_job_1_local_copies,own_local,job,100,36384,363.84,2000
98,32,create_read_destroy,own_shared,asset,100000,1224372,12.24372,65000400000
98,33,weak_lock_live,std_shared,lock,100000,907142,9.07142,2350000
98,34,async_queue_job_1024_local_copies,own_local,job,100,351930,3519.3,2406400
98,35,async_queue_job_64_local_copies,std_shared,job,100,202370,2023.7,150400
98,36,frame_4096_draws_64_unique_leases,own_shared,frame,24,92127,3838.625,41287680
99,0,contended_copy_2_workers,own_shared,copy,200000,1874723,9.373615,4700000
99,1,weak_lock_expired,std_shared,lock,100000,162521,1.62521,0
99,2,async_queue_job_1_local_copies,std_shared,job,100,36634,366.34,2000
99,3,contended_copy_2_workers,std_shared,copy,200000,4781824,23.90912,4700000
99,4,frame_4096_draws_64_unique_leases,std_shared,frame,24,89393,3724.70833333,41287680
99,5,async_queue_job_64_local_copies,own_local,job,100,74631,746.31,150400
99,6,resource_lifecycle_64_assets_4096_objects,std_shared,cycle,10,339182,33918.2,17203200
99,7,async_queue_job_1024_local_copies,std_shared,job,100,1617473,16174.73,2406400
99,8,group_setup_then_64_copies,std_shared,group,1562,1160377,742.87900128,2349248
99,9,async_queue_job_64_local_copies,std_shared,job,100,184623,1846.23,150400
99,10,group_setup_then_1_copies,std_shared,group,100000,1889815,18.89815,2000000
99,11,scene_4096_attachments,std_shared,attachment,98304,525527,5.3459370931,98304
99,12,localize_read_drop,own_local,group,100000,1137553,11.37553,2350000
99,13,group_setup_then_8_copies,std_shared,group,12500,1239163,99.13304,2350000
99,14,weak_lock_live,std_shared,lock,100000,940261,9.40261,2350000
99,15,localize_read_drop,std_shared,group,100000,1163822,11.63822,2350000
99,16,async_queue_job_1024_local_copies,own_local,job,100,400593,4005.93,2406400
99,17,scene_4096_attachments,own_local,attachment,98304,147448,1.49991861979,98304
99,18,share_read_drop,std_shared,handoff,100000,1167497,11.67497,2350000
99,19,borrow_read,raw_borrow,read,100000,54541,0.54541,2350000
99,20,copy_read_drop,own_shared,copy,100000,455154,4.55154,2350000
99,21,create_read_destroy,std_shared,asset,100000,1125645,11.25645,65000400000
99,22,copy_read_drop,std_shared,copy,100000,1168728,11.68728,2350000
99,23,group_setup_then_8_copies,own_local,group,12500,334775,26.782,2350000
99,24,create_read_destroy,own_shared,asset,100000,1214968,12.14968,65000400000
99,25,create_read_destroy,own_local,asset,100000,2131684,21.31684,65000400000
99,26,share_read_drop,own_shared,handoff,100000,454843,4.54843,2350000
99,27,weak_lock_expired,own_shared,lock,100000,135451,1.35451,0
99,28,resource_lifecycle_64_assets_4096_objects,own_local,cycle,10,224512,22451.2,17203200
99,29,weak_lock_live,own_shared,lock,100000,463997,4.63997,2350000
99,30,group_setup_then_1024_copies,own_local,group,97,137894,1421.58762887,2334208
99,31,frame_4096_draws_64_unique_leases,own_shared,frame,24,90715,3779.79166667,41287680
99,32,group_setup_then_1_copies,own_local,group,100000,1853292,18.53292,2000000
99,33,async_queue_job_1_local_copies,own_local,job,100,59118,591.18,2000
99,34,group_setup_then_1024_copies,std_shared,group,97,1143181,11785.371134,2334208
99,35,copy_read_drop,own_local,copy,100000,122211,1.22211,2350000
99,36,group_setup_then_64_copies,own_local,group,1562,164544,105.341869398,2349248
100,0,group_setup_then_1024_copies,own_local,group,97,136792,1410.22680412,2334208
100,1,frame_4096_draws_64_unique_leases,own_shared,frame,24,102121,4255.04166667,41287680
100,2,async_queue_job_1_local_copies,std_shared,job,100,57485,574.85,2000
100,3,contended_copy_2_workers,std_shared,copy,200000,6404305,32.021525,4700000
100,4,group_setup_then_1_copies,own_local,group,100000,1857508,18.57508,2000000
100,5,async_queue_job_1_local_copies,own_local,job,100,49944,499.44,2000
100,6,create_read_destroy,own_shared,asset,100000,1234677,12.34677,65000400000
100,7,async_queue_job_1024_local_copies,own_local,job,100,451357,4513.57,2406400
100,8,share_read_drop,own_shared,handoff,100000,442224,4.42224,2350000
100,9,group_setup_then_8_copies,std_shared,group,12500,1246033,99.68264,2350000
100,10,group_setup_then_64_copies,std_shared,group,1562,1173576,751.329065301,2349248
100,11,weak_lock_expired,own_shared,lock,100000,155690,1.5569,0
100,12,copy_read_drop,own_shared,copy,100000,454802,4.54802,2350000
100,13,scene_4096_attachments,own_local,attachment,98304,146948,1.49483235677,98304
100,14,group_setup_then_64_copies,own_local,group,1562,163813,104.873879641,2349248
100,15,async_queue_job_64_local_copies,own_local,job,100,83033,830.33,150400
100,16,copy_read_drop,own_local,copy,100000,121319,1.21319,2350000
100,17,share_read_drop,std_shared,handoff,100000,1162520,11.6252,2350000
100,18,async_queue_job_64_local_copies,std_shared,job,100,194498,1944.98,150400
100,19,create_read_destroy,own_local,asset,100000,2132254,21.32254,65000400000
100,20,scene_4096_attachments,std_shared,attachment,98304,714346,7.26670328776,98304
100,21,borrow_read,raw_borrow,read,100000,54510,0.5451,2350000
100,22,contended_copy_2_workers,own_shared,copy,200000,2154247,10.771235,4700000
100,23,create_read_destroy,std_shared,asset,100000,1112556,11.12556,65000400000
100,24,async_queue_job_1024_local_copies,std_shared,job,100,1645343,16453.43,2406400
100,25,weak_lock_expired,std_shared,lock,100000,162611,1.62611,0
100,26,group_setup_then_1_copies,std_shared,group,100000,1977485,19.77485,2000000
100,27,localize_read_drop,own_local,group,100000,1112445,11.12445,2350000
100,28,group_setup_then_8_copies,own_local,group,12500,330379,26.43032,2350000
100,29,resource_lifecycle_64_assets_4096_objects,own_local,cycle,10,256269,25626.9,17203200
100,30,group_setup_then_1024_copies,std_shared,group,97,1150341,11859.185567,2334208
100,31,weak_lock_live,std_shared,lock,100000,948102,9.48102,2350000
100,32,localize_read_drop,std_shared,group,100000,1168028,11.68028,2350000
100,33,resource_lifecycle_64_assets_4096_objects,std_shared,cycle,10,334225,33422.5,17203200
100,34,weak_lock_live,own_shared,lock,100000,467141,4.67141,2350000
100,35,copy_read_drop,std_shared,copy,100000,1174677,11.74677,2350000
100,36,frame_4096_draws_64_unique_leases,std_shared,frame,24,89723,3738.45833333,41287680
