build,run,round,order,case,implementation,operations,total_ns,ns_per_operation,checksum
frozen_erased,primary,0,0,frame_draw_batch,std_erased_unique_40,64,523234.000000,8175.531250,27924889600
frozen_erased,primary,0,1,frame_draw_batch,std_unique_8,64,966170.000000,15096.406250,27924889600
frozen_erased,primary,0,2,frame_draw_batch,own_old_unique_40,64,552156.000000,8627.437500,27924889600
frozen_erased,primary,0,3,borrow_read_loop,std_unique_8,1000000,436395.000000,0.436395,256500000
frozen_erased,primary,0,4,borrow_read_loop,std_erased_unique_40,1000000,571866.000000,0.571866,256500000
frozen_erased,primary,0,5,borrow_read_loop,own_old_unique_40,1000000,436566.000000,0.436566,256500000
frozen_erased,primary,0,6,synchronized_job_handoff,own_old_unique_40,2048,1005447.000000,490.940918,218578944
frozen_erased,primary,0,7,synchronized_job_handoff,std_erased_unique_40,2048,593177.000000,289.637207,218578944
frozen_erased,primary,0,8,synchronized_job_handoff,std_unique_8,2048,521701.000000,254.736816,218578944
frozen_erased,primary,0,9,create_read_destroy,std_unique_8,50000,445268.000000,8.905360,16251450000
frozen_erased,primary,0,10,create_read_destroy,own_old_unique_40,50000,514541.000000,10.290820,16251450000
frozen_erased,primary,0,11,create_read_destroy,std_erased_unique_40,50000,484186.000000,9.683720,16251450000
frozen_erased,primary,0,12,observable_move_roundtrip,std_unique_8,500000,541431.000000,1.082862,128250000
frozen_erased,primary,0,13,observable_move_roundtrip,own_old_unique_40,500000,5420618.000000,10.841236,128250000
frozen_erased,primary,0,14,observable_move_roundtrip,std_erased_unique_40,500000,2748596.000000,5.497192,128250000
frozen_erased,primary,0,15,vector_owner_transfer,own_old_unique_40,64,359893.000000,5623.328125,438108160
frozen_erased,primary,0,16,vector_owner_transfer,std_unique_8,64,172616.000000,2697.125000,438108160
frozen_erased,primary,0,17,vector_owner_transfer,std_erased_unique_40,64,218944.000000,3421.000000,438108160
frozen_erased,primary,1,0,observable_move_roundtrip,own_old_unique_40,500000,5479215.000000,10.958430,128250000
frozen_erased,primary,1,1,observable_move_roundtrip,std_unique_8,500000,541691.000000,1.083382,128250000
frozen_erased,primary,1,2,observable_move_roundtrip,std_erased_unique_40,500000,2858509.000000,5.717018,128250000
frozen_erased,primary,1,3,borrow_read_loop,std_unique_8,1000000,448784.000000,0.448784,256500000
frozen_erased,primary,1,4,borrow_read_loop,std_erased_unique_40,1000000,454613.000000,0.454613,256500000
frozen_erased,primary,1,5,borrow_read_loop,own_old_unique_40,1000000,436746.000000,0.436746,256500000
frozen_erased,primary,1,6,vector_owner_transfer,std_erased_unique_40,64,247527.000000,3867.609375,438108160
frozen_erased,primary,1,7,vector_owner_transfer,own_old_unique_40,64,412720.000000,6448.750000,438108160
frozen_erased,primary,1,8,vector_owner_transfer,std_unique_8,64,169370.000000,2646.406250,438108160
frozen_erased,primary,1,9,create_read_destroy,own_old_unique_40,50000,552096.000000,11.041920,16251450000
frozen_erased,primary,1,10,create_read_destroy,std_unique_8,50000,489784.000000,9.795680,16251450000
frozen_erased,primary,1,11,create_read_destroy,std_erased_unique_40,50000,629801.000000,12.596020,16251450000
frozen_erased,primary,1,12,frame_draw_batch,std_unique_8,64,495823.000000,7747.234375,27924889600
frozen_erased,primary,1,13,frame_draw_batch,std_erased_unique_40,64,630883.000000,9857.546875,27924889600
frozen_erased,primary,1,14,frame_draw_batch,own_old_unique_40,64,538877.000000,8419.953125,27924889600
frozen_erased,primary,1,15,synchronized_job_handoff,std_unique_8,2048,571526.000000,279.065430,218578944
frozen_erased,primary,1,16,synchronized_job_handoff,own_old_unique_40,2048,583292.000000,284.810547,218578944
frozen_erased,primary,1,17,synchronized_job_handoff,std_erased_unique_40,2048,941823.000000,459.874512,218578944
frozen_erased,primary,2,0,create_read_destroy,std_erased_unique_40,50000,446961.000000,8.939220,16251450000
frozen_erased,primary,2,1,create_read_destroy,std_unique_8,50000,454252.000000,9.085040,16251450000
frozen_erased,primary,2,2,create_read_destroy,own_old_unique_40,50000,763279.000000,15.265580,16251450000
frozen_erased,primary,2,3,frame_draw_batch,std_unique_8,64,537575.000000,8399.609375,27924889600
frozen_erased,primary,2,4,frame_draw_batch,std_erased_unique_40,64,517485.000000,8085.703125,27924889600
frozen_erased,primary,2,5,frame_draw_batch,own_old_unique_40,64,569062.000000,8891.593750,27924889600
frozen_erased,primary,2,6,observable_move_roundtrip,std_unique_8,500000,620749.000000,1.241498,128250000
frozen_erased,primary,2,7,observable_move_roundtrip,own_old_unique_40,500000,5349193.000000,10.698386,128250000
frozen_erased,primary,2,8,observable_move_roundtrip,std_erased_unique_40,500000,2794193.000000,5.588386,128250000
frozen_erased,primary,2,9,borrow_read_loop,std_unique_8,1000000,436656.000000,0.436656,256500000
frozen_erased,primary,2,10,borrow_read_loop,std_erased_unique_40,1000000,450987.000000,0.450987,256500000
frozen_erased,primary,2,11,borrow_read_loop,own_old_unique_40,1000000,436475.000000,0.436475,256500000
frozen_erased,primary,2,12,synchronized_job_handoff,std_unique_8,2048,666826.000000,325.598633,218578944
frozen_erased,primary,2,13,synchronized_job_handoff,std_erased_unique_40,2048,762458.000000,372.293945,218578944
frozen_erased,primary,2,14,synchronized_job_handoff,own_old_unique_40,2048,623222.000000,304.307617,218578944
frozen_erased,primary,2,15,vector_owner_transfer,std_unique_8,64,170983.000000,2671.609375,438108160
frozen_erased,primary,2,16,vector_owner_transfer,own_old_unique_40,64,458758.000000,7168.093750,438108160
frozen_erased,primary,2,17,vector_owner_transfer,std_erased_unique_40,64,219595.000000,3431.171875,438108160
frozen_erased,primary,3,0,vector_owner_transfer,std_erased_unique_40,64,213015.000000,3328.359375,438108160
frozen_erased,primary,3,1,vector_owner_transfer,std_unique_8,64,182019.000000,2844.046875,438108160
frozen_erased,primary,3,2,vector_owner_transfer,own_old_unique_40,64,359381.000000,5615.328125,438108160
frozen_erased,primary,3,3,synchronized_job_handoff,own_old_unique_40,2048,629632.000000,307.437500,218578944
frozen_erased,primary,3,4,synchronized_job_handoff,std_erased_unique_40,2048,855125.000000,417.541504,218578944
frozen_erased,primary,3,5,synchronized_job_handoff,std_unique_8,2048,598616.000000,292.292969,218578944
frozen_erased,primary,3,6,borrow_read_loop,std_unique_8,1000000,439030.000000,0.439030,256500000
frozen_erased,primary,3,7,borrow_read_loop,std_erased_unique_40,1000000,459159.000000,0.459159,256500000
frozen_erased,primary,3,8,borrow_read_loop,own_old_unique_40,1000000,436505.000000,0.436505,256500000
frozen_erased,primary,3,9,frame_draw_batch,own_old_unique_40,64,540299.000000,8442.171875,27924889600
frozen_erased,primary,3,10,frame_draw_batch,std_erased_unique_40,64,515373.000000,8052.703125,27924889600
frozen_erased,primary,3,11,frame_draw_batch,std_unique_8,64,538577.000000,8415.265625,27924889600
frozen_erased,primary,3,12,create_read_destroy,std_erased_unique_40,50000,446721.000000,8.934420,16251450000
frozen_erased,primary,3,13,create_read_destroy,own_old_unique_40,50000,533219.000000,10.664380,16251450000
frozen_erased,primary,3,14,create_read_destroy,std_unique_8,50000,433501.000000,8.670020,16251450000
frozen_erased,primary,3,15,observable_move_roundtrip,std_unique_8,500000,572627.000000,1.145254,128250000
frozen_erased,primary,3,16,observable_move_roundtrip,own_old_unique_40,500000,5637600.000000,11.275200,128250000
frozen_erased,primary,3,17,observable_move_roundtrip,std_erased_unique_40,500000,2783949.000000,5.567898,128250000
frozen_erased,primary,4,0,synchronized_job_handoff,std_unique_8,2048,592306.000000,289.211914,218578944
frozen_erased,primary,4,1,synchronized_job_handoff,std_erased_unique_40,2048,532567.000000,260.042480,218578944
frozen_erased,primary,4,2,synchronized_job_handoff,own_old_unique_40,2048,541812.000000,264.556641,218578944
frozen_erased,primary,4,3,create_read_destroy,std_erased_unique_40,50000,446741.000000,8.934820,16251450000
frozen_erased,primary,4,4,create_read_destroy,own_old_unique_40,50000,541922.000000,10.838440,16251450000
frozen_erased,primary,4,5,create_read_destroy,std_unique_8,50000,610904.000000,12.218080,16251450000
frozen_erased,primary,4,6,observable_move_roundtrip,std_unique_8,500000,541461.000000,1.082922,128250000
frozen_erased,primary,4,7,observable_move_roundtrip,std_erased_unique_40,500000,2891167.000000,5.782334,128250000
frozen_erased,primary,4,8,observable_move_roundtrip,own_old_unique_40,500000,5400569.000000,10.801138,128250000
frozen_erased,primary,4,9,borrow_read_loop,std_erased_unique_40,1000000,448533.000000,0.448533,256500000
frozen_erased,primary,4,10,borrow_read_loop,std_unique_8,1000000,485468.000000,0.485468,256500000
frozen_erased,primary,4,11,borrow_read_loop,own_old_unique_40,1000000,490816.000000,0.490816,256500000
frozen_erased,primary,4,12,vector_owner_transfer,std_erased_unique_40,64,220396.000000,3443.687500,438108160
frozen_erased,primary,4,13,vector_owner_transfer,own_old_unique_40,64,347865.000000,5435.390625,438108160
frozen_erased,primary,4,14,vector_owner_transfer,std_unique_8,64,190692.000000,2979.562500,438108160
frozen_erased,primary,4,15,frame_draw_batch,own_old_unique_40,64,545968.000000,8530.750000,27924889600
frozen_erased,primary,4,16,frame_draw_batch,std_unique_8,64,505408.000000,7897.000000,27924889600
frozen_erased,primary,4,17,frame_draw_batch,std_erased_unique_40,64,517185.000000,8081.015625,27924889600
frozen_erased,primary,5,0,synchronized_job_handoff,std_erased_unique_40,2048,661027.000000,322.767090,218578944
frozen_erased,primary,5,1,synchronized_job_handoff,std_unique_8,2048,619907.000000,302.688965,218578944
frozen_erased,primary,5,2,synchronized_job_handoff,own_old_unique_40,2048,634069.000000,309.604004,218578944
frozen_erased,primary,5,3,vector_owner_transfer,std_unique_8,64,167318.000000,2614.343750,438108160
frozen_erased,primary,5,4,vector_owner_transfer,own_old_unique_40,64,358751.000000,5605.484375,438108160
frozen_erased,primary,5,5,vector_owner_transfer,std_erased_unique_40,64,214858.000000,3357.156250,438108160
frozen_erased,primary,5,6,observable_move_roundtrip,std_erased_unique_40,500000,2770258.000000,5.540516,128250000
frozen_erased,primary,5,7,observable_move_roundtrip,own_old_unique_40,500000,5374120.000000,10.748240,128250000
frozen_erased,primary,5,8,observable_move_roundtrip,std_unique_8,500000,556884.000000,1.113768,128250000
frozen_erased,primary,5,9,borrow_read_loop,own_old_unique_40,1000000,436526.000000,0.436526,256500000
frozen_erased,primary,5,10,borrow_read_loop,std_unique_8,1000000,436656.000000,0.436656,256500000
frozen_erased,primary,5,11,borrow_read_loop,std_erased_unique_40,1000000,448273.000000,0.448273,256500000
frozen_erased,primary,5,12,frame_draw_batch,own_old_unique_40,64,524666.000000,8197.906250,27924889600
frozen_erased,primary,5,13,frame_draw_batch,std_erased_unique_40,64,573148.000000,8955.437500,27924889600
frozen_erased,primary,5,14,frame_draw_batch,std_unique_8,64,491117.000000,7673.703125,27924889600
frozen_erased,primary,5,15,create_read_destroy,std_erased_unique_40,50000,459600.000000,9.192000,16251450000
frozen_erased,primary,5,16,create_read_destroy,std_unique_8,50000,433161.000000,8.663220,16251450000
frozen_erased,primary,5,17,create_read_destroy,own_old_unique_40,50000,523324.000000,10.466480,16251450000
frozen_erased,primary,6,0,create_read_destroy,std_unique_8,50000,433261.000000,8.665220,16251450000
frozen_erased,primary,6,1,create_read_destroy,own_old_unique_40,50000,545848.000000,10.916960,16251450000
frozen_erased,primary,6,2,create_read_destroy,std_erased_unique_40,50000,460201.000000,9.204020,16251450000
frozen_erased,primary,6,3,borrow_read_loop,own_old_unique_40,1000000,460972.000000,0.460972,256500000
frozen_erased,primary,6,4,borrow_read_loop,std_unique_8,1000000,436326.000000,0.436326,256500000
frozen_erased,primary,6,5,borrow_read_loop,std_erased_unique_40,1000000,460762.000000,0.460762,256500000
frozen_erased,primary,6,6,observable_move_roundtrip,own_old_unique_40,500000,5414099.000000,10.828198,128250000
frozen_erased,primary,6,7,observable_move_roundtrip,std_unique_8,500000,555301.000000,1.110602,128250000
frozen_erased,primary,6,8,observable_move_roundtrip,std_erased_unique_40,500000,2747684.000000,5.495368,128250000
frozen_erased,primary,6,9,frame_draw_batch,std_unique_8,64,507060.000000,7922.812500,27924889600
frozen_erased,primary,6,10,frame_draw_batch,own_old_unique_40,64,524005.000000,8187.578125,27924889600
frozen_erased,primary,6,11,frame_draw_batch,std_erased_unique_40,64,529063.000000,8266.609375,27924889600
frozen_erased,primary,6,12,vector_owner_transfer,std_erased_unique_40,64,217181.000000,3393.453125,438108160
frozen_erased,primary,6,13,vector_owner_transfer,own_old_unique_40,64,371689.000000,5807.640625,438108160
frozen_erased,primary,6,14,vector_owner_transfer,std_unique_8,64,169641.000000,2650.640625,438108160
frozen_erased,primary,6,15,synchronized_job_handoff,own_old_unique_40,2048,600568.000000,293.246094,218578944
frozen_erased,primary,6,16,synchronized_job_handoff,std_erased_unique_40,2048,698203.000000,340.919434,218578944
frozen_erased,primary,6,17,synchronized_job_handoff,std_unique_8,2048,661518.000000,323.006836,218578944
frozen_erased,primary,7,0,create_read_destroy,own_old_unique_40,50000,532759.000000,10.655180,16251450000
frozen_erased,primary,7,1,create_read_destroy,std_erased_unique_40,50000,461022.000000,9.220440,16251450000
frozen_erased,primary,7,2,create_read_destroy,std_unique_8,50000,434062.000000,8.681240,16251450000
frozen_erased,primary,7,3,synchronized_job_handoff,own_old_unique_40,2048,674197.000000,329.197754,218578944
frozen_erased,primary,7,4,synchronized_job_handoff,std_unique_8,2048,583263.000000,284.796387,218578944
frozen_erased,primary,7,5,synchronized_job_handoff,std_erased_unique_40,2048,684923.000000,334.435059,218578944
frozen_erased,primary,7,6,borrow_read_loop,std_unique_8,1000000,452880.000000,0.452880,256500000
frozen_erased,primary,7,7,borrow_read_loop,std_erased_unique_40,1000000,436576.000000,0.436576,256500000
frozen_erased,primary,7,8,borrow_read_loop,own_old_unique_40,1000000,436285.000000,0.436285,256500000
frozen_erased,primary,7,9,observable_move_roundtrip,own_old_unique_40,500000,5424123.000000,10.848246,128250000
frozen_erased,primary,7,10,observable_move_roundtrip,std_erased_unique_40,500000,2750639.000000,5.501278,128250000
frozen_erased,primary,7,11,observable_move_roundtrip,std_unique_8,500000,541461.000000,1.082922,128250000
frozen_erased,primary,7,12,vector_owner_transfer,own_old_unique_40,64,344259.000000,5379.046875,438108160
frozen_erased,primary,7,13,vector_owner_transfer,std_unique_8,64,195749.000000,3058.578125,438108160
frozen_erased,primary,7,14,vector_owner_transfer,std_erased_unique_40,64,215859.000000,3372.796875,438108160
frozen_erased,primary,7,15,frame_draw_batch,std_erased_unique_40,64,516544.000000,8071.000000,27924889600
frozen_erased,primary,7,16,frame_draw_batch,std_unique_8,64,505027.000000,7891.046875,27924889600
frozen_erased,primary,7,17,frame_draw_batch,own_old_unique_40,64,525678.000000,8213.718750,27924889600
frozen_erased,primary,8,0,frame_draw_batch,std_unique_8,64,657222.000000,10269.093750,27924889600
frozen_erased,primary,8,1,frame_draw_batch,own_old_unique_40,64,556854.000000,8700.843750,27924889600
frozen_erased,primary,8,2,frame_draw_batch,std_erased_unique_40,64,515503.000000,8054.734375,27924889600
frozen_erased,primary,8,3,synchronized_job_handoff,std_unique_8,2048,819072.000000,399.937500,218578944
frozen_erased,primary,8,4,synchronized_job_handoff,std_erased_unique_40,2048,598846.000000,292.405273,218578944
frozen_erased,primary,8,5,synchronized_job_handoff,own_old_unique_40,2048,559658.000000,273.270508,218578944
frozen_erased,primary,8,6,borrow_read_loop,std_unique_8,1000000,465359.000000,0.465359,256500000
frozen_erased,primary,8,7,borrow_read_loop,std_erased_unique_40,1000000,436455.000000,0.436455,256500000
frozen_erased,primary,8,8,borrow_read_loop,own_old_unique_40,1000000,450957.000000,0.450957,256500000
frozen_erased,primary,8,9,observable_move_roundtrip,std_unique_8,500000,541561.000000,1.083122,128250000
frozen_erased,primary,8,10,observable_move_roundtrip,std_erased_unique_40,500000,2765441.000000,5.530882,128250000
frozen_erased,primary,8,11,observable_move_roundtrip,own_old_unique_40,500000,5437975.000000,10.875950,128250000
frozen_erased,primary,8,12,vector_owner_transfer,std_unique_8,64,169931.000000,2655.171875,438108160
frozen_erased,primary,8,13,vector_owner_transfer,std_erased_unique_40,64,279053.000000,4360.203125,438108160
frozen_erased,primary,8,14,vector_owner_transfer,own_old_unique_40,64,345180.000000,5393.437500,438108160
frozen_erased,primary,8,15,create_read_destroy,own_old_unique_40,50000,541821.000000,10.836420,16251450000
frozen_erased,primary,8,16,create_read_destroy,std_unique_8,50000,433181.000000,8.663620,16251450000
frozen_erased,primary,8,17,create_read_destroy,std_erased_unique_40,50000,463816.000000,9.276320,16251450000
frozen_erased,primary,9,0,borrow_read_loop,own_old_unique_40,1000000,436355.000000,0.436355,256500000
frozen_erased,primary,9,1,borrow_read_loop,std_unique_8,1000000,436856.000000,0.436856,256500000
frozen_erased,primary,9,2,borrow_read_loop,std_erased_unique_40,1000000,473381.000000,0.473381,256500000
frozen_erased,primary,9,3,synchronized_job_handoff,std_erased_unique_40,2048,802798.000000,391.991211,218578944
frozen_erased,primary,9,4,synchronized_job_handoff,own_old_unique_40,2048,607138.000000,296.454102,218578944
frozen_erased,primary,9,5,synchronized_job_handoff,std_unique_8,2048,608471.000000,297.104980,218578944
frozen_erased,primary,9,6,frame_draw_batch,std_erased_unique_40,64,784771.000000,12262.046875,27924889600
frozen_erased,primary,9,7,frame_draw_batch,std_unique_8,64,492909.000000,7701.703125,27924889600
frozen_erased,primary,9,8,frame_draw_batch,own_old_unique_40,64,558517.000000,8726.828125,27924889600
frozen_erased,primary,9,9,create_read_destroy,own_old_unique_40,50000,513110.000000,10.262200,16251450000
frozen_erased,primary,9,10,create_read_destroy,std_unique_8,50000,469865.000000,9.397300,16251450000
frozen_erased,primary,9,11,create_read_destroy,std_erased_unique_40,50000,446691.000000,8.933820,16251450000
frozen_erased,primary,9,12,vector_owner_transfer,std_erased_unique_40,64,215669.000000,3369.828125,438108160
frozen_erased,primary,9,13,vector_owner_transfer,own_old_unique_40,64,360333.000000,5630.203125,438108160
frozen_erased,primary,9,14,vector_owner_transfer,std_unique_8,64,170322.000000,2661.281250,438108160
frozen_erased,primary,9,15,observable_move_roundtrip,std_erased_unique_40,500000,2796186.000000,5.592372,128250000
frozen_erased,primary,9,16,observable_move_roundtrip,std_unique_8,500000,541441.000000,1.082882,128250000
frozen_erased,primary,9,17,observable_move_roundtrip,own_old_unique_40,500000,5374901.000000,10.749802,128250000
frozen_erased,primary,10,0,synchronized_job_handoff,own_old_unique_40,2048,625055.000000,305.202637,218578944
frozen_erased,primary,10,1,synchronized_job_handoff,std_unique_8,2048,598205.000000,292.092285,218578944
frozen_erased,primary,10,2,synchronized_job_handoff,std_erased_unique_40,2048,858249.000000,419.066895,218578944
frozen_erased,primary,10,3,create_read_destroy,std_erased_unique_40,50000,446821.000000,8.936420,16251450000
frozen_erased,primary,10,4,create_read_destroy,std_unique_8,50000,446080.000000,8.921600,16251450000
frozen_erased,primary,10,5,create_read_destroy,own_old_unique_40,50000,598735.000000,11.974700,16251450000
frozen_erased,primary,10,6,observable_move_roundtrip,own_old_unique_40,500000,5815133.000000,11.630266,128250000
frozen_erased,primary,10,7,observable_move_roundtrip,std_unique_8,500000,649862.000000,1.299724,128250000
frozen_erased,primary,10,8,observable_move_roundtrip,std_erased_unique_40,500000,2741656.000000,5.483312,128250000
frozen_erased,primary,10,9,frame_draw_batch,std_erased_unique_40,64,530895.000000,8295.234375,27924889600
frozen_erased,primary,10,10,frame_draw_batch,own_old_unique_40,64,537204.000000,8393.812500,27924889600
frozen_erased,primary,10,11,frame_draw_batch,std_unique_8,64,507081.000000,7923.140625,27924889600
frozen_erased,primary,10,12,vector_owner_transfer,own_old_unique_40,64,345080.000000,5391.875000,438108160
frozen_erased,primary,10,13,vector_owner_transfer,std_erased_unique_40,64,232935.000000,3639.609375,438108160
frozen_erased,primary,10,14,vector_owner_transfer,std_unique_8,64,169761.000000,2652.515625,438108160
frozen_erased,primary,10,15,borrow_read_loop,std_unique_8,1000000,436676.000000,0.436676,256500000
frozen_erased,primary,10,16,borrow_read_loop,own_old_unique_40,1000000,456906.000000,0.456906,256500000
frozen_erased,primary,10,17,borrow_read_loop,std_erased_unique_40,1000000,436616.000000,0.436616,256500000
frozen_erased,primary,11,0,observable_move_roundtrip,std_unique_8,500000,553299.000000,1.106598,128250000
frozen_erased,primary,11,1,observable_move_roundtrip,std_erased_unique_40,500000,2750088.000000,5.500176,128250000
frozen_erased,primary,11,2,observable_move_roundtrip,own_old_unique_40,500000,5392827.000000,10.785654,128250000
frozen_erased,primary,11,3,synchronized_job_handoff,std_erased_unique_40,2048,753114.000000,367.731445,218578944
frozen_erased,primary,11,4,synchronized_job_handoff,std_unique_8,2048,596713.000000,291.363770,218578944
frozen_erased,primary,11,5,synchronized_job_handoff,own_old_unique_40,2048,638805.000000,311.916504,218578944
frozen_erased,primary,11,6,frame_draw_batch,std_unique_8,64,494722.000000,7730.031250,27924889600
frozen_erased,primary,11,7,frame_draw_batch,own_old_unique_40,64,539918.000000,8436.218750,27924889600
frozen_erased,primary,11,8,frame_draw_batch,std_erased_unique_40,64,515723.000000,8058.171875,27924889600
frozen_erased,primary,11,9,create_read_destroy,std_erased_unique_40,50000,461913.000000,9.238260,16251450000
frozen_erased,primary,11,10,create_read_destroy,std_unique_8,50000,433151.000000,8.663020,16251450000
frozen_erased,primary,11,11,create_read_destroy,own_old_unique_40,50000,554701.000000,11.094020,16251450000
frozen_erased,primary,11,12,borrow_read_loop,std_unique_8,1000000,436576.000000,0.436576,256500000
frozen_erased,primary,11,13,borrow_read_loop,own_old_unique_40,1000000,451278.000000,0.451278,256500000
frozen_erased,primary,11,14,borrow_read_loop,std_erased_unique_40,1000000,436406.000000,0.436406,256500000
frozen_erased,primary,11,15,vector_owner_transfer,std_erased_unique_40,64,219034.000000,3422.406250,438108160
frozen_erased,primary,11,16,vector_owner_transfer,own_old_unique_40,64,357018.000000,5578.406250,438108160
frozen_erased,primary,11,17,vector_owner_transfer,std_unique_8,64,168890.000000,2638.906250,438108160
frozen_erased,primary,12,0,borrow_read_loop,std_unique_8,1000000,436586.000000,0.436586,256500000
frozen_erased,primary,12,1,borrow_read_loop,own_old_unique_40,1000000,449546.000000,0.449546,256500000
frozen_erased,primary,12,2,borrow_read_loop,std_erased_unique_40,1000000,450106.000000,0.450106,256500000
frozen_erased,primary,12,3,vector_owner_transfer,std_unique_8,64,166136.000000,2595.875000,438108160
frozen_erased,primary,12,4,vector_owner_transfer,std_erased_unique_40,64,251452.000000,3928.937500,438108160
frozen_erased,primary,12,5,vector_owner_transfer,own_old_unique_40,64,342586.000000,5352.906250,438108160
frozen_erased,primary,12,6,frame_draw_batch,own_old_unique_40,64,634429.000000,9912.953125,27924889600
frozen_erased,primary,12,7,frame_draw_batch,std_erased_unique_40,64,516194.000000,8065.531250,27924889600
frozen_erased,primary,12,8,frame_draw_batch,std_unique_8,64,562162.000000,8783.781250,27924889600
frozen_erased,primary,12,9,synchronized_job_handoff,own_old_unique_40,2048,569793.000000,278.219238,218578944
frozen_erased,primary,12,10,synchronized_job_handoff,std_unique_8,2048,604925.000000,295.373535,218578944
frozen_erased,primary,12,11,synchronized_job_handoff,std_erased_unique_40,2048,510215.000000,249.128418,218578944
frozen_erased,primary,12,12,observable_move_roundtrip,own_old_unique_40,500000,5389622.000000,10.779244,128250000
frozen_erased,primary,12,13,observable_move_roundtrip,std_unique_8,500000,541431.000000,1.082862,128250000
frozen_erased,primary,12,14,observable_move_roundtrip,std_erased_unique_40,500000,2766453.000000,5.532906,128250000
frozen_erased,primary,12,15,create_read_destroy,own_old_unique_40,50000,541712.000000,10.834240,16251450000
frozen_erased,primary,12,16,create_read_destroy,std_erased_unique_40,50000,446721.000000,8.934420,16251450000
frozen_erased,primary,12,17,create_read_destroy,std_unique_8,50000,445379.000000,8.907580,16251450000
frozen_erased,primary,13,0,observable_move_roundtrip,std_unique_8,500000,541411.000000,1.082822,128250000
frozen_erased,primary,13,1,observable_move_roundtrip,own_old_unique_40,500000,5426277.000000,10.852554,128250000
frozen_erased,primary,13,2,observable_move_roundtrip,std_erased_unique_40,500000,2737110.000000,5.474220,128250000
frozen_erased,primary,13,3,vector_owner_transfer,own_old_unique_40,64,453000.000000,7078.125000,438108160
frozen_erased,primary,13,4,vector_owner_transfer,std_erased_unique_40,64,217792.000000,3403.000000,438108160
frozen_erased,primary,13,5,vector_owner_transfer,std_unique_8,64,170402.000000,2662.531250,438108160
frozen_erased,primary,13,6,synchronized_job_handoff,own_old_unique_40,2048,602221.000000,294.053223,218578944
frozen_erased,primary,13,7,synchronized_job_handoff,std_unique_8,2048,562593.000000,274.703613,218578944
frozen_erased,primary,13,8,synchronized_job_handoff,std_erased_unique_40,2048,591686.000000,288.909180,218578944
frozen_erased,primary,13,9,borrow_read_loop,std_erased_unique_40,1000000,436656.000000,0.436656,256500000
frozen_erased,primary,13,10,borrow_read_loop,std_unique_8,1000000,473160.000000,0.473160,256500000
frozen_erased,primary,13,11,borrow_read_loop,own_old_unique_40,1000000,449014.000000,0.449014,256500000
frozen_erased,primary,13,12,create_read_destroy,own_old_unique_40,50000,516504.000000,10.330080,16251450000
frozen_erased,primary,13,13,create_read_destroy,std_unique_8,50000,433171.000000,8.663420,16251450000
frozen_erased,primary,13,14,create_read_destroy,std_erased_unique_40,50000,480641.000000,9.612820,16251450000
frozen_erased,primary,13,15,frame_draw_batch,own_old_unique_40,64,524576.000000,8196.500000,27924889600
frozen_erased,primary,13,16,frame_draw_batch,std_erased_unique_40,64,531937.000000,8311.515625,27924889600
frozen_erased,primary,13,17,frame_draw_batch,std_unique_8,64,491597.000000,7681.203125,27924889600
frozen_erased,primary,14,0,create_read_destroy,std_unique_8,50000,448133.000000,8.962660,16251450000
frozen_erased,primary,14,1,create_read_destroy,std_erased_unique_40,50000,460481.000000,9.209620,16251450000
frozen_erased,primary,14,2,create_read_destroy,own_old_unique_40,50000,526048.000000,10.520960,16251450000
frozen_erased,primary,14,3,frame_draw_batch,std_erased_unique_40,64,514721.000000,8042.515625,27924889600
frozen_erased,primary,14,4,frame_draw_batch,own_old_unique_40,64,558246.000000,8722.593750,27924889600
frozen_erased,primary,14,5,frame_draw_batch,std_unique_8,64,490826.000000,7669.156250,27924889600
frozen_erased,primary,14,6,borrow_read_loop,std_unique_8,1000000,450006.000000,0.450006,256500000
frozen_erased,primary,14,7,borrow_read_loop,own_old_unique_40,1000000,436366.000000,0.436366,256500000
frozen_erased,primary,14,8,borrow_read_loop,std_erased_unique_40,1000000,448534.000000,0.448534,256500000
frozen_erased,primary,14,9,synchronized_job_handoff,own_old_unique_40,2048,1271726.000000,620.959961,218578944
frozen_erased,primary,14,10,synchronized_job_handoff,std_unique_8,2048,669520.000000,326.914062,218578944
frozen_erased,primary,14,11,synchronized_job_handoff,std_erased_unique_40,2048,455564.000000,222.443359,218578944
frozen_erased,primary,14,12,vector_owner_transfer,own_old_unique_40,64,348515.000000,5445.546875,438108160
frozen_erased,primary,14,13,vector_owner_transfer,std_unique_8,64,219094.000000,3423.343750,438108160
frozen_erased,primary,14,14,vector_owner_transfer,std_erased_unique_40,64,218774.000000,3418.343750,438108160
frozen_erased,primary,14,15,observable_move_roundtrip,std_unique_8,500000,599717.000000,1.199434,128250000
frozen_erased,primary,14,16,observable_move_roundtrip,std_erased_unique_40,500000,3127477.000000,6.254954,128250000
frozen_erased,primary,14,17,observable_move_roundtrip,own_old_unique_40,500000,7591761.000000,15.183522,128250000
frozen_erased,primary,15,0,create_read_destroy,std_unique_8,50000,520620.000000,10.412400,16251450000
frozen_erased,primary,15,1,create_read_destroy,std_erased_unique_40,50000,446741.000000,8.934820,16251450000
frozen_erased,primary,15,2,create_read_destroy,own_old_unique_40,50000,522813.000000,10.456260,16251450000
frozen_erased,primary,15,3,observable_move_roundtrip,std_unique_8,500000,541681.000000,1.083362,128250000
frozen_erased,primary,15,4,observable_move_roundtrip,std_erased_unique_40,500000,3327863.000000,6.655726,128250000
frozen_erased,primary,15,5,observable_move_roundtrip,own_old_unique_40,500000,5620604.000000,11.241208,128250000
frozen_erased,primary,15,6,synchronized_job_handoff,std_unique_8,2048,711934.000000,347.624023,218578944
frozen_erased,primary,15,7,synchronized_job_handoff,own_old_unique_40,2048,662830.000000,323.647461,218578944
frozen_erased,primary,15,8,synchronized_job_handoff,std_erased_unique_40,2048,446190.000000,217.866211,218578944
frozen_erased,primary,15,9,vector_owner_transfer,std_erased_unique_40,64,225203.000000,3518.796875,438108160
frozen_erased,primary,15,10,vector_owner_transfer,std_unique_8,64,176051.000000,2750.796875,438108160
frozen_erased,primary,15,11,vector_owner_transfer,own_old_unique_40,64,378419.000000,5912.796875,438108160
frozen_erased,primary,15,12,frame_draw_batch,std_erased_unique_40,64,519579.000000,8118.421875,27924889600
frozen_erased,primary,15,13,frame_draw_batch,std_unique_8,64,566929.000000,8858.265625,27924889600
frozen_erased,primary,15,14,frame_draw_batch,own_old_unique_40,64,523755.000000,8183.671875,27924889600
frozen_erased,primary,15,15,borrow_read_loop,std_unique_8,1000000,525808.000000,0.525808,256500000
frozen_erased,primary,15,16,borrow_read_loop,std_erased_unique_40,1000000,528442.000000,0.528442,256500000
frozen_erased,primary,15,17,borrow_read_loop,own_old_unique_40,1000000,466019.000000,0.466019,256500000
frozen_erased,primary,16,0,borrow_read_loop,std_unique_8,1000000,436265.000000,0.436265,256500000
frozen_erased,primary,16,1,borrow_read_loop,std_erased_unique_40,1000000,453381.000000,0.453381,256500000
frozen_erased,primary,16,2,borrow_read_loop,own_old_unique_40,1000000,436305.000000,0.436305,256500000
frozen_erased,primary,16,3,observable_move_roundtrip,std_unique_8,500000,608840.000000,1.217680,128250000
frozen_erased,primary,16,4,observable_move_roundtrip,std_erased_unique_40,500000,3046167.000000,6.092334,128250000
frozen_erased,primary,16,5,observable_move_roundtrip,own_old_unique_40,500000,6266160.000000,12.532320,128250000
frozen_erased,primary,16,6,create_read_destroy,std_erased_unique_40,50000,473270.000000,9.465400,16251450000
frozen_erased,primary,16,7,create_read_destroy,own_old_unique_40,50000,653476.000000,13.069520,16251450000
frozen_erased,primary,16,8,create_read_destroy,std_unique_8,50000,810900.000000,16.218000,16251450000
frozen_erased,primary,16,9,frame_draw_batch,std_erased_unique_40,64,598275.000000,9348.046875,27924889600
frozen_erased,primary,16,10,frame_draw_batch,std_unique_8,64,493059.000000,7704.046875,27924889600
frozen_erased,primary,16,11,frame_draw_batch,own_old_unique_40,64,555722.000000,8683.156250,27924889600
frozen_erased,primary,16,12,vector_owner_transfer,std_erased_unique_40,64,227226.000000,3550.406250,438108160
frozen_erased,primary,16,13,vector_owner_transfer,std_unique_8,64,172345.000000,2692.890625,438108160
frozen_erased,primary,16,14,vector_owner_transfer,own_old_unique_40,64,412380.000000,6443.437500,438108160
frozen_erased,primary,16,15,synchronized_job_handoff,own_old_unique_40,2048,646887.000000,315.862793,218578944
frozen_erased,primary,16,16,synchronized_job_handoff,std_erased_unique_40,2048,469154.000000,229.079102,218578944
frozen_erased,primary,16,17,synchronized_job_handoff,std_unique_8,2048,929566.000000,453.889648,218578944
frozen_erased,primary,17,0,vector_owner_transfer,own_old_unique_40,64,343458.000000,5366.531250,438108160
frozen_erased,primary,17,1,vector_owner_transfer,std_erased_unique_40,64,305391.000000,4771.734375,438108160
frozen_erased,primary,17,2,vector_owner_transfer,std_unique_8,64,191213.000000,2987.703125,438108160
frozen_erased,primary,17,3,observable_move_roundtrip,std_erased_unique_40,500000,3345740.000000,6.691480,128250000
frozen_erased,primary,17,4,observable_move_roundtrip,std_unique_8,500000,933140.000000,1.866280,128250000
frozen_erased,primary,17,5,observable_move_roundtrip,own_old_unique_40,500000,7673942.000000,15.347884,128250000
frozen_erased,primary,17,6,create_read_destroy,std_erased_unique_40,50000,498056.000000,9.961120,16251450000
frozen_erased,primary,17,7,create_read_destroy,std_unique_8,50000,470636.000000,9.412720,16251450000
frozen_erased,primary,17,8,create_read_destroy,own_old_unique_40,50000,490876.000000,9.817520,16251450000
frozen_erased,primary,17,9,synchronized_job_handoff,std_unique_8,2048,677422.000000,330.772461,218578944
frozen_erased,primary,17,10,synchronized_job_handoff,std_erased_unique_40,2048,570764.000000,278.693359,218578944
frozen_erased,primary,17,11,synchronized_job_handoff,own_old_unique_40,2048,686766.000000,335.334961,218578944
frozen_erased,primary,17,12,borrow_read_loop,std_erased_unique_40,1000000,436576.000000,0.436576,256500000
frozen_erased,primary,17,13,borrow_read_loop,own_old_unique_40,1000000,664883.000000,0.664883,256500000
frozen_erased,primary,17,14,borrow_read_loop,std_unique_8,1000000,542032.000000,0.542032,256500000
frozen_erased,primary,17,15,frame_draw_batch,std_unique_8,64,497106.000000,7767.281250,27924889600
frozen_erased,primary,17,16,frame_draw_batch,own_old_unique_40,64,612046.000000,9563.218750,27924889600
frozen_erased,primary,17,17,frame_draw_batch,std_erased_unique_40,64,1027259.000000,16050.921875,27924889600
frozen_erased,primary,18,0,observable_move_roundtrip,std_erased_unique_40,500000,3297658.000000,6.595316,128250000
frozen_erased,primary,18,1,observable_move_roundtrip,own_old_unique_40,500000,5910744.000000,11.821488,128250000
frozen_erased,primary,18,2,observable_move_roundtrip,std_unique_8,500000,630373.000000,1.260746,128250000
frozen_erased,primary,18,3,vector_owner_transfer,std_erased_unique_40,64,222670.000000,3479.218750,438108160
frozen_erased,primary,18,4,vector_owner_transfer,std_unique_8,64,173507.000000,2711.046875,438108160
frozen_erased,primary,18,5,vector_owner_transfer,own_old_unique_40,64,348015.000000,5437.734375,438108160
frozen_erased,primary,18,6,create_read_destroy,own_old_unique_40,50000,534300.000000,10.686000,16251450000
frozen_erased,primary,18,7,create_read_destroy,std_unique_8,50000,433601.000000,8.672020,16251450000
frozen_erased,primary,18,8,create_read_destroy,std_erased_unique_40,50000,530735.000000,10.614700,16251450000
frozen_erased,primary,18,9,synchronized_job_handoff,own_old_unique_40,2048,728397.000000,355.662598,218578944
frozen_erased,primary,18,10,synchronized_job_handoff,std_unique_8,2048,597234.000000,291.618164,218578944
frozen_erased,primary,18,11,synchronized_job_handoff,std_erased_unique_40,2048,473851.000000,231.372559,218578944
frozen_erased,primary,18,12,frame_draw_batch,std_unique_8,64,501361.000000,7833.765625,27924889600
frozen_erased,primary,18,13,frame_draw_batch,own_old_unique_40,64,554109.000000,8657.953125,27924889600
frozen_erased,primary,18,14,frame_draw_batch,std_erased_unique_40,64,529934.000000,8280.218750,27924889600
frozen_erased,primary,18,15,borrow_read_loop,own_old_unique_40,1000000,457406.000000,0.457406,256500000
frozen_erased,primary,18,16,borrow_read_loop,std_erased_unique_40,1000000,449374.000000,0.449374,256500000
frozen_erased,primary,18,17,borrow_read_loop,std_unique_8,1000000,484407.000000,0.484407,256500000
frozen_erased,primary,19,0,borrow_read_loop,own_old_unique_40,1000000,436526.000000,0.436526,256500000
frozen_erased,primary,19,1,borrow_read_loop,std_erased_unique_40,1000000,462735.000000,0.462735,256500000
frozen_erased,primary,19,2,borrow_read_loop,std_unique_8,1000000,436566.000000,0.436566,256500000
frozen_erased,primary,19,3,vector_owner_transfer,std_unique_8,64,731412.000000,11428.312500,438108160
frozen_erased,primary,19,4,vector_owner_transfer,std_erased_unique_40,64,217942.000000,3405.343750,438108160
frozen_erased,primary,19,5,vector_owner_transfer,own_old_unique_40,64,345541.000000,5399.078125,438108160
frozen_erased,primary,19,6,frame_draw_batch,std_erased_unique_40,64,549683.000000,8588.796875,27924889600
frozen_erased,primary,19,7,frame_draw_batch,own_old_unique_40,64,522743.000000,8167.859375,27924889600
frozen_erased,primary,19,8,frame_draw_batch,std_unique_8,64,592977.000000,9265.265625,27924889600
frozen_erased,primary,19,9,observable_move_roundtrip,std_erased_unique_40,500000,2829916.000000,5.659832,128250000
frozen_erased,primary,19,10,observable_move_roundtrip,own_old_unique_40,500000,5391216.000000,10.782432,128250000
frozen_erased,primary,19,11,observable_move_roundtrip,std_unique_8,500000,645816.000000,1.291632,128250000
frozen_erased,primary,19,12,create_read_destroy,own_old_unique_40,50000,541381.000000,10.827620,16251450000
frozen_erased,primary,19,13,create_read_destroy,std_erased_unique_40,50000,476265.000000,9.525300,16251450000
frozen_erased,primary,19,14,create_read_destroy,std_unique_8,50000,532648.000000,10.652960,16251450000
frozen_erased,primary,19,15,synchronized_job_handoff,std_unique_8,2048,637793.000000,311.422363,218578944
frozen_erased,primary,19,16,synchronized_job_handoff,own_old_unique_40,2048,677362.000000,330.743164,218578944
frozen_erased,primary,19,17,synchronized_job_handoff,std_erased_unique_40,2048,455684.000000,222.501953,218578944
frozen_erased,primary,20,0,vector_owner_transfer,std_erased_unique_40,64,222379.000000,3474.671875,438108160
frozen_erased,primary,20,1,vector_owner_transfer,own_old_unique_40,64,379572.000000,5930.812500,438108160
frozen_erased,primary,20,2,vector_owner_transfer,std_unique_8,64,169771.000000,2652.671875,438108160
frozen_erased,primary,20,3,observable_move_roundtrip,std_unique_8,500000,555652.000000,1.111304,128250000
frozen_erased,primary,20,4,observable_move_roundtrip,std_erased_unique_40,500000,2828635.000000,5.657270,128250000
frozen_erased,primary,20,5,observable_move_roundtrip,own_old_unique_40,500000,6440607.000000,12.881214,128250000
frozen_erased,primary,20,6,create_read_destroy,std_unique_8,50000,436956.000000,8.739120,16251450000
frozen_erased,primary,20,7,create_read_destroy,std_erased_unique_40,50000,657733.000000,13.154660,16251450000
frozen_erased,primary,20,8,create_read_destroy,own_old_unique_40,50000,592086.000000,11.841720,16251450000
frozen_erased,primary,20,9,borrow_read_loop,own_old_unique_40,1000000,725403.000000,0.725403,256500000
frozen_erased,primary,20,10,borrow_read_loop,std_erased_unique_40,1000000,514622.000000,0.514622,256500000
frozen_erased,primary,20,11,borrow_read_loop,std_unique_8,1000000,436696.000000,0.436696,256500000
frozen_erased,primary,20,12,synchronized_job_handoff,own_old_unique_40,2048,767826.000000,374.915039,218578944
frozen_erased,primary,20,13,synchronized_job_handoff,std_unique_8,2048,1242308.000000,606.595703,218578944
frozen_erased,primary,20,14,synchronized_job_handoff,std_erased_unique_40,2048,483566.000000,236.116211,218578944
frozen_erased,primary,20,15,frame_draw_batch,own_old_unique_40,64,656852.000000,10263.312500,27924889600
frozen_erased,primary,20,16,frame_draw_batch,std_erased_unique_40,64,590213.000000,9222.078125,27924889600
frozen_erased,primary,20,17,frame_draw_batch,std_unique_8,64,583583.000000,9118.484375,27924889600
frozen_erased,primary,21,0,frame_draw_batch,std_erased_unique_40,64,515213.000000,8050.203125,27924889600
frozen_erased,primary,21,1,frame_draw_batch,own_old_unique_40,64,598165.000000,9346.328125,27924889600
frozen_erased,primary,21,2,frame_draw_batch,std_unique_8,64,546108.000000,8532.937500,27924889600
frozen_erased,primary,21,3,borrow_read_loop,std_erased_unique_40,1000000,467752.000000,0.467752,256500000
frozen_erased,primary,21,4,borrow_read_loop,own_old_unique_40,1000000,436345.000000,0.436345,256500000
frozen_erased,primary,21,5,borrow_read_loop,std_unique_8,1000000,470907.000000,0.470907,256500000
frozen_erased,primary,21,6,vector_owner_transfer,own_old_unique_40,64,346763.000000,5418.171875,438108160
frozen_erased,primary,21,7,vector_owner_transfer,std_unique_8,64,173818.000000,2715.906250,438108160
frozen_erased,primary,21,8,vector_owner_transfer,std_erased_unique_40,64,221848.000000,3466.375000,438108160
frozen_erased,primary,21,9,synchronized_job_handoff,own_old_unique_40,2048,591144.000000,288.644531,218578944
frozen_erased,primary,21,10,synchronized_job_handoff,std_erased_unique_40,2048,494311.000000,241.362793,218578944
frozen_erased,primary,21,11,synchronized_job_handoff,std_unique_8,2048,560990.000000,273.920898,218578944
frozen_erased,primary,21,12,create_read_destroy,own_old_unique_40,50000,601510.000000,12.030200,16251450000
frozen_erased,primary,21,13,create_read_destroy,std_unique_8,50000,433281.000000,8.665620,16251450000
frozen_erased,primary,21,14,create_read_destroy,std_erased_unique_40,50000,474852.000000,9.497040,16251450000
frozen_erased,primary,21,15,observable_move_roundtrip,std_unique_8,500000,541451.000000,1.082902,128250000
frozen_erased,primary,21,16,observable_move_roundtrip,std_erased_unique_40,500000,2898437.000000,5.796874,128250000
frozen_erased,primary,21,17,observable_move_roundtrip,own_old_unique_40,500000,5663528.000000,11.327056,128250000
frozen_erased,primary,22,0,borrow_read_loop,own_old_unique_40,1000000,436716.000000,0.436716,256500000
frozen_erased,primary,22,1,borrow_read_loop,std_unique_8,1000000,486750.000000,0.486750,256500000
frozen_erased,primary,22,2,borrow_read_loop,std_erased_unique_40,1000000,436496.000000,0.436496,256500000
frozen_erased,primary,22,3,observable_move_roundtrip,own_old_unique_40,500000,5334001.000000,10.668002,128250000
frozen_erased,primary,22,4,observable_move_roundtrip,std_unique_8,500000,634358.000000,1.268716,128250000
frozen_erased,primary,22,5,observable_move_roundtrip,std_erased_unique_40,500000,3208376.000000,6.416752,128250000
frozen_erased,primary,22,6,synchronized_job_handoff,std_unique_8,2048,646497.000000,315.672363,218578944
frozen_erased,primary,22,7,synchronized_job_handoff,std_erased_unique_40,2048,465158.000000,227.127930,218578944
frozen_erased,primary,22,8,synchronized_job_handoff,own_old_unique_40,2048,638735.000000,311.882324,218578944
frozen_erased,primary,22,9,create_read_destroy,std_unique_8,50000,433181.000000,8.663620,16251450000
frozen_erased,primary,22,10,create_read_destroy,own_old_unique_40,50000,738483.000000,14.769660,16251450000
frozen_erased,primary,22,11,create_read_destroy,std_erased_unique_40,50000,694357.000000,13.887140,16251450000
frozen_erased,primary,22,12,vector_owner_transfer,own_old_unique_40,64,456826.000000,7137.906250,438108160
frozen_erased,primary,22,13,vector_owner_transfer,std_unique_8,64,194017.000000,3031.515625,438108160
frozen_erased,primary,22,14,vector_owner_transfer,std_erased_unique_40,64,222930.000000,3483.281250,438108160
frozen_erased,primary,22,15,frame_draw_batch,std_unique_8,64,494852.000000,7732.062500,27924889600
frozen_erased,primary,22,16,frame_draw_batch,std_erased_unique_40,64,779323.000000,12176.921875,27924889600
frozen_erased,primary,22,17,frame_draw_batch,own_old_unique_40,64,627708.000000,9807.937500,27924889600
frozen_erased,primary,23,0,borrow_read_loop,own_old_unique_40,1000000,628650.000000,0.628650,256500000
frozen_erased,primary,23,1,borrow_read_loop,std_unique_8,1000000,541731.000000,0.541731,256500000
frozen_erased,primary,23,2,borrow_read_loop,std_erased_unique_40,1000000,841865.000000,0.841865,256500000
frozen_erased,primary,23,3,synchronized_job_handoff,std_unique_8,2048,699715.000000,341.657715,218578944
frozen_erased,primary,23,4,synchronized_job_handoff,own_old_unique_40,2048,620087.000000,302.776855,218578944
frozen_erased,primary,23,5,synchronized_job_handoff,std_erased_unique_40,2048,451278.000000,220.350586,218578944
frozen_erased,primary,23,6,vector_owner_transfer,std_erased_unique_40,64,274015.000000,4281.484375,438108160
frozen_erased,primary,23,7,vector_owner_transfer,std_unique_8,64,170052.000000,2657.062500,438108160
frozen_erased,primary,23,8,vector_owner_transfer,own_old_unique_40,64,346382.000000,5412.218750,438108160
frozen_erased,primary,23,9,create_read_destroy,own_old_unique_40,50000,630533.000000,12.610660,16251450000
frozen_erased,primary,23,10,create_read_destroy,std_unique_8,50000,433271.000000,8.665420,16251450000
frozen_erased,primary,23,11,create_read_destroy,std_erased_unique_40,50000,648049.000000,12.960980,16251450000
frozen_erased,primary,23,12,observable_move_roundtrip,std_unique_8,500000,610063.000000,1.220126,128250000
frozen_erased,primary,23,13,observable_move_roundtrip,std_erased_unique_40,500000,3142529.000000,6.285058,128250000
frozen_erased,primary,23,14,observable_move_roundtrip,own_old_unique_40,500000,6561887.000000,13.123774,128250000
frozen_erased,primary,23,15,frame_draw_batch,std_erased_unique_40,64,555121.000000,8673.765625,27924889600
frozen_erased,primary,23,16,frame_draw_batch,own_old_unique_40,64,528572.000000,8258.937500,27924889600
frozen_erased,primary,23,17,frame_draw_batch,std_unique_8,64,505768.000000,7902.625000,27924889600
frozen_erased,primary,24,0,vector_owner_transfer,std_erased_unique_40,64,218593.000000,3415.515625,438108160
frozen_erased,primary,24,1,vector_owner_transfer,own_old_unique_40,64,357709.000000,5589.203125,438108160
frozen_erased,primary,24,2,vector_owner_transfer,std_unique_8,64,223781.000000,3496.578125,438108160
frozen_erased,primary,24,3,create_read_destroy,std_unique_8,50000,433151.000000,8.663020,16251450000
frozen_erased,primary,24,4,create_read_destroy,own_old_unique_40,50000,578786.000000,11.575720,16251450000
frozen_erased,primary,24,5,create_read_destroy,std_erased_unique_40,50000,446711.000000,8.934220,16251450000
frozen_erased,primary,24,6,synchronized_job_handoff,std_erased_unique_40,2048,474362.000000,231.622070,218578944
frozen_erased,primary,24,7,synchronized_job_handoff,own_old_unique_40,2048,552687.000000,269.866699,218578944
frozen_erased,primary,24,8,synchronized_job_handoff,std_unique_8,2048,586929.000000,286.586426,218578944
frozen_erased,primary,24,9,borrow_read_loop,own_old_unique_40,1000000,436496.000000,0.436496,256500000
frozen_erased,primary,24,10,borrow_read_loop,std_erased_unique_40,1000000,449345.000000,0.449345,256500000
frozen_erased,primary,24,11,borrow_read_loop,std_unique_8,1000000,439180.000000,0.439180,256500000
frozen_erased,primary,24,12,observable_move_roundtrip,std_unique_8,500000,722809.000000,1.445618,128250000
frozen_erased,primary,24,13,observable_move_roundtrip,std_erased_unique_40,500000,3085945.000000,6.171890,128250000
frozen_erased,primary,24,14,observable_move_roundtrip,own_old_unique_40,500000,5974259.000000,11.948518,128250000
frozen_erased,primary,24,15,frame_draw_batch,own_old_unique_40,64,621119.000000,9704.984375,27924889600
frozen_erased,primary,24,16,frame_draw_batch,std_erased_unique_40,64,870238.000000,13597.468750,27924889600
frozen_erased,primary,24,17,frame_draw_batch,std_unique_8,64,542192.000000,8471.750000,27924889600
frozen_erased,primary,25,0,vector_owner_transfer,std_erased_unique_40,64,218213.000000,3409.578125,438108160
frozen_erased,primary,25,1,vector_owner_transfer,std_unique_8,64,170172.000000,2658.937500,438108160
frozen_erased,primary,25,2,vector_owner_transfer,own_old_unique_40,64,436696.000000,6823.375000,438108160
frozen_erased,primary,25,3,frame_draw_batch,std_erased_unique_40,64,516163.000000,8065.046875,27924889600
frozen_erased,primary,25,4,frame_draw_batch,own_old_unique_40,64,555291.000000,8676.421875,27924889600
frozen_erased,primary,25,5,frame_draw_batch,std_unique_8,64,577805.000000,9028.203125,27924889600
frozen_erased,primary,25,6,observable_move_roundtrip,own_old_unique_40,500000,5526786.000000,11.053572,128250000
frozen_erased,primary,25,7,observable_move_roundtrip,std_unique_8,500000,570694.000000,1.141388,128250000
frozen_erased,primary,25,8,observable_move_roundtrip,std_erased_unique_40,500000,2801735.000000,5.603470,128250000
frozen_erased,primary,25,9,borrow_read_loop,std_erased_unique_40,1000000,478208.000000,0.478208,256500000
frozen_erased,primary,25,10,borrow_read_loop,std_unique_8,1000000,436556.000000,0.436556,256500000
frozen_erased,primary,25,11,borrow_read_loop,own_old_unique_40,1000000,493450.000000,0.493450,256500000
frozen_erased,primary,25,12,create_read_destroy,std_unique_8,50000,433331.000000,8.666620,16251450000
frozen_erased,primary,25,13,create_read_destroy,std_erased_unique_40,50000,460912.000000,9.218240,16251450000
frozen_erased,primary,25,14,create_read_destroy,own_old_unique_40,50000,504707.000000,10.094140,16251450000
frozen_erased,primary,25,15,synchronized_job_handoff,std_erased_unique_40,2048,522493.000000,255.123535,218578944
frozen_erased,primary,25,16,synchronized_job_handoff,own_old_unique_40,2048,1924477.000000,939.686035,218578944
frozen_erased,primary,25,17,synchronized_job_handoff,std_unique_8,2048,963635.000000,470.524902,218578944
frozen_erased,primary,26,0,synchronized_job_handoff,own_old_unique_40,2048,808345.000000,394.699707,218578944
frozen_erased,primary,26,1,synchronized_job_handoff,std_erased_unique_40,2048,448955.000000,219.216309,218578944
frozen_erased,primary,26,2,synchronized_job_handoff,std_unique_8,2048,695479.000000,339.589355,218578944
frozen_erased,primary,26,3,frame_draw_batch,std_erased_unique_40,64,523094.000000,8173.343750,27924889600
frozen_erased,primary,26,4,frame_draw_batch,own_old_unique_40,64,584504.000000,9132.875000,27924889600
frozen_erased,primary,26,5,frame_draw_batch,std_unique_8,64,504526.000000,7883.218750,27924889600
frozen_erased,primary,26,6,observable_move_roundtrip,std_erased_unique_40,500000,3141808.000000,6.283616,128250000
frozen_erased,primary,26,7,observable_move_roundtrip,std_unique_8,500000,586909.000000,1.173818,128250000
frozen_erased,primary,26,8,observable_move_roundtrip,own_old_unique_40,500000,5991433.000000,11.982866,128250000
frozen_erased,primary,26,9,vector_owner_transfer,std_unique_8,64,173967.000000,2718.234375,438108160
frozen_erased,primary,26,10,vector_owner_transfer,own_old_unique_40,64,428414.000000,6693.968750,438108160
frozen_erased,primary,26,11,vector_owner_transfer,std_erased_unique_40,64,222359.000000,3474.359375,438108160
frozen_erased,primary,26,12,create_read_destroy,std_erased_unique_40,50000,447943.000000,8.958860,16251450000
frozen_erased,primary,26,13,create_read_destroy,std_unique_8,50000,512769.000000,10.255380,16251450000
frozen_erased,primary,26,14,create_read_destroy,own_old_unique_40,50000,523975.000000,10.479500,16251450000
frozen_erased,primary,26,15,borrow_read_loop,std_erased_unique_40,1000000,462464.000000,0.462464,256500000
frozen_erased,primary,26,16,borrow_read_loop,std_unique_8,1000000,464537.000000,0.464537,256500000
frozen_erased,primary,26,17,borrow_read_loop,own_old_unique_40,1000000,477246.000000,0.477246,256500000
frozen_erased,primary,27,0,vector_owner_transfer,std_unique_8,64,167778.000000,2621.531250,438108160
frozen_erased,primary,27,1,vector_owner_transfer,own_old_unique_40,64,343188.000000,5362.312500,438108160
frozen_erased,primary,27,2,vector_owner_transfer,std_erased_unique_40,64,214237.000000,3347.453125,438108160
frozen_erased,primary,27,3,observable_move_roundtrip,std_unique_8,500000,556523.000000,1.113046,128250000
frozen_erased,primary,27,4,observable_move_roundtrip,own_old_unique_40,500000,6127214.000000,12.254428,128250000
frozen_erased,primary,27,5,observable_move_roundtrip,std_erased_unique_40,500000,2761125.000000,5.522250,128250000
frozen_erased,primary,27,6,frame_draw_batch,std_unique_8,64,496023.000000,7750.359375,27924889600
frozen_erased,primary,27,7,frame_draw_batch,own_old_unique_40,64,535743.000000,8370.984375,27924889600
frozen_erased,primary,27,8,frame_draw_batch,std_erased_unique_40,64,653567.000000,10211.984375,27924889600
frozen_erased,primary,27,9,create_read_destroy,std_unique_8,50000,433241.000000,8.664820,16251450000
frozen_erased,primary,27,10,create_read_destroy,own_old_unique_40,50000,527210.000000,10.544200,16251450000
frozen_erased,primary,27,11,create_read_destroy,std_erased_unique_40,50000,446791.000000,8.935820,16251450000
frozen_erased,primary,27,12,borrow_read_loop,own_old_unique_40,1000000,439350.000000,0.439350,256500000
frozen_erased,primary,27,13,borrow_read_loop,std_erased_unique_40,1000000,465489.000000,0.465489,256500000
frozen_erased,primary,27,14,borrow_read_loop,std_unique_8,1000000,436747.000000,0.436747,256500000
frozen_erased,primary,27,15,synchronized_job_handoff,own_old_unique_40,2048,938108.000000,458.060547,218578944
frozen_erased,primary,27,16,synchronized_job_handoff,std_erased_unique_40,2048,531736.000000,259.636719,218578944
frozen_erased,primary,27,17,synchronized_job_handoff,std_unique_8,2048,739073.000000,360.875488,218578944
frozen_erased,primary,28,0,frame_draw_batch,std_erased_unique_40,64,516554.000000,8071.156250,27924889600
frozen_erased,primary,28,1,frame_draw_batch,own_old_unique_40,64,603132.000000,9423.937500,27924889600
frozen_erased,primary,28,2,frame_draw_batch,std_unique_8,64,491347.000000,7677.296875,27924889600
frozen_erased,primary,28,3,create_read_destroy,own_old_unique_40,50000,546338.000000,10.926760,16251450000
frozen_erased,primary,28,4,create_read_destroy,std_erased_unique_40,50000,446821.000000,8.936420,16251450000
frozen_erased,primary,28,5,create_read_destroy,std_unique_8,50000,670812.000000,13.416240,16251450000
frozen_erased,primary,28,6,synchronized_job_handoff,std_unique_8,2048,551136.000000,269.109375,218578944
frozen_erased,primary,28,7,synchronized_job_handoff,std_erased_unique_40,2048,529603.000000,258.595215,218578944
frozen_erased,primary,28,8,synchronized_job_handoff,own_old_unique_40,2048,759062.000000,370.635742,218578944
frozen_erased,primary,28,9,borrow_read_loop,std_unique_8,1000000,478488.000000,0.478488,256500000
frozen_erased,primary,28,10,borrow_read_loop,own_old_unique_40,1000000,574439.000000,0.574439,256500000
frozen_erased,primary,28,11,borrow_read_loop,std_erased_unique_40,1000000,439009.000000,0.439009,256500000
frozen_erased,primary,28,12,observable_move_roundtrip,own_old_unique_40,500000,6002399.000000,12.004798,128250000
frozen_erased,primary,28,13,observable_move_roundtrip,std_unique_8,500000,583002.000000,1.166004,128250000
frozen_erased,primary,28,14,observable_move_roundtrip,std_erased_unique_40,500000,3310938.000000,6.621876,128250000
frozen_erased,primary,28,15,vector_owner_transfer,std_unique_8,64,173547.000000,2711.671875,438108160
frozen_erased,primary,28,16,vector_owner_transfer,std_erased_unique_40,64,272553.000000,4258.640625,438108160
frozen_erased,primary,28,17,vector_owner_transfer,own_old_unique_40,64,371389.000000,5802.953125,438108160
frozen_erased,primary,29,0,create_read_destroy,std_unique_8,50000,433181.000000,8.663620,16251450000
frozen_erased,primary,29,1,create_read_destroy,own_old_unique_40,50000,552106.000000,11.042120,16251450000
frozen_erased,primary,29,2,create_read_destroy,std_erased_unique_40,50000,517836.000000,10.356720,16251450000
frozen_erased,primary,29,3,vector_owner_transfer,std_erased_unique_40,64,231252.000000,3613.312500,438108160
frozen_erased,primary,29,4,vector_owner_transfer,own_old_unique_40,64,342596.000000,5353.062500,438108160
frozen_erased,primary,29,5,vector_owner_transfer,std_unique_8,64,167648.000000,2619.500000,438108160
frozen_erased,primary,29,6,frame_draw_batch,own_old_unique_40,64,683622.000000,10681.593750,27924889600
frozen_erased,primary,29,7,frame_draw_batch,std_erased_unique_40,64,515512.000000,8054.875000,27924889600
frozen_erased,primary,29,8,frame_draw_batch,std_unique_8,64,590764.000000,9230.687500,27924889600
frozen_erased,primary,29,9,observable_move_roundtrip,std_erased_unique_40,500000,2798470.000000,5.596940,128250000
frozen_erased,primary,29,10,observable_move_roundtrip,own_old_unique_40,500000,5942230.000000,11.884460,128250000
frozen_erased,primary,29,11,observable_move_roundtrip,std_unique_8,500000,541602.000000,1.083204,128250000
frozen_erased,primary,29,12,synchronized_job_handoff,std_unique_8,2048,753145.000000,367.746582,218578944
frozen_erased,primary,29,13,synchronized_job_handoff,own_old_unique_40,2048,708989.000000,346.186035,218578944
frozen_erased,primary,29,14,synchronized_job_handoff,std_erased_unique_40,2048,520840.000000,254.316406,218578944
frozen_erased,primary,29,15,borrow_read_loop,std_erased_unique_40,1000000,519749.000000,0.519749,256500000
frozen_erased,primary,29,16,borrow_read_loop,std_unique_8,1000000,436306.000000,0.436306,256500000
frozen_erased,primary,29,17,borrow_read_loop,own_old_unique_40,1000000,532628.000000,0.532628,256500000
frozen_erased,primary,30,0,borrow_read_loop,own_old_unique_40,1000000,633447.000000,0.633447,256500000
frozen_erased,primary,30,1,borrow_read_loop,std_erased_unique_40,1000000,479590.000000,0.479590,256500000
frozen_erased,primary,30,2,borrow_read_loop,std_unique_8,1000000,884249.000000,0.884249,256500000
frozen_erased,primary,30,3,synchronized_job_handoff,std_unique_8,2048,761266.000000,371.711914,218578944
frozen_erased,primary,30,4,synchronized_job_handoff,std_erased_unique_40,2048,450987.000000,220.208496,218578944
frozen_erased,primary,30,5,synchronized_job_handoff,own_old_unique_40,2048,854944.000000,417.453125,218578944
frozen_erased,primary,30,6,observable_move_roundtrip,std_unique_8,500000,623723.000000,1.247446,128250000
frozen_erased,primary,30,7,observable_move_roundtrip,std_erased_unique_40,500000,2926760.000000,5.853520,128250000
frozen_erased,primary,30,8,observable_move_roundtrip,own_old_unique_40,500000,12591738.000000,25.183476,128250000
frozen_erased,primary,30,9,vector_owner_transfer,std_erased_unique_40,64,226465.000000,3538.515625,438108160
frozen_erased,primary,30,10,vector_owner_transfer,own_old_unique_40,64,589832.000000,9216.125000,438108160
frozen_erased,primary,30,11,vector_owner_transfer,std_unique_8,64,178074.000000,2782.406250,438108160
frozen_erased,primary,30,12,create_read_destroy,own_old_unique_40,50000,571275.000000,11.425500,16251450000
frozen_erased,primary,30,13,create_read_destroy,std_erased_unique_40,50000,458078.000000,9.161560,16251450000
frozen_erased,primary,30,14,create_read_destroy,std_unique_8,50000,840042.000000,16.800840,16251450000
frozen_erased,primary,30,15,frame_draw_batch,own_old_unique_40,64,590493.000000,9226.453125,27924889600
frozen_erased,primary,30,16,frame_draw_batch,std_erased_unique_40,64,517646.000000,8088.218750,27924889600
frozen_erased,primary,30,17,frame_draw_batch,std_unique_8,64,588471.000000,9194.859375,27924889600
frozen_erased,primary,31,0,frame_draw_batch,own_old_unique_40,64,524496.000000,8195.250000,27924889600
frozen_erased,primary,31,1,frame_draw_batch,std_erased_unique_40,64,611264.000000,9551.000000,27924889600
frozen_erased,primary,31,2,frame_draw_batch,std_unique_8,64,504075.000000,7876.171875,27924889600
frozen_erased,primary,31,3,borrow_read_loop,std_unique_8,1000000,479319.000000,0.479319,256500000
frozen_erased,primary,31,4,borrow_read_loop,own_old_unique_40,1000000,436466.000000,0.436466,256500000
frozen_erased,primary,31,5,borrow_read_loop,std_erased_unique_40,1000000,451047.000000,0.451047,256500000
frozen_erased,primary,31,6,create_read_destroy,std_unique_8,50000,656161.000000,13.123220,16251450000
frozen_erased,primary,31,7,create_read_destroy,own_old_unique_40,50000,549553.000000,10.991060,16251450000
frozen_erased,primary,31,8,create_read_destroy,std_erased_unique_40,50000,446711.000000,8.934220,16251450000
frozen_erased,primary,31,9,synchronized_job_handoff,std_unique_8,2048,1630642.000000,796.211914,218578944
frozen_erased,primary,31,10,synchronized_job_handoff,own_old_unique_40,2048,1372571.000000,670.200684,218578944
frozen_erased,primary,31,11,synchronized_job_handoff,std_erased_unique_40,2048,1854784.000000,905.656250,218578944
frozen_erased,primary,31,12,observable_move_roundtrip,own_old_unique_40,500000,7179550.000000,14.359100,128250000
frozen_erased,primary,31,13,observable_move_roundtrip,std_unique_8,500000,619827.000000,1.239654,128250000
frozen_erased,primary,31,14,observable_move_roundtrip,std_erased_unique_40,500000,3565154.000000,7.130308,128250000
frozen_erased,primary,31,15,vector_owner_transfer,std_erased_unique_40,64,284651.000000,4447.671875,438108160
frozen_erased,primary,31,16,vector_owner_transfer,std_unique_8,64,315476.000000,4929.312500,438108160
frozen_erased,primary,31,17,vector_owner_transfer,own_old_unique_40,64,404568.000000,6321.375000,438108160
frozen_erased,primary,32,0,borrow_read_loop,std_erased_unique_40,1000000,492288.000000,0.492288,256500000
frozen_erased,primary,32,1,borrow_read_loop,own_old_unique_40,1000000,786794.000000,0.786794,256500000
frozen_erased,primary,32,2,borrow_read_loop,std_unique_8,1000000,436716.000000,0.436716,256500000
frozen_erased,primary,32,3,create_read_destroy,own_old_unique_40,50000,889656.000000,17.793120,16251450000
frozen_erased,primary,32,4,create_read_destroy,std_erased_unique_40,50000,483024.000000,9.660480,16251450000
frozen_erased,primary,32,5,create_read_destroy,std_unique_8,50000,433361.000000,8.667220,16251450000
frozen_erased,primary,32,6,synchronized_job_handoff,std_erased_unique_40,2048,1790038.000000,874.041992,218578944
frozen_erased,primary,32,7,synchronized_job_handoff,std_unique_8,2048,1373442.000000,670.625977,218578944
frozen_erased,primary,32,8,synchronized_job_handoff,own_old_unique_40,2048,1584805.000000,773.830566,218578944
frozen_erased,primary,32,9,observable_move_roundtrip,std_unique_8,500000,581820.000000,1.163640,128250000
frozen_erased,primary,32,10,observable_move_roundtrip,std_erased_unique_40,500000,3343787.000000,6.687574,128250000
frozen_erased,primary,32,11,observable_move_roundtrip,own_old_unique_40,500000,5867801.000000,11.735602,128250000
frozen_erased,primary,32,12,frame_draw_batch,std_unique_8,64,670372.000000,10474.562500,27924889600
frozen_erased,primary,32,13,frame_draw_batch,own_old_unique_40,64,609722.000000,9526.906250,27924889600
frozen_erased,primary,32,14,frame_draw_batch,std_erased_unique_40,64,584415.000000,9131.484375,27924889600
frozen_erased,primary,32,15,vector_owner_transfer,own_old_unique_40,64,348706.000000,5448.531250,438108160
frozen_erased,primary,32,16,vector_owner_transfer,std_erased_unique_40,64,221918.000000,3467.468750,438108160
frozen_erased,primary,32,17,vector_owner_transfer,std_unique_8,64,173427.000000,2709.796875,438108160
frozen_erased,primary,33,0,borrow_read_loop,own_old_unique_40,1000000,521321.000000,0.521321,256500000
frozen_erased,primary,33,1,borrow_read_loop,std_unique_8,1000000,436605.000000,0.436605,256500000
frozen_erased,primary,33,2,borrow_read_loop,std_erased_unique_40,1000000,449655.000000,0.449655,256500000
frozen_erased,primary,33,3,observable_move_roundtrip,std_unique_8,500000,541411.000000,1.082822,128250000
frozen_erased,primary,33,4,observable_move_roundtrip,own_old_unique_40,500000,5912496.000000,11.824992,128250000
frozen_erased,primary,33,5,observable_move_roundtrip,std_erased_unique_40,500000,3458987.000000,6.917974,128250000
frozen_erased,primary,33,6,create_read_destroy,std_erased_unique_40,50000,446941.000000,8.938820,16251450000
frozen_erased,primary,33,7,create_read_destroy,own_old_unique_40,50000,665825.000000,13.316500,16251450000
frozen_erased,primary,33,8,create_read_destroy,std_unique_8,50000,433171.000000,8.663420,16251450000
frozen_erased,primary,33,9,vector_owner_transfer,std_unique_8,64,171324.000000,2676.937500,438108160
frozen_erased,primary,33,10,vector_owner_transfer,std_erased_unique_40,64,298652.000000,4666.437500,438108160
frozen_erased,primary,33,11,vector_owner_transfer,own_old_unique_40,64,347073.000000,5423.015625,438108160
frozen_erased,primary,33,12,synchronized_job_handoff,std_unique_8,2048,1487811.000000,726.470215,218578944
frozen_erased,primary,33,13,synchronized_job_handoff,std_erased_unique_40,2048,1787715.000000,872.907715,218578944
frozen_erased,primary,33,14,synchronized_job_handoff,own_old_unique_40,2048,1466149.000000,715.893066,218578944
frozen_erased,primary,33,15,frame_draw_batch,own_old_unique_40,64,799714.000000,12495.531250,27924889600
frozen_erased,primary,33,16,frame_draw_batch,std_unique_8,64,492408.000000,7693.875000,27924889600
frozen_erased,primary,33,17,frame_draw_batch,std_erased_unique_40,64,630272.000000,9848.000000,27924889600
frozen_erased,primary,34,0,borrow_read_loop,own_old_unique_40,1000000,436646.000000,0.436646,256500000
frozen_erased,primary,34,1,borrow_read_loop,std_erased_unique_40,1000000,521110.000000,0.521110,256500000
frozen_erased,primary,34,2,borrow_read_loop,std_unique_8,1000000,730010.000000,0.730010,256500000
frozen_erased,primary,34,3,observable_move_roundtrip,std_unique_8,500000,570925.000000,1.141850,128250000
frozen_erased,primary,34,4,observable_move_roundtrip,own_old_unique_40,500000,6070680.000000,12.141360,128250000
frozen_erased,primary,34,5,observable_move_roundtrip,std_erased_unique_40,500000,3041800.000000,6.083600,128250000
frozen_erased,primary,34,6,create_read_destroy,std_erased_unique_40,50000,626197.000000,12.523940,16251450000
frozen_erased,primary,34,7,create_read_destroy,std_unique_8,50000,525657.000000,10.513140,16251450000
frozen_erased,primary,34,8,create_read_destroy,own_old_unique_40,50000,533288.000000,10.665760,16251450000
frozen_erased,primary,34,9,synchronized_job_handoff,std_erased_unique_40,2048,1993369.000000,973.324707,218578944
frozen_erased,primary,34,10,synchronized_job_handoff,std_unique_8,2048,1499678.000000,732.264648,218578944
frozen_erased,primary,34,11,synchronized_job_handoff,own_old_unique_40,2048,1570443.000000,766.817871,218578944
frozen_erased,primary,34,12,frame_draw_batch,std_erased_unique_40,64,576673.000000,9010.515625,27924889600
frozen_erased,primary,34,13,frame_draw_batch,own_old_unique_40,64,796478.000000,12444.968750,27924889600
frozen_erased,primary,34,14,frame_draw_batch,std_unique_8,64,569662.000000,8900.968750,27924889600
frozen_erased,primary,34,15,vector_owner_transfer,std_erased_unique_40,64,220185.000000,3440.390625,438108160
frozen_erased,primary,34,16,vector_owner_transfer,std_unique_8,64,209851.000000,3278.921875,438108160
frozen_erased,primary,34,17,vector_owner_transfer,own_old_unique_40,64,380984.000000,5952.875000,438108160
frozen_erased,primary,35,0,observable_move_roundtrip,std_erased_unique_40,500000,3137782.000000,6.275564,128250000
frozen_erased,primary,35,1,observable_move_roundtrip,own_old_unique_40,500000,5767602.000000,11.535204,128250000
frozen_erased,primary,35,2,observable_move_roundtrip,std_unique_8,500000,596513.000000,1.193026,128250000
frozen_erased,primary,35,3,synchronized_job_handoff,own_old_unique_40,2048,1681077.000000,820.838379,218578944
frozen_erased,primary,35,4,synchronized_job_handoff,std_erased_unique_40,2048,1460250.000000,713.012695,218578944
frozen_erased,primary,35,5,synchronized_job_handoff,std_unique_8,2048,1814635.000000,886.052246,218578944
frozen_erased,primary,35,6,borrow_read_loop,std_unique_8,1000000,566328.000000,0.566328,256500000
frozen_erased,primary,35,7,borrow_read_loop,std_erased_unique_40,1000000,436696.000000,0.436696,256500000
frozen_erased,primary,35,8,borrow_read_loop,own_old_unique_40,1000000,518567.000000,0.518567,256500000
frozen_erased,primary,35,9,frame_draw_batch,own_old_unique_40,64,533920.000000,8342.500000,27924889600
frozen_erased,primary,35,10,frame_draw_batch,std_erased_unique_40,64,632936.000000,9889.625000,27924889600
frozen_erased,primary,35,11,frame_draw_batch,std_unique_8,64,493460.000000,7710.312500,27924889600
frozen_erased,primary,35,12,create_read_destroy,own_old_unique_40,50000,741807.000000,14.836140,16251450000
frozen_erased,primary,35,13,create_read_destroy,std_unique_8,50000,479079.000000,9.581580,16251450000
frozen_erased,primary,35,14,create_read_destroy,std_erased_unique_40,50000,592556.000000,11.851120,16251450000
frozen_erased,primary,35,15,vector_owner_transfer,std_unique_8,64,189370.000000,2958.906250,438108160
frozen_erased,primary,35,16,vector_owner_transfer,own_old_unique_40,64,994752.000000,15543.000000,438108160
frozen_erased,primary,35,17,vector_owner_transfer,std_erased_unique_40,64,364769.000000,5699.515625,438108160
frozen_erased,primary,36,0,synchronized_job_handoff,std_erased_unique_40,2048,1019138.000000,497.625977,218578944
frozen_erased,primary,36,1,synchronized_job_handoff,std_unique_8,2048,440262.000000,214.971680,218578944
frozen_erased,primary,36,2,synchronized_job_handoff,own_old_unique_40,2048,847343.000000,413.741699,218578944
frozen_erased,primary,36,3,vector_owner_transfer,std_unique_8,64,212815.000000,3325.234375,438108160
frozen_erased,primary,36,4,vector_owner_transfer,own_old_unique_40,64,377128.000000,5892.625000,438108160
frozen_erased,primary,36,5,vector_owner_transfer,std_erased_unique_40,64,273725.000000,4276.953125,438108160
frozen_erased,primary,36,6,create_read_destroy,own_old_unique_40,50000,876316.000000,17.526320,16251450000
frozen_erased,primary,36,7,create_read_destroy,std_unique_8,50000,433311.000000,8.666220,16251450000
frozen_erased,primary,36,8,create_read_destroy,std_erased_unique_40,50000,548491.000000,10.969820,16251450000
frozen_erased,primary,36,9,frame_draw_batch,std_unique_8,64,497706.000000,7776.656250,27924889600
frozen_erased,primary,36,10,frame_draw_batch,own_old_unique_40,64,571506.000000,8929.781250,27924889600
frozen_erased,primary,36,11,frame_draw_batch,std_erased_unique_40,64,651894.000000,10185.843750,27924889600
frozen_erased,primary,36,12,borrow_read_loop,std_erased_unique_40,1000000,439129.000000,0.439129,256500000
frozen_erased,primary,36,13,borrow_read_loop,std_unique_8,1000000,474321.000000,0.474321,256500000
frozen_erased,primary,36,14,borrow_read_loop,own_old_unique_40,1000000,436636.000000,0.436636,256500000
frozen_erased,primary,36,15,observable_move_roundtrip,std_erased_unique_40,500000,3118844.000000,6.237688,128250000
frozen_erased,primary,36,16,observable_move_roundtrip,std_unique_8,500000,565076.000000,1.130152,128250000
frozen_erased,primary,36,17,observable_move_roundtrip,own_old_unique_40,500000,6254713.000000,12.509426,128250000
frozen_erased,primary,37,0,frame_draw_batch,own_old_unique_40,64,540921.000000,8451.890625,27924889600
frozen_erased,primary,37,1,frame_draw_batch,std_erased_unique_40,64,516334.000000,8067.718750,27924889600
frozen_erased,primary,37,2,frame_draw_batch,std_unique_8,64,701558.000000,10961.843750,27924889600
frozen_erased,primary,37,3,borrow_read_loop,own_old_unique_40,1000000,449305.000000,0.449305,256500000
frozen_erased,primary,37,4,borrow_read_loop,std_erased_unique_40,1000000,483615.000000,0.483615,256500000
frozen_erased,primary,37,5,borrow_read_loop,std_unique_8,1000000,934703.000000,0.934703,256500000
frozen_erased,primary,37,6,synchronized_job_handoff,std_erased_unique_40,2048,643212.000000,314.068359,218578944
frozen_erased,primary,37,7,synchronized_job_handoff,own_old_unique_40,2048,667618.000000,325.985352,218578944
frozen_erased,primary,37,8,synchronized_job_handoff,std_unique_8,2048,508032.000000,248.062500,218578944
frozen_erased,primary,37,9,create_read_destroy,std_erased_unique_40,50000,498367.000000,9.967340,16251450000
frozen_erased,primary,37,10,create_read_destroy,own_old_unique_40,50000,520941.000000,10.418820,16251450000
frozen_erased,primary,37,11,create_read_destroy,std_unique_8,50000,627318.000000,12.546360,16251450000
frozen_erased,primary,37,12,vector_owner_transfer,std_erased_unique_40,64,423126.000000,6611.343750,438108160
frozen_erased,primary,37,13,vector_owner_transfer,own_old_unique_40,64,363498.000000,5679.656250,438108160
frozen_erased,primary,37,14,vector_owner_transfer,std_unique_8,64,173246.000000,2706.968750,438108160
frozen_erased,primary,37,15,observable_move_roundtrip,std_unique_8,500000,555301.000000,1.110602,128250000
frozen_erased,primary,37,16,observable_move_roundtrip,own_old_unique_40,500000,10316246.000000,20.632492,128250000
frozen_erased,primary,37,17,observable_move_roundtrip,std_erased_unique_40,500000,8834619.000000,17.669238,128250000
frozen_erased,primary,38,0,observable_move_roundtrip,std_unique_8,500000,542082.000000,1.084164,128250000
frozen_erased,primary,38,1,observable_move_roundtrip,own_old_unique_40,500000,23464692.000000,46.929384,128250000
frozen_erased,primary,38,2,observable_move_roundtrip,std_erased_unique_40,500000,11340075.000000,22.680150,128250000
frozen_erased,primary,38,3,create_read_destroy,std_unique_8,50000,2798530.000000,55.970600,16251450000
frozen_erased,primary,38,4,create_read_destroy,own_old_unique_40,50000,567630.000000,11.352600,16251450000
frozen_erased,primary,38,5,create_read_destroy,std_erased_unique_40,50000,447021.000000,8.940420,16251450000
frozen_erased,primary,38,6,frame_draw_batch,std_erased_unique_40,64,5663759.000000,88496.234375,27924889600
frozen_erased,primary,38,7,frame_draw_batch,own_old_unique_40,64,3181116.000000,49704.937500,27924889600
frozen_erased,primary,38,8,frame_draw_batch,std_unique_8,64,493460.000000,7710.312500,27924889600
frozen_erased,primary,38,9,vector_owner_transfer,std_erased_unique_40,64,277470.000000,4335.468750,438108160
frozen_erased,primary,38,10,vector_owner_transfer,own_old_unique_40,64,349627.000000,5462.921875,438108160
frozen_erased,primary,38,11,vector_owner_transfer,std_unique_8,64,175029.000000,2734.828125,438108160
frozen_erased,primary,38,12,synchronized_job_handoff,std_unique_8,2048,23956039.000000,11697.284668,218578944
frozen_erased,primary,38,13,synchronized_job_handoff,std_erased_unique_40,2048,12625657.000000,6164.871582,218578944
frozen_erased,primary,38,14,synchronized_job_handoff,own_old_unique_40,2048,1624494.000000,793.209961,218578944
frozen_erased,primary,38,15,borrow_read_loop,std_erased_unique_40,1000000,456105.000000,0.456105,256500000
frozen_erased,primary,38,16,borrow_read_loop,own_old_unique_40,1000000,437377.000000,0.437377,256500000
frozen_erased,primary,38,17,borrow_read_loop,std_unique_8,1000000,455043.000000,0.455043,256500000
frozen_erased,primary,39,0,borrow_read_loop,std_unique_8,1000000,436616.000000,0.436616,256500000
frozen_erased,primary,39,1,borrow_read_loop,own_old_unique_40,1000000,457597.000000,0.457597,256500000
frozen_erased,primary,39,2,borrow_read_loop,std_erased_unique_40,1000000,436726.000000,0.436726,256500000
frozen_erased,primary,39,3,synchronized_job_handoff,std_unique_8,2048,1260534.000000,615.495117,218578944
frozen_erased,primary,39,4,synchronized_job_handoff,std_erased_unique_40,2048,827269.000000,403.939941,218578944
frozen_erased,primary,39,5,synchronized_job_handoff,own_old_unique_40,2048,550124.000000,268.615234,218578944
frozen_erased,primary,39,6,create_read_destroy,own_old_unique_40,50000,660177.000000,13.203540,16251450000
frozen_erased,primary,39,7,create_read_destroy,std_unique_8,50000,457516.000000,9.150320,16251450000
frozen_erased,primary,39,8,create_read_destroy,std_erased_unique_40,50000,446991.000000,8.939820,16251450000
frozen_erased,primary,39,9,vector_owner_transfer,std_unique_8,64,240886.000000,3763.843750,438108160
frozen_erased,primary,39,10,vector_owner_transfer,std_erased_unique_40,64,224041.000000,3500.640625,438108160
frozen_erased,primary,39,11,vector_owner_transfer,own_old_unique_40,64,349327.000000,5458.234375,438108160
frozen_erased,primary,39,12,observable_move_roundtrip,own_old_unique_40,500000,5524041.000000,11.048082,128250000
frozen_erased,primary,39,13,observable_move_roundtrip,std_unique_8,500000,541852.000000,1.083704,128250000
frozen_erased,primary,39,14,observable_move_roundtrip,std_erased_unique_40,500000,3167345.000000,6.334690,128250000
frozen_erased,primary,39,15,frame_draw_batch,std_unique_8,64,534541.000000,8352.203125,27924889600
frozen_erased,primary,39,16,frame_draw_batch,std_erased_unique_40,64,627598.000000,9806.218750,27924889600
frozen_erased,primary,39,17,frame_draw_batch,own_old_unique_40,64,1014721.000000,15855.015625,27924889600
frozen_erased,primary,40,0,borrow_read_loop,std_erased_unique_40,1000000,436746.000000,0.436746,256500000
frozen_erased,primary,40,1,borrow_read_loop,std_unique_8,1000000,637744.000000,0.637744,256500000
frozen_erased,primary,40,2,borrow_read_loop,own_old_unique_40,1000000,668819.000000,0.668819,256500000
frozen_erased,primary,40,3,observable_move_roundtrip,std_unique_8,500000,586998.000000,1.173996,128250000
frozen_erased,primary,40,4,observable_move_roundtrip,std_erased_unique_40,500000,2955982.000000,5.911964,128250000
frozen_erased,primary,40,5,observable_move_roundtrip,own_old_unique_40,500000,5840099.000000,11.680198,128250000
frozen_erased,primary,40,6,vector_owner_transfer,std_unique_8,64,848925.000000,13264.453125,438108160
frozen_erased,primary,40,7,vector_owner_transfer,std_erased_unique_40,64,221779.000000,3465.296875,438108160
frozen_erased,primary,40,8,vector_owner_transfer,own_old_unique_40,64,348997.000000,5453.078125,438108160
frozen_erased,primary,40,9,frame_draw_batch,own_old_unique_40,64,751892.000000,11748.312500,27924889600
frozen_erased,primary,40,10,frame_draw_batch,std_unique_8,64,492008.000000,7687.625000,27924889600
frozen_erased,primary,40,11,frame_draw_batch,std_erased_unique_40,64,524966.000000,8202.593750,27924889600
frozen_erased,primary,40,12,synchronized_job_handoff,std_erased_unique_40,2048,509914.000000,248.981445,218578944
frozen_erased,primary,40,13,synchronized_job_handoff,std_unique_8,2048,618675.000000,302.087402,218578944
frozen_erased,primary,40,14,synchronized_job_handoff,own_old_unique_40,2048,688979.000000,336.415527,218578944
frozen_erased,primary,40,15,create_read_destroy,std_erased_unique_40,50000,446781.000000,8.935620,16251450000
frozen_erased,primary,40,16,create_read_destroy,std_unique_8,50000,521501.000000,10.430020,16251450000
frozen_erased,primary,40,17,create_read_destroy,own_old_unique_40,50000,508112.000000,10.162240,16251450000
frozen_erased,primary,41,0,create_read_destroy,own_old_unique_40,50000,557384.000000,11.147680,16251450000
frozen_erased,primary,41,1,create_read_destroy,std_erased_unique_40,50000,460331.000000,9.206620,16251450000
frozen_erased,primary,41,2,create_read_destroy,std_unique_8,50000,443506.000000,8.870120,16251450000
frozen_erased,primary,41,3,observable_move_roundtrip,std_erased_unique_40,500000,2767003.000000,5.534006,128250000
frozen_erased,primary,41,4,observable_move_roundtrip,std_unique_8,500000,541632.000000,1.083264,128250000
frozen_erased,primary,41,5,observable_move_roundtrip,own_old_unique_40,500000,6125451.000000,12.250902,128250000
frozen_erased,primary,41,6,borrow_read_loop,std_unique_8,1000000,451668.000000,0.451668,256500000
frozen_erased,primary,41,7,borrow_read_loop,std_erased_unique_40,1000000,437167.000000,0.437167,256500000
frozen_erased,primary,41,8,borrow_read_loop,own_old_unique_40,1000000,689500.000000,0.689500,256500000
frozen_erased,primary,41,9,synchronized_job_handoff,own_old_unique_40,2048,723270.000000,353.159180,218578944
frozen_erased,primary,41,10,synchronized_job_handoff,std_unique_8,2048,1145855.000000,559.499512,218578944
frozen_erased,primary,41,11,synchronized_job_handoff,std_erased_unique_40,2048,456726.000000,223.010742,218578944
frozen_erased,primary,41,12,vector_owner_transfer,std_erased_unique_40,64,287406.000000,4490.718750,438108160
frozen_erased,primary,41,13,vector_owner_transfer,own_old_unique_40,64,421724.000000,6589.437500,438108160
frozen_erased,primary,41,14,vector_owner_transfer,std_unique_8,64,171594.000000,2681.156250,438108160
frozen_erased,primary,41,15,frame_draw_batch,std_erased_unique_40,64,629301.000000,9832.828125,27924889600
frozen_erased,primary,41,16,frame_draw_batch,std_unique_8,64,494351.000000,7724.234375,27924889600
frozen_erased,primary,41,17,frame_draw_batch,own_old_unique_40,64,536855.000000,8388.359375,27924889600
frozen_erased,primary,42,0,frame_draw_batch,std_unique_8,64,490756.000000,7668.062500,27924889600
frozen_erased,primary,42,1,frame_draw_batch,own_old_unique_40,64,686506.000000,10726.656250,27924889600
frozen_erased,primary,42,2,frame_draw_batch,std_erased_unique_40,64,798822.000000,12481.593750,27924889600
frozen_erased,primary,42,3,observable_move_roundtrip,std_unique_8,500000,541621.000000,1.083242,128250000
frozen_erased,primary,42,4,observable_move_roundtrip,std_erased_unique_40,500000,5088307.000000,10.176614,128250000
frozen_erased,primary,42,5,observable_move_roundtrip,own_old_unique_40,500000,5797967.000000,11.595934,128250000
frozen_erased,primary,42,6,vector_owner_transfer,std_unique_8,64,172214.000000,2690.843750,438108160
frozen_erased,primary,42,7,vector_owner_transfer,own_old_unique_40,64,371009.000000,5797.015625,438108160
frozen_erased,primary,42,8,vector_owner_transfer,std_erased_unique_40,64,220837.000000,3450.578125,438108160
frozen_erased,primary,42,9,borrow_read_loop,std_erased_unique_40,1000000,601339.000000,0.601339,256500000
frozen_erased,primary,42,10,borrow_read_loop,std_unique_8,1000000,891599.000000,0.891599,256500000
frozen_erased,primary,42,11,borrow_read_loop,own_old_unique_40,1000000,524446.000000,0.524446,256500000
frozen_erased,primary,42,12,synchronized_job_handoff,own_old_unique_40,2048,804885.000000,393.010254,218578944
frozen_erased,primary,42,13,synchronized_job_handoff,std_unique_8,2048,535362.000000,261.407227,218578944
frozen_erased,primary,42,14,synchronized_job_handoff,std_erased_unique_40,2048,576483.000000,281.485840,218578944
frozen_erased,primary,42,15,create_read_destroy,std_erased_unique_40,50000,457607.000000,9.152140,16251450000
frozen_erased,primary,42,16,create_read_destroy,std_unique_8,50000,445659.000000,8.913180,16251450000
frozen_erased,primary,42,17,create_read_destroy,own_old_unique_40,50000,535102.000000,10.702040,16251450000
frozen_erased,primary,43,0,create_read_destroy,std_unique_8,50000,444978.000000,8.899560,16251450000
frozen_erased,primary,43,1,create_read_destroy,std_erased_unique_40,50000,460211.000000,9.204220,16251450000
frozen_erased,primary,43,2,create_read_destroy,own_old_unique_40,50000,530975.000000,10.619500,16251450000
frozen_erased,primary,43,3,synchronized_job_handoff,std_erased_unique_40,2048,543163.000000,265.216309,218578944
frozen_erased,primary,43,4,synchronized_job_handoff,std_unique_8,2048,549553.000000,268.336426,218578944
frozen_erased,primary,43,5,synchronized_job_handoff,own_old_unique_40,2048,541481.000000,264.395020,218578944
frozen_erased,primary,43,6,observable_move_roundtrip,std_erased_unique_40,500000,2785370.000000,5.570740,128250000
frozen_erased,primary,43,7,observable_move_roundtrip,own_old_unique_40,500000,5350946.000000,10.701892,128250000
frozen_erased,primary,43,8,observable_move_roundtrip,std_unique_8,500000,541671.000000,1.083342,128250000
frozen_erased,primary,43,9,frame_draw_batch,std_erased_unique_40,64,536184.000000,8377.875000,27924889600
frozen_erased,primary,43,10,frame_draw_batch,std_unique_8,64,492409.000000,7693.890625,27924889600
frozen_erased,primary,43,11,frame_draw_batch,own_old_unique_40,64,552107.000000,8626.671875,27924889600
frozen_erased,primary,43,12,vector_owner_transfer,std_erased_unique_40,64,220957.000000,3452.453125,438108160
frozen_erased,primary,43,13,vector_owner_transfer,own_old_unique_40,64,347314.000000,5426.781250,438108160
frozen_erased,primary,43,14,vector_owner_transfer,std_unique_8,64,310470.000000,4851.093750,438108160
frozen_erased,primary,43,15,borrow_read_loop,own_old_unique_40,1000000,682079.000000,0.682079,256500000
frozen_erased,primary,43,16,borrow_read_loop,std_unique_8,1000000,581630.000000,0.581630,256500000
frozen_erased,primary,43,17,borrow_read_loop,std_erased_unique_40,1000000,446540.000000,0.446540,256500000
frozen_erased,primary,44,0,observable_move_roundtrip,own_old_unique_40,500000,5890765.000000,11.781530,128250000
frozen_erased,primary,44,1,observable_move_roundtrip,std_unique_8,500000,2107357.000000,4.214714,128250000
frozen_erased,primary,44,2,observable_move_roundtrip,std_erased_unique_40,500000,4613095.000000,9.226190,128250000
frozen_erased,primary,44,3,borrow_read_loop,own_old_unique_40,1000000,458559.000000,0.458559,256500000
frozen_erased,primary,44,4,borrow_read_loop,std_erased_unique_40,1000000,671684.000000,0.671684,256500000
frozen_erased,primary,44,5,borrow_read_loop,std_unique_8,1000000,494562.000000,0.494562,256500000
frozen_erased,primary,44,6,frame_draw_batch,own_old_unique_40,64,528632.000000,8259.875000,27924889600
frozen_erased,primary,44,7,frame_draw_batch,std_unique_8,64,524095.000000,8188.984375,27924889600
frozen_erased,primary,44,8,frame_draw_batch,std_erased_unique_40,64,517005.000000,8078.203125,27924889600
frozen_erased,primary,44,9,vector_owner_transfer,std_erased_unique_40,64,221488.000000,3460.750000,438108160
frozen_erased,primary,44,10,vector_owner_transfer,std_unique_8,64,196080.000000,3063.750000,438108160
frozen_erased,primary,44,11,vector_owner_transfer,own_old_unique_40,64,347183.000000,5424.734375,438108160
frozen_erased,primary,44,12,create_read_destroy,std_unique_8,50000,485629.000000,9.712580,16251450000
frozen_erased,primary,44,13,create_read_destroy,std_erased_unique_40,50000,495503.000000,9.910060,16251450000
frozen_erased,primary,44,14,create_read_destroy,own_old_unique_40,50000,718072.000000,14.361440,16251450000
frozen_erased,primary,44,15,synchronized_job_handoff,std_unique_8,2048,565066.000000,275.911133,218578944
frozen_erased,primary,44,16,synchronized_job_handoff,std_erased_unique_40,2048,709469.000000,346.420410,218578944
frozen_erased,primary,44,17,synchronized_job_handoff,own_old_unique_40,2048,651454.000000,318.092773,218578944
frozen_erased,primary,45,0,vector_owner_transfer,own_old_unique_40,64,345361.000000,5396.265625,438108160
frozen_erased,primary,45,1,vector_owner_transfer,std_unique_8,64,169411.000000,2647.046875,438108160
frozen_erased,primary,45,2,vector_owner_transfer,std_erased_unique_40,64,217572.000000,3399.562500,438108160
frozen_erased,primary,45,3,observable_move_roundtrip,std_erased_unique_40,500000,2934361.000000,5.868722,128250000
frozen_erased,primary,45,4,observable_move_roundtrip,own_old_unique_40,500000,5502740.000000,11.005480,128250000
frozen_erased,primary,45,5,observable_move_roundtrip,std_unique_8,500000,555962.000000,1.111924,128250000
frozen_erased,primary,45,6,borrow_read_loop,std_unique_8,1000000,448944.000000,0.448944,256500000
frozen_erased,primary,45,7,borrow_read_loop,std_erased_unique_40,1000000,436666.000000,0.436666,256500000
frozen_erased,primary,45,8,borrow_read_loop,own_old_unique_40,1000000,449795.000000,0.449795,256500000
frozen_erased,primary,45,9,create_read_destroy,std_erased_unique_40,50000,458979.000000,9.179580,16251450000
frozen_erased,primary,45,10,create_read_destroy,own_old_unique_40,50000,534170.000000,10.683400,16251450000
frozen_erased,primary,45,11,create_read_destroy,std_unique_8,50000,433341.000000,8.666820,16251450000
frozen_erased,primary,45,12,synchronized_job_handoff,std_erased_unique_40,2048,671363.000000,327.813965,218578944
frozen_erased,primary,45,13,synchronized_job_handoff,own_old_unique_40,2048,693256.000000,338.503906,218578944
frozen_erased,primary,45,14,synchronized_job_handoff,std_unique_8,2048,768306.000000,375.149414,218578944
frozen_erased,primary,45,15,frame_draw_batch,own_old_unique_40,64,574420.000000,8975.312500,27924889600
frozen_erased,primary,45,16,frame_draw_batch,std_erased_unique_40,64,516824.000000,8075.375000,27924889600
frozen_erased,primary,45,17,frame_draw_batch,std_unique_8,64,507611.000000,7931.421875,27924889600
frozen_erased,primary,46,0,vector_owner_transfer,std_unique_8,64,170363.000000,2661.921875,438108160
frozen_erased,primary,46,1,vector_owner_transfer,own_old_unique_40,64,346062.000000,5407.218750,438108160
frozen_erased,primary,46,2,vector_owner_transfer,std_erased_unique_40,64,249490.000000,3898.281250,438108160
frozen_erased,primary,46,3,observable_move_roundtrip,own_old_unique_40,500000,5695436.000000,11.390872,128250000
frozen_erased,primary,46,4,observable_move_roundtrip,std_erased_unique_40,500000,2850807.000000,5.701614,128250000
frozen_erased,primary,46,5,observable_move_roundtrip,std_unique_8,500000,555982.000000,1.111964,128250000
frozen_erased,primary,46,6,create_read_destroy,std_erased_unique_40,50000,446731.000000,8.934620,16251450000
frozen_erased,primary,46,7,create_read_destroy,std_unique_8,50000,445489.000000,8.909780,16251450000
frozen_erased,primary,46,8,create_read_destroy,own_old_unique_40,50000,513369.000000,10.267380,16251450000
frozen_erased,primary,46,9,synchronized_job_handoff,std_unique_8,2048,631935.000000,308.562012,218578944
frozen_erased,primary,46,10,synchronized_job_handoff,std_erased_unique_40,2048,578375.000000,282.409668,218578944
frozen_erased,primary,46,11,synchronized_job_handoff,own_old_unique_40,2048,563123.000000,274.962402,218578944
frozen_erased,primary,46,12,frame_draw_batch,std_unique_8,64,497927.000000,7780.109375,27924889600
frozen_erased,primary,46,13,frame_draw_batch,own_old_unique_40,64,781476.000000,12210.562500,27924889600
frozen_erased,primary,46,14,frame_draw_batch,std_erased_unique_40,64,549783.000000,8590.359375,27924889600
frozen_erased,primary,46,15,borrow_read_loop,own_old_unique_40,1000000,436616.000000,0.436616,256500000
frozen_erased,primary,46,16,borrow_read_loop,std_erased_unique_40,1000000,451848.000000,0.451848,256500000
frozen_erased,primary,46,17,borrow_read_loop,std_unique_8,1000000,436636.000000,0.436636,256500000
frozen_erased,primary,47,0,create_read_destroy,std_unique_8,50000,539869.000000,10.797380,16251450000
frozen_erased,primary,47,1,create_read_destroy,own_old_unique_40,50000,535352.000000,10.707040,16251450000
frozen_erased,primary,47,2,create_read_destroy,std_erased_unique_40,50000,459520.000000,9.190400,16251450000
frozen_erased,primary,47,3,vector_owner_transfer,std_unique_8,64,170863.000000,2669.734375,438108160
frozen_erased,primary,47,4,vector_owner_transfer,own_old_unique_40,64,415335.000000,6489.609375,438108160
frozen_erased,primary,47,5,vector_owner_transfer,std_erased_unique_40,64,217472.000000,3398.000000,438108160
frozen_erased,primary,47,6,borrow_read_loop,std_erased_unique_40,1000000,468984.000000,0.468984,256500000
frozen_erased,primary,47,7,borrow_read_loop,own_old_unique_40,1000000,436326.000000,0.436326,256500000
frozen_erased,primary,47,8,borrow_read_loop,std_unique_8,1000000,683391.000000,0.683391,256500000
frozen_erased,primary,47,9,observable_move_roundtrip,std_unique_8,500000,657102.000000,1.314204,128250000
frozen_erased,primary,47,10,observable_move_roundtrip,own_old_unique_40,500000,5583651.000000,11.167302,128250000
frozen_erased,primary,47,11,observable_move_roundtrip,std_erased_unique_40,500000,2753954.000000,5.507908,128250000
frozen_erased,primary,47,12,synchronized_job_handoff,own_old_unique_40,2048,570514.000000,278.571289,218578944
frozen_erased,primary,47,13,synchronized_job_handoff,std_unique_8,2048,548611.000000,267.876465,218578944
frozen_erased,primary,47,14,synchronized_job_handoff,std_erased_unique_40,2048,613077.000000,299.354004,218578944
frozen_erased,primary,47,15,frame_draw_batch,own_old_unique_40,64,526078.000000,8219.968750,27924889600
frozen_erased,primary,47,16,frame_draw_batch,std_unique_8,64,525096.000000,8204.625000,27924889600
frozen_erased,primary,47,17,frame_draw_batch,std_erased_unique_40,64,516775.000000,8074.609375,27924889600
frozen_erased,primary,48,0,vector_owner_transfer,std_erased_unique_40,64,247827.000000,3872.296875,438108160
frozen_erased,primary,48,1,vector_owner_transfer,own_old_unique_40,64,345692.000000,5401.437500,438108160
frozen_erased,primary,48,2,vector_owner_transfer,std_unique_8,64,173216.000000,2706.500000,438108160
frozen_erased,primary,48,3,create_read_destroy,own_old_unique_40,50000,524957.000000,10.499140,16251450000
frozen_erased,primary,48,4,create_read_destroy,std_erased_unique_40,50000,446701.000000,8.934020,16251450000
frozen_erased,primary,48,5,create_read_destroy,std_unique_8,50000,448213.000000,8.964260,16251450000
frozen_erased,primary,48,6,observable_move_roundtrip,std_erased_unique_40,500000,2877446.000000,5.754892,128250000
frozen_erased,primary,48,7,observable_move_roundtrip,std_unique_8,500000,556042.000000,1.112084,128250000
frozen_erased,primary,48,8,observable_move_roundtrip,own_old_unique_40,500000,5327632.000000,10.655264,128250000
frozen_erased,primary,48,9,synchronized_job_handoff,std_unique_8,2048,993019.000000,484.872559,218578944
frozen_erased,primary,48,10,synchronized_job_handoff,std_erased_unique_40,2048,667067.000000,325.716309,218578944
frozen_erased,primary,48,11,synchronized_job_handoff,own_old_unique_40,2048,598245.000000,292.111816,218578944
frozen_erased,primary,48,12,borrow_read_loop,std_unique_8,1000000,447953.000000,0.447953,256500000
frozen_erased,primary,48,13,borrow_read_loop,own_old_unique_40,1000000,449665.000000,0.449665,256500000
frozen_erased,primary,48,14,borrow_read_loop,std_erased_unique_40,1000000,436446.000000,0.436446,256500000
frozen_erased,primary,48,15,frame_draw_batch,std_unique_8,64,494031.000000,7719.234375,27924889600
frozen_erased,primary,48,16,frame_draw_batch,std_erased_unique_40,64,527180.000000,8237.187500,27924889600
frozen_erased,primary,48,17,frame_draw_batch,own_old_unique_40,64,538406.000000,8412.593750,27924889600
frozen_erased,primary,49,0,create_read_destroy,std_erased_unique_40,50000,463816.000000,9.276320,16251450000
frozen_erased,primary,49,1,create_read_destroy,own_old_unique_40,50000,528572.000000,10.571440,16251450000
frozen_erased,primary,49,2,create_read_destroy,std_unique_8,50000,433141.000000,8.662820,16251450000
frozen_erased,primary,49,3,synchronized_job_handoff,std_erased_unique_40,2048,995973.000000,486.314941,218578944
frozen_erased,primary,49,4,synchronized_job_handoff,std_unique_8,2048,587750.000000,286.987305,218578944
frozen_erased,primary,49,5,synchronized_job_handoff,own_old_unique_40,2048,639146.000000,312.083008,218578944
frozen_erased,primary,49,6,vector_owner_transfer,std_unique_8,64,170733.000000,2667.703125,438108160
frozen_erased,primary,49,7,vector_owner_transfer,std_erased_unique_40,64,259554.000000,4055.531250,438108160
frozen_erased,primary,49,8,vector_owner_transfer,own_old_unique_40,64,344370.000000,5380.781250,438108160
frozen_erased,primary,49,9,frame_draw_batch,std_unique_8,64,700636.000000,10947.437500,27924889600
frozen_erased,primary,49,10,frame_draw_batch,own_old_unique_40,64,522343.000000,8161.609375,27924889600
frozen_erased,primary,49,11,frame_draw_batch,std_erased_unique_40,64,545597.000000,8524.953125,27924889600
frozen_erased,primary,49,12,borrow_read_loop,std_erased_unique_40,1000000,436366.000000,0.436366,256500000
frozen_erased,primary,49,13,borrow_read_loop,std_unique_8,1000000,448594.000000,0.448594,256500000
frozen_erased,primary,49,14,borrow_read_loop,own_old_unique_40,1000000,449484.000000,0.449484,256500000
frozen_erased,primary,49,15,observable_move_roundtrip,std_erased_unique_40,500000,2818329.000000,5.636658,128250000
frozen_erased,primary,49,16,observable_move_roundtrip,std_unique_8,500000,549283.000000,1.098566,128250000
frozen_erased,primary,49,17,observable_move_roundtrip,own_old_unique_40,500000,5473928.000000,10.947856,128250000
frozen_erased,primary,50,0,borrow_read_loop,own_old_unique_40,1000000,487842.000000,0.487842,256500000
frozen_erased,primary,50,1,borrow_read_loop,std_unique_8,1000000,460641.000000,0.460641,256500000
frozen_erased,primary,50,2,borrow_read_loop,std_erased_unique_40,1000000,436305.000000,0.436305,256500000
frozen_erased,primary,50,3,observable_move_roundtrip,std_erased_unique_40,500000,2777970.000000,5.555940,128250000
frozen_erased,primary,50,4,observable_move_roundtrip,std_unique_8,500000,557204.000000,1.114408,128250000
frozen_erased,primary,50,5,observable_move_roundtrip,own_old_unique_40,500000,5614005.000000,11.228010,128250000
frozen_erased,primary,50,6,synchronized_job_handoff,std_unique_8,2048,598405.000000,292.189941,218578944
frozen_erased,primary,50,7,synchronized_job_handoff,own_old_unique_40,2048,560599.000000,273.729980,218578944
frozen_erased,primary,50,8,synchronized_job_handoff,std_erased_unique_40,2048,827274.000000,403.942383,218578944
frozen_erased,primary,50,9,frame_draw_batch,own_old_unique_40,64,565116.000000,8829.937500,27924889600
frozen_erased,primary,50,10,frame_draw_batch,std_erased_unique_40,64,516865.000000,8076.015625,27924889600
frozen_erased,primary,50,11,frame_draw_batch,std_unique_8,64,506639.000000,7916.234375,27924889600
frozen_erased,primary,50,12,create_read_destroy,std_erased_unique_40,50000,446821.000000,8.936420,16251450000
frozen_erased,primary,50,13,create_read_destroy,own_old_unique_40,50000,528733.000000,10.574660,16251450000
frozen_erased,primary,50,14,create_read_destroy,std_unique_8,50000,492559.000000,9.851180,16251450000
frozen_erased,primary,50,15,vector_owner_transfer,std_erased_unique_40,64,262168.000000,4096.375000,438108160
frozen_erased,primary,50,16,vector_owner_transfer,std_unique_8,64,173216.000000,2706.500000,438108160
frozen_erased,primary,50,17,vector_owner_transfer,own_old_unique_40,64,349186.000000,5456.031250,438108160
lean,primary,0,0,frame_draw_batch,std_erased_unique_40,64,565968.000000,8843.250000,27924889600
lean,primary,0,1,frame_draw_batch,std_unique_8,64,503184.000000,7862.250000,27924889600
lean,primary,0,2,frame_draw_batch,own_allocated_unique_40,64,595130.000000,9298.906250,27924889600
lean,primary,0,3,frame_draw_batch,own_unique_8,64,567590.000000,8868.593750,27924889600
lean,primary,0,4,borrow_read_loop,std_unique_8,1000000,436316.000000,0.436316,256500000
lean,primary,0,5,borrow_read_loop,own_allocated_unique_40,1000000,436626.000000,0.436626,256500000
lean,primary,0,6,borrow_read_loop,own_unique_8,1000000,590924.000000,0.590924,256500000
lean,primary,0,7,borrow_read_loop,std_erased_unique_40,1000000,436937.000000,0.436937,256500000
lean,primary,0,8,synchronized_job_handoff,own_unique_8,2048,678363.000000,331.231934,218578944
lean,primary,0,9,synchronized_job_handoff,own_allocated_unique_40,2048,818020.000000,399.423828,218578944
lean,primary,0,10,synchronized_job_handoff,std_unique_8,2048,567239.000000,276.972168,218578944
lean,primary,0,11,synchronized_job_handoff,std_erased_unique_40,2048,559508.000000,273.197266,218578944
lean,primary,0,12,create_read_destroy,std_erased_unique_40,50000,483305.000000,9.666100,16251450000
lean,primary,0,13,create_read_destroy,own_unique_8,50000,498007.000000,9.960140,16251450000
lean,primary,0,14,create_read_destroy,own_allocated_unique_40,50000,594139.000000,11.882780,16251450000
lean,primary,0,15,create_read_destroy,std_unique_8,50000,460311.000000,9.206220,16251450000
lean,primary,0,16,observable_move_roundtrip,own_allocated_unique_40,500000,5402883.000000,10.805766,128250000
lean,primary,0,17,observable_move_roundtrip,std_erased_unique_40,500000,2803397.000000,5.606794,128250000
lean,primary,0,18,observable_move_roundtrip,std_unique_8,500000,569112.000000,1.138224,128250000
lean,primary,0,19,observable_move_roundtrip,own_unique_8,500000,541441.000000,1.082882,128250000
lean,primary,0,20,vector_owner_transfer,own_unique_8,64,186466.000000,2913.531250,438108160
lean,primary,0,21,vector_owner_transfer,std_erased_unique_40,64,214367.000000,3349.484375,438108160
lean,primary,0,22,vector_owner_transfer,std_unique_8,64,172294.000000,2692.093750,438108160
lean,primary,0,23,vector_owner_transfer,own_allocated_unique_40,64,349507.000000,5461.046875,438108160
lean,primary,1,0,observable_move_roundtrip,std_unique_8,500000,578867.000000,1.157734,128250000
lean,primary,1,1,observable_move_roundtrip,own_allocated_unique_40,500000,5501849.000000,11.003698,128250000
lean,primary,1,2,observable_move_roundtrip,std_erased_unique_40,500000,2759272.000000,5.518544,128250000
lean,primary,1,3,observable_move_roundtrip,own_unique_8,500000,554811.000000,1.109622,128250000
lean,primary,1,4,create_read_destroy,std_unique_8,50000,446921.000000,8.938420,16251450000
lean,primary,1,5,create_read_destroy,own_allocated_unique_40,50000,544275.000000,10.885500,16251450000
lean,primary,1,6,create_read_destroy,std_erased_unique_40,50000,511497.000000,10.229940,16251450000
lean,primary,1,7,create_read_destroy,own_unique_8,50000,470656.000000,9.413120,16251450000
lean,primary,1,8,frame_draw_batch,std_unique_8,64,570353.000000,8911.765625,27924889600
lean,primary,1,9,frame_draw_batch,own_allocated_unique_40,64,699775.000000,10933.984375,27924889600
lean,primary,1,10,frame_draw_batch,own_unique_8,64,530575.000000,8290.234375,27924889600
lean,primary,1,11,frame_draw_batch,std_erased_unique_40,64,517866.000000,8091.656250,27924889600
lean,primary,1,12,vector_owner_transfer,std_unique_8,64,243840.000000,3810.000000,438108160
lean,primary,1,13,vector_owner_transfer,std_erased_unique_40,64,249710.000000,3901.718750,438108160
lean,primary,1,14,vector_owner_transfer,own_allocated_unique_40,64,347063.000000,5422.859375,438108160
lean,primary,1,15,vector_owner_transfer,own_unique_8,64,168329.000000,2630.140625,438108160
lean,primary,1,16,borrow_read_loop,std_unique_8,1000000,509905.000000,0.509905,256500000
lean,primary,1,17,borrow_read_loop,own_allocated_unique_40,1000000,672385.000000,0.672385,256500000
lean,primary,1,18,borrow_read_loop,own_unique_8,1000000,609311.000000,0.609311,256500000
lean,primary,1,19,borrow_read_loop,std_erased_unique_40,1000000,489575.000000,0.489575,256500000
lean,primary,1,20,synchronized_job_handoff,own_allocated_unique_40,2048,954302.000000,465.967773,218578944
lean,primary,1,21,synchronized_job_handoff,std_erased_unique_40,2048,821415.000000,401.081543,218578944
lean,primary,1,22,synchronized_job_handoff,std_unique_8,2048,546539.000000,266.864746,218578944
lean,primary,1,23,synchronized_job_handoff,own_unique_8,2048,544556.000000,265.896484,218578944
lean,primary,2,0,observable_move_roundtrip,own_unique_8,500000,858199.000000,1.716398,128250000
lean,primary,2,1,observable_move_roundtrip,std_erased_unique_40,500000,2877757.000000,5.755514,128250000
lean,primary,2,2,observable_move_roundtrip,std_unique_8,500000,552658.000000,1.105316,128250000
lean,primary,2,3,observable_move_roundtrip,own_allocated_unique_40,500000,5424915.000000,10.849830,128250000
lean,primary,2,4,borrow_read_loop,own_unique_8,1000000,583553.000000,0.583553,256500000
lean,primary,2,5,borrow_read_loop,std_erased_unique_40,1000000,436586.000000,0.436586,256500000
lean,primary,2,6,borrow_read_loop,std_unique_8,1000000,451398.000000,0.451398,256500000
lean,primary,2,7,borrow_read_loop,own_allocated_unique_40,1000000,442695.000000,0.442695,256500000
lean,primary,2,8,create_read_destroy,std_erased_unique_40,50000,446760.000000,8.935200,16251450000
lean,primary,2,9,create_read_destroy,own_allocated_unique_40,50000,557815.000000,11.156300,16251450000
lean,primary,2,10,create_read_destroy,own_unique_8,50000,433231.000000,8.664620,16251450000
lean,primary,2,11,create_read_destroy,std_unique_8,50000,472620.000000,9.452400,16251450000
lean,primary,2,12,synchronized_job_handoff,own_unique_8,2048,790430.000000,385.952148,218578944
lean,primary,2,13,synchronized_job_handoff,std_erased_unique_40,2048,564785.000000,275.773926,218578944
lean,primary,2,14,synchronized_job_handoff,own_allocated_unique_40,2048,925449.000000,451.879395,218578944
lean,primary,2,15,synchronized_job_handoff,std_unique_8,2048,620608.000000,303.031250,218578944
lean,primary,2,16,vector_owner_transfer,own_allocated_unique_40,64,348946.000000,5452.281250,438108160
lean,primary,2,17,vector_owner_transfer,own_unique_8,64,171003.000000,2671.921875,438108160
lean,primary,2,18,vector_owner_transfer,std_erased_unique_40,64,233826.000000,3653.531250,438108160
lean,primary,2,19,vector_owner_transfer,std_unique_8,64,173466.000000,2710.406250,438108160
lean,primary,2,20,frame_draw_batch,own_unique_8,64,496745.000000,7761.640625,27924889600
lean,primary,2,21,frame_draw_batch,own_allocated_unique_40,64,557575.000000,8712.109375,27924889600
lean,primary,2,22,frame_draw_batch,std_erased_unique_40,64,516514.000000,8070.531250,27924889600
lean,primary,2,23,frame_draw_batch,std_unique_8,64,507240.000000,7925.625000,27924889600
lean,primary,3,0,synchronized_job_handoff,own_allocated_unique_40,2048,1927882.000000,941.348633,218578944
lean,primary,3,1,synchronized_job_handoff,std_unique_8,2048,629832.000000,307.535156,218578944
lean,primary,3,2,synchronized_job_handoff,own_unique_8,2048,623151.000000,304.272949,218578944
lean,primary,3,3,synchronized_job_handoff,std_erased_unique_40,2048,539818.000000,263.583008,218578944
lean,primary,3,4,vector_owner_transfer,own_unique_8,64,170232.000000,2659.875000,438108160
lean,primary,3,5,vector_owner_transfer,own_allocated_unique_40,64,348325.000000,5442.578125,438108160
lean,primary,3,6,vector_owner_transfer,std_erased_unique_40,64,210201.000000,3284.390625,438108160
lean,primary,3,7,vector_owner_transfer,std_unique_8,64,169270.000000,2644.843750,438108160
lean,primary,3,8,observable_move_roundtrip,own_allocated_unique_40,500000,5596179.000000,11.192358,128250000
lean,primary,3,9,observable_move_roundtrip,own_unique_8,500000,578035.000000,1.156070,128250000
lean,primary,3,10,observable_move_roundtrip,std_erased_unique_40,500000,2954320.000000,5.908640,128250000
lean,primary,3,11,observable_move_roundtrip,std_unique_8,500000,541531.000000,1.083062,128250000
lean,primary,3,12,borrow_read_loop,std_unique_8,1000000,464998.000000,0.464998,256500000
lean,primary,3,13,borrow_read_loop,own_unique_8,1000000,625816.000000,0.625816,256500000
lean,primary,3,14,borrow_read_loop,std_erased_unique_40,1000000,449726.000000,0.449726,256500000
lean,primary,3,15,borrow_read_loop,own_allocated_unique_40,1000000,486940.000000,0.486940,256500000
lean,primary,3,16,frame_draw_batch,own_allocated_unique_40,64,625094.000000,9767.093750,27924889600
lean,primary,3,17,frame_draw_batch,std_erased_unique_40,64,516805.000000,8075.078125,27924889600
lean,primary,3,18,frame_draw_batch,own_unique_8,64,526418.000000,8225.281250,27924889600
lean,primary,3,19,frame_draw_batch,std_unique_8,64,492499.000000,7695.296875,27924889600
lean,primary,3,20,create_read_destroy,own_unique_8,50000,462044.000000,9.240880,16251450000
lean,primary,3,21,create_read_destroy,own_allocated_unique_40,50000,511968.000000,10.239360,16251450000
lean,primary,3,22,create_read_destroy,std_erased_unique_40,50000,459089.000000,9.181780,16251450000
lean,primary,3,23,create_read_destroy,std_unique_8,50000,457437.000000,9.148740,16251450000
lean,primary,4,0,borrow_read_loop,std_unique_8,1000000,448975.000000,0.448975,256500000
lean,primary,4,1,borrow_read_loop,own_allocated_unique_40,1000000,436325.000000,0.436325,256500000
lean,primary,4,2,borrow_read_loop,own_unique_8,1000000,615340.000000,0.615340,256500000
lean,primary,4,3,borrow_read_loop,std_erased_unique_40,1000000,436445.000000,0.436445,256500000
lean,primary,4,4,observable_move_roundtrip,std_unique_8,500000,568662.000000,1.137324,128250000
lean,primary,4,5,observable_move_roundtrip,own_unique_8,500000,541421.000000,1.082842,128250000
lean,primary,4,6,observable_move_roundtrip,own_allocated_unique_40,500000,5669958.000000,11.339916,128250000
lean,primary,4,7,observable_move_roundtrip,std_erased_unique_40,500000,2797428.000000,5.594856,128250000
lean,primary,4,8,vector_owner_transfer,std_erased_unique_40,64,213025.000000,3328.515625,438108160
lean,primary,4,9,vector_owner_transfer,std_unique_8,64,170842.000000,2669.406250,438108160
lean,primary,4,10,vector_owner_transfer,own_unique_8,64,171283.000000,2676.296875,438108160
lean,primary,4,11,vector_owner_transfer,own_allocated_unique_40,64,363678.000000,5682.468750,438108160
lean,primary,4,12,create_read_destroy,own_allocated_unique_40,50000,480951.000000,9.619020,16251450000
lean,primary,4,13,create_read_destroy,std_erased_unique_40,50000,460651.000000,9.213020,16251450000
lean,primary,4,14,create_read_destroy,std_unique_8,50000,446691.000000,8.933820,16251450000
lean,primary,4,15,create_read_destroy,own_unique_8,50000,461583.000000,9.231660,16251450000
lean,primary,4,16,frame_draw_batch,own_unique_8,64,496514.000000,7758.031250,27924889600
lean,primary,4,17,frame_draw_batch,std_unique_8,64,507561.000000,7930.640625,27924889600
lean,primary,4,18,frame_draw_batch,own_allocated_unique_40,64,607709.000000,9495.453125,27924889600
lean,primary,4,19,frame_draw_batch,std_erased_unique_40,64,886501.000000,13851.578125,27924889600
lean,primary,4,20,synchronized_job_handoff,std_unique_8,2048,725664.000000,354.328125,218578944
lean,primary,4,21,synchronized_job_handoff,std_erased_unique_40,2048,645415.000000,315.144043,218578944
lean,primary,4,22,synchronized_job_handoff,own_allocated_unique_40,2048,632826.000000,308.997070,218578944
lean,primary,4,23,synchronized_job_handoff,own_unique_8,2048,603142.000000,294.502930,218578944
lean,primary,5,0,create_read_destroy,std_unique_8,50000,446700.000000,8.934000,16251450000
lean,primary,5,1,create_read_destroy,std_erased_unique_40,50000,459890.000000,9.197800,16251450000
lean,primary,5,2,create_read_destroy,own_unique_8,50000,433491.000000,8.669820,16251450000
lean,primary,5,3,create_read_destroy,own_allocated_unique_40,50000,526469.000000,10.529380,16251450000
lean,primary,5,4,observable_move_roundtrip,std_erased_unique_40,500000,2872790.000000,5.745580,128250000
lean,primary,5,5,observable_move_roundtrip,std_unique_8,500000,552697.000000,1.105394,128250000
lean,primary,5,6,observable_move_roundtrip,own_allocated_unique_40,500000,5693792.000000,11.387584,128250000
lean,primary,5,7,observable_move_roundtrip,own_unique_8,500000,607128.000000,1.214256,128250000
lean,primary,5,8,synchronized_job_handoff,std_erased_unique_40,2048,579177.000000,282.801270,218578944
lean,primary,5,9,synchronized_job_handoff,std_unique_8,2048,534851.000000,261.157715,218578944
lean,primary,5,10,synchronized_job_handoff,own_allocated_unique_40,2048,643733.000000,314.322754,218578944
lean,primary,5,11,synchronized_job_handoff,own_unique_8,2048,659145.000000,321.848145,218578944
lean,primary,5,12,borrow_read_loop,own_unique_8,1000000,541411.000000,0.541411,256500000
lean,primary,5,13,borrow_read_loop,std_unique_8,1000000,461422.000000,0.461422,256500000
lean,primary,5,14,borrow_read_loop,std_erased_unique_40,1000000,436455.000000,0.436455,256500000
lean,primary,5,15,borrow_read_loop,own_allocated_unique_40,1000000,455363.000000,0.455363,256500000
lean,primary,5,16,vector_owner_transfer,own_allocated_unique_40,64,349176.000000,5455.875000,438108160
lean,primary,5,17,vector_owner_transfer,std_unique_8,64,169891.000000,2654.546875,438108160
lean,primary,5,18,vector_owner_transfer,std_erased_unique_40,64,210441.000000,3288.140625,438108160
lean,primary,5,19,vector_owner_transfer,own_unique_8,64,184152.000000,2877.375000,438108160
lean,primary,5,20,frame_draw_batch,own_allocated_unique_40,64,527009.000000,8234.515625,27924889600
lean,primary,5,21,frame_draw_batch,own_unique_8,64,506289.000000,7910.765625,27924889600
lean,primary,5,22,frame_draw_batch,std_unique_8,64,496604.000000,7759.437500,27924889600
lean,primary,5,23,frame_draw_batch,std_erased_unique_40,64,564095.000000,8813.984375,27924889600
lean,primary,6,0,synchronized_job_handoff,own_allocated_unique_40,2048,598165.000000,292.072754,218578944
lean,primary,6,1,synchronized_job_handoff,own_unique_8,2048,557194.000000,272.067383,218578944
lean,primary,6,2,synchronized_job_handoff,std_unique_8,2048,515392.000000,251.656250,218578944
lean,primary,6,3,synchronized_job_handoff,std_erased_unique_40,2048,569322.000000,277.989258,218578944
lean,primary,6,4,create_read_destroy,own_unique_8,50000,433151.000000,8.663020,16251450000
lean,primary,6,5,create_read_destroy,std_unique_8,50000,460982.000000,9.219640,16251450000
lean,primary,6,6,create_read_destroy,std_erased_unique_40,50000,446721.000000,8.934420,16251450000
lean,primary,6,7,create_read_destroy,own_allocated_unique_40,50000,528642.000000,10.572840,16251450000
lean,primary,6,8,observable_move_roundtrip,std_unique_8,500000,621269.000000,1.242538,128250000
lean,primary,6,9,observable_move_roundtrip,own_allocated_unique_40,500000,5750096.000000,11.500192,128250000
lean,primary,6,10,observable_move_roundtrip,own_unique_8,500000,574560.000000,1.149120,128250000
lean,primary,6,11,observable_move_roundtrip,std_erased_unique_40,500000,2796847.000000,5.593694,128250000
lean,primary,6,12,frame_draw_batch,std_erased_unique_40,64,523224.000000,8175.375000,27924889600
lean,primary,6,13,frame_draw_batch,own_unique_8,64,506880.000000,7920.000000,27924889600
lean,primary,6,14,frame_draw_batch,own_allocated_unique_40,64,525727.000000,8214.484375,27924889600
lean,primary,6,15,frame_draw_batch,std_unique_8,64,527200.000000,8237.500000,27924889600
lean,primary,6,16,vector_owner_transfer,std_erased_unique_40,64,210051.000000,3282.046875,438108160
lean,primary,6,17,vector_owner_transfer,std_unique_8,64,169280.000000,2645.000000,438108160
lean,primary,6,18,vector_owner_transfer,own_allocated_unique_40,64,349477.000000,5460.578125,438108160
lean,primary,6,19,vector_owner_transfer,own_unique_8,64,186235.000000,2909.921875,438108160
lean,primary,6,20,borrow_read_loop,own_allocated_unique_40,1000000,436266.000000,0.436266,256500000
lean,primary,6,21,borrow_read_loop,std_unique_8,1000000,548562.000000,0.548562,256500000
lean,primary,6,22,borrow_read_loop,own_unique_8,1000000,631004.000000,0.631004,256500000
lean,primary,6,23,borrow_read_loop,std_erased_unique_40,1000000,548381.000000,0.548381,256500000
lean,primary,7,0,frame_draw_batch,own_unique_8,64,494732.000000,7730.187500,27924889600
lean,primary,7,1,frame_draw_batch,std_erased_unique_40,64,631044.000000,9860.062500,27924889600
lean,primary,7,2,frame_draw_batch,own_allocated_unique_40,64,525367.000000,8208.859375,27924889600
lean,primary,7,3,frame_draw_batch,std_unique_8,64,519869.000000,8122.953125,27924889600
lean,primary,7,4,synchronized_job_handoff,own_allocated_unique_40,2048,652856.000000,318.777344,218578944
lean,primary,7,5,synchronized_job_handoff,std_unique_8,2048,742568.000000,362.582031,218578944
lean,primary,7,6,synchronized_job_handoff,own_unique_8,2048,566779.000000,276.747559,218578944
lean,primary,7,7,synchronized_job_handoff,std_erased_unique_40,2048,586127.000000,286.194824,218578944
lean,primary,7,8,borrow_read_loop,std_unique_8,1000000,497696.000000,0.497696,256500000
lean,primary,7,9,borrow_read_loop,own_unique_8,1000000,572457.000000,0.572457,256500000
lean,primary,7,10,borrow_read_loop,own_allocated_unique_40,1000000,490145.000000,0.490145,256500000
lean,primary,7,11,borrow_read_loop,std_erased_unique_40,1000000,479129.000000,0.479129,256500000
lean,primary,7,12,observable_move_roundtrip,own_allocated_unique_40,500000,5539785.000000,11.079570,128250000
lean,primary,7,13,observable_move_roundtrip,std_unique_8,500000,578145.000000,1.156290,128250000
lean,primary,7,14,observable_move_roundtrip,std_erased_unique_40,500000,2943605.000000,5.887210,128250000
lean,primary,7,15,observable_move_roundtrip,own_unique_8,500000,541521.000000,1.083042,128250000
lean,primary,7,16,create_read_destroy,std_unique_8,50000,633888.000000,12.677760,16251450000
lean,primary,7,17,create_read_destroy,own_allocated_unique_40,50000,510515.000000,10.210300,16251450000
lean,primary,7,18,create_read_destroy,std_erased_unique_40,50000,480291.000000,9.605820,16251450000
lean,primary,7,19,create_read_destroy,own_unique_8,50000,433221.000000,8.664420,16251450000
lean,primary,7,20,vector_owner_transfer,own_unique_8,64,171614.000000,2681.468750,438108160
lean,primary,7,21,vector_owner_transfer,std_erased_unique_40,64,226415.000000,3537.734375,438108160
lean,primary,7,22,vector_owner_transfer,std_unique_8,64,275307.000000,4301.671875,438108160
lean,primary,7,23,vector_owner_transfer,own_allocated_unique_40,64,350027.000000,5469.171875,438108160
lean,primary,8,0,vector_owner_transfer,own_unique_8,64,166536.000000,2602.125000,438108160
lean,primary,8,1,vector_owner_transfer,own_allocated_unique_40,64,378520.000000,5914.375000,438108160
lean,primary,8,2,vector_owner_transfer,std_erased_unique_40,64,281536.000000,4399.000000,438108160
lean,primary,8,3,vector_owner_transfer,std_unique_8,64,167167.000000,2611.984375,438108160
lean,primary,8,4,borrow_read_loop,std_unique_8,1000000,478888.000000,0.478888,256500000
lean,primary,8,5,borrow_read_loop,std_erased_unique_40,1000000,506539.000000,0.506539,256500000
lean,primary,8,6,borrow_read_loop,own_unique_8,1000000,570835.000000,0.570835,256500000
lean,primary,8,7,borrow_read_loop,own_allocated_unique_40,1000000,505498.000000,0.505498,256500000
lean,primary,8,8,observable_move_roundtrip,std_unique_8,500000,647918.000000,1.295836,128250000
lean,primary,8,9,observable_move_roundtrip,std_erased_unique_40,500000,2870215.000000,5.740430,128250000
lean,primary,8,10,observable_move_roundtrip,own_unique_8,500000,541441.000000,1.082882,128250000
lean,primary,8,11,observable_move_roundtrip,own_allocated_unique_40,500000,5377535.000000,10.755070,128250000
lean,primary,8,12,frame_draw_batch,own_unique_8,64,627037.000000,9797.453125,27924889600
lean,primary,8,13,frame_draw_batch,std_erased_unique_40,64,559809.000000,8747.015625,27924889600
lean,primary,8,14,frame_draw_batch,own_allocated_unique_40,64,539328.000000,8427.000000,27924889600
lean,primary,8,15,frame_draw_batch,std_unique_8,64,492389.000000,7693.578125,27924889600
lean,primary,8,16,synchronized_job_handoff,own_allocated_unique_40,2048,614649.000000,300.121582,218578944
lean,primary,8,17,synchronized_job_handoff,std_erased_unique_40,2048,1125315.000000,549.470215,218578944
lean,primary,8,18,synchronized_job_handoff,std_unique_8,2048,606487.000000,296.136230,218578944
lean,primary,8,19,synchronized_job_handoff,own_unique_8,2048,643752.000000,314.332031,218578944
lean,primary,8,20,create_read_destroy,std_erased_unique_40,50000,508942.000000,10.178840,16251450000
lean,primary,8,21,create_read_destroy,std_unique_8,50000,447853.000000,8.957060,16251450000
lean,primary,8,22,create_read_destroy,own_allocated_unique_40,50000,540379.000000,10.807580,16251450000
lean,primary,8,23,create_read_destroy,own_unique_8,50000,433150.000000,8.663000,16251450000
lean,primary,9,0,create_read_destroy,std_unique_8,50000,458739.000000,9.174780,16251450000
lean,primary,9,1,create_read_destroy,std_erased_unique_40,50000,475403.000000,9.508060,16251450000
lean,primary,9,2,create_read_destroy,own_allocated_unique_40,50000,514031.000000,10.280620,16251450000
lean,primary,9,3,create_read_destroy,own_unique_8,50000,476105.000000,9.522100,16251450000
lean,primary,9,4,observable_move_roundtrip,own_allocated_unique_40,500000,5928360.000000,11.856720,128250000
lean,primary,9,5,observable_move_roundtrip,own_unique_8,500000,662370.000000,1.324740,128250000
lean,primary,9,6,observable_move_roundtrip,std_erased_unique_40,500000,2911958.000000,5.823916,128250000
lean,primary,9,7,observable_move_roundtrip,std_unique_8,500000,663762.000000,1.327524,128250000
lean,primary,9,8,synchronized_job_handoff,std_erased_unique_40,2048,719575.000000,351.354980,218578944
lean,primary,9,9,synchronized_job_handoff,std_unique_8,2048,546468.000000,266.830078,218578944
lean,primary,9,10,synchronized_job_handoff,own_allocated_unique_40,2048,894954.000000,436.989258,218578944
lean,primary,9,11,synchronized_job_handoff,own_unique_8,2048,627788.000000,306.537109,218578944
lean,primary,9,12,vector_owner_transfer,own_unique_8,64,225373.000000,3521.453125,438108160
lean,primary,9,13,vector_owner_transfer,std_erased_unique_40,64,212595.000000,3321.796875,438108160
lean,primary,9,14,vector_owner_transfer,std_unique_8,64,197362.000000,3083.781250,438108160
lean,primary,9,15,vector_owner_transfer,own_allocated_unique_40,64,401624.000000,6275.375000,438108160
lean,primary,9,16,frame_draw_batch,std_unique_8,64,637523.000000,9961.296875,27924889600
lean,primary,9,17,frame_draw_batch,std_erased_unique_40,64,517145.000000,8080.390625,27924889600
lean,primary,9,18,frame_draw_batch,own_allocated_unique_40,64,563604.000000,8806.312500,27924889600
lean,primary,9,19,frame_draw_batch,own_unique_8,64,695549.000000,10867.953125,27924889600
lean,primary,9,20,borrow_read_loop,own_unique_8,1000000,572938.000000,0.572938,256500000
lean,primary,9,21,borrow_read_loop,std_erased_unique_40,1000000,425039.000000,0.425039,256500000
lean,primary,9,22,borrow_read_loop,std_unique_8,1000000,638404.000000,0.638404,256500000
lean,primary,9,23,borrow_read_loop,own_allocated_unique_40,1000000,642861.000000,0.642861,256500000
lean,primary,10,0,observable_move_roundtrip,own_unique_8,500000,543935.000000,1.087870,128250000
lean,primary,10,1,observable_move_roundtrip,std_erased_unique_40,500000,2853872.000000,5.707744,128250000
lean,primary,10,2,observable_move_roundtrip,std_unique_8,500000,627108.000000,1.254216,128250000
lean,primary,10,3,observable_move_roundtrip,own_allocated_unique_40,500000,5344737.000000,10.689474,128250000
lean,primary,10,4,frame_draw_batch,std_erased_unique_40,64,540559.000000,8446.234375,27924889600
lean,primary,10,5,frame_draw_batch,own_unique_8,64,497777.000000,7777.765625,27924889600
lean,primary,10,6,frame_draw_batch,std_unique_8,64,503876.000000,7873.062500,27924889600
lean,primary,10,7,frame_draw_batch,own_allocated_unique_40,64,525387.000000,8209.171875,27924889600
lean,primary,10,8,vector_owner_transfer,std_erased_unique_40,64,210321.000000,3286.265625,438108160
lean,primary,10,9,vector_owner_transfer,own_allocated_unique_40,64,360253.000000,5628.953125,438108160
lean,primary,10,10,vector_owner_transfer,std_unique_8,64,169591.000000,2649.859375,438108160
lean,primary,10,11,vector_owner_transfer,own_unique_8,64,169711.000000,2651.734375,438108160
lean,primary,10,12,borrow_read_loop,own_unique_8,1000000,568200.000000,0.568200,256500000
lean,primary,10,13,borrow_read_loop,std_erased_unique_40,1000000,424598.000000,0.424598,256500000
lean,primary,10,14,borrow_read_loop,std_unique_8,1000000,448443.000000,0.448443,256500000
lean,primary,10,15,borrow_read_loop,own_allocated_unique_40,1000000,570895.000000,0.570895,256500000
lean,primary,10,16,create_read_destroy,own_unique_8,50000,465668.000000,9.313360,16251450000
lean,primary,10,17,create_read_destroy,std_erased_unique_40,50000,446731.000000,8.934620,16251450000
lean,primary,10,18,create_read_destroy,std_unique_8,50000,446671.000000,8.933420,16251450000
lean,primary,10,19,create_read_destroy,own_allocated_unique_40,50000,522994.000000,10.459880,16251450000
lean,primary,10,20,synchronized_job_handoff,own_unique_8,2048,592958.000000,289.530273,218578944
lean,primary,10,21,synchronized_job_handoff,std_unique_8,2048,508272.000000,248.179688,218578944
lean,primary,10,22,synchronized_job_handoff,std_erased_unique_40,2048,606197.000000,295.994629,218578944
lean,primary,10,23,synchronized_job_handoff,own_allocated_unique_40,2048,552978.000000,270.008789,218578944
lean,primary,11,0,vector_owner_transfer,own_allocated_unique_40,64,359642.000000,5619.406250,438108160
lean,primary,11,1,vector_owner_transfer,std_unique_8,64,168269.000000,2629.203125,438108160
lean,primary,11,2,vector_owner_transfer,own_unique_8,64,167648.000000,2619.500000,438108160
lean,primary,11,3,vector_owner_transfer,std_erased_unique_40,64,209270.000000,3269.843750,438108160
lean,primary,11,4,frame_draw_batch,std_unique_8,64,506008.000000,7906.375000,27924889600
lean,primary,11,5,frame_draw_batch,own_allocated_unique_40,64,528291.000000,8254.546875,27924889600
lean,primary,11,6,frame_draw_batch,std_erased_unique_40,64,545367.000000,8521.359375,27924889600
lean,primary,11,7,frame_draw_batch,own_unique_8,64,493099.000000,7704.671875,27924889600
lean,primary,11,8,synchronized_job_handoff,own_allocated_unique_40,2048,566688.000000,276.703125,218578944
lean,primary,11,9,synchronized_job_handoff,own_unique_8,2048,592887.000000,289.495605,218578944
lean,primary,11,10,synchronized_job_handoff,std_unique_8,2048,684974.000000,334.459961,218578944
lean,primary,11,11,synchronized_job_handoff,std_erased_unique_40,2048,823388.000000,402.044922,218578944
lean,primary,11,12,borrow_read_loop,std_unique_8,1000000,436335.000000,0.436335,256500000
lean,primary,11,13,borrow_read_loop,std_erased_unique_40,1000000,471457.000000,0.471457,256500000
lean,primary,11,14,borrow_read_loop,own_allocated_unique_40,1000000,436826.000000,0.436826,256500000
lean,primary,11,15,borrow_read_loop,own_unique_8,1000000,555472.000000,0.555472,256500000
lean,primary,11,16,observable_move_roundtrip,own_unique_8,500000,557014.000000,1.114028,128250000
lean,primary,11,17,observable_move_roundtrip,std_unique_8,500000,557354.000000,1.114708,128250000
lean,primary,11,18,observable_move_roundtrip,own_allocated_unique_40,500000,5301141.000000,10.602282,128250000
lean,primary,11,19,observable_move_roundtrip,std_erased_unique_40,500000,2763578.000000,5.527156,128250000
lean,primary,11,20,create_read_destroy,std_unique_8,50000,446922.000000,8.938440,16251450000
lean,primary,11,21,create_read_destroy,own_allocated_unique_40,50000,516995.000000,10.339900,16251450000
lean,primary,11,22,create_read_destroy,own_unique_8,50000,446891.000000,8.937820,16251450000
lean,primary,11,23,create_read_destroy,std_erased_unique_40,50000,471307.000000,9.426140,16251450000
lean,primary,12,0,vector_owner_transfer,std_erased_unique_40,64,208979.000000,3265.296875,438108160
lean,primary,12,1,vector_owner_transfer,std_unique_8,64,168349.000000,2630.453125,438108160
lean,primary,12,2,vector_owner_transfer,own_allocated_unique_40,64,360853.000000,5638.328125,438108160
lean,primary,12,3,vector_owner_transfer,own_unique_8,64,168149.000000,2627.328125,438108160
lean,primary,12,4,observable_move_roundtrip,std_unique_8,500000,541521.000000,1.083042,128250000
lean,primary,12,5,observable_move_roundtrip,own_unique_8,500000,825591.000000,1.651182,128250000
lean,primary,12,6,observable_move_roundtrip,std_erased_unique_40,500000,2766823.000000,5.533646,128250000
lean,primary,12,7,observable_move_roundtrip,own_allocated_unique_40,500000,5840650.000000,11.681300,128250000
lean,primary,12,8,create_read_destroy,std_erased_unique_40,50000,446881.000000,8.937620,16251450000
lean,primary,12,9,create_read_destroy,own_unique_8,50000,540479.000000,10.809580,16251450000
lean,primary,12,10,create_read_destroy,std_unique_8,50000,446671.000000,8.933420,16251450000
lean,primary,12,11,create_read_destroy,own_allocated_unique_40,50000,530244.000000,10.604880,16251450000
lean,primary,12,12,borrow_read_loop,own_allocated_unique_40,1000000,442715.000000,0.442715,256500000
lean,primary,12,13,borrow_read_loop,own_unique_8,1000000,552457.000000,0.552457,256500000
lean,primary,12,14,borrow_read_loop,std_unique_8,1000000,496785.000000,0.496785,256500000
lean,primary,12,15,borrow_read_loop,std_erased_unique_40,1000000,469304.000000,0.469304,256500000
lean,primary,12,16,synchronized_job_handoff,own_unique_8,2048,566007.000000,276.370605,218578944
lean,primary,12,17,synchronized_job_handoff,std_erased_unique_40,2048,651073.000000,317.906738,218578944
lean,primary,12,18,synchronized_job_handoff,own_allocated_unique_40,2048,575922.000000,281.211914,218578944
lean,primary,12,19,synchronized_job_handoff,std_unique_8,2048,532438.000000,259.979492,218578944
lean,primary,12,20,frame_draw_batch,own_unique_8,64,508162.000000,7940.031250,27924889600
lean,primary,12,21,frame_draw_batch,own_allocated_unique_40,64,526218.000000,8222.156250,27924889600
lean,primary,12,22,frame_draw_batch,std_erased_unique_40,64,610282.000000,9535.656250,27924889600
lean,primary,12,23,frame_draw_batch,std_unique_8,64,492899.000000,7701.546875,27924889600
lean,primary,13,0,frame_draw_batch,own_unique_8,64,692364.000000,10818.187500,27924889600
lean,primary,13,1,frame_draw_batch,std_erased_unique_40,64,603413.000000,9428.328125,27924889600
lean,primary,13,2,frame_draw_batch,own_allocated_unique_40,64,525037.000000,8203.703125,27924889600
lean,primary,13,3,frame_draw_batch,std_unique_8,64,504136.000000,7877.125000,27924889600
lean,primary,13,4,synchronized_job_handoff,own_allocated_unique_40,2048,648349.000000,316.576660,218578944
lean,primary,13,5,synchronized_job_handoff,std_erased_unique_40,2048,639256.000000,312.136719,218578944
lean,primary,13,6,synchronized_job_handoff,std_unique_8,2048,477687.000000,233.245605,218578944
lean,primary,13,7,synchronized_job_handoff,own_unique_8,2048,531386.000000,259.465820,218578944
lean,primary,13,8,create_read_destroy,std_erased_unique_40,50000,446751.000000,8.935020,16251450000
lean,primary,13,9,create_read_destroy,std_unique_8,50000,465709.000000,9.314180,16251450000
lean,primary,13,10,create_read_destroy,own_allocated_unique_40,50000,527130.000000,10.542600,16251450000
lean,primary,13,11,create_read_destroy,own_unique_8,50000,447411.000000,8.948220,16251450000
lean,primary,13,12,borrow_read_loop,own_allocated_unique_40,1000000,502002.000000,0.502002,256500000
lean,primary,13,13,borrow_read_loop,std_erased_unique_40,1000000,461653.000000,0.461653,256500000
lean,primary,13,14,borrow_read_loop,std_unique_8,1000000,475113.000000,0.475113,256500000
lean,primary,13,15,borrow_read_loop,own_unique_8,1000000,598004.000000,0.598004,256500000
lean,primary,13,16,vector_owner_transfer,own_unique_8,64,170252.000000,2660.187500,438108160
lean,primary,13,17,vector_owner_transfer,std_erased_unique_40,64,211383.000000,3302.859375,438108160
lean,primary,13,18,vector_owner_transfer,own_allocated_unique_40,64,364550.000000,5696.093750,438108160
lean,primary,13,19,vector_owner_transfer,std_unique_8,64,170573.000000,2665.203125,438108160
lean,primary,13,20,observable_move_roundtrip,std_erased_unique_40,500000,2733003.000000,5.466006,128250000
lean,primary,13,21,observable_move_roundtrip,own_allocated_unique_40,500000,5380850.000000,10.761700,128250000
lean,primary,13,22,observable_move_roundtrip,std_unique_8,500000,541421.000000,1.082842,128250000
lean,primary,13,23,observable_move_roundtrip,own_unique_8,500000,552548.000000,1.105096,128250000
lean,primary,14,0,frame_draw_batch,std_erased_unique_40,64,521101.000000,8142.203125,27924889600
lean,primary,14,1,frame_draw_batch,std_unique_8,64,503585.000000,7868.515625,27924889600
lean,primary,14,2,frame_draw_batch,own_unique_8,64,492438.000000,7694.343750,27924889600
lean,primary,14,3,frame_draw_batch,own_allocated_unique_40,64,552778.000000,8637.156250,27924889600
lean,primary,14,4,vector_owner_transfer,own_allocated_unique_40,64,346382.000000,5412.218750,438108160
lean,primary,14,5,vector_owner_transfer,own_unique_8,64,180618.000000,2822.156250,438108160
lean,primary,14,6,vector_owner_transfer,std_unique_8,64,167488.000000,2617.000000,438108160
lean,primary,14,7,vector_owner_transfer,std_erased_unique_40,64,208488.000000,3257.625000,438108160
lean,primary,14,8,borrow_read_loop,own_unique_8,1000000,541401.000000,0.541401,256500000
lean,primary,14,9,borrow_read_loop,own_allocated_unique_40,1000000,452068.000000,0.452068,256500000
lean,primary,14,10,borrow_read_loop,std_unique_8,1000000,448954.000000,0.448954,256500000
lean,primary,14,11,borrow_read_loop,std_erased_unique_40,1000000,451658.000000,0.451658,256500000
lean,primary,14,12,observable_move_roundtrip,own_allocated_unique_40,500000,5420789.000000,10.841578,128250000
lean,primary,14,13,observable_move_roundtrip,std_unique_8,500000,553409.000000,1.106818,128250000
lean,primary,14,14,observable_move_roundtrip,own_unique_8,500000,541421.000000,1.082842,128250000
lean,primary,14,15,observable_move_roundtrip,std_erased_unique_40,500000,2994660.000000,5.989320,128250000
lean,primary,14,16,create_read_destroy,std_erased_unique_40,50000,474642.000000,9.492840,16251450000
lean,primary,14,17,create_read_destroy,own_unique_8,50000,446671.000000,8.933420,16251450000
lean,primary,14,18,create_read_destroy,std_unique_8,50000,458468.000000,9.169360,16251450000
lean,primary,14,19,create_read_destroy,own_allocated_unique_40,50000,891980.000000,17.839600,16251450000
lean,primary,14,20,synchronized_job_handoff,std_unique_8,2048,549994.000000,268.551758,218578944
lean,primary,14,21,synchronized_job_handoff,own_unique_8,2048,611825.000000,298.742676,218578944
lean,primary,14,22,synchronized_job_handoff,std_erased_unique_40,2048,646076.000000,315.466797,218578944
lean,primary,14,23,synchronized_job_handoff,own_allocated_unique_40,2048,552587.000000,269.817871,218578944
lean,primary,15,0,vector_owner_transfer,own_unique_8,64,169240.000000,2644.375000,438108160
lean,primary,15,1,vector_owner_transfer,std_unique_8,64,169210.000000,2643.906250,438108160
lean,primary,15,2,vector_owner_transfer,own_allocated_unique_40,64,362977.000000,5671.515625,438108160
lean,primary,15,3,vector_owner_transfer,std_erased_unique_40,64,216830.000000,3387.968750,438108160
lean,primary,15,4,frame_draw_batch,own_allocated_unique_40,64,529383.000000,8271.609375,27924889600
lean,primary,15,5,frame_draw_batch,own_unique_8,64,734316.000000,11473.687500,27924889600
lean,primary,15,6,frame_draw_batch,std_unique_8,64,535151.000000,8361.734375,27924889600
lean,primary,15,7,frame_draw_batch,std_erased_unique_40,64,522623.000000,8165.984375,27924889600
lean,primary,15,8,observable_move_roundtrip,own_unique_8,500000,615471.000000,1.230942,128250000
lean,primary,15,9,observable_move_roundtrip,std_erased_unique_40,500000,2964595.000000,5.929190,128250000
lean,primary,15,10,observable_move_roundtrip,std_unique_8,500000,595381.000000,1.190762,128250000
lean,primary,15,11,observable_move_roundtrip,own_allocated_unique_40,500000,5322734.000000,10.645468,128250000
lean,primary,15,12,borrow_read_loop,own_unique_8,1000000,541521.000000,0.541521,256500000
lean,primary,15,13,borrow_read_loop,own_allocated_unique_40,1000000,453190.000000,0.453190,256500000
lean,primary,15,14,borrow_read_loop,std_erased_unique_40,1000000,436716.000000,0.436716,256500000
lean,primary,15,15,borrow_read_loop,std_unique_8,1000000,465739.000000,0.465739,256500000
lean,primary,15,16,create_read_destroy,std_unique_8,50000,446761.000000,8.935220,16251450000
lean,primary,15,17,create_read_destroy,own_unique_8,50000,447201.000000,8.944020,16251450000
lean,primary,15,18,create_read_destroy,own_allocated_unique_40,50000,516164.000000,10.323280,16251450000
lean,primary,15,19,create_read_destroy,std_erased_unique_40,50000,459600.000000,9.192000,16251450000
lean,primary,15,20,synchronized_job_handoff,std_erased_unique_40,2048,570474.000000,278.551758,218578944
lean,primary,15,21,synchronized_job_handoff,own_allocated_unique_40,2048,627068.000000,306.185547,218578944
lean,primary,15,22,synchronized_job_handoff,std_unique_8,2048,529494.000000,258.541992,218578944
lean,primary,15,23,synchronized_job_handoff,own_unique_8,2048,767275.000000,374.645996,218578944
lean,primary,16,0,create_read_destroy,own_unique_8,50000,459459.000000,9.189180,16251450000
lean,primary,16,1,create_read_destroy,std_erased_unique_40,50000,460381.000000,9.207620,16251450000
lean,primary,16,2,create_read_destroy,own_allocated_unique_40,50000,515402.000000,10.308040,16251450000
lean,primary,16,3,create_read_destroy,std_unique_8,50000,460311.000000,9.206220,16251450000
lean,primary,16,4,synchronized_job_handoff,std_erased_unique_40,2048,770740.000000,376.337891,218578944
lean,primary,16,5,synchronized_job_handoff,own_allocated_unique_40,2048,680136.000000,332.097656,218578944
lean,primary,16,6,synchronized_job_handoff,own_unique_8,2048,619947.000000,302.708496,218578944
lean,primary,16,7,synchronized_job_handoff,std_unique_8,2048,632986.000000,309.075195,218578944
lean,primary,16,8,vector_owner_transfer,std_unique_8,64,170182.000000,2659.093750,438108160
lean,primary,16,9,vector_owner_transfer,own_allocated_unique_40,64,350819.000000,5481.546875,438108160
lean,primary,16,10,vector_owner_transfer,own_unique_8,64,171393.000000,2678.015625,438108160
lean,primary,16,11,vector_owner_transfer,std_erased_unique_40,64,225103.000000,3517.234375,438108160
lean,primary,16,12,borrow_read_loop,std_unique_8,1000000,436426.000000,0.436426,256500000
lean,primary,16,13,borrow_read_loop,own_unique_8,1000000,554731.000000,0.554731,256500000
lean,primary,16,14,borrow_read_loop,own_allocated_unique_40,1000000,443106.000000,0.443106,256500000
lean,primary,16,15,borrow_read_loop,std_erased_unique_40,1000000,469885.000000,0.469885,256500000
lean,primary,16,16,observable_move_roundtrip,own_unique_8,500000,566147.000000,1.132294,128250000
lean,primary,16,17,observable_move_roundtrip,own_allocated_unique_40,500000,5390876.000000,10.781752,128250000
lean,primary,16,18,observable_move_roundtrip,std_unique_8,500000,541441.000000,1.082882,128250000
lean,primary,16,19,observable_move_roundtrip,std_erased_unique_40,500000,2891427.000000,5.782854,128250000
lean,primary,16,20,frame_draw_batch,std_erased_unique_40,64,951497.000000,14867.140625,27924889600
lean,primary,16,21,frame_draw_batch,own_allocated_unique_40,64,528071.000000,8251.109375,27924889600
lean,primary,16,22,frame_draw_batch,std_unique_8,64,530104.000000,8282.875000,27924889600
lean,primary,16,23,frame_draw_batch,own_unique_8,64,494061.000000,7719.703125,27924889600
lean,primary,17,0,observable_move_roundtrip,own_unique_8,500000,572337.000000,1.144674,128250000
lean,primary,17,1,observable_move_roundtrip,own_allocated_unique_40,500000,5349543.000000,10.699086,128250000
lean,primary,17,2,observable_move_roundtrip,std_unique_8,500000,554530.000000,1.109060,128250000
lean,primary,17,3,observable_move_roundtrip,std_erased_unique_40,500000,2761065.000000,5.522130,128250000
lean,primary,17,4,borrow_read_loop,std_unique_8,1000000,436716.000000,0.436716,256500000
lean,primary,17,5,borrow_read_loop,own_unique_8,1000000,560560.000000,0.560560,256500000
lean,primary,17,6,borrow_read_loop,std_erased_unique_40,1000000,424618.000000,0.424618,256500000
lean,primary,17,7,borrow_read_loop,own_allocated_unique_40,1000000,694257.000000,0.694257,256500000
lean,primary,17,8,frame_draw_batch,own_allocated_unique_40,64,525427.000000,8209.796875,27924889600
lean,primary,17,9,frame_draw_batch,own_unique_8,64,591265.000000,9238.515625,27924889600
lean,primary,17,10,frame_draw_batch,std_erased_unique_40,64,516013.000000,8062.703125,27924889600
lean,primary,17,11,frame_draw_batch,std_unique_8,64,506109.000000,7907.953125,27924889600
lean,primary,17,12,synchronized_job_handoff,own_unique_8,2048,710592.000000,346.968750,218578944
lean,primary,17,13,synchronized_job_handoff,std_erased_unique_40,2048,599567.000000,292.757324,218578944
lean,primary,17,14,synchronized_job_handoff,own_allocated_unique_40,2048,629260.000000,307.255859,218578944
lean,primary,17,15,synchronized_job_handoff,std_unique_8,2048,713115.000000,348.200684,218578944
lean,primary,17,16,vector_owner_transfer,own_unique_8,64,170632.000000,2666.125000,438108160
lean,primary,17,17,vector_owner_transfer,std_erased_unique_40,64,210802.000000,3293.781250,438108160
lean,primary,17,18,vector_owner_transfer,own_allocated_unique_40,64,351791.000000,5496.734375,438108160
lean,primary,17,19,vector_owner_transfer,std_unique_8,64,244903.000000,3826.609375,438108160
lean,primary,17,20,create_read_destroy,std_unique_8,50000,446881.000000,8.937620,16251450000
lean,primary,17,21,create_read_destroy,own_allocated_unique_40,50000,586357.000000,11.727140,16251450000
lean,primary,17,22,create_read_destroy,std_erased_unique_40,50000,483525.000000,9.670500,16251450000
lean,primary,17,23,create_read_destroy,own_unique_8,50000,520460.000000,10.409200,16251450000
lean,primary,18,0,borrow_read_loop,std_unique_8,1000000,436586.000000,0.436586,256500000
lean,primary,18,1,borrow_read_loop,std_erased_unique_40,1000000,475994.000000,0.475994,256500000
lean,primary,18,2,borrow_read_loop,own_unique_8,1000000,541401.000000,0.541401,256500000
lean,primary,18,3,borrow_read_loop,own_allocated_unique_40,1000000,447722.000000,0.447722,256500000
lean,primary,18,4,synchronized_job_handoff,own_unique_8,2048,548802.000000,267.969727,218578944
lean,primary,18,5,synchronized_job_handoff,std_erased_unique_40,2048,560949.000000,273.900879,218578944
lean,primary,18,6,synchronized_job_handoff,std_unique_8,2048,540149.000000,263.744629,218578944
lean,primary,18,7,synchronized_job_handoff,own_allocated_unique_40,2048,737862.000000,360.284180,218578944
lean,primary,18,8,observable_move_roundtrip,std_unique_8,500000,595131.000000,1.190262,128250000
lean,primary,18,9,observable_move_roundtrip,own_unique_8,500000,764922.000000,1.529844,128250000
lean,primary,18,10,observable_move_roundtrip,std_erased_unique_40,500000,2957375.000000,5.914750,128250000
lean,primary,18,11,observable_move_roundtrip,own_allocated_unique_40,500000,6073846.000000,12.147692,128250000
lean,primary,18,12,vector_owner_transfer,own_allocated_unique_40,64,430717.000000,6729.953125,438108160
lean,primary,18,13,vector_owner_transfer,own_unique_8,64,206235.000000,3222.421875,438108160
lean,primary,18,14,vector_owner_transfer,std_unique_8,64,221137.000000,3455.265625,438108160
lean,primary,18,15,vector_owner_transfer,std_erased_unique_40,64,211343.000000,3302.234375,438108160
lean,primary,18,16,create_read_destroy,std_unique_8,50000,536094.000000,10.721880,16251450000
lean,primary,18,17,create_read_destroy,own_unique_8,50000,433231.000000,8.664620,16251450000
lean,primary,18,18,create_read_destroy,own_allocated_unique_40,50000,559668.000000,11.193360,16251450000
lean,primary,18,19,create_read_destroy,std_erased_unique_40,50000,449244.000000,8.984880,16251450000
lean,primary,18,20,frame_draw_batch,own_allocated_unique_40,64,543174.000000,8487.093750,27924889600
lean,primary,18,21,frame_draw_batch,std_erased_unique_40,64,529894.000000,8279.593750,27924889600
lean,primary,18,22,frame_draw_batch,own_unique_8,64,549923.000000,8592.546875,27924889600
lean,primary,18,23,frame_draw_batch,std_unique_8,64,521772.000000,8152.687500,27924889600
lean,primary,19,0,borrow_read_loop,own_unique_8,1000000,541431.000000,0.541431,256500000
lean,primary,19,1,borrow_read_loop,std_unique_8,1000000,478989.000000,0.478989,256500000
lean,primary,19,2,borrow_read_loop,own_allocated_unique_40,1000000,436636.000000,0.436636,256500000
lean,primary,19,3,borrow_read_loop,std_erased_unique_40,1000000,451748.000000,0.451748,256500000
lean,primary,19,4,vector_owner_transfer,own_unique_8,64,168058.000000,2625.906250,438108160
lean,primary,19,5,vector_owner_transfer,std_unique_8,64,167397.000000,2615.578125,438108160
lean,primary,19,6,vector_owner_transfer,own_allocated_unique_40,64,347003.000000,5421.921875,438108160
lean,primary,19,7,vector_owner_transfer,std_erased_unique_40,64,208589.000000,3259.203125,438108160
lean,primary,19,8,create_read_destroy,std_unique_8,50000,475984.000000,9.519680,16251450000
lean,primary,19,9,create_read_destroy,own_allocated_unique_40,50000,516584.000000,10.331680,16251450000
lean,primary,19,10,create_read_destroy,std_erased_unique_40,50000,568060.000000,11.361200,16251450000
lean,primary,19,11,create_read_destroy,own_unique_8,50000,446681.000000,8.933620,16251450000
lean,primary,19,12,observable_move_roundtrip,std_unique_8,500000,585166.000000,1.170332,128250000
lean,primary,19,13,observable_move_roundtrip,own_allocated_unique_40,500000,5425256.000000,10.850512,128250000
lean,primary,19,14,observable_move_roundtrip,own_unique_8,500000,552047.000000,1.104094,128250000
lean,primary,19,15,observable_move_roundtrip,std_erased_unique_40,500000,2750239.000000,5.500478,128250000
lean,primary,19,16,synchronized_job_handoff,own_allocated_unique_40,2048,649751.000000,317.261230,218578944
lean,primary,19,17,synchronized_job_handoff,std_erased_unique_40,2048,564365.000000,275.568848,218578944
lean,primary,19,18,synchronized_job_handoff,own_unique_8,2048,576613.000000,281.549316,218578944
lean,primary,19,19,synchronized_job_handoff,std_unique_8,2048,622290.000000,303.852539,218578944
lean,primary,19,20,frame_draw_batch,std_erased_unique_40,64,563283.000000,8801.296875,27924889600
lean,primary,19,21,frame_draw_batch,own_allocated_unique_40,64,579527.000000,9055.109375,27924889600
lean,primary,19,22,frame_draw_batch,own_unique_8,64,523454.000000,8178.968750,27924889600
lean,primary,19,23,frame_draw_batch,std_unique_8,64,538377.000000,8412.140625,27924889600
lean,primary,20,0,frame_draw_batch,std_unique_8,64,563273.000000,8801.140625,27924889600
lean,primary,20,1,frame_draw_batch,std_erased_unique_40,64,606628.000000,9478.562500,27924889600
lean,primary,20,2,frame_draw_batch,own_allocated_unique_40,64,564055.000000,8813.359375,27924889600
lean,primary,20,3,frame_draw_batch,own_unique_8,64,525237.000000,8206.828125,27924889600
lean,primary,20,4,vector_owner_transfer,std_erased_unique_40,64,209390.000000,3271.718750,438108160
lean,primary,20,5,vector_owner_transfer,own_unique_8,64,168850.000000,2638.281250,438108160
lean,primary,20,6,vector_owner_transfer,std_unique_8,64,168660.000000,2635.312500,438108160
lean,primary,20,7,vector_owner_transfer,own_allocated_unique_40,64,361415.000000,5647.109375,438108160
lean,primary,20,8,borrow_read_loop,own_allocated_unique_40,1000000,436586.000000,0.436586,256500000
lean,primary,20,9,borrow_read_loop,std_unique_8,1000000,436926.000000,0.436926,256500000
lean,primary,20,10,borrow_read_loop,own_unique_8,1000000,614529.000000,0.614529,256500000
lean,primary,20,11,borrow_read_loop,std_erased_unique_40,1000000,452158.000000,0.452158,256500000
lean,primary,20,12,synchronized_job_handoff,std_unique_8,2048,590163.000000,288.165527,218578944
lean,primary,20,13,synchronized_job_handoff,own_allocated_unique_40,2048,766864.000000,374.445312,218578944
lean,primary,20,14,synchronized_job_handoff,own_unique_8,2048,749749.000000,366.088379,218578944
lean,primary,20,15,synchronized_job_handoff,std_erased_unique_40,2048,588421.000000,287.314941,218578944
lean,primary,20,16,create_read_destroy,own_allocated_unique_40,50000,545808.000000,10.916160,16251450000
lean,primary,20,17,create_read_destroy,own_unique_8,50000,450407.000000,9.008140,16251450000
lean,primary,20,18,create_read_destroy,std_unique_8,50000,550203.000000,11.004060,16251450000
lean,primary,20,19,create_read_destroy,std_erased_unique_40,50000,446871.000000,8.937420,16251450000
lean,primary,20,20,observable_move_roundtrip,own_allocated_unique_40,500000,5796594.000000,11.593188,128250000
lean,primary,20,21,observable_move_roundtrip,own_unique_8,500000,554180.000000,1.108360,128250000
lean,primary,20,22,observable_move_roundtrip,std_unique_8,500000,829257.000000,1.658514,128250000
lean,primary,20,23,observable_move_roundtrip,std_erased_unique_40,500000,2840292.000000,5.680584,128250000
lean,primary,21,0,observable_move_roundtrip,std_erased_unique_40,500000,2880491.000000,5.760982,128250000
lean,primary,21,1,observable_move_roundtrip,own_unique_8,500000,566228.000000,1.132456,128250000
lean,primary,21,2,observable_move_roundtrip,std_unique_8,500000,541521.000000,1.083042,128250000
lean,primary,21,3,observable_move_roundtrip,own_allocated_unique_40,500000,6925074.000000,13.850148,128250000
lean,primary,21,4,synchronized_job_handoff,std_unique_8,2048,625375.000000,305.358887,218578944
lean,primary,21,5,synchronized_job_handoff,own_unique_8,2048,539958.000000,263.651367,218578944
lean,primary,21,6,synchronized_job_handoff,own_allocated_unique_40,2048,565366.000000,276.057617,218578944
lean,primary,21,7,synchronized_job_handoff,std_erased_unique_40,2048,522092.000000,254.927734,218578944
lean,primary,21,8,borrow_read_loop,std_erased_unique_40,1000000,424769.000000,0.424769,256500000
lean,primary,21,9,borrow_read_loop,own_allocated_unique_40,1000000,1378119.000000,1.378119,256500000
lean,primary,21,10,borrow_read_loop,own_unique_8,1000000,2097473.000000,2.097473,256500000
lean,primary,21,11,borrow_read_loop,std_unique_8,1000000,466279.000000,0.466279,256500000
lean,primary,21,12,frame_draw_batch,std_erased_unique_40,64,567019.000000,8859.671875,27924889600
lean,primary,21,13,frame_draw_batch,own_unique_8,64,552948.000000,8639.812500,27924889600
lean,primary,21,14,frame_draw_batch,std_unique_8,64,509093.000000,7954.578125,27924889600
lean,primary,21,15,frame_draw_batch,own_allocated_unique_40,64,531306.000000,8301.656250,27924889600
lean,primary,21,16,create_read_destroy,std_erased_unique_40,50000,460972.000000,9.219440,16251450000
lean,primary,21,17,create_read_destroy,own_allocated_unique_40,50000,506800.000000,10.136000,16251450000
lean,primary,21,18,create_read_destroy,std_unique_8,50000,446761.000000,8.935220,16251450000
lean,primary,21,19,create_read_destroy,own_unique_8,50000,446260.000000,8.925200,16251450000
lean,primary,21,20,vector_owner_transfer,own_allocated_unique_40,64,391559.000000,6118.109375,438108160
lean,primary,21,21,vector_owner_transfer,std_erased_unique_40,64,249619.000000,3900.296875,438108160
lean,primary,21,22,vector_owner_transfer,std_unique_8,64,177903.000000,2779.734375,438108160
lean,primary,21,23,vector_owner_transfer,own_unique_8,64,492008.000000,7687.625000,438108160
lean,primary,22,0,frame_draw_batch,own_allocated_unique_40,64,552568.000000,8633.875000,27924889600
lean,primary,22,1,frame_draw_batch,own_unique_8,64,493440.000000,7710.000000,27924889600
lean,primary,22,2,frame_draw_batch,std_erased_unique_40,64,529223.000000,8269.109375,27924889600
lean,primary,22,3,frame_draw_batch,std_unique_8,64,492068.000000,7688.562500,27924889600
lean,primary,22,4,vector_owner_transfer,std_unique_8,64,167368.000000,2615.125000,438108160
lean,primary,22,5,vector_owner_transfer,own_unique_8,64,232444.000000,3631.937500,438108160
lean,primary,22,6,vector_owner_transfer,own_allocated_unique_40,64,347423.000000,5428.484375,438108160
lean,primary,22,7,vector_owner_transfer,std_erased_unique_40,64,250070.000000,3907.343750,438108160
lean,primary,22,8,observable_move_roundtrip,own_unique_8,500000,718053.000000,1.436106,128250000
lean,primary,22,9,observable_move_roundtrip,std_erased_unique_40,500000,2945958.000000,5.891916,128250000
lean,primary,22,10,observable_move_roundtrip,std_unique_8,500000,631364.000000,1.262728,128250000
lean,primary,22,11,observable_move_roundtrip,own_allocated_unique_40,500000,5374871.000000,10.749742,128250000
lean,primary,22,12,create_read_destroy,own_unique_8,50000,433291.000000,8.665820,16251450000
lean,primary,22,13,create_read_destroy,std_unique_8,50000,457617.000000,9.152340,16251450000
lean,primary,22,14,create_read_destroy,own_allocated_unique_40,50000,510525.000000,10.210500,16251450000
lean,primary,22,15,create_read_destroy,std_erased_unique_40,50000,457127.000000,9.142540,16251450000
lean,primary,22,16,synchronized_job_handoff,own_unique_8,2048,589021.000000,287.607910,218578944
lean,primary,22,17,synchronized_job_handoff,std_erased_unique_40,2048,2154968.000000,1052.230469,218578944
lean,primary,22,18,synchronized_job_handoff,own_allocated_unique_40,2048,597033.000000,291.520020,218578944
lean,primary,22,19,synchronized_job_handoff,std_unique_8,2048,571575.000000,279.089355,218578944
lean,primary,22,20,borrow_read_loop,own_allocated_unique_40,1000000,521171.000000,0.521171,256500000
lean,primary,22,21,borrow_read_loop,std_erased_unique_40,1000000,470265.000000,0.470265,256500000
lean,primary,22,22,borrow_read_loop,own_unique_8,1000000,644363.000000,0.644363,256500000
lean,primary,22,23,borrow_read_loop,std_unique_8,1000000,545116.000000,0.545116,256500000
lean,primary,23,0,frame_draw_batch,std_erased_unique_40,64,591195.000000,9237.421875,27924889600
lean,primary,23,1,frame_draw_batch,std_unique_8,64,534561.000000,8352.515625,27924889600
lean,primary,23,2,frame_draw_batch,own_allocated_unique_40,64,602371.000000,9412.046875,27924889600
lean,primary,23,3,frame_draw_batch,own_unique_8,64,497516.000000,7773.687500,27924889600
lean,primary,23,4,vector_owner_transfer,std_erased_unique_40,64,212264.000000,3316.625000,438108160
lean,primary,23,5,vector_owner_transfer,own_unique_8,64,207126.000000,3236.343750,438108160
lean,primary,23,6,vector_owner_transfer,std_unique_8,64,169691.000000,2651.421875,438108160
lean,primary,23,7,vector_owner_transfer,own_allocated_unique_40,64,349367.000000,5458.859375,438108160
lean,primary,23,8,borrow_read_loop,std_erased_unique_40,1000000,572256.000000,0.572256,256500000
lean,primary,23,9,borrow_read_loop,own_unique_8,1000000,541411.000000,0.541411,256500000
lean,primary,23,10,borrow_read_loop,std_unique_8,1000000,473170.000000,0.473170,256500000
lean,primary,23,11,borrow_read_loop,own_allocated_unique_40,1000000,475513.000000,0.475513,256500000
lean,primary,23,12,synchronized_job_handoff,std_unique_8,2048,584805.000000,285.549316,218578944
lean,primary,23,13,synchronized_job_handoff,std_erased_unique_40,2048,577354.000000,281.911133,218578944
lean,primary,23,14,synchronized_job_handoff,own_allocated_unique_40,2048,591445.000000,288.791504,218578944
lean,primary,23,15,synchronized_job_handoff,own_unique_8,2048,642190.000000,313.569336,218578944
lean,primary,23,16,observable_move_roundtrip,std_erased_unique_40,500000,4983207.000000,9.966414,128250000
lean,primary,23,17,observable_move_roundtrip,std_unique_8,500000,542312.000000,1.084624,128250000
lean,primary,23,18,observable_move_roundtrip,own_allocated_unique_40,500000,9237235.000000,18.474470,128250000
lean,primary,23,19,observable_move_roundtrip,own_unique_8,500000,587269.000000,1.174538,128250000
lean,primary,23,20,create_read_destroy,std_erased_unique_40,50000,7640683.000000,152.813660,16251450000
lean,primary,23,21,create_read_destroy,std_unique_8,50000,447042.000000,8.940840,16251450000
lean,primary,23,22,create_read_destroy,own_unique_8,50000,1172595.000000,23.451900,16251450000
lean,primary,23,23,create_read_destroy,own_allocated_unique_40,50000,541361.000000,10.827220,16251450000
lean,primary,24,0,borrow_read_loop,std_erased_unique_40,1000000,437668.000000,0.437668,256500000
lean,primary,24,1,borrow_read_loop,std_unique_8,1000000,1807404.000000,1.807404,256500000
lean,primary,24,2,borrow_read_loop,own_allocated_unique_40,1000000,2569471.000000,2.569471,256500000
lean,primary,24,3,borrow_read_loop,own_unique_8,1000000,567460.000000,0.567460,256500000
lean,primary,24,4,observable_move_roundtrip,own_allocated_unique_40,500000,10511010.000000,21.022020,128250000
lean,primary,24,5,observable_move_roundtrip,std_erased_unique_40,500000,5256657.000000,10.513314,128250000
lean,primary,24,6,observable_move_roundtrip,std_unique_8,500000,2829746.000000,5.659492,128250000
lean,primary,24,7,observable_move_roundtrip,own_unique_8,500000,543213.000000,1.086426,128250000
lean,primary,24,8,vector_owner_transfer,std_erased_unique_40,64,246876.000000,3857.437500,438108160
lean,primary,24,9,vector_owner_transfer,own_allocated_unique_40,64,1133892.000000,17717.062500,438108160
lean,primary,24,10,vector_owner_transfer,std_unique_8,64,177262.000000,2769.718750,438108160
lean,primary,24,11,vector_owner_transfer,own_unique_8,64,172946.000000,2702.281250,438108160
lean,primary,24,12,frame_draw_batch,std_unique_8,64,536123.000000,8376.921875,27924889600
lean,primary,24,13,frame_draw_batch,std_erased_unique_40,64,532027.000000,8312.921875,27924889600
lean,primary,24,14,frame_draw_batch,own_unique_8,64,520420.000000,8131.562500,27924889600
lean,primary,24,15,frame_draw_batch,own_allocated_unique_40,64,527641.000000,8244.390625,27924889600
lean,primary,24,16,synchronized_job_handoff,std_unique_8,2048,615721.000000,300.645020,218578944
lean,primary,24,17,synchronized_job_handoff,own_unique_8,2048,641319.000000,313.144043,218578944
lean,primary,24,18,synchronized_job_handoff,own_allocated_unique_40,2048,643802.000000,314.356445,218578944
lean,primary,24,19,synchronized_job_handoff,std_erased_unique_40,2048,669410.000000,326.860352,218578944
lean,primary,24,20,create_read_destroy,std_erased_unique_40,50000,447171.000000,8.943420,16251450000
lean,primary,24,21,create_read_destroy,std_unique_8,50000,463045.000000,9.260900,16251450000
lean,primary,24,22,create_read_destroy,own_unique_8,50000,433261.000000,8.665220,16251450000
lean,primary,24,23,create_read_destroy,own_allocated_unique_40,50000,532758.000000,10.655160,16251450000
lean,primary,25,0,borrow_read_loop,own_allocated_unique_40,1000000,447793.000000,0.447793,256500000
lean,primary,25,1,borrow_read_loop,std_erased_unique_40,1000000,472579.000000,0.472579,256500000
lean,primary,25,2,borrow_read_loop,std_unique_8,1000000,449455.000000,0.449455,256500000
lean,primary,25,3,borrow_read_loop,own_unique_8,1000000,569232.000000,0.569232,256500000
lean,primary,25,4,synchronized_job_handoff,own_allocated_unique_40,2048,658034.000000,321.305664,218578944
lean,primary,25,5,synchronized_job_handoff,std_erased_unique_40,2048,569172.000000,277.916016,218578944
lean,primary,25,6,synchronized_job_handoff,own_unique_8,2048,602562.000000,294.219727,218578944
lean,primary,25,7,synchronized_job_handoff,std_unique_8,2048,563544.000000,275.167969,218578944
lean,primary,25,8,vector_owner_transfer,std_unique_8,64,169240.000000,2644.375000,438108160
lean,primary,25,9,vector_owner_transfer,own_allocated_unique_40,64,378960.000000,5921.250000,438108160
lean,primary,25,10,vector_owner_transfer,own_unique_8,64,168930.000000,2639.531250,438108160
lean,primary,25,11,vector_owner_transfer,std_erased_unique_40,64,213416.000000,3334.625000,438108160
lean,primary,25,12,frame_draw_batch,own_allocated_unique_40,64,545638.000000,8525.593750,27924889600
lean,primary,25,13,frame_draw_batch,std_unique_8,64,493250.000000,7707.031250,27924889600
lean,primary,25,14,frame_draw_batch,std_erased_unique_40,64,528452.000000,8257.062500,27924889600
lean,primary,25,15,frame_draw_batch,own_unique_8,64,493881.000000,7716.890625,27924889600
lean,primary,25,16,observable_move_roundtrip,std_erased_unique_40,500000,2763518.000000,5.527036,128250000
lean,primary,25,17,observable_move_roundtrip,std_unique_8,500000,541431.000000,1.082862,128250000
lean,primary,25,18,observable_move_roundtrip,own_allocated_unique_40,500000,5499044.000000,10.998088,128250000
lean,primary,25,19,observable_move_roundtrip,own_unique_8,500000,591505.000000,1.183010,128250000
lean,primary,25,20,create_read_destroy,std_unique_8,50000,446691.000000,8.933820,16251450000
lean,primary,25,21,create_read_destroy,std_erased_unique_40,50000,446741.000000,8.934820,16251450000
lean,primary,25,22,create_read_destroy,own_allocated_unique_40,50000,509404.000000,10.188080,16251450000
lean,primary,25,23,create_read_destroy,own_unique_8,50000,433121.000000,8.662420,16251450000
lean,primary,26,0,frame_draw_batch,own_unique_8,64,506179.000000,7909.046875,27924889600
lean,primary,26,1,frame_draw_batch,std_unique_8,64,852812.000000,13325.187500,27924889600
lean,primary,26,2,frame_draw_batch,own_allocated_unique_40,64,528031.000000,8250.484375,27924889600
lean,primary,26,3,frame_draw_batch,std_erased_unique_40,64,550775.000000,8605.859375,27924889600
lean,primary,26,4,vector_owner_transfer,own_unique_8,64,169701.000000,2651.578125,438108160
lean,primary,26,5,vector_owner_transfer,std_unique_8,64,169170.000000,2643.281250,438108160
lean,primary,26,6,vector_owner_transfer,own_allocated_unique_40,64,623272.000000,9738.625000,438108160
lean,primary,26,7,vector_owner_transfer,std_erased_unique_40,64,210391.000000,3287.359375,438108160
lean,primary,26,8,observable_move_roundtrip,std_unique_8,500000,578455.000000,1.156910,128250000
lean,primary,26,9,observable_move_roundtrip,own_allocated_unique_40,500000,5615107.000000,11.230214,128250000
lean,primary,26,10,observable_move_roundtrip,own_unique_8,500000,566318.000000,1.132636,128250000
lean,primary,26,11,observable_move_roundtrip,std_erased_unique_40,500000,2761975.000000,5.523950,128250000
lean,primary,26,12,synchronized_job_handoff,std_erased_unique_40,2048,620468.000000,302.962891,218578944
lean,primary,26,13,synchronized_job_handoff,own_unique_8,2048,648018.000000,316.415039,218578944
lean,primary,26,14,synchronized_job_handoff,own_allocated_unique_40,2048,581780.000000,284.072266,218578944
lean,primary,26,15,synchronized_job_handoff,std_unique_8,2048,618485.000000,301.994629,218578944
lean,primary,26,16,borrow_read_loop,std_erased_unique_40,1000000,424668.000000,0.424668,256500000
lean,primary,26,17,borrow_read_loop,own_allocated_unique_40,1000000,631715.000000,0.631715,256500000
lean,primary,26,18,borrow_read_loop,std_unique_8,1000000,466029.000000,0.466029,256500000
lean,primary,26,19,borrow_read_loop,own_unique_8,1000000,541411.000000,0.541411,256500000
lean,primary,26,20,create_read_destroy,std_unique_8,50000,482033.000000,9.640660,16251450000
lean,primary,26,21,create_read_destroy,std_erased_unique_40,50000,446761.000000,8.935220,16251450000
lean,primary,26,22,create_read_destroy,own_allocated_unique_40,50000,509884.000000,10.197680,16251450000
lean,primary,26,23,create_read_destroy,own_unique_8,50000,433140.000000,8.662800,16251450000
lean,primary,27,0,vector_owner_transfer,own_unique_8,64,171834.000000,2684.906250,438108160
lean,primary,27,1,vector_owner_transfer,std_unique_8,64,170702.000000,2667.218750,438108160
lean,primary,27,2,vector_owner_transfer,std_erased_unique_40,64,224442.000000,3506.906250,438108160
lean,primary,27,3,vector_owner_transfer,own_allocated_unique_40,64,349366.000000,5458.843750,438108160
lean,primary,27,4,observable_move_roundtrip,own_unique_8,500000,541451.000000,1.082902,128250000
lean,primary,27,5,observable_move_roundtrip,std_erased_unique_40,500000,2769066.000000,5.538132,128250000
lean,primary,27,6,observable_move_roundtrip,own_allocated_unique_40,500000,5426338.000000,10.852676,128250000
lean,primary,27,7,observable_move_roundtrip,std_unique_8,500000,541651.000000,1.083302,128250000
lean,primary,27,8,borrow_read_loop,std_erased_unique_40,1000000,519569.000000,0.519569,256500000
lean,primary,27,9,borrow_read_loop,own_unique_8,1000000,541531.000000,0.541531,256500000
lean,primary,27,10,borrow_read_loop,own_allocated_unique_40,1000000,463756.000000,0.463756,256500000
lean,primary,27,11,borrow_read_loop,std_unique_8,1000000,681519.000000,0.681519,256500000
lean,primary,27,12,create_read_destroy,own_allocated_unique_40,50000,524856.000000,10.497120,16251450000
lean,primary,27,13,create_read_destroy,std_erased_unique_40,50000,458128.000000,9.162560,16251450000
lean,primary,27,14,create_read_destroy,std_unique_8,50000,462103.000000,9.242060,16251450000
lean,primary,27,15,create_read_destroy,own_unique_8,50000,433571.000000,8.671420,16251450000
lean,primary,27,16,synchronized_job_handoff,own_allocated_unique_40,2048,611955.000000,298.806152,218578944
lean,primary,27,17,synchronized_job_handoff,std_unique_8,2048,543664.000000,265.460938,218578944
lean,primary,27,18,synchronized_job_handoff,own_unique_8,2048,710161.000000,346.758301,218578944
lean,primary,27,19,synchronized_job_handoff,std_erased_unique_40,2048,732724.000000,357.775391,218578944
lean,primary,27,20,frame_draw_batch,own_allocated_unique_40,64,674208.000000,10534.500000,27924889600
lean,primary,27,21,frame_draw_batch,own_unique_8,64,493831.000000,7716.109375,27924889600
lean,primary,27,22,frame_draw_batch,std_erased_unique_40,64,552347.000000,8630.421875,27924889600
lean,primary,27,23,frame_draw_batch,std_unique_8,64,493450.000000,7710.156250,27924889600
lean,primary,28,0,create_read_destroy,std_unique_8,50000,458328.000000,9.166560,16251450000
lean,primary,28,1,create_read_destroy,own_allocated_unique_40,50000,575521.000000,11.510420,16251450000
lean,primary,28,2,create_read_destroy,own_unique_8,50000,463585.000000,9.271700,16251450000
lean,primary,28,3,create_read_destroy,std_erased_unique_40,50000,446771.000000,8.935420,16251450000
lean,primary,28,4,frame_draw_batch,own_allocated_unique_40,64,684222.000000,10690.968750,27924889600
lean,primary,28,5,frame_draw_batch,std_unique_8,64,546138.000000,8533.406250,27924889600
lean,primary,28,6,frame_draw_batch,own_unique_8,64,542462.000000,8475.968750,27924889600
lean,primary,28,7,frame_draw_batch,std_erased_unique_40,64,516464.000000,8069.750000,27924889600
lean,primary,28,8,vector_owner_transfer,own_unique_8,64,229069.000000,3579.203125,438108160
lean,primary,28,9,vector_owner_transfer,std_erased_unique_40,64,212074.000000,3313.656250,438108160
lean,primary,28,10,vector_owner_transfer,std_unique_8,64,170092.000000,2657.687500,438108160
lean,primary,28,11,vector_owner_transfer,own_allocated_unique_40,64,349337.000000,5458.390625,438108160
lean,primary,28,12,observable_move_roundtrip,own_unique_8,500000,560560.000000,1.121120,128250000
lean,primary,28,13,observable_move_roundtrip,own_allocated_unique_40,500000,5431285.000000,10.862570,128250000
lean,primary,28,14,observable_move_roundtrip,std_unique_8,500000,604424.000000,1.208848,128250000
lean,primary,28,15,observable_move_roundtrip,std_erased_unique_40,500000,2837938.000000,5.675876,128250000
lean,primary,28,16,borrow_read_loop,std_erased_unique_40,1000000,520520.000000,0.520520,256500000
lean,primary,28,17,borrow_read_loop,own_allocated_unique_40,1000000,501452.000000,0.501452,256500000
lean,primary,28,18,borrow_read_loop,std_unique_8,1000000,439410.000000,0.439410,256500000
lean,primary,28,19,borrow_read_loop,own_unique_8,1000000,556803.000000,0.556803,256500000
lean,primary,28,20,synchronized_job_handoff,own_unique_8,2048,571615.000000,279.108887,218578944
lean,primary,28,21,synchronized_job_handoff,own_allocated_unique_40,2048,579678.000000,283.045898,218578944
lean,primary,28,22,synchronized_job_handoff,std_erased_unique_40,2048,528102.000000,257.862305,218578944
lean,primary,28,23,synchronized_job_handoff,std_unique_8,2048,655379.000000,320.009277,218578944
lean,primary,29,0,observable_move_roundtrip,std_unique_8,500000,833533.000000,1.667066,128250000
lean,primary,29,1,observable_move_roundtrip,own_allocated_unique_40,500000,5966777.000000,11.933554,128250000
lean,primary,29,2,observable_move_roundtrip,own_unique_8,500000,556864.000000,1.113728,128250000
lean,primary,29,3,observable_move_roundtrip,std_erased_unique_40,500000,2922874.000000,5.845748,128250000
lean,primary,29,4,borrow_read_loop,own_allocated_unique_40,1000000,440392.000000,0.440392,256500000
lean,primary,29,5,borrow_read_loop,std_erased_unique_40,1000000,436415.000000,0.436415,256500000
lean,primary,29,6,borrow_read_loop,own_unique_8,1000000,552748.000000,0.552748,256500000
lean,primary,29,7,borrow_read_loop,std_unique_8,1000000,499699.000000,0.499699,256500000
lean,primary,29,8,synchronized_job_handoff,std_unique_8,2048,590974.000000,288.561523,218578944
lean,primary,29,9,synchronized_job_handoff,own_allocated_unique_40,2048,658765.000000,321.662598,218578944
lean,primary,29,10,synchronized_job_handoff,std_erased_unique_40,2048,1092045.000000,533.225098,218578944
lean,primary,29,11,synchronized_job_handoff,own_unique_8,2048,610323.000000,298.009277,218578944
lean,primary,29,12,create_read_destroy,own_allocated_unique_40,50000,590233.000000,11.804660,16251450000
lean,primary,29,13,create_read_destroy,own_unique_8,50000,615861.000000,12.317220,16251450000
lean,primary,29,14,create_read_destroy,std_unique_8,50000,447221.000000,8.944420,16251450000
lean,primary,29,15,create_read_destroy,std_erased_unique_40,50000,553219.000000,11.064380,16251450000
lean,primary,29,16,frame_draw_batch,own_allocated_unique_40,64,530925.000000,8295.703125,27924889600
lean,primary,29,17,frame_draw_batch,std_erased_unique_40,64,536143.000000,8377.234375,27924889600
lean,primary,29,18,frame_draw_batch,own_unique_8,64,669661.000000,10463.453125,27924889600
lean,primary,29,19,frame_draw_batch,std_unique_8,64,588130.000000,9189.531250,27924889600
lean,primary,29,20,vector_owner_transfer,own_allocated_unique_40,64,354305.000000,5536.015625,438108160
lean,primary,29,21,vector_owner_transfer,own_unique_8,64,251262.000000,3925.968750,438108160
lean,primary,29,22,vector_owner_transfer,std_unique_8,64,173217.000000,2706.515625,438108160
lean,primary,29,23,vector_owner_transfer,std_erased_unique_40,64,217442.000000,3397.531250,438108160
lean,primary,30,0,borrow_read_loop,std_erased_unique_40,1000000,424608.000000,0.424608,256500000
lean,primary,30,1,borrow_read_loop,own_allocated_unique_40,1000000,481813.000000,0.481813,256500000
lean,primary,30,2,borrow_read_loop,std_unique_8,1000000,436726.000000,0.436726,256500000
lean,primary,30,3,borrow_read_loop,own_unique_8,1000000,864128.000000,0.864128,256500000
lean,primary,30,4,observable_move_roundtrip,std_unique_8,500000,575481.000000,1.150962,128250000
lean,primary,30,5,observable_move_roundtrip,own_unique_8,500000,541421.000000,1.082842,128250000
lean,primary,30,6,observable_move_roundtrip,own_allocated_unique_40,500000,5900088.000000,11.800176,128250000
lean,primary,30,7,observable_move_roundtrip,std_erased_unique_40,500000,2781855.000000,5.563710,128250000
lean,primary,30,8,synchronized_job_handoff,own_allocated_unique_40,2048,500501.000000,244.385254,218578944
lean,primary,30,9,synchronized_job_handoff,own_unique_8,2048,647337.000000,316.082520,218578944
lean,primary,30,10,synchronized_job_handoff,std_unique_8,2048,728578.000000,355.750977,218578944
lean,primary,30,11,synchronized_job_handoff,std_erased_unique_40,2048,542904.000000,265.089844,218578944
lean,primary,30,12,frame_draw_batch,own_unique_8,64,526268.000000,8222.937500,27924889600
lean,primary,30,13,frame_draw_batch,own_allocated_unique_40,64,719435.000000,11241.171875,27924889600
lean,primary,30,14,frame_draw_batch,std_unique_8,64,493450.000000,7710.156250,27924889600
lean,primary,30,15,frame_draw_batch,std_erased_unique_40,64,607649.000000,9494.515625,27924889600
lean,primary,30,16,create_read_destroy,std_unique_8,50000,457556.000000,9.151120,16251450000
lean,primary,30,17,create_read_destroy,own_allocated_unique_40,50000,520340.000000,10.406800,16251450000
lean,primary,30,18,create_read_destroy,own_unique_8,50000,433231.000000,8.664620,16251450000
lean,primary,30,19,create_read_destroy,std_erased_unique_40,50000,468123.000000,9.362460,16251450000
lean,primary,30,20,vector_owner_transfer,own_unique_8,64,172775.000000,2699.609375,438108160
lean,primary,30,21,vector_owner_transfer,std_unique_8,64,170752.000000,2668.000000,438108160
lean,primary,30,22,vector_owner_transfer,own_allocated_unique_40,64,584735.000000,9136.484375,438108160
lean,primary,30,23,vector_owner_transfer,std_erased_unique_40,64,213937.000000,3342.765625,438108160
lean,primary,31,0,observable_move_roundtrip,own_unique_8,500000,964737.000000,1.929474,128250000
lean,primary,31,1,observable_move_roundtrip,std_erased_unique_40,500000,2885007.000000,5.770014,128250000
lean,primary,31,2,observable_move_roundtrip,own_allocated_unique_40,500000,5310986.000000,10.621972,128250000
lean,primary,31,3,observable_move_roundtrip,std_unique_8,500000,555221.000000,1.110442,128250000
lean,primary,31,4,create_read_destroy,own_allocated_unique_40,50000,521121.000000,10.422420,16251450000
lean,primary,31,5,create_read_destroy,std_erased_unique_40,50000,474432.000000,9.488640,16251450000
lean,primary,31,6,create_read_destroy,std_unique_8,50000,447022.000000,8.940440,16251450000
lean,primary,31,7,create_read_destroy,own_unique_8,50000,433141.000000,8.662820,16251450000
lean,primary,31,8,frame_draw_batch,own_allocated_unique_40,64,642841.000000,10044.390625,27924889600
lean,primary,31,9,frame_draw_batch,own_unique_8,64,525077.000000,8204.328125,27924889600
lean,primary,31,10,frame_draw_batch,std_unique_8,64,493059.000000,7704.046875,27924889600
lean,primary,31,11,frame_draw_batch,std_erased_unique_40,64,649681.000000,10151.265625,27924889600
lean,primary,31,12,borrow_read_loop,std_erased_unique_40,1000000,436546.000000,0.436546,256500000
lean,primary,31,13,borrow_read_loop,std_unique_8,1000000,475924.000000,0.475924,256500000
lean,primary,31,14,borrow_read_loop,own_unique_8,1000000,541672.000000,0.541672,256500000
lean,primary,31,15,borrow_read_loop,own_allocated_unique_40,1000000,516113.000000,0.516113,256500000
lean,primary,31,16,synchronized_job_handoff,std_unique_8,2048,554931.000000,270.962402,218578944
lean,primary,31,17,synchronized_job_handoff,std_erased_unique_40,2048,773935.000000,377.897949,218578944
lean,primary,31,18,synchronized_job_handoff,own_unique_8,2048,545006.000000,266.116211,218578944
lean,primary,31,19,synchronized_job_handoff,own_allocated_unique_40,2048,547811.000000,267.485840,218578944
lean,primary,31,20,vector_owner_transfer,std_erased_unique_40,64,215569.000000,3368.265625,438108160
lean,primary,31,21,vector_owner_transfer,own_allocated_unique_40,64,371840.000000,5810.000000,438108160
lean,primary,31,22,vector_owner_transfer,own_unique_8,64,173497.000000,2710.890625,438108160
lean,primary,31,23,vector_owner_transfer,std_unique_8,64,172725.000000,2698.828125,438108160
lean,primary,32,0,frame_draw_batch,std_unique_8,64,525768.000000,8215.125000,27924889600
lean,primary,32,1,frame_draw_batch,std_erased_unique_40,64,730892.000000,11420.187500,27924889600
lean,primary,32,2,frame_draw_batch,own_allocated_unique_40,64,563123.000000,8798.796875,27924889600
lean,primary,32,3,frame_draw_batch,own_unique_8,64,606668.000000,9479.187500,27924889600
lean,primary,32,4,create_read_destroy,std_unique_8,50000,446841.000000,8.936820,16251450000
lean,primary,32,5,create_read_destroy,own_unique_8,50000,444668.000000,8.893360,16251450000
lean,primary,32,6,create_read_destroy,std_erased_unique_40,50000,457336.000000,9.146720,16251450000
lean,primary,32,7,create_read_destroy,own_allocated_unique_40,50000,541791.000000,10.835820,16251450000
lean,primary,32,8,observable_move_roundtrip,own_unique_8,500000,605286.000000,1.210572,128250000
lean,primary,32,9,observable_move_roundtrip,std_unique_8,500000,570254.000000,1.140508,128250000
lean,primary,32,10,observable_move_roundtrip,own_allocated_unique_40,500000,5415962.000000,10.831924,128250000
lean,primary,32,11,observable_move_roundtrip,std_erased_unique_40,500000,2787684.000000,5.575368,128250000
lean,primary,32,12,synchronized_job_handoff,std_unique_8,2048,1109862.000000,541.924805,218578944
lean,primary,32,13,synchronized_job_handoff,own_allocated_unique_40,2048,698433.000000,341.031738,218578944
lean,primary,32,14,synchronized_job_handoff,own_unique_8,2048,650272.000000,317.515625,218578944
lean,primary,32,15,synchronized_job_handoff,std_erased_unique_40,2048,703391.000000,343.452637,218578944
lean,primary,32,16,borrow_read_loop,own_unique_8,1000000,558246.000000,0.558246,256500000
lean,primary,32,17,borrow_read_loop,std_erased_unique_40,1000000,1274065.000000,1.274065,256500000
lean,primary,32,18,borrow_read_loop,std_unique_8,1000000,536323.000000,0.536323,256500000
lean,primary,32,19,borrow_read_loop,own_allocated_unique_40,1000000,509043.000000,0.509043,256500000
lean,primary,32,20,vector_owner_transfer,std_erased_unique_40,64,212975.000000,3327.734375,438108160
lean,primary,32,21,vector_owner_transfer,own_allocated_unique_40,64,401223.000000,6269.109375,438108160
lean,primary,32,22,vector_owner_transfer,std_unique_8,64,171224.000000,2675.375000,438108160
lean,primary,32,23,vector_owner_transfer,own_unique_8,64,172225.000000,2691.015625,438108160
lean,primary,33,0,synchronized_job_handoff,own_unique_8,2048,630933.000000,308.072754,218578944
lean,primary,33,1,synchronized_job_handoff,std_unique_8,2048,596071.000000,291.050293,218578944
lean,primary,33,2,synchronized_job_handoff,std_erased_unique_40,2048,600038.000000,292.987305,218578944
lean,primary,33,3,synchronized_job_handoff,own_allocated_unique_40,2048,861484.000000,420.646484,218578944
lean,primary,33,4,create_read_destroy,own_unique_8,50000,433441.000000,8.668820,16251450000
lean,primary,33,5,create_read_destroy,own_allocated_unique_40,50000,542002.000000,10.840040,16251450000
lean,primary,33,6,create_read_destroy,std_unique_8,50000,446811.000000,8.936220,16251450000
lean,primary,33,7,create_read_destroy,std_erased_unique_40,50000,458929.000000,9.178580,16251450000
lean,primary,33,8,observable_move_roundtrip,std_unique_8,500000,543905.000000,1.087810,128250000
lean,primary,33,9,observable_move_roundtrip,own_unique_8,500000,553508.000000,1.107016,128250000
lean,primary,33,10,observable_move_roundtrip,own_allocated_unique_40,500000,6628845.000000,13.257690,128250000
lean,primary,33,11,observable_move_roundtrip,std_erased_unique_40,500000,2937035.000000,5.874070,128250000
lean,primary,33,12,frame_draw_batch,std_erased_unique_40,64,573629.000000,8962.953125,27924889600
lean,primary,33,13,frame_draw_batch,own_allocated_unique_40,64,526870.000000,8232.343750,27924889600
lean,primary,33,14,frame_draw_batch,own_unique_8,64,523855.000000,8185.234375,27924889600
lean,primary,33,15,frame_draw_batch,std_unique_8,64,493430.000000,7709.843750,27924889600
lean,primary,33,16,vector_owner_transfer,std_erased_unique_40,64,226586.000000,3540.406250,438108160
lean,primary,33,17,vector_owner_transfer,own_allocated_unique_40,64,353363.000000,5521.296875,438108160
lean,primary,33,18,vector_owner_transfer,own_unique_8,64,171304.000000,2676.625000,438108160
lean,primary,33,19,vector_owner_transfer,std_unique_8,64,215269.000000,3363.578125,438108160
lean,primary,33,20,borrow_read_loop,std_erased_unique_40,1000000,643022.000000,0.643022,256500000
lean,primary,33,21,borrow_read_loop,own_unique_8,1000000,602030.000000,0.602030,256500000
lean,primary,33,22,borrow_read_loop,own_allocated_unique_40,1000000,442735.000000,0.442735,256500000
lean,primary,33,23,borrow_read_loop,std_unique_8,1000000,436476.000000,0.436476,256500000
lean,primary,34,0,borrow_read_loop,std_erased_unique_40,1000000,448683.000000,0.448683,256500000
lean,primary,34,1,borrow_read_loop,std_unique_8,1000000,436355.000000,0.436355,256500000
lean,primary,34,2,borrow_read_loop,own_unique_8,1000000,640137.000000,0.640137,256500000
lean,primary,34,3,borrow_read_loop,own_allocated_unique_40,1000000,566918.000000,0.566918,256500000
lean,primary,34,4,vector_owner_transfer,std_unique_8,64,170432.000000,2663.000000,438108160
lean,primary,34,5,vector_owner_transfer,std_erased_unique_40,64,210922.000000,3295.656250,438108160
lean,primary,34,6,vector_owner_transfer,own_allocated_unique_40,64,350579.000000,5477.796875,438108160
lean,primary,34,7,vector_owner_transfer,own_unique_8,64,169741.000000,2652.203125,438108160
lean,primary,34,8,synchronized_job_handoff,own_allocated_unique_40,2048,1509794.000000,737.204102,218578944
lean,primary,34,9,synchronized_job_handoff,own_unique_8,2048,986690.000000,481.782227,218578944
lean,primary,34,10,synchronized_job_handoff,std_erased_unique_40,2048,750259.000000,366.337402,218578944
lean,primary,34,11,synchronized_job_handoff,std_unique_8,2048,608319.000000,297.030762,218578944
lean,primary,34,12,create_read_destroy,std_unique_8,50000,487512.000000,9.750240,16251450000
lean,primary,34,13,create_read_destroy,own_allocated_unique_40,50000,509694.000000,10.193880,16251450000
lean,primary,34,14,create_read_destroy,std_erased_unique_40,50000,503274.000000,10.065480,16251450000
lean,primary,34,15,create_read_destroy,own_unique_8,50000,433151.000000,8.663020,16251450000
lean,primary,34,16,observable_move_roundtrip,std_erased_unique_40,500000,2898738.000000,5.797476,128250000
lean,primary,34,17,observable_move_roundtrip,own_allocated_unique_40,500000,5876774.000000,11.753548,128250000
lean,primary,34,18,observable_move_roundtrip,own_unique_8,500000,783689.000000,1.567378,128250000
lean,primary,34,19,observable_move_roundtrip,std_unique_8,500000,914703.000000,1.829406,128250000
lean,primary,34,20,frame_draw_batch,own_unique_8,64,500901.000000,7826.578125,27924889600
lean,primary,34,21,frame_draw_batch,std_erased_unique_40,64,633216.000000,9894.000000,27924889600
lean,primary,34,22,frame_draw_batch,std_unique_8,64,493210.000000,7706.406250,27924889600
lean,primary,34,23,frame_draw_batch,own_allocated_unique_40,64,797970.000000,12468.281250,27924889600
lean,primary,35,0,frame_draw_batch,own_allocated_unique_40,64,597835.000000,9341.171875,27924889600
lean,primary,35,1,frame_draw_batch,own_unique_8,64,493850.000000,7716.406250,27924889600
lean,primary,35,2,frame_draw_batch,std_unique_8,64,589251.000000,9207.046875,27924889600
lean,primary,35,3,frame_draw_batch,std_erased_unique_40,64,516895.000000,8076.484375,27924889600
lean,primary,35,4,observable_move_roundtrip,own_unique_8,500000,572497.000000,1.144994,128250000
lean,primary,35,5,observable_move_roundtrip,own_allocated_unique_40,500000,5303886.000000,10.607772,128250000
lean,primary,35,6,observable_move_roundtrip,std_erased_unique_40,500000,2762757.000000,5.525514,128250000
lean,primary,35,7,observable_move_roundtrip,std_unique_8,500000,554711.000000,1.109422,128250000
lean,primary,35,8,create_read_destroy,own_allocated_unique_40,50000,495373.000000,9.907460,16251450000
lean,primary,35,9,create_read_destroy,std_erased_unique_40,50000,457186.000000,9.143720,16251450000
lean,primary,35,10,create_read_destroy,own_unique_8,50000,433471.000000,8.669420,16251450000
lean,primary,35,11,create_read_destroy,std_unique_8,50000,448914.000000,8.978280,16251450000
lean,primary,35,12,synchronized_job_handoff,std_erased_unique_40,2048,842016.000000,411.140625,218578944
lean,primary,35,13,synchronized_job_handoff,own_allocated_unique_40,2048,544836.000000,266.033203,218578944
lean,primary,35,14,synchronized_job_handoff,own_unique_8,2048,733706.000000,358.254883,218578944
lean,primary,35,15,synchronized_job_handoff,std_unique_8,2048,548101.000000,267.627441,218578944
lean,primary,35,16,vector_owner_transfer,std_unique_8,64,173226.000000,2706.656250,438108160
lean,primary,35,17,vector_owner_transfer,own_allocated_unique_40,64,376978.000000,5890.281250,438108160
lean,primary,35,18,vector_owner_transfer,own_unique_8,64,172896.000000,2701.500000,438108160
lean,primary,35,19,vector_owner_transfer,std_erased_unique_40,64,213106.000000,3329.781250,438108160
lean,primary,35,20,borrow_read_loop,own_allocated_unique_40,1000000,471688.000000,0.471688,256500000
lean,primary,35,21,borrow_read_loop,std_unique_8,1000000,436686.000000,0.436686,256500000
lean,primary,35,22,borrow_read_loop,own_unique_8,1000000,553749.000000,0.553749,256500000
lean,primary,35,23,borrow_read_loop,std_erased_unique_40,1000000,436766.000000,0.436766,256500000
lean,primary,36,0,borrow_read_loop,std_erased_unique_40,1000000,436366.000000,0.436366,256500000
lean,primary,36,1,borrow_read_loop,std_unique_8,1000000,448514.000000,0.448514,256500000
lean,primary,36,2,borrow_read_loop,own_allocated_unique_40,1000000,537836.000000,0.537836,256500000
lean,primary,36,3,borrow_read_loop,own_unique_8,1000000,570134.000000,0.570134,256500000
lean,primary,36,4,observable_move_roundtrip,std_unique_8,500000,577495.000000,1.154990,128250000
lean,primary,36,5,observable_move_roundtrip,std_erased_unique_40,500000,2784459.000000,5.568918,128250000
lean,primary,36,6,observable_move_roundtrip,own_allocated_unique_40,500000,5519705.000000,11.039410,128250000
lean,primary,36,7,observable_move_roundtrip,own_unique_8,500000,541872.000000,1.083744,128250000
lean,primary,36,8,vector_owner_transfer,std_unique_8,64,228258.000000,3566.531250,438108160
lean,primary,36,9,vector_owner_transfer,own_allocated_unique_40,64,349587.000000,5462.296875,438108160
lean,primary,36,10,vector_owner_transfer,own_unique_8,64,170211.000000,2659.546875,438108160
lean,primary,36,11,vector_owner_transfer,std_erased_unique_40,64,210521.000000,3289.390625,438108160
lean,primary,36,12,synchronized_job_handoff,own_allocated_unique_40,2048,612376.000000,299.011719,218578944
lean,primary,36,13,synchronized_job_handoff,std_erased_unique_40,2048,650562.000000,317.657227,218578944
lean,primary,36,14,synchronized_job_handoff,own_unique_8,2048,548582.000000,267.862305,218578944
lean,primary,36,15,synchronized_job_handoff,std_unique_8,2048,690802.000000,337.305664,218578944
lean,primary,36,16,frame_draw_batch,std_erased_unique_40,64,521031.000000,8141.109375,27924889600
lean,primary,36,17,frame_draw_batch,own_unique_8,64,523895.000000,8185.859375,27924889600
lean,primary,36,18,frame_draw_batch,std_unique_8,64,582231.000000,9097.359375,27924889600
lean,primary,36,19,frame_draw_batch,own_allocated_unique_40,64,526980.000000,8234.062500,27924889600
lean,primary,36,20,create_read_destroy,std_erased_unique_40,50000,475724.000000,9.514480,16251450000
lean,primary,36,21,create_read_destroy,std_unique_8,50000,446861.000000,8.937220,16251450000
lean,primary,36,22,create_read_destroy,own_allocated_unique_40,50000,532347.000000,10.646940,16251450000
lean,primary,36,23,create_read_destroy,own_unique_8,50000,433161.000000,8.663220,16251450000
lean,primary,37,0,create_read_destroy,std_erased_unique_40,50000,447652.000000,8.953040,16251450000
lean,primary,37,1,create_read_destroy,std_unique_8,50000,472319.000000,9.446380,16251450000
lean,primary,37,2,create_read_destroy,own_unique_8,50000,446651.000000,8.933020,16251450000
lean,primary,37,3,create_read_destroy,own_allocated_unique_40,50000,510365.000000,10.207300,16251450000
lean,primary,37,4,borrow_read_loop,own_unique_8,1000000,541421.000000,0.541421,256500000
lean,primary,37,5,borrow_read_loop,std_unique_8,1000000,452679.000000,0.452679,256500000
lean,primary,37,6,borrow_read_loop,own_allocated_unique_40,1000000,450477.000000,0.450477,256500000
lean,primary,37,7,borrow_read_loop,std_erased_unique_40,1000000,520620.000000,0.520620,256500000
lean,primary,37,8,synchronized_job_handoff,std_unique_8,2048,860142.000000,419.991211,218578944
lean,primary,37,9,synchronized_job_handoff,own_allocated_unique_40,2048,532287.000000,259.905762,218578944
lean,primary,37,10,synchronized_job_handoff,std_erased_unique_40,2048,530815.000000,259.187012,218578944
lean,primary,37,11,synchronized_job_handoff,own_unique_8,2048,624364.000000,304.865234,218578944
lean,primary,37,12,vector_owner_transfer,own_allocated_unique_40,64,421704.000000,6589.125000,438108160
lean,primary,37,13,vector_owner_transfer,own_unique_8,64,170973.000000,2671.453125,438108160
lean,primary,37,14,vector_owner_transfer,std_unique_8,64,170923.000000,2670.671875,438108160
lean,primary,37,15,vector_owner_transfer,std_erased_unique_40,64,210301.000000,3285.953125,438108160
lean,primary,37,16,frame_draw_batch,own_allocated_unique_40,64,591044.000000,9235.062500,27924889600
lean,primary,37,17,frame_draw_batch,own_unique_8,64,493370.000000,7708.906250,27924889600
lean,primary,37,18,frame_draw_batch,std_erased_unique_40,64,530705.000000,8292.265625,27924889600
lean,primary,37,19,frame_draw_batch,std_unique_8,64,503354.000000,7864.906250,27924889600
lean,primary,37,20,observable_move_roundtrip,std_unique_8,500000,541461.000000,1.082922,128250000
lean,primary,37,21,observable_move_roundtrip,own_allocated_unique_40,500000,5793921.000000,11.587842,128250000
lean,primary,37,22,observable_move_roundtrip,own_unique_8,500000,541611.000000,1.083222,128250000
lean,primary,37,23,observable_move_roundtrip,std_erased_unique_40,500000,6519694.000000,13.039388,128250000
lean,primary,38,0,create_read_destroy,std_unique_8,50000,454393.000000,9.087860,16251450000
lean,primary,38,1,create_read_destroy,std_erased_unique_40,50000,509123.000000,10.182460,16251450000
lean,primary,38,2,create_read_destroy,own_unique_8,50000,433662.000000,8.673240,16251450000
lean,primary,38,3,create_read_destroy,own_allocated_unique_40,50000,2595610.000000,51.912200,16251450000
lean,primary,38,4,frame_draw_batch,std_erased_unique_40,64,526730.000000,8230.156250,27924889600
lean,primary,38,5,frame_draw_batch,std_unique_8,64,548902.000000,8576.593750,27924889600
lean,primary,38,6,frame_draw_batch,own_allocated_unique_40,64,599768.000000,9371.375000,27924889600
lean,primary,38,7,frame_draw_batch,own_unique_8,64,493950.000000,7717.968750,27924889600
lean,primary,38,8,synchronized_job_handoff,own_allocated_unique_40,2048,672495.000000,328.366699,218578944
lean,primary,38,9,synchronized_job_handoff,own_unique_8,2048,520409.000000,254.105957,218578944
lean,primary,38,10,synchronized_job_handoff,std_unique_8,2048,681738.000000,332.879883,218578944
lean,primary,38,11,synchronized_job_handoff,std_erased_unique_40,2048,784921.000000,383.262207,218578944
lean,primary,38,12,vector_owner_transfer,own_allocated_unique_40,64,352201.000000,5503.140625,438108160
lean,primary,38,13,vector_owner_transfer,own_unique_8,64,171794.000000,2684.281250,438108160
lean,primary,38,14,vector_owner_transfer,std_unique_8,64,187928.000000,2936.375000,438108160
lean,primary,38,15,vector_owner_transfer,std_erased_unique_40,64,213586.000000,3337.281250,438108160
lean,primary,38,16,borrow_read_loop,own_allocated_unique_40,1000000,436506.000000,0.436506,256500000
lean,primary,38,17,borrow_read_loop,std_erased_unique_40,1000000,534821.000000,0.534821,256500000
lean,primary,38,18,borrow_read_loop,std_unique_8,1000000,436967.000000,0.436967,256500000
lean,primary,38,19,borrow_read_loop,own_unique_8,1000000,569062.000000,0.569062,256500000
lean,primary,38,20,observable_move_roundtrip,own_unique_8,500000,565006.000000,1.130012,128250000
lean,primary,38,21,observable_move_roundtrip,std_erased_unique_40,500000,2841864.000000,5.683728,128250000
lean,primary,38,22,observable_move_roundtrip,own_allocated_unique_40,500000,5325418.000000,10.650836,128250000
lean,primary,38,23,observable_move_roundtrip,std_unique_8,500000,567519.000000,1.135038,128250000
lean,primary,39,0,frame_draw_batch,std_erased_unique_40,64,532988.000000,8327.937500,27924889600
lean,primary,39,1,frame_draw_batch,std_unique_8,64,491968.000000,7687.000000,27924889600
lean,primary,39,2,frame_draw_batch,own_allocated_unique_40,64,755818.000000,11809.656250,27924889600
lean,primary,39,3,frame_draw_batch,own_unique_8,64,497696.000000,7776.500000,27924889600
lean,primary,39,4,create_read_destroy,std_unique_8,50000,478418.000000,9.568360,16251450000
lean,primary,39,5,create_read_destroy,own_unique_8,50000,433241.000000,8.664820,16251450000
lean,primary,39,6,create_read_destroy,std_erased_unique_40,50000,492889.000000,9.857780,16251450000
lean,primary,39,7,create_read_destroy,own_allocated_unique_40,50000,534660.000000,10.693200,16251450000
lean,primary,39,8,observable_move_roundtrip,std_erased_unique_40,500000,2907611.000000,5.815222,128250000
lean,primary,39,9,observable_move_roundtrip,std_unique_8,500000,572026.000000,1.144052,128250000
lean,primary,39,10,observable_move_roundtrip,own_unique_8,500000,541431.000000,1.082862,128250000
lean,primary,39,11,observable_move_roundtrip,own_allocated_unique_40,500000,5764578.000000,11.529156,128250000
lean,primary,39,12,synchronized_job_handoff,std_unique_8,2048,624684.000000,305.021484,218578944
lean,primary,39,13,synchronized_job_handoff,own_allocated_unique_40,2048,1022532.000000,499.283203,218578944
lean,primary,39,14,synchronized_job_handoff,own_unique_8,2048,888895.000000,434.030762,218578944
lean,primary,39,15,synchronized_job_handoff,std_erased_unique_40,2048,557294.000000,272.116211,218578944
lean,primary,39,16,vector_owner_transfer,std_unique_8,64,173497.000000,2710.890625,438108160
lean,primary,39,17,vector_owner_transfer,std_erased_unique_40,64,313995.000000,4906.171875,438108160
lean,primary,39,18,vector_owner_transfer,own_unique_8,64,172755.000000,2699.296875,438108160
lean,primary,39,19,vector_owner_transfer,own_allocated_unique_40,64,361334.000000,5645.843750,438108160
lean,primary,39,20,borrow_read_loop,own_unique_8,1000000,620398.000000,0.620398,256500000
lean,primary,39,21,borrow_read_loop,std_unique_8,1000000,436967.000000,0.436967,256500000
lean,primary,39,22,borrow_read_loop,own_allocated_unique_40,1000000,488743.000000,0.488743,256500000
lean,primary,39,23,borrow_read_loop,std_erased_unique_40,1000000,436887.000000,0.436887,256500000
lean,primary,40,0,create_read_destroy,own_allocated_unique_40,50000,525868.000000,10.517360,16251450000
lean,primary,40,1,create_read_destroy,std_unique_8,50000,450096.000000,9.001920,16251450000
lean,primary,40,2,create_read_destroy,own_unique_8,50000,446261.000000,8.925220,16251450000
lean,primary,40,3,create_read_destroy,std_erased_unique_40,50000,446811.000000,8.936220,16251450000
lean,primary,40,4,observable_move_roundtrip,std_erased_unique_40,500000,2775777.000000,5.551554,128250000
lean,primary,40,5,observable_move_roundtrip,own_unique_8,500000,541551.000000,1.083102,128250000
lean,primary,40,6,observable_move_roundtrip,std_unique_8,500000,554410.000000,1.108820,128250000
lean,primary,40,7,observable_move_roundtrip,own_allocated_unique_40,500000,6244568.000000,12.489136,128250000
lean,primary,40,8,vector_owner_transfer,std_unique_8,64,171904.000000,2686.000000,438108160
lean,primary,40,9,vector_owner_transfer,own_unique_8,64,198293.000000,3098.328125,438108160
lean,primary,40,10,vector_owner_transfer,own_allocated_unique_40,64,350759.000000,5480.609375,438108160
lean,primary,40,11,vector_owner_transfer,std_erased_unique_40,64,211703.000000,3307.859375,438108160
lean,primary,40,12,frame_draw_batch,std_unique_8,64,605005.000000,9453.203125,27924889600
lean,primary,40,13,frame_draw_batch,std_erased_unique_40,64,835546.000000,13055.406250,27924889600
lean,primary,40,14,frame_draw_batch,own_allocated_unique_40,64,527521.000000,8242.515625,27924889600
lean,primary,40,15,frame_draw_batch,own_unique_8,64,525067.000000,8204.171875,27924889600
lean,primary,40,16,borrow_read_loop,std_erased_unique_40,1000000,436546.000000,0.436546,256500000
lean,primary,40,17,borrow_read_loop,own_unique_8,1000000,554680.000000,0.554680,256500000
lean,primary,40,18,borrow_read_loop,own_allocated_unique_40,1000000,436375.000000,0.436375,256500000
lean,primary,40,19,borrow_read_loop,std_unique_8,1000000,542953.000000,0.542953,256500000
lean,primary,40,20,synchronized_job_handoff,std_erased_unique_40,2048,574520.000000,280.527344,218578944
lean,primary,40,21,synchronized_job_handoff,std_unique_8,2048,788627.000000,385.071777,218578944
lean,primary,40,22,synchronized_job_handoff,own_allocated_unique_40,2048,607619.000000,296.688965,218578944
lean,primary,40,23,synchronized_job_handoff,own_unique_8,2048,588811.000000,287.505371,218578944
lean,primary,41,0,synchronized_job_handoff,std_erased_unique_40,2048,538567.000000,262.972168,218578944
lean,primary,41,1,synchronized_job_handoff,own_unique_8,2048,591275.000000,288.708496,218578944
lean,primary,41,2,synchronized_job_handoff,own_allocated_unique_40,2048,751241.000000,366.816895,218578944
lean,primary,41,3,synchronized_job_handoff,std_unique_8,2048,579207.000000,282.815918,218578944
lean,primary,41,4,create_read_destroy,own_unique_8,50000,433301.000000,8.666020,16251450000
lean,primary,41,5,create_read_destroy,own_allocated_unique_40,50000,540099.000000,10.801980,16251450000
lean,primary,41,6,create_read_destroy,std_erased_unique_40,50000,446821.000000,8.936420,16251450000
lean,primary,41,7,create_read_destroy,std_unique_8,50000,464797.000000,9.295940,16251450000
lean,primary,41,8,vector_owner_transfer,std_erased_unique_40,64,211513.000000,3304.890625,438108160
lean,primary,41,9,vector_owner_transfer,own_unique_8,64,170242.000000,2660.031250,438108160
lean,primary,41,10,vector_owner_transfer,own_allocated_unique_40,64,349638.000000,5463.093750,438108160
lean,primary,41,11,vector_owner_transfer,std_unique_8,64,170692.000000,2667.062500,438108160
lean,primary,41,12,frame_draw_batch,std_erased_unique_40,64,529954.000000,8280.531250,27924889600
lean,primary,41,13,frame_draw_batch,std_unique_8,64,517235.000000,8081.796875,27924889600
lean,primary,41,14,frame_draw_batch,own_unique_8,64,494702.000000,7729.718750,27924889600
lean,primary,41,15,frame_draw_batch,own_allocated_unique_40,64,561591.000000,8774.859375,27924889600
lean,primary,41,16,observable_move_roundtrip,std_erased_unique_40,500000,2732261.000000,5.464522,128250000
lean,primary,41,17,observable_move_roundtrip,std_unique_8,500000,560529.000000,1.121058,128250000
lean,primary,41,18,observable_move_roundtrip,own_unique_8,500000,544395.000000,1.088790,128250000
lean,primary,41,19,observable_move_roundtrip,own_allocated_unique_40,500000,5430893.000000,10.861786,128250000
lean,primary,41,20,borrow_read_loop,own_unique_8,1000000,541521.000000,0.541521,256500000
lean,primary,41,21,borrow_read_loop,own_allocated_unique_40,1000000,455243.000000,0.455243,256500000
lean,primary,41,22,borrow_read_loop,std_unique_8,1000000,436616.000000,0.436616,256500000
lean,primary,41,23,borrow_read_loop,std_erased_unique_40,1000000,455374.000000,0.455374,256500000
lean,primary,42,0,vector_owner_transfer,std_unique_8,64,169281.000000,2645.015625,438108160
lean,primary,42,1,vector_owner_transfer,own_unique_8,64,169060.000000,2641.562500,438108160
lean,primary,42,2,vector_owner_transfer,std_erased_unique_40,64,211503.000000,3304.734375,438108160
lean,primary,42,3,vector_owner_transfer,own_allocated_unique_40,64,380192.000000,5940.500000,438108160
lean,primary,42,4,frame_draw_batch,std_unique_8,64,492548.000000,7696.062500,27924889600
lean,primary,42,5,frame_draw_batch,own_allocated_unique_40,64,574920.000000,8983.125000,27924889600
lean,primary,42,6,frame_draw_batch,own_unique_8,64,497015.000000,7765.859375,27924889600
lean,primary,42,7,frame_draw_batch,std_erased_unique_40,64,532347.000000,8317.921875,27924889600
lean,primary,42,8,synchronized_job_handoff,std_unique_8,2048,534481.000000,260.977051,218578944
lean,primary,42,9,synchronized_job_handoff,own_allocated_unique_40,2048,583723.000000,285.020996,218578944
lean,primary,42,10,synchronized_job_handoff,own_unique_8,2048,530345.000000,258.957520,218578944
lean,primary,42,11,synchronized_job_handoff,std_erased_unique_40,2048,603873.000000,294.859863,218578944
lean,primary,42,12,create_read_destroy,own_allocated_unique_40,50000,524225.000000,10.484500,16251450000
lean,primary,42,13,create_read_destroy,std_unique_8,50000,446791.000000,8.935820,16251450000
lean,primary,42,14,create_read_destroy,std_erased_unique_40,50000,459189.000000,9.183780,16251450000
lean,primary,42,15,create_read_destroy,own_unique_8,50000,492208.000000,9.844160,16251450000
lean,primary,42,16,observable_move_roundtrip,own_allocated_unique_40,500000,5366198.000000,10.732396,128250000
lean,primary,42,17,observable_move_roundtrip,std_unique_8,500000,925589.000000,1.851178,128250000
lean,primary,42,18,observable_move_roundtrip,own_unique_8,500000,640919.000000,1.281838,128250000
lean,primary,42,19,observable_move_roundtrip,std_erased_unique_40,500000,2871247.000000,5.742494,128250000
lean,primary,42,20,borrow_read_loop,std_unique_8,1000000,436586.000000,0.436586,256500000
lean,primary,42,21,borrow_read_loop,own_allocated_unique_40,1000000,458228.000000,0.458228,256500000
lean,primary,42,22,borrow_read_loop,own_unique_8,1000000,541401.000000,0.541401,256500000
lean,primary,42,23,borrow_read_loop,std_erased_unique_40,1000000,542152.000000,0.542152,256500000
lean,primary,43,0,vector_owner_transfer,own_allocated_unique_40,64,349276.000000,5457.437500,438108160
lean,primary,43,1,vector_owner_transfer,std_unique_8,64,170212.000000,2659.562500,438108160
lean,primary,43,2,vector_owner_transfer,std_erased_unique_40,64,226495.000000,3538.984375,438108160
lean,primary,43,3,vector_owner_transfer,own_unique_8,64,171093.000000,2673.328125,438108160
lean,primary,43,4,synchronized_job_handoff,std_unique_8,2048,521331.000000,254.556152,218578944
lean,primary,43,5,synchronized_job_handoff,own_unique_8,2048,594860.000000,290.458984,218578944
lean,primary,43,6,synchronized_job_handoff,std_erased_unique_40,2048,551926.000000,269.495117,218578944
lean,primary,43,7,synchronized_job_handoff,own_allocated_unique_40,2048,503465.000000,245.832520,218578944
lean,primary,43,8,borrow_read_loop,std_erased_unique_40,1000000,445309.000000,0.445309,256500000
lean,primary,43,9,borrow_read_loop,std_unique_8,1000000,544174.000000,0.544174,256500000
lean,primary,43,10,borrow_read_loop,own_unique_8,1000000,541401.000000,0.541401,256500000
lean,primary,43,11,borrow_read_loop,own_allocated_unique_40,1000000,468493.000000,0.468493,256500000
lean,primary,43,12,create_read_destroy,own_unique_8,50000,658454.000000,13.169080,16251450000
lean,primary,43,13,create_read_destroy,std_unique_8,50000,446820.000000,8.936400,16251450000
lean,primary,43,14,create_read_destroy,std_erased_unique_40,50000,446751.000000,8.935020,16251450000
lean,primary,43,15,create_read_destroy,own_allocated_unique_40,50000,516164.000000,10.323280,16251450000
lean,primary,43,16,observable_move_roundtrip,own_allocated_unique_40,500000,5484935.000000,10.969870,128250000
lean,primary,43,17,observable_move_roundtrip,std_unique_8,500000,541701.000000,1.083402,128250000
lean,primary,43,18,observable_move_roundtrip,own_unique_8,500000,569803.000000,1.139606,128250000
lean,primary,43,19,observable_move_roundtrip,std_erased_unique_40,500000,3056402.000000,6.112804,128250000
lean,primary,43,20,frame_draw_batch,std_erased_unique_40,64,524546.000000,8196.031250,27924889600
lean,primary,43,21,frame_draw_batch,own_unique_8,64,542913.000000,8483.015625,27924889600
lean,primary,43,22,frame_draw_batch,std_unique_8,64,492959.000000,7702.484375,27924889600
lean,primary,43,23,frame_draw_batch,own_allocated_unique_40,64,735017.000000,11484.640625,27924889600
lean,primary,44,0,synchronized_job_handoff,std_unique_8,2048,625745.000000,305.539551,218578944
lean,primary,44,1,synchronized_job_handoff,own_unique_8,2048,560499.000000,273.681152,218578944
lean,primary,44,2,synchronized_job_handoff,std_erased_unique_40,2048,577474.000000,281.969727,218578944
lean,primary,44,3,synchronized_job_handoff,own_allocated_unique_40,2048,521992.000000,254.878906,218578944
lean,primary,44,4,observable_move_roundtrip,own_allocated_unique_40,500000,5626943.000000,11.253886,128250000
lean,primary,44,5,observable_move_roundtrip,std_unique_8,500000,557214.000000,1.114428,128250000
lean,primary,44,6,observable_move_roundtrip,own_unique_8,500000,604754.000000,1.209508,128250000
lean,primary,44,7,observable_move_roundtrip,std_erased_unique_40,500000,3040889.000000,6.081778,128250000
lean,primary,44,8,vector_owner_transfer,std_erased_unique_40,64,213586.000000,3337.281250,438108160
lean,primary,44,9,vector_owner_transfer,std_unique_8,64,185594.000000,2899.906250,438108160
lean,primary,44,10,vector_owner_transfer,own_allocated_unique_40,64,512668.000000,8010.437500,438108160
lean,primary,44,11,vector_owner_transfer,own_unique_8,64,171734.000000,2683.343750,438108160
lean,primary,44,12,borrow_read_loop,std_erased_unique_40,1000000,534781.000000,0.534781,256500000
lean,primary,44,13,borrow_read_loop,std_unique_8,1000000,487522.000000,0.487522,256500000
lean,primary,44,14,borrow_read_loop,own_unique_8,1000000,597804.000000,0.597804,256500000
lean,primary,44,15,borrow_read_loop,own_allocated_unique_40,1000000,436766.000000,0.436766,256500000
lean,primary,44,16,frame_draw_batch,std_erased_unique_40,64,531366.000000,8302.593750,27924889600
lean,primary,44,17,frame_draw_batch,std_unique_8,64,492668.000000,7697.937500,27924889600
lean,primary,44,18,frame_draw_batch,own_unique_8,64,506810.000000,7918.906250,27924889600
lean,primary,44,19,frame_draw_batch,own_allocated_unique_40,64,526438.000000,8225.593750,27924889600
lean,primary,44,20,create_read_destroy,std_unique_8,50000,468583.000000,9.371660,16251450000
lean,primary,44,21,create_read_destroy,std_erased_unique_40,50000,589932.000000,11.798640,16251450000
lean,primary,44,22,create_read_destroy,own_unique_8,50000,532077.000000,10.641540,16251450000
lean,primary,44,23,create_read_destroy,own_allocated_unique_40,50000,547811.000000,10.956220,16251450000
lean,primary,45,0,synchronized_job_handoff,std_erased_unique_40,2048,807755.000000,394.411621,218578944
lean,primary,45,1,synchronized_job_handoff,own_allocated_unique_40,2048,580699.000000,283.544434,218578944
lean,primary,45,2,synchronized_job_handoff,std_unique_8,2048,525387.000000,256.536621,218578944
lean,primary,45,3,synchronized_job_handoff,own_unique_8,2048,623522.000000,304.454102,218578944
lean,primary,45,4,create_read_destroy,own_unique_8,50000,498768.000000,9.975360,16251450000
lean,primary,45,5,create_read_destroy,own_allocated_unique_40,50000,523214.000000,10.464280,16251450000
lean,primary,45,6,create_read_destroy,std_erased_unique_40,50000,463396.000000,9.267920,16251450000
lean,primary,45,7,create_read_destroy,std_unique_8,50000,446691.000000,8.933820,16251450000
lean,primary,45,8,observable_move_roundtrip,std_erased_unique_40,500000,2911176.000000,5.822352,128250000
lean,primary,45,9,observable_move_roundtrip,own_unique_8,500000,557134.000000,1.114268,128250000
lean,primary,45,10,observable_move_roundtrip,std_unique_8,500000,541671.000000,1.083342,128250000
lean,primary,45,11,observable_move_roundtrip,own_allocated_unique_40,500000,5397074.000000,10.794148,128250000
lean,primary,45,12,borrow_read_loop,own_unique_8,1000000,569062.000000,0.569062,256500000
lean,primary,45,13,borrow_read_loop,std_unique_8,1000000,439971.000000,0.439971,256500000
lean,primary,45,14,borrow_read_loop,own_allocated_unique_40,1000000,470236.000000,0.470236,256500000
lean,primary,45,15,borrow_read_loop,std_erased_unique_40,1000000,490276.000000,0.490276,256500000
lean,primary,45,16,frame_draw_batch,own_allocated_unique_40,64,563314.000000,8801.781250,27924889600
lean,primary,45,17,frame_draw_batch,std_unique_8,64,511858.000000,7997.781250,27924889600
lean,primary,45,18,frame_draw_batch,own_unique_8,64,494832.000000,7731.750000,27924889600
lean,primary,45,19,frame_draw_batch,std_erased_unique_40,64,535101.000000,8360.953125,27924889600
lean,primary,45,20,vector_owner_transfer,own_unique_8,64,170863.000000,2669.734375,438108160
lean,primary,45,21,vector_owner_transfer,std_unique_8,64,170633.000000,2666.140625,438108160
lean,primary,45,22,vector_owner_transfer,own_allocated_unique_40,64,350839.000000,5481.859375,438108160
lean,primary,45,23,vector_owner_transfer,std_erased_unique_40,64,212094.000000,3313.968750,438108160
lean,primary,46,0,borrow_read_loop,std_unique_8,1000000,474843.000000,0.474843,256500000
lean,primary,46,1,borrow_read_loop,std_erased_unique_40,1000000,436846.000000,0.436846,256500000
lean,primary,46,2,borrow_read_loop,own_unique_8,1000000,555692.000000,0.555692,256500000
lean,primary,46,3,borrow_read_loop,own_allocated_unique_40,1000000,436526.000000,0.436526,256500000
lean,primary,46,4,create_read_destroy,std_unique_8,50000,477175.000000,9.543500,16251450000
lean,primary,46,5,create_read_destroy,own_allocated_unique_40,50000,514491.000000,10.289820,16251450000
lean,primary,46,6,create_read_destroy,own_unique_8,50000,448864.000000,8.977280,16251450000
lean,primary,46,7,create_read_destroy,std_erased_unique_40,50000,446710.000000,8.934200,16251450000
lean,primary,46,8,synchronized_job_handoff,std_unique_8,2048,711002.000000,347.168945,218578944
lean,primary,46,9,synchronized_job_handoff,own_unique_8,2048,662560.000000,323.515625,218578944
lean,primary,46,10,synchronized_job_handoff,own_allocated_unique_40,2048,624674.000000,305.016602,218578944
lean,primary,46,11,synchronized_job_handoff,std_erased_unique_40,2048,699585.000000,341.594238,218578944
lean,primary,46,12,vector_owner_transfer,own_unique_8,64,169030.000000,2641.093750,438108160
lean,primary,46,13,vector_owner_transfer,own_allocated_unique_40,64,348345.000000,5442.890625,438108160
lean,primary,46,14,vector_owner_transfer,std_erased_unique_40,64,232044.000000,3625.687500,438108160
lean,primary,46,15,vector_owner_transfer,std_unique_8,64,168560.000000,2633.750000,438108160
lean,primary,46,16,observable_move_roundtrip,own_unique_8,500000,541441.000000,1.082882,128250000
lean,primary,46,17,observable_move_roundtrip,own_allocated_unique_40,500000,5392898.000000,10.785796,128250000
lean,primary,46,18,observable_move_roundtrip,std_unique_8,500000,541641.000000,1.083282,128250000
lean,primary,46,19,observable_move_roundtrip,std_erased_unique_40,500000,2957745.000000,5.915490,128250000
lean,primary,46,20,frame_draw_batch,own_allocated_unique_40,64,622902.000000,9732.843750,27924889600
lean,primary,46,21,frame_draw_batch,own_unique_8,64,493690.000000,7713.906250,27924889600
lean,primary,46,22,frame_draw_batch,std_erased_unique_40,64,606517.000000,9476.828125,27924889600
lean,primary,46,23,frame_draw_batch,std_unique_8,64,1457927.000000,22780.109375,27924889600
lean,primary,47,0,create_read_destroy,std_erased_unique_40,50000,544255.000000,10.885100,16251450000
lean,primary,47,1,create_read_destroy,std_unique_8,50000,476234.000000,9.524680,16251450000
lean,primary,47,2,create_read_destroy,own_unique_8,50000,433251.000000,8.665020,16251450000
lean,primary,47,3,create_read_destroy,own_allocated_unique_40,50000,511096.000000,10.221920,16251450000
lean,primary,47,4,frame_draw_batch,own_allocated_unique_40,64,525778.000000,8215.281250,27924889600
lean,primary,47,5,frame_draw_batch,std_erased_unique_40,64,536133.000000,8377.078125,27924889600
lean,primary,47,6,frame_draw_batch,std_unique_8,64,567329.000000,8864.515625,27924889600
lean,primary,47,7,frame_draw_batch,own_unique_8,64,567790.000000,8871.718750,27924889600
lean,primary,47,8,observable_move_roundtrip,std_erased_unique_40,500000,2891908.000000,5.783816,128250000
lean,primary,47,9,observable_move_roundtrip,own_unique_8,500000,635550.000000,1.271100,128250000
lean,primary,47,10,observable_move_roundtrip,own_allocated_unique_40,500000,6155896.000000,12.311792,128250000
lean,primary,47,11,observable_move_roundtrip,std_unique_8,500000,555021.000000,1.110042,128250000
lean,primary,47,12,synchronized_job_handoff,own_allocated_unique_40,2048,801877.000000,391.541504,218578944
lean,primary,47,13,synchronized_job_handoff,std_unique_8,2048,555001.000000,270.996582,218578944
lean,primary,47,14,synchronized_job_handoff,own_unique_8,2048,802156.000000,391.677734,218578944
lean,primary,47,15,synchronized_job_handoff,std_erased_unique_40,2048,777000.000000,379.394531,218578944
lean,primary,47,16,borrow_read_loop,own_allocated_unique_40,1000000,442655.000000,0.442655,256500000
lean,primary,47,17,borrow_read_loop,std_unique_8,1000000,463576.000000,0.463576,256500000
lean,primary,47,18,borrow_read_loop,std_erased_unique_40,1000000,436686.000000,0.436686,256500000
lean,primary,47,19,borrow_read_loop,own_unique_8,1000000,555241.000000,0.555241,256500000
lean,primary,47,20,vector_owner_transfer,std_unique_8,64,173286.000000,2707.593750,438108160
lean,primary,47,21,vector_owner_transfer,std_erased_unique_40,64,214267.000000,3347.921875,438108160
lean,primary,47,22,vector_owner_transfer,own_unique_8,64,172816.000000,2700.250000,438108160
lean,primary,47,23,vector_owner_transfer,own_allocated_unique_40,64,384579.000000,6009.046875,438108160
lean,primary,48,0,vector_owner_transfer,std_unique_8,64,167207.000000,2612.609375,438108160
lean,primary,48,1,vector_owner_transfer,std_erased_unique_40,64,207507.000000,3242.296875,438108160
lean,primary,48,2,vector_owner_transfer,own_allocated_unique_40,64,365120.000000,5705.000000,438108160
lean,primary,48,3,vector_owner_transfer,own_unique_8,64,168169.000000,2627.640625,438108160
lean,primary,48,4,create_read_destroy,own_unique_8,50000,433181.000000,8.663620,16251450000
lean,primary,48,5,create_read_destroy,std_erased_unique_40,50000,460491.000000,9.209820,16251450000
lean,primary,48,6,create_read_destroy,own_allocated_unique_40,50000,550855.000000,11.017100,16251450000
lean,primary,48,7,create_read_destroy,std_unique_8,50000,675369.000000,13.507380,16251450000
lean,primary,48,8,observable_move_roundtrip,std_unique_8,500000,541521.000000,1.083042,128250000
lean,primary,48,9,observable_move_roundtrip,std_erased_unique_40,500000,2849445.000000,5.698890,128250000
lean,primary,48,10,observable_move_roundtrip,own_unique_8,500000,571105.000000,1.142210,128250000
lean,primary,48,11,observable_move_roundtrip,own_allocated_unique_40,500000,5678991.000000,11.357982,128250000
lean,primary,48,12,frame_draw_batch,own_allocated_unique_40,64,543965.000000,8499.453125,27924889600
lean,primary,48,13,frame_draw_batch,std_unique_8,64,509474.000000,7960.531250,27924889600
lean,primary,48,14,frame_draw_batch,own_unique_8,64,495003.000000,7734.421875,27924889600
lean,primary,48,15,frame_draw_batch,std_erased_unique_40,64,530124.000000,8283.187500,27924889600
lean,primary,48,16,borrow_read_loop,own_unique_8,1000000,541571.000000,0.541571,256500000
lean,primary,48,17,borrow_read_loop,own_allocated_unique_40,1000000,478958.000000,0.478958,256500000
lean,primary,48,18,borrow_read_loop,std_erased_unique_40,1000000,436736.000000,0.436736,256500000
lean,primary,48,19,borrow_read_loop,std_unique_8,1000000,436456.000000,0.436456,256500000
lean,primary,48,20,synchronized_job_handoff,own_allocated_unique_40,2048,567539.000000,277.118652,218578944
lean,primary,48,21,synchronized_job_handoff,std_erased_unique_40,2048,582051.000000,284.204590,218578944
lean,primary,48,22,synchronized_job_handoff,std_unique_8,2048,522743.000000,255.245605,218578944
lean,primary,48,23,synchronized_job_handoff,own_unique_8,2048,591576.000000,288.855469,218578944
lean,primary,49,0,observable_move_roundtrip,std_erased_unique_40,500000,2759943.000000,5.519886,128250000
lean,primary,49,1,observable_move_roundtrip,own_allocated_unique_40,500000,5607746.000000,11.215492,128250000
lean,primary,49,2,observable_move_roundtrip,own_unique_8,500000,579717.000000,1.159434,128250000
lean,primary,49,3,observable_move_roundtrip,std_unique_8,500000,541741.000000,1.083482,128250000
lean,primary,49,4,synchronized_job_handoff,own_unique_8,2048,608541.000000,297.139160,218578944
lean,primary,49,5,synchronized_job_handoff,std_unique_8,2048,559959.000000,273.417480,218578944
lean,primary,49,6,synchronized_job_handoff,own_allocated_unique_40,2048,622731.000000,304.067871,218578944
lean,primary,49,7,synchronized_job_handoff,std_erased_unique_40,2048,549784.000000,268.449219,218578944
lean,primary,49,8,frame_draw_batch,std_erased_unique_40,64,522954.000000,8171.156250,27924889600
lean,primary,49,9,frame_draw_batch,own_allocated_unique_40,64,557014.000000,8703.343750,27924889600
lean,primary,49,10,frame_draw_batch,std_unique_8,64,493860.000000,7716.562500,27924889600
lean,primary,49,11,frame_draw_batch,own_unique_8,64,510565.000000,7977.578125,27924889600
lean,primary,49,12,create_read_destroy,own_allocated_unique_40,50000,508833.000000,10.176660,16251450000
lean,primary,49,13,create_read_destroy,own_unique_8,50000,445990.000000,8.919800,16251450000
lean,primary,49,14,create_read_destroy,std_unique_8,50000,862146.000000,17.242920,16251450000
lean,primary,49,15,create_read_destroy,std_erased_unique_40,50000,564485.000000,11.289700,16251450000
lean,primary,49,16,borrow_read_loop,own_unique_8,1000000,611425.000000,0.611425,256500000
lean,primary,49,17,borrow_read_loop,std_erased_unique_40,1000000,449615.000000,0.449615,256500000
lean,primary,49,18,borrow_read_loop,own_allocated_unique_40,1000000,455234.000000,0.455234,256500000
lean,primary,49,19,borrow_read_loop,std_unique_8,1000000,436896.000000,0.436896,256500000
lean,primary,49,20,vector_owner_transfer,std_unique_8,64,172275.000000,2691.796875,438108160
lean,primary,49,21,vector_owner_transfer,own_unique_8,64,173126.000000,2705.093750,438108160
lean,primary,49,22,vector_owner_transfer,own_allocated_unique_40,64,428845.000000,6700.703125,438108160
lean,primary,49,23,vector_owner_transfer,std_erased_unique_40,64,214748.000000,3355.437500,438108160
lean,primary,50,0,create_read_destroy,own_unique_8,50000,499288.000000,9.985760,16251450000
lean,primary,50,1,create_read_destroy,std_unique_8,50000,509393.000000,10.187860,16251450000
lean,primary,50,2,create_read_destroy,own_allocated_unique_40,50000,734537.000000,14.690740,16251450000
lean,primary,50,3,create_read_destroy,std_erased_unique_40,50000,446801.000000,8.936020,16251450000
lean,primary,50,4,frame_draw_batch,own_unique_8,64,511967.000000,7999.484375,27924889600
lean,primary,50,5,frame_draw_batch,std_erased_unique_40,64,516624.000000,8072.250000,27924889600
lean,primary,50,6,frame_draw_batch,own_allocated_unique_40,64,543895.000000,8498.359375,27924889600
lean,primary,50,7,frame_draw_batch,std_unique_8,64,492239.000000,7691.234375,27924889600
lean,primary,50,8,borrow_read_loop,own_unique_8,1000000,807194.000000,0.807194,256500000
lean,primary,50,9,borrow_read_loop,std_unique_8,1000000,492218.000000,0.492218,256500000
lean,primary,50,10,borrow_read_loop,own_allocated_unique_40,1000000,684733.000000,0.684733,256500000
lean,primary,50,11,borrow_read_loop,std_erased_unique_40,1000000,486549.000000,0.486549,256500000
lean,primary,50,12,vector_owner_transfer,std_erased_unique_40,64,212304.000000,3317.250000,438108160
lean,primary,50,13,vector_owner_transfer,std_unique_8,64,170802.000000,2668.781250,438108160
lean,primary,50,14,vector_owner_transfer,own_allocated_unique_40,64,372040.000000,5813.125000,438108160
lean,primary,50,15,vector_owner_transfer,own_unique_8,64,170562.000000,2665.031250,438108160
lean,primary,50,16,observable_move_roundtrip,std_erased_unique_40,500000,2981471.000000,5.962942,128250000
lean,primary,50,17,observable_move_roundtrip,std_unique_8,500000,541531.000000,1.083062,128250000
lean,primary,50,18,observable_move_roundtrip,own_unique_8,500000,640387.000000,1.280774,128250000
lean,primary,50,19,observable_move_roundtrip,own_allocated_unique_40,500000,5555358.000000,11.110716,128250000
lean,primary,50,20,synchronized_job_handoff,own_unique_8,2048,692554.000000,338.161133,218578944
lean,primary,50,21,synchronized_job_handoff,std_unique_8,2048,548822.000000,267.979492,218578944
lean,primary,50,22,synchronized_job_handoff,std_erased_unique_40,2048,552237.000000,269.646973,218578944
lean,primary,50,23,synchronized_job_handoff,own_allocated_unique_40,2048,573609.000000,280.082520,218578944
lean,repeat,0,0,synchronized_job_handoff,std_unique_8,2048,579147.000000,282.786621,218578944
lean,repeat,0,1,synchronized_job_handoff,own_allocated_unique_40,2048,499650.000000,243.969727,218578944
lean,repeat,0,2,synchronized_job_handoff,std_erased_unique_40,2048,580990.000000,283.686523,218578944
lean,repeat,0,3,synchronized_job_handoff,own_unique_8,2048,619075.000000,302.282715,218578944
lean,repeat,0,4,vector_owner_transfer,std_erased_unique_40,64,222680.000000,3479.375000,438108160
lean,repeat,0,5,vector_owner_transfer,own_unique_8,64,170853.000000,2669.578125,438108160
lean,repeat,0,6,vector_owner_transfer,std_unique_8,64,170352.000000,2661.750000,438108160
lean,repeat,0,7,vector_owner_transfer,own_allocated_unique_40,64,348896.000000,5451.500000,438108160
lean,repeat,0,8,observable_move_roundtrip,std_unique_8,500000,559428.000000,1.118856,128250000
lean,repeat,0,9,observable_move_roundtrip,own_unique_8,500000,571436.000000,1.142872,128250000
lean,repeat,0,10,observable_move_roundtrip,std_erased_unique_40,500000,2867431.000000,5.734862,128250000
lean,repeat,0,11,observable_move_roundtrip,own_allocated_unique_40,500000,5428641.000000,10.857282,128250000
lean,repeat,0,12,frame_draw_batch,std_erased_unique_40,64,617294.000000,9645.218750,27924889600
lean,repeat,0,13,frame_draw_batch,own_allocated_unique_40,64,522774.000000,8168.343750,27924889600
lean,repeat,0,14,frame_draw_batch,std_unique_8,64,506569.000000,7915.140625,27924889600
lean,repeat,0,15,frame_draw_batch,own_unique_8,64,558726.000000,8730.093750,27924889600
lean,repeat,0,16,create_read_destroy,own_unique_8,50000,510756.000000,10.215120,16251450000
lean,repeat,0,17,create_read_destroy,own_allocated_unique_40,50000,540169.000000,10.803380,16251450000
lean,repeat,0,18,create_read_destroy,std_unique_8,50000,518938.000000,10.378760,16251450000
lean,repeat,0,19,create_read_destroy,std_erased_unique_40,50000,661689.000000,13.233780,16251450000
lean,repeat,0,20,borrow_read_loop,std_unique_8,1000000,478588.000000,0.478588,256500000
lean,repeat,0,21,borrow_read_loop,own_unique_8,1000000,598215.000000,0.598215,256500000
lean,repeat,0,22,borrow_read_loop,own_allocated_unique_40,1000000,465699.000000,0.465699,256500000
lean,repeat,0,23,borrow_read_loop,std_erased_unique_40,1000000,432399.000000,0.432399,256500000
lean,repeat,1,0,borrow_read_loop,own_allocated_unique_40,1000000,448784.000000,0.448784,256500000
lean,repeat,1,1,borrow_read_loop,own_unique_8,1000000,541532.000000,0.541532,256500000
lean,repeat,1,2,borrow_read_loop,std_erased_unique_40,1000000,474291.000000,0.474291,256500000
lean,repeat,1,3,borrow_read_loop,std_unique_8,1000000,436747.000000,0.436747,256500000
lean,repeat,1,4,observable_move_roundtrip,std_unique_8,500000,557605.000000,1.115210,128250000
lean,repeat,1,5,observable_move_roundtrip,std_erased_unique_40,500000,2963144.000000,5.926288,128250000
lean,repeat,1,6,observable_move_roundtrip,own_unique_8,500000,541571.000000,1.083142,128250000
lean,repeat,1,7,observable_move_roundtrip,own_allocated_unique_40,500000,5456421.000000,10.912842,128250000
lean,repeat,1,8,create_read_destroy,std_unique_8,50000,446731.000000,8.934620,16251450000
lean,repeat,1,9,create_read_destroy,std_erased_unique_40,50000,459951.000000,9.199020,16251450000
lean,repeat,1,10,create_read_destroy,own_allocated_unique_40,50000,487962.000000,9.759240,16251450000
lean,repeat,1,11,create_read_destroy,own_unique_8,50000,457757.000000,9.155140,16251450000
lean,repeat,1,12,synchronized_job_handoff,std_erased_unique_40,2048,577764.000000,282.111328,218578944
lean,repeat,1,13,synchronized_job_handoff,own_unique_8,2048,568470.000000,277.573242,218578944
lean,repeat,1,14,synchronized_job_handoff,std_unique_8,2048,539007.000000,263.187012,218578944
lean,repeat,1,15,synchronized_job_handoff,own_allocated_unique_40,2048,579377.000000,282.898926,218578944
lean,repeat,1,16,vector_owner_transfer,std_unique_8,64,171834.000000,2684.906250,438108160
lean,repeat,1,17,vector_owner_transfer,own_allocated_unique_40,64,359081.000000,5610.640625,438108160
lean,repeat,1,18,vector_owner_transfer,own_unique_8,64,226365.000000,3536.953125,438108160
lean,repeat,1,19,vector_owner_transfer,std_erased_unique_40,64,223941.000000,3499.078125,438108160
lean,repeat,1,20,frame_draw_batch,own_unique_8,64,491918.000000,7686.218750,27924889600
lean,repeat,1,21,frame_draw_batch,own_allocated_unique_40,64,577334.000000,9020.843750,27924889600
lean,repeat,1,22,frame_draw_batch,std_unique_8,64,503415.000000,7865.859375,27924889600
lean,repeat,1,23,frame_draw_batch,std_erased_unique_40,64,515152.000000,8049.250000,27924889600
lean,repeat,2,0,frame_draw_batch,own_allocated_unique_40,64,667428.000000,10428.562500,27924889600
lean,repeat,2,1,frame_draw_batch,std_erased_unique_40,64,513850.000000,8028.906250,27924889600
lean,repeat,2,2,frame_draw_batch,own_unique_8,64,505418.000000,7897.156250,27924889600
lean,repeat,2,3,frame_draw_batch,std_unique_8,64,490506.000000,7664.156250,27924889600
lean,repeat,2,4,vector_owner_transfer,own_unique_8,64,167328.000000,2614.500000,438108160
lean,repeat,2,5,vector_owner_transfer,own_allocated_unique_40,64,381474.000000,5960.531250,438108160
lean,repeat,2,6,vector_owner_transfer,std_erased_unique_40,64,221258.000000,3457.156250,438108160
lean,repeat,2,7,vector_owner_transfer,std_unique_8,64,168419.000000,2631.546875,438108160
lean,repeat,2,8,borrow_read_loop,own_allocated_unique_40,1000000,458808.000000,0.458808,256500000
lean,repeat,2,9,borrow_read_loop,std_erased_unique_40,1000000,490125.000000,0.490125,256500000
lean,repeat,2,10,borrow_read_loop,own_unique_8,1000000,568851.000000,0.568851,256500000
lean,repeat,2,11,borrow_read_loop,std_unique_8,1000000,439050.000000,0.439050,256500000
lean,repeat,2,12,synchronized_job_handoff,own_allocated_unique_40,2048,562553.000000,274.684082,218578944
lean,repeat,2,13,synchronized_job_handoff,std_erased_unique_40,2048,544786.000000,266.008789,218578944
lean,repeat,2,14,synchronized_job_handoff,std_unique_8,2048,567730.000000,277.211914,218578944
lean,repeat,2,15,synchronized_job_handoff,own_unique_8,2048,549974.000000,268.541992,218578944
lean,repeat,2,16,observable_move_roundtrip,std_erased_unique_40,500000,2746733.000000,5.493466,128250000
lean,repeat,2,17,observable_move_roundtrip,std_unique_8,500000,568200.000000,1.136400,128250000
lean,repeat,2,18,observable_move_roundtrip,own_unique_8,500000,541420.000000,1.082840,128250000
lean,repeat,2,19,observable_move_roundtrip,own_allocated_unique_40,500000,5635526.000000,11.271052,128250000
lean,repeat,2,20,create_read_destroy,std_erased_unique_40,50000,566718.000000,11.334360,16251450000
lean,repeat,2,21,create_read_destroy,own_unique_8,50000,497576.000000,9.951520,16251450000
lean,repeat,2,22,create_read_destroy,std_unique_8,50000,489934.000000,9.798680,16251450000
lean,repeat,2,23,create_read_destroy,own_allocated_unique_40,50000,528902.000000,10.578040,16251450000
lean,repeat,3,0,borrow_read_loop,std_erased_unique_40,1000000,436776.000000,0.436776,256500000
lean,repeat,3,1,borrow_read_loop,std_unique_8,1000000,451698.000000,0.451698,256500000
lean,repeat,3,2,borrow_read_loop,own_allocated_unique_40,1000000,436726.000000,0.436726,256500000
lean,repeat,3,3,borrow_read_loop,own_unique_8,1000000,553850.000000,0.553850,256500000
lean,repeat,3,4,vector_owner_transfer,std_erased_unique_40,64,223090.000000,3485.781250,438108160
lean,repeat,3,5,vector_owner_transfer,std_unique_8,64,170062.000000,2657.218750,438108160
lean,repeat,3,6,vector_owner_transfer,own_unique_8,64,168680.000000,2635.625000,438108160
lean,repeat,3,7,vector_owner_transfer,own_allocated_unique_40,64,365681.000000,5713.765625,438108160
lean,repeat,3,8,synchronized_job_handoff,own_allocated_unique_40,2048,665044.000000,324.728516,218578944
lean,repeat,3,9,synchronized_job_handoff,std_erased_unique_40,2048,612936.000000,299.285156,218578944
lean,repeat,3,10,synchronized_job_handoff,own_unique_8,2048,882466.000000,430.891602,218578944
lean,repeat,3,11,synchronized_job_handoff,std_unique_8,2048,568652.000000,277.662109,218578944
lean,repeat,3,12,observable_move_roundtrip,own_allocated_unique_40,500000,5310216.000000,10.620432,128250000
lean,repeat,3,13,observable_move_roundtrip,std_erased_unique_40,500000,2849355.000000,5.698710,128250000
lean,repeat,3,14,observable_move_roundtrip,std_unique_8,500000,541571.000000,1.083142,128250000
lean,repeat,3,15,observable_move_roundtrip,own_unique_8,500000,555142.000000,1.110284,128250000
lean,repeat,3,16,frame_draw_batch,own_allocated_unique_40,64,526689.000000,8229.515625,27924889600
lean,repeat,3,17,frame_draw_batch,own_unique_8,64,520711.000000,8136.109375,27924889600
lean,repeat,3,18,frame_draw_batch,std_unique_8,64,492058.000000,7688.406250,27924889600
lean,repeat,3,19,frame_draw_batch,std_erased_unique_40,64,529233.000000,8269.265625,27924889600
lean,repeat,3,20,create_read_destroy,own_allocated_unique_40,50000,500460.000000,10.009200,16251450000
lean,repeat,3,21,create_read_destroy,std_unique_8,50000,470787.000000,9.415740,16251450000
lean,repeat,3,22,create_read_destroy,own_unique_8,50000,433130.000000,8.662600,16251450000
lean,repeat,3,23,create_read_destroy,std_erased_unique_40,50000,459299.000000,9.185980,16251450000
lean,repeat,4,0,vector_owner_transfer,own_allocated_unique_40,64,350738.000000,5480.281250,438108160
lean,repeat,4,1,vector_owner_transfer,std_unique_8,64,169301.000000,2645.328125,438108160
lean,repeat,4,2,vector_owner_transfer,own_unique_8,64,260585.000000,4071.640625,438108160
lean,repeat,4,3,vector_owner_transfer,std_erased_unique_40,64,223640.000000,3494.375000,438108160
lean,repeat,4,4,borrow_read_loop,std_erased_unique_40,1000000,436345.000000,0.436345,256500000
lean,repeat,4,5,borrow_read_loop,own_unique_8,1000000,554900.000000,0.554900,256500000
lean,repeat,4,6,borrow_read_loop,std_unique_8,1000000,436285.000000,0.436285,256500000
lean,repeat,4,7,borrow_read_loop,own_allocated_unique_40,1000000,448103.000000,0.448103,256500000
lean,repeat,4,8,frame_draw_batch,own_unique_8,64,488673.000000,7635.515625,27924889600
lean,repeat,4,9,frame_draw_batch,std_erased_unique_40,64,528873.000000,8263.640625,27924889600
lean,repeat,4,10,frame_draw_batch,std_unique_8,64,489835.000000,7653.671875,27924889600
lean,repeat,4,11,frame_draw_batch,own_allocated_unique_40,64,548992.000000,8578.000000,27924889600
lean,repeat,4,12,observable_move_roundtrip,std_unique_8,500000,541572.000000,1.083144,128250000
lean,repeat,4,13,observable_move_roundtrip,own_unique_8,500000,553720.000000,1.107440,128250000
lean,repeat,4,14,observable_move_roundtrip,own_allocated_unique_40,500000,5318668.000000,10.637336,128250000
lean,repeat,4,15,observable_move_roundtrip,std_erased_unique_40,500000,2986037.000000,5.972074,128250000
lean,repeat,4,16,synchronized_job_handoff,own_unique_8,2048,609512.000000,297.613281,218578944
lean,repeat,4,17,synchronized_job_handoff,std_unique_8,2048,568401.000000,277.539551,218578944
lean,repeat,4,18,synchronized_job_handoff,std_erased_unique_40,2048,598585.000000,292.277832,218578944
lean,repeat,4,19,synchronized_job_handoff,own_allocated_unique_40,2048,508392.000000,248.238281,218578944
lean,repeat,4,20,create_read_destroy,own_allocated_unique_40,50000,642550.000000,12.851000,16251450000
lean,repeat,4,21,create_read_destroy,own_unique_8,50000,471537.000000,9.430740,16251450000
lean,repeat,4,22,create_read_destroy,std_erased_unique_40,50000,497896.000000,9.957920,16251450000
lean,repeat,4,23,create_read_destroy,std_unique_8,50000,524626.000000,10.492520,16251450000
lean,repeat,5,0,synchronized_job_handoff,std_unique_8,2048,549313.000000,268.219238,218578944
lean,repeat,5,1,synchronized_job_handoff,own_unique_8,2048,634348.000000,309.740234,218578944
lean,repeat,5,2,synchronized_job_handoff,std_erased_unique_40,2048,857699.000000,418.798340,218578944
lean,repeat,5,3,synchronized_job_handoff,own_allocated_unique_40,2048,513940.000000,250.947266,218578944
lean,repeat,5,4,borrow_read_loop,own_allocated_unique_40,1000000,457767.000000,0.457767,256500000
lean,repeat,5,5,borrow_read_loop,std_erased_unique_40,1000000,612426.000000,0.612426,256500000
lean,repeat,5,6,borrow_read_loop,std_unique_8,1000000,465839.000000,0.465839,256500000
lean,repeat,5,7,borrow_read_loop,own_unique_8,1000000,541791.000000,0.541791,256500000
lean,repeat,5,8,create_read_destroy,own_allocated_unique_40,50000,544635.000000,10.892700,16251450000
lean,repeat,5,9,create_read_destroy,std_unique_8,50000,500180.000000,10.003600,16251450000
lean,repeat,5,10,create_read_destroy,std_erased_unique_40,50000,496915.000000,9.938300,16251450000
lean,repeat,5,11,create_read_destroy,own_unique_8,50000,433151.000000,8.663020,16251450000
lean,repeat,5,12,frame_draw_batch,std_erased_unique_40,64,531876.000000,8310.562500,27924889600
lean,repeat,5,13,frame_draw_batch,std_unique_8,64,490155.000000,7658.671875,27924889600
lean,repeat,5,14,frame_draw_batch,own_unique_8,64,501242.000000,7831.906250,27924889600
lean,repeat,5,15,frame_draw_batch,own_allocated_unique_40,64,525838.000000,8216.218750,27924889600
lean,repeat,5,16,observable_move_roundtrip,own_allocated_unique_40,500000,5715065.000000,11.430130,128250000
lean,repeat,5,17,observable_move_roundtrip,std_unique_8,500000,579427.000000,1.158854,128250000
lean,repeat,5,18,observable_move_roundtrip,std_erased_unique_40,500000,2990905.000000,5.981810,128250000
lean,repeat,5,19,observable_move_roundtrip,own_unique_8,500000,544215.000000,1.088430,128250000
lean,repeat,5,20,vector_owner_transfer,own_unique_8,64,169952.000000,2655.500000,438108160
lean,repeat,5,21,vector_owner_transfer,std_unique_8,64,173527.000000,2711.359375,438108160
lean,repeat,5,22,vector_owner_transfer,own_allocated_unique_40,64,465749.000000,7277.328125,438108160
lean,repeat,5,23,vector_owner_transfer,std_erased_unique_40,64,266073.000000,4157.390625,438108160
lean,repeat,6,0,create_read_destroy,own_unique_8,50000,469424.000000,9.388480,16251450000
lean,repeat,6,1,create_read_destroy,own_allocated_unique_40,50000,543354.000000,10.867080,16251450000
lean,repeat,6,2,create_read_destroy,std_erased_unique_40,50000,475313.000000,9.506260,16251450000
lean,repeat,6,3,create_read_destroy,std_unique_8,50000,607990.000000,12.159800,16251450000
lean,repeat,6,4,borrow_read_loop,std_erased_unique_40,1000000,490205.000000,0.490205,256500000
lean,repeat,6,5,borrow_read_loop,std_unique_8,1000000,437117.000000,0.437117,256500000
lean,repeat,6,6,borrow_read_loop,own_unique_8,1000000,631334.000000,0.631334,256500000
lean,repeat,6,7,borrow_read_loop,own_allocated_unique_40,1000000,563403.000000,0.563403,256500000
lean,repeat,6,8,frame_draw_batch,std_erased_unique_40,64,548161.000000,8565.015625,27924889600
lean,repeat,6,9,frame_draw_batch,std_unique_8,64,610313.000000,9536.140625,27924889600
lean,repeat,6,10,frame_draw_batch,own_unique_8,64,572918.000000,8951.843750,27924889600
lean,repeat,6,11,frame_draw_batch,own_allocated_unique_40,64,588371.000000,9193.296875,27924889600
lean,repeat,6,12,observable_move_roundtrip,std_erased_unique_40,500000,3133616.000000,6.267232,128250000
lean,repeat,6,13,observable_move_roundtrip,own_allocated_unique_40,500000,5575318.000000,11.150636,128250000
lean,repeat,6,14,observable_move_roundtrip,std_unique_8,500000,541702.000000,1.083404,128250000
lean,repeat,6,15,observable_move_roundtrip,own_unique_8,500000,553949.000000,1.107898,128250000
lean,repeat,6,16,vector_owner_transfer,own_unique_8,64,171904.000000,2686.000000,438108160
lean,repeat,6,17,vector_owner_transfer,own_allocated_unique_40,64,352191.000000,5502.984375,438108160
lean,repeat,6,18,vector_owner_transfer,std_erased_unique_40,64,224913.000000,3514.265625,438108160
lean,repeat,6,19,vector_owner_transfer,std_unique_8,64,186606.000000,2915.718750,438108160
lean,repeat,6,20,synchronized_job_handoff,std_erased_unique_40,2048,1922253.000000,938.600098,218578944
lean,repeat,6,21,synchronized_job_handoff,own_allocated_unique_40,2048,607589.000000,296.674316,218578944
lean,repeat,6,22,synchronized_job_handoff,std_unique_8,2048,557896.000000,272.410156,218578944
lean,repeat,6,23,synchronized_job_handoff,own_unique_8,2048,524306.000000,256.008789,218578944
lean,repeat,7,0,borrow_read_loop,own_allocated_unique_40,1000000,902615.000000,0.902615,256500000
lean,repeat,7,1,borrow_read_loop,std_unique_8,1000000,612281.000000,0.612281,256500000
lean,repeat,7,2,borrow_read_loop,own_unique_8,1000000,627538.000000,0.627538,256500000
lean,repeat,7,3,borrow_read_loop,std_erased_unique_40,1000000,638645.000000,0.638645,256500000
lean,repeat,7,4,synchronized_job_handoff,std_erased_unique_40,2048,593879.000000,289.979980,218578944
lean,repeat,7,5,synchronized_job_handoff,std_unique_8,2048,537445.000000,262.424316,218578944
lean,repeat,7,6,synchronized_job_handoff,own_allocated_unique_40,2048,626216.000000,305.769531,218578944
lean,repeat,7,7,synchronized_job_handoff,own_unique_8,2048,557194.000000,272.067383,218578944
lean,repeat,7,8,create_read_destroy,std_unique_8,50000,504166.000000,10.083320,16251450000
lean,repeat,7,9,create_read_destroy,std_erased_unique_40,50000,454342.000000,9.086840,16251450000
lean,repeat,7,10,create_read_destroy,own_unique_8,50000,655370.000000,13.107400,16251450000
lean,repeat,7,11,create_read_destroy,own_allocated_unique_40,50000,514641.000000,10.292820,16251450000
lean,repeat,7,12,vector_owner_transfer,std_erased_unique_40,64,244982.000000,3827.843750,438108160
lean,repeat,7,13,vector_owner_transfer,own_unique_8,64,170913.000000,2670.515625,438108160
lean,repeat,7,14,vector_owner_transfer,own_allocated_unique_40,64,377188.000000,5893.562500,438108160
lean,repeat,7,15,vector_owner_transfer,std_unique_8,64,172075.000000,2688.671875,438108160
lean,repeat,7,16,frame_draw_batch,std_erased_unique_40,64,551516.000000,8617.437500,27924889600
lean,repeat,7,17,frame_draw_batch,own_allocated_unique_40,64,881053.000000,13766.453125,27924889600
lean,repeat,7,18,frame_draw_batch,std_unique_8,64,1275547.000000,19930.421875,27924889600
lean,repeat,7,19,frame_draw_batch,own_unique_8,64,1714236.000000,26784.937500,27924889600
lean,repeat,7,20,observable_move_roundtrip,own_allocated_unique_40,500000,6748774.000000,13.497548,128250000
lean,repeat,7,21,observable_move_roundtrip,own_unique_8,500000,2969643.000000,5.939286,128250000
lean,repeat,7,22,observable_move_roundtrip,std_erased_unique_40,500000,4412066.000000,8.824132,128250000
lean,repeat,7,23,observable_move_roundtrip,std_unique_8,500000,631284.000000,1.262568,128250000
lean,repeat,8,0,synchronized_job_handoff,own_allocated_unique_40,2048,819933.000000,400.357910,218578944
lean,repeat,8,1,synchronized_job_handoff,own_unique_8,2048,1001241.000000,488.887207,218578944
lean,repeat,8,2,synchronized_job_handoff,std_erased_unique_40,2048,1095291.000000,534.810059,218578944
lean,repeat,8,3,synchronized_job_handoff,std_unique_8,2048,564916.000000,275.837891,218578944
lean,repeat,8,4,borrow_read_loop,std_erased_unique_40,1000000,493720.000000,0.493720,256500000
lean,repeat,8,5,borrow_read_loop,own_unique_8,1000000,590684.000000,0.590684,256500000
lean,repeat,8,6,borrow_read_loop,own_allocated_unique_40,1000000,624734.000000,0.624734,256500000
lean,repeat,8,7,borrow_read_loop,std_unique_8,1000000,444337.000000,0.444337,256500000
lean,repeat,8,8,frame_draw_batch,own_unique_8,64,589112.000000,9204.875000,27924889600
lean,repeat,8,9,frame_draw_batch,own_allocated_unique_40,64,525457.000000,8210.265625,27924889600
lean,repeat,8,10,frame_draw_batch,std_unique_8,64,519128.000000,8111.375000,27924889600
lean,repeat,8,11,frame_draw_batch,std_erased_unique_40,64,1864248.000000,29128.875000,27924889600
lean,repeat,8,12,vector_owner_transfer,std_erased_unique_40,64,224853.000000,3513.328125,438108160
lean,repeat,8,13,vector_owner_transfer,std_unique_8,64,172576.000000,2696.500000,438108160
lean,repeat,8,14,vector_owner_transfer,own_allocated_unique_40,64,481923.000000,7530.046875,438108160
lean,repeat,8,15,vector_owner_transfer,own_unique_8,64,170983.000000,2671.609375,438108160
lean,repeat,8,16,observable_move_roundtrip,own_allocated_unique_40,500000,6044852.000000,12.089704,128250000
lean,repeat,8,17,observable_move_roundtrip,std_unique_8,500000,808336.000000,1.616672,128250000
lean,repeat,8,18,observable_move_roundtrip,std_erased_unique_40,500000,3054539.000000,6.109078,128250000
lean,repeat,8,19,observable_move_roundtrip,own_unique_8,500000,719955.000000,1.439910,128250000
lean,repeat,8,20,create_read_destroy,own_unique_8,50000,433452.000000,8.669040,16251450000
lean,repeat,8,21,create_read_destroy,own_allocated_unique_40,50000,471167.000000,9.423340,16251450000
lean,repeat,8,22,create_read_destroy,std_erased_unique_40,50000,554550.000000,11.091000,16251450000
lean,repeat,8,23,create_read_destroy,std_unique_8,50000,601099.000000,12.021980,16251450000
lean,repeat,9,0,vector_owner_transfer,std_erased_unique_40,64,226175.000000,3533.984375,438108160
lean,repeat,9,1,vector_owner_transfer,own_allocated_unique_40,64,351971.000000,5499.546875,438108160
lean,repeat,9,2,vector_owner_transfer,std_unique_8,64,170222.000000,2659.718750,438108160
lean,repeat,9,3,vector_owner_transfer,own_unique_8,64,239123.000000,3736.296875,438108160
lean,repeat,9,4,create_read_destroy,std_erased_unique_40,50000,557265.000000,11.145300,16251450000
lean,repeat,9,5,create_read_destroy,std_unique_8,50000,552908.000000,11.058160,16251450000
lean,repeat,9,6,create_read_destroy,own_allocated_unique_40,50000,494502.000000,9.890040,16251450000
lean,repeat,9,7,create_read_destroy,own_unique_8,50000,462384.000000,9.247680,16251450000
lean,repeat,9,8,borrow_read_loop,std_unique_8,1000000,436496.000000,0.436496,256500000
lean,repeat,9,9,borrow_read_loop,std_erased_unique_40,1000000,512999.000000,0.512999,256500000
lean,repeat,9,10,borrow_read_loop,own_allocated_unique_40,1000000,436616.000000,0.436616,256500000
lean,repeat,9,11,borrow_read_loop,own_unique_8,1000000,615902.000000,0.615902,256500000
lean,repeat,9,12,synchronized_job_handoff,own_unique_8,2048,592908.000000,289.505859,218578944
lean,repeat,9,13,synchronized_job_handoff,own_allocated_unique_40,2048,501371.000000,244.810059,218578944
lean,repeat,9,14,synchronized_job_handoff,std_erased_unique_40,2048,518487.000000,253.167480,218578944
lean,repeat,9,15,synchronized_job_handoff,std_unique_8,2048,662811.000000,323.638184,218578944
lean,repeat,9,16,observable_move_roundtrip,own_allocated_unique_40,500000,6040046.000000,12.080092,128250000
lean,repeat,9,17,observable_move_roundtrip,std_unique_8,500000,553098.000000,1.106196,128250000
lean,repeat,9,18,observable_move_roundtrip,std_erased_unique_40,500000,2810247.000000,5.620494,128250000
lean,repeat,9,19,observable_move_roundtrip,own_unique_8,500000,837059.000000,1.674118,128250000
lean,repeat,9,20,frame_draw_batch,own_allocated_unique_40,64,546769.000000,8543.265625,27924889600
lean,repeat,9,21,frame_draw_batch,std_erased_unique_40,64,607369.000000,9490.140625,27924889600
lean,repeat,9,22,frame_draw_batch,std_unique_8,64,575741.000000,8995.953125,27924889600
lean,repeat,9,23,frame_draw_batch,own_unique_8,64,540860.000000,8450.937500,27924889600
lean,repeat,10,0,vector_owner_transfer,own_allocated_unique_40,64,351510.000000,5492.343750,438108160
lean,repeat,10,1,vector_owner_transfer,std_unique_8,64,218814.000000,3418.968750,438108160
lean,repeat,10,2,vector_owner_transfer,own_unique_8,64,168909.000000,2639.203125,438108160
lean,repeat,10,3,vector_owner_transfer,std_erased_unique_40,64,260715.000000,4073.671875,438108160
lean,repeat,10,4,frame_draw_batch,std_erased_unique_40,64,562091.000000,8782.671875,27924889600
lean,repeat,10,5,frame_draw_batch,std_unique_8,64,569162.000000,8893.156250,27924889600
lean,repeat,10,6,frame_draw_batch,own_unique_8,64,500150.000000,7814.843750,27924889600
lean,repeat,10,7,frame_draw_batch,own_allocated_unique_40,64,702880.000000,10982.500000,27924889600
lean,repeat,10,8,synchronized_job_handoff,own_allocated_unique_40,2048,531326.000000,259.436523,218578944
lean,repeat,10,9,synchronized_job_handoff,std_unique_8,2048,611334.000000,298.502930,218578944
lean,repeat,10,10,synchronized_job_handoff,own_unique_8,2048,707477.000000,345.447754,218578944
lean,repeat,10,11,synchronized_job_handoff,std_erased_unique_40,2048,587219.000000,286.728027,218578944
lean,repeat,10,12,observable_move_roundtrip,std_erased_unique_40,500000,3196599.000000,6.393198,128250000
lean,repeat,10,13,observable_move_roundtrip,std_unique_8,500000,553328.000000,1.106656,128250000
lean,repeat,10,14,observable_move_roundtrip,own_unique_8,500000,556713.000000,1.113426,128250000
lean,repeat,10,15,observable_move_roundtrip,own_allocated_unique_40,500000,5909091.000000,11.818182,128250000
lean,repeat,10,16,create_read_destroy,own_allocated_unique_40,50000,470977.000000,9.419540,16251450000
lean,repeat,10,17,create_read_destroy,own_unique_8,50000,516514.000000,10.330280,16251450000
lean,repeat,10,18,create_read_destroy,std_erased_unique_40,50000,545617.000000,10.912340,16251450000
lean,repeat,10,19,create_read_destroy,std_unique_8,50000,474643.000000,9.492860,16251450000
lean,repeat,10,20,borrow_read_loop,std_erased_unique_40,1000000,436656.000000,0.436656,256500000
lean,repeat,10,21,borrow_read_loop,own_unique_8,1000000,691192.000000,0.691192,256500000
lean,repeat,10,22,borrow_read_loop,std_unique_8,1000000,437046.000000,0.437046,256500000
lean,repeat,10,23,borrow_read_loop,own_allocated_unique_40,1000000,460531.000000,0.460531,256500000
lean,repeat,11,0,synchronized_job_handoff,own_unique_8,2048,525848.000000,256.761719,218578944
lean,repeat,11,1,synchronized_job_handoff,std_erased_unique_40,2048,943736.000000,460.808594,218578944
lean,repeat,11,2,synchronized_job_handoff,std_unique_8,2048,585046.000000,285.666992,218578944
lean,repeat,11,3,synchronized_job_handoff,own_allocated_unique_40,2048,538356.000000,262.869141,218578944
lean,repeat,11,4,create_read_destroy,own_unique_8,50000,510075.000000,10.201500,16251450000
lean,repeat,11,5,create_read_destroy,own_allocated_unique_40,50000,504126.000000,10.082520,16251450000
lean,repeat,11,6,create_read_destroy,std_unique_8,50000,519318.000000,10.386360,16251450000
lean,repeat,11,7,create_read_destroy,std_erased_unique_40,50000,446881.000000,8.937620,16251450000
lean,repeat,11,8,observable_move_roundtrip,std_erased_unique_40,500000,3044814.000000,6.089628,128250000
lean,repeat,11,9,observable_move_roundtrip,own_allocated_unique_40,500000,6036199.000000,12.072398,128250000
lean,repeat,11,10,observable_move_roundtrip,own_unique_8,500000,627288.000000,1.254576,128250000
lean,repeat,11,11,observable_move_roundtrip,std_unique_8,500000,593789.000000,1.187578,128250000
lean,repeat,11,12,frame_draw_batch,own_allocated_unique_40,64,584605.000000,9134.453125,27924889600
lean,repeat,11,13,frame_draw_batch,std_erased_unique_40,64,612336.000000,9567.750000,27924889600
lean,repeat,11,14,frame_draw_batch,std_unique_8,64,492138.000000,7689.656250,27924889600
lean,repeat,11,15,frame_draw_batch,own_unique_8,64,506960.000000,7921.250000,27924889600
lean,repeat,11,16,vector_owner_transfer,own_unique_8,64,171504.000000,2679.750000,438108160
lean,repeat,11,17,vector_owner_transfer,std_unique_8,64,171263.000000,2675.984375,438108160
lean,repeat,11,18,vector_owner_transfer,own_allocated_unique_40,64,365922.000000,5717.531250,438108160
lean,repeat,11,19,vector_owner_transfer,std_erased_unique_40,64,236360.000000,3693.125000,438108160
lean,repeat,11,20,borrow_read_loop,own_allocated_unique_40,1000000,631074.000000,0.631074,256500000
lean,repeat,11,21,borrow_read_loop,std_unique_8,1000000,504706.000000,0.504706,256500000
lean,repeat,11,22,borrow_read_loop,own_unique_8,1000000,541411.000000,0.541411,256500000
lean,repeat,11,23,borrow_read_loop,std_erased_unique_40,1000000,484888.000000,0.484888,256500000
lean,repeat,12,0,synchronized_job_handoff,own_unique_8,2048,433621.000000,211.729004,218578944
lean,repeat,12,1,synchronized_job_handoff,own_allocated_unique_40,2048,611444.000000,298.556641,218578944
lean,repeat,12,2,synchronized_job_handoff,std_unique_8,2048,617644.000000,301.583984,218578944
lean,repeat,12,3,synchronized_job_handoff,std_erased_unique_40,2048,1089021.000000,531.748535,218578944
lean,repeat,12,4,observable_move_roundtrip,own_allocated_unique_40,500000,6379968.000000,12.759936,128250000
lean,repeat,12,5,observable_move_roundtrip,std_unique_8,500000,565376.000000,1.130752,128250000
lean,repeat,12,6,observable_move_roundtrip,std_erased_unique_40,500000,2978357.000000,5.956714,128250000
lean,repeat,12,7,observable_move_roundtrip,own_unique_8,500000,541732.000000,1.083464,128250000
lean,repeat,12,8,borrow_read_loop,std_unique_8,1000000,448113.000000,0.448113,256500000
lean,repeat,12,9,borrow_read_loop,own_unique_8,1000000,616452.000000,0.616452,256500000
lean,repeat,12,10,borrow_read_loop,std_erased_unique_40,1000000,542212.000000,0.542212,256500000
lean,repeat,12,11,borrow_read_loop,own_allocated_unique_40,1000000,436476.000000,0.436476,256500000
lean,repeat,12,12,frame_draw_batch,own_allocated_unique_40,64,568892.000000,8888.937500,27924889600
lean,repeat,12,13,frame_draw_batch,std_unique_8,64,493299.000000,7707.796875,27924889600
lean,repeat,12,14,frame_draw_batch,own_unique_8,64,504076.000000,7876.187500,27924889600
lean,repeat,12,15,frame_draw_batch,std_erased_unique_40,64,515582.000000,8055.968750,27924889600
lean,repeat,12,16,vector_owner_transfer,std_unique_8,64,170532.000000,2664.562500,438108160
lean,repeat,12,17,vector_owner_transfer,std_erased_unique_40,64,301756.000000,4714.937500,438108160
lean,repeat,12,18,vector_owner_transfer,own_unique_8,64,211163.000000,3299.421875,438108160
lean,repeat,12,19,vector_owner_transfer,own_allocated_unique_40,64,351270.000000,5488.593750,438108160
lean,repeat,12,20,create_read_destroy,std_erased_unique_40,50000,1062051.000000,21.241020,16251450000
lean,repeat,12,21,create_read_destroy,std_unique_8,50000,925739.000000,18.514780,16251450000
lean,repeat,12,22,create_read_destroy,own_unique_8,50000,918939.000000,18.378780,16251450000
lean,repeat,12,23,create_read_destroy,own_allocated_unique_40,50000,1085707.000000,21.714140,16251450000
lean,repeat,13,0,observable_move_roundtrip,std_erased_unique_40,500000,3579094.000000,7.158188,128250000
lean,repeat,13,1,observable_move_roundtrip,std_unique_8,500000,541621.000000,1.083242,128250000
lean,repeat,13,2,observable_move_roundtrip,own_unique_8,500000,614048.000000,1.228096,128250000
lean,repeat,13,3,observable_move_roundtrip,own_allocated_unique_40,500000,5799599.000000,11.599198,128250000
lean,repeat,13,4,vector_owner_transfer,std_unique_8,64,222620.000000,3478.437500,438108160
lean,repeat,13,5,vector_owner_transfer,own_allocated_unique_40,64,352061.000000,5500.953125,438108160
lean,repeat,13,6,vector_owner_transfer,own_unique_8,64,211823.000000,3309.734375,438108160
lean,repeat,13,7,vector_owner_transfer,std_erased_unique_40,64,328476.000000,5132.437500,438108160
lean,repeat,13,8,synchronized_job_handoff,std_erased_unique_40,2048,719364.000000,351.251953,218578944
lean,repeat,13,9,synchronized_job_handoff,own_allocated_unique_40,2048,600498.000000,293.211914,218578944
lean,repeat,13,10,synchronized_job_handoff,own_unique_8,2048,495634.000000,242.008789,218578944
lean,repeat,13,11,synchronized_job_handoff,std_unique_8,2048,829116.000000,404.841797,218578944
lean,repeat,13,12,borrow_read_loop,std_erased_unique_40,1000000,439230.000000,0.439230,256500000
lean,repeat,13,13,borrow_read_loop,own_allocated_unique_40,1000000,479599.000000,0.479599,256500000
lean,repeat,13,14,borrow_read_loop,own_unique_8,1000000,541421.000000,0.541421,256500000
lean,repeat,13,15,borrow_read_loop,std_unique_8,1000000,589011.000000,0.589011,256500000
lean,repeat,13,16,frame_draw_batch,own_allocated_unique_40,64,525186.000000,8206.031250,27924889600
lean,repeat,13,17,frame_draw_batch,own_unique_8,64,566969.000000,8858.890625,27924889600
lean,repeat,13,18,frame_draw_batch,std_unique_8,64,491167.000000,7674.484375,27924889600
lean,repeat,13,19,frame_draw_batch,std_erased_unique_40,64,677632.000000,10588.000000,27924889600
lean,repeat,13,20,create_read_destroy,own_allocated_unique_40,50000,463215.000000,9.264300,16251450000
lean,repeat,13,21,create_read_destroy,std_unique_8,50000,473050.000000,9.461000,16251450000
lean,repeat,13,22,create_read_destroy,std_erased_unique_40,50000,524325.000000,10.486500,16251450000
lean,repeat,13,23,create_read_destroy,own_unique_8,50000,537936.000000,10.758720,16251450000
lean,repeat,14,0,observable_move_roundtrip,own_allocated_unique_40,500000,5844366.000000,11.688732,128250000
lean,repeat,14,1,observable_move_roundtrip,std_erased_unique_40,500000,3112394.000000,6.224788,128250000
lean,repeat,14,2,observable_move_roundtrip,own_unique_8,500000,793484.000000,1.586968,128250000
lean,repeat,14,3,observable_move_roundtrip,std_unique_8,500000,601450.000000,1.202900,128250000
lean,repeat,14,4,frame_draw_batch,std_erased_unique_40,64,547850.000000,8560.156250,27924889600
lean,repeat,14,5,frame_draw_batch,own_unique_8,64,618876.000000,9669.937500,27924889600
lean,repeat,14,6,frame_draw_batch,std_unique_8,64,490916.000000,7670.562500,27924889600
lean,repeat,14,7,frame_draw_batch,own_allocated_unique_40,64,538086.000000,8407.593750,27924889600
lean,repeat,14,8,create_read_destroy,own_allocated_unique_40,50000,584545.000000,11.690900,16251450000
lean,repeat,14,9,create_read_destroy,std_erased_unique_40,50000,473630.000000,9.472600,16251450000
lean,repeat,14,10,create_read_destroy,own_unique_8,50000,435664.000000,8.713280,16251450000
lean,repeat,14,11,create_read_destroy,std_unique_8,50000,460882.000000,9.217640,16251450000
lean,repeat,14,12,borrow_read_loop,own_allocated_unique_40,1000000,436356.000000,0.436356,256500000
lean,repeat,14,13,borrow_read_loop,std_erased_unique_40,1000000,589853.000000,0.589853,256500000
lean,repeat,14,14,borrow_read_loop,own_unique_8,1000000,541431.000000,0.541431,256500000
lean,repeat,14,15,borrow_read_loop,std_unique_8,1000000,449495.000000,0.449495,256500000
lean,repeat,14,16,synchronized_job_handoff,own_unique_8,2048,564445.000000,275.607910,218578944
lean,repeat,14,17,synchronized_job_handoff,own_allocated_unique_40,2048,582231.000000,284.292480,218578944
lean,repeat,14,18,synchronized_job_handoff,std_erased_unique_40,2048,610693.000000,298.189941,218578944
lean,repeat,14,19,synchronized_job_handoff,std_unique_8,2048,651323.000000,318.028809,218578944
lean,repeat,14,20,vector_owner_transfer,std_erased_unique_40,64,223811.000000,3497.046875,438108160
lean,repeat,14,21,vector_owner_transfer,own_allocated_unique_40,64,383287.000000,5988.859375,438108160
lean,repeat,14,22,vector_owner_transfer,std_unique_8,64,171243.000000,2675.671875,438108160
lean,repeat,14,23,vector_owner_transfer,own_unique_8,64,169251.000000,2644.546875,438108160
lean,repeat,15,0,vector_owner_transfer,own_allocated_unique_40,64,371719.000000,5808.109375,438108160
lean,repeat,15,1,vector_owner_transfer,std_erased_unique_40,64,243510.000000,3804.843750,438108160
lean,repeat,15,2,vector_owner_transfer,own_unique_8,64,166367.000000,2599.484375,438108160
lean,repeat,15,3,vector_owner_transfer,std_unique_8,64,166847.000000,2606.984375,438108160
lean,repeat,15,4,synchronized_job_handoff,own_unique_8,2048,550874.000000,268.981445,218578944
lean,repeat,15,5,synchronized_job_handoff,own_allocated_unique_40,2048,556604.000000,271.779297,218578944
lean,repeat,15,6,synchronized_job_handoff,std_erased_unique_40,2048,582451.000000,284.399902,218578944
lean,repeat,15,7,synchronized_job_handoff,std_unique_8,2048,1019718.000000,497.909180,218578944
lean,repeat,15,8,borrow_read_loop,own_allocated_unique_40,1000000,637453.000000,0.637453,256500000
lean,repeat,15,9,borrow_read_loop,std_unique_8,1000000,795537.000000,0.795537,256500000
lean,repeat,15,10,borrow_read_loop,own_unique_8,1000000,605216.000000,0.605216,256500000
lean,repeat,15,11,borrow_read_loop,std_erased_unique_40,1000000,493050.000000,0.493050,256500000
lean,repeat,15,12,create_read_destroy,std_erased_unique_40,50000,475854.000000,9.517080,16251450000
lean,repeat,15,13,create_read_destroy,own_unique_8,50000,482754.000000,9.655080,16251450000
lean,repeat,15,14,create_read_destroy,own_allocated_unique_40,50000,577204.000000,11.544080,16251450000
lean,repeat,15,15,create_read_destroy,std_unique_8,50000,447372.000000,8.947440,16251450000
lean,repeat,15,16,frame_draw_batch,std_erased_unique_40,64,543154.000000,8486.781250,27924889600
lean,repeat,15,17,frame_draw_batch,own_allocated_unique_40,64,573789.000000,8965.453125,27924889600
lean,repeat,15,18,frame_draw_batch,std_unique_8,64,572837.000000,8950.578125,27924889600
lean,repeat,15,19,frame_draw_batch,own_unique_8,64,518346.000000,8099.156250,27924889600
lean,repeat,15,20,observable_move_roundtrip,std_erased_unique_40,500000,2858158.000000,5.716316,128250000
lean,repeat,15,21,observable_move_roundtrip,own_allocated_unique_40,500000,5627805.000000,11.255610,128250000
lean,repeat,15,22,observable_move_roundtrip,own_unique_8,500000,861234.000000,1.722468,128250000
lean,repeat,15,23,observable_move_roundtrip,std_unique_8,500000,541741.000000,1.083482,128250000
lean,repeat,16,0,vector_owner_transfer,own_unique_8,64,206906.000000,3232.906250,438108160
lean,repeat,16,1,vector_owner_transfer,std_unique_8,64,170622.000000,2665.968750,438108160
lean,repeat,16,2,vector_owner_transfer,own_allocated_unique_40,64,406822.000000,6356.593750,438108160
lean,repeat,16,3,vector_owner_transfer,std_erased_unique_40,64,222689.000000,3479.515625,438108160
lean,repeat,16,4,borrow_read_loop,own_unique_8,1000000,682980.000000,0.682980,256500000
lean,repeat,16,5,borrow_read_loop,std_unique_8,1000000,489394.000000,0.489394,256500000
lean,repeat,16,6,borrow_read_loop,std_erased_unique_40,1000000,436355.000000,0.436355,256500000
lean,repeat,16,7,borrow_read_loop,own_allocated_unique_40,1000000,436666.000000,0.436666,256500000
lean,repeat,16,8,frame_draw_batch,own_allocated_unique_40,64,572147.000000,8939.796875,27924889600
lean,repeat,16,9,frame_draw_batch,own_unique_8,64,488683.000000,7635.671875,27924889600
lean,repeat,16,10,frame_draw_batch,std_erased_unique_40,64,573639.000000,8963.109375,27924889600
lean,repeat,16,11,frame_draw_batch,std_unique_8,64,774967.000000,12108.859375,27924889600
lean,repeat,16,12,create_read_destroy,own_allocated_unique_40,50000,489745.000000,9.794900,16251450000
lean,repeat,16,13,create_read_destroy,std_erased_unique_40,50000,476004.000000,9.520080,16251450000
lean,repeat,16,14,create_read_destroy,own_unique_8,50000,481902.000000,9.638040,16251450000
lean,repeat,16,15,create_read_destroy,std_unique_8,50000,759424.000000,15.188480,16251450000
lean,repeat,16,16,observable_move_roundtrip,std_erased_unique_40,500000,3869124.000000,7.738248,128250000
lean,repeat,16,17,observable_move_roundtrip,std_unique_8,500000,572978.000000,1.145956,128250000
lean,repeat,16,18,observable_move_roundtrip,own_allocated_unique_40,500000,6527937.000000,13.055874,128250000
lean,repeat,16,19,observable_move_roundtrip,own_unique_8,500000,766143.000000,1.532286,128250000
lean,repeat,16,20,synchronized_job_handoff,std_unique_8,2048,455403.000000,222.364746,218578944
lean,repeat,16,21,synchronized_job_handoff,own_allocated_unique_40,2048,884839.000000,432.050293,218578944
lean,repeat,16,22,synchronized_job_handoff,own_unique_8,2048,576683.000000,281.583496,218578944
lean,repeat,16,23,synchronized_job_handoff,std_erased_unique_40,2048,579978.000000,283.192383,218578944
lean,repeat,17,0,frame_draw_batch,std_erased_unique_40,64,671514.000000,10492.406250,27924889600
lean,repeat,17,1,frame_draw_batch,own_unique_8,64,727777.000000,11371.515625,27924889600
lean,repeat,17,2,frame_draw_batch,own_allocated_unique_40,64,573989.000000,8968.578125,27924889600
lean,repeat,17,3,frame_draw_batch,std_unique_8,64,788527.000000,12320.734375,27924889600
lean,repeat,17,4,create_read_destroy,std_unique_8,50000,693345.000000,13.866900,16251450000
lean,repeat,17,5,create_read_destroy,own_unique_8,50000,495343.000000,9.906860,16251450000
lean,repeat,17,6,create_read_destroy,own_allocated_unique_40,50000,522252.000000,10.445040,16251450000
lean,repeat,17,7,create_read_destroy,std_erased_unique_40,50000,753174.000000,15.063480,16251450000
lean,repeat,17,8,synchronized_job_handoff,std_unique_8,2048,501692.000000,244.966797,218578944
lean,repeat,17,9,synchronized_job_handoff,std_erased_unique_40,2048,741016.000000,361.824219,218578944
lean,repeat,17,10,synchronized_job_handoff,own_unique_8,2048,696009.000000,339.848145,218578944
lean,repeat,17,11,synchronized_job_handoff,own_allocated_unique_40,2048,594870.000000,290.463867,218578944
lean,repeat,17,12,vector_owner_transfer,own_unique_8,64,169881.000000,2654.390625,438108160
lean,repeat,17,13,vector_owner_transfer,own_allocated_unique_40,64,379191.000000,5924.859375,438108160
lean,repeat,17,14,vector_owner_transfer,std_unique_8,64,227647.000000,3556.984375,438108160
lean,repeat,17,15,vector_owner_transfer,std_erased_unique_40,64,407343.000000,6364.734375,438108160
lean,repeat,17,16,borrow_read_loop,own_unique_8,1000000,721267.000000,0.721267,256500000
lean,repeat,17,17,borrow_read_loop,std_erased_unique_40,1000000,479710.000000,0.479710,256500000
lean,repeat,17,18,borrow_read_loop,std_unique_8,1000000,475243.000000,0.475243,256500000
lean,repeat,17,19,borrow_read_loop,own_allocated_unique_40,1000000,544385.000000,0.544385,256500000
lean,repeat,17,20,observable_move_roundtrip,own_unique_8,500000,543834.000000,1.087668,128250000
lean,repeat,17,21,observable_move_roundtrip,std_erased_unique_40,500000,2909644.000000,5.819288,128250000
lean,repeat,17,22,observable_move_roundtrip,std_unique_8,500000,564295.000000,1.128590,128250000
lean,repeat,17,23,observable_move_roundtrip,own_allocated_unique_40,500000,5676868.000000,11.353736,128250000
lean,repeat,18,0,frame_draw_batch,std_unique_8,64,564295.000000,8817.109375,27924889600
lean,repeat,18,1,frame_draw_batch,own_allocated_unique_40,64,523064.000000,8172.875000,27924889600
lean,repeat,18,2,frame_draw_batch,std_erased_unique_40,64,557965.000000,8718.203125,27924889600
lean,repeat,18,3,frame_draw_batch,own_unique_8,64,488603.000000,7634.421875,27924889600
lean,repeat,18,4,synchronized_job_handoff,std_erased_unique_40,2048,684332.000000,334.146484,218578944
lean,repeat,18,5,synchronized_job_handoff,own_unique_8,2048,887213.000000,433.209473,218578944
lean,repeat,18,6,synchronized_job_handoff,own_allocated_unique_40,2048,813393.000000,397.164551,218578944
lean,repeat,18,7,synchronized_job_handoff,std_unique_8,2048,520560.000000,254.179688,218578944
lean,repeat,18,8,observable_move_roundtrip,own_allocated_unique_40,500000,5893849.000000,11.787698,128250000
lean,repeat,18,9,observable_move_roundtrip,own_unique_8,500000,567189.000000,1.134378,128250000
lean,repeat,18,10,observable_move_roundtrip,std_unique_8,500000,610613.000000,1.221226,128250000
lean,repeat,18,11,observable_move_roundtrip,std_erased_unique_40,500000,3047148.000000,6.094296,128250000
lean,repeat,18,12,borrow_read_loop,own_allocated_unique_40,1000000,441353.000000,0.441353,256500000
lean,repeat,18,13,borrow_read_loop,std_unique_8,1000000,449796.000000,0.449796,256500000
lean,repeat,18,14,borrow_read_loop,std_erased_unique_40,1000000,485007.000000,0.485007,256500000
lean,repeat,18,15,borrow_read_loop,own_unique_8,1000000,541752.000000,0.541752,256500000
lean,repeat,18,16,vector_owner_transfer,std_erased_unique_40,64,258563.000000,4040.046875,438108160
lean,repeat,18,17,vector_owner_transfer,own_allocated_unique_40,64,352842.000000,5513.156250,438108160
lean,repeat,18,18,vector_owner_transfer,std_unique_8,64,171554.000000,2680.531250,438108160
lean,repeat,18,19,vector_owner_transfer,own_unique_8,64,169791.000000,2652.984375,438108160
lean,repeat,18,20,create_read_destroy,own_unique_8,50000,450056.000000,9.001120,16251450000
lean,repeat,18,21,create_read_destroy,std_unique_8,50000,446781.000000,8.935620,16251450000
lean,repeat,18,22,create_read_destroy,own_allocated_unique_40,50000,579487.000000,11.589740,16251450000
lean,repeat,18,23,create_read_destroy,std_erased_unique_40,50000,446721.000000,8.934420,16251450000
lean,repeat,19,0,create_read_destroy,std_unique_8,50000,495794.000000,9.915880,16251450000
lean,repeat,19,1,create_read_destroy,own_unique_8,50000,433251.000000,8.665020,16251450000
lean,repeat,19,2,create_read_destroy,std_erased_unique_40,50000,475373.000000,9.507460,16251450000
lean,repeat,19,3,create_read_destroy,own_allocated_unique_40,50000,552808.000000,11.056160,16251450000
lean,repeat,19,4,frame_draw_batch,own_unique_8,64,519198.000000,8112.468750,27924889600
lean,repeat,19,5,frame_draw_batch,std_unique_8,64,493339.000000,7708.421875,27924889600
lean,repeat,19,6,frame_draw_batch,std_erased_unique_40,64,527070.000000,8235.468750,27924889600
lean,repeat,19,7,frame_draw_batch,own_allocated_unique_40,64,524356.000000,8193.062500,27924889600
lean,repeat,19,8,vector_owner_transfer,own_unique_8,64,179896.000000,2810.875000,438108160
lean,repeat,19,9,vector_owner_transfer,own_allocated_unique_40,64,454672.000000,7104.250000,438108160
lean,repeat,19,10,vector_owner_transfer,std_unique_8,64,167738.000000,2620.906250,438108160
lean,repeat,19,11,vector_owner_transfer,std_erased_unique_40,64,221818.000000,3465.906250,438108160
lean,repeat,19,12,observable_move_roundtrip,own_allocated_unique_40,500000,5573835.000000,11.147670,128250000
lean,repeat,19,13,observable_move_roundtrip,own_unique_8,500000,1018497.000000,2.036994,128250000
lean,repeat,19,14,observable_move_roundtrip,std_unique_8,500000,639967.000000,1.279934,128250000
lean,repeat,19,15,observable_move_roundtrip,std_erased_unique_40,500000,2796527.000000,5.593054,128250000
lean,repeat,19,16,borrow_read_loop,own_unique_8,1000000,579948.000000,0.579948,256500000
lean,repeat,19,17,borrow_read_loop,own_allocated_unique_40,1000000,652025.000000,0.652025,256500000
lean,repeat,19,18,borrow_read_loop,std_unique_8,1000000,436385.000000,0.436385,256500000
lean,repeat,19,19,borrow_read_loop,std_erased_unique_40,1000000,474282.000000,0.474282,256500000
lean,repeat,19,20,synchronized_job_handoff,std_unique_8,2048,612977.000000,299.305176,218578944
lean,repeat,19,21,synchronized_job_handoff,std_erased_unique_40,2048,755858.000000,369.071289,218578944
lean,repeat,19,22,synchronized_job_handoff,own_unique_8,2048,564595.000000,275.681152,218578944
lean,repeat,19,23,synchronized_job_handoff,own_allocated_unique_40,2048,517966.000000,252.913086,218578944
lean,repeat,20,0,frame_draw_batch,own_allocated_unique_40,64,621309.000000,9707.953125,27924889600
lean,repeat,20,1,frame_draw_batch,std_erased_unique_40,64,514592.000000,8040.500000,27924889600
lean,repeat,20,2,frame_draw_batch,own_unique_8,64,521361.000000,8146.265625,27924889600
lean,repeat,20,3,frame_draw_batch,std_unique_8,64,491667.000000,7682.296875,27924889600
lean,repeat,20,4,observable_move_roundtrip,own_unique_8,500000,566608.000000,1.133216,128250000
lean,repeat,20,5,observable_move_roundtrip,own_allocated_unique_40,500000,5973206.000000,11.946412,128250000
lean,repeat,20,6,observable_move_roundtrip,std_erased_unique_40,500000,3056021.000000,6.112042,128250000
lean,repeat,20,7,observable_move_roundtrip,std_unique_8,500000,541672.000000,1.083344,128250000
lean,repeat,20,8,synchronized_job_handoff,own_allocated_unique_40,2048,710691.000000,347.017090,218578944
lean,repeat,20,9,synchronized_job_handoff,own_unique_8,2048,617423.000000,301.476074,218578944
lean,repeat,20,10,synchronized_job_handoff,std_unique_8,2048,524676.000000,256.189453,218578944
lean,repeat,20,11,synchronized_job_handoff,std_erased_unique_40,2048,933291.000000,455.708496,218578944
lean,repeat,20,12,create_read_destroy,own_allocated_unique_40,50000,525097.000000,10.501940,16251450000
lean,repeat,20,13,create_read_destroy,std_erased_unique_40,50000,656301.000000,13.126020,16251450000
lean,repeat,20,14,create_read_destroy,own_unique_8,50000,479409.000000,9.588180,16251450000
lean,repeat,20,15,create_read_destroy,std_unique_8,50000,498197.000000,9.963940,16251450000
lean,repeat,20,16,borrow_read_loop,std_unique_8,1000000,463666.000000,0.463666,256500000
lean,repeat,20,17,borrow_read_loop,own_unique_8,1000000,541421.000000,0.541421,256500000
lean,repeat,20,18,borrow_read_loop,std_erased_unique_40,1000000,449565.000000,0.449565,256500000
lean,repeat,20,19,borrow_read_loop,own_allocated_unique_40,1000000,497146.000000,0.497146,256500000
lean,repeat,20,20,vector_owner_transfer,own_allocated_unique_40,64,376206.000000,5878.218750,438108160
lean,repeat,20,21,vector_owner_transfer,std_erased_unique_40,64,224522.000000,3508.156250,438108160
lean,repeat,20,22,vector_owner_transfer,std_unique_8,64,172115.000000,2689.296875,438108160
lean,repeat,20,23,vector_owner_transfer,own_unique_8,64,170132.000000,2658.312500,438108160
lean,repeat,21,0,frame_draw_batch,std_unique_8,64,525778.000000,8215.281250,27924889600
lean,repeat,21,1,frame_draw_batch,own_unique_8,64,659806.000000,10309.468750,27924889600
lean,repeat,21,2,frame_draw_batch,own_allocated_unique_40,64,614759.000000,9605.609375,27924889600
lean,repeat,21,3,frame_draw_batch,std_erased_unique_40,64,538626.000000,8416.031250,27924889600
lean,repeat,21,4,synchronized_job_handoff,std_unique_8,2048,606707.000000,296.243652,218578944
lean,repeat,21,5,synchronized_job_handoff,own_allocated_unique_40,2048,723891.000000,353.462402,218578944
lean,repeat,21,6,synchronized_job_handoff,std_erased_unique_40,2048,618896.000000,302.195312,218578944
lean,repeat,21,7,synchronized_job_handoff,own_unique_8,2048,547080.000000,267.128906,218578944
lean,repeat,21,8,vector_owner_transfer,std_unique_8,64,167939.000000,2624.046875,438108160
lean,repeat,21,9,vector_owner_transfer,std_erased_unique_40,64,235378.000000,3677.781250,438108160
lean,repeat,21,10,vector_owner_transfer,own_unique_8,64,168269.000000,2629.203125,438108160
lean,repeat,21,11,vector_owner_transfer,own_allocated_unique_40,64,349247.000000,5456.984375,438108160
lean,repeat,21,12,observable_move_roundtrip,std_erased_unique_40,500000,2989362.000000,5.978724,128250000
lean,repeat,21,13,observable_move_roundtrip,own_unique_8,500000,571275.000000,1.142550,128250000
lean,repeat,21,14,observable_move_roundtrip,own_allocated_unique_40,500000,5626894.000000,11.253788,128250000
lean,repeat,21,15,observable_move_roundtrip,std_unique_8,500000,961423.000000,1.922846,128250000
lean,repeat,21,16,borrow_read_loop,own_unique_8,1000000,593428.000000,0.593428,256500000
lean,repeat,21,17,borrow_read_loop,own_allocated_unique_40,1000000,1559557.000000,1.559557,256500000
lean,repeat,21,18,borrow_read_loop,std_erased_unique_40,1000000,478207.000000,0.478207,256500000
lean,repeat,21,19,borrow_read_loop,std_unique_8,1000000,496354.000000,0.496354,256500000
lean,repeat,21,20,create_read_destroy,std_erased_unique_40,50000,726345.000000,14.526900,16251450000
lean,repeat,21,21,create_read_destroy,own_unique_8,50000,662289.000000,13.245780,16251450000
lean,repeat,21,22,create_read_destroy,std_unique_8,50000,446801.000000,8.936020,16251450000
lean,repeat,21,23,create_read_destroy,own_allocated_unique_40,50000,492659.000000,9.853180,16251450000
lean,repeat,22,0,borrow_read_loop,own_unique_8,1000000,675860.000000,0.675860,256500000
lean,repeat,22,1,borrow_read_loop,std_unique_8,1000000,463005.000000,0.463005,256500000
lean,repeat,22,2,borrow_read_loop,own_allocated_unique_40,1000000,480051.000000,0.480051,256500000
lean,repeat,22,3,borrow_read_loop,std_erased_unique_40,1000000,492409.000000,0.492409,256500000
lean,repeat,22,4,vector_owner_transfer,std_unique_8,64,230441.000000,3600.640625,438108160
lean,repeat,22,5,vector_owner_transfer,own_unique_8,64,213936.000000,3342.750000,438108160
lean,repeat,22,6,vector_owner_transfer,own_allocated_unique_40,64,446670.000000,6979.218750,438108160
lean,repeat,22,7,vector_owner_transfer,std_erased_unique_40,64,222700.000000,3479.687500,438108160
lean,repeat,22,8,observable_move_roundtrip,std_erased_unique_40,500000,3204941.000000,6.409882,128250000
lean,repeat,22,9,observable_move_roundtrip,own_unique_8,500000,595622.000000,1.191244,128250000
lean,repeat,22,10,observable_move_roundtrip,own_allocated_unique_40,500000,5640815.000000,11.281630,128250000
lean,repeat,22,11,observable_move_roundtrip,std_unique_8,500000,618946.000000,1.237892,128250000
lean,repeat,22,12,synchronized_job_handoff,std_erased_unique_40,2048,521551.000000,254.663574,218578944
lean,repeat,22,13,synchronized_job_handoff,own_allocated_unique_40,2048,601700.000000,293.798828,218578944
lean,repeat,22,14,synchronized_job_handoff,std_unique_8,2048,628179.000000,306.728027,218578944
lean,repeat,22,15,synchronized_job_handoff,own_unique_8,2048,544656.000000,265.945312,218578944
lean,repeat,22,16,create_read_destroy,std_erased_unique_40,50000,480250.000000,9.605000,16251450000
lean,repeat,22,17,create_read_destroy,std_unique_8,50000,447311.000000,8.946220,16251450000
lean,repeat,22,18,create_read_destroy,own_allocated_unique_40,50000,481071.000000,9.621420,16251450000
lean,repeat,22,19,create_read_destroy,own_unique_8,50000,433161.000000,8.663220,16251450000
lean,repeat,22,20,frame_draw_batch,std_unique_8,64,522463.000000,8163.484375,27924889600
lean,repeat,22,21,frame_draw_batch,own_allocated_unique_40,64,524246.000000,8191.343750,27924889600
lean,repeat,22,22,frame_draw_batch,own_unique_8,64,926491.000000,14476.421875,27924889600
lean,repeat,22,23,frame_draw_batch,std_erased_unique_40,64,545948.000000,8530.437500,27924889600
lean,repeat,23,0,frame_draw_batch,std_erased_unique_40,64,512548.000000,8008.562500,27924889600
lean,repeat,23,1,frame_draw_batch,own_unique_8,64,503866.000000,7872.906250,27924889600
lean,repeat,23,2,frame_draw_batch,std_unique_8,64,489895.000000,7654.609375,27924889600
lean,repeat,23,3,frame_draw_batch,own_allocated_unique_40,64,534762.000000,8355.656250,27924889600
lean,repeat,23,4,borrow_read_loop,std_unique_8,1000000,448884.000000,0.448884,256500000
lean,repeat,23,5,borrow_read_loop,own_allocated_unique_40,1000000,478378.000000,0.478378,256500000
lean,repeat,23,6,borrow_read_loop,own_unique_8,1000000,638935.000000,0.638935,256500000
lean,repeat,23,7,borrow_read_loop,std_erased_unique_40,1000000,456856.000000,0.456856,256500000
lean,repeat,23,8,create_read_destroy,own_allocated_unique_40,50000,463496.000000,9.269920,16251450000
lean,repeat,23,9,create_read_destroy,std_unique_8,50000,459530.000000,9.190600,16251450000
lean,repeat,23,10,create_read_destroy,std_erased_unique_40,50000,526268.000000,10.525360,16251450000
lean,repeat,23,11,create_read_destroy,own_unique_8,50000,506519.000000,10.130380,16251450000
lean,repeat,23,12,vector_owner_transfer,own_allocated_unique_40,64,352852.000000,5513.312500,438108160
lean,repeat,23,13,vector_owner_transfer,std_erased_unique_40,64,223761.000000,3496.265625,438108160
lean,repeat,23,14,vector_owner_transfer,std_unique_8,64,209159.000000,3268.109375,438108160
lean,repeat,23,15,vector_owner_transfer,own_unique_8,64,382596.000000,5978.062500,438108160
lean,repeat,23,16,synchronized_job_handoff,own_unique_8,2048,678594.000000,331.344727,218578944
lean,repeat,23,17,synchronized_job_handoff,std_erased_unique_40,2048,473561.000000,231.230957,218578944
lean,repeat,23,18,synchronized_job_handoff,std_unique_8,2048,653937.000000,319.305176,218578944
lean,repeat,23,19,synchronized_job_handoff,own_allocated_unique_40,2048,488012.000000,238.287109,218578944
lean,repeat,23,20,observable_move_roundtrip,std_unique_8,500000,579457.000000,1.158914,128250000
lean,repeat,23,21,observable_move_roundtrip,own_unique_8,500000,541431.000000,1.082862,128250000
lean,repeat,23,22,observable_move_roundtrip,std_erased_unique_40,500000,2846181.000000,5.692362,128250000
lean,repeat,23,23,observable_move_roundtrip,own_allocated_unique_40,500000,5680423.000000,11.360846,128250000
lean,repeat,24,0,synchronized_job_handoff,own_allocated_unique_40,2048,453731.000000,221.548340,218578944
lean,repeat,24,1,synchronized_job_handoff,std_erased_unique_40,2048,622210.000000,303.813477,218578944
lean,repeat,24,2,synchronized_job_handoff,std_unique_8,2048,793854.000000,387.624023,218578944
lean,repeat,24,3,synchronized_job_handoff,own_unique_8,2048,517226.000000,252.551758,218578944
lean,repeat,24,4,create_read_destroy,std_unique_8,50000,472729.000000,9.454580,16251450000
lean,repeat,24,5,create_read_destroy,std_erased_unique_40,50000,446721.000000,8.934420,16251450000
lean,repeat,24,6,create_read_destroy,own_unique_8,50000,609953.000000,12.199060,16251450000
lean,repeat,24,7,create_read_destroy,own_allocated_unique_40,50000,616332.000000,12.326640,16251450000
lean,repeat,24,8,vector_owner_transfer,std_erased_unique_40,64,341476.000000,5335.562500,438108160
lean,repeat,24,9,vector_owner_transfer,own_allocated_unique_40,64,396697.000000,6198.390625,438108160
lean,repeat,24,10,vector_owner_transfer,own_unique_8,64,169340.000000,2645.937500,438108160
lean,repeat,24,11,vector_owner_transfer,std_unique_8,64,300094.000000,4688.968750,438108160
lean,repeat,24,12,borrow_read_loop,std_erased_unique_40,1000000,535011.000000,0.535011,256500000
lean,repeat,24,13,borrow_read_loop,std_unique_8,1000000,685814.000000,0.685814,256500000
lean,repeat,24,14,borrow_read_loop,own_allocated_unique_40,1000000,436596.000000,0.436596,256500000
lean,repeat,24,15,borrow_read_loop,own_unique_8,1000000,646196.000000,0.646196,256500000
lean,repeat,24,16,observable_move_roundtrip,std_unique_8,500000,565997.000000,1.131994,128250000
lean,repeat,24,17,observable_move_roundtrip,own_unique_8,500000,541421.000000,1.082842,128250000
lean,repeat,24,18,observable_move_roundtrip,own_allocated_unique_40,500000,5848422.000000,11.696844,128250000
lean,repeat,24,19,observable_move_roundtrip,std_erased_unique_40,500000,3074899.000000,6.149798,128250000
lean,repeat,24,20,frame_draw_batch,std_erased_unique_40,64,554090.000000,8657.656250,27924889600
lean,repeat,24,21,frame_draw_batch,own_unique_8,64,489785.000000,7652.890625,27924889600
lean,repeat,24,22,frame_draw_batch,std_unique_8,64,523575.000000,8180.859375,27924889600
lean,repeat,24,23,frame_draw_batch,own_allocated_unique_40,64,588590.000000,9196.718750,27924889600
lean,repeat,25,0,frame_draw_batch,std_unique_8,64,606817.000000,9481.515625,27924889600
lean,repeat,25,1,frame_draw_batch,own_unique_8,64,491968.000000,7687.000000,27924889600
lean,repeat,25,2,frame_draw_batch,own_allocated_unique_40,64,549653.000000,8588.328125,27924889600
lean,repeat,25,3,frame_draw_batch,std_erased_unique_40,64,513310.000000,8020.468750,27924889600
lean,repeat,25,4,create_read_destroy,own_unique_8,50000,445699.000000,8.913980,16251450000
lean,repeat,25,5,create_read_destroy,std_unique_8,50000,446681.000000,8.933620,16251450000
lean,repeat,25,6,create_read_destroy,own_allocated_unique_40,50000,514582.000000,10.291640,16251450000
lean,repeat,25,7,create_read_destroy,std_erased_unique_40,50000,446701.000000,8.934020,16251450000
lean,repeat,25,8,synchronized_job_handoff,std_unique_8,2048,980470.000000,478.745117,218578944
lean,repeat,25,9,synchronized_job_handoff,std_erased_unique_40,2048,651143.000000,317.940918,218578944
lean,repeat,25,10,synchronized_job_handoff,own_unique_8,2048,557114.000000,272.028320,218578944
lean,repeat,25,11,synchronized_job_handoff,own_allocated_unique_40,2048,716169.000000,349.691895,218578944
lean,repeat,25,12,vector_owner_transfer,own_allocated_unique_40,64,454412.000000,7100.187500,438108160
lean,repeat,25,13,vector_owner_transfer,std_erased_unique_40,64,442795.000000,6918.671875,438108160
lean,repeat,25,14,vector_owner_transfer,own_unique_8,64,169671.000000,2651.109375,438108160
lean,repeat,25,15,vector_owner_transfer,std_unique_8,64,171734.000000,2683.343750,438108160
lean,repeat,25,16,borrow_read_loop,own_unique_8,1000000,568671.000000,0.568671,256500000
lean,repeat,25,17,borrow_read_loop,own_allocated_unique_40,1000000,439370.000000,0.439370,256500000
lean,repeat,25,18,borrow_read_loop,std_unique_8,1000000,449776.000000,0.449776,256500000
lean,repeat,25,19,borrow_read_loop,std_erased_unique_40,1000000,502373.000000,0.502373,256500000
lean,repeat,25,20,observable_move_roundtrip,std_erased_unique_40,500000,2944025.000000,5.888050,128250000
lean,repeat,25,21,observable_move_roundtrip,std_unique_8,500000,566318.000000,1.132636,128250000
lean,repeat,25,22,observable_move_roundtrip,own_unique_8,500000,646667.000000,1.293334,128250000
lean,repeat,25,23,observable_move_roundtrip,own_allocated_unique_40,500000,5905426.000000,11.810852,128250000
lean,repeat,26,0,observable_move_roundtrip,std_unique_8,500000,592316.000000,1.184632,128250000
lean,repeat,26,1,observable_move_roundtrip,own_unique_8,500000,569953.000000,1.139906,128250000
lean,repeat,26,2,observable_move_roundtrip,own_allocated_unique_40,500000,7313228.000000,14.626456,128250000
lean,repeat,26,3,observable_move_roundtrip,std_erased_unique_40,500000,3171272.000000,6.342544,128250000
lean,repeat,26,4,create_read_destroy,std_erased_unique_40,50000,479750.000000,9.595000,16251450000
lean,repeat,26,5,create_read_destroy,std_unique_8,50000,446851.000000,8.937020,16251450000
lean,repeat,26,6,create_read_destroy,own_allocated_unique_40,50000,678293.000000,13.565860,16251450000
lean,repeat,26,7,create_read_destroy,own_unique_8,50000,433291.000000,8.665820,16251450000
lean,repeat,26,8,vector_owner_transfer,own_allocated_unique_40,64,370388.000000,5787.312500,438108160
lean,repeat,26,9,vector_owner_transfer,std_erased_unique_40,64,226896.000000,3545.250000,438108160
lean,repeat,26,10,vector_owner_transfer,std_unique_8,64,172495.000000,2695.234375,438108160
lean,repeat,26,11,vector_owner_transfer,own_unique_8,64,367213.000000,5737.703125,438108160
lean,repeat,26,12,synchronized_job_handoff,std_erased_unique_40,2048,596312.000000,291.167969,218578944
lean,repeat,26,13,synchronized_job_handoff,std_unique_8,2048,693827.000000,338.782715,218578944
lean,repeat,26,14,synchronized_job_handoff,own_allocated_unique_40,2048,483315.000000,235.993652,218578944
lean,repeat,26,15,synchronized_job_handoff,own_unique_8,2048,650312.000000,317.535156,218578944
lean,repeat,26,16,frame_draw_batch,std_erased_unique_40,64,1118064.000000,17469.750000,27924889600
lean,repeat,26,17,frame_draw_batch,std_unique_8,64,798250.000000,12472.656250,27924889600
lean,repeat,26,18,frame_draw_batch,own_allocated_unique_40,64,528622.000000,8259.718750,27924889600
lean,repeat,26,19,frame_draw_batch,own_unique_8,64,629281.000000,9832.515625,27924889600
lean,repeat,26,20,borrow_read_loop,std_erased_unique_40,1000000,678964.000000,0.678964,256500000
lean,repeat,26,21,borrow_read_loop,own_unique_8,1000000,588861.000000,0.588861,256500000
lean,repeat,26,22,borrow_read_loop,std_unique_8,1000000,530004.000000,0.530004,256500000
lean,repeat,26,23,borrow_read_loop,own_allocated_unique_40,1000000,1511907.000000,1.511907,256500000
lean,repeat,27,0,synchronized_job_handoff,std_unique_8,2048,594349.000000,290.209473,218578944
lean,repeat,27,1,synchronized_job_handoff,own_unique_8,2048,676541.000000,330.342285,218578944
lean,repeat,27,2,synchronized_job_handoff,own_allocated_unique_40,2048,506540.000000,247.333984,218578944
lean,repeat,27,3,synchronized_job_handoff,std_erased_unique_40,2048,461422.000000,225.303711,218578944
lean,repeat,27,4,create_read_destroy,own_unique_8,50000,443206.000000,8.864120,16251450000
lean,repeat,27,5,create_read_destroy,std_erased_unique_40,50000,446731.000000,8.934620,16251450000
lean,repeat,27,6,create_read_destroy,own_allocated_unique_40,50000,563554.000000,11.271080,16251450000
lean,repeat,27,7,create_read_destroy,std_unique_8,50000,447171.000000,8.943420,16251450000
lean,repeat,27,8,borrow_read_loop,std_erased_unique_40,1000000,480120.000000,0.480120,256500000
lean,repeat,27,9,borrow_read_loop,std_unique_8,1000000,440281.000000,0.440281,256500000
lean,repeat,27,10,borrow_read_loop,own_allocated_unique_40,1000000,511457.000000,0.511457,256500000
lean,repeat,27,11,borrow_read_loop,own_unique_8,1000000,548682.000000,0.548682,256500000
lean,repeat,27,12,observable_move_roundtrip,own_allocated_unique_40,500000,6571371.000000,13.142742,128250000
lean,repeat,27,13,observable_move_roundtrip,std_erased_unique_40,500000,2978997.000000,5.957994,128250000
lean,repeat,27,14,observable_move_roundtrip,std_unique_8,500000,553268.000000,1.106536,128250000
lean,repeat,27,15,observable_move_roundtrip,own_unique_8,500000,541931.000000,1.083862,128250000
lean,repeat,27,16,vector_owner_transfer,own_unique_8,64,171865.000000,2685.390625,438108160
lean,repeat,27,17,vector_owner_transfer,own_allocated_unique_40,64,425079.000000,6641.859375,438108160
lean,repeat,27,18,vector_owner_transfer,std_unique_8,64,173967.000000,2718.234375,438108160
lean,repeat,27,19,vector_owner_transfer,std_erased_unique_40,64,225734.000000,3527.093750,438108160
lean,repeat,27,20,frame_draw_batch,own_allocated_unique_40,64,772703.000000,12073.484375,27924889600
lean,repeat,27,21,frame_draw_batch,std_unique_8,64,491216.000000,7675.250000,27924889600
lean,repeat,27,22,frame_draw_batch,std_erased_unique_40,64,568471.000000,8882.359375,27924889600
lean,repeat,27,23,frame_draw_batch,own_unique_8,64,489104.000000,7642.250000,27924889600
lean,repeat,28,0,synchronized_job_handoff,std_erased_unique_40,2048,507371.000000,247.739746,218578944
lean,repeat,28,1,synchronized_job_handoff,own_unique_8,2048,629691.000000,307.466309,218578944
lean,repeat,28,2,synchronized_job_handoff,std_unique_8,2048,1291600.000000,630.664062,218578944
lean,repeat,28,3,synchronized_job_handoff,own_allocated_unique_40,2048,640557.000000,312.771973,218578944
lean,repeat,28,4,create_read_destroy,own_unique_8,50000,468893.000000,9.377860,16251450000
lean,repeat,28,5,create_read_destroy,std_erased_unique_40,50000,570104.000000,11.402080,16251450000
lean,repeat,28,6,create_read_destroy,own_allocated_unique_40,50000,522563.000000,10.451260,16251450000
lean,repeat,28,7,create_read_destroy,std_unique_8,50000,514080.000000,10.281600,16251450000
lean,repeat,28,8,vector_owner_transfer,own_unique_8,64,169010.000000,2640.781250,438108160
lean,repeat,28,9,vector_owner_transfer,own_allocated_unique_40,64,351029.000000,5484.828125,438108160
lean,repeat,28,10,vector_owner_transfer,std_erased_unique_40,64,279403.000000,4365.671875,438108160
lean,repeat,28,11,vector_owner_transfer,std_unique_8,64,325291.000000,5082.671875,438108160
lean,repeat,28,12,observable_move_roundtrip,own_unique_8,500000,541431.000000,1.082862,128250000
lean,repeat,28,13,observable_move_roundtrip,std_erased_unique_40,500000,3136100.000000,6.272200,128250000
lean,repeat,28,14,observable_move_roundtrip,std_unique_8,500000,659686.000000,1.319372,128250000
lean,repeat,28,15,observable_move_roundtrip,own_allocated_unique_40,500000,5412717.000000,10.825434,128250000
lean,repeat,28,16,borrow_read_loop,own_unique_8,1000000,656942.000000,0.656942,256500000
lean,repeat,28,17,borrow_read_loop,own_allocated_unique_40,1000000,467562.000000,0.467562,256500000
lean,repeat,28,18,borrow_read_loop,std_erased_unique_40,1000000,488883.000000,0.488883,256500000
lean,repeat,28,19,borrow_read_loop,std_unique_8,1000000,509524.000000,0.509524,256500000
lean,repeat,28,20,frame_draw_batch,own_unique_8,64,499669.000000,7807.328125,27924889600
lean,repeat,28,21,frame_draw_batch,std_erased_unique_40,64,676030.000000,10562.968750,27924889600
lean,repeat,28,22,frame_draw_batch,std_unique_8,64,897468.000000,14022.937500,27924889600
lean,repeat,28,23,frame_draw_batch,own_allocated_unique_40,64,534380.000000,8349.687500,27924889600
lean,repeat,29,0,synchronized_job_handoff,own_allocated_unique_40,2048,602916.000000,294.392578,218578944
lean,repeat,29,1,synchronized_job_handoff,own_unique_8,2048,551476.000000,269.275391,218578944
lean,repeat,29,2,synchronized_job_handoff,std_erased_unique_40,2048,590023.000000,288.097168,218578944
lean,repeat,29,3,synchronized_job_handoff,std_unique_8,2048,653247.000000,318.968262,218578944
lean,repeat,29,4,observable_move_roundtrip,own_allocated_unique_40,500000,5396813.000000,10.793626,128250000
lean,repeat,29,5,observable_move_roundtrip,std_unique_8,500000,563144.000000,1.126288,128250000
lean,repeat,29,6,observable_move_roundtrip,std_erased_unique_40,500000,2763248.000000,5.526496,128250000
lean,repeat,29,7,observable_move_roundtrip,own_unique_8,500000,554821.000000,1.109642,128250000
lean,repeat,29,8,frame_draw_batch,own_allocated_unique_40,64,536784.000000,8387.250000,27924889600
lean,repeat,29,9,frame_draw_batch,std_erased_unique_40,64,515893.000000,8060.828125,27924889600
lean,repeat,29,10,frame_draw_batch,own_unique_8,64,503745.000000,7871.015625,27924889600
lean,repeat,29,11,frame_draw_batch,std_unique_8,64,490556.000000,7664.937500,27924889600
lean,repeat,29,12,vector_owner_transfer,own_unique_8,64,170372.000000,2662.062500,438108160
lean,repeat,29,13,vector_owner_transfer,std_erased_unique_40,64,224372.000000,3505.812500,438108160
lean,repeat,29,14,vector_owner_transfer,own_allocated_unique_40,64,380223.000000,5940.984375,438108160
lean,repeat,29,15,vector_owner_transfer,std_unique_8,64,171774.000000,2683.968750,438108160
lean,repeat,29,16,create_read_destroy,std_unique_8,50000,755478.000000,15.109560,16251450000
lean,repeat,29,17,create_read_destroy,own_unique_8,50000,446691.000000,8.933820,16251450000
lean,repeat,29,18,create_read_destroy,own_allocated_unique_40,50000,579938.000000,11.598760,16251450000
lean,repeat,29,19,create_read_destroy,std_erased_unique_40,50000,460220.000000,9.204400,16251450000
lean,repeat,29,20,borrow_read_loop,own_allocated_unique_40,1000000,459560.000000,0.459560,256500000
lean,repeat,29,21,borrow_read_loop,own_unique_8,1000000,541411.000000,0.541411,256500000
lean,repeat,29,22,borrow_read_loop,std_erased_unique_40,1000000,464247.000000,0.464247,256500000
lean,repeat,29,23,borrow_read_loop,std_unique_8,1000000,449455.000000,0.449455,256500000
lean,repeat,30,0,vector_owner_transfer,own_allocated_unique_40,64,364299.000000,5692.171875,438108160
lean,repeat,30,1,vector_owner_transfer,own_unique_8,64,168790.000000,2637.343750,438108160
lean,repeat,30,2,vector_owner_transfer,std_erased_unique_40,64,223030.000000,3484.843750,438108160
lean,repeat,30,3,vector_owner_transfer,std_unique_8,64,168369.000000,2630.765625,438108160
lean,repeat,30,4,borrow_read_loop,own_unique_8,1000000,556564.000000,0.556564,256500000
lean,repeat,30,5,borrow_read_loop,std_erased_unique_40,1000000,436345.000000,0.436345,256500000
lean,repeat,30,6,borrow_read_loop,std_unique_8,1000000,459519.000000,0.459519,256500000
lean,repeat,30,7,borrow_read_loop,own_allocated_unique_40,1000000,436376.000000,0.436376,256500000
lean,repeat,30,8,observable_move_roundtrip,std_unique_8,500000,578035.000000,1.156070,128250000
lean,repeat,30,9,observable_move_roundtrip,own_unique_8,500000,541421.000000,1.082842,128250000
lean,repeat,30,10,observable_move_roundtrip,own_allocated_unique_40,500000,5331397.000000,10.662794,128250000
lean,repeat,30,11,observable_move_roundtrip,std_erased_unique_40,500000,2778781.000000,5.557562,128250000
lean,repeat,30,12,create_read_destroy,own_allocated_unique_40,50000,529724.000000,10.594480,16251450000
lean,repeat,30,13,create_read_destroy,std_erased_unique_40,50000,485287.000000,9.705740,16251450000
lean,repeat,30,14,create_read_destroy,std_unique_8,50000,487922.000000,9.758440,16251450000
lean,repeat,30,15,create_read_destroy,own_unique_8,50000,446680.000000,8.933600,16251450000
lean,repeat,30,16,frame_draw_batch,std_erased_unique_40,64,533349.000000,8333.578125,27924889600
lean,repeat,30,17,frame_draw_batch,own_allocated_unique_40,64,522362.000000,8161.906250,27924889600
lean,repeat,30,18,frame_draw_batch,std_unique_8,64,520259.000000,8129.046875,27924889600
lean,repeat,30,19,frame_draw_batch,own_unique_8,64,502383.000000,7849.734375,27924889600
lean,repeat,30,20,synchronized_job_handoff,own_allocated_unique_40,2048,572356.000000,279.470703,218578944
lean,repeat,30,21,synchronized_job_handoff,own_unique_8,2048,576593.000000,281.539551,218578944
lean,repeat,30,22,synchronized_job_handoff,std_unique_8,2048,555882.000000,271.426758,218578944
lean,repeat,30,23,synchronized_job_handoff,std_erased_unique_40,2048,555131.000000,271.060059,218578944
lean,repeat,31,0,vector_owner_transfer,own_unique_8,64,170402.000000,2662.531250,438108160
lean,repeat,31,1,vector_owner_transfer,own_allocated_unique_40,64,352080.000000,5501.250000,438108160
lean,repeat,31,2,vector_owner_transfer,std_erased_unique_40,64,223290.000000,3488.906250,438108160
lean,repeat,31,3,vector_owner_transfer,std_unique_8,64,170342.000000,2661.593750,438108160
lean,repeat,31,4,create_read_destroy,own_unique_8,50000,490165.000000,9.803300,16251450000
lean,repeat,31,5,create_read_destroy,std_erased_unique_40,50000,473781.000000,9.475620,16251450000
lean,repeat,31,6,create_read_destroy,own_allocated_unique_40,50000,541872.000000,10.837440,16251450000
lean,repeat,31,7,create_read_destroy,std_unique_8,50000,487431.000000,9.748620,16251450000
lean,repeat,31,8,synchronized_job_handoff,own_allocated_unique_40,2048,544235.000000,265.739746,218578944
lean,repeat,31,9,synchronized_job_handoff,own_unique_8,2048,661548.000000,323.021484,218578944
lean,repeat,31,10,synchronized_job_handoff,std_unique_8,2048,509554.000000,248.805664,218578944
lean,repeat,31,11,synchronized_job_handoff,std_erased_unique_40,2048,651133.000000,317.936035,218578944
lean,repeat,31,12,borrow_read_loop,own_unique_8,1000000,541411.000000,0.541411,256500000
lean,repeat,31,13,borrow_read_loop,std_erased_unique_40,1000000,452259.000000,0.452259,256500000
lean,repeat,31,14,borrow_read_loop,std_unique_8,1000000,436586.000000,0.436586,256500000
lean,repeat,31,15,borrow_read_loop,own_allocated_unique_40,1000000,452970.000000,0.452970,256500000
lean,repeat,31,16,frame_draw_batch,std_erased_unique_40,64,517526.000000,8086.343750,27924889600
lean,repeat,31,17,frame_draw_batch,own_allocated_unique_40,64,537125.000000,8392.578125,27924889600
lean,repeat,31,18,frame_draw_batch,std_unique_8,64,490296.000000,7660.875000,27924889600
lean,repeat,31,19,frame_draw_batch,own_unique_8,64,516114.000000,8064.281250,27924889600
lean,repeat,31,20,observable_move_roundtrip,own_allocated_unique_40,500000,5400289.000000,10.800578,128250000
lean,repeat,31,21,observable_move_roundtrip,std_erased_unique_40,500000,2853342.000000,5.706684,128250000
lean,repeat,31,22,observable_move_roundtrip,own_unique_8,500000,611515.000000,1.223030,128250000
lean,repeat,31,23,observable_move_roundtrip,std_unique_8,500000,550214.000000,1.100428,128250000
lean,repeat,32,0,frame_draw_batch,own_unique_8,64,509614.000000,7962.718750,27924889600
lean,repeat,32,1,frame_draw_batch,std_unique_8,64,547781.000000,8559.078125,27924889600
lean,repeat,32,2,frame_draw_batch,own_allocated_unique_40,64,569723.000000,8901.921875,27924889600
lean,repeat,32,3,frame_draw_batch,std_erased_unique_40,64,514942.000000,8045.968750,27924889600
lean,repeat,32,4,borrow_read_loop,std_unique_8,1000000,477306.000000,0.477306,256500000
lean,repeat,32,5,borrow_read_loop,own_unique_8,1000000,541501.000000,0.541501,256500000
lean,repeat,32,6,borrow_read_loop,own_allocated_unique_40,1000000,454843.000000,0.454843,256500000
lean,repeat,32,7,borrow_read_loop,std_erased_unique_40,1000000,438800.000000,0.438800,256500000
lean,repeat,32,8,create_read_destroy,own_unique_8,50000,475183.000000,9.503660,16251450000
lean,repeat,32,9,create_read_destroy,own_allocated_unique_40,50000,472339.000000,9.446780,16251450000
lean,repeat,32,10,create_read_destroy,std_unique_8,50000,473611.000000,9.472220,16251450000
lean,repeat,32,11,create_read_destroy,std_erased_unique_40,50000,460321.000000,9.206420,16251450000
lean,repeat,32,12,vector_owner_transfer,std_erased_unique_40,64,224392.000000,3506.125000,438108160
lean,repeat,32,13,vector_owner_transfer,own_unique_8,64,198634.000000,3103.656250,438108160
lean,repeat,32,14,vector_owner_transfer,std_unique_8,64,170963.000000,2671.296875,438108160
lean,repeat,32,15,vector_owner_transfer,own_allocated_unique_40,64,353203.000000,5518.796875,438108160
lean,repeat,32,16,synchronized_job_handoff,own_unique_8,2048,665114.000000,324.762695,218578944
lean,repeat,32,17,synchronized_job_handoff,own_allocated_unique_40,2048,584444.000000,285.373047,218578944
lean,repeat,32,18,synchronized_job_handoff,std_unique_8,2048,651504.000000,318.117188,218578944
lean,repeat,32,19,synchronized_job_handoff,std_erased_unique_40,2048,635169.000000,310.141113,218578944
lean,repeat,32,20,observable_move_roundtrip,std_unique_8,500000,541621.000000,1.083242,128250000
lean,repeat,32,21,observable_move_roundtrip,own_unique_8,500000,572357.000000,1.144714,128250000
lean,repeat,32,22,observable_move_roundtrip,std_erased_unique_40,500000,2824338.000000,5.648676,128250000
lean,repeat,32,23,observable_move_roundtrip,own_allocated_unique_40,500000,5645391.000000,11.290782,128250000
lean,repeat,33,0,create_read_destroy,std_unique_8,50000,475103.000000,9.502060,16251450000
lean,repeat,33,1,create_read_destroy,std_erased_unique_40,50000,460501.000000,9.210020,16251450000
lean,repeat,33,2,create_read_destroy,own_allocated_unique_40,50000,513390.000000,10.267800,16251450000
lean,repeat,33,3,create_read_destroy,own_unique_8,50000,446691.000000,8.933820,16251450000
lean,repeat,33,4,borrow_read_loop,std_unique_8,1000000,449244.000000,0.449244,256500000
lean,repeat,33,5,borrow_read_loop,std_erased_unique_40,1000000,436716.000000,0.436716,256500000
lean,repeat,33,6,borrow_read_loop,own_unique_8,1000000,569242.000000,0.569242,256500000
lean,repeat,33,7,borrow_read_loop,own_allocated_unique_40,1000000,436586.000000,0.436586,256500000
lean,repeat,33,8,synchronized_job_handoff,std_erased_unique_40,2048,593418.000000,289.754883,218578944
lean,repeat,33,9,synchronized_job_handoff,own_unique_8,2048,528011.000000,257.817871,218578944
lean,repeat,33,10,synchronized_job_handoff,std_unique_8,2048,580639.000000,283.515137,218578944
lean,repeat,33,11,synchronized_job_handoff,own_allocated_unique_40,2048,578876.000000,282.654297,218578944
lean,repeat,33,12,vector_owner_transfer,own_allocated_unique_40,64,366191.000000,5721.734375,438108160
lean,repeat,33,13,vector_owner_transfer,std_erased_unique_40,64,224772.000000,3512.062500,438108160
lean,repeat,33,14,vector_owner_transfer,own_unique_8,64,170592.000000,2665.500000,438108160
lean,repeat,33,15,vector_owner_transfer,std_unique_8,64,170603.000000,2665.671875,438108160
lean,repeat,33,16,frame_draw_batch,own_unique_8,64,520540.000000,8133.437500,27924889600
lean,repeat,33,17,frame_draw_batch,own_allocated_unique_40,64,522903.000000,8170.359375,27924889600
lean,repeat,33,18,frame_draw_batch,std_erased_unique_40,64,528291.000000,8254.546875,27924889600
lean,repeat,33,19,frame_draw_batch,std_unique_8,64,493310.000000,7707.968750,27924889600
lean,repeat,33,20,observable_move_roundtrip,std_unique_8,500000,556854.000000,1.113708,128250000
lean,repeat,33,21,observable_move_roundtrip,own_allocated_unique_40,500000,5486536.000000,10.973072,128250000
lean,repeat,33,22,observable_move_roundtrip,own_unique_8,500000,573619.000000,1.147238,128250000
lean,repeat,33,23,observable_move_roundtrip,std_erased_unique_40,500000,2898418.000000,5.796836,128250000
lean,repeat,34,0,synchronized_job_handoff,own_allocated_unique_40,2048,638675.000000,311.853027,218578944
lean,repeat,34,1,synchronized_job_handoff,std_unique_8,2048,537996.000000,262.693359,218578944
lean,repeat,34,2,synchronized_job_handoff,own_unique_8,2048,568711.000000,277.690918,218578944
lean,repeat,34,3,synchronized_job_handoff,std_erased_unique_40,2048,522262.000000,255.010742,218578944
lean,repeat,34,4,borrow_read_loop,std_unique_8,1000000,455184.000000,0.455184,256500000
lean,repeat,34,5,borrow_read_loop,own_allocated_unique_40,1000000,451939.000000,0.451939,256500000
lean,repeat,34,6,borrow_read_loop,std_erased_unique_40,1000000,450407.000000,0.450407,256500000
lean,repeat,34,7,borrow_read_loop,own_unique_8,1000000,541401.000000,0.541401,256500000
lean,repeat,34,8,vector_owner_transfer,own_allocated_unique_40,64,351350.000000,5489.843750,438108160
lean,repeat,34,9,vector_owner_transfer,own_unique_8,64,209300.000000,3270.312500,438108160
lean,repeat,34,10,vector_owner_transfer,std_erased_unique_40,64,222749.000000,3480.453125,438108160
lean,repeat,34,11,vector_owner_transfer,std_unique_8,64,169191.000000,2643.609375,438108160
lean,repeat,34,12,observable_move_roundtrip,own_unique_8,500000,561300.000000,1.122600,128250000
lean,repeat,34,13,observable_move_roundtrip,std_erased_unique_40,500000,2836657.000000,5.673314,128250000
lean,repeat,34,14,observable_move_roundtrip,std_unique_8,500000,571215.000000,1.142430,128250000
lean,repeat,34,15,observable_move_roundtrip,own_allocated_unique_40,500000,5381070.000000,10.762140,128250000
lean,repeat,34,16,create_read_destroy,std_erased_unique_40,50000,462114.000000,9.242280,16251450000
lean,repeat,34,17,create_read_destroy,std_unique_8,50000,446791.000000,8.935820,16251450000
lean,repeat,34,18,create_read_destroy,own_unique_8,50000,447301.000000,8.946020,16251450000
lean,repeat,34,19,create_read_destroy,own_allocated_unique_40,50000,477416.000000,9.548320,16251450000
lean,repeat,34,20,frame_draw_batch,std_erased_unique_40,64,545678.000000,8526.218750,27924889600
lean,repeat,34,21,frame_draw_batch,own_allocated_unique_40,64,522694.000000,8167.093750,27924889600
lean,repeat,34,22,frame_draw_batch,std_unique_8,64,680337.000000,10630.265625,27924889600
lean,repeat,34,23,frame_draw_batch,own_unique_8,64,503374.000000,7865.218750,27924889600
lean,repeat,35,0,vector_owner_transfer,std_unique_8,64,168860.000000,2638.437500,438108160
lean,repeat,35,1,vector_owner_transfer,own_allocated_unique_40,64,351169.000000,5487.015625,438108160
lean,repeat,35,2,vector_owner_transfer,own_unique_8,64,169180.000000,2643.437500,438108160
lean,repeat,35,3,vector_owner_transfer,std_erased_unique_40,64,221909.000000,3467.328125,438108160
lean,repeat,35,4,create_read_destroy,std_unique_8,50000,463356.000000,9.267120,16251450000
lean,repeat,35,5,create_read_destroy,std_erased_unique_40,50000,460211.000000,9.204220,16251450000
lean,repeat,35,6,create_read_destroy,own_allocated_unique_40,50000,504667.000000,10.093340,16251450000
lean,repeat,35,7,create_read_destroy,own_unique_8,50000,447012.000000,8.940240,16251450000
lean,repeat,35,8,borrow_read_loop,own_allocated_unique_40,1000000,451638.000000,0.451638,256500000
lean,repeat,35,9,borrow_read_loop,std_erased_unique_40,1000000,436306.000000,0.436306,256500000
lean,repeat,35,10,borrow_read_loop,std_unique_8,1000000,456826.000000,0.456826,256500000
lean,repeat,35,11,borrow_read_loop,own_unique_8,1000000,541411.000000,0.541411,256500000
lean,repeat,35,12,frame_draw_batch,std_unique_8,64,504667.000000,7885.421875,27924889600
lean,repeat,35,13,frame_draw_batch,own_unique_8,64,488062.000000,7625.968750,27924889600
lean,repeat,35,14,frame_draw_batch,own_allocated_unique_40,64,549644.000000,8588.187500,27924889600
lean,repeat,35,15,frame_draw_batch,std_erased_unique_40,64,513710.000000,8026.718750,27924889600
lean,repeat,35,16,synchronized_job_handoff,std_unique_8,2048,583213.000000,284.771973,218578944
lean,repeat,35,17,synchronized_job_handoff,own_unique_8,2048,585255.000000,285.769043,218578944
lean,repeat,35,18,synchronized_job_handoff,std_erased_unique_40,2048,687316.000000,335.603516,218578944
lean,repeat,35,19,synchronized_job_handoff,own_allocated_unique_40,2048,663943.000000,324.190918,218578944
lean,repeat,35,20,observable_move_roundtrip,std_erased_unique_40,500000,2770729.000000,5.541458,128250000
lean,repeat,35,21,observable_move_roundtrip,own_allocated_unique_40,500000,5471454.000000,10.942908,128250000
lean,repeat,35,22,observable_move_roundtrip,own_unique_8,500000,568651.000000,1.137302,128250000
lean,repeat,35,23,observable_move_roundtrip,std_unique_8,500000,541541.000000,1.083082,128250000
lean,repeat,36,0,frame_draw_batch,own_unique_8,64,505949.000000,7905.453125,27924889600
lean,repeat,36,1,frame_draw_batch,std_unique_8,64,490666.000000,7666.656250,27924889600
lean,repeat,36,2,frame_draw_batch,std_erased_unique_40,64,531977.000000,8312.140625,27924889600
lean,repeat,36,3,frame_draw_batch,own_allocated_unique_40,64,523043.000000,8172.546875,27924889600
lean,repeat,36,4,synchronized_job_handoff,own_unique_8,2048,587209.000000,286.723145,218578944
lean,repeat,36,5,synchronized_job_handoff,std_unique_8,2048,728247.000000,355.589355,218578944
lean,repeat,36,6,synchronized_job_handoff,std_erased_unique_40,2048,568400.000000,277.539062,218578944
lean,repeat,36,7,synchronized_job_handoff,own_allocated_unique_40,2048,604955.000000,295.388184,218578944
lean,repeat,36,8,observable_move_roundtrip,std_unique_8,500000,541631.000000,1.083262,128250000
lean,repeat,36,9,observable_move_roundtrip,own_allocated_unique_40,500000,5314312.000000,10.628624,128250000
lean,repeat,36,10,observable_move_roundtrip,own_unique_8,500000,541411.000000,1.082822,128250000
lean,repeat,36,11,observable_move_roundtrip,std_erased_unique_40,500000,2763238.000000,5.526476,128250000
lean,repeat,36,12,vector_owner_transfer,own_unique_8,64,169922.000000,2655.031250,438108160
lean,repeat,36,13,vector_owner_transfer,own_allocated_unique_40,64,353543.000000,5524.109375,438108160
lean,repeat,36,14,vector_owner_transfer,std_erased_unique_40,64,240055.000000,3750.859375,438108160
lean,repeat,36,15,vector_owner_transfer,std_unique_8,64,170412.000000,2662.687500,438108160
lean,repeat,36,16,borrow_read_loop,std_erased_unique_40,1000000,436576.000000,0.436576,256500000
lean,repeat,36,17,borrow_read_loop,std_unique_8,1000000,469264.000000,0.469264,256500000
lean,repeat,36,18,borrow_read_loop,own_unique_8,1000000,541401.000000,0.541401,256500000
lean,repeat,36,19,borrow_read_loop,own_allocated_unique_40,1000000,453531.000000,0.453531,256500000
lean,repeat,36,20,create_read_destroy,own_allocated_unique_40,50000,505497.000000,10.109940,16251450000
lean,repeat,36,21,create_read_destroy,own_unique_8,50000,446981.000000,8.939620,16251450000
lean,repeat,36,22,create_read_destroy,std_erased_unique_40,50000,492549.000000,9.850980,16251450000
lean,repeat,36,23,create_read_destroy,std_unique_8,50000,463466.000000,9.269320,16251450000
lean,repeat,37,0,borrow_read_loop,std_unique_8,1000000,439360.000000,0.439360,256500000
lean,repeat,37,1,borrow_read_loop,own_allocated_unique_40,1000000,466500.000000,0.466500,256500000
lean,repeat,37,2,borrow_read_loop,std_erased_unique_40,1000000,436366.000000,0.436366,256500000
lean,repeat,37,3,borrow_read_loop,own_unique_8,1000000,556613.000000,0.556613,256500000
lean,repeat,37,4,create_read_destroy,own_allocated_unique_40,50000,492519.000000,9.850380,16251450000
lean,repeat,37,5,create_read_destroy,std_unique_8,50000,474232.000000,9.484640,16251450000
lean,repeat,37,6,create_read_destroy,std_erased_unique_40,50000,460231.000000,9.204620,16251450000
lean,repeat,37,7,create_read_destroy,own_unique_8,50000,433131.000000,8.662620,16251450000
lean,repeat,37,8,observable_move_roundtrip,std_unique_8,500000,554401.000000,1.108802,128250000
lean,repeat,37,9,observable_move_roundtrip,own_unique_8,500000,568130.000000,1.136260,128250000
lean,repeat,37,10,observable_move_roundtrip,std_erased_unique_40,500000,2736598.000000,5.473196,128250000
lean,repeat,37,11,observable_move_roundtrip,own_allocated_unique_40,500000,5401711.000000,10.803422,128250000
lean,repeat,37,12,vector_owner_transfer,std_erased_unique_40,64,224252.000000,3503.937500,438108160
lean,repeat,37,13,vector_owner_transfer,std_unique_8,64,169481.000000,2648.140625,438108160
lean,repeat,37,14,vector_owner_transfer,own_unique_8,64,169992.000000,2656.125000,438108160
lean,repeat,37,15,vector_owner_transfer,own_allocated_unique_40,64,366132.000000,5720.812500,438108160
lean,repeat,37,16,synchronized_job_handoff,std_unique_8,2048,531155.000000,259.353027,218578944
lean,repeat,37,17,synchronized_job_handoff,std_erased_unique_40,2048,589462.000000,287.823242,218578944
lean,repeat,37,18,synchronized_job_handoff,own_unique_8,2048,604004.000000,294.923828,218578944
lean,repeat,37,19,synchronized_job_handoff,own_allocated_unique_40,2048,691232.000000,337.515625,218578944
lean,repeat,37,20,frame_draw_batch,own_allocated_unique_40,64,553940.000000,8655.312500,27924889600
lean,repeat,37,21,frame_draw_batch,std_unique_8,64,491367.000000,7677.609375,27924889600
lean,repeat,37,22,frame_draw_batch,std_erased_unique_40,64,555062.000000,8672.843750,27924889600
lean,repeat,37,23,frame_draw_batch,own_unique_8,64,491878.000000,7685.593750,27924889600
lean,repeat,38,0,create_read_destroy,own_allocated_unique_40,50000,526689.000000,10.533780,16251450000
lean,repeat,38,1,create_read_destroy,std_unique_8,50000,469925.000000,9.398500,16251450000
lean,repeat,38,2,create_read_destroy,own_unique_8,50000,447441.000000,8.948820,16251450000
lean,repeat,38,3,create_read_destroy,std_erased_unique_40,50000,462854.000000,9.257080,16251450000
lean,repeat,38,4,borrow_read_loop,own_unique_8,1000000,568491.000000,0.568491,256500000
lean,repeat,38,5,borrow_read_loop,std_unique_8,1000000,436526.000000,0.436526,256500000
lean,repeat,38,6,borrow_read_loop,own_allocated_unique_40,1000000,448714.000000,0.448714,256500000
lean,repeat,38,7,borrow_read_loop,std_erased_unique_40,1000000,449135.000000,0.449135,256500000
lean,repeat,38,8,frame_draw_batch,own_allocated_unique_40,64,534541.000000,8352.203125,27924889600
lean,repeat,38,9,frame_draw_batch,std_unique_8,64,500780.000000,7824.687500,27924889600
lean,repeat,38,10,frame_draw_batch,own_unique_8,64,501402.000000,7834.406250,27924889600
lean,repeat,38,11,frame_draw_batch,std_erased_unique_40,64,513630.000000,8025.468750,27924889600
lean,repeat,38,12,vector_owner_transfer,std_erased_unique_40,64,223731.000000,3495.796875,438108160
lean,repeat,38,13,vector_owner_transfer,own_unique_8,64,168450.000000,2632.031250,438108160
lean,repeat,38,14,vector_owner_transfer,own_allocated_unique_40,64,378690.000000,5917.031250,438108160
lean,repeat,38,15,vector_owner_transfer,std_unique_8,64,169260.000000,2644.687500,438108160
lean,repeat,38,16,observable_move_roundtrip,own_unique_8,500000,556804.000000,1.113608,128250000
lean,repeat,38,17,observable_move_roundtrip,std_erased_unique_40,500000,2735376.000000,5.470752,128250000
lean,repeat,38,18,observable_move_roundtrip,own_allocated_unique_40,500000,5342042.000000,10.684084,128250000
lean,repeat,38,19,observable_move_roundtrip,std_unique_8,500000,541421.000000,1.082842,128250000
lean,repeat,38,20,synchronized_job_handoff,std_erased_unique_40,2048,573298.000000,279.930664,218578944
lean,repeat,38,21,synchronized_job_handoff,std_unique_8,2048,599627.000000,292.786621,218578944
lean,repeat,38,22,synchronized_job_handoff,own_unique_8,2048,628610.000000,306.938477,218578944
lean,repeat,38,23,synchronized_job_handoff,own_allocated_unique_40,2048,768546.000000,375.266602,218578944
lean,repeat,39,0,vector_owner_transfer,std_erased_unique_40,64,223450.000000,3491.406250,438108160
lean,repeat,39,1,vector_owner_transfer,std_unique_8,64,169070.000000,2641.718750,438108160
lean,repeat,39,2,vector_owner_transfer,own_allocated_unique_40,64,366732.000000,5730.187500,438108160
lean,repeat,39,3,vector_owner_transfer,own_unique_8,64,169090.000000,2642.031250,438108160
lean,repeat,39,4,frame_draw_batch,std_unique_8,64,492258.000000,7691.531250,27924889600
lean,repeat,39,5,frame_draw_batch,own_allocated_unique_40,64,539779.000000,8434.046875,27924889600
lean,repeat,39,6,frame_draw_batch,own_unique_8,64,488894.000000,7638.968750,27924889600
lean,repeat,39,7,frame_draw_batch,std_erased_unique_40,64,596192.000000,9315.500000,27924889600
lean,repeat,39,8,create_read_destroy,std_unique_8,50000,462474.000000,9.249480,16251450000
lean,repeat,39,9,create_read_destroy,own_unique_8,50000,491167.000000,9.823340,16251450000
lean,repeat,39,10,create_read_destroy,std_erased_unique_40,50000,518798.000000,10.375960,16251450000
lean,repeat,39,11,create_read_destroy,own_allocated_unique_40,50000,525908.000000,10.518160,16251450000
lean,repeat,39,12,observable_move_roundtrip,own_unique_8,500000,541431.000000,1.082862,128250000
lean,repeat,39,13,observable_move_roundtrip,own_allocated_unique_40,500000,5385477.000000,10.770954,128250000
lean,repeat,39,14,observable_move_roundtrip,std_unique_8,500000,541561.000000,1.083122,128250000
lean,repeat,39,15,observable_move_roundtrip,std_erased_unique_40,500000,2759883.000000,5.519766,128250000
lean,repeat,39,16,synchronized_job_handoff,std_unique_8,2048,561410.000000,274.125977,218578944
lean,repeat,39,17,synchronized_job_handoff,own_unique_8,2048,660597.000000,322.557129,218578944
lean,repeat,39,18,synchronized_job_handoff,own_allocated_unique_40,2048,936045.000000,457.053223,218578944
lean,repeat,39,19,synchronized_job_handoff,std_erased_unique_40,2048,605466.000000,295.637695,218578944
lean,repeat,39,20,borrow_read_loop,std_unique_8,1000000,436586.000000,0.436586,256500000
lean,repeat,39,21,borrow_read_loop,std_erased_unique_40,1000000,449155.000000,0.449155,256500000
lean,repeat,39,22,borrow_read_loop,own_allocated_unique_40,1000000,442714.000000,0.442714,256500000
lean,repeat,39,23,borrow_read_loop,own_unique_8,1000000,555982.000000,0.555982,256500000
lean,repeat,40,0,create_read_destroy,own_unique_8,50000,433151.000000,8.663020,16251450000
lean,repeat,40,1,create_read_destroy,std_unique_8,50000,473661.000000,9.473220,16251450000
lean,repeat,40,2,create_read_destroy,std_erased_unique_40,50000,446871.000000,8.937420,16251450000
lean,repeat,40,3,create_read_destroy,own_allocated_unique_40,50000,517456.000000,10.349120,16251450000
lean,repeat,40,4,borrow_read_loop,std_unique_8,1000000,436747.000000,0.436747,256500000
lean,repeat,40,5,borrow_read_loop,own_allocated_unique_40,1000000,450256.000000,0.450256,256500000
lean,repeat,40,6,borrow_read_loop,own_unique_8,1000000,541521.000000,0.541521,256500000
lean,repeat,40,7,borrow_read_loop,std_erased_unique_40,1000000,449014.000000,0.449014,256500000
lean,repeat,40,8,observable_move_roundtrip,std_unique_8,500000,541431.000000,1.082862,128250000
lean,repeat,40,9,observable_move_roundtrip,own_allocated_unique_40,500000,5356865.000000,10.713730,128250000
lean,repeat,40,10,observable_move_roundtrip,std_erased_unique_40,500000,2749918.000000,5.499836,128250000
lean,repeat,40,11,observable_move_roundtrip,own_unique_8,500000,568872.000000,1.137744,128250000
lean,repeat,40,12,frame_draw_batch,std_erased_unique_40,64,519699.000000,8120.296875,27924889600
lean,repeat,40,13,frame_draw_batch,own_unique_8,64,504507.000000,7882.921875,27924889600
lean,repeat,40,14,frame_draw_batch,std_unique_8,64,493991.000000,7718.609375,27924889600
lean,repeat,40,15,frame_draw_batch,own_allocated_unique_40,64,541681.000000,8463.765625,27924889600
lean,repeat,40,16,synchronized_job_handoff,std_unique_8,2048,561450.000000,274.145508,218578944
lean,repeat,40,17,synchronized_job_handoff,own_allocated_unique_40,2048,616292.000000,300.923828,218578944
lean,repeat,40,18,synchronized_job_handoff,std_erased_unique_40,2048,674939.000000,329.560059,218578944
lean,repeat,40,19,synchronized_job_handoff,own_unique_8,2048,586798.000000,286.522461,218578944
lean,repeat,40,20,vector_owner_transfer,own_allocated_unique_40,64,368145.000000,5752.265625,438108160
lean,repeat,40,21,vector_owner_transfer,std_unique_8,64,171093.000000,2673.328125,438108160
lean,repeat,40,22,vector_owner_transfer,own_unique_8,64,169932.000000,2655.187500,438108160
lean,repeat,40,23,vector_owner_transfer,std_erased_unique_40,64,283579.000000,4430.921875,438108160
lean,repeat,41,0,vector_owner_transfer,std_erased_unique_40,64,259725.000000,4058.203125,438108160
lean,repeat,41,1,vector_owner_transfer,own_allocated_unique_40,64,348436.000000,5444.312500,438108160
lean,repeat,41,2,vector_owner_transfer,std_unique_8,64,167177.000000,2612.140625,438108160
lean,repeat,41,3,vector_owner_transfer,own_unique_8,64,166957.000000,2608.703125,438108160
lean,repeat,41,4,create_read_destroy,own_unique_8,50000,448403.000000,8.968060,16251450000
lean,repeat,41,5,create_read_destroy,std_erased_unique_40,50000,446961.000000,8.939220,16251450000
lean,repeat,41,6,create_read_destroy,std_unique_8,50000,493740.000000,9.874800,16251450000
lean,repeat,41,7,create_read_destroy,own_allocated_unique_40,50000,509474.000000,10.189480,16251450000
lean,repeat,41,8,frame_draw_batch,std_erased_unique_40,64,531146.000000,8299.156250,27924889600
lean,repeat,41,9,frame_draw_batch,own_allocated_unique_40,64,522062.000000,8157.218750,27924889600
lean,repeat,41,10,frame_draw_batch,std_unique_8,64,608630.000000,9509.843750,27924889600
lean,repeat,41,11,frame_draw_batch,own_unique_8,64,489815.000000,7653.359375,27924889600
lean,repeat,41,12,observable_move_roundtrip,own_unique_8,500000,556724.000000,1.113448,128250000
lean,repeat,41,13,observable_move_roundtrip,std_unique_8,500000,543865.000000,1.087730,128250000
lean,repeat,41,14,observable_move_roundtrip,std_erased_unique_40,500000,2872149.000000,5.744298,128250000
lean,repeat,41,15,observable_move_roundtrip,own_allocated_unique_40,500000,5498544.000000,10.997088,128250000
lean,repeat,41,16,borrow_read_loop,own_unique_8,1000000,541541.000000,0.541541,256500000
lean,repeat,41,17,borrow_read_loop,std_unique_8,1000000,449715.000000,0.449715,256500000
lean,repeat,41,18,borrow_read_loop,own_allocated_unique_40,1000000,438980.000000,0.438980,256500000
lean,repeat,41,19,borrow_read_loop,std_erased_unique_40,1000000,451508.000000,0.451508,256500000
lean,repeat,41,20,synchronized_job_handoff,own_allocated_unique_40,2048,1514421.000000,739.463379,218578944
lean,repeat,41,21,synchronized_job_handoff,std_unique_8,2048,689350.000000,336.596680,218578944
lean,repeat,41,22,synchronized_job_handoff,std_erased_unique_40,2048,842556.000000,411.404297,218578944
lean,repeat,41,23,synchronized_job_handoff,own_unique_8,2048,547690.000000,267.426758,218578944
lean,repeat,42,0,borrow_read_loop,std_unique_8,1000000,451678.000000,0.451678,256500000
lean,repeat,42,1,borrow_read_loop,std_erased_unique_40,1000000,436256.000000,0.436256,256500000
lean,repeat,42,2,borrow_read_loop,own_allocated_unique_40,1000000,450586.000000,0.450586,256500000
lean,repeat,42,3,borrow_read_loop,own_unique_8,1000000,541390.000000,0.541390,256500000
lean,repeat,42,4,create_read_destroy,own_unique_8,50000,462354.000000,9.247080,16251450000
lean,repeat,42,5,create_read_destroy,own_allocated_unique_40,50000,476455.000000,9.529100,16251450000
lean,repeat,42,6,create_read_destroy,std_erased_unique_40,50000,459169.000000,9.183380,16251450000
lean,repeat,42,7,create_read_destroy,std_unique_8,50000,532468.000000,10.649360,16251450000
lean,repeat,42,8,observable_move_roundtrip,std_erased_unique_40,500000,2798940.000000,5.597880,128250000
lean,repeat,42,9,observable_move_roundtrip,own_unique_8,500000,541441.000000,1.082882,128250000
lean,repeat,42,10,observable_move_roundtrip,own_allocated_unique_40,500000,5465766.000000,10.931532,128250000
lean,repeat,42,11,observable_move_roundtrip,std_unique_8,500000,541441.000000,1.082882,128250000
lean,repeat,42,12,frame_draw_batch,std_erased_unique_40,64,536544.000000,8383.500000,27924889600
lean,repeat,42,13,frame_draw_batch,std_unique_8,64,506489.000000,7913.890625,27924889600
lean,repeat,42,14,frame_draw_batch,own_allocated_unique_40,64,543074.000000,8485.531250,27924889600
lean,repeat,42,15,frame_draw_batch,own_unique_8,64,506620.000000,7915.937500,27924889600
lean,repeat,42,16,vector_owner_transfer,std_unique_8,64,172916.000000,2701.812500,438108160
lean,repeat,42,17,vector_owner_transfer,std_erased_unique_40,64,227407.000000,3553.234375,438108160
lean,repeat,42,18,vector_owner_transfer,own_unique_8,64,174238.000000,2722.468750,438108160
lean,repeat,42,19,vector_owner_transfer,own_allocated_unique_40,64,368735.000000,5761.484375,438108160
lean,repeat,42,20,synchronized_job_handoff,std_erased_unique_40,2048,660777.000000,322.645020,218578944
lean,repeat,42,21,synchronized_job_handoff,own_unique_8,2048,602331.000000,294.106934,218578944
lean,repeat,42,22,synchronized_job_handoff,own_allocated_unique_40,2048,1913210.000000,934.184570,218578944
lean,repeat,42,23,synchronized_job_handoff,std_unique_8,2048,574100.000000,280.322266,218578944
lean,repeat,43,0,vector_owner_transfer,std_erased_unique_40,64,237732.000000,3714.562500,438108160
lean,repeat,43,1,vector_owner_transfer,std_unique_8,64,168259.000000,2629.046875,438108160
lean,repeat,43,2,vector_owner_transfer,own_unique_8,64,167508.000000,2617.312500,438108160
lean,repeat,43,3,vector_owner_transfer,own_allocated_unique_40,64,348917.000000,5451.828125,438108160
lean,repeat,43,4,borrow_read_loop,own_unique_8,1000000,793494.000000,0.793494,256500000
lean,repeat,43,5,borrow_read_loop,std_erased_unique_40,1000000,449285.000000,0.449285,256500000
lean,repeat,43,6,borrow_read_loop,std_unique_8,1000000,501051.000000,0.501051,256500000
lean,repeat,43,7,borrow_read_loop,own_allocated_unique_40,1000000,442554.000000,0.442554,256500000
lean,repeat,43,8,synchronized_job_handoff,std_erased_unique_40,2048,808245.000000,394.650879,218578944
lean,repeat,43,9,synchronized_job_handoff,own_unique_8,2048,1564951.000000,764.136230,218578944
lean,repeat,43,10,synchronized_job_handoff,std_unique_8,2048,885310.000000,432.280273,218578944
lean,repeat,43,11,synchronized_job_handoff,own_allocated_unique_40,2048,1760514.000000,859.625977,218578944
lean,repeat,43,12,create_read_destroy,std_unique_8,50000,531376.000000,10.627520,16251450000
lean,repeat,43,13,create_read_destroy,std_erased_unique_40,50000,552798.000000,11.055960,16251450000
lean,repeat,43,14,create_read_destroy,own_unique_8,50000,433461.000000,8.669220,16251450000
lean,repeat,43,15,create_read_destroy,own_allocated_unique_40,50000,541771.000000,10.835420,16251450000
lean,repeat,43,16,observable_move_roundtrip,own_allocated_unique_40,500000,9651467.000000,19.302934,128250000
lean,repeat,43,17,observable_move_roundtrip,std_unique_8,500000,615391.000000,1.230782,128250000
lean,repeat,43,18,observable_move_roundtrip,std_erased_unique_40,500000,2934361.000000,5.868722,128250000
lean,repeat,43,19,observable_move_roundtrip,own_unique_8,500000,600678.000000,1.201356,128250000
lean,repeat,43,20,frame_draw_batch,own_allocated_unique_40,64,569373.000000,8896.453125,27924889600
lean,repeat,43,21,frame_draw_batch,std_erased_unique_40,64,690732.000000,10792.687500,27924889600
lean,repeat,43,22,frame_draw_batch,own_unique_8,64,550304.000000,8598.500000,27924889600
lean,repeat,43,23,frame_draw_batch,std_unique_8,64,545077.000000,8516.828125,27924889600
lean,repeat,44,0,frame_draw_batch,own_allocated_unique_40,64,521882.000000,8154.406250,27924889600
lean,repeat,44,1,frame_draw_batch,own_unique_8,64,501501.000000,7835.953125,27924889600
lean,repeat,44,2,frame_draw_batch,std_unique_8,64,490616.000000,7665.875000,27924889600
lean,repeat,44,3,frame_draw_batch,std_erased_unique_40,64,534441.000000,8350.640625,27924889600
lean,repeat,44,4,observable_move_roundtrip,std_unique_8,500000,541411.000000,1.082822,128250000
lean,repeat,44,5,observable_move_roundtrip,std_erased_unique_40,500000,3530243.000000,7.060486,128250000
lean,repeat,44,6,observable_move_roundtrip,own_unique_8,500000,541471.000000,1.082942,128250000
lean,repeat,44,7,observable_move_roundtrip,own_allocated_unique_40,500000,6131791.000000,12.263582,128250000
lean,repeat,44,8,vector_owner_transfer,own_allocated_unique_40,64,353934.000000,5530.218750,438108160
lean,repeat,44,9,vector_owner_transfer,std_unique_8,64,173346.000000,2708.531250,438108160
lean,repeat,44,10,vector_owner_transfer,std_erased_unique_40,64,225443.000000,3522.546875,438108160
lean,repeat,44,11,vector_owner_transfer,own_unique_8,64,170903.000000,2670.359375,438108160
lean,repeat,44,12,borrow_read_loop,own_allocated_unique_40,1000000,451277.000000,0.451277,256500000
lean,repeat,44,13,borrow_read_loop,std_erased_unique_40,1000000,498137.000000,0.498137,256500000
lean,repeat,44,14,borrow_read_loop,std_unique_8,1000000,583924.000000,0.583924,256500000
lean,repeat,44,15,borrow_read_loop,own_unique_8,1000000,710240.000000,0.710240,256500000
lean,repeat,44,16,create_read_destroy,std_unique_8,50000,447261.000000,8.945220,16251450000
lean,repeat,44,17,create_read_destroy,own_unique_8,50000,480010.000000,9.600200,16251450000
lean,repeat,44,18,create_read_destroy,std_erased_unique_40,50000,488733.000000,9.774660,16251450000
lean,repeat,44,19,create_read_destroy,own_allocated_unique_40,50000,502774.000000,10.055480,16251450000
lean,repeat,44,20,synchronized_job_handoff,std_unique_8,2048,569032.000000,277.847656,218578944
lean,repeat,44,21,synchronized_job_handoff,std_erased_unique_40,2048,564625.000000,275.695801,218578944
lean,repeat,44,22,synchronized_job_handoff,own_unique_8,2048,532648.000000,260.082031,218578944
lean,repeat,44,23,synchronized_job_handoff,own_allocated_unique_40,2048,1552707.000000,758.157715,218578944
lean,repeat,45,0,synchronized_job_handoff,own_allocated_unique_40,2048,1786593.000000,872.359863,218578944
lean,repeat,45,1,synchronized_job_handoff,std_erased_unique_40,2048,652715.000000,318.708496,218578944
lean,repeat,45,2,synchronized_job_handoff,own_unique_8,2048,778641.000000,380.195801,218578944
lean,repeat,45,3,synchronized_job_handoff,std_unique_8,2048,586608.000000,286.429688,218578944
lean,repeat,45,4,create_read_destroy,own_allocated_unique_40,50000,498758.000000,9.975160,16251450000
lean,repeat,45,5,create_read_destroy,own_unique_8,50000,675229.000000,13.504580,16251450000
lean,repeat,45,6,create_read_destroy,std_unique_8,50000,446691.000000,8.933820,16251450000
lean,repeat,45,7,create_read_destroy,std_erased_unique_40,50000,731302.000000,14.626040,16251450000
lean,repeat,45,8,observable_move_roundtrip,std_unique_8,500000,675970.000000,1.351940,128250000
lean,repeat,45,9,observable_move_roundtrip,own_unique_8,500000,799903.000000,1.599806,128250000
lean,repeat,45,10,observable_move_roundtrip,own_allocated_unique_40,500000,5628115.000000,11.256230,128250000
lean,repeat,45,11,observable_move_roundtrip,std_erased_unique_40,500000,2864568.000000,5.729136,128250000
lean,repeat,45,12,frame_draw_batch,own_allocated_unique_40,64,554451.000000,8663.296875,27924889600
lean,repeat,45,13,frame_draw_batch,std_unique_8,64,1579207.000000,24675.109375,27924889600
lean,repeat,45,14,frame_draw_batch,std_erased_unique_40,64,629050.000000,9828.906250,27924889600
lean,repeat,45,15,frame_draw_batch,own_unique_8,64,489854.000000,7653.968750,27924889600
lean,repeat,45,16,borrow_read_loop,std_erased_unique_40,1000000,454572.000000,0.454572,256500000
lean,repeat,45,17,borrow_read_loop,std_unique_8,1000000,439050.000000,0.439050,256500000
lean,repeat,45,18,borrow_read_loop,own_allocated_unique_40,1000000,543604.000000,0.543604,256500000
lean,repeat,45,19,borrow_read_loop,own_unique_8,1000000,541411.000000,0.541411,256500000
lean,repeat,45,20,vector_owner_transfer,std_erased_unique_40,64,266084.000000,4157.562500,438108160
lean,repeat,45,21,vector_owner_transfer,own_allocated_unique_40,64,354394.000000,5537.406250,438108160
lean,repeat,45,22,vector_owner_transfer,std_unique_8,64,171964.000000,2686.937500,438108160
lean,repeat,45,23,vector_owner_transfer,own_unique_8,64,170082.000000,2657.531250,438108160
lean,repeat,46,0,create_read_destroy,own_allocated_unique_40,50000,589351.000000,11.787020,16251450000
lean,repeat,46,1,create_read_destroy,std_erased_unique_40,50000,515873.000000,10.317460,16251450000
lean,repeat,46,2,create_read_destroy,std_unique_8,50000,557976.000000,11.159520,16251450000
lean,repeat,46,3,create_read_destroy,own_unique_8,50000,433141.000000,8.662820,16251450000
lean,repeat,46,4,borrow_read_loop,std_erased_unique_40,1000000,460621.000000,0.460621,256500000
lean,repeat,46,5,borrow_read_loop,own_allocated_unique_40,1000000,436346.000000,0.436346,256500000
lean,repeat,46,6,borrow_read_loop,std_unique_8,1000000,450376.000000,0.450376,256500000
lean,repeat,46,7,borrow_read_loop,own_unique_8,1000000,541431.000000,0.541431,256500000
lean,repeat,46,8,observable_move_roundtrip,own_allocated_unique_40,500000,6651490.000000,13.302980,128250000
lean,repeat,46,9,observable_move_roundtrip,std_unique_8,500000,624985.000000,1.249970,128250000
lean,repeat,46,10,observable_move_roundtrip,own_unique_8,500000,597855.000000,1.195710,128250000
lean,repeat,46,11,observable_move_roundtrip,std_erased_unique_40,500000,2851378.000000,5.702756,128250000
lean,repeat,46,12,synchronized_job_handoff,std_erased_unique_40,2048,649421.000000,317.100098,218578944
lean,repeat,46,13,synchronized_job_handoff,own_allocated_unique_40,2048,1965638.000000,959.784180,218578944
lean,repeat,46,14,synchronized_job_handoff,own_unique_8,2048,531756.000000,259.646484,218578944
lean,repeat,46,15,synchronized_job_handoff,std_unique_8,2048,644684.000000,314.787109,218578944
lean,repeat,46,16,frame_draw_batch,own_unique_8,64,554461.000000,8663.453125,27924889600
lean,repeat,46,17,frame_draw_batch,own_allocated_unique_40,64,548972.000000,8577.687500,27924889600
lean,repeat,46,18,frame_draw_batch,std_erased_unique_40,64,608010.000000,9500.156250,27924889600
lean,repeat,46,19,frame_draw_batch,std_unique_8,64,1630572.000000,25477.687500,27924889600
lean,repeat,46,20,vector_owner_transfer,std_erased_unique_40,64,224642.000000,3510.031250,438108160
lean,repeat,46,21,vector_owner_transfer,own_unique_8,64,194527.000000,3039.484375,438108160
lean,repeat,46,22,vector_owner_transfer,std_unique_8,64,171374.000000,2677.718750,438108160
lean,repeat,46,23,vector_owner_transfer,own_allocated_unique_40,64,530865.000000,8294.765625,438108160
lean,repeat,47,0,frame_draw_batch,own_unique_8,64,523304.000000,8176.625000,27924889600
lean,repeat,47,1,frame_draw_batch,std_erased_unique_40,64,513649.000000,8025.765625,27924889600
lean,repeat,47,2,frame_draw_batch,own_allocated_unique_40,64,635260.000000,9925.937500,27924889600
lean,repeat,47,3,frame_draw_batch,std_unique_8,64,503305.000000,7864.140625,27924889600
lean,repeat,47,4,create_read_destroy,own_unique_8,50000,476114.000000,9.522280,16251450000
lean,repeat,47,5,create_read_destroy,std_unique_8,50000,633417.000000,12.668340,16251450000
lean,repeat,47,6,create_read_destroy,own_allocated_unique_40,50000,534461.000000,10.689220,16251450000
lean,repeat,47,7,create_read_destroy,std_erased_unique_40,50000,470676.000000,9.413520,16251450000
lean,repeat,47,8,observable_move_roundtrip,std_unique_8,500000,823649.000000,1.647298,128250000
lean,repeat,47,9,observable_move_roundtrip,std_erased_unique_40,500000,2849937.000000,5.699874,128250000
lean,repeat,47,10,observable_move_roundtrip,own_unique_8,500000,618375.000000,1.236750,128250000
lean,repeat,47,11,observable_move_roundtrip,own_allocated_unique_40,500000,6147056.000000,12.294112,128250000
lean,repeat,47,12,synchronized_job_handoff,std_erased_unique_40,2048,672516.000000,328.376953,218578944
lean,repeat,47,13,synchronized_job_handoff,std_unique_8,2048,651644.000000,318.185547,218578944
lean,repeat,47,14,synchronized_job_handoff,own_unique_8,2048,859642.000000,419.747070,218578944
lean,repeat,47,15,synchronized_job_handoff,own_allocated_unique_40,2048,1667858.000000,814.383789,218578944
lean,repeat,47,16,borrow_read_loop,own_unique_8,1000000,583954.000000,0.583954,256500000
lean,repeat,47,17,borrow_read_loop,std_unique_8,1000000,481563.000000,0.481563,256500000
lean,repeat,47,18,borrow_read_loop,std_erased_unique_40,1000000,461203.000000,0.461203,256500000
lean,repeat,47,19,borrow_read_loop,own_allocated_unique_40,1000000,439580.000000,0.439580,256500000
lean,repeat,47,20,vector_owner_transfer,std_erased_unique_40,64,224633.000000,3509.890625,438108160
lean,repeat,47,21,vector_owner_transfer,std_unique_8,64,170292.000000,2660.812500,438108160
lean,repeat,47,22,vector_owner_transfer,own_unique_8,64,211833.000000,3309.890625,438108160
lean,repeat,47,23,vector_owner_transfer,own_allocated_unique_40,64,351190.000000,5487.343750,438108160
lean,repeat,48,0,create_read_destroy,own_unique_8,50000,433222.000000,8.664440,16251450000
lean,repeat,48,1,create_read_destroy,std_erased_unique_40,50000,601129.000000,12.022580,16251450000
lean,repeat,48,2,create_read_destroy,own_allocated_unique_40,50000,558297.000000,11.165940,16251450000
lean,repeat,48,3,create_read_destroy,std_unique_8,50000,446851.000000,8.937020,16251450000
lean,repeat,48,4,observable_move_roundtrip,std_unique_8,500000,625044.000000,1.250088,128250000
lean,repeat,48,5,observable_move_roundtrip,own_unique_8,500000,702360.000000,1.404720,128250000
lean,repeat,48,6,observable_move_roundtrip,std_erased_unique_40,500000,2938549.000000,5.877098,128250000
lean,repeat,48,7,observable_move_roundtrip,own_allocated_unique_40,500000,6117883.000000,12.235766,128250000
lean,repeat,48,8,borrow_read_loop,own_allocated_unique_40,1000000,504527.000000,0.504527,256500000
lean,repeat,48,9,borrow_read_loop,own_unique_8,1000000,744562.000000,0.744562,256500000
lean,repeat,48,10,borrow_read_loop,std_unique_8,1000000,436926.000000,0.436926,256500000
lean,repeat,48,11,borrow_read_loop,std_erased_unique_40,1000000,778712.000000,0.778712,256500000
lean,repeat,48,12,vector_owner_transfer,own_allocated_unique_40,64,355536.000000,5555.250000,438108160
lean,repeat,48,13,vector_owner_transfer,own_unique_8,64,224702.000000,3510.968750,438108160
lean,repeat,48,14,vector_owner_transfer,std_unique_8,64,276079.000000,4313.734375,438108160
lean,repeat,48,15,vector_owner_transfer,std_erased_unique_40,64,452629.000000,7072.328125,438108160
lean,repeat,48,16,frame_draw_batch,own_unique_8,64,529984.000000,8281.000000,27924889600
lean,repeat,48,17,frame_draw_batch,std_unique_8,64,490946.000000,7671.031250,27924889600
lean,repeat,48,18,frame_draw_batch,std_erased_unique_40,64,649722.000000,10151.906250,27924889600
lean,repeat,48,19,frame_draw_batch,own_allocated_unique_40,64,735999.000000,11499.984375,27924889600
lean,repeat,48,20,synchronized_job_handoff,std_erased_unique_40,2048,931693.000000,454.928223,218578944
lean,repeat,48,21,synchronized_job_handoff,own_unique_8,2048,647718.000000,316.268555,218578944
lean,repeat,48,22,synchronized_job_handoff,std_unique_8,2048,611886.000000,298.772461,218578944
lean,repeat,48,23,synchronized_job_handoff,own_allocated_unique_40,2048,1605536.000000,783.953125,218578944
lean,repeat,49,0,vector_owner_transfer,own_allocated_unique_40,64,366592.000000,5728.000000,438108160
lean,repeat,49,1,vector_owner_transfer,own_unique_8,64,170171.000000,2658.921875,438108160
lean,repeat,49,2,vector_owner_transfer,std_erased_unique_40,64,222059.000000,3469.671875,438108160
lean,repeat,49,3,vector_owner_transfer,std_unique_8,64,170342.000000,2661.593750,438108160
lean,repeat,49,4,observable_move_roundtrip,std_unique_8,500000,581029.000000,1.162058,128250000
lean,repeat,49,5,observable_move_roundtrip,own_unique_8,500000,541462.000000,1.082924,128250000
lean,repeat,49,6,observable_move_roundtrip,std_erased_unique_40,500000,2989444.000000,5.978888,128250000
lean,repeat,49,7,observable_move_roundtrip,own_allocated_unique_40,500000,5440831.000000,10.881662,128250000
lean,repeat,49,8,create_read_destroy,std_unique_8,50000,920822.000000,18.416440,16251450000
lean,repeat,49,9,create_read_destroy,std_erased_unique_40,50000,953020.000000,19.060400,16251450000
lean,repeat,49,10,create_read_destroy,own_allocated_unique_40,50000,955113.000000,19.102260,16251450000
lean,repeat,49,11,create_read_destroy,own_unique_8,50000,932560.000000,18.651200,16251450000
lean,repeat,49,12,frame_draw_batch,own_unique_8,64,495363.000000,7740.046875,27924889600
lean,repeat,49,13,frame_draw_batch,std_erased_unique_40,64,532097.000000,8314.015625,27924889600
lean,repeat,49,14,frame_draw_batch,own_allocated_unique_40,64,713025.000000,11141.015625,27924889600
lean,repeat,49,15,frame_draw_batch,std_unique_8,64,529254.000000,8269.593750,27924889600
lean,repeat,49,16,borrow_read_loop,own_unique_8,1000000,558066.000000,0.558066,256500000
lean,repeat,49,17,borrow_read_loop,std_erased_unique_40,1000000,455684.000000,0.455684,256500000
lean,repeat,49,18,borrow_read_loop,own_allocated_unique_40,1000000,436346.000000,0.436346,256500000
lean,repeat,49,19,borrow_read_loop,std_unique_8,1000000,453832.000000,0.453832,256500000
lean,repeat,49,20,synchronized_job_handoff,std_erased_unique_40,2048,709309.000000,346.342285,218578944
lean,repeat,49,21,synchronized_job_handoff,own_unique_8,2048,540349.000000,263.842285,218578944
lean,repeat,49,22,synchronized_job_handoff,own_allocated_unique_40,2048,1605646.000000,784.006836,218578944
lean,repeat,49,23,synchronized_job_handoff,std_unique_8,2048,574389.000000,280.463379,218578944
lean,repeat,50,0,borrow_read_loop,own_allocated_unique_40,1000000,449605.000000,0.449605,256500000
lean,repeat,50,1,borrow_read_loop,std_erased_unique_40,1000000,439741.000000,0.439741,256500000
lean,repeat,50,2,borrow_read_loop,own_unique_8,1000000,556674.000000,0.556674,256500000
lean,repeat,50,3,borrow_read_loop,std_unique_8,1000000,436766.000000,0.436766,256500000
lean,repeat,50,4,frame_draw_batch,own_allocated_unique_40,64,544576.000000,8509.000000,27924889600
lean,repeat,50,5,frame_draw_batch,std_erased_unique_40,64,528582.000000,8259.093750,27924889600
lean,repeat,50,6,frame_draw_batch,std_unique_8,64,518367.000000,8099.484375,27924889600
lean,repeat,50,7,frame_draw_batch,own_unique_8,64,678113.000000,10595.515625,27924889600
lean,repeat,50,8,create_read_destroy,own_allocated_unique_40,50000,514001.000000,10.280020,16251450000
lean,repeat,50,9,create_read_destroy,std_erased_unique_40,50000,537756.000000,10.755120,16251450000
lean,repeat,50,10,create_read_destroy,own_unique_8,50000,433191.000000,8.663820,16251450000
lean,repeat,50,11,create_read_destroy,std_unique_8,50000,447342.000000,8.946840,16251450000
lean,repeat,50,12,vector_owner_transfer,std_unique_8,64,188699.000000,2948.421875,438108160
lean,repeat,50,13,vector_owner_transfer,own_allocated_unique_40,64,351831.000000,5497.359375,438108160
lean,repeat,50,14,vector_owner_transfer,std_erased_unique_40,64,223942.000000,3499.093750,438108160
lean,repeat,50,15,vector_owner_transfer,own_unique_8,64,170122.000000,2658.156250,438108160
lean,repeat,50,16,observable_move_roundtrip,own_allocated_unique_40,500000,5373912.000000,10.747824,128250000
lean,repeat,50,17,observable_move_roundtrip,std_unique_8,500000,541732.000000,1.083464,128250000
lean,repeat,50,18,observable_move_roundtrip,own_unique_8,500000,555632.000000,1.111264,128250000
lean,repeat,50,19,observable_move_roundtrip,std_erased_unique_40,500000,2758713.000000,5.517426,128250000
lean,repeat,50,20,synchronized_job_handoff,std_unique_8,2048,555071.000000,271.030762,218578944
lean,repeat,50,21,synchronized_job_handoff,own_allocated_unique_40,2048,1778451.000000,868.384277,218578944
lean,repeat,50,22,synchronized_job_handoff,std_erased_unique_40,2048,705935.000000,344.694824,218578944
lean,repeat,50,23,synchronized_job_handoff,own_unique_8,2048,620458.000000,302.958008,218578944
frozen_erased,repeat,0,0,synchronized_job_handoff,std_unique_8,2048,580309.000000,283.354004,218578944
frozen_erased,repeat,0,1,synchronized_job_handoff,own_old_unique_40,2048,456015.000000,222.663574,218578944
frozen_erased,repeat,0,2,synchronized_job_handoff,std_erased_unique_40,2048,591485.000000,288.811035,218578944
frozen_erased,repeat,0,3,vector_owner_transfer,std_erased_unique_40,64,219364.000000,3427.562500,438108160
frozen_erased,repeat,0,4,vector_owner_transfer,std_unique_8,64,171474.000000,2679.281250,438108160
frozen_erased,repeat,0,5,vector_owner_transfer,own_old_unique_40,64,348826.000000,5450.406250,438108160
frozen_erased,repeat,0,6,observable_move_roundtrip,std_erased_unique_40,500000,2799042.000000,5.598084,128250000
frozen_erased,repeat,0,7,observable_move_roundtrip,own_old_unique_40,500000,5992718.000000,11.985436,128250000
frozen_erased,repeat,0,8,observable_move_roundtrip,std_unique_8,500000,564766.000000,1.129532,128250000
frozen_erased,repeat,0,9,frame_draw_batch,own_old_unique_40,64,1423236.000000,22238.062500,27924889600
frozen_erased,repeat,0,10,frame_draw_batch,std_erased_unique_40,64,775919.000000,12123.734375,27924889600
frozen_erased,repeat,0,11,frame_draw_batch,std_unique_8,64,553730.000000,8652.031250,27924889600
frozen_erased,repeat,0,12,create_read_destroy,std_unique_8,50000,510666.000000,10.213320,16251450000
frozen_erased,repeat,0,13,create_read_destroy,own_old_unique_40,50000,555081.000000,11.101620,16251450000
frozen_erased,repeat,0,14,create_read_destroy,std_erased_unique_40,50000,506389.000000,10.127780,16251450000
frozen_erased,repeat,0,15,borrow_read_loop,own_old_unique_40,1000000,468964.000000,0.468964,256500000
frozen_erased,repeat,0,16,borrow_read_loop,std_erased_unique_40,1000000,661278.000000,0.661278,256500000
frozen_erased,repeat,0,17,borrow_read_loop,std_unique_8,1000000,540930.000000,0.540930,256500000
frozen_erased,repeat,1,0,observable_move_roundtrip,own_old_unique_40,500000,6052255.000000,12.104510,128250000
frozen_erased,repeat,1,1,observable_move_roundtrip,std_unique_8,500000,690412.000000,1.380824,128250000
frozen_erased,repeat,1,2,observable_move_roundtrip,std_erased_unique_40,500000,3146776.000000,6.293552,128250000
frozen_erased,repeat,1,3,frame_draw_batch,std_unique_8,64,560229.000000,8753.578125,27924889600
frozen_erased,repeat,1,4,frame_draw_batch,std_erased_unique_40,64,612076.000000,9563.687500,27924889600
frozen_erased,repeat,1,5,frame_draw_batch,own_old_unique_40,64,605286.000000,9457.593750,27924889600
frozen_erased,repeat,1,6,create_read_destroy,own_old_unique_40,50000,602191.000000,12.043820,16251450000
frozen_erased,repeat,1,7,create_read_destroy,std_erased_unique_40,50000,494041.000000,9.880820,16251450000
frozen_erased,repeat,1,8,create_read_destroy,std_unique_8,50000,433171.000000,8.663420,16251450000
frozen_erased,repeat,1,9,vector_owner_transfer,std_unique_8,64,173046.000000,2703.843750,438108160
frozen_erased,repeat,1,10,vector_owner_transfer,std_erased_unique_40,64,221188.000000,3456.062500,438108160
frozen_erased,repeat,1,11,vector_owner_transfer,own_old_unique_40,64,367444.000000,5741.312500,438108160
frozen_erased,repeat,1,12,synchronized_job_handoff,std_erased_unique_40,2048,707817.000000,345.613770,218578944
frozen_erased,repeat,1,13,synchronized_job_handoff,own_old_unique_40,2048,484317.000000,236.482910,218578944
frozen_erased,repeat,1,14,synchronized_job_handoff,std_unique_8,2048,802918.000000,392.049805,218578944
frozen_erased,repeat,1,15,borrow_read_loop,std_unique_8,1000000,436526.000000,0.436526,256500000
frozen_erased,repeat,1,16,borrow_read_loop,std_erased_unique_40,1000000,510305.000000,0.510305,256500000
frozen_erased,repeat,1,17,borrow_read_loop,own_old_unique_40,1000000,436616.000000,0.436616,256500000
frozen_erased,repeat,2,0,frame_draw_batch,std_unique_8,64,522884.000000,8170.062500,27924889600
frozen_erased,repeat,2,1,frame_draw_batch,std_erased_unique_40,64,516124.000000,8064.437500,27924889600
frozen_erased,repeat,2,2,frame_draw_batch,own_old_unique_40,64,590063.000000,9219.734375,27924889600
frozen_erased,repeat,2,3,borrow_read_loop,own_old_unique_40,1000000,436305.000000,0.436305,256500000
frozen_erased,repeat,2,4,borrow_read_loop,std_erased_unique_40,1000000,1093138.000000,1.093138,256500000
frozen_erased,repeat,2,5,borrow_read_loop,std_unique_8,1000000,485428.000000,0.485428,256500000
frozen_erased,repeat,2,6,vector_owner_transfer,std_unique_8,64,171844.000000,2685.062500,438108160
frozen_erased,repeat,2,7,vector_owner_transfer,std_erased_unique_40,64,219374.000000,3427.718750,438108160
frozen_erased,repeat,2,8,vector_owner_transfer,own_old_unique_40,64,368435.000000,5756.796875,438108160
frozen_erased,repeat,2,9,create_read_destroy,own_old_unique_40,50000,739704.000000,14.794080,16251450000
frozen_erased,repeat,2,10,create_read_destroy,std_unique_8,50000,462534.000000,9.250680,16251450000
frozen_erased,repeat,2,11,create_read_destroy,std_erased_unique_40,50000,453721.000000,9.074420,16251450000
frozen_erased,repeat,2,12,synchronized_job_handoff,own_old_unique_40,2048,507752.000000,247.925781,218578944
frozen_erased,repeat,2,13,synchronized_job_handoff,std_erased_unique_40,2048,528222.000000,257.920898,218578944
frozen_erased,repeat,2,14,synchronized_job_handoff,std_unique_8,2048,652716.000000,318.708984,218578944
frozen_erased,repeat,2,15,observable_move_roundtrip,std_unique_8,500000,567900.000000,1.135800,128250000
frozen_erased,repeat,2,16,observable_move_roundtrip,std_erased_unique_40,500000,2735588.000000,5.471176,128250000
frozen_erased,repeat,2,17,observable_move_roundtrip,own_old_unique_40,500000,12384585.000000,24.769170,128250000
frozen_erased,repeat,3,0,vector_owner_transfer,std_unique_8,64,174208.000000,2722.000000,438108160
frozen_erased,repeat,3,1,vector_owner_transfer,std_erased_unique_40,64,219946.000000,3436.656250,438108160
frozen_erased,repeat,3,2,vector_owner_transfer,own_old_unique_40,64,396497.000000,6195.265625,438108160
frozen_erased,repeat,3,3,observable_move_roundtrip,std_unique_8,500000,696320.000000,1.392640,128250000
frozen_erased,repeat,3,4,observable_move_roundtrip,own_old_unique_40,500000,13138882.000000,26.277764,128250000
frozen_erased,repeat,3,5,observable_move_roundtrip,std_erased_unique_40,500000,3239143.000000,6.478286,128250000
frozen_erased,repeat,3,6,synchronized_job_handoff,std_erased_unique_40,2048,576142.000000,281.319336,218578944
frozen_erased,repeat,3,7,synchronized_job_handoff,own_old_unique_40,2048,518767.000000,253.304199,218578944
frozen_erased,repeat,3,8,synchronized_job_handoff,std_unique_8,2048,623513.000000,304.449707,218578944
frozen_erased,repeat,3,9,borrow_read_loop,std_unique_8,1000000,513440.000000,0.513440,256500000
frozen_erased,repeat,3,10,borrow_read_loop,std_erased_unique_40,1000000,436566.000000,0.436566,256500000
frozen_erased,repeat,3,11,borrow_read_loop,own_old_unique_40,1000000,473470.000000,0.473470,256500000
frozen_erased,repeat,3,12,create_read_destroy,std_unique_8,50000,433402.000000,8.668040,16251450000
frozen_erased,repeat,3,13,create_read_destroy,own_old_unique_40,50000,520811.000000,10.416220,16251450000
frozen_erased,repeat,3,14,create_read_destroy,std_erased_unique_40,50000,527701.000000,10.554020,16251450000
frozen_erased,repeat,3,15,frame_draw_batch,std_erased_unique_40,64,701518.000000,10961.218750,27924889600
frozen_erased,repeat,3,16,frame_draw_batch,std_unique_8,64,544876.000000,8513.687500,27924889600
frozen_erased,repeat,3,17,frame_draw_batch,own_old_unique_40,64,542132.000000,8470.812500,27924889600
frozen_erased,repeat,4,0,observable_move_roundtrip,std_unique_8,500000,557325.000000,1.114650,128250000
frozen_erased,repeat,4,1,observable_move_roundtrip,own_old_unique_40,500000,8341663.000000,16.683326,128250000
frozen_erased,repeat,4,2,observable_move_roundtrip,std_erased_unique_40,500000,3020249.000000,6.040498,128250000
frozen_erased,repeat,4,3,frame_draw_batch,own_old_unique_40,64,547770.000000,8558.906250,27924889600
frozen_erased,repeat,4,4,frame_draw_batch,std_unique_8,64,503045.000000,7860.078125,27924889600
frozen_erased,repeat,4,5,frame_draw_batch,std_erased_unique_40,64,632315.000000,9879.921875,27924889600
frozen_erased,repeat,4,6,borrow_read_loop,std_erased_unique_40,1000000,448925.000000,0.448925,256500000
frozen_erased,repeat,4,7,borrow_read_loop,own_old_unique_40,1000000,453041.000000,0.453041,256500000
frozen_erased,repeat,4,8,borrow_read_loop,std_unique_8,1000000,436756.000000,0.436756,256500000
frozen_erased,repeat,4,9,synchronized_job_handoff,std_unique_8,2048,695309.000000,339.506348,218578944
frozen_erased,repeat,4,10,synchronized_job_handoff,std_erased_unique_40,2048,640908.000000,312.943359,218578944
frozen_erased,repeat,4,11,synchronized_job_handoff,own_old_unique_40,2048,525117.000000,256.404785,218578944
frozen_erased,repeat,4,12,create_read_destroy,std_erased_unique_40,50000,453662.000000,9.073240,16251450000
frozen_erased,repeat,4,13,create_read_destroy,own_old_unique_40,50000,544276.000000,10.885520,16251450000
frozen_erased,repeat,4,14,create_read_destroy,std_unique_8,50000,433361.000000,8.667220,16251450000
frozen_erased,repeat,4,15,vector_owner_transfer,own_old_unique_40,64,369056.000000,5766.500000,438108160
frozen_erased,repeat,4,16,vector_owner_transfer,std_erased_unique_40,64,222509.000000,3476.703125,438108160
frozen_erased,repeat,4,17,vector_owner_transfer,std_unique_8,64,174008.000000,2718.875000,438108160
frozen_erased,repeat,5,0,borrow_read_loop,std_erased_unique_40,1000000,495683.000000,0.495683,256500000
frozen_erased,repeat,5,1,borrow_read_loop,own_old_unique_40,1000000,436726.000000,0.436726,256500000
frozen_erased,repeat,5,2,borrow_read_loop,std_unique_8,1000000,488362.000000,0.488362,256500000
frozen_erased,repeat,5,3,vector_owner_transfer,std_unique_8,64,168619.000000,2634.671875,438108160
frozen_erased,repeat,5,4,vector_owner_transfer,std_erased_unique_40,64,216861.000000,3388.453125,438108160
frozen_erased,repeat,5,5,vector_owner_transfer,own_old_unique_40,64,350259.000000,5472.796875,438108160
frozen_erased,repeat,5,6,synchronized_job_handoff,std_erased_unique_40,2048,560499.000000,273.681152,218578944
frozen_erased,repeat,5,7,synchronized_job_handoff,std_unique_8,2048,868615.000000,424.128418,218578944
frozen_erased,repeat,5,8,synchronized_job_handoff,own_old_unique_40,2048,473981.000000,231.436035,218578944
frozen_erased,repeat,5,9,observable_move_roundtrip,std_unique_8,500000,623693.000000,1.247386,128250000
frozen_erased,repeat,5,10,observable_move_roundtrip,std_erased_unique_40,500000,2945448.000000,5.890896,128250000
frozen_erased,repeat,5,11,observable_move_roundtrip,own_old_unique_40,500000,6761636.000000,13.523272,128250000
frozen_erased,repeat,5,12,frame_draw_batch,own_old_unique_40,64,532868.000000,8326.062500,27924889600
frozen_erased,repeat,5,13,frame_draw_batch,std_erased_unique_40,64,534992.000000,8359.250000,27924889600
frozen_erased,repeat,5,14,frame_draw_batch,std_unique_8,64,495984.000000,7749.750000,27924889600
frozen_erased,repeat,5,15,create_read_destroy,std_unique_8,50000,460391.000000,9.207820,16251450000
frozen_erased,repeat,5,16,create_read_destroy,own_old_unique_40,50000,506310.000000,10.126200,16251450000
frozen_erased,repeat,5,17,create_read_destroy,std_erased_unique_40,50000,459009.000000,9.180180,16251450000
frozen_erased,repeat,6,0,vector_owner_transfer,std_erased_unique_40,64,224422.000000,3506.593750,438108160
frozen_erased,repeat,6,1,vector_owner_transfer,std_unique_8,64,274907.000000,4295.421875,438108160
frozen_erased,repeat,6,2,vector_owner_transfer,own_old_unique_40,64,594820.000000,9294.062500,438108160
frozen_erased,repeat,6,3,synchronized_job_handoff,std_erased_unique_40,2048,827324.000000,403.966797,218578944
frozen_erased,repeat,6,4,synchronized_job_handoff,own_old_unique_40,2048,549984.000000,268.546875,218578944
frozen_erased,repeat,6,5,synchronized_job_handoff,std_unique_8,2048,1132746.000000,553.098633,218578944
frozen_erased,repeat,6,6,create_read_destroy,std_unique_8,50000,459560.000000,9.191200,16251450000
frozen_erased,repeat,6,7,create_read_destroy,own_old_unique_40,50000,510345.000000,10.206900,16251450000
frozen_erased,repeat,6,8,create_read_destroy,std_erased_unique_40,50000,610103.000000,12.202060,16251450000
frozen_erased,repeat,6,9,borrow_read_loop,std_unique_8,1000000,1268066.000000,1.268066,256500000
frozen_erased,repeat,6,10,borrow_read_loop,own_old_unique_40,1000000,493971.000000,0.493971,256500000
frozen_erased,repeat,6,11,borrow_read_loop,std_erased_unique_40,1000000,436746.000000,0.436746,256500000
frozen_erased,repeat,6,12,frame_draw_batch,own_old_unique_40,64,542472.000000,8476.125000,27924889600
frozen_erased,repeat,6,13,frame_draw_batch,std_erased_unique_40,64,612516.000000,9570.562500,27924889600
frozen_erased,repeat,6,14,frame_draw_batch,std_unique_8,64,539148.000000,8424.187500,27924889600
frozen_erased,repeat,6,15,observable_move_roundtrip,own_old_unique_40,500000,6666695.000000,13.333390,128250000
frozen_erased,repeat,6,16,observable_move_roundtrip,std_unique_8,500000,562212.000000,1.124424,128250000
frozen_erased,repeat,6,17,observable_move_roundtrip,std_erased_unique_40,500000,4289187.000000,8.578374,128250000
frozen_erased,repeat,7,0,frame_draw_batch,own_old_unique_40,64,562973.000000,8796.453125,27924889600
frozen_erased,repeat,7,1,frame_draw_batch,std_erased_unique_40,64,525007.000000,8203.234375,27924889600
frozen_erased,repeat,7,2,frame_draw_batch,std_unique_8,64,659286.000000,10301.343750,27924889600
frozen_erased,repeat,7,3,synchronized_job_handoff,std_unique_8,2048,554841.000000,270.918457,218578944
frozen_erased,repeat,7,4,synchronized_job_handoff,own_old_unique_40,2048,594429.000000,290.248535,218578944
frozen_erased,repeat,7,5,synchronized_job_handoff,std_erased_unique_40,2048,713435.000000,348.356934,218578944
frozen_erased,repeat,7,6,vector_owner_transfer,std_erased_unique_40,64,360614.000000,5634.593750,438108160
frozen_erased,repeat,7,7,vector_owner_transfer,own_old_unique_40,64,398449.000000,6225.765625,438108160
frozen_erased,repeat,7,8,vector_owner_transfer,std_unique_8,64,173727.000000,2714.484375,438108160
frozen_erased,repeat,7,9,observable_move_roundtrip,std_unique_8,500000,601340.000000,1.202680,128250000
frozen_erased,repeat,7,10,observable_move_roundtrip,std_erased_unique_40,500000,3441092.000000,6.882184,128250000
frozen_erased,repeat,7,11,observable_move_roundtrip,own_old_unique_40,500000,5410066.000000,10.820132,128250000
frozen_erased,repeat,7,12,borrow_read_loop,own_old_unique_40,1000000,468994.000000,0.468994,256500000
frozen_erased,repeat,7,13,borrow_read_loop,std_erased_unique_40,1000000,436406.000000,0.436406,256500000
frozen_erased,repeat,7,14,borrow_read_loop,std_unique_8,1000000,448283.000000,0.448283,256500000
frozen_erased,repeat,7,15,create_read_destroy,own_old_unique_40,50000,522443.000000,10.448860,16251450000
frozen_erased,repeat,7,16,create_read_destroy,std_unique_8,50000,443717.000000,8.874340,16251450000
frozen_erased,repeat,7,17,create_read_destroy,std_erased_unique_40,50000,446851.000000,8.937020,16251450000
frozen_erased,repeat,8,0,frame_draw_batch,std_erased_unique_40,64,531426.000000,8303.531250,27924889600
frozen_erased,repeat,8,1,frame_draw_batch,own_old_unique_40,64,525047.000000,8203.859375,27924889600
frozen_erased,repeat,8,2,frame_draw_batch,std_unique_8,64,522443.000000,8163.171875,27924889600
frozen_erased,repeat,8,3,vector_owner_transfer,own_old_unique_40,64,352993.000000,5515.515625,438108160
frozen_erased,repeat,8,4,vector_owner_transfer,std_erased_unique_40,64,298912.000000,4670.500000,438108160
frozen_erased,repeat,8,5,vector_owner_transfer,std_unique_8,64,193286.000000,3020.093750,438108160
frozen_erased,repeat,8,6,borrow_read_loop,own_old_unique_40,1000000,438629.000000,0.438629,256500000
frozen_erased,repeat,8,7,borrow_read_loop,std_unique_8,1000000,484768.000000,0.484768,256500000
frozen_erased,repeat,8,8,borrow_read_loop,std_erased_unique_40,1000000,675018.000000,0.675018,256500000
frozen_erased,repeat,8,9,observable_move_roundtrip,own_old_unique_40,500000,5894753.000000,11.789506,128250000
frozen_erased,repeat,8,10,observable_move_roundtrip,std_erased_unique_40,500000,2795106.000000,5.590212,128250000
frozen_erased,repeat,8,11,observable_move_roundtrip,std_unique_8,500000,541461.000000,1.082922,128250000
frozen_erased,repeat,8,12,synchronized_job_handoff,own_old_unique_40,2048,899801.000000,439.355957,218578944
frozen_erased,repeat,8,13,synchronized_job_handoff,std_erased_unique_40,2048,634589.000000,309.857910,218578944
frozen_erased,repeat,8,14,synchronized_job_handoff,std_unique_8,2048,750090.000000,366.254883,218578944
frozen_erased,repeat,8,15,create_read_destroy,own_old_unique_40,50000,508342.000000,10.166840,16251450000
frozen_erased,repeat,8,16,create_read_destroy,std_erased_unique_40,50000,694407.000000,13.888140,16251450000
frozen_erased,repeat,8,17,create_read_destroy,std_unique_8,50000,763190.000000,15.263800,16251450000
frozen_erased,repeat,9,0,vector_owner_transfer,own_old_unique_40,64,353693.000000,5526.453125,438108160
frozen_erased,repeat,9,1,vector_owner_transfer,std_unique_8,64,614049.000000,9594.515625,438108160
frozen_erased,repeat,9,2,vector_owner_transfer,std_erased_unique_40,64,220786.000000,3449.781250,438108160
frozen_erased,repeat,9,3,synchronized_job_handoff,std_unique_8,2048,836488.000000,408.441406,218578944
frozen_erased,repeat,9,4,synchronized_job_handoff,std_erased_unique_40,2048,733856.000000,358.328125,218578944
frozen_erased,repeat,9,5,synchronized_job_handoff,own_old_unique_40,2048,874374.000000,426.940430,218578944
frozen_erased,repeat,9,6,observable_move_roundtrip,own_old_unique_40,500000,5667246.000000,11.334492,128250000
frozen_erased,repeat,9,7,observable_move_roundtrip,std_unique_8,500000,760886.000000,1.521772,128250000
frozen_erased,repeat,9,8,observable_move_roundtrip,std_erased_unique_40,500000,2953170.000000,5.906340,128250000
frozen_erased,repeat,9,9,frame_draw_batch,own_old_unique_40,64,530435.000000,8288.046875,27924889600
frozen_erased,repeat,9,10,frame_draw_batch,std_unique_8,64,597534.000000,9336.468750,27924889600
frozen_erased,repeat,9,11,frame_draw_batch,std_erased_unique_40,64,570654.000000,8916.468750,27924889600
frozen_erased,repeat,9,12,borrow_read_loop,std_erased_unique_40,1000000,1693696.000000,1.693696,256500000
frozen_erased,repeat,9,13,borrow_read_loop,own_old_unique_40,1000000,489484.000000,0.489484,256500000
frozen_erased,repeat,9,14,borrow_read_loop,std_unique_8,1000000,436936.000000,0.436936,256500000
frozen_erased,repeat,9,15,create_read_destroy,std_erased_unique_40,50000,505127.000000,10.102540,16251450000
frozen_erased,repeat,9,16,create_read_destroy,own_old_unique_40,50000,3877477.000000,77.549540,16251450000
frozen_erased,repeat,9,17,create_read_destroy,std_unique_8,50000,433681.000000,8.673620,16251450000
frozen_erased,repeat,10,0,create_read_destroy,std_erased_unique_40,50000,479790.000000,9.595800,16251450000
frozen_erased,repeat,10,1,create_read_destroy,std_unique_8,50000,506750.000000,10.135000,16251450000
frozen_erased,repeat,10,2,create_read_destroy,own_old_unique_40,50000,555432.000000,11.108640,16251450000
frozen_erased,repeat,10,3,borrow_read_loop,own_old_unique_40,1000000,437047.000000,0.437047,256500000
frozen_erased,repeat,10,4,borrow_read_loop,std_unique_8,1000000,465509.000000,0.465509,256500000
frozen_erased,repeat,10,5,borrow_read_loop,std_erased_unique_40,1000000,437768.000000,0.437768,256500000
frozen_erased,repeat,10,6,frame_draw_batch,std_erased_unique_40,64,555923.000000,8686.296875,27924889600
frozen_erased,repeat,10,7,frame_draw_batch,own_old_unique_40,64,527541.000000,8242.828125,27924889600
frozen_erased,repeat,10,8,frame_draw_batch,std_unique_8,64,1400703.000000,21885.984375,27924889600
frozen_erased,repeat,10,9,observable_move_roundtrip,std_unique_8,500000,541902.000000,1.083804,128250000
frozen_erased,repeat,10,10,observable_move_roundtrip,std_erased_unique_40,500000,3812602.000000,7.625204,128250000
frozen_erased,repeat,10,11,observable_move_roundtrip,own_old_unique_40,500000,7396324.000000,14.792648,128250000
frozen_erased,repeat,10,12,vector_owner_transfer,std_erased_unique_40,64,262448.000000,4100.750000,438108160
frozen_erased,repeat,10,13,vector_owner_transfer,std_unique_8,64,173787.000000,2715.421875,438108160
frozen_erased,repeat,10,14,vector_owner_transfer,own_old_unique_40,64,511417.000000,7990.890625,438108160
frozen_erased,repeat,10,15,synchronized_job_handoff,std_unique_8,2048,813694.000000,397.311523,218578944
frozen_erased,repeat,10,16,synchronized_job_handoff,std_erased_unique_40,2048,1067079.000000,521.034668,218578944
frozen_erased,repeat,10,17,synchronized_job_handoff,own_old_unique_40,2048,535732.000000,261.587891,218578944
frozen_erased,repeat,11,0,observable_move_roundtrip,own_old_unique_40,500000,5547018.000000,11.094036,128250000
frozen_erased,repeat,11,1,observable_move_roundtrip,std_unique_8,500000,662470.000000,1.324940,128250000
frozen_erased,repeat,11,2,observable_move_roundtrip,std_erased_unique_40,500000,2882405.000000,5.764810,128250000
frozen_erased,repeat,11,3,synchronized_job_handoff,own_old_unique_40,2048,563604.000000,275.197266,218578944
frozen_erased,repeat,11,4,synchronized_job_handoff,std_unique_8,2048,614519.000000,300.058105,218578944
frozen_erased,repeat,11,5,synchronized_job_handoff,std_erased_unique_40,2048,685845.000000,334.885254,218578944
frozen_erased,repeat,11,6,vector_owner_transfer,std_erased_unique_40,64,220596.000000,3446.812500,438108160
frozen_erased,repeat,11,7,vector_owner_transfer,std_unique_8,64,172245.000000,2691.328125,438108160
frozen_erased,repeat,11,8,vector_owner_transfer,own_old_unique_40,64,378831.000000,5919.234375,438108160
frozen_erased,repeat,11,9,borrow_read_loop,own_old_unique_40,1000000,449144.000000,0.449144,256500000
frozen_erased,repeat,11,10,borrow_read_loop,std_erased_unique_40,1000000,482244.000000,0.482244,256500000
frozen_erased,repeat,11,11,borrow_read_loop,std_unique_8,1000000,447292.000000,0.447292,256500000
frozen_erased,repeat,11,12,create_read_destroy,std_erased_unique_40,50000,464407.000000,9.288140,16251450000
frozen_erased,repeat,11,13,create_read_destroy,own_old_unique_40,50000,508442.000000,10.168840,16251450000
frozen_erased,repeat,11,14,create_read_destroy,std_unique_8,50000,433231.000000,8.664620,16251450000
frozen_erased,repeat,11,15,frame_draw_batch,own_old_unique_40,64,709650.000000,11088.281250,27924889600
frozen_erased,repeat,11,16,frame_draw_batch,std_erased_unique_40,64,551095.000000,8610.859375,27924889600
frozen_erased,repeat,11,17,frame_draw_batch,std_unique_8,64,493961.000000,7718.140625,27924889600
frozen_erased,repeat,12,0,synchronized_job_handoff,std_unique_8,2048,597093.000000,291.549316,218578944
frozen_erased,repeat,12,1,synchronized_job_handoff,std_erased_unique_40,2048,574130.000000,280.336914,218578944
frozen_erased,repeat,12,2,synchronized_job_handoff,own_old_unique_40,2048,663973.000000,324.205566,218578944
frozen_erased,repeat,12,3,vector_owner_transfer,std_unique_8,64,273074.000000,4266.781250,438108160
frozen_erased,repeat,12,4,vector_owner_transfer,own_old_unique_40,64,403086.000000,6298.218750,438108160
frozen_erased,repeat,12,5,vector_owner_transfer,std_erased_unique_40,64,216640.000000,3385.000000,438108160
frozen_erased,repeat,12,6,borrow_read_loop,std_unique_8,1000000,436756.000000,0.436756,256500000
frozen_erased,repeat,12,7,borrow_read_loop,std_erased_unique_40,1000000,476615.000000,0.476615,256500000
frozen_erased,repeat,12,8,borrow_read_loop,own_old_unique_40,1000000,436556.000000,0.436556,256500000
frozen_erased,repeat,12,9,observable_move_roundtrip,own_old_unique_40,500000,6007659.000000,12.015318,128250000
frozen_erased,repeat,12,10,observable_move_roundtrip,std_unique_8,500000,654499.000000,1.308998,128250000
frozen_erased,repeat,12,11,observable_move_roundtrip,std_erased_unique_40,500000,2765462.000000,5.530924,128250000
frozen_erased,repeat,12,12,create_read_destroy,own_old_unique_40,50000,525628.000000,10.512560,16251450000
frozen_erased,repeat,12,13,create_read_destroy,std_erased_unique_40,50000,476045.000000,9.520900,16251450000
frozen_erased,repeat,12,14,create_read_destroy,std_unique_8,50000,433141.000000,8.662820,16251450000
frozen_erased,repeat,12,15,frame_draw_batch,std_erased_unique_40,64,650712.000000,10167.375000,27924889600
frozen_erased,repeat,12,16,frame_draw_batch,std_unique_8,64,494471.000000,7726.109375,27924889600
frozen_erased,repeat,12,17,frame_draw_batch,own_old_unique_40,64,551346.000000,8614.781250,27924889600
frozen_erased,repeat,13,0,frame_draw_batch,std_unique_8,64,503154.000000,7861.781250,27924889600
frozen_erased,repeat,13,1,frame_draw_batch,std_erased_unique_40,64,529753.000000,8277.390625,27924889600
frozen_erased,repeat,13,2,frame_draw_batch,own_old_unique_40,64,523635.000000,8181.796875,27924889600
frozen_erased,repeat,13,3,vector_owner_transfer,own_old_unique_40,64,377288.000000,5895.125000,438108160
frozen_erased,repeat,13,4,vector_owner_transfer,std_erased_unique_40,64,217291.000000,3395.171875,438108160
frozen_erased,repeat,13,5,vector_owner_transfer,std_unique_8,64,169641.000000,2650.640625,438108160
frozen_erased,repeat,13,6,borrow_read_loop,own_old_unique_40,1000000,449555.000000,0.449555,256500000
frozen_erased,repeat,13,7,borrow_read_loop,std_erased_unique_40,1000000,436546.000000,0.436546,256500000
frozen_erased,repeat,13,8,borrow_read_loop,std_unique_8,1000000,460872.000000,0.460872,256500000
frozen_erased,repeat,13,9,observable_move_roundtrip,std_unique_8,500000,541491.000000,1.082982,128250000
frozen_erased,repeat,13,10,observable_move_roundtrip,own_old_unique_40,500000,5428413.000000,10.856826,128250000
frozen_erased,repeat,13,11,observable_move_roundtrip,std_erased_unique_40,500000,2736109.000000,5.472218,128250000
frozen_erased,repeat,13,12,create_read_destroy,std_erased_unique_40,50000,476905.000000,9.538100,16251450000
frozen_erased,repeat,13,13,create_read_destroy,std_unique_8,50000,433151.000000,8.663020,16251450000
frozen_erased,repeat,13,14,create_read_destroy,own_old_unique_40,50000,555302.000000,11.106040,16251450000
frozen_erased,repeat,13,15,synchronized_job_handoff,std_erased_unique_40,2048,674828.000000,329.505859,218578944
frozen_erased,repeat,13,16,synchronized_job_handoff,std_unique_8,2048,849658.000000,414.872070,218578944
frozen_erased,repeat,13,17,synchronized_job_handoff,own_old_unique_40,2048,530525.000000,259.045410,218578944
frozen_erased,repeat,14,0,vector_owner_transfer,std_erased_unique_40,64,220076.000000,3438.687500,438108160
frozen_erased,repeat,14,1,vector_owner_transfer,std_unique_8,64,169050.000000,2641.406250,438108160
frozen_erased,repeat,14,2,vector_owner_transfer,own_old_unique_40,64,378069.000000,5907.328125,438108160
frozen_erased,repeat,14,3,observable_move_roundtrip,std_unique_8,500000,541421.000000,1.082842,128250000
frozen_erased,repeat,14,4,observable_move_roundtrip,std_erased_unique_40,500000,2798311.000000,5.596622,128250000
frozen_erased,repeat,14,5,observable_move_roundtrip,own_old_unique_40,500000,5468963.000000,10.937926,128250000
frozen_erased,repeat,14,6,frame_draw_batch,own_old_unique_40,64,560049.000000,8750.765625,27924889600
frozen_erased,repeat,14,7,frame_draw_batch,std_unique_8,64,507300.000000,7926.562500,27924889600
frozen_erased,repeat,14,8,frame_draw_batch,std_erased_unique_40,64,516344.000000,8067.875000,27924889600
frozen_erased,repeat,14,9,synchronized_job_handoff,own_old_unique_40,2048,572628.000000,279.603516,218578944
frozen_erased,repeat,14,10,synchronized_job_handoff,std_unique_8,2048,1059387.000000,517.278809,218578944
frozen_erased,repeat,14,11,synchronized_job_handoff,std_erased_unique_40,2048,679736.000000,331.902344,218578944
frozen_erased,repeat,14,12,create_read_destroy,own_old_unique_40,50000,579768.000000,11.595360,16251450000
frozen_erased,repeat,14,13,create_read_destroy,std_unique_8,50000,433161.000000,8.663220,16251450000
frozen_erased,repeat,14,14,create_read_destroy,std_erased_unique_40,50000,479380.000000,9.587600,16251450000
frozen_erased,repeat,14,15,borrow_read_loop,own_old_unique_40,1000000,460591.000000,0.460591,256500000
frozen_erased,repeat,14,16,borrow_read_loop,std_unique_8,1000000,506790.000000,0.506790,256500000
frozen_erased,repeat,14,17,borrow_read_loop,std_erased_unique_40,1000000,452319.000000,0.452319,256500000
frozen_erased,repeat,15,0,vector_owner_transfer,own_old_unique_40,64,391429.000000,6116.078125,438108160
frozen_erased,repeat,15,1,vector_owner_transfer,std_unique_8,64,362156.000000,5658.687500,438108160
frozen_erased,repeat,15,2,vector_owner_transfer,std_erased_unique_40,64,217081.000000,3391.890625,438108160
frozen_erased,repeat,15,3,create_read_destroy,std_erased_unique_40,50000,507451.000000,10.149020,16251450000
frozen_erased,repeat,15,4,create_read_destroy,std_unique_8,50000,433281.000000,8.665620,16251450000
frozen_erased,repeat,15,5,create_read_destroy,own_old_unique_40,50000,529594.000000,10.591880,16251450000
frozen_erased,repeat,15,6,borrow_read_loop,std_erased_unique_40,1000000,436706.000000,0.436706,256500000
frozen_erased,repeat,15,7,borrow_read_loop,own_old_unique_40,1000000,449776.000000,0.449776,256500000
frozen_erased,repeat,15,8,borrow_read_loop,std_unique_8,1000000,615531.000000,0.615531,256500000
frozen_erased,repeat,15,9,synchronized_job_handoff,std_unique_8,2048,808847.000000,394.944824,218578944
frozen_erased,repeat,15,10,synchronized_job_handoff,std_erased_unique_40,2048,576182.000000,281.338867,218578944
frozen_erased,repeat,15,11,synchronized_job_handoff,own_old_unique_40,2048,467702.000000,228.370117,218578944
frozen_erased,repeat,15,12,observable_move_roundtrip,std_unique_8,500000,570384.000000,1.140768,128250000
frozen_erased,repeat,15,13,observable_move_roundtrip,std_erased_unique_40,500000,3030324.000000,6.060648,128250000
frozen_erased,repeat,15,14,observable_move_roundtrip,own_old_unique_40,500000,5761746.000000,11.523492,128250000
frozen_erased,repeat,15,15,frame_draw_batch,std_unique_8,64,495844.000000,7747.562500,27924889600
frozen_erased,repeat,15,16,frame_draw_batch,std_erased_unique_40,64,687267.000000,10738.546875,27924889600
frozen_erased,repeat,15,17,frame_draw_batch,own_old_unique_40,64,578175.000000,9033.984375,27924889600
frozen_erased,repeat,16,0,vector_owner_transfer,own_old_unique_40,64,392180.000000,6127.812500,438108160
frozen_erased,repeat,16,1,vector_owner_transfer,std_unique_8,64,168940.000000,2639.687500,438108160
frozen_erased,repeat,16,2,vector_owner_transfer,std_erased_unique_40,64,219014.000000,3422.093750,438108160
frozen_erased,repeat,16,3,frame_draw_batch,std_unique_8,64,507020.000000,7922.187500,27924889600
frozen_erased,repeat,16,4,frame_draw_batch,own_old_unique_40,64,594590.000000,9290.468750,27924889600
frozen_erased,repeat,16,5,frame_draw_batch,std_erased_unique_40,64,543855.000000,8497.734375,27924889600
frozen_erased,repeat,16,6,observable_move_roundtrip,own_old_unique_40,500000,5651213.000000,11.302426,128250000
frozen_erased,repeat,16,7,observable_move_roundtrip,std_unique_8,500000,671223.000000,1.342446,128250000
frozen_erased,repeat,16,8,observable_move_roundtrip,std_erased_unique_40,500000,3077434.000000,6.154868,128250000
frozen_erased,repeat,16,9,create_read_destroy,std_unique_8,50000,519809.000000,10.396180,16251450000
frozen_erased,repeat,16,10,create_read_destroy,own_old_unique_40,50000,520450.000000,10.409000,16251450000
frozen_erased,repeat,16,11,create_read_destroy,std_erased_unique_40,50000,457987.000000,9.159740,16251450000
frozen_erased,repeat,16,12,synchronized_job_handoff,std_unique_8,2048,644453.000000,314.674316,218578944
frozen_erased,repeat,16,13,synchronized_job_handoff,own_old_unique_40,2048,516504.000000,252.199219,218578944
frozen_erased,repeat,16,14,synchronized_job_handoff,std_erased_unique_40,2048,522593.000000,255.172363,218578944
frozen_erased,repeat,16,15,borrow_read_loop,own_old_unique_40,1000000,520109.000000,0.520109,256500000
frozen_erased,repeat,16,16,borrow_read_loop,std_unique_8,1000000,449816.000000,0.449816,256500000
frozen_erased,repeat,16,17,borrow_read_loop,std_erased_unique_40,1000000,537335.000000,0.537335,256500000
frozen_erased,repeat,17,0,frame_draw_batch,std_unique_8,64,495023.000000,7734.734375,27924889600
frozen_erased,repeat,17,1,frame_draw_batch,std_erased_unique_40,64,615951.000000,9624.234375,27924889600
frozen_erased,repeat,17,2,frame_draw_batch,own_old_unique_40,64,524866.000000,8201.031250,27924889600
frozen_erased,repeat,17,3,create_read_destroy,own_old_unique_40,50000,548382.000000,10.967640,16251450000
frozen_erased,repeat,17,4,create_read_destroy,std_unique_8,50000,433161.000000,8.663220,16251450000
frozen_erased,repeat,17,5,create_read_destroy,std_erased_unique_40,50000,459971.000000,9.199420,16251450000
frozen_erased,repeat,17,6,synchronized_job_handoff,std_unique_8,2048,1067289.000000,521.137207,218578944
frozen_erased,repeat,17,7,synchronized_job_handoff,own_old_unique_40,2048,541221.000000,264.268066,218578944
frozen_erased,repeat,17,8,synchronized_job_handoff,std_erased_unique_40,2048,638605.000000,311.818848,218578944
frozen_erased,repeat,17,9,observable_move_roundtrip,std_erased_unique_40,500000,2844469.000000,5.688938,128250000
frozen_erased,repeat,17,10,observable_move_roundtrip,std_unique_8,500000,571476.000000,1.142952,128250000
frozen_erased,repeat,17,11,observable_move_roundtrip,own_old_unique_40,500000,5421963.000000,10.843926,128250000
frozen_erased,repeat,17,12,borrow_read_loop,std_unique_8,1000000,449085.000000,0.449085,256500000
frozen_erased,repeat,17,13,borrow_read_loop,std_erased_unique_40,1000000,436506.000000,0.436506,256500000
frozen_erased,repeat,17,14,borrow_read_loop,own_old_unique_40,1000000,799042.000000,0.799042,256500000
frozen_erased,repeat,17,15,vector_owner_transfer,std_unique_8,64,337810.000000,5278.281250,438108160
frozen_erased,repeat,17,16,vector_owner_transfer,std_erased_unique_40,64,219565.000000,3430.703125,438108160
frozen_erased,repeat,17,17,vector_owner_transfer,own_old_unique_40,64,380714.000000,5948.656250,438108160
frozen_erased,repeat,18,0,synchronized_job_handoff,own_old_unique_40,2048,520770.000000,254.282227,218578944
frozen_erased,repeat,18,1,synchronized_job_handoff,std_unique_8,2048,605426.000000,295.618164,218578944
frozen_erased,repeat,18,2,synchronized_job_handoff,std_erased_unique_40,2048,532518.000000,260.018555,218578944
frozen_erased,repeat,18,3,borrow_read_loop,std_erased_unique_40,1000000,508943.000000,0.508943,256500000
frozen_erased,repeat,18,4,borrow_read_loop,own_old_unique_40,1000000,487972.000000,0.487972,256500000
frozen_erased,repeat,18,5,borrow_read_loop,std_unique_8,1000000,584345.000000,0.584345,256500000
frozen_erased,repeat,18,6,create_read_destroy,std_unique_8,50000,675089.000000,13.501780,16251450000
frozen_erased,repeat,18,7,create_read_destroy,own_old_unique_40,50000,543664.000000,10.873280,16251450000
frozen_erased,repeat,18,8,create_read_destroy,std_erased_unique_40,50000,458969.000000,9.179380,16251450000
frozen_erased,repeat,18,9,vector_owner_transfer,std_unique_8,64,169000.000000,2640.625000,438108160
frozen_erased,repeat,18,10,vector_owner_transfer,own_old_unique_40,64,518948.000000,8108.562500,438108160
frozen_erased,repeat,18,11,vector_owner_transfer,std_erased_unique_40,64,284291.000000,4442.046875,438108160
frozen_erased,repeat,18,12,observable_move_roundtrip,std_erased_unique_40,500000,3399761.000000,6.799522,128250000
frozen_erased,repeat,18,13,observable_move_roundtrip,own_old_unique_40,500000,6222518.000000,12.445036,128250000
frozen_erased,repeat,18,14,observable_move_roundtrip,std_unique_8,500000,557045.000000,1.114090,128250000
frozen_erased,repeat,18,15,frame_draw_batch,own_old_unique_40,64,531767.000000,8308.859375,27924889600
frozen_erased,repeat,18,16,frame_draw_batch,std_erased_unique_40,64,530675.000000,8291.796875,27924889600
frozen_erased,repeat,18,17,frame_draw_batch,std_unique_8,64,493139.000000,7705.296875,27924889600
frozen_erased,repeat,19,0,frame_draw_batch,own_old_unique_40,64,536965.000000,8390.078125,27924889600
frozen_erased,repeat,19,1,frame_draw_batch,std_erased_unique_40,64,573128.000000,8955.125000,27924889600
frozen_erased,repeat,19,2,frame_draw_batch,std_unique_8,64,535623.000000,8369.109375,27924889600
frozen_erased,repeat,19,3,borrow_read_loop,own_old_unique_40,1000000,436777.000000,0.436777,256500000
frozen_erased,repeat,19,4,borrow_read_loop,std_unique_8,1000000,448404.000000,0.448404,256500000
frozen_erased,repeat,19,5,borrow_read_loop,std_erased_unique_40,1000000,436516.000000,0.436516,256500000
frozen_erased,repeat,19,6,create_read_destroy,own_old_unique_40,50000,551086.000000,11.021720,16251450000
frozen_erased,repeat,19,7,create_read_destroy,std_unique_8,50000,433151.000000,8.663020,16251450000
frozen_erased,repeat,19,8,create_read_destroy,std_erased_unique_40,50000,459350.000000,9.187000,16251450000
frozen_erased,repeat,19,9,vector_owner_transfer,std_erased_unique_40,64,217842.000000,3403.781250,438108160
frozen_erased,repeat,19,10,vector_owner_transfer,own_old_unique_40,64,349287.000000,5457.609375,438108160
frozen_erased,repeat,19,11,vector_owner_transfer,std_unique_8,64,198954.000000,3108.656250,438108160
frozen_erased,repeat,19,12,synchronized_job_handoff,own_old_unique_40,2048,591475.000000,288.806152,218578944
frozen_erased,repeat,19,13,synchronized_job_handoff,std_unique_8,2048,667528.000000,325.941406,218578944
frozen_erased,repeat,19,14,synchronized_job_handoff,std_erased_unique_40,2048,582682.000000,284.512695,218578944
frozen_erased,repeat,19,15,observable_move_roundtrip,std_unique_8,500000,556354.000000,1.112708,128250000
frozen_erased,repeat,19,16,observable_move_roundtrip,own_old_unique_40,500000,5629761.000000,11.259522,128250000
frozen_erased,repeat,19,17,observable_move_roundtrip,std_erased_unique_40,500000,2985958.000000,5.971916,128250000
frozen_erased,repeat,20,0,synchronized_job_handoff,std_unique_8,2048,730210.000000,356.547852,218578944
frozen_erased,repeat,20,1,synchronized_job_handoff,own_old_unique_40,2048,547240.000000,267.207031,218578944
frozen_erased,repeat,20,2,synchronized_job_handoff,std_erased_unique_40,2048,668889.000000,326.605957,218578944
frozen_erased,repeat,20,3,observable_move_roundtrip,own_old_unique_40,500000,5414331.000000,10.828662,128250000
frozen_erased,repeat,20,4,observable_move_roundtrip,std_unique_8,500000,553079.000000,1.106158,128250000
frozen_erased,repeat,20,5,observable_move_roundtrip,std_erased_unique_40,500000,2841284.000000,5.682568,128250000
frozen_erased,repeat,20,6,borrow_read_loop,own_old_unique_40,1000000,449014.000000,0.449014,256500000
frozen_erased,repeat,20,7,borrow_read_loop,std_unique_8,1000000,436416.000000,0.436416,256500000
frozen_erased,repeat,20,8,borrow_read_loop,std_erased_unique_40,1000000,447822.000000,0.447822,256500000
frozen_erased,repeat,20,9,frame_draw_batch,own_old_unique_40,64,527791.000000,8246.734375,27924889600
frozen_erased,repeat,20,10,frame_draw_batch,std_unique_8,64,520089.000000,8126.390625,27924889600
frozen_erased,repeat,20,11,frame_draw_batch,std_erased_unique_40,64,516094.000000,8063.968750,27924889600
frozen_erased,repeat,20,12,vector_owner_transfer,std_unique_8,64,171343.000000,2677.234375,438108160
frozen_erased,repeat,20,13,vector_owner_transfer,std_erased_unique_40,64,304731.000000,4761.421875,438108160
frozen_erased,repeat,20,14,vector_owner_transfer,own_old_unique_40,64,351700.000000,5495.312500,438108160
frozen_erased,repeat,20,15,create_read_destroy,own_old_unique_40,50000,533629.000000,10.672580,16251450000
frozen_erased,repeat,20,16,create_read_destroy,std_erased_unique_40,50000,449155.000000,8.983100,16251450000
frozen_erased,repeat,20,17,create_read_destroy,std_unique_8,50000,445158.000000,8.903160,16251450000
frozen_erased,repeat,21,0,frame_draw_batch,std_unique_8,64,493290.000000,7707.656250,27924889600
frozen_erased,repeat,21,1,frame_draw_batch,std_erased_unique_40,64,546819.000000,8544.046875,27924889600
frozen_erased,repeat,21,2,frame_draw_batch,own_old_unique_40,64,526419.000000,8225.296875,27924889600
frozen_erased,repeat,21,3,create_read_destroy,own_old_unique_40,50000,612777.000000,12.255540,16251450000
frozen_erased,repeat,21,4,create_read_destroy,std_unique_8,50000,470195.000000,9.403900,16251450000
frozen_erased,repeat,21,5,create_read_destroy,std_erased_unique_40,50000,551687.000000,11.033740,16251450000
frozen_erased,repeat,21,6,borrow_read_loop,std_unique_8,1000000,665545.000000,0.665545,256500000
frozen_erased,repeat,21,7,borrow_read_loop,std_erased_unique_40,1000000,466290.000000,0.466290,256500000
frozen_erased,repeat,21,8,borrow_read_loop,own_old_unique_40,1000000,436747.000000,0.436747,256500000
frozen_erased,repeat,21,9,synchronized_job_handoff,std_erased_unique_40,2048,610193.000000,297.945801,218578944
frozen_erased,repeat,21,10,synchronized_job_handoff,std_unique_8,2048,759153.000000,370.680176,218578944
frozen_erased,repeat,21,11,synchronized_job_handoff,own_old_unique_40,2048,448203.000000,218.849121,218578944
frozen_erased,repeat,21,12,vector_owner_transfer,std_erased_unique_40,64,216961.000000,3390.015625,438108160
frozen_erased,repeat,21,13,vector_owner_transfer,std_unique_8,64,194218.000000,3034.656250,438108160
frozen_erased,repeat,21,14,vector_owner_transfer,own_old_unique_40,64,349247.000000,5456.984375,438108160
frozen_erased,repeat,21,15,observable_move_roundtrip,std_erased_unique_40,500000,2983465.000000,5.966930,128250000
frozen_erased,repeat,21,16,observable_move_roundtrip,own_old_unique_40,500000,5773564.000000,11.547128,128250000
frozen_erased,repeat,21,17,observable_move_roundtrip,std_unique_8,500000,541762.000000,1.083524,128250000
frozen_erased,repeat,22,0,observable_move_roundtrip,std_unique_8,500000,673947.000000,1.347894,128250000
frozen_erased,repeat,22,1,observable_move_roundtrip,own_old_unique_40,500000,5446960.000000,10.893920,128250000
frozen_erased,repeat,22,2,observable_move_roundtrip,std_erased_unique_40,500000,2895355.000000,5.790710,128250000
frozen_erased,repeat,22,3,create_read_destroy,own_old_unique_40,50000,562352.000000,11.247040,16251450000
frozen_erased,repeat,22,4,create_read_destroy,std_unique_8,50000,433171.000000,8.663420,16251450000
frozen_erased,repeat,22,5,create_read_destroy,std_erased_unique_40,50000,515252.000000,10.305040,16251450000
frozen_erased,repeat,22,6,synchronized_job_handoff,std_unique_8,2048,456806.000000,223.049805,218578944
frozen_erased,repeat,22,7,synchronized_job_handoff,own_old_unique_40,2048,612817.000000,299.227051,218578944
frozen_erased,repeat,22,8,synchronized_job_handoff,std_erased_unique_40,2048,740936.000000,361.785156,218578944
frozen_erased,repeat,22,9,frame_draw_batch,std_erased_unique_40,64,521761.000000,8152.515625,27924889600
frozen_erased,repeat,22,10,frame_draw_batch,own_old_unique_40,64,569293.000000,8895.203125,27924889600
frozen_erased,repeat,22,11,frame_draw_batch,std_unique_8,64,494952.000000,7733.625000,27924889600
frozen_erased,repeat,22,12,vector_owner_transfer,std_unique_8,64,171433.000000,2678.640625,438108160
frozen_erased,repeat,22,13,vector_owner_transfer,own_old_unique_40,64,377699.000000,5901.546875,438108160
frozen_erased,repeat,22,14,vector_owner_transfer,std_erased_unique_40,64,219235.000000,3425.546875,438108160
frozen_erased,repeat,22,15,borrow_read_loop,std_erased_unique_40,1000000,436927.000000,0.436927,256500000
frozen_erased,repeat,22,16,borrow_read_loop,std_unique_8,1000000,466520.000000,0.466520,256500000
frozen_erased,repeat,22,17,borrow_read_loop,own_old_unique_40,1000000,436566.000000,0.436566,256500000
frozen_erased,repeat,23,0,synchronized_job_handoff,own_old_unique_40,2048,640698.000000,312.840820,218578944
frozen_erased,repeat,23,1,synchronized_job_handoff,std_unique_8,2048,512909.000000,250.443848,218578944
frozen_erased,repeat,23,2,synchronized_job_handoff,std_erased_unique_40,2048,7488010.000000,3656.254883,218578944
frozen_erased,repeat,23,3,create_read_destroy,std_erased_unique_40,50000,6383366.000000,127.667320,16251450000
frozen_erased,repeat,23,4,create_read_destroy,std_unique_8,50000,482985.000000,9.659700,16251450000
frozen_erased,repeat,23,5,create_read_destroy,own_old_unique_40,50000,517085.000000,10.341700,16251450000
frozen_erased,repeat,23,6,observable_move_roundtrip,std_unique_8,500000,579738.000000,1.159476,128250000
frozen_erased,repeat,23,7,observable_move_roundtrip,std_erased_unique_40,500000,2790840.000000,5.581680,128250000
frozen_erased,repeat,23,8,observable_move_roundtrip,own_old_unique_40,500000,5389706.000000,10.779412,128250000
frozen_erased,repeat,23,9,borrow_read_loop,std_unique_8,1000000,472319.000000,0.472319,256500000
frozen_erased,repeat,23,10,borrow_read_loop,own_old_unique_40,1000000,448814.000000,0.448814,256500000
frozen_erased,repeat,23,11,borrow_read_loop,std_erased_unique_40,1000000,469074.000000,0.469074,256500000
frozen_erased,repeat,23,12,frame_draw_batch,std_unique_8,64,500991.000000,7827.984375,27924889600
frozen_erased,repeat,23,13,frame_draw_batch,own_old_unique_40,64,557105.000000,8704.765625,27924889600
frozen_erased,repeat,23,14,frame_draw_batch,std_erased_unique_40,64,517666.000000,8088.531250,27924889600
frozen_erased,repeat,23,15,vector_owner_transfer,std_erased_unique_40,64,221658.000000,3463.406250,438108160
frozen_erased,repeat,23,16,vector_owner_transfer,own_old_unique_40,64,458258.000000,7160.281250,438108160
frozen_erased,repeat,23,17,vector_owner_transfer,std_unique_8,64,218303.000000,3410.984375,438108160
frozen_erased,repeat,24,0,create_read_destroy,std_unique_8,50000,557845.000000,11.156900,16251450000
frozen_erased,repeat,24,1,create_read_destroy,own_old_unique_40,50000,554310.000000,11.086200,16251450000
frozen_erased,repeat,24,2,create_read_destroy,std_erased_unique_40,50000,492188.000000,9.843760,16251450000
frozen_erased,repeat,24,3,frame_draw_batch,std_unique_8,64,499129.000000,7798.890625,27924889600
frozen_erased,repeat,24,4,frame_draw_batch,own_old_unique_40,64,550544.000000,8602.250000,27924889600
frozen_erased,repeat,24,5,frame_draw_batch,std_erased_unique_40,64,515753.000000,8058.640625,27924889600
frozen_erased,repeat,24,6,borrow_read_loop,own_old_unique_40,1000000,495083.000000,0.495083,256500000
frozen_erased,repeat,24,7,borrow_read_loop,std_unique_8,1000000,436596.000000,0.436596,256500000
frozen_erased,repeat,24,8,borrow_read_loop,std_erased_unique_40,1000000,472309.000000,0.472309,256500000
frozen_erased,repeat,24,9,vector_owner_transfer,own_old_unique_40,64,350539.000000,5477.171875,438108160
frozen_erased,repeat,24,10,vector_owner_transfer,std_unique_8,64,169010.000000,2640.781250,438108160
frozen_erased,repeat,24,11,vector_owner_transfer,std_erased_unique_40,64,217161.000000,3393.140625,438108160
frozen_erased,repeat,24,12,synchronized_job_handoff,std_erased_unique_40,2048,614709.000000,300.150879,218578944
frozen_erased,repeat,24,13,synchronized_job_handoff,own_old_unique_40,2048,598375.000000,292.175293,218578944
frozen_erased,repeat,24,14,synchronized_job_handoff,std_unique_8,2048,553469.000000,270.248535,218578944
frozen_erased,repeat,24,15,observable_move_roundtrip,std_erased_unique_40,500000,2818311.000000,5.636622,128250000
frozen_erased,repeat,24,16,observable_move_roundtrip,std_unique_8,500000,589201.000000,1.178402,128250000
frozen_erased,repeat,24,17,observable_move_roundtrip,own_old_unique_40,500000,5422674.000000,10.845348,128250000
frozen_erased,repeat,25,0,vector_owner_transfer,std_unique_8,64,170673.000000,2666.765625,438108160
frozen_erased,repeat,25,1,vector_owner_transfer,std_erased_unique_40,64,217582.000000,3399.718750,438108160
frozen_erased,repeat,25,2,vector_owner_transfer,own_old_unique_40,64,383838.000000,5997.468750,438108160
frozen_erased,repeat,25,3,synchronized_job_handoff,std_unique_8,2048,535032.000000,261.246094,218578944
frozen_erased,repeat,25,4,synchronized_job_handoff,own_old_unique_40,2048,610683.000000,298.185059,218578944
frozen_erased,repeat,25,5,synchronized_job_handoff,std_erased_unique_40,2048,689781.000000,336.807129,218578944
frozen_erased,repeat,25,6,borrow_read_loop,own_old_unique_40,1000000,436436.000000,0.436436,256500000
frozen_erased,repeat,25,7,borrow_read_loop,std_unique_8,1000000,499820.000000,0.499820,256500000
frozen_erased,repeat,25,8,borrow_read_loop,std_erased_unique_40,1000000,436546.000000,0.436546,256500000
frozen_erased,repeat,25,9,create_read_destroy,own_old_unique_40,50000,530685.000000,10.613700,16251450000
frozen_erased,repeat,25,10,create_read_destroy,std_unique_8,50000,433161.000000,8.663220,16251450000
frozen_erased,repeat,25,11,create_read_destroy,std_erased_unique_40,50000,460211.000000,9.204220,16251450000
frozen_erased,repeat,25,12,frame_draw_batch,own_old_unique_40,64,618816.000000,9669.000000,27924889600
frozen_erased,repeat,25,13,frame_draw_batch,std_unique_8,64,532839.000000,8325.609375,27924889600
frozen_erased,repeat,25,14,frame_draw_batch,std_erased_unique_40,64,515994.000000,8062.406250,27924889600
frozen_erased,repeat,25,15,observable_move_roundtrip,std_unique_8,500000,569033.000000,1.138066,128250000
frozen_erased,repeat,25,16,observable_move_roundtrip,own_old_unique_40,500000,8116060.000000,16.232120,128250000
frozen_erased,repeat,25,17,observable_move_roundtrip,std_erased_unique_40,500000,3226795.000000,6.453590,128250000
frozen_erased,repeat,26,0,observable_move_roundtrip,std_erased_unique_40,500000,3022533.000000,6.045066,128250000
frozen_erased,repeat,26,1,observable_move_roundtrip,std_unique_8,500000,578726.000000,1.157452,128250000
frozen_erased,repeat,26,2,observable_move_roundtrip,own_old_unique_40,500000,5734695.000000,11.469390,128250000
frozen_erased,repeat,26,3,borrow_read_loop,std_erased_unique_40,1000000,565277.000000,0.565277,256500000
frozen_erased,repeat,26,4,borrow_read_loop,own_old_unique_40,1000000,436806.000000,0.436806,256500000
frozen_erased,repeat,26,5,borrow_read_loop,std_unique_8,1000000,636432.000000,0.636432,256500000
frozen_erased,repeat,26,6,synchronized_job_handoff,std_unique_8,2048,592677.000000,289.393066,218578944
frozen_erased,repeat,26,7,synchronized_job_handoff,own_old_unique_40,2048,735889.000000,359.320801,218578944
frozen_erased,repeat,26,8,synchronized_job_handoff,std_erased_unique_40,2048,792934.000000,387.174805,218578944
frozen_erased,repeat,26,9,create_read_destroy,own_old_unique_40,50000,559458.000000,11.189160,16251450000
frozen_erased,repeat,26,10,create_read_destroy,std_unique_8,50000,483786.000000,9.675720,16251450000
frozen_erased,repeat,26,11,create_read_destroy,std_erased_unique_40,50000,477607.000000,9.552140,16251450000
frozen_erased,repeat,26,12,frame_draw_batch,own_old_unique_40,64,582252.000000,9097.687500,27924889600
frozen_erased,repeat,26,13,frame_draw_batch,std_erased_unique_40,64,553209.000000,8643.890625,27924889600
frozen_erased,repeat,26,14,frame_draw_batch,std_unique_8,64,493540.000000,7711.562500,27924889600
frozen_erased,repeat,26,15,vector_owner_transfer,std_erased_unique_40,64,269769.000000,4215.140625,438108160
frozen_erased,repeat,26,16,vector_owner_transfer,own_old_unique_40,64,356077.000000,5563.703125,438108160
frozen_erased,repeat,26,17,vector_owner_transfer,std_unique_8,64,184342.000000,2880.343750,438108160
frozen_erased,repeat,27,0,vector_owner_transfer,std_erased_unique_40,64,214487.000000,3351.359375,438108160
frozen_erased,repeat,27,1,vector_owner_transfer,own_old_unique_40,64,378691.000000,5917.046875,438108160
frozen_erased,repeat,27,2,vector_owner_transfer,std_unique_8,64,167487.000000,2616.984375,438108160
frozen_erased,repeat,27,3,create_read_destroy,own_old_unique_40,50000,506249.000000,10.124980,16251450000
frozen_erased,repeat,27,4,create_read_destroy,std_erased_unique_40,50000,464227.000000,9.284540,16251450000
frozen_erased,repeat,27,5,create_read_destroy,std_unique_8,50000,433432.000000,8.668640,16251450000
frozen_erased,repeat,27,6,frame_draw_batch,std_erased_unique_40,64,542282.000000,8473.156250,27924889600
frozen_erased,repeat,27,7,frame_draw_batch,std_unique_8,64,493620.000000,7712.812500,27924889600
frozen_erased,repeat,27,8,frame_draw_batch,own_old_unique_40,64,664714.000000,10386.156250,27924889600
frozen_erased,repeat,27,9,observable_move_roundtrip,own_old_unique_40,500000,5488230.000000,10.976460,128250000
frozen_erased,repeat,27,10,observable_move_roundtrip,std_erased_unique_40,500000,2769097.000000,5.538194,128250000
frozen_erased,repeat,27,11,observable_move_roundtrip,std_unique_8,500000,570284.000000,1.140568,128250000
frozen_erased,repeat,27,12,synchronized_job_handoff,std_unique_8,2048,598185.000000,292.082520,218578944
frozen_erased,repeat,27,13,synchronized_job_handoff,own_old_unique_40,2048,534501.000000,260.986816,218578944
frozen_erased,repeat,27,14,synchronized_job_handoff,std_erased_unique_40,2048,585607.000000,285.940918,218578944
frozen_erased,repeat,27,15,borrow_read_loop,std_erased_unique_40,1000000,436396.000000,0.436396,256500000
frozen_erased,repeat,27,16,borrow_read_loop,own_old_unique_40,1000000,480652.000000,0.480652,256500000
frozen_erased,repeat,27,17,borrow_read_loop,std_unique_8,1000000,438438.000000,0.438438,256500000
frozen_erased,repeat,28,0,create_read_destroy,std_erased_unique_40,50000,484857.000000,9.697140,16251450000
frozen_erased,repeat,28,1,create_read_destroy,std_unique_8,50000,433231.000000,8.664620,16251450000
frozen_erased,repeat,28,2,create_read_destroy,own_old_unique_40,50000,501683.000000,10.033660,16251450000
frozen_erased,repeat,28,3,observable_move_roundtrip,own_old_unique_40,500000,5348414.000000,10.696828,128250000
frozen_erased,repeat,28,4,observable_move_roundtrip,std_unique_8,500000,541621.000000,1.083242,128250000
frozen_erased,repeat,28,5,observable_move_roundtrip,std_erased_unique_40,500000,2771181.000000,5.542362,128250000
frozen_erased,repeat,28,6,borrow_read_loop,std_unique_8,1000000,449044.000000,0.449044,256500000
frozen_erased,repeat,28,7,borrow_read_loop,own_old_unique_40,1000000,436506.000000,0.436506,256500000
frozen_erased,repeat,28,8,borrow_read_loop,std_erased_unique_40,1000000,451228.000000,0.451228,256500000
frozen_erased,repeat,28,9,vector_owner_transfer,own_old_unique_40,64,365681.000000,5713.765625,438108160
frozen_erased,repeat,28,10,vector_owner_transfer,std_unique_8,64,170442.000000,2663.156250,438108160
frozen_erased,repeat,28,11,vector_owner_transfer,std_erased_unique_40,64,217813.000000,3403.328125,438108160
frozen_erased,repeat,28,12,synchronized_job_handoff,own_old_unique_40,2048,640668.000000,312.826172,218578944
frozen_erased,repeat,28,13,synchronized_job_handoff,std_erased_unique_40,2048,531095.000000,259.323730,218578944
frozen_erased,repeat,28,14,synchronized_job_handoff,std_unique_8,2048,580679.000000,283.534668,218578944
frozen_erased,repeat,28,15,frame_draw_batch,std_unique_8,64,550434.000000,8600.531250,27924889600
frozen_erased,repeat,28,16,frame_draw_batch,std_erased_unique_40,64,516765.000000,8074.453125,27924889600
frozen_erased,repeat,28,17,frame_draw_batch,own_old_unique_40,64,674849.000000,10544.515625,27924889600
frozen_erased,repeat,29,0,create_read_destroy,own_old_unique_40,50000,515814.000000,10.316280,16251450000
frozen_erased,repeat,29,1,create_read_destroy,std_erased_unique_40,50000,481503.000000,9.630060,16251450000
frozen_erased,repeat,29,2,create_read_destroy,std_unique_8,50000,433462.000000,8.669240,16251450000
frozen_erased,repeat,29,3,observable_move_roundtrip,own_old_unique_40,500000,5307384.000000,10.614768,128250000
frozen_erased,repeat,29,4,observable_move_roundtrip,std_unique_8,500000,541581.000000,1.083162,128250000
frozen_erased,repeat,29,5,observable_move_roundtrip,std_erased_unique_40,500000,2970346.000000,5.940692,128250000
frozen_erased,repeat,29,6,frame_draw_batch,std_unique_8,64,677733.000000,10589.578125,27924889600
frozen_erased,repeat,29,7,frame_draw_batch,own_old_unique_40,64,525087.000000,8204.484375,27924889600
frozen_erased,repeat,29,8,frame_draw_batch,std_erased_unique_40,64,682655.000000,10666.484375,27924889600
frozen_erased,repeat,29,9,borrow_read_loop,std_erased_unique_40,1000000,721247.000000,0.721247,256500000
frozen_erased,repeat,29,10,borrow_read_loop,own_old_unique_40,1000000,558026.000000,0.558026,256500000
frozen_erased,repeat,29,11,borrow_read_loop,std_unique_8,1000000,552788.000000,0.552788,256500000
frozen_erased,repeat,29,12,vector_owner_transfer,own_old_unique_40,64,377478.000000,5898.093750,438108160
frozen_erased,repeat,29,13,vector_owner_transfer,std_erased_unique_40,64,362306.000000,5661.031250,438108160
frozen_erased,repeat,29,14,vector_owner_transfer,std_unique_8,64,230901.000000,3607.828125,438108160
frozen_erased,repeat,29,15,synchronized_job_handoff,std_erased_unique_40,2048,614449.000000,300.023926,218578944
frozen_erased,repeat,29,16,synchronized_job_handoff,own_old_unique_40,2048,785532.000000,383.560547,218578944
frozen_erased,repeat,29,17,synchronized_job_handoff,std_unique_8,2048,29389266.000000,14350.227539,218578944
frozen_erased,repeat,30,0,frame_draw_batch,own_old_unique_40,64,531978.000000,8312.156250,27924889600
frozen_erased,repeat,30,1,frame_draw_batch,std_erased_unique_40,64,796358.000000,12443.093750,27924889600
frozen_erased,repeat,30,2,frame_draw_batch,std_unique_8,64,553479.000000,8648.109375,27924889600
frozen_erased,repeat,30,3,synchronized_job_handoff,std_erased_unique_40,2048,595781.000000,290.908691,218578944
frozen_erased,repeat,30,4,synchronized_job_handoff,std_unique_8,2048,643723.000000,314.317871,218578944
frozen_erased,repeat,30,5,synchronized_job_handoff,own_old_unique_40,2048,512048.000000,250.023438,218578944
frozen_erased,repeat,30,6,observable_move_roundtrip,own_old_unique_40,500000,7055961.000000,14.111922,128250000
frozen_erased,repeat,30,7,observable_move_roundtrip,std_unique_8,500000,685825.000000,1.371650,128250000
frozen_erased,repeat,30,8,observable_move_roundtrip,std_erased_unique_40,500000,3312011.000000,6.624022,128250000
frozen_erased,repeat,30,9,borrow_read_loop,own_old_unique_40,1000000,701859.000000,0.701859,256500000
frozen_erased,repeat,30,10,borrow_read_loop,std_erased_unique_40,1000000,532858.000000,0.532858,256500000
frozen_erased,repeat,30,11,borrow_read_loop,std_unique_8,1000000,557094.000000,0.557094,256500000
frozen_erased,repeat,30,12,vector_owner_transfer,std_erased_unique_40,64,221968.000000,3468.250000,438108160
frozen_erased,repeat,30,13,vector_owner_transfer,own_old_unique_40,64,570384.000000,8912.250000,438108160
frozen_erased,repeat,30,14,vector_owner_transfer,std_unique_8,64,173266.000000,2707.281250,438108160
frozen_erased,repeat,30,15,create_read_destroy,std_erased_unique_40,50000,558476.000000,11.169520,16251450000
frozen_erased,repeat,30,16,create_read_destroy,std_unique_8,50000,580048.000000,11.600960,16251450000
frozen_erased,repeat,30,17,create_read_destroy,own_old_unique_40,50000,678514.000000,13.570280,16251450000
frozen_erased,repeat,31,0,frame_draw_batch,std_erased_unique_40,64,594009.000000,9281.390625,27924889600
frozen_erased,repeat,31,1,frame_draw_batch,std_unique_8,64,639957.000000,9999.328125,27924889600
frozen_erased,repeat,31,2,frame_draw_batch,own_old_unique_40,64,1101500.000000,17210.937500,27924889600
frozen_erased,repeat,31,3,vector_owner_transfer,own_old_unique_40,64,493310.000000,7707.968750,438108160
frozen_erased,repeat,31,4,vector_owner_transfer,std_unique_8,64,170012.000000,2656.437500,438108160
frozen_erased,repeat,31,5,vector_owner_transfer,std_erased_unique_40,64,218433.000000,3413.015625,438108160
frozen_erased,repeat,31,6,observable_move_roundtrip,std_erased_unique_40,500000,3783819.000000,7.567638,128250000
frozen_erased,repeat,31,7,observable_move_roundtrip,own_old_unique_40,500000,6140046.000000,12.280092,128250000
frozen_erased,repeat,31,8,observable_move_roundtrip,std_unique_8,500000,579197.000000,1.158394,128250000
frozen_erased,repeat,31,9,borrow_read_loop,own_old_unique_40,1000000,436576.000000,0.436576,256500000
frozen_erased,repeat,31,10,borrow_read_loop,std_erased_unique_40,1000000,471778.000000,0.471778,256500000
frozen_erased,repeat,31,11,borrow_read_loop,std_unique_8,1000000,436526.000000,0.436526,256500000
frozen_erased,repeat,31,12,create_read_destroy,std_unique_8,50000,497306.000000,9.946120,16251450000
frozen_erased,repeat,31,13,create_read_destroy,own_old_unique_40,50000,868134.000000,17.362680,16251450000
frozen_erased,repeat,31,14,create_read_destroy,std_erased_unique_40,50000,479129.000000,9.582580,16251450000
frozen_erased,repeat,31,15,synchronized_job_handoff,own_old_unique_40,2048,1104494.000000,539.303711,218578944
frozen_erased,repeat,31,16,synchronized_job_handoff,std_erased_unique_40,2048,634469.000000,309.799316,218578944
frozen_erased,repeat,31,17,synchronized_job_handoff,std_unique_8,2048,589583.000000,287.882324,218578944
frozen_erased,repeat,32,0,create_read_destroy,std_erased_unique_40,50000,492649.000000,9.852980,16251450000
frozen_erased,repeat,32,1,create_read_destroy,own_old_unique_40,50000,525057.000000,10.501140,16251450000
frozen_erased,repeat,32,2,create_read_destroy,std_unique_8,50000,1072617.000000,21.452340,16251450000
frozen_erased,repeat,32,3,vector_owner_transfer,own_old_unique_40,64,388885.000000,6076.328125,438108160
frozen_erased,repeat,32,4,vector_owner_transfer,std_erased_unique_40,64,220977.000000,3452.765625,438108160
frozen_erased,repeat,32,5,vector_owner_transfer,std_unique_8,64,173037.000000,2703.703125,438108160
frozen_erased,repeat,32,6,synchronized_job_handoff,own_old_unique_40,2048,662661.000000,323.564941,218578944
frozen_erased,repeat,32,7,synchronized_job_handoff,std_unique_8,2048,836007.000000,408.206543,218578944
frozen_erased,repeat,32,8,synchronized_job_handoff,std_erased_unique_40,2048,604665.000000,295.246582,218578944
frozen_erased,repeat,32,9,frame_draw_batch,std_erased_unique_40,64,597915.000000,9342.421875,27924889600
frozen_erased,repeat,32,10,frame_draw_batch,own_old_unique_40,64,573158.000000,8955.593750,27924889600
frozen_erased,repeat,32,11,frame_draw_batch,std_unique_8,64,530375.000000,8287.109375,27924889600
frozen_erased,repeat,32,12,borrow_read_loop,std_erased_unique_40,1000000,436356.000000,0.436356,256500000
frozen_erased,repeat,32,13,borrow_read_loop,std_unique_8,1000000,587420.000000,0.587420,256500000
frozen_erased,repeat,32,14,borrow_read_loop,own_old_unique_40,1000000,436836.000000,0.436836,256500000
frozen_erased,repeat,32,15,observable_move_roundtrip,std_unique_8,500000,588591.000000,1.177182,128250000
frozen_erased,repeat,32,16,observable_move_roundtrip,own_old_unique_40,500000,9898327.000000,19.796654,128250000
frozen_erased,repeat,32,17,observable_move_roundtrip,std_erased_unique_40,500000,3642089.000000,7.284178,128250000
frozen_erased,repeat,33,0,observable_move_roundtrip,std_unique_8,500000,542012.000000,1.084024,128250000
frozen_erased,repeat,33,1,observable_move_roundtrip,own_old_unique_40,500000,6043273.000000,12.086546,128250000
frozen_erased,repeat,33,2,observable_move_roundtrip,std_erased_unique_40,500000,2947993.000000,5.895986,128250000
frozen_erased,repeat,33,3,frame_draw_batch,std_unique_8,64,533109.000000,8329.828125,27924889600
frozen_erased,repeat,33,4,frame_draw_batch,own_old_unique_40,64,651884.000000,10185.687500,27924889600
frozen_erased,repeat,33,5,frame_draw_batch,std_erased_unique_40,64,547310.000000,8551.718750,27924889600
frozen_erased,repeat,33,6,borrow_read_loop,std_erased_unique_40,1000000,436365.000000,0.436365,256500000
frozen_erased,repeat,33,7,borrow_read_loop,std_unique_8,1000000,980281.000000,0.980281,256500000
frozen_erased,repeat,33,8,borrow_read_loop,own_old_unique_40,1000000,710872.000000,0.710872,256500000
frozen_erased,repeat,33,9,create_read_destroy,std_unique_8,50000,592026.000000,11.840520,16251450000
frozen_erased,repeat,33,10,create_read_destroy,std_erased_unique_40,50000,496475.000000,9.929500,16251450000
frozen_erased,repeat,33,11,create_read_destroy,own_old_unique_40,50000,520621.000000,10.412420,16251450000
frozen_erased,repeat,33,12,synchronized_job_handoff,std_unique_8,2048,679635.000000,331.853027,218578944
frozen_erased,repeat,33,13,synchronized_job_handoff,own_old_unique_40,2048,583374.000000,284.850586,218578944
frozen_erased,repeat,33,14,synchronized_job_handoff,std_erased_unique_40,2048,760625.000000,371.398926,218578944
frozen_erased,repeat,33,15,vector_owner_transfer,std_erased_unique_40,64,222529.000000,3477.015625,438108160
frozen_erased,repeat,33,16,vector_owner_transfer,own_old_unique_40,64,356287.000000,5566.984375,438108160
frozen_erased,repeat,33,17,vector_owner_transfer,std_unique_8,64,172806.000000,2700.093750,438108160
frozen_erased,repeat,34,0,frame_draw_batch,std_unique_8,64,530846.000000,8294.468750,27924889600
frozen_erased,repeat,34,1,frame_draw_batch,own_old_unique_40,64,614519.000000,9601.859375,27924889600
frozen_erased,repeat,34,2,frame_draw_batch,std_erased_unique_40,64,515403.000000,8053.171875,27924889600
frozen_erased,repeat,34,3,vector_owner_transfer,std_unique_8,64,166356.000000,2599.312500,438108160
frozen_erased,repeat,34,4,vector_owner_transfer,own_old_unique_40,64,377939.000000,5905.296875,438108160
frozen_erased,repeat,34,5,vector_owner_transfer,std_erased_unique_40,64,387583.000000,6055.984375,438108160
frozen_erased,repeat,34,6,observable_move_roundtrip,own_old_unique_40,500000,5904438.000000,11.808876,128250000
frozen_erased,repeat,34,7,observable_move_roundtrip,std_erased_unique_40,500000,3003765.000000,6.007530,128250000
frozen_erased,repeat,34,8,observable_move_roundtrip,std_unique_8,500000,558146.000000,1.116292,128250000
frozen_erased,repeat,34,9,borrow_read_loop,own_old_unique_40,1000000,436356.000000,0.436356,256500000
frozen_erased,repeat,34,10,borrow_read_loop,std_erased_unique_40,1000000,436546.000000,0.436546,256500000
frozen_erased,repeat,34,11,borrow_read_loop,std_unique_8,1000000,450547.000000,0.450547,256500000
frozen_erased,repeat,34,12,create_read_destroy,std_unique_8,50000,433452.000000,8.669040,16251450000
frozen_erased,repeat,34,13,create_read_destroy,own_old_unique_40,50000,574090.000000,11.481800,16251450000
frozen_erased,repeat,34,14,create_read_destroy,std_erased_unique_40,50000,446711.000000,8.934220,16251450000
frozen_erased,repeat,34,15,synchronized_job_handoff,own_old_unique_40,2048,954964.000000,466.291016,218578944
frozen_erased,repeat,34,16,synchronized_job_handoff,std_unique_8,2048,728819.000000,355.868652,218578944
frozen_erased,repeat,34,17,synchronized_job_handoff,std_erased_unique_40,2048,676522.000000,330.333008,218578944
frozen_erased,repeat,35,0,frame_draw_batch,std_unique_8,64,563273.000000,8801.140625,27924889600
frozen_erased,repeat,35,1,frame_draw_batch,own_old_unique_40,64,557845.000000,8716.328125,27924889600
frozen_erased,repeat,35,2,frame_draw_batch,std_erased_unique_40,64,518928.000000,8108.250000,27924889600
frozen_erased,repeat,35,3,synchronized_job_handoff,own_old_unique_40,2048,620108.000000,302.787109,218578944
frozen_erased,repeat,35,4,synchronized_job_handoff,std_erased_unique_40,2048,722499.000000,352.782715,218578944
frozen_erased,repeat,35,5,synchronized_job_handoff,std_unique_8,2048,644433.000000,314.664551,218578944
frozen_erased,repeat,35,6,vector_owner_transfer,std_unique_8,64,196441.000000,3069.390625,438108160
frozen_erased,repeat,35,7,vector_owner_transfer,std_erased_unique_40,64,216941.000000,3389.703125,438108160
frozen_erased,repeat,35,8,vector_owner_transfer,own_old_unique_40,64,350759.000000,5480.609375,438108160
frozen_erased,repeat,35,9,observable_move_roundtrip,std_erased_unique_40,500000,3169450.000000,6.338900,128250000
frozen_erased,repeat,35,10,observable_move_roundtrip,std_unique_8,500000,554160.000000,1.108320,128250000
frozen_erased,repeat,35,11,observable_move_roundtrip,own_old_unique_40,500000,6171653.000000,12.343306,128250000
frozen_erased,repeat,35,12,borrow_read_loop,std_unique_8,1000000,436385.000000,0.436385,256500000
frozen_erased,repeat,35,13,borrow_read_loop,std_erased_unique_40,1000000,504797.000000,0.504797,256500000
frozen_erased,repeat,35,14,borrow_read_loop,own_old_unique_40,1000000,436306.000000,0.436306,256500000
frozen_erased,repeat,35,15,create_read_destroy,std_unique_8,50000,458788.000000,9.175760,16251450000
frozen_erased,repeat,35,16,create_read_destroy,std_erased_unique_40,50000,446751.000000,8.935020,16251450000
frozen_erased,repeat,35,17,create_read_destroy,own_old_unique_40,50000,784210.000000,15.684200,16251450000
frozen_erased,repeat,36,0,observable_move_roundtrip,own_old_unique_40,500000,6637983.000000,13.275966,128250000
frozen_erased,repeat,36,1,observable_move_roundtrip,std_unique_8,500000,541851.000000,1.083702,128250000
frozen_erased,repeat,36,2,observable_move_roundtrip,std_erased_unique_40,500000,3128509.000000,6.257018,128250000
frozen_erased,repeat,36,3,synchronized_job_handoff,own_old_unique_40,2048,719605.000000,351.369629,218578944
frozen_erased,repeat,36,4,synchronized_job_handoff,std_unique_8,2048,641880.000000,313.417969,218578944
frozen_erased,repeat,36,5,synchronized_job_handoff,std_erased_unique_40,2048,600368.000000,293.148438,218578944
frozen_erased,repeat,36,6,frame_draw_batch,own_old_unique_40,64,870137.000000,13595.890625,27924889600
frozen_erased,repeat,36,7,frame_draw_batch,std_erased_unique_40,64,550424.000000,8600.375000,27924889600
frozen_erased,repeat,36,8,frame_draw_batch,std_unique_8,64,495493.000000,7742.078125,27924889600
frozen_erased,repeat,36,9,create_read_destroy,std_erased_unique_40,50000,460952.000000,9.219040,16251450000
frozen_erased,repeat,36,10,create_read_destroy,own_old_unique_40,50000,542032.000000,10.840640,16251450000
frozen_erased,repeat,36,11,create_read_destroy,std_unique_8,50000,466790.000000,9.335800,16251450000
frozen_erased,repeat,36,12,borrow_read_loop,std_erased_unique_40,1000000,464137.000000,0.464137,256500000
frozen_erased,repeat,36,13,borrow_read_loop,own_old_unique_40,1000000,499419.000000,0.499419,256500000
frozen_erased,repeat,36,14,borrow_read_loop,std_unique_8,1000000,436776.000000,0.436776,256500000
frozen_erased,repeat,36,15,vector_owner_transfer,std_erased_unique_40,64,220507.000000,3445.421875,438108160
frozen_erased,repeat,36,16,vector_owner_transfer,own_old_unique_40,64,384459.000000,6007.171875,438108160
frozen_erased,repeat,36,17,vector_owner_transfer,std_unique_8,64,171083.000000,2673.171875,438108160
frozen_erased,repeat,37,0,borrow_read_loop,own_old_unique_40,1000000,436506.000000,0.436506,256500000
frozen_erased,repeat,37,1,borrow_read_loop,std_erased_unique_40,1000000,461974.000000,0.461974,256500000
frozen_erased,repeat,37,2,borrow_read_loop,std_unique_8,1000000,436907.000000,0.436907,256500000
frozen_erased,repeat,37,3,create_read_destroy,std_erased_unique_40,50000,459530.000000,9.190600,16251450000
frozen_erased,repeat,37,4,create_read_destroy,std_unique_8,50000,433862.000000,8.677240,16251450000
frozen_erased,repeat,37,5,create_read_destroy,own_old_unique_40,50000,593278.000000,11.865560,16251450000
frozen_erased,repeat,37,6,frame_draw_batch,own_old_unique_40,64,525387.000000,8209.171875,27924889600
frozen_erased,repeat,37,7,frame_draw_batch,std_erased_unique_40,64,560249.000000,8753.890625,27924889600
frozen_erased,repeat,37,8,frame_draw_batch,std_unique_8,64,805011.000000,12578.296875,27924889600
frozen_erased,repeat,37,9,observable_move_roundtrip,std_erased_unique_40,500000,3279072.000000,6.558144,128250000
frozen_erased,repeat,37,10,observable_move_roundtrip,std_unique_8,500000,610213.000000,1.220426,128250000
frozen_erased,repeat,37,11,observable_move_roundtrip,own_old_unique_40,500000,6248296.000000,12.496592,128250000
frozen_erased,repeat,37,12,synchronized_job_handoff,std_erased_unique_40,2048,546068.000000,266.634766,218578944
frozen_erased,repeat,37,13,synchronized_job_handoff,std_unique_8,2048,729429.000000,356.166504,218578944
frozen_erased,repeat,37,14,synchronized_job_handoff,own_old_unique_40,2048,778231.000000,379.995605,218578944
frozen_erased,repeat,37,15,vector_owner_transfer,std_erased_unique_40,64,225724.000000,3526.937500,438108160
frozen_erased,repeat,37,16,vector_owner_transfer,own_old_unique_40,64,383548.000000,5992.937500,438108160
frozen_erased,repeat,37,17,vector_owner_transfer,std_unique_8,64,170001.000000,2656.265625,438108160
frozen_erased,repeat,38,0,create_read_destroy,std_erased_unique_40,50000,460261.000000,9.205220,16251450000
frozen_erased,repeat,38,1,create_read_destroy,own_old_unique_40,50000,1744215.000000,34.884300,16251450000
frozen_erased,repeat,38,2,create_read_destroy,std_unique_8,50000,433221.000000,8.664420,16251450000
frozen_erased,repeat,38,3,frame_draw_batch,std_erased_unique_40,64,603443.000000,9428.796875,27924889600
frozen_erased,repeat,38,4,frame_draw_batch,std_unique_8,64,658905.000000,10295.390625,27924889600
frozen_erased,repeat,38,5,frame_draw_batch,own_old_unique_40,64,525177.000000,8205.890625,27924889600
frozen_erased,repeat,38,6,borrow_read_loop,std_unique_8,1000000,486360.000000,0.486360,256500000
frozen_erased,repeat,38,7,borrow_read_loop,own_old_unique_40,1000000,436376.000000,0.436376,256500000
frozen_erased,repeat,38,8,borrow_read_loop,std_erased_unique_40,1000000,460261.000000,0.460261,256500000
frozen_erased,repeat,38,9,vector_owner_transfer,std_erased_unique_40,64,216009.000000,3375.140625,438108160
frozen_erased,repeat,38,10,vector_owner_transfer,own_old_unique_40,64,348606.000000,5446.968750,438108160
frozen_erased,repeat,38,11,vector_owner_transfer,std_unique_8,64,168800.000000,2637.500000,438108160
frozen_erased,repeat,38,12,synchronized_job_handoff,own_old_unique_40,2048,638705.000000,311.867676,218578944
frozen_erased,repeat,38,13,synchronized_job_handoff,std_erased_unique_40,2048,443436.000000,216.521484,218578944
frozen_erased,repeat,38,14,synchronized_job_handoff,std_unique_8,2048,743170.000000,362.875977,218578944
frozen_erased,repeat,38,15,observable_move_roundtrip,std_unique_8,500000,608611.000000,1.217222,128250000
frozen_erased,repeat,38,16,observable_move_roundtrip,own_old_unique_40,500000,5699444.000000,11.398888,128250000
frozen_erased,repeat,38,17,observable_move_roundtrip,std_erased_unique_40,500000,2979089.000000,5.958178,128250000
frozen_erased,repeat,39,0,vector_owner_transfer,std_unique_8,64,182981.000000,2859.078125,438108160
frozen_erased,repeat,39,1,vector_owner_transfer,own_old_unique_40,64,349848.000000,5466.375000,438108160
frozen_erased,repeat,39,2,vector_owner_transfer,std_erased_unique_40,64,215719.000000,3370.609375,438108160
frozen_erased,repeat,39,3,synchronized_job_handoff,own_old_unique_40,2048,728287.000000,355.608887,218578944
frozen_erased,repeat,39,4,synchronized_job_handoff,std_unique_8,2048,713385.000000,348.332520,218578944
frozen_erased,repeat,39,5,synchronized_job_handoff,std_erased_unique_40,2048,590354.000000,288.258789,218578944
frozen_erased,repeat,39,6,frame_draw_batch,own_old_unique_40,64,581271.000000,9082.359375,27924889600
frozen_erased,repeat,39,7,frame_draw_batch,std_erased_unique_40,64,568811.000000,8887.671875,27924889600
frozen_erased,repeat,39,8,frame_draw_batch,std_unique_8,64,525518.000000,8211.218750,27924889600
frozen_erased,repeat,39,9,create_read_destroy,std_erased_unique_40,50000,446751.000000,8.935020,16251450000
frozen_erased,repeat,39,10,create_read_destroy,own_old_unique_40,50000,536304.000000,10.726080,16251450000
frozen_erased,repeat,39,11,create_read_destroy,std_unique_8,50000,433151.000000,8.663020,16251450000
frozen_erased,repeat,39,12,borrow_read_loop,std_unique_8,1000000,539689.000000,0.539689,256500000
frozen_erased,repeat,39,13,borrow_read_loop,own_old_unique_40,1000000,436536.000000,0.436536,256500000
frozen_erased,repeat,39,14,borrow_read_loop,std_erased_unique_40,1000000,564154.000000,0.564154,256500000
frozen_erased,repeat,39,15,observable_move_roundtrip,own_old_unique_40,500000,5357067.000000,10.714134,128250000
frozen_erased,repeat,39,16,observable_move_roundtrip,std_erased_unique_40,500000,2981141.000000,5.962282,128250000
frozen_erased,repeat,39,17,observable_move_roundtrip,std_unique_8,500000,771812.000000,1.543624,128250000
frozen_erased,repeat,40,0,synchronized_job_handoff,std_unique_8,2048,647218.000000,316.024414,218578944
frozen_erased,repeat,40,1,synchronized_job_handoff,std_erased_unique_40,2048,563243.000000,275.020996,218578944
frozen_erased,repeat,40,2,synchronized_job_handoff,own_old_unique_40,2048,912490.000000,445.551758,218578944
frozen_erased,repeat,40,3,create_read_destroy,own_old_unique_40,50000,560620.000000,11.212400,16251450000
frozen_erased,repeat,40,4,create_read_destroy,std_unique_8,50000,433191.000000,8.663820,16251450000
frozen_erased,repeat,40,5,create_read_destroy,std_erased_unique_40,50000,459781.000000,9.195620,16251450000
frozen_erased,repeat,40,6,vector_owner_transfer,own_old_unique_40,64,350268.000000,5472.937500,438108160
frozen_erased,repeat,40,7,vector_owner_transfer,std_erased_unique_40,64,230621.000000,3603.453125,438108160
frozen_erased,repeat,40,8,vector_owner_transfer,std_unique_8,64,170092.000000,2657.687500,438108160
frozen_erased,repeat,40,9,borrow_read_loop,std_unique_8,1000000,547470.000000,0.547470,256500000
frozen_erased,repeat,40,10,borrow_read_loop,std_erased_unique_40,1000000,436366.000000,0.436366,256500000
frozen_erased,repeat,40,11,borrow_read_loop,own_old_unique_40,1000000,463927.000000,0.463927,256500000
frozen_erased,repeat,40,12,observable_move_roundtrip,own_old_unique_40,500000,6506328.000000,13.012656,128250000
frozen_erased,repeat,40,13,observable_move_roundtrip,std_unique_8,500000,1026139.000000,2.052278,128250000
frozen_erased,repeat,40,14,observable_move_roundtrip,std_erased_unique_40,500000,2858029.000000,5.716058,128250000
frozen_erased,repeat,40,15,frame_draw_batch,std_unique_8,64,902536.000000,14102.125000,27924889600
frozen_erased,repeat,40,16,frame_draw_batch,own_old_unique_40,64,569142.000000,8892.843750,27924889600
frozen_erased,repeat,40,17,frame_draw_batch,std_erased_unique_40,64,525898.000000,8217.156250,27924889600
frozen_erased,repeat,41,0,observable_move_roundtrip,own_old_unique_40,500000,8166194.000000,16.332388,128250000
frozen_erased,repeat,41,1,observable_move_roundtrip,std_erased_unique_40,500000,4868805.000000,9.737610,128250000
frozen_erased,repeat,41,2,observable_move_roundtrip,std_unique_8,500000,568752.000000,1.137504,128250000
frozen_erased,repeat,41,3,synchronized_job_handoff,std_erased_unique_40,2048,460942.000000,225.069336,218578944
frozen_erased,repeat,41,4,synchronized_job_handoff,own_old_unique_40,2048,593709.000000,289.896973,218578944
frozen_erased,repeat,41,5,synchronized_job_handoff,std_unique_8,2048,713967.000000,348.616699,218578944
frozen_erased,repeat,41,6,frame_draw_batch,own_old_unique_40,64,722429.000000,11287.953125,27924889600
frozen_erased,repeat,41,7,frame_draw_batch,std_erased_unique_40,64,603784.000000,9434.125000,27924889600
frozen_erased,repeat,41,8,frame_draw_batch,std_unique_8,64,576383.000000,9005.984375,27924889600
frozen_erased,repeat,41,9,borrow_read_loop,std_erased_unique_40,1000000,449255.000000,0.449255,256500000
frozen_erased,repeat,41,10,borrow_read_loop,own_old_unique_40,1000000,436326.000000,0.436326,256500000
frozen_erased,repeat,41,11,borrow_read_loop,std_unique_8,1000000,464187.000000,0.464187,256500000
frozen_erased,repeat,41,12,vector_owner_transfer,own_old_unique_40,64,412009.000000,6437.640625,438108160
frozen_erased,repeat,41,13,vector_owner_transfer,std_unique_8,64,199485.000000,3116.953125,438108160
frozen_erased,repeat,41,14,vector_owner_transfer,std_erased_unique_40,64,286584.000000,4477.875000,438108160
frozen_erased,repeat,41,15,create_read_destroy,std_unique_8,50000,434553.000000,8.691060,16251450000
frozen_erased,repeat,41,16,create_read_destroy,own_old_unique_40,50000,754616.000000,15.092320,16251450000
frozen_erased,repeat,41,17,create_read_destroy,std_erased_unique_40,50000,472820.000000,9.456400,16251450000
frozen_erased,repeat,42,0,synchronized_job_handoff,std_erased_unique_40,2048,732744.000000,357.785156,218578944
frozen_erased,repeat,42,1,synchronized_job_handoff,own_old_unique_40,2048,930477.000000,454.334473,218578944
frozen_erased,repeat,42,2,synchronized_job_handoff,std_unique_8,2048,628200.000000,306.738281,218578944
frozen_erased,repeat,42,3,borrow_read_loop,own_old_unique_40,1000000,448453.000000,0.448453,256500000
frozen_erased,repeat,42,4,borrow_read_loop,std_erased_unique_40,1000000,624895.000000,0.624895,256500000
frozen_erased,repeat,42,5,borrow_read_loop,std_unique_8,1000000,497186.000000,0.497186,256500000
frozen_erased,repeat,42,6,vector_owner_transfer,std_unique_8,64,174688.000000,2729.500000,438108160
frozen_erased,repeat,42,7,vector_owner_transfer,std_erased_unique_40,64,221668.000000,3463.562500,438108160
frozen_erased,repeat,42,8,vector_owner_transfer,own_old_unique_40,64,416657.000000,6510.265625,438108160
frozen_erased,repeat,42,9,observable_move_roundtrip,std_unique_8,500000,734246.000000,1.468492,128250000
frozen_erased,repeat,42,10,observable_move_roundtrip,own_old_unique_40,500000,5760374.000000,11.520748,128250000
frozen_erased,repeat,42,11,observable_move_roundtrip,std_erased_unique_40,500000,4659074.000000,9.318148,128250000
frozen_erased,repeat,42,12,frame_draw_batch,std_unique_8,64,563454.000000,8803.968750,27924889600
frozen_erased,repeat,42,13,frame_draw_batch,own_old_unique_40,64,564846.000000,8825.718750,27924889600
frozen_erased,repeat,42,14,frame_draw_batch,std_erased_unique_40,64,653977.000000,10218.390625,27924889600
frozen_erased,repeat,42,15,create_read_destroy,own_old_unique_40,50000,578476.000000,11.569520,16251450000
frozen_erased,repeat,42,16,create_read_destroy,std_erased_unique_40,50000,447051.000000,8.941020,16251450000
frozen_erased,repeat,42,17,create_read_destroy,std_unique_8,50000,528773.000000,10.575460,16251450000
frozen_erased,repeat,43,0,borrow_read_loop,own_old_unique_40,1000000,459880.000000,0.459880,256500000
frozen_erased,repeat,43,1,borrow_read_loop,std_unique_8,1000000,581290.000000,0.581290,256500000
frozen_erased,repeat,43,2,borrow_read_loop,std_erased_unique_40,1000000,436556.000000,0.436556,256500000
frozen_erased,repeat,43,3,create_read_destroy,std_unique_8,50000,529874.000000,10.597480,16251450000
frozen_erased,repeat,43,4,create_read_destroy,std_erased_unique_40,50000,447041.000000,8.940820,16251450000
frozen_erased,repeat,43,5,create_read_destroy,own_old_unique_40,50000,532558.000000,10.651160,16251450000
frozen_erased,repeat,43,6,observable_move_roundtrip,own_old_unique_40,500000,6095349.000000,12.190698,128250000
frozen_erased,repeat,43,7,observable_move_roundtrip,std_erased_unique_40,500000,2897738.000000,5.795476,128250000
frozen_erased,repeat,43,8,observable_move_roundtrip,std_unique_8,500000,586929.000000,1.173858,128250000
frozen_erased,repeat,43,9,frame_draw_batch,std_unique_8,64,498728.000000,7792.625000,27924889600
frozen_erased,repeat,43,10,frame_draw_batch,std_erased_unique_40,64,612556.000000,9571.187500,27924889600
frozen_erased,repeat,43,11,frame_draw_batch,own_old_unique_40,64,625466.000000,9772.906250,27924889600
frozen_erased,repeat,43,12,vector_owner_transfer,own_old_unique_40,64,377889.000000,5904.515625,438108160
frozen_erased,repeat,43,13,vector_owner_transfer,std_erased_unique_40,64,221448.000000,3460.125000,438108160
frozen_erased,repeat,43,14,vector_owner_transfer,std_unique_8,64,174679.000000,2729.359375,438108160
frozen_erased,repeat,43,15,synchronized_job_handoff,own_old_unique_40,2048,601009.000000,293.461426,218578944
frozen_erased,repeat,43,16,synchronized_job_handoff,std_unique_8,2048,549894.000000,268.502930,218578944
frozen_erased,repeat,43,17,synchronized_job_handoff,std_erased_unique_40,2048,536444.000000,261.935547,218578944
frozen_erased,repeat,44,0,vector_owner_transfer,own_old_unique_40,64,801787.000000,12527.921875,438108160
frozen_erased,repeat,44,1,vector_owner_transfer,std_unique_8,64,170423.000000,2662.859375,438108160
frozen_erased,repeat,44,2,vector_owner_transfer,std_erased_unique_40,64,217923.000000,3405.046875,438108160
frozen_erased,repeat,44,3,synchronized_job_handoff,std_unique_8,2048,586578.000000,286.415039,218578944
frozen_erased,repeat,44,4,synchronized_job_handoff,std_erased_unique_40,2048,488493.000000,238.521973,218578944
frozen_erased,repeat,44,5,synchronized_job_handoff,own_old_unique_40,2048,657463.000000,321.026855,218578944
frozen_erased,repeat,44,6,borrow_read_loop,own_old_unique_40,1000000,449535.000000,0.449535,256500000
frozen_erased,repeat,44,7,borrow_read_loop,std_unique_8,1000000,467632.000000,0.467632,256500000
frozen_erased,repeat,44,8,borrow_read_loop,std_erased_unique_40,1000000,436556.000000,0.436556,256500000
frozen_erased,repeat,44,9,create_read_destroy,std_unique_8,50000,449094.000000,8.981880,16251450000
frozen_erased,repeat,44,10,create_read_destroy,std_erased_unique_40,50000,446851.000000,8.937020,16251450000
frozen_erased,repeat,44,11,create_read_destroy,own_old_unique_40,50000,520690.000000,10.413800,16251450000
frozen_erased,repeat,44,12,frame_draw_batch,std_erased_unique_40,64,518938.000000,8108.406250,27924889600
frozen_erased,repeat,44,13,frame_draw_batch,own_old_unique_40,64,917678.000000,14338.718750,27924889600
frozen_erased,repeat,44,14,frame_draw_batch,std_unique_8,64,935594.000000,14618.656250,27924889600
frozen_erased,repeat,44,15,observable_move_roundtrip,own_old_unique_40,500000,5742898.000000,11.485796,128250000
frozen_erased,repeat,44,16,observable_move_roundtrip,std_erased_unique_40,500000,2871759.000000,5.743518,128250000
frozen_erased,repeat,44,17,observable_move_roundtrip,std_unique_8,500000,603443.000000,1.206886,128250000
frozen_erased,repeat,45,0,synchronized_job_handoff,std_unique_8,2048,783810.000000,382.719727,218578944
frozen_erased,repeat,45,1,synchronized_job_handoff,std_erased_unique_40,2048,456406.000000,222.854492,218578944
frozen_erased,repeat,45,2,synchronized_job_handoff,own_old_unique_40,2048,661810.000000,323.149414,218578944
frozen_erased,repeat,45,3,create_read_destroy,own_old_unique_40,50000,667307.000000,13.346140,16251450000
frozen_erased,repeat,45,4,create_read_destroy,std_erased_unique_40,50000,446731.000000,8.934620,16251450000
frozen_erased,repeat,45,5,create_read_destroy,std_unique_8,50000,475604.000000,9.512080,16251450000
frozen_erased,repeat,45,6,borrow_read_loop,std_unique_8,1000000,436936.000000,0.436936,256500000
frozen_erased,repeat,45,7,borrow_read_loop,std_erased_unique_40,1000000,475704.000000,0.475704,256500000
frozen_erased,repeat,45,8,borrow_read_loop,own_old_unique_40,1000000,449025.000000,0.449025,256500000
frozen_erased,repeat,45,9,observable_move_roundtrip,std_erased_unique_40,500000,3111764.000000,6.223528,128250000
frozen_erased,repeat,45,10,observable_move_roundtrip,own_old_unique_40,500000,6054488.000000,12.108976,128250000
frozen_erased,repeat,45,11,observable_move_roundtrip,std_unique_8,500000,554460.000000,1.108920,128250000
frozen_erased,repeat,45,12,vector_owner_transfer,std_erased_unique_40,64,222560.000000,3477.500000,438108160
frozen_erased,repeat,45,13,vector_owner_transfer,std_unique_8,64,172526.000000,2695.718750,438108160
frozen_erased,repeat,45,14,vector_owner_transfer,own_old_unique_40,64,367514.000000,5742.406250,438108160
frozen_erased,repeat,45,15,frame_draw_batch,std_unique_8,64,495453.000000,7741.453125,27924889600
frozen_erased,repeat,45,16,frame_draw_batch,std_erased_unique_40,64,775728.000000,12120.750000,27924889600
frozen_erased,repeat,45,17,frame_draw_batch,own_old_unique_40,64,523905.000000,8186.015625,27924889600
frozen_erased,repeat,46,0,frame_draw_batch,own_old_unique_40,64,651374.000000,10177.718750,27924889600
frozen_erased,repeat,46,1,frame_draw_batch,std_unique_8,64,756239.000000,11816.234375,27924889600
frozen_erased,repeat,46,2,frame_draw_batch,std_erased_unique_40,64,631605.000000,9868.828125,27924889600
frozen_erased,repeat,46,3,observable_move_roundtrip,own_old_unique_40,500000,5690601.000000,11.381202,128250000
frozen_erased,repeat,46,4,observable_move_roundtrip,std_unique_8,500000,582512.000000,1.165024,128250000
frozen_erased,repeat,46,5,observable_move_roundtrip,std_erased_unique_40,500000,3514921.000000,7.029842,128250000
frozen_erased,repeat,46,6,create_read_destroy,own_old_unique_40,50000,768537.000000,15.370740,16251450000
frozen_erased,repeat,46,7,create_read_destroy,std_unique_8,50000,482294.000000,9.645880,16251450000
frozen_erased,repeat,46,8,create_read_destroy,std_erased_unique_40,50000,477026.000000,9.540520,16251450000
frozen_erased,repeat,46,9,borrow_read_loop,own_old_unique_40,1000000,485138.000000,0.485138,256500000
frozen_erased,repeat,46,10,borrow_read_loop,std_unique_8,1000000,467502.000000,0.467502,256500000
frozen_erased,repeat,46,11,borrow_read_loop,std_erased_unique_40,1000000,436465.000000,0.436465,256500000
frozen_erased,repeat,46,12,vector_owner_transfer,std_unique_8,64,188299.000000,2942.171875,438108160
frozen_erased,repeat,46,13,vector_owner_transfer,own_old_unique_40,64,355015.000000,5547.109375,438108160
frozen_erased,repeat,46,14,vector_owner_transfer,std_erased_unique_40,64,221458.000000,3460.281250,438108160
frozen_erased,repeat,46,15,synchronized_job_handoff,std_erased_unique_40,2048,672395.000000,328.317871,218578944
frozen_erased,repeat,46,16,synchronized_job_handoff,std_unique_8,2048,642951.000000,313.940918,218578944
frozen_erased,repeat,46,17,synchronized_job_handoff,own_old_unique_40,2048,488262.000000,238.409180,218578944
frozen_erased,repeat,47,0,observable_move_roundtrip,std_erased_unique_40,500000,2806352.000000,5.612704,128250000
frozen_erased,repeat,47,1,observable_move_roundtrip,own_old_unique_40,500000,5794444.000000,11.588888,128250000
frozen_erased,repeat,47,2,observable_move_roundtrip,std_unique_8,500000,544566.000000,1.089132,128250000
frozen_erased,repeat,47,3,borrow_read_loop,own_old_unique_40,1000000,496144.000000,0.496144,256500000
frozen_erased,repeat,47,4,borrow_read_loop,std_unique_8,1000000,541902.000000,0.541902,256500000
frozen_erased,repeat,47,5,borrow_read_loop,std_erased_unique_40,1000000,484887.000000,0.484887,256500000
frozen_erased,repeat,47,6,synchronized_job_handoff,own_old_unique_40,2048,492288.000000,240.375000,218578944
frozen_erased,repeat,47,7,synchronized_job_handoff,std_unique_8,2048,616242.000000,300.899414,218578944
frozen_erased,repeat,47,8,synchronized_job_handoff,std_erased_unique_40,2048,501572.000000,244.908203,218578944
frozen_erased,repeat,47,9,frame_draw_batch,std_unique_8,64,536253.000000,8378.953125,27924889600
frozen_erased,repeat,47,10,frame_draw_batch,std_erased_unique_40,64,853283.000000,13332.546875,27924889600
frozen_erased,repeat,47,11,frame_draw_batch,own_old_unique_40,64,525988.000000,8218.562500,27924889600
frozen_erased,repeat,47,12,vector_owner_transfer,std_erased_unique_40,64,219885.000000,3435.703125,438108160
frozen_erased,repeat,47,13,vector_owner_transfer,own_old_unique_40,64,410587.000000,6415.421875,438108160
frozen_erased,repeat,47,14,vector_owner_transfer,std_unique_8,64,173337.000000,2708.390625,438108160
frozen_erased,repeat,47,15,create_read_destroy,std_erased_unique_40,50000,537275.000000,10.745500,16251450000
frozen_erased,repeat,47,16,create_read_destroy,own_old_unique_40,50000,524046.000000,10.480920,16251450000
frozen_erased,repeat,47,17,create_read_destroy,std_unique_8,50000,517186.000000,10.343720,16251450000
frozen_erased,repeat,48,0,observable_move_roundtrip,own_old_unique_40,500000,5720034.000000,11.440068,128250000
frozen_erased,repeat,48,1,observable_move_roundtrip,std_erased_unique_40,500000,2955924.000000,5.911848,128250000
frozen_erased,repeat,48,2,observable_move_roundtrip,std_unique_8,500000,565036.000000,1.130072,128250000
frozen_erased,repeat,48,3,synchronized_job_handoff,std_erased_unique_40,2048,655270.000000,319.956055,218578944
frozen_erased,repeat,48,4,synchronized_job_handoff,own_old_unique_40,2048,479249.000000,234.008301,218578944
frozen_erased,repeat,48,5,synchronized_job_handoff,std_unique_8,2048,990445.000000,483.615723,218578944
frozen_erased,repeat,48,6,borrow_read_loop,own_old_unique_40,1000000,642300.000000,0.642300,256500000
frozen_erased,repeat,48,7,borrow_read_loop,std_erased_unique_40,1000000,491246.000000,0.491246,256500000
frozen_erased,repeat,48,8,borrow_read_loop,std_unique_8,1000000,464807.000000,0.464807,256500000
frozen_erased,repeat,48,9,create_read_destroy,own_old_unique_40,50000,515313.000000,10.306260,16251450000
frozen_erased,repeat,48,10,create_read_destroy,std_erased_unique_40,50000,1430046.000000,28.600920,16251450000
frozen_erased,repeat,48,11,create_read_destroy,std_unique_8,50000,433582.000000,8.671640,16251450000
frozen_erased,repeat,48,12,frame_draw_batch,std_erased_unique_40,64,661559.000000,10336.859375,27924889600
frozen_erased,repeat,48,13,frame_draw_batch,std_unique_8,64,495203.000000,7737.546875,27924889600
frozen_erased,repeat,48,14,frame_draw_batch,own_old_unique_40,64,554260.000000,8660.312500,27924889600
frozen_erased,repeat,48,15,vector_owner_transfer,own_old_unique_40,64,369937.000000,5780.265625,438108160
frozen_erased,repeat,48,16,vector_owner_transfer,std_unique_8,64,173927.000000,2717.609375,438108160
frozen_erased,repeat,48,17,vector_owner_transfer,std_erased_unique_40,64,653407.000000,10209.484375,438108160
frozen_erased,repeat,49,0,observable_move_roundtrip,std_unique_8,500000,722219.000000,1.444438,128250000
frozen_erased,repeat,49,1,observable_move_roundtrip,own_old_unique_40,500000,5885670.000000,11.771340,128250000
frozen_erased,repeat,49,2,observable_move_roundtrip,std_erased_unique_40,500000,4036754.000000,8.073508,128250000
frozen_erased,repeat,49,3,frame_draw_batch,std_erased_unique_40,64,574140.000000,8970.937500,27924889600
frozen_erased,repeat,49,4,frame_draw_batch,own_old_unique_40,64,582041.000000,9094.390625,27924889600
frozen_erased,repeat,49,5,frame_draw_batch,std_unique_8,64,559277.000000,8738.703125,27924889600
frozen_erased,repeat,49,6,borrow_read_loop,std_unique_8,1000000,582672.000000,0.582672,256500000
frozen_erased,repeat,49,7,borrow_read_loop,own_old_unique_40,1000000,499129.000000,0.499129,256500000
frozen_erased,repeat,49,8,borrow_read_loop,std_erased_unique_40,1000000,459951.000000,0.459951,256500000
frozen_erased,repeat,49,9,synchronized_job_handoff,own_old_unique_40,2048,770711.000000,376.323730,218578944
frozen_erased,repeat,49,10,synchronized_job_handoff,std_erased_unique_40,2048,488703.000000,238.624512,218578944
frozen_erased,repeat,49,11,synchronized_job_handoff,std_unique_8,2048,1595671.000000,779.136230,218578944
frozen_erased,repeat,49,12,create_read_destroy,std_unique_8,50000,555682.000000,11.113640,16251450000
frozen_erased,repeat,49,13,create_read_destroy,std_erased_unique_40,50000,473050.000000,9.461000,16251450000
frozen_erased,repeat,49,14,create_read_destroy,own_old_unique_40,50000,534010.000000,10.680200,16251450000
frozen_erased,repeat,49,15,vector_owner_transfer,std_erased_unique_40,64,428925.000000,6701.953125,438108160
frozen_erased,repeat,49,16,vector_owner_transfer,std_unique_8,64,401454.000000,6272.718750,438108160
frozen_erased,repeat,49,17,vector_owner_transfer,own_old_unique_40,64,614870.000000,9607.343750,438108160
frozen_erased,repeat,50,0,vector_owner_transfer,own_old_unique_40,64,395134.000000,6173.968750,438108160
frozen_erased,repeat,50,1,vector_owner_transfer,std_erased_unique_40,64,218062.000000,3407.218750,438108160
frozen_erased,repeat,50,2,vector_owner_transfer,std_unique_8,64,360794.000000,5637.406250,438108160
frozen_erased,repeat,50,3,borrow_read_loop,std_erased_unique_40,1000000,838461.000000,0.838461,256500000
frozen_erased,repeat,50,4,borrow_read_loop,std_unique_8,1000000,528362.000000,0.528362,256500000
frozen_erased,repeat,50,5,borrow_read_loop,own_old_unique_40,1000000,558987.000000,0.558987,256500000
frozen_erased,repeat,50,6,observable_move_roundtrip,std_unique_8,500000,544005.000000,1.088010,128250000
frozen_erased,repeat,50,7,observable_move_roundtrip,own_old_unique_40,500000,7534098.000000,15.068196,128250000
frozen_erased,repeat,50,8,observable_move_roundtrip,std_erased_unique_40,500000,3533338.000000,7.066676,128250000
frozen_erased,repeat,50,9,create_read_destroy,std_erased_unique_40,50000,478549.000000,9.570980,16251450000
frozen_erased,repeat,50,10,create_read_destroy,own_old_unique_40,50000,1289518.000000,25.790360,16251450000
frozen_erased,repeat,50,11,create_read_destroy,std_unique_8,50000,480972.000000,9.619440,16251450000
frozen_erased,repeat,50,12,frame_draw_batch,own_old_unique_40,64,602542.000000,9414.718750,27924889600
frozen_erased,repeat,50,13,frame_draw_batch,std_erased_unique_40,64,562082.000000,8782.531250,27924889600
frozen_erased,repeat,50,14,frame_draw_batch,std_unique_8,64,559438.000000,8741.218750,27924889600
frozen_erased,repeat,50,15,synchronized_job_handoff,own_old_unique_40,2048,550044.000000,268.576172,218578944
frozen_erased,repeat,50,16,synchronized_job_handoff,std_erased_unique_40,2048,975634.000000,476.383789,218578944
frozen_erased,repeat,50,17,synchronized_job_handoff,std_unique_8,2048,928544.000000,453.390625,218578944
