round,order,case,implementation,unit,operations,elapsed_ns,ns_per_operation,checksum
0,0,weak_lock_live,own_shared,lock,100000,1513998,15.13998,2350000
0,1,localize_read_drop,own_local,group,100000,1934912,19.34912,2350000
0,2,async_queue_job_1_local_copies,std_shared,job,100,70731,707.31,2000
0,3,async_queue_job_64_borrow_reads,std_shared_then_raw_borrow,job,100,72804,728.04,150400
0,4,async_queue_job_64_local_copies,own_local,job,100,78465,784.65,150400
0,5,async_queue_job_1024_borrow_reads,std_shared_then_raw_borrow,job,100,91075,910.75,2406400
0,6,async_queue_job_1024_borrow_reads,own_shared_then_local_view,job,100,126607,1266.07,2406400
0,7,group_setup_then_1_copies,std_shared,group,100000,3445977,34.45977,2000000
0,8,localize_read_drop,std_shared,group,100000,1475891,14.75891,2350000
0,9,weak_lock_live,std_shared,lock,100000,1718007,17.18007,2350000
0,10,group_setup_then_1024_copies,std_shared,group,97,1650901,17019.5979381,2334208
0,11,group_setup_then_64_copies,std_shared,group,1562,1679240,1075.05761844,2349248
0,12,async_queue_job_64_local_copies,std_shared,job,100,232550,2325.5,150400
0,13,scene_4096_attachments,own_local,attachment,98304,151167,1.53775024414,98304
0,14,resource_lifecycle_64_assets_4096_objects,own_local,cycle,10,292304,29230.4,17203200
0,15,resource_lifecycle_64_assets_4096_objects,std_shared,cycle,10,507521,50752.1,17203200
0,16,owner_retained_borrow_parameter,own_local_view,call,100000,64287,0.64287,2350000
0,17,async_queue_job_1_borrow_reads,own_shared_then_local_view,job,100,83260,832.6,2000
0,18,share_read_drop,own_shared,handoff,100000,1120852,11.20852,2350000
0,19,contended_copy_2_workers,own_shared,copy,200000,9876813,49.384065,4700000
0,20,independent_owner_parameter,own_local,call,100000,115731,1.15731,2350000
0,21,share_read_drop,std_shared,handoff,100000,1489235,14.89235,2350000
0,22,independent_owner_parameter,own_shared,call,100000,1294069,12.94069,2350000
0,23,owner_retained_4096_parameter_borrows,own_local_view,frame,24,87006,3625.25,41287680
0,24,owner_retained_4096_draw_borrows,own_local_view,frame,24,47087,1961.95833333,41287680
0,25,group_setup_then_64_copies,own_local,group,1562,227613,145.718950064,2349248
0,26,group_setup_then_8_copies,own_local,group,12500,368170,29.4536,2350000
0,27,resettable_root_pin_1024_borrow_reads,own_shared_pin_local_view,scope,97,33261,342.896907216,2334208
0,28,async_queue_job_1024_local_copies,own_local,job,100,359813,3598.13,2406400
0,29,create_read_destroy,own_local,asset,100000,2329231,23.29231,65000400000
0,30,group_setup_then_1024_copies,own_local,group,97,106441,1097.32989691,2334208
0,31,owner_retained_4096_draw_borrows,std_raw_borrow,frame,24,50224,2092.66666667,41287680
0,32,copy_read_drop,own_shared,copy,100000,1419770,14.1977,2350000
0,33,async_queue_job_1_borrow_reads,std_shared_then_raw_borrow,job,100,58349,583.49,2000
0,34,copy_read_drop,own_local,copy,100000,124390,1.2439,2350000
0,35,independent_owner_parameter,std_shared,call,100000,1658219,16.58219,2350000
0,36,async_queue_job_1024_local_copies,std_shared,job,100,2416016,24160.16,2406400
0,37,frame_4096_draws_64_unique_leases,own_shared,frame,24,88586,3691.08333333,41287680
0,38,copy_read_drop,std_shared,copy,100000,1627096,16.27096,2350000
0,39,contended_copy_2_workers,std_shared,copy,200000,16494509,82.472545,4700000
0,40,frame_4096_draws_64_unique_leases,std_shared,frame,24,102142,4255.91666667,41287680
0,41,group_setup_then_1_copies,own_local,group,100000,2509106,25.09106,2000000
0,42,async_queue_job_64_borrow_reads,own_shared_then_local_view,job,100,53510,535.1,150400
0,43,owner_retained_borrow_copy_read,own_local_view,read,100000,29802,0.29802,2350000
0,44,scene_4096_attachments,std_shared,attachment,98304,910296,9.26000976562,98304
0,45,owner_retained_4096_parameter_borrows,std_raw_borrow,frame,24,76687,3195.29166667,41287680
0,46,resettable_root_pin_1024_borrow_reads,std_shared_pin_raw_borrow,scope,97,47213,486.731958763,2334208
0,47,group_setup_then_8_copies,std_shared,group,12500,1820124,145.60992,2350000
0,48,async_queue_job_1_local_copies,own_local,job,100,76981,769.81,2000
0,49,create_read_destroy,own_shared,asset,100000,1755854,17.55854,65000400000
0,50,weak_lock_expired,own_shared,lock,100000,65307,0.65307,0
0,51,weak_lock_expired,std_shared,lock,100000,73442,0.73442,0
0,52,owner_retained_borrow_parameter,std_raw_borrow,call,100000,61152,0.61152,2350000
0,53,create_read_destroy,std_shared,asset,100000,1176589,11.76589,65000400000
0,54,owner_retained_borrow_copy_read,std_raw_borrow,read,100000,29360,0.2936,2350000
0,55,borrow_read,raw_borrow,read,100000,34275,0.34275,2350000
1,0,resettable_root_pin_1024_borrow_reads,std_shared_pin_raw_borrow,scope,97,32573,335.804123711,2334208
1,1,group_setup_then_8_copies,std_shared,group,12500,1828934,146.31472,2350000
1,2,async_queue_job_1024_borrow_reads,std_shared_then_raw_borrow,job,100,104286,1042.86,2406400
1,3,group_setup_then_1024_copies,std_shared,group,97,1585872,16349.1958763,2334208
1,4,group_setup_then_1_copies,std_shared,group,100000,3309105,33.09105,2000000
1,5,async_queue_job_1_local_copies,own_local,job,100,73632,736.32,2000
1,6,owner_retained_4096_draw_borrows,std_raw_borrow,frame,24,48055,2002.29166667,41287680
1,7,copy_read_drop,std_shared,copy,100000,1641031,16.41031,2350000
1,8,localize_read_drop,own_local,group,100000,1776135,17.76135,2350000
1,9,create_read_destroy,own_shared,asset,100000,1786261,17.86261,65000400000
1,10,group_setup_then_8_copies,own_local,group,12500,384724,30.77792,2350000
1,11,owner_retained_4096_parameter_borrows,std_raw_borrow,frame,24,91014,3792.25,41287680
1,12,share_read_drop,own_shared,handoff,100000,1122915,11.22915,2350000
1,13,copy_read_drop,own_shared,copy,100000,1303679,13.03679,2350000
1,14,frame_4096_draws_64_unique_leases,own_shared,frame,24,91231,3801.29166667,41287680
1,15,group_setup_then_1024_copies,own_local,group,97,107624,1109.5257732,2334208
1,16,frame_4096_draws_64_unique_leases,std_shared,frame,24,84153,3506.375,41287680
1,17,group_setup_then_1_copies,own_local,group,100000,2511819,25.11819,2000000
1,18,async_queue_job_1024_local_copies,std_shared,job,100,2409157,24091.57,2406400
1,19,weak_lock_expired,std_shared,lock,100000,77032,0.77032,0
1,20,scene_4096_attachments,std_shared,attachment,98304,950877,9.67282104492,98304
1,21,resettable_root_pin_1024_borrow_reads,own_shared_pin_local_view,scope,97,33255,342.835051546,2334208
1,22,async_queue_job_1024_borrow_reads,own_shared_then_local_view,job,100,190702,1907.02,2406400
1,23,borrow_read,raw_borrow,read,100000,35281,0.35281,2350000
1,24,independent_owner_parameter,std_shared,call,100000,1631934,16.31934,2350000
1,25,contended_copy_2_workers,own_shared,copy,200000,5433800,27.169,4700000
1,26,contended_copy_2_workers,std_shared,copy,200000,14294869,71.474345,4700000
1,27,group_setup_then_64_copies,std_shared,group,1562,1691282,1082.76696543,2349248
1,28,create_read_destroy,std_shared,asset,100000,1222954,12.22954,65000400000
1,29,independent_owner_parameter,own_shared,call,100000,1389998,13.89998,2350000
1,30,async_queue_job_1_local_copies,std_shared,job,100,63788,637.88,2000
1,31,independent_owner_parameter,own_local,call,100000,115822,1.15822,2350000
1,32,owner_retained_borrow_copy_read,std_raw_borrow,read,100000,30611,0.30611,2350000
1,33,owner_retained_borrow_parameter,own_local_view,call,100000,67129,0.67129,2350000
1,34,weak_lock_live,own_shared,lock,100000,1528534,15.28534,2350000
1,35,create_read_destroy,own_local,asset,100000,2329417,23.29417,65000400000
1,36,resource_lifecycle_64_assets_4096_objects,std_shared,cycle,10,532032,53203.2,17203200
1,37,async_queue_job_1_borrow_reads,own_shared_then_local_view,job,100,68194,681.94,2000
1,38,weak_lock_live,std_shared,lock,100000,1690034,16.90034,2350000
1,39,async_queue_job_64_local_copies,std_shared,job,100,299801,2998.01,150400
1,40,localize_read_drop,std_shared,group,100000,1464742,14.64742,2350000
1,41,copy_read_drop,own_local,copy,100000,108729,1.08729,2350000
1,42,scene_4096_attachments,own_local,attachment,98304,136145,1.38493855794,98304
1,43,owner_retained_4096_parameter_borrows,own_local_view,frame,24,88257,3677.375,41287680
1,44,async_queue_job_64_borrow_reads,own_shared_then_local_view,job,100,56037,560.37,150400
1,45,async_queue_job_1024_local_copies,own_local,job,100,285390,2853.9,2406400
1,46,async_queue_job_64_borrow_reads,std_shared_then_raw_borrow,job,100,70597,705.97,150400
1,47,share_read_drop,std_shared,handoff,100000,1511295,15.11295,2350000
1,48,async_queue_job_1_borrow_reads,std_shared_then_raw_borrow,job,100,52948,529.48,2000
1,49,async_queue_job_64_local_copies,own_local,job,100,71827,718.27,150400
1,50,weak_lock_expired,own_shared,lock,100000,68600,0.686,0
1,51,owner_retained_borrow_copy_read,own_local_view,read,100000,31619,0.31619,2350000
1,52,resource_lifecycle_64_assets_4096_objects,own_local,cycle,10,224478,22447.8,17203200
1,53,owner_retained_borrow_parameter,std_raw_borrow,call,100000,59955,0.59955,2350000
1,54,group_setup_then_64_copies,own_local,group,1562,447213,286.30793854,2349248
1,55,owner_retained_4096_draw_borrows,own_local_view,frame,24,58840,2451.66666667,41287680
2,0,async_queue_job_1024_borrow_reads,own_shared_then_local_view,job,100,136713,1367.13,2406400
2,1,create_read_destroy,own_local,asset,100000,2374426,23.74426,65000400000
2,2,independent_owner_parameter,own_shared,call,100000,1309760,13.0976,2350000
2,3,copy_read_drop,own_local,copy,100000,105829,1.05829,2350000
2,4,group_setup_then_1_copies,own_local,group,100000,2589884,25.89884,2000000
2,5,owner_retained_borrow_copy_read,own_local_view,read,100000,51354,0.51354,2350000
2,6,resettable_root_pin_1024_borrow_reads,std_shared_pin_raw_borrow,scope,97,33440,344.742268041,2334208
2,7,localize_read_drop,std_shared,group,100000,1474895,14.74895,2350000
2,8,copy_read_drop,own_shared,copy,100000,1311851,13.11851,2350000
2,9,owner_retained_borrow_parameter,std_raw_borrow,call,100000,60040,0.6004,2350000
2,10,copy_read_drop,std_shared,copy,100000,1668417,16.68417,2350000
2,11,owner_retained_4096_draw_borrows,std_raw_borrow,frame,24,49105,2046.04166667,41287680
2,12,create_read_destroy,own_shared,asset,100000,1769561,17.69561,65000400000
2,13,scene_4096_attachments,std_shared,attachment,98304,935918,9.52065022786,98304
2,14,independent_owner_parameter,std_shared,call,100000,1604956,16.04956,2350000
2,15,async_queue_job_1024_local_copies,std_shared,job,100,2414491,24144.91,2406400
2,16,owner_retained_4096_parameter_borrows,own_local_view,frame,24,89678,3736.58333333,41287680
2,17,weak_lock_live,own_shared,lock,100000,1477243,14.77243,2350000
2,18,contended_copy_2_workers,own_shared,copy,200000,10062160,50.3108,4700000
2,19,owner_retained_4096_draw_borrows,own_local_view,frame,24,47063,1960.95833333,41287680
2,20,borrow_read,raw_borrow,read,100000,35309,0.35309,2350000
2,21,async_queue_job_64_borrow_reads,own_shared_then_local_view,job,100,80416,804.16,150400
2,22,async_queue_job_1_local_copies,own_local,job,100,34364,343.64,2000
2,23,group_setup_then_1024_copies,std_shared,group,97,1642201,16929.9072165,2334208
2,24,async_queue_job_64_local_copies,std_shared,job,100,354783,3547.83,150400
2,25,group_setup_then_64_copies,own_local,group,1562,177801,113.829065301,2349248
2,26,frame_4096_draws_64_unique_leases,std_shared,frame,24,89078,3711.58333333,41287680
2,27,weak_lock_expired,own_shared,lock,100000,68546,0.68546,0
2,28,async_queue_job_1024_local_copies,own_local,job,100,379733,3797.33,2406400
2,29,weak_lock_live,std_shared,lock,100000,1759233,17.59233,2350000
2,30,share_read_drop,std_shared,handoff,100000,1485934,14.85934,2350000
2,31,create_read_destroy,std_shared,asset,100000,1161740,11.6174,65000400000
2,32,scene_4096_attachments,own_local,attachment,98304,143474,1.4594930013,98304
2,33,contended_copy_2_workers,std_shared,copy,200000,17869612,89.34806,4700000
2,34,frame_4096_draws_64_unique_leases,own_shared,frame,24,98806,4116.91666667,41287680
2,35,async_queue_job_1024_borrow_reads,std_shared_then_raw_borrow,job,100,123358,1233.58,2406400
2,36,async_queue_job_1_borrow_reads,own_shared_then_local_view,job,100,51182,511.82,2000
2,37,owner_retained_borrow_copy_read,std_raw_borrow,read,100000,30303,0.30303,2350000
2,38,owner_retained_4096_parameter_borrows,std_raw_borrow,frame,24,78421,3267.54166667,41287680
2,39,owner_retained_borrow_parameter,own_local_view,call,100000,64248,0.64248,2350000
2,40,group_setup_then_8_copies,own_local,group,12500,374044,29.92352,2350000
2,41,resettable_root_pin_1024_borrow_reads,own_shared_pin_local_view,scope,97,33476,345.113402062,2334208
2,42,independent_owner_parameter,own_local,call,100000,115606,1.15606,2350000
2,43,async_queue_job_1_local_copies,std_shared,job,100,71911,719.11,2000
2,44,group_setup_then_8_copies,std_shared,group,12500,1866222,149.29776,2350000
2,45,share_read_drop,own_shared,handoff,100000,1133490,11.3349,2350000
2,46,async_queue_job_1_borrow_reads,std_shared_then_raw_borrow,job,100,60779,607.79,2000
2,47,async_queue_job_64_borrow_reads,std_shared_then_raw_borrow,job,100,80471,804.71,150400
2,48,resource_lifecycle_64_assets_4096_objects,own_local,cycle,10,231381,23138.1,17203200
2,49,resource_lifecycle_64_assets_4096_objects,std_shared,cycle,10,508940,50894,17203200
2,50,async_queue_job_64_local_copies,own_local,job,100,104443,1044.43,150400
2,51,group_setup_then_1024_copies,own_local,group,97,112784,1162.72164948,2334208
2,52,group_setup_then_1_copies,std_shared,group,100000,3322414,33.22414,2000000
2,53,weak_lock_expired,std_shared,lock,100000,77131,0.77131,0
2,54,group_setup_then_64_copies,std_shared,group,1562,1638773,1049.15044814,2349248
2,55,localize_read_drop,own_local,group,100000,1807027,18.07027,2350000
3,0,async_queue_job_1_local_copies,own_local,job,100,56089,560.89,2000
3,1,frame_4096_draws_64_unique_leases,own_shared,frame,24,88301,3679.20833333,41287680
3,2,frame_4096_draws_64_unique_leases,std_shared,frame,24,86925,3621.875,41287680
3,3,share_read_drop,std_shared,handoff,100000,1472352,14.72352,2350000
3,4,owner_retained_borrow_copy_read,std_raw_borrow,read,100000,30159,0.30159,2350000
3,5,group_setup_then_8_copies,std_shared,group,12500,1889576,151.16608,2350000
3,6,resettable_root_pin_1024_borrow_reads,std_shared_pin_raw_borrow,scope,97,33448,344.824742268,2334208
3,7,create_read_destroy,own_shared,asset,100000,1771193,17.71193,65000400000
3,8,async_queue_job_1_local_copies,std_shared,job,100,61344,613.44,2000
3,9,copy_read_drop,own_local,copy,100000,105948,1.05948,2350000
3,10,async_queue_job_1_borrow_reads,std_shared_then_raw_borrow,job,100,46673,466.73,2000
3,11,create_read_destroy,own_local,asset,100000,2357498,23.57498,65000400000
3,12,weak_lock_live,std_shared,lock,100000,1669913,16.69913,2350000
3,13,group_setup_then_64_copies,std_shared,group,1562,1690551,1082.29897567,2349248
3,14,async_queue_job_1024_local_copies,std_shared,job,100,2372367,23723.67,2406400
3,15,independent_owner_parameter,own_shared,call,100000,1330101,13.30101,2350000
3,16,weak_lock_live,own_shared,lock,100000,1496227,14.96227,2350000
3,17,async_queue_job_64_local_copies,std_shared,job,100,334868,3348.68,150400
3,18,contended_copy_2_workers,own_shared,copy,200000,9575268,47.87634,4700000
3,19,async_queue_job_1024_local_copies,own_local,job,100,432679,4326.79,2406400
3,20,owner_retained_borrow_parameter,std_raw_borrow,call,100000,72770,0.7277,2350000
3,21,owner_retained_4096_draw_borrows,own_local_view,frame,24,48466,2019.41666667,41287680
3,22,group_setup_then_1_copies,std_shared,group,100000,3302366,33.02366,2000000
3,23,owner_retained_borrow_copy_read,own_local_view,read,100000,32260,0.3226,2350000
3,24,async_queue_job_1024_borrow_reads,std_shared_then_raw_borrow,job,100,115052,1150.52,2406400
3,25,resource_lifecycle_64_assets_4096_objects,std_shared,cycle,10,541679,54167.9,17203200
3,26,group_setup_then_1024_copies,std_shared,group,97,1625057,16753.1649485,2334208
3,27,borrow_read,raw_borrow,read,100000,35018,0.35018,2350000
3,28,share_read_drop,own_shared,handoff,100000,1116101,11.16101,2350000
3,29,independent_owner_parameter,std_shared,call,100000,1671769,16.71769,2350000
3,30,owner_retained_4096_parameter_borrows,std_raw_borrow,frame,24,77777,3240.70833333,41287680
3,31,localize_read_drop,std_shared,group,100000,1468049,14.68049,2350000
3,32,copy_read_drop,own_shared,copy,100000,1296974,12.96974,2350000
3,33,owner_retained_4096_parameter_borrows,own_local_view,frame,24,76212,3175.5,41287680
3,34,async_queue_job_64_borrow_reads,std_shared_then_raw_borrow,job,100,49479,494.79,150400
3,35,independent_owner_parameter,own_local,call,100000,115740,1.1574,2350000
3,36,create_read_destroy,std_shared,asset,100000,1236709,12.36709,65000400000
3,37,contended_copy_2_workers,std_shared,copy,200000,18529159,92.645795,4700000
3,38,group_setup_then_64_copies,own_local,group,1562,156026,99.8886043534,2349248
3,39,group_setup_then_8_copies,own_local,group,12500,555470,44.4376,2350000
3,40,async_queue_job_64_borrow_reads,own_shared_then_local_view,job,100,68758,687.58,150400
3,41,owner_retained_borrow_parameter,own_local_view,call,100000,60011,0.60011,2350000
3,42,scene_4096_attachments,own_local,attachment,98304,135203,1.37535603841,98304
3,43,async_queue_job_1024_borrow_reads,own_shared_then_local_view,job,100,101934,1019.34,2406400
3,44,copy_read_drop,std_shared,copy,100000,1644677,16.44677,2350000
3,45,scene_4096_attachments,std_shared,attachment,98304,938293,9.54480997721,98304
3,46,async_queue_job_64_local_copies,own_local,job,100,68133,681.33,150400
3,47,localize_read_drop,own_local,group,100000,1864729,18.64729,2350000
3,48,weak_lock_expired,own_shared,lock,100000,68536,0.68536,0
3,49,async_queue_job_1_borrow_reads,own_shared_then_local_view,job,100,61498,614.98,2000
3,50,owner_retained_4096_draw_borrows,std_raw_borrow,frame,24,49031,2042.95833333,41287680
3,51,resource_lifecycle_64_assets_4096_objects,own_local,cycle,10,230176,23017.6,17203200
3,52,resettable_root_pin_1024_borrow_reads,own_shared_pin_local_view,scope,97,33329,343.597938144,2334208
3,53,group_setup_then_1024_copies,own_local,group,97,126534,1304.4742268,2334208
3,54,group_setup_then_1_copies,own_local,group,100000,2606672,26.06672,2000000
3,55,weak_lock_expired,std_shared,lock,100000,77209,0.77209,0
4,0,scene_4096_attachments,std_shared,attachment,98304,937240,9.53409830729,98304
4,1,resettable_root_pin_1024_borrow_reads,std_shared_pin_raw_borrow,scope,97,33516,345.525773196,2334208
4,2,owner_retained_4096_parameter_borrows,std_raw_borrow,frame,24,77452,3227.16666667,41287680
4,3,owner_retained_4096_draw_borrows,own_local_view,frame,24,47639,1984.95833333,41287680
4,4,weak_lock_expired,own_shared,lock,100000,68586,0.68586,0
4,5,resource_lifecycle_64_assets_4096_objects,std_shared,cycle,10,520226,52022.6,17203200
4,6,copy_read_drop,own_local,copy,100000,105526,1.05526,2350000
4,7,borrow_read,raw_borrow,read,100000,34964,0.34964,2350000
4,8,async_queue_job_64_local_copies,std_shared,job,100,298276,2982.76,150400
4,9,copy_read_drop,own_shared,copy,100000,1312782,13.12782,2350000
4,10,weak_lock_live,own_shared,lock,100000,1739956,17.39956,2350000
4,11,async_queue_job_1024_borrow_reads,std_shared_then_raw_borrow,job,100,102708,1027.08,2406400
4,12,frame_4096_draws_64_unique_leases,std_shared,frame,24,85095,3545.625,41287680
4,13,async_queue_job_1_local_copies,own_local,job,100,61300,613,2000
4,14,async_queue_job_1_borrow_reads,own_shared_then_local_view,job,100,52008,520.08,2000
4,15,weak_lock_live,std_shared,lock,100000,1718049,17.18049,2350000
4,16,async_queue_job_1024_local_copies,std_shared,job,100,2308718,23087.18,2406400
4,17,independent_owner_parameter,std_shared,call,100000,1654325,16.54325,2350000
4,18,group_setup_then_1_copies,std_shared,group,100000,3345175,33.45175,2000000
4,19,copy_read_drop,std_shared,copy,100000,1670034,16.70034,2350000
4,20,scene_4096_attachments,own_local,attachment,98304,134150,1.36464436849,98304
4,21,contended_copy_2_workers,own_shared,copy,200000,5242153,26.210765,4700000
4,22,create_read_destroy,own_local,asset,100000,2305310,23.0531,65000400000
4,23,async_queue_job_64_borrow_reads,own_shared_then_local_view,job,100,74197,741.97,150400
4,24,async_queue_job_64_local_copies,own_local,job,100,74516,745.16,150400
4,25,resettable_root_pin_1024_borrow_reads,own_shared_pin_local_view,scope,97,33467,345.020618557,2334208
4,26,owner_retained_borrow_copy_read,std_raw_borrow,read,100000,30194,0.30194,2350000
4,27,owner_retained_4096_draw_borrows,std_raw_borrow,frame,24,48135,2005.625,41287680
4,28,owner_retained_borrow_copy_read,own_local_view,read,100000,32205,0.32205,2350000
4,29,owner_retained_borrow_parameter,own_local_view,call,100000,61724,0.61724,2350000
4,30,async_queue_job_64_borrow_reads,std_shared_then_raw_borrow,job,100,70167,701.67,150400
4,31,group_setup_then_64_copies,std_shared,group,1562,1687517,1080.35659411,2349248
4,32,owner_retained_borrow_parameter,std_raw_borrow,call,100000,61708,0.61708,2350000
4,33,independent_owner_parameter,own_shared,call,100000,1340286,13.40286,2350000
4,34,group_setup_then_1_copies,own_local,group,100000,2520706,25.20706,2000000
4,35,independent_owner_parameter,own_local,call,100000,116199,1.16199,2350000
4,36,weak_lock_expired,std_shared,lock,100000,77126,0.77126,0
4,37,group_setup_then_8_copies,own_local,group,12500,378050,30.244,2350000
4,38,frame_4096_draws_64_unique_leases,own_shared,frame,24,86366,3598.58333333,41287680
4,39,group_setup_then_8_copies,std_shared,group,12500,1891785,151.3428,2350000
4,40,owner_retained_4096_parameter_borrows,own_local_view,frame,24,76926,3205.25,41287680
4,41,share_read_drop,std_shared,handoff,100000,1484058,14.84058,2350000
4,42,localize_read_drop,std_shared,group,100000,1483064,14.83064,2350000
4,43,async_queue_job_1_borrow_reads,std_shared_then_raw_borrow,job,100,57353,573.53,2000
4,44,resource_lifecycle_64_assets_4096_objects,own_local,cycle,10,227349,22734.9,17203200
4,45,contended_copy_2_workers,std_shared,copy,200000,11104655,55.523275,4700000
4,46,create_read_destroy,std_shared,asset,100000,1199210,11.9921,65000400000
4,47,async_queue_job_1024_borrow_reads,own_shared_then_local_view,job,100,135812,1358.12,2406400
4,48,group_setup_then_64_copies,own_local,group,1562,153345,98.1722151088,2349248
4,49,create_read_destroy,own_shared,asset,100000,1771525,17.71525,65000400000
4,50,share_read_drop,own_shared,handoff,100000,1119839,11.19839,2350000
4,51,group_setup_then_1024_copies,std_shared,group,97,1645865,16967.6804124,2334208
4,52,async_queue_job_1024_local_copies,own_local,job,100,375189,3751.89,2406400
4,53,group_setup_then_1024_copies,own_local,group,97,111760,1152.16494845,2334208
4,54,localize_read_drop,own_local,group,100000,1833221,18.33221,2350000
4,55,async_queue_job_1_local_copies,std_shared,job,100,69706,697.06,2000
5,0,localize_read_drop,own_local,group,100000,1823712,18.23712,2350000
5,1,async_queue_job_1024_local_copies,own_local,job,100,329623,3296.23,2406400
5,2,share_read_drop,std_shared,handoff,100000,1491487,14.91487,2350000
5,3,share_read_drop,own_shared,handoff,100000,1131328,11.31328,2350000
5,4,async_queue_job_64_borrow_reads,own_shared_then_local_view,job,100,66942,669.42,150400
5,5,resource_lifecycle_64_assets_4096_objects,own_local,cycle,10,225446,22544.6,17203200
5,6,contended_copy_2_workers,std_shared,copy,200000,19724496,98.62248,4700000
5,7,borrow_read,raw_borrow,read,100000,35358,0.35358,2350000
5,8,group_setup_then_64_copies,own_local,group,1562,163912,104.937259923,2349248
5,9,independent_owner_parameter,own_shared,call,100000,1312565,13.12565,2350000
5,10,async_queue_job_64_borrow_reads,std_shared_then_raw_borrow,job,100,56015,560.15,150400
5,11,copy_read_drop,std_shared,copy,100000,1646372,16.46372,2350000
5,12,async_queue_job_1024_local_copies,std_shared,job,100,2302961,23029.61,2406400
5,13,group_setup_then_64_copies,std_shared,group,1562,1686652,1079.8028169,2349248
5,14,owner_retained_borrow_parameter,own_local_view,call,100000,62964,0.62964,2350000
5,15,resettable_root_pin_1024_borrow_reads,own_shared_pin_local_view,scope,97,33597,346.360824742,2334208
5,16,create_read_destroy,own_shared,asset,100000,1765527,17.65527,65000400000
5,17,copy_read_drop,own_shared,copy,100000,1313569,13.13569,2350000
5,18,async_queue_job_1_local_copies,std_shared,job,100,75434,754.34,2000
5,19,copy_read_drop,own_local,copy,100000,106142,1.06142,2350000
5,20,async_queue_job_1_borrow_reads,own_shared_then_local_view,job,100,57578,575.78,2000
5,21,resettable_root_pin_1024_borrow_reads,std_shared_pin_raw_borrow,scope,97,32386,333.87628866,2334208
5,22,async_queue_job_1024_borrow_reads,own_shared_then_local_view,job,100,103982,1039.82,2406400
5,23,weak_lock_expired,own_shared,lock,100000,68721,0.68721,0
5,24,owner_retained_4096_draw_borrows,own_local_view,frame,24,48055,2002.29166667,41287680
5,25,resource_lifecycle_64_assets_4096_objects,std_shared,cycle,10,532064,53206.4,17203200
5,26,owner_retained_4096_draw_borrows,std_raw_borrow,frame,24,47788,1991.16666667,41287680
5,27,owner_retained_borrow_copy_read,std_raw_borrow,read,100000,30028,0.30028,2350000
5,28,owner_retained_4096_parameter_borrows,std_raw_borrow,frame,24,76037,3168.20833333,41287680
5,29,weak_lock_expired,std_shared,lock,100000,77067,0.77067,0
5,30,group_setup_then_8_copies,std_shared,group,12500,1858347,148.66776,2350000
5,31,group_setup_then_1_copies,own_local,group,100000,2499520,24.9952,2000000
5,32,group_setup_then_1024_copies,own_local,group,97,120464,1241.89690722,2334208
5,33,async_queue_job_1024_borrow_reads,std_shared_then_raw_borrow,job,100,142362,1423.62,2406400
5,34,scene_4096_attachments,std_shared,attachment,98304,941606,9.57851155599,98304
5,35,frame_4096_draws_64_unique_leases,std_shared,frame,24,83016,3459,41287680
5,36,async_queue_job_64_local_copies,own_local,job,100,91810,918.1,150400
5,37,weak_lock_live,std_shared,lock,100000,1664304,16.64304,2350000
5,38,owner_retained_4096_parameter_borrows,own_local_view,frame,24,93140,3880.83333333,41287680
5,39,async_queue_job_64_local_copies,std_shared,job,100,333438,3334.38,150400
5,40,weak_lock_live,own_shared,lock,100000,1514487,15.14487,2350000
5,41,frame_4096_draws_64_unique_leases,own_shared,frame,24,86671,3611.29166667,41287680
5,42,owner_retained_borrow_parameter,std_raw_borrow,call,100000,60013,0.60013,2350000
5,43,owner_retained_borrow_copy_read,own_local_view,read,100000,32156,0.32156,2350000
5,44,async_queue_job_1_borrow_reads,std_shared_then_raw_borrow,job,100,64923,649.23,2000
5,45,group_setup_then_8_copies,own_local,group,12500,402566,32.20528,2350000
5,46,scene_4096_attachments,own_local,attachment,98304,131698,1.33970133464,98304
5,47,contended_copy_2_workers,own_shared,copy,200000,9581170,47.90585,4700000
5,48,create_read_destroy,own_local,asset,100000,2306595,23.06595,65000400000
5,49,independent_owner_parameter,own_local,call,100000,115874,1.15874,2350000
5,50,localize_read_drop,std_shared,group,100000,1477522,14.77522,2350000
5,51,async_queue_job_1_local_copies,own_local,job,100,66852,668.52,2000
5,52,independent_owner_parameter,std_shared,call,100000,1647984,16.47984,2350000
5,53,group_setup_then_1_copies,std_shared,group,100000,3334351,33.34351,2000000
5,54,create_read_destroy,std_shared,asset,100000,1154432,11.54432,65000400000
5,55,group_setup_then_1024_copies,std_shared,group,97,1640001,16907.2268041,2334208
6,0,async_queue_job_64_borrow_reads,own_shared_then_local_view,job,100,53825,538.25,150400
6,1,async_queue_job_64_local_copies,own_local,job,100,59806,598.06,150400
6,2,weak_lock_expired,own_shared,lock,100000,84457,0.84457,0
6,3,frame_4096_draws_64_unique_leases,std_shared,frame,24,85889,3578.70833333,41287680
6,4,async_queue_job_1024_local_copies,own_local,job,100,293992,2939.92,2406400
6,5,create_read_destroy,std_shared,asset,100000,1169614,11.69614,65000400000
6,6,weak_lock_live,own_shared,lock,100000,1486556,14.86556,2350000
6,7,frame_4096_draws_64_unique_leases,own_shared,frame,24,86240,3593.33333333,41287680
6,8,independent_owner_parameter,own_local,call,100000,115305,1.15305,2350000
6,9,async_queue_job_1_borrow_reads,own_shared_then_local_view,job,100,94194,941.94,2000
6,10,weak_lock_live,std_shared,lock,100000,1686483,16.86483,2350000
6,11,copy_read_drop,own_local,copy,100000,105223,1.05223,2350000
6,12,async_queue_job_64_borrow_reads,std_shared_then_raw_borrow,job,100,61547,615.47,150400
6,13,async_queue_job_1_local_copies,own_local,job,100,67004,670.04,2000
6,14,localize_read_drop,std_shared,group,100000,1457855,14.57855,2350000
6,15,weak_lock_expired,std_shared,lock,100000,77185,0.77185,0
6,16,create_read_destroy,own_shared,asset,100000,1779284,17.79284,65000400000
6,17,scene_4096_attachments,own_local,attachment,98304,132351,1.34634399414,98304
6,18,owner_retained_borrow_parameter,own_local_view,call,100000,64290,0.6429,2350000
6,19,group_setup_then_8_copies,std_shared,group,12500,1861265,148.9012,2350000
6,20,independent_owner_parameter,own_shared,call,100000,1322704,13.22704,2350000
6,21,group_setup_then_64_copies,own_local,group,1562,272929,174.730473752,2349248
6,22,async_queue_job_1_borrow_reads,std_shared_then_raw_borrow,job,100,48350,483.5,2000
6,23,async_queue_job_1024_borrow_reads,std_shared_then_raw_borrow,job,100,115496,1154.96,2406400
6,24,group_setup_then_1_copies,own_local,group,100000,3003059,30.03059,2000000
6,25,resource_lifecycle_64_assets_4096_objects,own_local,cycle,10,223425,22342.5,17203200
6,26,group_setup_then_1024_copies,own_local,group,97,147479,1520.40206186,2334208
6,27,owner_retained_4096_parameter_borrows,std_raw_borrow,frame,24,77596,3233.16666667,41287680
6,28,share_read_drop,own_shared,handoff,100000,1188261,11.88261,2350000
6,29,owner_retained_borrow_copy_read,own_local_view,read,100000,32297,0.32297,2350000
6,30,contended_copy_2_workers,own_shared,copy,200000,10403558,52.01779,4700000
6,31,localize_read_drop,own_local,group,100000,1810884,18.10884,2350000
6,32,owner_retained_4096_parameter_borrows,own_local_view,frame,24,77231,3217.95833333,41287680
6,33,owner_retained_borrow_parameter,std_raw_borrow,call,100000,64318,0.64318,2350000
6,34,owner_retained_4096_draw_borrows,own_local_view,frame,24,46927,1955.29166667,41287680
6,35,share_read_drop,std_shared,handoff,100000,1500993,15.00993,2350000
6,36,async_queue_job_64_local_copies,std_shared,job,100,276505,2765.05,150400
6,37,group_setup_then_64_copies,std_shared,group,1562,1708920,1094.05889885,2349248
6,38,borrow_read,raw_borrow,read,100000,35063,0.35063,2350000
6,39,scene_4096_attachments,std_shared,attachment,98304,946734,9.63067626953,98304
6,40,async_queue_job_1_local_copies,std_shared,job,100,80290,802.9,2000
6,41,async_queue_job_1024_local_copies,std_shared,job,100,2393625,23936.25,2406400
6,42,resettable_root_pin_1024_borrow_reads,std_shared_pin_raw_borrow,scope,97,33488,345.237113402,2334208
6,43,resource_lifecycle_64_assets_4096_objects,std_shared,cycle,10,514041,51404.1,17203200
6,44,independent_owner_parameter,std_shared,call,100000,1638369,16.38369,2350000
6,45,create_read_destroy,own_local,asset,100000,2332662,23.32662,65000400000
6,46,contended_copy_2_workers,std_shared,copy,200000,20411513,102.057565,4700000
6,47,copy_read_drop,std_shared,copy,100000,1643330,16.4333,2350000
6,48,resettable_root_pin_1024_borrow_reads,own_shared_pin_local_view,scope,97,33667,347.082474227,2334208
6,49,group_setup_then_8_copies,own_local,group,12500,377242,30.17936,2350000
6,50,async_queue_job_1024_borrow_reads,own_shared_then_local_view,job,100,124108,1241.08,2406400
6,51,owner_retained_4096_draw_borrows,std_raw_borrow,frame,24,48205,2008.54166667,41287680
6,52,owner_retained_borrow_copy_read,std_raw_borrow,read,100000,30408,0.30408,2350000
6,53,group_setup_then_1024_copies,std_shared,group,97,1650676,17017.2783505,2334208
6,54,group_setup_then_1_copies,std_shared,group,100000,3323134,33.23134,2000000
6,55,copy_read_drop,own_shared,copy,100000,1306675,13.06675,2350000
7,0,resource_lifecycle_64_assets_4096_objects,own_local,cycle,10,223778,22377.8,17203200
7,1,share_read_drop,std_shared,handoff,100000,1513017,15.13017,2350000
7,2,owner_retained_4096_draw_borrows,own_local_view,frame,24,63257,2635.70833333,41287680
7,3,weak_lock_expired,std_shared,lock,100000,77228,0.77228,0
7,4,async_queue_job_1_borrow_reads,own_shared_then_local_view,job,100,47936,479.36,2000
7,5,async_queue_job_1024_local_copies,std_shared,job,100,2382139,23821.39,2406400
7,6,resource_lifecycle_64_assets_4096_objects,std_shared,cycle,10,499542,49954.2,17203200
7,7,frame_4096_draws_64_unique_leases,own_shared,frame,24,86439,3601.625,41287680
7,8,group_setup_then_1024_copies,std_shared,group,97,1652683,17037.9690722,2334208
7,9,weak_lock_live,own_shared,lock,100000,1488550,14.8855,2350000
7,10,resettable_root_pin_1024_borrow_reads,std_shared_pin_raw_borrow,scope,97,33335,343.659793814,2334208
7,11,copy_read_drop,own_local,copy,100000,106736,1.06736,2350000
7,12,async_queue_job_1_borrow_reads,std_shared_then_raw_borrow,job,100,75183,751.83,2000
7,13,share_read_drop,own_shared,handoff,100000,1213760,12.1376,2350000
7,14,group_setup_then_64_copies,std_shared,group,1562,2693389,1724.32074264,2349248
7,15,group_setup_then_1_copies,std_shared,group,100000,3410436,34.10436,2000000
7,16,resettable_root_pin_1024_borrow_reads,own_shared_pin_local_view,scope,97,33571,346.092783505,2334208
7,17,create_read_destroy,own_local,asset,100000,2308985,23.08985,65000400000
7,18,independent_owner_parameter,own_shared,call,100000,1313703,13.13703,2350000
7,19,async_queue_job_64_borrow_reads,own_shared_then_local_view,job,100,71430,714.3,150400
7,20,independent_owner_parameter,own_local,call,100000,123577,1.23577,2350000
7,21,independent_owner_parameter,std_shared,call,100000,1651790,16.5179,2350000
7,22,group_setup_then_8_copies,own_local,group,12500,392622,31.40976,2350000
7,23,localize_read_drop,own_local,group,100000,1787534,17.87534,2350000
7,24,group_setup_then_8_copies,std_shared,group,12500,1852992,148.23936,2350000
7,25,async_queue_job_1_local_copies,std_shared,job,100,79349,793.49,2000
7,26,group_setup_then_1_copies,own_local,group,100000,2558400,25.584,2000000
7,27,localize_read_drop,std_shared,group,100000,1469141,14.69141,2350000
7,28,create_read_destroy,std_shared,asset,100000,1191378,11.91378,65000400000
7,29,owner_retained_borrow_parameter,std_raw_borrow,call,100000,61662,0.61662,2350000
7,30,owner_retained_4096_parameter_borrows,std_raw_borrow,frame,24,76974,3207.25,41287680
7,31,async_queue_job_64_borrow_reads,std_shared_then_raw_borrow,job,100,65488,654.88,150400
7,32,async_queue_job_1024_local_copies,own_local,job,100,225827,2258.27,2406400
7,33,owner_retained_borrow_copy_read,own_local_view,read,100000,30154,0.30154,2350000
7,34,borrow_read,raw_borrow,read,100000,45714,0.45714,2350000
7,35,async_queue_job_1024_borrow_reads,own_shared_then_local_view,job,100,128672,1286.72,2406400
7,36,owner_retained_4096_draw_borrows,std_raw_borrow,frame,24,62855,2618.95833333,41287680
7,37,scene_4096_attachments,std_shared,attachment,98304,944800,9.61100260417,98304
7,38,group_setup_then_1024_copies,own_local,group,97,119019,1227,2334208
7,39,scene_4096_attachments,own_local,attachment,98304,132905,1.35197957357,98304
7,40,owner_retained_4096_parameter_borrows,own_local_view,frame,24,76795,3199.79166667,41287680
7,41,async_queue_job_1_local_copies,own_local,job,100,54283,542.83,2000
7,42,group_setup_then_64_copies,own_local,group,1562,198546,127.110115237,2349248
7,43,contended_copy_2_workers,std_shared,copy,200000,20290466,101.45233,4700000
7,44,copy_read_drop,std_shared,copy,100000,1646523,16.46523,2350000
7,45,async_queue_job_64_local_copies,own_local,job,100,70450,704.5,150400
7,46,async_queue_job_64_local_copies,std_shared,job,100,399666,3996.66,150400
7,47,owner_retained_borrow_parameter,own_local_view,call,100000,64288,0.64288,2350000
7,48,owner_retained_borrow_copy_read,std_raw_borrow,read,100000,30556,0.30556,2350000
7,49,copy_read_drop,own_shared,copy,100000,1293259,12.93259,2350000
7,50,create_read_destroy,own_shared,asset,100000,1788435,17.88435,65000400000
7,51,contended_copy_2_workers,own_shared,copy,200000,9106482,45.53241,4700000
7,52,weak_lock_expired,own_shared,lock,100000,68623,0.68623,0
7,53,weak_lock_live,std_shared,lock,100000,1668122,16.68122,2350000
7,54,async_queue_job_1024_borrow_reads,std_shared_then_raw_borrow,job,100,127214,1272.14,2406400
7,55,frame_4096_draws_64_unique_leases,std_shared,frame,24,84162,3506.75,41287680
8,0,share_read_drop,std_shared,handoff,100000,1485812,14.85812,2350000
8,1,localize_read_drop,std_shared,group,100000,1469275,14.69275,2350000
8,2,async_queue_job_1_local_copies,own_local,job,100,69042,690.42,2000
8,3,async_queue_job_1_borrow_reads,std_shared_then_raw_borrow,job,100,62969,629.69,2000
8,4,contended_copy_2_workers,std_shared,copy,200000,20011333,100.056665,4700000
8,5,resettable_root_pin_1024_borrow_reads,own_shared_pin_local_view,scope,97,33340,343.711340206,2334208
8,6,async_queue_job_1_borrow_reads,own_shared_then_local_view,job,100,60483,604.83,2000
8,7,owner_retained_borrow_copy_read,std_raw_borrow,read,100000,30122,0.30122,2350000
8,8,group_setup_then_64_copies,own_local,group,1562,381728,244.384122919,2349248
8,9,frame_4096_draws_64_unique_leases,own_shared,frame,24,85283,3553.45833333,41287680
8,10,group_setup_then_1_copies,std_shared,group,100000,3321697,33.21697,2000000
8,11,group_setup_then_1024_copies,own_local,group,97,117658,1212.96907216,2334208
8,12,owner_retained_4096_parameter_borrows,std_raw_borrow,frame,24,76500,3187.5,41287680
8,13,weak_lock_expired,own_shared,lock,100000,68440,0.6844,0
8,14,copy_read_drop,own_local,copy,100000,104391,1.04391,2350000
8,15,async_queue_job_1024_borrow_reads,std_shared_then_raw_borrow,job,100,101224,1012.24,2406400
8,16,create_read_destroy,own_shared,asset,100000,1811870,18.1187,65000400000
8,17,resource_lifecycle_64_assets_4096_objects,own_local,cycle,10,220814,22081.4,17203200
8,18,owner_retained_borrow_copy_read,own_local_view,read,100000,42992,0.42992,2350000
8,19,owner_retained_4096_parameter_borrows,own_local_view,frame,24,76412,3183.83333333,41287680
8,20,weak_lock_expired,std_shared,lock,100000,77109,0.77109,0
8,21,independent_owner_parameter,own_local,call,100000,115800,1.158,2350000
8,22,weak_lock_live,std_shared,lock,100000,1699983,16.99983,2350000
8,23,group_setup_then_1_copies,own_local,group,100000,2540075,25.40075,2000000
8,24,frame_4096_draws_64_unique_leases,std_shared,frame,24,84467,3519.45833333,41287680
8,25,borrow_read,raw_borrow,read,100000,34952,0.34952,2350000
8,26,async_queue_job_1024_borrow_reads,own_shared_then_local_view,job,100,125659,1256.59,2406400
8,27,owner_retained_borrow_parameter,std_raw_borrow,call,100000,59993,0.59993,2350000
8,28,owner_retained_4096_draw_borrows,std_raw_borrow,frame,24,47875,1994.79166667,41287680
8,29,resettable_root_pin_1024_borrow_reads,std_shared_pin_raw_borrow,scope,97,33285,343.144329897,2334208
8,30,create_read_destroy,std_shared,asset,100000,1172713,11.72713,65000400000
8,31,async_queue_job_1024_local_copies,own_local,job,100,291056,2910.56,2406400
8,32,weak_lock_live,own_shared,lock,100000,1497415,14.97415,2350000
8,33,group_setup_then_64_copies,std_shared,group,1562,1675855,1072.89052497,2349248
8,34,async_queue_job_1024_local_copies,std_shared,job,100,2402241,24022.41,2406400
8,35,group_setup_then_8_copies,std_shared,group,12500,1854228,148.33824,2350000
8,36,async_queue_job_1_local_copies,std_shared,job,100,70194,701.94,2000
8,37,copy_read_drop,own_shared,copy,100000,1364086,13.64086,2350000
8,38,async_queue_job_64_borrow_reads,std_shared_then_raw_borrow,job,100,112384,1123.84,150400
8,39,async_queue_job_64_borrow_reads,own_shared_then_local_view,job,100,81013,810.13,150400
8,40,resource_lifecycle_64_assets_4096_objects,std_shared,cycle,10,529804,52980.4,17203200
8,41,contended_copy_2_workers,own_shared,copy,200000,10703813,53.519065,4700000
8,42,async_queue_job_64_local_copies,own_local,job,100,128957,1289.57,150400
8,43,create_read_destroy,own_local,asset,100000,2319673,23.19673,65000400000
8,44,independent_owner_parameter,std_shared,call,100000,1665827,16.65827,2350000
8,45,share_read_drop,own_shared,handoff,100000,1120800,11.208,2350000
8,46,group_setup_then_8_copies,own_local,group,12500,369574,29.56592,2350000
8,47,owner_retained_borrow_parameter,own_local_view,call,100000,59964,0.59964,2350000
8,48,owner_retained_4096_draw_borrows,own_local_view,frame,24,50084,2086.83333333,41287680
8,49,copy_read_drop,std_shared,copy,100000,1641019,16.41019,2350000
8,50,scene_4096_attachments,own_local,attachment,98304,134807,1.3713277181,98304
8,51,async_queue_job_64_local_copies,std_shared,job,100,286869,2868.69,150400
8,52,independent_owner_parameter,own_shared,call,100000,1316438,13.16438,2350000
8,53,localize_read_drop,own_local,group,100000,1778034,17.78034,2350000
8,54,group_setup_then_1024_copies,std_shared,group,97,1650349,17013.9072165,2334208
8,55,scene_4096_attachments,std_shared,attachment,98304,935930,9.52077229818,98304
9,0,async_queue_job_1024_borrow_reads,own_shared_then_local_view,job,100,125067,1250.67,2406400
9,1,group_setup_then_1024_copies,own_local,group,97,112682,1161.67010309,2334208
9,2,async_queue_job_64_borrow_reads,std_shared_then_raw_borrow,job,100,64188,641.88,150400
9,3,group_setup_then_1024_copies,std_shared,group,97,1639712,16904.2474227,2334208
9,4,create_read_destroy,std_shared,asset,100000,1199110,11.9911,65000400000
9,5,create_read_destroy,own_shared,asset,100000,1762803,17.62803,65000400000
9,6,resettable_root_pin_1024_borrow_reads,std_shared_pin_raw_borrow,scope,97,33381,344.134020619,2334208
9,7,resource_lifecycle_64_assets_4096_objects,std_shared,cycle,10,500780,50078,17203200
9,8,group_setup_then_8_copies,std_shared,group,12500,1872698,149.81584,2350000
9,9,owner_retained_borrow_parameter,own_local_view,call,100000,59994,0.59994,2350000
9,10,owner_retained_4096_draw_borrows,std_raw_borrow,frame,24,47934,1997.25,41287680
9,11,weak_lock_live,own_shared,lock,100000,1486188,14.86188,2350000
9,12,copy_read_drop,std_shared,copy,100000,1645916,16.45916,2350000
9,13,group_setup_then_8_copies,own_local,group,12500,383261,30.66088,2350000
9,14,async_queue_job_64_local_copies,own_local,job,100,95339,953.39,150400
9,15,copy_read_drop,own_shared,copy,100000,1295465,12.95465,2350000
9,16,owner_retained_4096_draw_borrows,own_local_view,frame,24,47370,1973.75,41287680
9,17,async_queue_job_1_local_copies,std_shared,job,100,59492,594.92,2000
9,18,group_setup_then_64_copies,std_shared,group,1562,1675157,1072.44366197,2349248
9,19,async_queue_job_64_borrow_reads,own_shared_then_local_view,job,100,67008,670.08,150400
9,20,owner_retained_borrow_copy_read,std_raw_borrow,read,100000,30049,0.30049,2350000
9,21,weak_lock_expired,own_shared,lock,100000,68656,0.68656,0
9,22,scene_4096_attachments,own_local,attachment,98304,132543,1.34829711914,98304
9,23,async_queue_job_1_borrow_reads,own_shared_then_local_view,job,100,67565,675.65,2000
9,24,frame_4096_draws_64_unique_leases,own_shared,frame,24,84593,3524.70833333,41287680
9,25,async_queue_job_1024_local_copies,std_shared,job,100,2386447,23864.47,2406400
9,26,localize_read_drop,own_local,group,100000,1933968,19.33968,2350000
9,27,async_queue_job_64_local_copies,std_shared,job,100,228744,2287.44,150400
9,28,async_queue_job_1024_local_copies,own_local,job,100,273514,2735.14,2406400
9,29,independent_owner_parameter,std_shared,call,100000,1675577,16.75577,2350000
9,30,frame_4096_draws_64_unique_leases,std_shared,frame,24,86659,3610.79166667,41287680
9,31,weak_lock_live,std_shared,lock,100000,1709507,17.09507,2350000
9,32,weak_lock_expired,std_shared,lock,100000,77193,0.77193,0
9,33,scene_4096_attachments,std_shared,attachment,98304,937656,9.53833007812,98304
9,34,owner_retained_borrow_copy_read,own_local_view,read,100000,32409,0.32409,2350000
9,35,contended_copy_2_workers,std_shared,copy,200000,20109557,100.547785,4700000
9,36,share_read_drop,own_shared,handoff,100000,1119946,11.19946,2350000
9,37,owner_retained_4096_parameter_borrows,std_raw_borrow,frame,24,77540,3230.83333333,41287680
9,38,group_setup_then_1_copies,std_shared,group,100000,3327844,33.27844,2000000
9,39,async_queue_job_1024_borrow_reads,std_shared_then_raw_borrow,job,100,124283,1242.83,2406400
9,40,async_queue_job_1_local_copies,own_local,job,100,66579,665.79,2000
9,41,share_read_drop,std_shared,handoff,100000,1481330,14.8133,2350000
9,42,localize_read_drop,std_shared,group,100000,1494400,14.944,2350000
9,43,independent_owner_parameter,own_shared,call,100000,1298214,12.98214,2350000
9,44,group_setup_then_1_copies,own_local,group,100000,2499048,24.99048,2000000
9,45,group_setup_then_64_copies,own_local,group,1562,351103,224.777848912,2349248
9,46,resettable_root_pin_1024_borrow_reads,own_shared_pin_local_view,scope,97,33436,344.701030928,2334208
9,47,independent_owner_parameter,own_local,call,100000,115480,1.1548,2350000
9,48,async_queue_job_1_borrow_reads,std_shared_then_raw_borrow,job,100,61848,618.48,2000
9,49,create_read_destroy,own_local,asset,100000,2304588,23.04588,65000400000
9,50,copy_read_drop,own_local,copy,100000,126627,1.26627,2350000
9,51,resource_lifecycle_64_assets_4096_objects,own_local,cycle,10,242053,24205.3,17203200
9,52,contended_copy_2_workers,own_shared,copy,200000,10268781,51.343905,4700000
9,53,borrow_read,raw_borrow,read,100000,35350,0.3535,2350000
9,54,owner_retained_borrow_parameter,std_raw_borrow,call,100000,64245,0.64245,2350000
9,55,owner_retained_4096_parameter_borrows,own_local_view,frame,24,77954,3248.08333333,41287680
10,0,weak_lock_live,own_shared,lock,100000,1503373,15.03373,2350000
10,1,borrow_read,raw_borrow,read,100000,34951,0.34951,2350000
10,2,group_setup_then_8_copies,own_local,group,12500,372216,29.77728,2350000
10,3,scene_4096_attachments,std_shared,attachment,98304,934160,9.50276692708,98304
10,4,async_queue_job_1_local_copies,std_shared,job,100,45688,456.88,2000
10,5,create_read_destroy,std_shared,asset,100000,1176110,11.7611,65000400000
10,6,scene_4096_attachments,own_local,attachment,98304,134878,1.37204996745,98304
10,7,owner_retained_4096_draw_borrows,std_raw_borrow,frame,24,47889,1995.375,41287680
10,8,localize_read_drop,std_shared,group,100000,1495160,14.9516,2350000
10,9,weak_lock_expired,own_shared,lock,100000,73993,0.73993,0
10,10,resettable_root_pin_1024_borrow_reads,std_shared_pin_raw_borrow,scope,97,33394,344.268041237,2334208
10,11,frame_4096_draws_64_unique_leases,own_shared,frame,24,86169,3590.375,41287680
10,12,share_read_drop,own_shared,handoff,100000,1119057,11.19057,2350000
10,13,independent_owner_parameter,own_local,call,100000,115531,1.15531,2350000
10,14,copy_read_drop,own_local,copy,100000,103928,1.03928,2350000
10,15,resettable_root_pin_1024_borrow_reads,own_shared_pin_local_view,scope,97,33343,343.742268041,2334208
10,16,owner_retained_4096_parameter_borrows,own_local_view,frame,24,76239,3176.625,41287680
10,17,async_queue_job_1_borrow_reads,std_shared_then_raw_borrow,job,100,57723,577.23,2000
10,18,async_queue_job_64_local_copies,std_shared,job,100,312197,3121.97,150400
10,19,async_queue_job_1024_local_copies,std_shared,job,100,2332233,23322.33,2406400
10,20,contended_copy_2_workers,std_shared,copy,200000,18539874,92.69937,4700000
10,21,async_queue_job_1_local_copies,own_local,job,100,64434,644.34,2000
10,22,independent_owner_parameter,own_shared,call,100000,1310507,13.10507,2350000
10,23,async_queue_job_1_borrow_reads,own_shared_then_local_view,job,100,57733,577.33,2000
10,24,group_setup_then_1024_copies,std_shared,group,97,1637765,16884.1752577,2334208
10,25,async_queue_job_1024_borrow_reads,own_shared_then_local_view,job,100,164934,1649.34,2406400
10,26,async_queue_job_1024_borrow_reads,std_shared_then_raw_borrow,job,100,111979,1119.79,2406400
10,27,create_read_destroy,own_local,asset,100000,2319724,23.19724,65000400000
10,28,group_setup_then_8_copies,std_shared,group,12500,1864855,149.1884,2350000
10,29,async_queue_job_1024_local_copies,own_local,job,100,390195,3901.95,2406400
10,30,copy_read_drop,own_shared,copy,100000,1318719,13.18719,2350000
10,31,owner_retained_borrow_copy_read,std_raw_borrow,read,100000,30622,0.30622,2350000
10,32,contended_copy_2_workers,own_shared,copy,200000,9607886,48.03943,4700000
10,33,copy_read_drop,std_shared,copy,100000,1665224,16.65224,2350000
10,34,group_setup_then_1_copies,own_local,group,100000,2496657,24.96657,2000000
10,35,weak_lock_live,std_shared,lock,100000,1693728,16.93728,2350000
10,36,owner_retained_4096_parameter_borrows,std_raw_borrow,frame,24,76853,3202.20833333,41287680
10,37,async_queue_job_64_borrow_reads,own_shared_then_local_view,job,100,57567,575.67,150400
10,38,async_queue_job_64_borrow_reads,std_shared_then_raw_borrow,job,100,56928,569.28,150400
10,39,owner_retained_borrow_parameter,own_local_view,call,100000,64215,0.64215,2350000
10,40,owner_retained_borrow_copy_read,own_local_view,read,100000,30045,0.30045,2350000
10,41,group_setup_then_1_copies,std_shared,group,100000,3300215,33.00215,2000000
10,42,resource_lifecycle_64_assets_4096_objects,own_local,cycle,10,247748,24774.8,17203200
10,43,independent_owner_parameter,std_shared,call,100000,1653359,16.53359,2350000
10,44,group_setup_then_64_copies,std_shared,group,1562,1680809,1076.06209987,2349248
10,45,group_setup_then_1024_copies,own_local,group,97,118305,1219.63917526,2334208
10,46,share_read_drop,std_shared,handoff,100000,1494891,14.94891,2350000
10,47,owner_retained_borrow_parameter,std_raw_borrow,call,100000,64272,0.64272,2350000
10,48,resource_lifecycle_64_assets_4096_objects,std_shared,cycle,10,517051,51705.1,17203200
10,49,owner_retained_4096_draw_borrows,own_local_view,frame,24,48630,2026.25,41287680
10,50,group_setup_then_64_copies,own_local,group,1562,159195,101.917413572,2349248
10,51,frame_4096_draws_64_unique_leases,std_shared,frame,24,87965,3665.20833333,41287680
10,52,create_read_destroy,own_shared,asset,100000,1839426,18.39426,65000400000
10,53,localize_read_drop,own_local,group,100000,1790867,17.90867,2350000
10,54,weak_lock_expired,std_shared,lock,100000,77158,0.77158,0
10,55,async_queue_job_64_local_copies,own_local,job,100,70489,704.89,150400
11,0,async_queue_job_64_borrow_reads,std_shared_then_raw_borrow,job,100,6310320,63103.2,150400
11,1,owner_retained_borrow_copy_read,own_local_view,read,100000,30148,0.30148,2350000
11,2,weak_lock_live,std_shared,lock,100000,1683615,16.83615,2350000
11,3,owner_retained_borrow_parameter,std_raw_borrow,call,100000,64056,0.64056,2350000
11,4,create_read_destroy,own_local,asset,100000,2329483,23.29483,65000400000
11,5,resource_lifecycle_64_assets_4096_objects,own_local,cycle,10,236416,23641.6,17203200
11,6,group_setup_then_1_copies,own_local,group,100000,2496820,24.9682,2000000
11,7,group_setup_then_1_copies,std_shared,group,100000,3380392,33.80392,2000000
11,8,group_setup_then_8_copies,std_shared,group,12500,1858729,148.69832,2350000
11,9,async_queue_job_1_borrow_reads,std_shared_then_raw_borrow,job,100,74805,748.05,2000
11,10,copy_read_drop,std_shared,copy,100000,1628679,16.28679,2350000
11,11,owner_retained_4096_parameter_borrows,own_local_view,frame,24,77218,3217.41666667,41287680
11,12,group_setup_then_64_copies,std_shared,group,1562,1675833,1072.87644046,2349248
11,13,create_read_destroy,own_shared,asset,100000,1789915,17.89915,65000400000
11,14,weak_lock_expired,std_shared,lock,100000,77167,0.77167,0
11,15,resettable_root_pin_1024_borrow_reads,std_shared_pin_raw_borrow,scope,97,31860,328.453608247,2334208
11,16,owner_retained_4096_parameter_borrows,std_raw_borrow,frame,24,80237,3343.20833333,41287680
11,17,share_read_drop,own_shared,handoff,100000,1116395,11.16395,2350000
11,18,scene_4096_attachments,std_shared,attachment,98304,934274,9.50392659505,98304
11,19,contended_copy_2_workers,own_shared,copy,200000,8899653,44.498265,4700000
11,20,copy_read_drop,own_local,copy,100000,105770,1.0577,2350000
11,21,localize_read_drop,own_local,group,100000,1775179,17.75179,2350000
11,22,async_queue_job_1_local_copies,own_local,job,100,58217,582.17,2000
11,23,copy_read_drop,own_shared,copy,100000,1302110,13.0211,2350000
11,24,frame_4096_draws_64_unique_leases,std_shared,frame,24,86096,3587.33333333,41287680
11,25,weak_lock_expired,own_shared,lock,100000,68666,0.68666,0
11,26,resource_lifecycle_64_assets_4096_objects,std_shared,cycle,10,533742,53374.2,17203200
11,27,owner_retained_4096_draw_borrows,own_local_view,frame,24,47722,1988.41666667,41287680
11,28,async_queue_job_1024_local_copies,std_shared,job,100,2636870,26368.7,2406400
11,29,async_queue_job_64_borrow_reads,own_shared_then_local_view,job,100,80667,806.67,150400
11,30,owner_retained_4096_draw_borrows,std_raw_borrow,frame,24,47840,1993.33333333,41287680
11,31,localize_read_drop,std_shared,group,100000,1478142,14.78142,2350000
11,32,group_setup_then_8_copies,own_local,group,12500,408219,32.65752,2350000
11,33,group_setup_then_1024_copies,std_shared,group,97,1637156,16877.8969072,2334208
11,34,contended_copy_2_workers,std_shared,copy,200000,13042777,65.213885,4700000
11,35,weak_lock_live,own_shared,lock,100000,1511961,15.11961,2350000
11,36,async_queue_job_1024_borrow_reads,own_shared_then_local_view,job,100,129646,1296.46,2406400
11,37,create_read_destroy,std_shared,asset,100000,1193907,11.93907,65000400000
11,38,async_queue_job_1024_borrow_reads,std_shared_then_raw_borrow,job,100,161561,1615.61,2406400
11,39,async_queue_job_1_borrow_reads,own_shared_then_local_view,job,100,63680,636.8,2000
11,40,share_read_drop,std_shared,handoff,100000,1506764,15.06764,2350000
11,41,async_queue_job_64_local_copies,own_local,job,100,116748,1167.48,150400
11,42,frame_4096_draws_64_unique_leases,own_shared,frame,24,112832,4701.33333333,41287680
11,43,scene_4096_attachments,own_local,attachment,98304,172013,1.74980672201,98304
11,44,independent_owner_parameter,std_shared,call,100000,1704123,17.04123,2350000
11,45,independent_owner_parameter,own_local,call,100000,120498,1.20498,2350000
11,46,owner_retained_borrow_parameter,own_local_view,call,100000,64275,0.64275,2350000
11,47,group_setup_then_1024_copies,own_local,group,97,112366,1158.41237113,2334208
11,48,resettable_root_pin_1024_borrow_reads,own_shared_pin_local_view,scope,97,33357,343.886597938,2334208
11,49,async_queue_job_1024_local_copies,own_local,job,100,349107,3491.07,2406400
11,50,group_setup_then_64_copies,own_local,group,1562,299486,191.732394366,2349248
11,51,independent_owner_parameter,own_shared,call,100000,1329602,13.29602,2350000
11,52,borrow_read,raw_borrow,read,100000,35013,0.35013,2350000
11,53,owner_retained_borrow_copy_read,std_raw_borrow,read,100000,30003,0.30003,2350000
11,54,async_queue_job_64_local_copies,std_shared,job,100,343999,3439.99,150400
11,55,async_queue_job_1_local_copies,std_shared,job,100,68116,681.16,2000
12,0,owner_retained_4096_draw_borrows,std_raw_borrow,frame,24,47863,1994.29166667,41287680
12,1,create_read_destroy,std_shared,asset,100000,1302938,13.02938,65000400000
12,2,group_setup_then_1_copies,own_local,group,100000,2529071,25.29071,2000000
12,3,copy_read_drop,own_local,copy,100000,104808,1.04808,2350000
12,4,copy_read_drop,own_shared,copy,100000,1300601,13.00601,2350000
12,5,group_setup_then_64_copies,own_local,group,1562,345409,221.132522407,2349248
12,6,owner_retained_borrow_parameter,own_local_view,call,100000,59955,0.59955,2350000
12,7,share_read_drop,std_shared,handoff,100000,1503267,15.03267,2350000
12,8,owner_retained_borrow_parameter,std_raw_borrow,call,100000,61651,0.61651,2350000
12,9,weak_lock_expired,std_shared,lock,100000,77091,0.77091,0
12,10,async_queue_job_1024_local_copies,own_local,job,100,323081,3230.81,2406400
12,11,async_queue_job_64_local_copies,std_shared,job,100,297631,2976.31,150400
12,12,resource_lifecycle_64_assets_4096_objects,own_local,cycle,10,229140,22914,17203200
12,13,share_read_drop,own_shared,handoff,100000,1115120,11.1512,2350000
12,14,scene_4096_attachments,std_shared,attachment,98304,970346,9.87086995443,98304
12,15,localize_read_drop,std_shared,group,100000,1596187,15.96187,2350000
12,16,async_queue_job_64_local_copies,own_local,job,100,104700,1047,150400
12,17,independent_owner_parameter,own_local,call,100000,113445,1.13445,2350000
12,18,localize_read_drop,own_local,group,100000,1798240,17.9824,2350000
12,19,scene_4096_attachments,own_local,attachment,98304,139049,1.41447957357,98304
12,20,group_setup_then_8_copies,std_shared,group,12500,1850536,148.04288,2350000
12,21,async_queue_job_1024_borrow_reads,own_shared_then_local_view,job,100,707054,7070.54,2406400
12,22,group_setup_then_1024_copies,own_local,group,97,113634,1171.48453608,2334208
12,23,async_queue_job_1_borrow_reads,own_shared_then_local_view,job,100,48033,480.33,2000
12,24,weak_lock_live,own_shared,lock,100000,1514926,15.14926,2350000
12,25,group_setup_then_8_copies,own_local,group,12500,391441,31.31528,2350000
12,26,frame_4096_draws_64_unique_leases,std_shared,frame,24,95675,3986.45833333,41287680
12,27,owner_retained_4096_draw_borrows,own_local_view,frame,24,76125,3171.875,41287680
12,28,group_setup_then_1_copies,std_shared,group,100000,3296798,32.96798,2000000
12,29,resettable_root_pin_1024_borrow_reads,own_shared_pin_local_view,scope,97,33356,343.87628866,2334208
12,30,async_queue_job_1024_local_copies,std_shared,job,100,2424182,24241.82,2406400
12,31,create_read_destroy,own_local,asset,100000,2466621,24.66621,65000400000
12,32,async_queue_job_1_local_copies,own_local,job,100,70453,704.53,2000
12,33,group_setup_then_1024_copies,std_shared,group,97,1710252,17631.4639175,2334208
12,34,borrow_read,raw_borrow,read,100000,35137,0.35137,2350000
12,35,owner_retained_borrow_copy_read,own_local_view,read,100000,32370,0.3237,2350000
12,36,copy_read_drop,std_shared,copy,100000,1657814,16.57814,2350000
12,37,async_queue_job_1024_borrow_reads,std_shared_then_raw_borrow,job,100,187843,1878.43,2406400
12,38,create_read_destroy,own_shared,asset,100000,1867577,18.67577,65000400000
12,39,contended_copy_2_workers,std_shared,copy,200000,5540338,27.70169,4700000
12,40,independent_owner_parameter,own_shared,call,100000,1316296,13.16296,2350000
12,41,async_queue_job_64_borrow_reads,own_shared_then_local_view,job,100,68307,683.07,150400
12,42,contended_copy_2_workers,own_shared,copy,200000,9998989,49.994945,4700000
12,43,owner_retained_4096_parameter_borrows,own_local_view,frame,24,77688,3237,41287680
12,44,resource_lifecycle_64_assets_4096_objects,std_shared,cycle,10,522428,52242.8,17203200
12,45,owner_retained_4096_parameter_borrows,std_raw_borrow,frame,24,77246,3218.58333333,41287680
12,46,group_setup_then_64_copies,std_shared,group,1562,1698514,1087.39692702,2349248
12,47,resettable_root_pin_1024_borrow_reads,std_shared_pin_raw_borrow,scope,97,33496,345.319587629,2334208
12,48,async_queue_job_1_borrow_reads,std_shared_then_raw_borrow,job,100,44845,448.45,2000
12,49,async_queue_job_64_borrow_reads,std_shared_then_raw_borrow,job,100,41496,414.96,150400
12,50,weak_lock_expired,own_shared,lock,100000,68622,0.68622,0
12,51,independent_owner_parameter,std_shared,call,100000,1658327,16.58327,2350000
12,52,weak_lock_live,std_shared,lock,100000,1688998,16.88998,2350000
12,53,owner_retained_borrow_copy_read,std_raw_borrow,read,100000,30098,0.30098,2350000
12,54,async_queue_job_1_local_copies,std_shared,job,100,78587,785.87,2000
12,55,frame_4096_draws_64_unique_leases,own_shared,frame,24,88368,3682,41287680
13,0,resource_lifecycle_64_assets_4096_objects,own_local,cycle,10,232103,23210.3,17203200
13,1,weak_lock_live,own_shared,lock,100000,1479227,14.79227,2350000
13,2,owner_retained_4096_parameter_borrows,own_local_view,frame,24,76161,3173.375,41287680
13,3,async_queue_job_1024_borrow_reads,own_shared_then_local_view,job,100,169773,1697.73,2406400
13,4,scene_4096_attachments,own_local,attachment,98304,142602,1.45062255859,98304
13,5,borrow_read,raw_borrow,read,100000,35068,0.35068,2350000
13,6,share_read_drop,std_shared,handoff,100000,1560997,15.60997,2350000
13,7,group_setup_then_64_copies,std_shared,group,1562,1681193,1076.30793854,2349248
13,8,resource_lifecycle_64_assets_4096_objects,std_shared,cycle,10,504658,50465.8,17203200
13,9,frame_4096_draws_64_unique_leases,std_shared,frame,24,87423,3642.625,41287680
13,10,async_queue_job_1_local_copies,own_local,job,100,93613,936.13,2000
13,11,contended_copy_2_workers,std_shared,copy,200000,14844421,74.222105,4700000
13,12,async_queue_job_64_borrow_reads,std_shared_then_raw_borrow,job,100,50032,500.32,150400
13,13,independent_owner_parameter,own_local,call,100000,126168,1.26168,2350000
13,14,independent_owner_parameter,std_shared,call,100000,1641280,16.4128,2350000
13,15,async_queue_job_1_borrow_reads,own_shared_then_local_view,job,100,69593,695.93,2000
13,16,copy_read_drop,std_shared,copy,100000,1646672,16.46672,2350000
13,17,group_setup_then_1024_copies,std_shared,group,97,1635353,16859.3092784,2334208
13,18,independent_owner_parameter,own_shared,call,100000,1314271,13.14271,2350000
13,19,group_setup_then_8_copies,own_local,group,12500,373850,29.908,2350000
13,20,weak_lock_expired,std_shared,lock,100000,77123,0.77123,0
13,21,create_read_destroy,std_shared,asset,100000,1205319,12.05319,65000400000
13,22,localize_read_drop,std_shared,group,100000,1462450,14.6245,2350000
13,23,share_read_drop,own_shared,handoff,100000,1145063,11.45063,2350000
13,24,copy_read_drop,own_shared,copy,100000,1307066,13.07066,2350000
13,25,owner_retained_borrow_parameter,own_local_view,call,100000,78030,0.7803,2350000
13,26,scene_4096_attachments,std_shared,attachment,98304,946491,9.6282043457,98304
13,27,group_setup_then_1024_copies,own_local,group,97,114592,1181.36082474,2334208
13,28,weak_lock_live,std_shared,lock,100000,1684875,16.84875,2350000
13,29,create_read_destroy,own_local,asset,100000,2344312,23.44312,65000400000
13,30,async_queue_job_64_borrow_reads,own_shared_then_local_view,job,100,69482,694.82,150400
13,31,weak_lock_expired,own_shared,lock,100000,68460,0.6846,0
13,32,owner_retained_4096_parameter_borrows,std_raw_borrow,frame,24,77097,3212.375,41287680
13,33,owner_retained_borrow_parameter,std_raw_borrow,call,100000,61602,0.61602,2350000
13,34,owner_retained_4096_draw_borrows,std_raw_borrow,frame,24,47030,1959.58333333,41287680
13,35,async_queue_job_64_local_copies,own_local,job,100,91623,916.23,150400
13,36,resettable_root_pin_1024_borrow_reads,std_shared_pin_raw_borrow,scope,97,33437,344.711340206,2334208
13,37,group_setup_then_1_copies,std_shared,group,100000,3335222,33.35222,2000000
13,38,group_setup_then_1_copies,own_local,group,100000,2527791,25.27791,2000000
13,39,owner_retained_borrow_copy_read,std_raw_borrow,read,100000,30089,0.30089,2350000
13,40,owner_retained_4096_draw_borrows,own_local_view,frame,24,47956,1998.16666667,41287680
13,41,group_setup_then_8_copies,std_shared,group,12500,1856460,148.5168,2350000
13,42,async_queue_job_1_borrow_reads,std_shared_then_raw_borrow,job,100,48882,488.82,2000
13,43,async_queue_job_1024_local_copies,std_shared,job,100,2415621,24156.21,2406400
13,44,owner_retained_borrow_copy_read,own_local_view,read,100000,31508,0.31508,2350000
13,45,async_queue_job_1024_local_copies,own_local,job,100,390926,3909.26,2406400
13,46,async_queue_job_1_local_copies,std_shared,job,100,50956,509.56,2000
13,47,localize_read_drop,own_local,group,100000,1773621,17.73621,2350000
13,48,contended_copy_2_workers,own_shared,copy,200000,8034466,40.17233,4700000
13,49,frame_4096_draws_64_unique_leases,own_shared,frame,24,87440,3643.33333333,41287680
13,50,create_read_destroy,own_shared,asset,100000,1819725,18.19725,65000400000
13,51,resettable_root_pin_1024_borrow_reads,own_shared_pin_local_view,scope,97,32341,333.412371134,2334208
13,52,async_queue_job_64_local_copies,std_shared,job,100,321877,3218.77,150400
13,53,async_queue_job_1024_borrow_reads,std_shared_then_raw_borrow,job,100,223476,2234.76,2406400
13,54,copy_read_drop,own_local,copy,100000,105178,1.05178,2350000
13,55,group_setup_then_64_copies,own_local,group,1562,352094,225.412291933,2349248
14,0,async_queue_job_1_local_copies,std_shared,job,100,77620,776.2,2000
14,1,owner_retained_4096_draw_borrows,std_raw_borrow,frame,24,52249,2177.04166667,41287680
14,2,copy_read_drop,own_shared,copy,100000,1326485,13.26485,2350000
14,3,localize_read_drop,own_local,group,100000,1791912,17.91912,2350000
14,4,create_read_destroy,own_shared,asset,100000,1803930,18.0393,65000400000
14,5,group_setup_then_1024_copies,std_shared,group,97,1651871,17029.5979381,2334208
14,6,scene_4096_attachments,own_local,attachment,98304,144007,1.46491495768,98304
14,7,async_queue_job_1024_local_copies,own_local,job,100,362618,3626.18,2406400
14,8,owner_retained_4096_parameter_borrows,own_local_view,frame,24,76786,3199.41666667,41287680
14,9,owner_retained_borrow_copy_read,own_local_view,read,100000,32213,0.32213,2350000
14,10,async_queue_job_1024_borrow_reads,own_shared_then_local_view,job,100,159232,1592.32,2406400
14,11,async_queue_job_64_local_copies,own_local,job,100,82681,826.81,150400
14,12,group_setup_then_1024_copies,own_local,group,97,114271,1178.05154639,2334208
14,13,group_setup_then_8_copies,std_shared,group,12500,1871337,149.70696,2350000
14,14,localize_read_drop,std_shared,group,100000,1472262,14.72262,2350000
14,15,frame_4096_draws_64_unique_leases,own_shared,frame,24,85522,3563.41666667,41287680
14,16,async_queue_job_1024_borrow_reads,std_shared_then_raw_borrow,job,100,143765,1437.65,2406400
14,17,group_setup_then_1_copies,own_local,group,100000,2501004,25.01004,2000000
14,18,create_read_destroy,std_shared,asset,100000,1224881,12.24881,65000400000
14,19,owner_retained_borrow_copy_read,std_raw_borrow,read,100000,30462,0.30462,2350000
14,20,weak_lock_expired,std_shared,lock,100000,77075,0.77075,0
14,21,owner_retained_borrow_parameter,std_raw_borrow,call,100000,64211,0.64211,2350000
14,22,group_setup_then_8_copies,own_local,group,12500,373191,29.85528,2350000
14,23,frame_4096_draws_64_unique_leases,std_shared,frame,24,86009,3583.70833333,41287680
14,24,owner_retained_4096_draw_borrows,own_local_view,frame,24,47196,1966.5,41287680
14,25,async_queue_job_64_local_copies,std_shared,job,100,294606,2946.06,150400
14,26,weak_lock_expired,own_shared,lock,100000,68561,0.68561,0
14,27,weak_lock_live,std_shared,lock,100000,1712293,17.12293,2350000
14,28,copy_read_drop,own_local,copy,100000,115771,1.15771,2350000
14,29,contended_copy_2_workers,std_shared,copy,200000,17536667,87.683335,4700000
14,30,owner_retained_borrow_parameter,own_local_view,call,100000,64225,0.64225,2350000
14,31,share_read_drop,own_shared,handoff,100000,1131511,11.31511,2350000
14,32,group_setup_then_64_copies,std_shared,group,1562,1675301,1072.53585147,2349248
14,33,weak_lock_live,own_shared,lock,100000,1477576,14.77576,2350000
14,34,resource_lifecycle_64_assets_4096_objects,std_shared,cycle,10,515981,51598.1,17203200
14,35,share_read_drop,std_shared,handoff,100000,1495387,14.95387,2350000
14,36,create_read_destroy,own_local,asset,100000,2335359,23.35359,65000400000
14,37,resettable_root_pin_1024_borrow_reads,std_shared_pin_raw_borrow,scope,97,32929,339.474226804,2334208
14,38,independent_owner_parameter,own_shared,call,100000,1308012,13.08012,2350000
14,39,group_setup_then_64_copies,own_local,group,1562,369810,236.754161332,2349248
14,40,async_queue_job_64_borrow_reads,own_shared_then_local_view,job,100,79346,793.46,150400
14,41,async_queue_job_1_borrow_reads,std_shared_then_raw_borrow,job,100,53259,532.59,2000
14,42,independent_owner_parameter,std_shared,call,100000,1638817,16.38817,2350000
14,43,contended_copy_2_workers,own_shared,copy,200000,9909110,49.54555,4700000
14,44,async_queue_job_64_borrow_reads,std_shared_then_raw_borrow,job,100,36579,365.79,150400
14,45,owner_retained_4096_parameter_borrows,std_raw_borrow,frame,24,76755,3198.125,41287680
14,46,independent_owner_parameter,own_local,call,100000,115760,1.1576,2350000
14,47,group_setup_then_1_copies,std_shared,group,100000,3324468,33.24468,2000000
14,48,resource_lifecycle_64_assets_4096_objects,own_local,cycle,10,219668,21966.8,17203200
14,49,resettable_root_pin_1024_borrow_reads,own_shared_pin_local_view,scope,97,33496,345.319587629,2334208
14,50,async_queue_job_1024_local_copies,std_shared,job,100,3570600,35706,2406400
14,51,copy_read_drop,std_shared,copy,100000,1629320,16.2932,2350000
14,52,async_queue_job_1_local_copies,own_local,job,100,84639,846.39,2000
14,53,borrow_read,raw_borrow,read,100000,35114,0.35114,2350000
14,54,async_queue_job_1_borrow_reads,own_shared_then_local_view,job,100,52866,528.66,2000
14,55,scene_4096_attachments,std_shared,attachment,98304,935684,9.51826985677,98304
15,0,async_queue_job_64_borrow_reads,std_shared_then_raw_borrow,job,100,72573,725.73,150400
15,1,localize_read_drop,std_shared,group,100000,1485373,14.85373,2350000
15,2,owner_retained_4096_draw_borrows,own_local_view,frame,24,47385,1974.375,41287680
15,3,owner_retained_4096_draw_borrows,std_raw_borrow,frame,24,47225,1967.70833333,41287680
15,4,async_queue_job_1_local_copies,own_local,job,100,100957,1009.57,2000
15,5,owner_retained_borrow_parameter,own_local_view,call,100000,64218,0.64218,2350000
15,6,group_setup_then_1024_copies,std_shared,group,97,1636548,16871.628866,2334208
15,7,weak_lock_live,std_shared,lock,100000,1693269,16.93269,2350000
15,8,independent_owner_parameter,own_local,call,100000,114887,1.14887,2350000
15,9,async_queue_job_1024_local_copies,own_local,job,100,362143,3621.43,2406400
15,10,group_setup_then_64_copies,own_local,group,1562,183353,117.383482714,2349248
15,11,weak_lock_expired,own_shared,lock,100000,66743,0.66743,0
15,12,group_setup_then_1024_copies,own_local,group,97,110520,1139.3814433,2334208
15,13,localize_read_drop,own_local,group,100000,1748655,17.48655,2350000
15,14,contended_copy_2_workers,own_shared,copy,200000,10296600,51.483,4700000
15,15,copy_read_drop,own_local,copy,100000,134801,1.34801,2350000
15,16,group_setup_then_64_copies,std_shared,group,1562,1672610,1070.81306018,2349248
15,17,copy_read_drop,own_shared,copy,100000,1338447,13.38447,2350000
15,18,async_queue_job_1024_borrow_reads,own_shared_then_local_view,job,100,130509,1305.09,2406400
15,19,resettable_root_pin_1024_borrow_reads,own_shared_pin_local_view,scope,97,33421,344.546391753,2334208
15,20,frame_4096_draws_64_unique_leases,std_shared,frame,24,85112,3546.33333333,41287680
15,21,owner_retained_borrow_copy_read,std_raw_borrow,read,100000,30466,0.30466,2350000
15,22,owner_retained_4096_parameter_borrows,own_local_view,frame,24,77031,3209.625,41287680
15,23,group_setup_then_1_copies,own_local,group,100000,2510528,25.10528,2000000
15,24,independent_owner_parameter,std_shared,call,100000,1692454,16.92454,2350000
15,25,async_queue_job_1_local_copies,std_shared,job,100,78538,785.38,2000
15,26,group_setup_then_8_copies,own_local,group,12500,386214,30.89712,2350000
15,27,async_queue_job_1024_local_copies,std_shared,job,100,2403258,24032.58,2406400
15,28,create_read_destroy,own_local,asset,100000,3166716,31.66716,65000400000
15,29,create_read_destroy,std_shared,asset,100000,1267648,12.67648,65000400000
15,30,weak_lock_live,own_shared,lock,100000,1496225,14.96225,2350000
15,31,copy_read_drop,std_shared,copy,100000,1659577,16.59577,2350000
15,32,share_read_drop,std_shared,handoff,100000,1492661,14.92661,2350000
15,33,resettable_root_pin_1024_borrow_reads,std_shared_pin_raw_borrow,scope,97,32103,330.958762887,2334208
15,34,async_queue_job_64_local_copies,std_shared,job,100,341249,3412.49,150400
15,35,contended_copy_2_workers,std_shared,copy,200000,16610241,83.051205,4700000
15,36,async_queue_job_64_borrow_reads,own_shared_then_local_view,job,100,60474,604.74,150400
15,37,async_queue_job_1024_borrow_reads,std_shared_then_raw_borrow,job,100,176900,1769,2406400
15,38,independent_owner_parameter,own_shared,call,100000,1307528,13.07528,2350000
15,39,create_read_destroy,own_shared,asset,100000,1769306,17.69306,65000400000
15,40,resource_lifecycle_64_assets_4096_objects,own_local,cycle,10,241319,24131.9,17203200
15,41,borrow_read,raw_borrow,read,100000,35290,0.3529,2350000
15,42,resource_lifecycle_64_assets_4096_objects,std_shared,cycle,10,498370,49837,17203200
15,43,scene_4096_attachments,own_local,attachment,98304,134903,1.3723042806,98304
15,44,weak_lock_expired,std_shared,lock,100000,77097,0.77097,0
15,45,group_setup_then_8_copies,std_shared,group,12500,1875638,150.05104,2350000
15,46,async_queue_job_1_borrow_reads,own_shared_then_local_view,job,100,51435,514.35,2000
15,47,owner_retained_4096_parameter_borrows,std_raw_borrow,frame,24,77069,3211.20833333,41287680
15,48,owner_retained_borrow_copy_read,own_local_view,read,100000,32173,0.32173,2350000
15,49,frame_4096_draws_64_unique_leases,own_shared,frame,24,96631,4026.29166667,41287680
15,50,share_read_drop,own_shared,handoff,100000,1118698,11.18698,2350000
15,51,async_queue_job_1_borrow_reads,std_shared_then_raw_borrow,job,100,77734,777.34,2000
15,52,scene_4096_attachments,std_shared,attachment,98304,941949,9.58200073242,98304
15,53,owner_retained_borrow_parameter,std_raw_borrow,call,100000,64224,0.64224,2350000
15,54,async_queue_job_64_local_copies,own_local,job,100,128748,1287.48,150400
15,55,group_setup_then_1_copies,std_shared,group,100000,3323899,33.23899,2000000
16,0,async_queue_job_1024_borrow_reads,std_shared_then_raw_borrow,job,100,141142,1411.42,2406400
16,1,async_queue_job_64_borrow_reads,std_shared_then_raw_borrow,job,100,80524,805.24,150400
16,2,async_queue_job_1024_borrow_reads,own_shared_then_local_view,job,100,104447,1044.47,2406400
16,3,group_setup_then_1_copies,own_local,group,100000,2560913,25.60913,2000000
16,4,async_queue_job_1_local_copies,own_local,job,100,75599,755.99,2000
16,5,resource_lifecycle_64_assets_4096_objects,own_local,cycle,10,470496,47049.6,17203200
16,6,copy_read_drop,std_shared,copy,100000,1669963,16.69963,2350000
16,7,scene_4096_attachments,std_shared,attachment,98304,969944,9.86678059896,98304
16,8,contended_copy_2_workers,own_shared,copy,200000,7556383,37.781915,4700000
16,9,contended_copy_2_workers,std_shared,copy,200000,15804582,79.02291,4700000
16,10,async_queue_job_64_local_copies,own_local,job,100,97134,971.34,150400
16,11,create_read_destroy,std_shared,asset,100000,1207728,12.07728,65000400000
16,12,owner_retained_4096_parameter_borrows,std_raw_borrow,frame,24,78113,3254.70833333,41287680
16,13,weak_lock_live,own_shared,lock,100000,1493007,14.93007,2350000
16,14,async_queue_job_1_borrow_reads,own_shared_then_local_view,job,100,60228,602.28,2000
16,15,async_queue_job_1_borrow_reads,std_shared_then_raw_borrow,job,100,52939,529.39,2000
16,16,localize_read_drop,std_shared,group,100000,1459400,14.594,2350000
16,17,resettable_root_pin_1024_borrow_reads,std_shared_pin_raw_borrow,scope,97,33377,344.092783505,2334208
16,18,async_queue_job_64_local_copies,std_shared,job,100,326221,3262.21,150400
16,19,scene_4096_attachments,own_local,attachment,98304,132496,1.34781901042,98304
16,20,weak_lock_expired,std_shared,lock,100000,77075,0.77075,0
16,21,resource_lifecycle_64_assets_4096_objects,std_shared,cycle,10,503467,50346.7,17203200
16,22,owner_retained_borrow_parameter,std_raw_borrow,call,100000,59960,0.5996,2350000
16,23,share_read_drop,own_shared,handoff,100000,1119081,11.19081,2350000
16,24,create_read_destroy,own_local,asset,100000,2345998,23.45998,65000400000
16,25,group_setup_then_8_copies,std_shared,group,12500,1860733,148.85864,2350000
16,26,owner_retained_4096_draw_borrows,own_local_view,frame,24,48074,2003.08333333,41287680
16,27,share_read_drop,std_shared,handoff,100000,1472703,14.72703,2350000
16,28,resettable_root_pin_1024_borrow_reads,own_shared_pin_local_view,scope,97,33474,345.092783505,2334208
16,29,async_queue_job_1024_local_copies,std_shared,job,100,2426596,24265.96,2406400
16,30,owner_retained_borrow_parameter,own_local_view,call,100000,59971,0.59971,2350000
16,31,copy_read_drop,own_local,copy,100000,105636,1.05636,2350000
16,32,group_setup_then_64_copies,own_local,group,1562,357228,228.699103713,2349248
16,33,group_setup_then_1024_copies,std_shared,group,97,1654051,17052.0721649,2334208
16,34,owner_retained_borrow_copy_read,own_local_view,read,100000,30880,0.3088,2350000
16,35,async_queue_job_1024_local_copies,own_local,job,100,347172,3471.72,2406400
16,36,frame_4096_draws_64_unique_leases,own_shared,frame,24,85827,3576.125,41287680
16,37,weak_lock_expired,own_shared,lock,100000,68543,0.68543,0
16,38,weak_lock_live,std_shared,lock,100000,1672387,16.72387,2350000
16,39,async_queue_job_64_borrow_reads,own_shared_then_local_view,job,100,91682,916.82,150400
16,40,copy_read_drop,own_shared,copy,100000,1310609,13.10609,2350000
16,41,localize_read_drop,own_local,group,100000,1776337,17.76337,2350000
16,42,independent_owner_parameter,own_shared,call,100000,1313230,13.1323,2350000
16,43,owner_retained_4096_parameter_borrows,own_local_view,frame,24,76335,3180.625,41287680
16,44,async_queue_job_1_local_copies,std_shared,job,100,71136,711.36,2000
16,45,independent_owner_parameter,std_shared,call,100000,1655668,16.55668,2350000
16,46,independent_owner_parameter,own_local,call,100000,127037,1.27037,2350000
16,47,group_setup_then_64_copies,std_shared,group,1562,1665605,1066.3284251,2349248
16,48,group_setup_then_8_copies,own_local,group,12500,385800,30.864,2350000
16,49,frame_4096_draws_64_unique_leases,std_shared,frame,24,85465,3561.04166667,41287680
16,50,group_setup_then_1_copies,std_shared,group,100000,3335206,33.35206,2000000
16,51,borrow_read,raw_borrow,read,100000,35164,0.35164,2350000
16,52,create_read_destroy,own_shared,asset,100000,1802619,18.02619,65000400000
16,53,owner_retained_4096_draw_borrows,std_raw_borrow,frame,24,48061,2002.54166667,41287680
16,54,group_setup_then_1024_copies,own_local,group,97,111515,1149.63917526,2334208
16,55,owner_retained_borrow_copy_read,std_raw_borrow,read,100000,30006,0.30006,2350000
17,0,async_queue_job_64_local_copies,std_shared,job,100,336502,3365.02,150400
17,1,group_setup_then_1_copies,std_shared,group,100000,3326257,33.26257,2000000
17,2,group_setup_then_1024_copies,std_shared,group,97,1614725,16646.6494845,2334208
17,3,independent_owner_parameter,own_shared,call,100000,1314239,13.14239,2350000
17,4,contended_copy_2_workers,own_shared,copy,200000,7078556,35.39278,4700000
17,5,create_read_destroy,own_local,asset,100000,2346593,23.46593,65000400000
17,6,independent_owner_parameter,std_shared,call,100000,1657420,16.5742,2350000
17,7,async_queue_job_1024_local_copies,std_shared,job,100,2398661,23986.61,2406400
17,8,share_read_drop,std_shared,handoff,100000,1486784,14.86784,2350000
17,9,owner_retained_4096_parameter_borrows,own_local_view,frame,24,82222,3425.91666667,41287680
17,10,contended_copy_2_workers,std_shared,copy,200000,15556201,77.781005,4700000
17,11,scene_4096_attachments,std_shared,attachment,98304,937655,9.5383199056,98304
17,12,resettable_root_pin_1024_borrow_reads,std_shared_pin_raw_borrow,scope,97,33478,345.134020619,2334208
17,13,copy_read_drop,std_shared,copy,100000,1698574,16.98574,2350000
17,14,copy_read_drop,own_shared,copy,100000,1300591,13.00591,2350000
17,15,owner_retained_borrow_copy_read,own_local_view,read,100000,32276,0.32276,2350000
17,16,async_queue_job_64_local_copies,own_local,job,100,65568,655.68,150400
17,17,async_queue_job_1024_borrow_reads,std_shared_then_raw_borrow,job,100,116843,1168.43,2406400
17,18,group_setup_then_8_copies,own_local,group,12500,389860,31.1888,2350000
17,19,owner_retained_borrow_copy_read,std_raw_borrow,read,100000,30082,0.30082,2350000
17,20,weak_lock_live,own_shared,lock,100000,1500841,15.00841,2350000
17,21,resettable_root_pin_1024_borrow_reads,own_shared_pin_local_view,scope,97,33294,343.237113402,2334208
17,22,share_read_drop,own_shared,handoff,100000,1122863,11.22863,2350000
17,23,async_queue_job_1024_borrow_reads,own_shared_then_local_view,job,100,141447,1414.47,2406400
17,24,resource_lifecycle_64_assets_4096_objects,std_shared,cycle,10,507552,50755.2,17203200
17,25,create_read_destroy,own_shared,asset,100000,1770200,17.702,65000400000
17,26,frame_4096_draws_64_unique_leases,own_shared,frame,24,87859,3660.79166667,41287680
17,27,scene_4096_attachments,own_local,attachment,98304,131478,1.33746337891,98304
17,28,async_queue_job_1_local_copies,own_local,job,100,63189,631.89,2000
17,29,owner_retained_4096_parameter_borrows,std_raw_borrow,frame,24,92394,3849.75,41287680
17,30,async_queue_job_1024_local_copies,own_local,job,100,311153,3111.53,2406400
17,31,owner_retained_4096_draw_borrows,own_local_view,frame,24,47592,1983,41287680
17,32,async_queue_job_64_borrow_reads,std_shared_then_raw_borrow,job,100,55667,556.67,150400
17,33,owner_retained_borrow_parameter,std_raw_borrow,call,100000,64201,0.64201,2350000
17,34,localize_read_drop,own_local,group,100000,1774505,17.74505,2350000
17,35,localize_read_drop,std_shared,group,100000,1463480,14.6348,2350000
17,36,async_queue_job_1_local_copies,std_shared,job,100,70928,709.28,2000
17,37,resource_lifecycle_64_assets_4096_objects,own_local,cycle,10,240020,24002,17203200
17,38,group_setup_then_1024_copies,own_local,group,97,129152,1331.46391753,2334208
17,39,owner_retained_4096_draw_borrows,std_raw_borrow,frame,24,47196,1966.5,41287680
17,40,async_queue_job_1_borrow_reads,std_shared_then_raw_borrow,job,100,48279,482.79,2000
17,41,copy_read_drop,own_local,copy,100000,105159,1.05159,2350000
17,42,async_queue_job_1_borrow_reads,own_shared_then_local_view,job,100,48469,484.69,2000
17,43,owner_retained_borrow_parameter,own_local_view,call,100000,64245,0.64245,2350000
17,44,group_setup_then_64_copies,std_shared,group,1562,1679148,1074.99871959,2349248
17,45,weak_lock_live,std_shared,lock,100000,1677328,16.77328,2350000
17,46,group_setup_then_8_copies,std_shared,group,12500,1867090,149.3672,2350000
17,47,weak_lock_expired,own_shared,lock,100000,68504,0.68504,0
17,48,group_setup_then_64_copies,own_local,group,1562,204790,131.107554417,2349248
17,49,async_queue_job_64_borrow_reads,own_shared_then_local_view,job,100,62860,628.6,150400
17,50,group_setup_then_1_copies,own_local,group,100000,2510015,25.10015,2000000
17,51,independent_owner_parameter,own_local,call,100000,115041,1.15041,2350000
17,52,borrow_read,raw_borrow,read,100000,35265,0.35265,2350000
17,53,frame_4096_draws_64_unique_leases,std_shared,frame,24,112183,4674.29166667,41287680
17,54,create_read_destroy,std_shared,asset,100000,1182168,11.82168,65000400000
17,55,weak_lock_expired,std_shared,lock,100000,77072,0.77072,0
18,0,async_queue_job_64_local_copies,std_shared,job,100,296925,2969.25,150400
18,1,async_queue_job_1024_borrow_reads,std_shared_then_raw_borrow,job,100,158359,1583.59,2406400
18,2,group_setup_then_1_copies,std_shared,group,100000,3314787,33.14787,2000000
18,3,copy_read_drop,own_local,copy,100000,104925,1.04925,2350000
18,4,group_setup_then_64_copies,own_local,group,1562,329360,210.85787452,2349248
18,5,resettable_root_pin_1024_borrow_reads,own_shared_pin_local_view,scope,97,33602,346.412371134,2334208
18,6,group_setup_then_1024_copies,std_shared,group,97,1640117,16908.4226804,2334208
18,7,independent_owner_parameter,own_local,call,100000,127112,1.27112,2350000
18,8,group_setup_then_1024_copies,own_local,group,97,114599,1181.43298969,2334208
18,9,group_setup_then_8_copies,std_shared,group,12500,1843063,147.44504,2350000
18,10,weak_lock_live,own_shared,lock,100000,1516810,15.1681,2350000
18,11,independent_owner_parameter,std_shared,call,100000,1671780,16.7178,2350000
18,12,owner_retained_borrow_parameter,own_local_view,call,100000,64194,0.64194,2350000
18,13,owner_retained_4096_parameter_borrows,std_raw_borrow,frame,24,76505,3187.70833333,41287680
18,14,async_queue_job_1_borrow_reads,std_shared_then_raw_borrow,job,100,63002,630.02,2000
18,15,async_queue_job_1_local_copies,std_shared,job,100,67731,677.31,2000
18,16,async_queue_job_64_borrow_reads,std_shared_then_raw_borrow,job,100,54739,547.39,150400
18,17,weak_lock_live,std_shared,lock,100000,1672777,16.72777,2350000
18,18,resettable_root_pin_1024_borrow_reads,std_shared_pin_raw_borrow,scope,97,31780,327.628865979,2334208
18,19,frame_4096_draws_64_unique_leases,own_shared,frame,24,86401,3600.04166667,41287680
18,20,create_read_destroy,std_shared,asset,100000,1189785,11.89785,65000400000
18,21,contended_copy_2_workers,std_shared,copy,200000,5899798,29.49899,4700000
18,22,weak_lock_expired,std_shared,lock,100000,77216,0.77216,0
18,23,create_read_destroy,own_local,asset,100000,2313634,23.13634,65000400000
18,24,contended_copy_2_workers,own_shared,copy,200000,7109859,35.549295,4700000
18,25,owner_retained_borrow_copy_read,own_local_view,read,100000,30137,0.30137,2350000
18,26,resource_lifecycle_64_assets_4096_objects,own_local,cycle,10,239456,23945.6,17203200
18,27,group_setup_then_8_copies,own_local,group,12500,371428,29.71424,2350000
18,28,share_read_drop,std_shared,handoff,100000,1484658,14.84658,2350000
18,29,owner_retained_borrow_parameter,std_raw_borrow,call,100000,59920,0.5992,2350000
18,30,borrow_read,raw_borrow,read,100000,35101,0.35101,2350000
18,31,async_queue_job_1_local_copies,own_local,job,100,70006,700.06,2000
18,32,owner_retained_borrow_copy_read,std_raw_borrow,read,100000,30399,0.30399,2350000
18,33,localize_read_drop,own_local,group,100000,1802893,18.02893,2350000
18,34,share_read_drop,own_shared,handoff,100000,1118792,11.18792,2350000
18,35,resource_lifecycle_64_assets_4096_objects,std_shared,cycle,10,506970,50697,17203200
18,36,group_setup_then_1_copies,own_local,group,100000,2543647,25.43647,2000000
18,37,owner_retained_4096_parameter_borrows,own_local_view,frame,24,76940,3205.83333333,41287680
18,38,owner_retained_4096_draw_borrows,own_local_view,frame,24,47029,1959.54166667,41287680
18,39,group_setup_then_64_copies,std_shared,group,1562,1677721,1074.08514725,2349248
18,40,async_queue_job_1_borrow_reads,own_shared_then_local_view,job,100,66947,669.47,2000
18,41,copy_read_drop,own_shared,copy,100000,1305337,13.05337,2350000
18,42,create_read_destroy,own_shared,asset,100000,1781259,17.81259,65000400000
18,43,weak_lock_expired,own_shared,lock,100000,68476,0.68476,0
18,44,scene_4096_attachments,std_shared,attachment,98304,962298,9.78900146484,98304
18,45,independent_owner_parameter,own_shared,call,100000,1295780,12.9578,2350000
18,46,async_queue_job_1024_local_copies,own_local,job,100,292448,2924.48,2406400
18,47,scene_4096_attachments,own_local,attachment,98304,132743,1.35033162435,98304
18,48,async_queue_job_64_local_copies,own_local,job,100,104219,1042.19,150400
18,49,owner_retained_4096_draw_borrows,std_raw_borrow,frame,24,47831,1992.95833333,41287680
18,50,async_queue_job_64_borrow_reads,own_shared_then_local_view,job,100,54332,543.32,150400
18,51,frame_4096_draws_64_unique_leases,std_shared,frame,24,84518,3521.58333333,41287680
18,52,async_queue_job_1024_local_copies,std_shared,job,100,2356029,23560.29,2406400
18,53,localize_read_drop,std_shared,group,100000,1510159,15.10159,2350000
18,54,copy_read_drop,std_shared,copy,100000,1651846,16.51846,2350000
18,55,async_queue_job_1024_borrow_reads,own_shared_then_local_view,job,100,147183,1471.83,2406400
19,0,async_queue_job_64_borrow_reads,own_shared_then_local_view,job,100,80346,803.46,150400
19,1,frame_4096_draws_64_unique_leases,own_shared,frame,24,89188,3716.16666667,41287680
19,2,async_queue_job_64_local_copies,std_shared,job,100,321442,3214.42,150400
19,3,group_setup_then_1024_copies,own_local,group,97,111320,1147.62886598,2334208
19,4,owner_retained_borrow_parameter,std_raw_borrow,call,100000,61934,0.61934,2350000
19,5,create_read_destroy,own_shared,asset,100000,1972642,19.72642,65000400000
19,6,localize_read_drop,std_shared,group,100000,1584345,15.84345,2350000
19,7,async_queue_job_1024_local_copies,std_shared,job,100,2410258,24102.58,2406400
19,8,contended_copy_2_workers,own_shared,copy,200000,8520162,42.60081,4700000
19,9,create_read_destroy,std_shared,asset,100000,1194982,11.94982,65000400000
19,10,async_queue_job_1024_local_copies,own_local,job,100,400787,4007.87,2406400
19,11,resource_lifecycle_64_assets_4096_objects,own_local,cycle,10,228580,22858,17203200
19,12,owner_retained_4096_draw_borrows,own_local_view,frame,24,60374,2515.58333333,41287680
19,13,independent_owner_parameter,own_shared,call,100000,1324993,13.24993,2350000
19,14,borrow_read,raw_borrow,read,100000,35048,0.35048,2350000
19,15,share_read_drop,own_shared,handoff,100000,1203888,12.03888,2350000
19,16,async_queue_job_64_borrow_reads,std_shared_then_raw_borrow,job,100,80295,802.95,150400
19,17,owner_retained_borrow_copy_read,std_raw_borrow,read,100000,33974,0.33974,2350000
19,18,async_queue_job_1_borrow_reads,own_shared_then_local_view,job,100,97743,977.43,2000
19,19,async_queue_job_1_local_copies,std_shared,job,100,73024,730.24,2000
19,20,create_read_destroy,own_local,asset,100000,3002198,30.02198,65000400000
19,21,share_read_drop,std_shared,handoff,100000,1519676,15.19676,2350000
19,22,owner_retained_borrow_parameter,own_local_view,call,100000,61939,0.61939,2350000
19,23,weak_lock_live,own_shared,lock,100000,1556870,15.5687,2350000
19,24,copy_read_drop,own_shared,copy,100000,1533261,15.33261,2350000
19,25,async_queue_job_1_local_copies,own_local,job,100,59253,592.53,2000
19,26,async_queue_job_1_borrow_reads,std_shared_then_raw_borrow,job,100,45196,451.96,2000
19,27,async_queue_job_1024_borrow_reads,own_shared_then_local_view,job,100,545994,5459.94,2406400
19,28,group_setup_then_1024_copies,std_shared,group,97,1662943,17143.742268,2334208
19,29,resettable_root_pin_1024_borrow_reads,std_shared_pin_raw_borrow,scope,97,32633,336.422680412,2334208
19,30,copy_read_drop,std_shared,copy,100000,1670977,16.70977,2350000
19,31,weak_lock_expired,std_shared,lock,100000,77194,0.77194,0
19,32,localize_read_drop,own_local,group,100000,1802294,18.02294,2350000
19,33,group_setup_then_1_copies,own_local,group,100000,2538421,25.38421,2000000
19,34,weak_lock_live,std_shared,lock,100000,1676625,16.76625,2350000
19,35,scene_4096_attachments,std_shared,attachment,98304,969571,9.86298624674,98304
19,36,group_setup_then_8_copies,std_shared,group,12500,1881042,150.48336,2350000
19,37,scene_4096_attachments,own_local,attachment,98304,139276,1.41678873698,98304
19,38,owner_retained_borrow_copy_read,own_local_view,read,100000,30128,0.30128,2350000
19,39,independent_owner_parameter,own_local,call,100000,145858,1.45858,2350000
19,40,copy_read_drop,own_local,copy,100000,122837,1.22837,2350000
19,41,owner_retained_4096_draw_borrows,std_raw_borrow,frame,24,50201,2091.70833333,41287680
19,42,contended_copy_2_workers,std_shared,copy,200000,15457574,77.28787,4700000
19,43,weak_lock_expired,own_shared,lock,100000,72566,0.72566,0
19,44,group_setup_then_64_copies,own_local,group,1562,294223,188.362996159,2349248
19,45,owner_retained_4096_parameter_borrows,std_raw_borrow,frame,24,93717,3904.875,41287680
19,46,group_setup_then_64_copies,std_shared,group,1562,1717735,1099.70230474,2349248
19,47,async_queue_job_64_local_copies,own_local,job,100,122551,1225.51,150400
19,48,group_setup_then_8_copies,own_local,group,12500,391760,31.3408,2350000
19,49,group_setup_then_1_copies,std_shared,group,100000,3383718,33.83718,2000000
19,50,resettable_root_pin_1024_borrow_reads,own_shared_pin_local_view,scope,97,43248,445.855670103,2334208
19,51,owner_retained_4096_parameter_borrows,own_local_view,frame,24,78861,3285.875,41287680
19,52,resource_lifecycle_64_assets_4096_objects,std_shared,cycle,10,527293,52729.3,17203200
19,53,frame_4096_draws_64_unique_leases,std_shared,frame,24,87211,3633.79166667,41287680
19,54,async_queue_job_1024_borrow_reads,std_shared_then_raw_borrow,job,100,112002,1120.02,2406400
19,55,independent_owner_parameter,std_shared,call,100000,1666529,16.66529,2350000
20,0,copy_read_drop,own_shared,copy,100000,1325585,13.25585,2350000
20,1,async_queue_job_1024_borrow_reads,own_shared_then_local_view,job,100,117112,1171.12,2406400
20,2,weak_lock_expired,own_shared,lock,100000,72183,0.72183,0
20,3,group_setup_then_64_copies,std_shared,group,1562,1693040,1083.89244558,2349248
20,4,async_queue_job_1024_borrow_reads,std_shared_then_raw_borrow,job,100,208766,2087.66,2406400
20,5,frame_4096_draws_64_unique_leases,own_shared,frame,24,89452,3727.16666667,41287680
20,6,owner_retained_4096_draw_borrows,own_local_view,frame,24,47578,1982.41666667,41287680
20,7,resettable_root_pin_1024_borrow_reads,own_shared_pin_local_view,scope,97,33270,342.989690722,2334208
20,8,async_queue_job_1_local_copies,std_shared,job,100,107731,1077.31,2000
20,9,frame_4096_draws_64_unique_leases,std_shared,frame,24,100780,4199.16666667,41287680
20,10,group_setup_then_1_copies,std_shared,group,100000,3346848,33.46848,2000000
20,11,async_queue_job_1024_local_copies,std_shared,job,100,2559121,25591.21,2406400
20,12,async_queue_job_64_borrow_reads,std_shared_then_raw_borrow,job,100,81637,816.37,150400
20,13,async_queue_job_1_borrow_reads,std_shared_then_raw_borrow,job,100,68327,683.27,2000
20,14,async_queue_job_1_local_copies,own_local,job,100,70740,707.4,2000
20,15,independent_owner_parameter,std_shared,call,100000,1638297,16.38297,2350000
20,16,owner_retained_4096_parameter_borrows,std_raw_borrow,frame,24,77271,3219.625,41287680
20,17,resource_lifecycle_64_assets_4096_objects,own_local,cycle,10,248194,24819.4,17203200
20,18,copy_read_drop,own_local,copy,100000,106240,1.0624,2350000
20,19,async_queue_job_64_borrow_reads,own_shared_then_local_view,job,100,59900,599,150400
20,20,contended_copy_2_workers,own_shared,copy,200000,5479221,27.396105,4700000
20,21,group_setup_then_1024_copies,own_local,group,97,114359,1178.95876289,2334208
20,22,independent_owner_parameter,own_shared,call,100000,1371564,13.71564,2350000
20,23,owner_retained_borrow_parameter,std_raw_borrow,call,100000,61722,0.61722,2350000
20,24,group_setup_then_1024_copies,std_shared,group,97,1665460,17169.6907216,2334208
20,25,share_read_drop,std_shared,handoff,100000,1479029,14.79029,2350000
20,26,owner_retained_4096_draw_borrows,std_raw_borrow,frame,24,47449,1977.04166667,41287680
20,27,weak_lock_live,own_shared,lock,100000,1537214,15.37214,2350000
20,28,share_read_drop,own_shared,handoff,100000,1208848,12.08848,2350000
20,29,independent_owner_parameter,own_local,call,100000,115812,1.15812,2350000
20,30,async_queue_job_1024_local_copies,own_local,job,100,343383,3433.83,2406400
20,31,group_setup_then_64_copies,own_local,group,1562,178971,114.578104994,2349248
20,32,weak_lock_expired,std_shared,lock,100000,101362,1.01362,0
20,33,contended_copy_2_workers,std_shared,copy,200000,17550419,87.752095,4700000
20,34,resource_lifecycle_64_assets_4096_objects,std_shared,cycle,10,530019,53001.9,17203200
20,35,group_setup_then_8_copies,own_local,group,12500,389630,31.1704,2350000
20,36,owner_retained_borrow_copy_read,own_local_view,read,100000,32266,0.32266,2350000
20,37,owner_retained_4096_parameter_borrows,own_local_view,frame,24,77950,3247.91666667,41287680
20,38,copy_read_drop,std_shared,copy,100000,1668774,16.68774,2350000
20,39,owner_retained_borrow_copy_read,std_raw_borrow,read,100000,30049,0.30049,2350000
20,40,create_read_destroy,own_local,asset,100000,2288624,22.88624,65000400000
20,41,localize_read_drop,own_local,group,100000,1794047,17.94047,2350000
20,42,borrow_read,raw_borrow,read,100000,35095,0.35095,2350000
20,43,owner_retained_borrow_parameter,own_local_view,call,100000,59962,0.59962,2350000
20,44,group_setup_then_1_copies,own_local,group,100000,2562240,25.6224,2000000
20,45,async_queue_job_1_borrow_reads,own_shared_then_local_view,job,100,51422,514.22,2000
20,46,group_setup_then_8_copies,std_shared,group,12500,1845455,147.6364,2350000
20,47,localize_read_drop,std_shared,group,100000,1472516,14.72516,2350000
20,48,scene_4096_attachments,std_shared,attachment,98304,990831,10.0792541504,98304
20,49,scene_4096_attachments,own_local,attachment,98304,190883,1.94176228841,98304
20,50,weak_lock_live,std_shared,lock,100000,1781828,17.81828,2350000
20,51,async_queue_job_64_local_copies,own_local,job,100,83622,836.22,150400
20,52,create_read_destroy,std_shared,asset,100000,1220133,12.20133,65000400000
20,53,async_queue_job_64_local_copies,std_shared,job,100,259042,2590.42,150400
20,54,create_read_destroy,own_shared,asset,100000,1783226,17.83226,65000400000
20,55,resettable_root_pin_1024_borrow_reads,std_shared_pin_raw_borrow,scope,97,31694,326.742268041,2334208
21,0,owner_retained_4096_draw_borrows,own_local_view,frame,24,48103,2004.29166667,41287680
21,1,weak_lock_expired,own_shared,lock,100000,68764,0.68764,0
21,2,owner_retained_4096_draw_borrows,std_raw_borrow,frame,24,59708,2487.83333333,41287680
21,3,owner_retained_borrow_copy_read,std_raw_borrow,read,100000,30220,0.3022,2350000
21,4,create_read_destroy,own_local,asset,100000,2305379,23.05379,65000400000
21,5,frame_4096_draws_64_unique_leases,own_shared,frame,24,87664,3652.66666667,41287680
21,6,group_setup_then_1_copies,own_local,group,100000,2482994,24.82994,2000000
21,7,group_setup_then_64_copies,std_shared,group,1562,1688758,1081.15108835,2349248
21,8,localize_read_drop,own_local,group,100000,1776527,17.76527,2350000
21,9,borrow_read,raw_borrow,read,100000,35029,0.35029,2350000
21,10,independent_owner_parameter,std_shared,call,100000,1672271,16.72271,2350000
21,11,weak_lock_live,own_shared,lock,100000,1490638,14.90638,2350000
21,12,owner_retained_4096_parameter_borrows,std_raw_borrow,frame,24,76021,3167.54166667,41287680
21,13,independent_owner_parameter,own_local,call,100000,115728,1.15728,2350000
21,14,async_queue_job_64_borrow_reads,std_shared_then_raw_borrow,job,100,104265,1042.65,150400
21,15,independent_owner_parameter,own_shared,call,100000,1367292,13.67292,2350000
21,16,scene_4096_attachments,own_local,attachment,98304,131341,1.33606974284,98304
21,17,async_queue_job_1_local_copies,own_local,job,100,63498,634.98,2000
21,18,async_queue_job_1_local_copies,std_shared,job,100,164918,1649.18,2000
21,19,group_setup_then_1024_copies,std_shared,group,97,1740624,17944.5773196,2334208
21,20,contended_copy_2_workers,own_shared,copy,200000,8825803,44.129015,4700000
21,21,async_queue_job_1024_borrow_reads,own_shared_then_local_view,job,100,228517,2285.17,2406400
21,22,owner_retained_borrow_copy_read,own_local_view,read,100000,30057,0.30057,2350000
21,23,async_queue_job_64_borrow_reads,own_shared_then_local_view,job,100,67896,678.96,150400
21,24,group_setup_then_8_copies,own_local,group,12500,373714,29.89712,2350000
21,25,copy_read_drop,std_shared,copy,100000,1667338,16.67338,2350000
21,26,group_setup_then_1_copies,std_shared,group,100000,3394358,33.94358,2000000
21,27,async_queue_job_1_borrow_reads,own_shared_then_local_view,job,100,63280,632.8,2000
21,28,copy_read_drop,own_local,copy,100000,105871,1.05871,2350000
21,29,async_queue_job_1024_borrow_reads,std_shared_then_raw_borrow,job,100,137388,1373.88,2406400
21,30,async_queue_job_64_local_copies,own_local,job,100,93536,935.36,150400
21,31,owner_retained_borrow_parameter,std_raw_borrow,call,100000,59986,0.59986,2350000
21,32,copy_read_drop,own_shared,copy,100000,1295133,12.95133,2350000
21,33,async_queue_job_1024_local_copies,std_shared,job,100,2408540,24085.4,2406400
21,34,share_read_drop,own_shared,handoff,100000,1150785,11.50785,2350000
21,35,create_read_destroy,own_shared,asset,100000,1773982,17.73982,65000400000
21,36,resettable_root_pin_1024_borrow_reads,std_shared_pin_raw_borrow,scope,97,33465,345,2334208
21,37,async_queue_job_1_borrow_reads,std_shared_then_raw_borrow,job,100,65982,659.82,2000
21,38,group_setup_then_8_copies,std_shared,group,12500,1909660,152.7728,2350000
21,39,share_read_drop,std_shared,handoff,100000,1476531,14.76531,2350000
21,40,resettable_root_pin_1024_borrow_reads,own_shared_pin_local_view,scope,97,33349,343.804123711,2334208
21,41,create_read_destroy,std_shared,asset,100000,1225163,12.25163,65000400000
21,42,weak_lock_live,std_shared,lock,100000,1684868,16.84868,2350000
21,43,group_setup_then_64_copies,own_local,group,1562,420505,269.209346991,2349248
21,44,owner_retained_4096_parameter_borrows,own_local_view,frame,24,77519,3229.95833333,41287680
21,45,resource_lifecycle_64_assets_4096_objects,own_local,cycle,10,230969,23096.9,17203200
21,46,group_setup_then_1024_copies,own_local,group,97,127586,1315.31958763,2334208
21,47,async_queue_job_1024_local_copies,own_local,job,100,361806,3618.06,2406400
21,48,frame_4096_draws_64_unique_leases,std_shared,frame,24,86954,3623.08333333,41287680
21,49,contended_copy_2_workers,std_shared,copy,200000,6976437,34.882185,4700000
21,50,async_queue_job_64_local_copies,std_shared,job,100,381497,3814.97,150400
21,51,localize_read_drop,std_shared,group,100000,1543055,15.43055,2350000
21,52,resource_lifecycle_64_assets_4096_objects,std_shared,cycle,10,530162,53016.2,17203200
21,53,scene_4096_attachments,std_shared,attachment,98304,950721,9.67123413086,98304
21,54,owner_retained_borrow_parameter,own_local_view,call,100000,60052,0.60052,2350000
21,55,weak_lock_expired,std_shared,lock,100000,77135,0.77135,0
22,0,async_queue_job_1_local_copies,std_shared,job,100,67759,677.59,2000
22,1,async_queue_job_1024_borrow_reads,own_shared_then_local_view,job,100,125273,1252.73,2406400
22,2,owner_retained_4096_draw_borrows,std_raw_borrow,frame,24,49117,2046.54166667,41287680
22,3,share_read_drop,own_shared,handoff,100000,1196040,11.9604,2350000
22,4,group_setup_then_8_copies,std_shared,group,12500,1896329,151.70632,2350000
22,5,group_setup_then_64_copies,std_shared,group,1562,1719384,1100.75800256,2349248
22,6,async_queue_job_1_borrow_reads,own_shared_then_local_view,job,100,67608,676.08,2000
22,7,async_queue_job_1024_local_copies,own_local,job,100,353744,3537.44,2406400
22,8,async_queue_job_64_local_copies,std_shared,job,100,284714,2847.14,150400
22,9,independent_owner_parameter,own_shared,call,100000,1399349,13.99349,2350000
22,10,async_queue_job_1_local_copies,own_local,job,100,78656,786.56,2000
22,11,frame_4096_draws_64_unique_leases,std_shared,frame,24,91463,3810.95833333,41287680
22,12,resettable_root_pin_1024_borrow_reads,std_shared_pin_raw_borrow,scope,97,33350,343.81443299,2334208
22,13,create_read_destroy,std_shared,asset,100000,1300737,13.00737,65000400000
22,14,owner_retained_borrow_copy_read,std_raw_borrow,read,100000,33659,0.33659,2350000
22,15,weak_lock_live,own_shared,lock,100000,1584894,15.84894,2350000
22,16,resource_lifecycle_64_assets_4096_objects,own_local,cycle,10,257212,25721.2,17203200
22,17,async_queue_job_64_local_copies,own_local,job,100,67391,673.91,150400
22,18,frame_4096_draws_64_unique_leases,own_shared,frame,24,94989,3957.875,41287680
22,19,async_queue_job_64_borrow_reads,own_shared_then_local_view,job,100,68824,688.24,150400
22,20,owner_retained_4096_draw_borrows,own_local_view,frame,24,48965,2040.20833333,41287680
22,21,group_setup_then_1_copies,std_shared,group,100000,3486354,34.86354,2000000
22,22,independent_owner_parameter,own_local,call,100000,126526,1.26526,2350000
22,23,owner_retained_4096_parameter_borrows,std_raw_borrow,frame,24,97397,4058.20833333,41287680
22,24,create_read_destroy,own_shared,asset,100000,1869894,18.69894,65000400000
22,25,localize_read_drop,std_shared,group,100000,1557690,15.5769,2350000
22,26,copy_read_drop,own_shared,copy,100000,1393134,13.93134,2350000
22,27,group_setup_then_1024_copies,std_shared,group,97,1695835,17482.8350515,2334208
22,28,group_setup_then_1_copies,own_local,group,100000,2675971,26.75971,2000000
22,29,independent_owner_parameter,std_shared,call,100000,1711095,17.11095,2350000
22,30,async_queue_job_1024_local_copies,std_shared,job,100,2626644,26266.44,2406400
22,31,owner_retained_borrow_parameter,std_raw_borrow,call,100000,65971,0.65971,2350000
22,32,group_setup_then_1024_copies,own_local,group,97,182859,1885.1443299,2334208
22,33,weak_lock_live,std_shared,lock,100000,1773216,17.73216,2350000
22,34,weak_lock_expired,std_shared,lock,100000,97382,0.97382,0
22,35,async_queue_job_64_borrow_reads,std_shared_then_raw_borrow,job,100,89915,899.15,150400
22,36,owner_retained_borrow_copy_read,own_local_view,read,100000,44324,0.44324,2350000
22,37,create_read_destroy,own_local,asset,100000,2364931,23.64931,65000400000
22,38,share_read_drop,std_shared,handoff,100000,1527471,15.27471,2350000
22,39,scene_4096_attachments,std_shared,attachment,98304,956305,9.72803751628,98304
22,40,localize_read_drop,own_local,group,100000,1794814,17.94814,2350000
22,41,copy_read_drop,std_shared,copy,100000,1660397,16.60397,2350000
22,42,weak_lock_expired,own_shared,lock,100000,69718,0.69718,0
22,43,borrow_read,raw_borrow,read,100000,35064,0.35064,2350000
22,44,resettable_root_pin_1024_borrow_reads,own_shared_pin_local_view,scope,97,33341,343.721649485,2334208
22,45,owner_retained_4096_parameter_borrows,own_local_view,frame,24,77909,3246.20833333,41287680
22,46,async_queue_job_1_borrow_reads,std_shared_then_raw_borrow,job,100,49020,490.2,2000
22,47,resource_lifecycle_64_assets_4096_objects,std_shared,cycle,10,510565,51056.5,17203200
22,48,scene_4096_attachments,own_local,attachment,98304,154352,1.57014973958,98304
22,49,group_setup_then_64_copies,own_local,group,1562,254530,162.95134443,2349248
22,50,copy_read_drop,own_local,copy,100000,111583,1.11583,2350000
22,51,group_setup_then_8_copies,own_local,group,12500,391776,31.34208,2350000
22,52,async_queue_job_1024_borrow_reads,std_shared_then_raw_borrow,job,100,106064,1060.64,2406400
22,53,contended_copy_2_workers,own_shared,copy,200000,12116130,60.58065,4700000
22,54,owner_retained_borrow_parameter,own_local_view,call,100000,60005,0.60005,2350000
22,55,contended_copy_2_workers,std_shared,copy,200000,7589612,37.94806,4700000
23,0,owner_retained_borrow_copy_read,own_local_view,read,100000,30159,0.30159,2350000
23,1,group_setup_then_8_copies,own_local,group,12500,399162,31.93296,2350000
23,2,contended_copy_2_workers,own_shared,copy,200000,4460556,22.30278,4700000
23,3,async_queue_job_1_local_copies,own_local,job,100,85347,853.47,2000
23,4,group_setup_then_64_copies,own_local,group,1562,274714,175.873239437,2349248
23,5,resettable_root_pin_1024_borrow_reads,std_shared_pin_raw_borrow,scope,97,32041,330.319587629,2334208
23,6,resource_lifecycle_64_assets_4096_objects,std_shared,cycle,10,512915,51291.5,17203200
23,7,copy_read_drop,own_local,copy,100000,106194,1.06194,2350000
23,8,async_queue_job_1024_local_copies,std_shared,job,100,2402581,24025.81,2406400
23,9,group_setup_then_1_copies,own_local,group,100000,2531396,25.31396,2000000
23,10,independent_owner_parameter,own_shared,call,100000,1448994,14.48994,2350000
23,11,async_queue_job_64_local_copies,std_shared,job,100,295419,2954.19,150400
23,12,weak_lock_live,std_shared,lock,100000,1700604,17.00604,2350000
23,13,localize_read_drop,std_shared,group,100000,1463326,14.63326,2350000
23,14,create_read_destroy,own_local,asset,100000,2344673,23.44673,65000400000
23,15,group_setup_then_64_copies,std_shared,group,1562,1682342,1077.04353393,2349248
23,16,weak_lock_live,own_shared,lock,100000,1488688,14.88688,2350000
23,17,owner_retained_borrow_parameter,std_raw_borrow,call,100000,64157,0.64157,2350000
23,18,create_read_destroy,own_shared,asset,100000,1785155,17.85155,65000400000
23,19,copy_read_drop,std_shared,copy,100000,1652752,16.52752,2350000
23,20,create_read_destroy,std_shared,asset,100000,1215263,12.15263,65000400000
23,21,async_queue_job_64_borrow_reads,own_shared_then_local_view,job,100,70265,702.65,150400
23,22,owner_retained_borrow_copy_read,std_raw_borrow,read,100000,30124,0.30124,2350000
23,23,async_queue_job_64_local_copies,own_local,job,100,87618,876.18,150400
23,24,share_read_drop,std_shared,handoff,100000,1485589,14.85589,2350000
23,25,async_queue_job_1_borrow_reads,own_shared_then_local_view,job,100,74641,746.41,2000
23,26,contended_copy_2_workers,std_shared,copy,200000,17736894,88.68447,4700000
23,27,async_queue_job_1024_local_copies,own_local,job,100,280421,2804.21,2406400
23,28,share_read_drop,own_shared,handoff,100000,1131726,11.31726,2350000
23,29,independent_owner_parameter,std_shared,call,100000,1649245,16.49245,2350000
23,30,async_queue_job_1_borrow_reads,std_shared_then_raw_borrow,job,100,103509,1035.09,2000
23,31,independent_owner_parameter,own_local,call,100000,118011,1.18011,2350000
23,32,group_setup_then_1024_copies,own_local,group,97,114261,1177.94845361,2334208
23,33,weak_lock_expired,own_shared,lock,100000,77150,0.7715,0
23,34,weak_lock_expired,std_shared,lock,100000,77134,0.77134,0
23,35,async_queue_job_1024_borrow_reads,own_shared_then_local_view,job,100,162559,1625.59,2406400
23,36,async_queue_job_64_borrow_reads,std_shared_then_raw_borrow,job,100,56683,566.83,150400
23,37,group_setup_then_8_copies,std_shared,group,12500,1877745,150.2196,2350000
23,38,owner_retained_4096_parameter_borrows,own_local_view,frame,24,77276,3219.83333333,41287680
23,39,group_setup_then_1_copies,std_shared,group,100000,3316528,33.16528,2000000
23,40,scene_4096_attachments,std_shared,attachment,98304,940388,9.56612141927,98304
23,41,owner_retained_4096_draw_borrows,own_local_view,frame,24,47256,1969,41287680
23,42,copy_read_drop,own_shared,copy,100000,1300055,13.00055,2350000
23,43,frame_4096_draws_64_unique_leases,std_shared,frame,24,84108,3504.5,41287680
23,44,owner_retained_borrow_parameter,own_local_view,call,100000,59966,0.59966,2350000
23,45,group_setup_then_1024_copies,std_shared,group,97,1660688,17120.4948454,2334208
23,46,resettable_root_pin_1024_borrow_reads,own_shared_pin_local_view,scope,97,33416,344.494845361,2334208
23,47,resource_lifecycle_64_assets_4096_objects,own_local,cycle,10,231620,23162,17203200
23,48,async_queue_job_1_local_copies,std_shared,job,100,69546,695.46,2000
23,49,owner_retained_4096_draw_borrows,std_raw_borrow,frame,24,49338,2055.75,41287680
23,50,localize_read_drop,own_local,group,100000,1775523,17.75523,2350000
23,51,owner_retained_4096_parameter_borrows,std_raw_borrow,frame,24,76002,3166.75,41287680
23,52,frame_4096_draws_64_unique_leases,own_shared,frame,24,86996,3624.83333333,41287680
23,53,async_queue_job_1024_borrow_reads,std_shared_then_raw_borrow,job,100,188529,1885.29,2406400
23,54,scene_4096_attachments,own_local,attachment,98304,131065,1.33326212565,98304
23,55,borrow_read,raw_borrow,read,100000,35090,0.3509,2350000
24,0,async_queue_job_1_local_copies,std_shared,job,100,53829,538.29,2000
24,1,owner_retained_4096_parameter_borrows,own_local_view,frame,24,76383,3182.625,41287680
24,2,copy_read_drop,std_shared,copy,100000,1661802,16.61802,2350000
24,3,scene_4096_attachments,own_local,attachment,98304,131061,1.33322143555,98304
24,4,owner_retained_borrow_parameter,std_raw_borrow,call,100000,61147,0.61147,2350000
24,5,group_setup_then_1024_copies,own_local,group,97,115215,1187.78350515,2334208
24,6,group_setup_then_64_copies,own_local,group,1562,195164,124.944942382,2349248
24,7,contended_copy_2_workers,std_shared,copy,200000,20379449,101.897245,4700000
24,8,contended_copy_2_workers,own_shared,copy,200000,8854885,44.274425,4700000
24,9,group_setup_then_8_copies,own_local,group,12500,387785,31.0228,2350000
24,10,share_read_drop,std_shared,handoff,100000,1492264,14.92264,2350000
24,11,scene_4096_attachments,std_shared,attachment,98304,939383,9.5558980306,98304
24,12,async_queue_job_1024_borrow_reads,std_shared_then_raw_borrow,job,100,117526,1175.26,2406400
24,13,frame_4096_draws_64_unique_leases,own_shared,frame,24,87196,3633.16666667,41287680
24,14,group_setup_then_1_copies,own_local,group,100000,2569222,25.69222,2000000
24,15,localize_read_drop,own_local,group,100000,1771596,17.71596,2350000
24,16,owner_retained_4096_draw_borrows,own_local_view,frame,24,47974,1998.91666667,41287680
24,17,async_queue_job_1024_borrow_reads,own_shared_then_local_view,job,100,141998,1419.98,2406400
24,18,owner_retained_borrow_copy_read,own_local_view,read,100000,32278,0.32278,2350000
24,19,async_queue_job_64_borrow_reads,std_shared_then_raw_borrow,job,100,59293,592.93,150400
24,20,create_read_destroy,own_shared,asset,100000,1800563,18.00563,65000400000
24,21,share_read_drop,own_shared,handoff,100000,1114652,11.14652,2350000
24,22,frame_4096_draws_64_unique_leases,std_shared,frame,24,84608,3525.33333333,41287680
24,23,borrow_read,raw_borrow,read,100000,35022,0.35022,2350000
24,24,group_setup_then_1024_copies,std_shared,group,97,1639263,16899.6185567,2334208
24,25,resettable_root_pin_1024_borrow_reads,own_shared_pin_local_view,scope,97,33476,345.113402062,2334208
24,26,async_queue_job_64_local_copies,std_shared,job,100,253588,2535.88,150400
24,27,async_queue_job_64_borrow_reads,own_shared_then_local_view,job,100,79759,797.59,150400
24,28,resettable_root_pin_1024_borrow_reads,std_shared_pin_raw_borrow,scope,97,33405,344.381443299,2334208
24,29,copy_read_drop,own_shared,copy,100000,1310089,13.10089,2350000
24,30,async_queue_job_1_local_copies,own_local,job,100,94757,947.57,2000
24,31,group_setup_then_8_copies,std_shared,group,12500,1855135,148.4108,2350000
24,32,owner_retained_4096_parameter_borrows,std_raw_borrow,frame,24,77405,3225.20833333,41287680
24,33,independent_owner_parameter,std_shared,call,100000,1661465,16.61465,2350000
24,34,resource_lifecycle_64_assets_4096_objects,std_shared,cycle,10,519550,51955,17203200
24,35,async_queue_job_1024_local_copies,std_shared,job,100,2236342,22363.42,2406400
24,36,group_setup_then_1_copies,std_shared,group,100000,3320699,33.20699,2000000
24,37,weak_lock_live,std_shared,lock,100000,1700046,17.00046,2350000
24,38,group_setup_then_64_copies,std_shared,group,1562,1717174,1099.34314981,2349248
24,39,create_read_destroy,own_local,asset,100000,2519377,25.19377,65000400000
24,40,weak_lock_expired,own_shared,lock,100000,68762,0.68762,0
24,41,async_queue_job_1024_local_copies,own_local,job,100,320008,3200.08,2406400
24,42,weak_lock_expired,std_shared,lock,100000,90151,0.90151,0
24,43,async_queue_job_1_borrow_reads,own_shared_then_local_view,job,100,68748,687.48,2000
24,44,owner_retained_borrow_parameter,own_local_view,call,100000,68225,0.68225,2350000
24,45,owner_retained_borrow_copy_read,std_raw_borrow,read,100000,38208,0.38208,2350000
24,46,independent_owner_parameter,own_local,call,100000,119788,1.19788,2350000
24,47,weak_lock_live,own_shared,lock,100000,1488679,14.88679,2350000
24,48,independent_owner_parameter,own_shared,call,100000,1374941,13.74941,2350000
24,49,localize_read_drop,std_shared,group,100000,1462385,14.62385,2350000
24,50,create_read_destroy,std_shared,asset,100000,1192085,11.92085,65000400000
24,51,resource_lifecycle_64_assets_4096_objects,own_local,cycle,10,243585,24358.5,17203200
24,52,async_queue_job_64_local_copies,own_local,job,100,95722,957.22,150400
24,53,async_queue_job_1_borrow_reads,std_shared_then_raw_borrow,job,100,67571,675.71,2000
24,54,owner_retained_4096_draw_borrows,std_raw_borrow,frame,24,48518,2021.58333333,41287680
24,55,copy_read_drop,own_local,copy,100000,103603,1.03603,2350000
25,0,async_queue_job_1024_borrow_reads,own_shared_then_local_view,job,100,152166,1521.66,2406400
25,1,async_queue_job_1_local_copies,std_shared,job,100,54361,543.61,2000
25,2,owner_retained_4096_parameter_borrows,std_raw_borrow,frame,24,76021,3167.54166667,41287680
25,3,weak_lock_live,own_shared,lock,100000,1560324,15.60324,2350000
25,4,independent_owner_parameter,std_shared,call,100000,1645660,16.4566,2350000
25,5,owner_retained_borrow_parameter,std_raw_borrow,call,100000,75067,0.75067,2350000
25,6,async_queue_job_1_borrow_reads,std_shared_then_raw_borrow,job,100,45031,450.31,2000
25,7,async_queue_job_1024_local_copies,std_shared,job,100,2419808,24198.08,2406400
25,8,owner_retained_borrow_copy_read,own_local_view,read,100000,30194,0.30194,2350000
25,9,group_setup_then_8_copies,own_local,group,12500,382973,30.63784,2350000
25,10,group_setup_then_1_copies,std_shared,group,100000,3357432,33.57432,2000000
25,11,weak_lock_live,std_shared,lock,100000,1759410,17.5941,2350000
25,12,frame_4096_draws_64_unique_leases,own_shared,frame,24,91547,3814.45833333,41287680
25,13,share_read_drop,std_shared,handoff,100000,1510846,15.10846,2350000
25,14,owner_retained_4096_parameter_borrows,own_local_view,frame,24,77073,3211.375,41287680
25,15,owner_retained_4096_draw_borrows,own_local_view,frame,24,47094,1962.25,41287680
25,16,async_queue_job_1_local_copies,own_local,job,100,81466,814.66,2000
25,17,copy_read_drop,std_shared,copy,100000,1676866,16.76866,2350000
25,18,async_queue_job_64_borrow_reads,own_shared_then_local_view,job,100,132076,1320.76,150400
25,19,async_queue_job_1_borrow_reads,own_shared_then_local_view,job,100,71630,716.3,2000
25,20,copy_read_drop,own_shared,copy,100000,1323080,13.2308,2350000
25,21,group_setup_then_64_copies,std_shared,group,1562,1665685,1066.37964149,2349248
25,22,create_read_destroy,own_local,asset,100000,2341884,23.41884,65000400000
25,23,weak_lock_expired,own_shared,lock,100000,77140,0.7714,0
25,24,independent_owner_parameter,own_local,call,100000,111386,1.11386,2350000
25,25,resettable_root_pin_1024_borrow_reads,own_shared_pin_local_view,scope,97,33319,343.494845361,2334208
25,26,resettable_root_pin_1024_borrow_reads,std_shared_pin_raw_borrow,scope,97,33365,343.969072165,2334208
25,27,group_setup_then_1024_copies,own_local,group,97,121993,1257.65979381,2334208
25,28,owner_retained_borrow_copy_read,std_raw_borrow,read,100000,30029,0.30029,2350000
25,29,frame_4096_draws_64_unique_leases,std_shared,frame,24,85943,3580.95833333,41287680
25,30,localize_read_drop,own_local,group,100000,1858205,18.58205,2350000
25,31,contended_copy_2_workers,std_shared,copy,200000,13492740,67.4637,4700000
25,32,independent_owner_parameter,own_shared,call,100000,1304638,13.04638,2350000
25,33,async_queue_job_64_borrow_reads,std_shared_then_raw_borrow,job,100,62448,624.48,150400
25,34,group_setup_then_1024_copies,std_shared,group,97,1622841,16730.3195876,2334208
25,35,group_setup_then_64_copies,own_local,group,1562,244554,156.564660691,2349248
25,36,group_setup_then_1_copies,own_local,group,100000,2605062,26.05062,2000000
25,37,copy_read_drop,own_local,copy,100000,98627,0.98627,2350000
25,38,contended_copy_2_workers,own_shared,copy,200000,7834081,39.170405,4700000
25,39,async_queue_job_1024_local_copies,own_local,job,100,359065,3590.65,2406400
25,40,resource_lifecycle_64_assets_4096_objects,std_shared,cycle,10,504752,50475.2,17203200
25,41,owner_retained_borrow_parameter,own_local_view,call,100000,64248,0.64248,2350000
25,42,scene_4096_attachments,own_local,attachment,98304,132716,1.35005696615,98304
25,43,create_read_destroy,std_shared,asset,100000,1265670,12.6567,65000400000
25,44,async_queue_job_64_local_copies,std_shared,job,100,384758,3847.58,150400
25,45,resource_lifecycle_64_assets_4096_objects,own_local,cycle,10,225170,22517,17203200
25,46,owner_retained_4096_draw_borrows,std_raw_borrow,frame,24,51745,2156.04166667,41287680
25,47,create_read_destroy,own_shared,asset,100000,1780762,17.80762,65000400000
25,48,async_queue_job_1024_borrow_reads,std_shared_then_raw_borrow,job,100,137086,1370.86,2406400
25,49,scene_4096_attachments,std_shared,attachment,98304,937477,9.53650919596,98304
25,50,weak_lock_expired,std_shared,lock,100000,77119,0.77119,0
25,51,async_queue_job_64_local_copies,own_local,job,100,90195,901.95,150400
25,52,borrow_read,raw_borrow,read,100000,34971,0.34971,2350000
25,53,localize_read_drop,std_shared,group,100000,1468946,14.68946,2350000
25,54,group_setup_then_8_copies,std_shared,group,12500,1853484,148.27872,2350000
25,55,share_read_drop,own_shared,handoff,100000,1135795,11.35795,2350000
26,0,localize_read_drop,own_local,group,100000,1765683,17.65683,2350000
26,1,async_queue_job_1024_local_copies,own_local,job,100,303890,3038.9,2406400
26,2,frame_4096_draws_64_unique_leases,own_shared,frame,24,86848,3618.66666667,41287680
26,3,share_read_drop,own_shared,handoff,100000,1113535,11.13535,2350000
26,4,group_setup_then_64_copies,std_shared,group,1562,1696817,1086.31049936,2349248
26,5,create_read_destroy,own_local,asset,100000,2391075,23.91075,65000400000
26,6,weak_lock_live,std_shared,lock,100000,1715812,17.15812,2350000
26,7,copy_read_drop,own_local,copy,100000,105366,1.05366,2350000
26,8,scene_4096_attachments,own_local,attachment,98304,131813,1.34087117513,98304
26,9,async_queue_job_1024_local_copies,std_shared,job,100,2412513,24125.13,2406400
26,10,owner_retained_borrow_parameter,std_raw_borrow,call,100000,61734,0.61734,2350000
26,11,resource_lifecycle_64_assets_4096_objects,own_local,cycle,10,225518,22551.8,17203200
26,12,async_queue_job_64_local_copies,own_local,job,100,74201,742.01,150400
26,13,group_setup_then_8_copies,std_shared,group,12500,1854625,148.37,2350000
26,14,contended_copy_2_workers,own_shared,copy,200000,7878310,39.39155,4700000
26,15,async_queue_job_64_borrow_reads,std_shared_then_raw_borrow,job,100,52835,528.35,150400
26,16,owner_retained_borrow_parameter,own_local_view,call,100000,64323,0.64323,2350000
26,17,group_setup_then_8_copies,own_local,group,12500,369738,29.57904,2350000
26,18,owner_retained_4096_draw_borrows,std_raw_borrow,frame,24,47951,1997.95833333,41287680
26,19,async_queue_job_1_local_copies,std_shared,job,100,77084,770.84,2000
26,20,owner_retained_4096_draw_borrows,own_local_view,frame,24,47688,1987,41287680
26,21,group_setup_then_1_copies,own_local,group,100000,2534339,25.34339,2000000
26,22,independent_owner_parameter,own_shared,call,100000,1302811,13.02811,2350000
26,23,async_queue_job_1_borrow_reads,std_shared_then_raw_borrow,job,100,68786,687.86,2000
26,24,localize_read_drop,std_shared,group,100000,1517646,15.17646,2350000
26,25,async_queue_job_64_borrow_reads,own_shared_then_local_view,job,100,122878,1228.78,150400
26,26,weak_lock_expired,std_shared,lock,100000,77085,0.77085,0
26,27,copy_read_drop,own_shared,copy,100000,1305958,13.05958,2350000
26,28,owner_retained_4096_parameter_borrows,own_local_view,frame,24,76261,3177.54166667,41287680
26,29,owner_retained_borrow_copy_read,std_raw_borrow,read,100000,30107,0.30107,2350000
26,30,group_setup_then_1_copies,std_shared,group,100000,3398517,33.98517,2000000
26,31,resettable_root_pin_1024_borrow_reads,std_shared_pin_raw_borrow,scope,97,36254,373.75257732,2334208
26,32,weak_lock_expired,own_shared,lock,100000,72446,0.72446,0
26,33,owner_retained_borrow_copy_read,own_local_view,read,100000,30039,0.30039,2350000
26,34,share_read_drop,std_shared,handoff,100000,1490212,14.90212,2350000
26,35,async_queue_job_64_local_copies,std_shared,job,100,306768,3067.68,150400
26,36,borrow_read,raw_borrow,read,100000,35133,0.35133,2350000
26,37,group_setup_then_1024_copies,own_local,group,97,118567,1222.34020619,2334208
26,38,independent_owner_parameter,std_shared,call,100000,1681788,16.81788,2350000
26,39,contended_copy_2_workers,std_shared,copy,200000,13678560,68.3928,4700000
26,40,create_read_destroy,own_shared,asset,100000,2009889,20.09889,65000400000
26,41,scene_4096_attachments,std_shared,attachment,98304,982219,9.99164835612,98304
26,42,owner_retained_4096_parameter_borrows,std_raw_borrow,frame,24,77264,3219.33333333,41287680
26,43,group_setup_then_64_copies,own_local,group,1562,272232,174.28425096,2349248
26,44,weak_lock_live,own_shared,lock,100000,1480981,14.80981,2350000
26,45,copy_read_drop,std_shared,copy,100000,1685547,16.85547,2350000
26,46,create_read_destroy,std_shared,asset,100000,1166168,11.66168,65000400000
26,47,async_queue_job_1024_borrow_reads,own_shared_then_local_view,job,100,275382,2753.82,2406400
26,48,frame_4096_draws_64_unique_leases,std_shared,frame,24,83611,3483.79166667,41287680
26,49,async_queue_job_1_local_copies,own_local,job,100,260315,2603.15,2000
26,50,async_queue_job_1024_borrow_reads,std_shared_then_raw_borrow,job,100,154216,1542.16,2406400
26,51,resettable_root_pin_1024_borrow_reads,own_shared_pin_local_view,scope,97,37865,390.360824742,2334208
26,52,independent_owner_parameter,own_local,call,100000,115499,1.15499,2350000
26,53,async_queue_job_1_borrow_reads,own_shared_then_local_view,job,100,63399,633.99,2000
26,54,resource_lifecycle_64_assets_4096_objects,std_shared,cycle,10,539621,53962.1,17203200
26,55,group_setup_then_1024_copies,std_shared,group,97,1622102,16722.7010309,2334208
27,0,group_setup_then_8_copies,own_local,group,12500,396554,31.72432,2350000
27,1,copy_read_drop,own_local,copy,100000,105699,1.05699,2350000
27,2,share_read_drop,std_shared,handoff,100000,1484246,14.84246,2350000
27,3,async_queue_job_64_borrow_reads,std_shared_then_raw_borrow,job,100,68122,681.22,150400
27,4,scene_4096_attachments,std_shared,attachment,98304,983773,10.0074564616,98304
27,5,async_queue_job_64_local_copies,own_local,job,100,75569,755.69,150400
27,6,contended_copy_2_workers,std_shared,copy,200000,13680623,68.403115,4700000
27,7,owner_retained_borrow_copy_read,std_raw_borrow,read,100000,30269,0.30269,2350000
27,8,resettable_root_pin_1024_borrow_reads,own_shared_pin_local_view,scope,97,33405,344.381443299,2334208
27,9,async_queue_job_1024_local_copies,own_local,job,100,330180,3301.8,2406400
27,10,owner_retained_borrow_parameter,std_raw_borrow,call,100000,64343,0.64343,2350000
27,11,weak_lock_expired,own_shared,lock,100000,80405,0.80405,0
27,12,weak_lock_live,own_shared,lock,100000,1493966,14.93966,2350000
27,13,copy_read_drop,std_shared,copy,100000,1639551,16.39551,2350000
27,14,group_setup_then_64_copies,std_shared,group,1562,1686218,1079.52496799,2349248
27,15,async_queue_job_1_local_copies,own_local,job,100,59920,599.2,2000
27,16,scene_4096_attachments,own_local,attachment,98304,146949,1.4948425293,98304
27,17,weak_lock_live,std_shared,lock,100000,1659904,16.59904,2350000
27,18,async_queue_job_1024_local_copies,std_shared,job,100,2421526,24215.26,2406400
27,19,independent_owner_parameter,own_local,call,100000,115603,1.15603,2350000
27,20,contended_copy_2_workers,own_shared,copy,200000,8518272,42.59136,4700000
27,21,async_queue_job_1024_borrow_reads,own_shared_then_local_view,job,100,142335,1423.35,2406400
27,22,frame_4096_draws_64_unique_leases,own_shared,frame,24,98736,4114,41287680
27,23,copy_read_drop,own_shared,copy,100000,1368512,13.68512,2350000
27,24,async_queue_job_64_borrow_reads,own_shared_then_local_view,job,100,74004,740.04,150400
27,25,share_read_drop,own_shared,handoff,100000,1208217,12.08217,2350000
27,26,owner_retained_borrow_copy_read,own_local_view,read,100000,80209,0.80209,2350000
27,27,group_setup_then_1_copies,own_local,group,100000,2662703,26.62703,2000000
27,28,group_setup_then_1024_copies,own_local,group,97,120743,1244.77319588,2334208
27,29,weak_lock_expired,std_shared,lock,100000,77199,0.77199,0
27,30,group_setup_then_1024_copies,std_shared,group,97,1760529,18149.7835052,2334208
27,31,independent_owner_parameter,own_shared,call,100000,1555113,15.55113,2350000
27,32,owner_retained_4096_draw_borrows,own_local_view,frame,24,69820,2909.16666667,41287680
27,33,borrow_read,raw_borrow,read,100000,48892,0.48892,2350000
27,34,localize_read_drop,std_shared,group,100000,1751041,17.51041,2350000
27,35,resource_lifecycle_64_assets_4096_objects,std_shared,cycle,10,588122,58812.2,17203200
27,36,create_read_destroy,own_shared,asset,100000,1823805,18.23805,65000400000
27,37,resettable_root_pin_1024_borrow_reads,std_shared_pin_raw_borrow,scope,97,31933,329.206185567,2334208
27,38,owner_retained_4096_parameter_borrows,own_local_view,frame,24,80761,3365.04166667,41287680
27,39,owner_retained_4096_draw_borrows,std_raw_borrow,frame,24,48289,2012.04166667,41287680
27,40,group_setup_then_8_copies,std_shared,group,12500,1889642,151.17136,2350000
27,41,async_queue_job_1_borrow_reads,own_shared_then_local_view,job,100,67895,678.95,2000
27,42,owner_retained_4096_parameter_borrows,std_raw_borrow,frame,24,89065,3711.04166667,41287680
27,43,async_queue_job_1024_borrow_reads,std_shared_then_raw_borrow,job,100,131789,1317.89,2406400
27,44,async_queue_job_64_local_copies,std_shared,job,100,312336,3123.36,150400
27,45,frame_4096_draws_64_unique_leases,std_shared,frame,24,98866,4119.41666667,41287680
27,46,create_read_destroy,own_local,asset,100000,2299601,22.99601,65000400000
27,47,create_read_destroy,std_shared,asset,100000,1191957,11.91957,65000400000
27,48,independent_owner_parameter,std_shared,call,100000,1653390,16.5339,2350000
27,49,localize_read_drop,own_local,group,100000,1832152,18.32152,2350000
27,50,group_setup_then_64_copies,own_local,group,1562,163944,104.957746479,2349248
27,51,owner_retained_borrow_parameter,own_local_view,call,100000,61695,0.61695,2350000
27,52,async_queue_job_1_borrow_reads,std_shared_then_raw_borrow,job,100,55811,558.11,2000
27,53,async_queue_job_1_local_copies,std_shared,job,100,77120,771.2,2000
27,54,resource_lifecycle_64_assets_4096_objects,own_local,cycle,10,227336,22733.6,17203200
27,55,group_setup_then_1_copies,std_shared,group,100000,3323897,33.23897,2000000
28,0,group_setup_then_8_copies,own_local,group,12500,393723,31.49784,2350000
28,1,scene_4096_attachments,std_shared,attachment,98304,937671,9.53848266602,98304
28,2,owner_retained_4096_draw_borrows,own_local_view,frame,24,47703,1987.625,41287680
28,3,group_setup_then_1024_copies,std_shared,group,97,1626175,16764.6907216,2334208
28,4,async_queue_job_64_local_copies,std_shared,job,100,276959,2769.59,150400
28,5,group_setup_then_8_copies,std_shared,group,12500,1912804,153.02432,2350000
28,6,independent_owner_parameter,own_shared,call,100000,1457751,14.57751,2350000
28,7,create_read_destroy,std_shared,asset,100000,1341446,13.41446,65000400000
28,8,copy_read_drop,std_shared,copy,100000,1894573,18.94573,2350000
28,9,async_queue_job_64_borrow_reads,std_shared_then_raw_borrow,job,100,71827,718.27,150400
28,10,async_queue_job_1_local_copies,own_local,job,100,61938,619.38,2000
28,11,group_setup_then_64_copies,own_local,group,1562,284511,182.145326504,2349248
28,12,copy_read_drop,own_shared,copy,100000,1349820,13.4982,2350000
28,13,async_queue_job_1024_local_copies,std_shared,job,100,2412681,24126.81,2406400
28,14,async_queue_job_64_local_copies,own_local,job,100,117385,1173.85,150400
28,15,async_queue_job_1024_local_copies,own_local,job,100,308254,3082.54,2406400
28,16,weak_lock_expired,std_shared,lock,100000,98963,0.98963,0
28,17,create_read_destroy,own_local,asset,100000,2622377,26.22377,65000400000
28,18,owner_retained_4096_parameter_borrows,own_local_view,frame,24,77434,3226.41666667,41287680
28,19,frame_4096_draws_64_unique_leases,own_shared,frame,24,88908,3704.5,41287680
28,20,group_setup_then_1_copies,own_local,group,100000,2557157,25.57157,2000000
28,21,async_queue_job_1_local_copies,std_shared,job,100,80119,801.19,2000
28,22,group_setup_then_1_copies,std_shared,group,100000,3308947,33.08947,2000000
28,23,independent_owner_parameter,own_local,call,100000,115715,1.15715,2350000
28,24,create_read_destroy,own_shared,asset,100000,1783579,17.83579,65000400000
28,25,share_read_drop,own_shared,handoff,100000,1141940,11.4194,2350000
28,26,resource_lifecycle_64_assets_4096_objects,std_shared,cycle,10,506874,50687.4,17203200
28,27,resettable_root_pin_1024_borrow_reads,std_shared_pin_raw_borrow,scope,97,33578,346.164948454,2334208
28,28,contended_copy_2_workers,std_shared,copy,200000,13027479,65.137395,4700000
28,29,localize_read_drop,std_shared,group,100000,1496736,14.96736,2350000
28,30,owner_retained_borrow_copy_read,own_local_view,read,100000,30243,0.30243,2350000
28,31,scene_4096_attachments,own_local,attachment,98304,132905,1.35197957357,98304
28,32,frame_4096_draws_64_unique_leases,std_shared,frame,24,85922,3580.08333333,41287680
28,33,async_queue_job_1_borrow_reads,std_shared_then_raw_borrow,job,100,73963,739.63,2000
28,34,owner_retained_borrow_parameter,own_local_view,call,100000,64335,0.64335,2350000
28,35,weak_lock_live,own_shared,lock,100000,1496635,14.96635,2350000
28,36,weak_lock_live,std_shared,lock,100000,1698257,16.98257,2350000
28,37,contended_copy_2_workers,own_shared,copy,200000,8230753,41.153765,4700000
28,38,owner_retained_borrow_copy_read,std_raw_borrow,read,100000,30587,0.30587,2350000
28,39,async_queue_job_64_borrow_reads,own_shared_then_local_view,job,100,70701,707.01,150400
28,40,weak_lock_expired,own_shared,lock,100000,68543,0.68543,0
28,41,group_setup_then_64_copies,std_shared,group,1562,1686083,1079.43854033,2349248
28,42,resource_lifecycle_64_assets_4096_objects,own_local,cycle,10,228300,22830,17203200
28,43,owner_retained_borrow_parameter,std_raw_borrow,call,100000,61686,0.61686,2350000
28,44,resettable_root_pin_1024_borrow_reads,own_shared_pin_local_view,scope,97,32462,334.659793814,2334208
28,45,owner_retained_4096_parameter_borrows,std_raw_borrow,frame,24,77262,3219.25,41287680
28,46,async_queue_job_1_borrow_reads,own_shared_then_local_view,job,100,66195,661.95,2000
28,47,owner_retained_4096_draw_borrows,std_raw_borrow,frame,24,47130,1963.75,41287680
28,48,async_queue_job_1024_borrow_reads,std_shared_then_raw_borrow,job,100,135321,1353.21,2406400
28,49,independent_owner_parameter,std_shared,call,100000,1649705,16.49705,2350000
28,50,localize_read_drop,own_local,group,100000,1773244,17.73244,2350000
28,51,borrow_read,raw_borrow,read,100000,35026,0.35026,2350000
28,52,copy_read_drop,own_local,copy,100000,110157,1.10157,2350000
28,53,group_setup_then_1024_copies,own_local,group,97,112027,1154.91752577,2334208
28,54,async_queue_job_1024_borrow_reads,own_shared_then_local_view,job,100,102190,1021.9,2406400
28,55,share_read_drop,std_shared,handoff,100000,1540921,15.40921,2350000
29,0,owner_retained_borrow_copy_read,own_local_view,read,100000,30110,0.3011,2350000
29,1,async_queue_job_1024_local_copies,own_local,job,100,292264,2922.64,2406400
29,2,group_setup_then_64_copies,std_shared,group,1562,1677943,1074.22727273,2349248
29,3,group_setup_then_8_copies,own_local,group,12500,384478,30.75824,2350000
29,4,weak_lock_live,std_shared,lock,100000,1697532,16.97532,2350000
29,5,independent_owner_parameter,own_shared,call,100000,1306896,13.06896,2350000
29,6,localize_read_drop,std_shared,group,100000,1549302,15.49302,2350000
29,7,async_queue_job_1_borrow_reads,own_shared_then_local_view,job,100,58332,583.32,2000
29,8,owner_retained_4096_draw_borrows,std_raw_borrow,frame,24,47734,1988.91666667,41287680
29,9,async_queue_job_64_local_copies,own_local,job,100,83543,835.43,150400
29,10,scene_4096_attachments,std_shared,attachment,98304,945497,9.61809285482,98304
29,11,create_read_destroy,std_shared,asset,100000,1212233,12.12233,65000400000
29,12,group_setup_then_8_copies,std_shared,group,12500,1841153,147.29224,2350000
29,13,async_queue_job_64_borrow_reads,std_shared_then_raw_borrow,job,100,74526,745.26,150400
29,14,group_setup_then_1_copies,std_shared,group,100000,3343639,33.43639,2000000
29,15,create_read_destroy,own_shared,asset,100000,1815784,18.15784,65000400000
29,16,weak_lock_expired,std_shared,lock,100000,77225,0.77225,0
29,17,resource_lifecycle_64_assets_4096_objects,own_local,cycle,10,231109,23110.9,17203200
29,18,borrow_read,raw_borrow,read,100000,34946,0.34946,2350000
29,19,independent_owner_parameter,std_shared,call,100000,1605881,16.05881,2350000
29,20,async_queue_job_64_local_copies,std_shared,job,100,298034,2980.34,150400
29,21,resettable_root_pin_1024_borrow_reads,own_shared_pin_local_view,scope,97,47725,492.010309278,2334208
29,22,weak_lock_expired,own_shared,lock,100000,85400,0.854,0
29,23,owner_retained_4096_draw_borrows,own_local_view,frame,24,62507,2604.45833333,41287680
29,24,copy_read_drop,own_shared,copy,100000,1404149,14.04149,2350000
29,25,resettable_root_pin_1024_borrow_reads,std_shared_pin_raw_borrow,scope,97,31849,328.340206186,2334208
29,26,group_setup_then_64_copies,own_local,group,1562,323001,206.78681178,2349248
29,27,create_read_destroy,own_local,asset,100000,2362569,23.62569,65000400000
29,28,weak_lock_live,own_shared,lock,100000,1713463,17.13463,2350000
29,29,async_queue_job_1_local_copies,own_local,job,100,99006,990.06,2000
29,30,localize_read_drop,own_local,group,100000,1829353,18.29353,2350000
29,31,async_queue_job_1_local_copies,std_shared,job,100,55830,558.3,2000
29,32,owner_retained_4096_parameter_borrows,own_local_view,frame,24,79055,3293.95833333,41287680
29,33,group_setup_then_1_copies,own_local,group,100000,2499890,24.9989,2000000
29,34,contended_copy_2_workers,std_shared,copy,200000,13104418,65.52209,4700000
29,35,async_queue_job_64_borrow_reads,own_shared_then_local_view,job,100,66619,666.19,150400
29,36,async_queue_job_1024_borrow_reads,std_shared_then_raw_borrow,job,100,169737,1697.37,2406400
29,37,owner_retained_borrow_parameter,own_local_view,call,100000,75348,0.75348,2350000
29,38,resource_lifecycle_64_assets_4096_objects,std_shared,cycle,10,520390,52039,17203200
29,39,frame_4096_draws_64_unique_leases,std_shared,frame,24,86016,3584,41287680
29,40,owner_retained_borrow_copy_read,std_raw_borrow,read,100000,30138,0.30138,2350000
29,41,async_queue_job_1_borrow_reads,std_shared_then_raw_borrow,job,100,45463,454.63,2000
29,42,owner_retained_borrow_parameter,std_raw_borrow,call,100000,64261,0.64261,2350000
29,43,owner_retained_4096_parameter_borrows,std_raw_borrow,frame,24,76990,3207.91666667,41287680
29,44,scene_4096_attachments,own_local,attachment,98304,133536,1.3583984375,98304
29,45,independent_owner_parameter,own_local,call,100000,115654,1.15654,2350000
29,46,copy_read_drop,own_local,copy,100000,116212,1.16212,2350000
29,47,contended_copy_2_workers,own_shared,copy,200000,9306216,46.53108,4700000
29,48,group_setup_then_1024_copies,std_shared,group,97,1663567,17150.1752577,2334208
29,49,share_read_drop,own_shared,handoff,100000,1126534,11.26534,2350000
29,50,share_read_drop,std_shared,handoff,100000,1512034,15.12034,2350000
29,51,copy_read_drop,std_shared,copy,100000,1676962,16.76962,2350000
29,52,async_queue_job_1024_local_copies,std_shared,job,100,2381340,23813.4,2406400
29,53,async_queue_job_1024_borrow_reads,own_shared_then_local_view,job,100,134458,1344.58,2406400
29,54,frame_4096_draws_64_unique_leases,own_shared,frame,24,99655,4152.29166667,41287680
29,55,group_setup_then_1024_copies,own_local,group,97,111768,1152.24742268,2334208
30,0,resource_lifecycle_64_assets_4096_objects,std_shared,cycle,10,506247,50624.7,17203200
30,1,resettable_root_pin_1024_borrow_reads,own_shared_pin_local_view,scope,97,33368,344,2334208
30,2,contended_copy_2_workers,std_shared,copy,200000,12971329,64.856645,4700000
30,3,resettable_root_pin_1024_borrow_reads,std_shared_pin_raw_borrow,scope,97,33523,345.597938144,2334208
30,4,owner_retained_borrow_copy_read,std_raw_borrow,read,100000,30114,0.30114,2350000
30,5,async_queue_job_1024_local_copies,own_local,job,100,1183984,11839.84,2406400
30,6,create_read_destroy,own_local,asset,100000,2404982,24.04982,65000400000
30,7,async_queue_job_1024_local_copies,std_shared,job,100,2697501,26975.01,2406400
30,8,async_queue_job_1_local_copies,std_shared,job,100,60493,604.93,2000
30,9,share_read_drop,std_shared,handoff,100000,1513212,15.13212,2350000
30,10,group_setup_then_1024_copies,std_shared,group,97,1746550,18005.6701031,2334208
30,11,frame_4096_draws_64_unique_leases,std_shared,frame,24,103372,4307.16666667,41287680
30,12,group_setup_then_8_copies,own_local,group,12500,375524,30.04192,2350000
30,13,group_setup_then_64_copies,own_local,group,1562,357701,229.001920615,2349248
30,14,async_queue_job_1024_borrow_reads,own_shared_then_local_view,job,100,156817,1568.17,2406400
30,15,group_setup_then_8_copies,std_shared,group,12500,1894351,151.54808,2350000
30,16,async_queue_job_1_borrow_reads,std_shared_then_raw_borrow,job,100,61253,612.53,2000
30,17,async_queue_job_1_borrow_reads,own_shared_then_local_view,job,100,56333,563.33,2000
30,18,owner_retained_borrow_parameter,std_raw_borrow,call,100000,60056,0.60056,2350000
30,19,scene_4096_attachments,std_shared,attachment,98304,1029032,10.4678548177,98304
30,20,group_setup_then_1024_copies,own_local,group,97,113250,1167.5257732,2334208
30,21,async_queue_job_64_borrow_reads,own_shared_then_local_view,job,100,60373,603.73,150400
30,22,contended_copy_2_workers,own_shared,copy,200000,9582383,47.911915,4700000
30,23,group_setup_then_1_copies,own_local,group,100000,2663278,26.63278,2000000
30,24,resource_lifecycle_64_assets_4096_objects,own_local,cycle,10,261768,26176.8,17203200
30,25,weak_lock_live,std_shared,lock,100000,1833289,18.33289,2350000
30,26,async_queue_job_64_local_copies,std_shared,job,100,372481,3724.81,150400
30,27,independent_owner_parameter,own_local,call,100000,123042,1.23042,2350000
30,28,scene_4096_attachments,own_local,attachment,98304,150844,1.53446451823,98304
30,29,owner_retained_4096_draw_borrows,own_local_view,frame,24,55002,2291.75,41287680
30,30,independent_owner_parameter,own_shared,call,100000,1401082,14.01082,2350000
30,31,async_queue_job_64_local_copies,own_local,job,100,73484,734.84,150400
30,32,owner_retained_borrow_copy_read,own_local_view,read,100000,35842,0.35842,2350000
30,33,owner_retained_4096_parameter_borrows,own_local_view,frame,24,82685,3445.20833333,41287680
30,34,localize_read_drop,own_local,group,100000,1934948,19.34948,2350000
30,35,group_setup_then_1_copies,std_shared,group,100000,3423065,34.23065,2000000
30,36,share_read_drop,own_shared,handoff,100000,1183482,11.83482,2350000
30,37,copy_read_drop,own_shared,copy,100000,1394350,13.9435,2350000
30,38,weak_lock_expired,std_shared,lock,100000,77124,0.77124,0
30,39,owner_retained_4096_draw_borrows,std_raw_borrow,frame,24,55437,2309.875,41287680
30,40,localize_read_drop,std_shared,group,100000,1558664,15.58664,2350000
30,41,copy_read_drop,own_local,copy,100000,130189,1.30189,2350000
30,42,independent_owner_parameter,std_shared,call,100000,1679677,16.79677,2350000
30,43,async_queue_job_1_local_copies,own_local,job,100,63187,631.87,2000
30,44,frame_4096_draws_64_unique_leases,own_shared,frame,24,87400,3641.66666667,41287680
30,45,create_read_destroy,std_shared,asset,100000,1249958,12.49958,65000400000
30,46,async_queue_job_64_borrow_reads,std_shared_then_raw_borrow,job,100,56586,565.86,150400
30,47,weak_lock_expired,own_shared,lock,100000,68587,0.68587,0
30,48,weak_lock_live,own_shared,lock,100000,1544557,15.44557,2350000
30,49,owner_retained_borrow_parameter,own_local_view,call,100000,69048,0.69048,2350000
30,50,owner_retained_4096_parameter_borrows,std_raw_borrow,frame,24,97070,4044.58333333,41287680
30,51,group_setup_then_64_copies,std_shared,group,1562,1746157,1117.89820743,2349248
30,52,copy_read_drop,std_shared,copy,100000,1739345,17.39345,2350000
30,53,borrow_read,raw_borrow,read,100000,35057,0.35057,2350000
30,54,async_queue_job_1024_borrow_reads,std_shared_then_raw_borrow,job,100,141507,1415.07,2406400
30,55,create_read_destroy,own_shared,asset,100000,1855394,18.55394,65000400000
31,0,weak_lock_live,std_shared,lock,100000,1768828,17.68828,2350000
31,1,weak_lock_expired,std_shared,lock,100000,77038,0.77038,0
31,2,async_queue_job_1_local_copies,own_local,job,100,66637,666.37,2000
31,3,owner_retained_borrow_parameter,own_local_view,call,100000,64267,0.64267,2350000
31,4,frame_4096_draws_64_unique_leases,own_shared,frame,24,86459,3602.45833333,41287680
31,5,copy_read_drop,std_shared,copy,100000,1713286,17.13286,2350000
31,6,owner_retained_borrow_copy_read,std_raw_borrow,read,100000,33171,0.33171,2350000
31,7,group_setup_then_1_copies,own_local,group,100000,2706483,27.06483,2000000
31,8,scene_4096_attachments,own_local,attachment,98304,136477,1.38831583659,98304
31,9,scene_4096_attachments,std_shared,attachment,98304,1007303,10.2468159993,98304
31,10,async_queue_job_64_borrow_reads,std_shared_then_raw_borrow,job,100,91007,910.07,150400
31,11,independent_owner_parameter,std_shared,call,100000,1765135,17.65135,2350000
31,12,async_queue_job_64_borrow_reads,own_shared_then_local_view,job,100,64371,643.71,150400
31,13,async_queue_job_1_borrow_reads,own_shared_then_local_view,job,100,79791,797.91,2000
31,14,owner_retained_borrow_copy_read,own_local_view,read,100000,35032,0.35032,2350000
31,15,borrow_read,raw_borrow,read,100000,38447,0.38447,2350000
31,16,async_queue_job_1024_local_copies,own_local,job,100,374231,3742.31,2406400
31,17,async_queue_job_64_local_copies,own_local,job,100,117993,1179.93,150400
31,18,group_setup_then_1024_copies,std_shared,group,97,1678196,17300.9896907,2334208
31,19,resettable_root_pin_1024_borrow_reads,std_shared_pin_raw_borrow,scope,97,36427,375.536082474,2334208
31,20,async_queue_job_1_borrow_reads,std_shared_then_raw_borrow,job,100,36004,360.04,2000
31,21,copy_read_drop,own_local,copy,100000,108205,1.08205,2350000
31,22,group_setup_then_8_copies,own_local,group,12500,474786,37.98288,2350000
31,23,localize_read_drop,own_local,group,100000,1869061,18.69061,2350000
31,24,resource_lifecycle_64_assets_4096_objects,std_shared,cycle,10,545296,54529.6,17203200
31,25,create_read_destroy,own_local,asset,100000,2799009,27.99009,65000400000
31,26,group_setup_then_8_copies,std_shared,group,12500,1944663,155.57304,2350000
31,27,owner_retained_4096_parameter_borrows,std_raw_borrow,frame,24,85360,3556.66666667,41287680
31,28,weak_lock_live,own_shared,lock,100000,1612219,16.12219,2350000
31,29,resource_lifecycle_64_assets_4096_objects,own_local,cycle,10,251987,25198.7,17203200
31,30,async_queue_job_1024_borrow_reads,own_shared_then_local_view,job,100,155786,1557.86,2406400
31,31,share_read_drop,std_shared,handoff,100000,1585076,15.85076,2350000
31,32,copy_read_drop,own_shared,copy,100000,1410808,14.10808,2350000
31,33,share_read_drop,own_shared,handoff,100000,1214068,12.14068,2350000
31,34,async_queue_job_1024_local_copies,std_shared,job,100,2738084,27380.84,2406400
31,35,frame_4096_draws_64_unique_leases,std_shared,frame,24,98101,4087.54166667,41287680
31,36,contended_copy_2_workers,std_shared,copy,200000,14101668,70.50834,4700000
31,37,owner_retained_4096_parameter_borrows,own_local_view,frame,24,81774,3407.25,41287680
31,38,async_queue_job_1_local_copies,std_shared,job,100,64840,648.4,2000
31,39,resettable_root_pin_1024_borrow_reads,own_shared_pin_local_view,scope,97,37090,382.371134021,2334208
31,40,owner_retained_4096_draw_borrows,std_raw_borrow,frame,24,52450,2185.41666667,41287680
31,41,owner_retained_4096_draw_borrows,own_local_view,frame,24,47031,1959.625,41287680
31,42,group_setup_then_1024_copies,own_local,group,97,138064,1423.34020619,2334208
31,43,group_setup_then_64_copies,own_local,group,1562,238782,152.869398207,2349248
31,44,group_setup_then_64_copies,std_shared,group,1562,1763994,1129.31754161,2349248
31,45,localize_read_drop,std_shared,group,100000,1528100,15.281,2350000
31,46,create_read_destroy,std_shared,asset,100000,1260568,12.60568,65000400000
31,47,contended_copy_2_workers,own_shared,copy,200000,8709009,43.545045,4700000
31,48,create_read_destroy,own_shared,asset,100000,1812340,18.1234,65000400000
31,49,independent_owner_parameter,own_local,call,100000,125320,1.2532,2350000
31,50,owner_retained_borrow_parameter,std_raw_borrow,call,100000,69081,0.69081,2350000
31,51,weak_lock_expired,own_shared,lock,100000,68549,0.68549,0
31,52,group_setup_then_1_copies,std_shared,group,100000,3405610,34.0561,2000000
31,53,async_queue_job_1024_borrow_reads,std_shared_then_raw_borrow,job,100,162772,1627.72,2406400
31,54,independent_owner_parameter,own_shared,call,100000,1363420,13.6342,2350000
31,55,async_queue_job_64_local_copies,std_shared,job,100,400088,4000.88,150400
32,0,localize_read_drop,own_local,group,100000,1855474,18.55474,2350000
32,1,copy_read_drop,own_shared,copy,100000,1354187,13.54187,2350000
32,2,independent_owner_parameter,own_local,call,100000,115214,1.15214,2350000
32,3,group_setup_then_64_copies,std_shared,group,1562,1742346,1115.45838668,2349248
32,4,async_queue_job_64_borrow_reads,own_shared_then_local_view,job,100,76841,768.41,150400
32,5,owner_retained_borrow_parameter,std_raw_borrow,call,100000,63707,0.63707,2350000
32,6,independent_owner_parameter,std_shared,call,100000,1672118,16.72118,2350000
32,7,owner_retained_4096_draw_borrows,own_local_view,frame,24,67822,2825.91666667,41287680
32,8,scene_4096_attachments,own_local,attachment,98304,139523,1.41930135091,98304
32,9,resettable_root_pin_1024_borrow_reads,own_shared_pin_local_view,scope,97,36876,380.164948454,2334208
32,10,weak_lock_live,std_shared,lock,100000,1792839,17.92839,2350000
32,11,independent_owner_parameter,own_shared,call,100000,1380969,13.80969,2350000
32,12,weak_lock_live,own_shared,lock,100000,1613830,16.1383,2350000
32,13,contended_copy_2_workers,own_shared,copy,200000,9170567,45.852835,4700000
32,14,async_queue_job_1_borrow_reads,std_shared_then_raw_borrow,job,100,58121,581.21,2000
32,15,group_setup_then_1024_copies,std_shared,group,97,1635185,16857.5773196,2334208
32,16,async_queue_job_64_local_copies,std_shared,job,100,334683,3346.83,150400
32,17,owner_retained_4096_parameter_borrows,std_raw_borrow,frame,24,82746,3447.75,41287680
32,18,copy_read_drop,own_local,copy,100000,116278,1.16278,2350000
32,19,frame_4096_draws_64_unique_leases,own_shared,frame,24,90591,3774.625,41287680
32,20,owner_retained_4096_draw_borrows,std_raw_borrow,frame,24,47287,1970.29166667,41287680
32,21,async_queue_job_1024_borrow_reads,std_shared_then_raw_borrow,job,100,115821,1158.21,2406400
32,22,group_setup_then_8_copies,std_shared,group,12500,1967555,157.4044,2350000
32,23,async_queue_job_1_local_copies,own_local,job,100,105050,1050.5,2000
32,24,owner_retained_borrow_copy_read,own_local_view,read,100000,31555,0.31555,2350000
32,25,owner_retained_borrow_copy_read,std_raw_borrow,read,100000,30024,0.30024,2350000
32,26,async_queue_job_1024_local_copies,own_local,job,100,404006,4040.06,2406400
32,27,resettable_root_pin_1024_borrow_reads,std_shared_pin_raw_borrow,scope,97,39778,410.082474227,2334208
32,28,async_queue_job_1024_borrow_reads,own_shared_then_local_view,job,100,130707,1307.07,2406400
32,29,scene_4096_attachments,std_shared,attachment,98304,980980,9.97904459635,98304
32,30,weak_lock_expired,own_shared,lock,100000,72529,0.72529,0
32,31,owner_retained_4096_parameter_borrows,own_local_view,frame,24,77223,3217.625,41287680
32,32,async_queue_job_64_local_copies,own_local,job,100,96667,966.67,150400
32,33,weak_lock_expired,std_shared,lock,100000,109521,1.09521,0
32,34,resource_lifecycle_64_assets_4096_objects,std_shared,cycle,10,573278,57327.8,17203200
32,35,group_setup_then_1024_copies,own_local,group,97,113468,1169.77319588,2334208
32,36,group_setup_then_64_copies,own_local,group,1562,326008,208.71190781,2349248
32,37,localize_read_drop,std_shared,group,100000,1479545,14.79545,2350000
32,38,frame_4096_draws_64_unique_leases,std_shared,frame,24,84442,3518.41666667,41287680
32,39,share_read_drop,own_shared,handoff,100000,1181096,11.81096,2350000
32,40,copy_read_drop,std_shared,copy,100000,1730966,17.30966,2350000
32,41,group_setup_then_1_copies,own_local,group,100000,2529731,25.29731,2000000
32,42,create_read_destroy,own_shared,asset,100000,1812457,18.12457,65000400000
32,43,async_queue_job_1_local_copies,std_shared,job,100,80240,802.4,2000
32,44,create_read_destroy,own_local,asset,100000,2670160,26.7016,65000400000
32,45,group_setup_then_8_copies,own_local,group,12500,384954,30.79632,2350000
32,46,owner_retained_borrow_parameter,own_local_view,call,100000,63535,0.63535,2350000
32,47,share_read_drop,std_shared,handoff,100000,1502357,15.02357,2350000
32,48,resource_lifecycle_64_assets_4096_objects,own_local,cycle,10,222823,22282.3,17203200
32,49,async_queue_job_1_borrow_reads,own_shared_then_local_view,job,100,82933,829.33,2000
32,50,borrow_read,raw_borrow,read,100000,35022,0.35022,2350000
32,51,async_queue_job_64_borrow_reads,std_shared_then_raw_borrow,job,100,58926,589.26,150400
32,52,async_queue_job_1024_local_copies,std_shared,job,100,2573062,25730.62,2406400
32,53,create_read_destroy,std_shared,asset,100000,1200680,12.0068,65000400000
32,54,contended_copy_2_workers,std_shared,copy,200000,13484097,67.420485,4700000
32,55,group_setup_then_1_copies,std_shared,group,100000,3304673,33.04673,2000000
33,0,share_read_drop,own_shared,handoff,100000,1139065,11.39065,2350000
33,1,owner_retained_borrow_copy_read,std_raw_borrow,read,100000,30068,0.30068,2350000
33,2,create_read_destroy,own_shared,asset,100000,1800160,18.0016,65000400000
33,3,resource_lifecycle_64_assets_4096_objects,std_shared,cycle,10,549005,54900.5,17203200
33,4,create_read_destroy,own_local,asset,100000,2528791,25.28791,65000400000
33,5,owner_retained_4096_parameter_borrows,std_raw_borrow,frame,24,87408,3642,41287680
33,6,independent_owner_parameter,own_shared,call,100000,1421013,14.21013,2350000
33,7,async_queue_job_64_borrow_reads,std_shared_then_raw_borrow,job,100,99351,993.51,150400
33,8,resettable_root_pin_1024_borrow_reads,own_shared_pin_local_view,scope,97,38796,399.958762887,2334208
33,9,weak_lock_expired,own_shared,lock,100000,71819,0.71819,0
33,10,async_queue_job_1024_borrow_reads,std_shared_then_raw_borrow,job,100,140983,1409.83,2406400
33,11,contended_copy_2_workers,std_shared,copy,200000,13026779,65.133895,4700000
33,12,owner_retained_borrow_parameter,std_raw_borrow,call,100000,66741,0.66741,2350000
33,13,group_setup_then_8_copies,std_shared,group,12500,1955424,156.43392,2350000
33,14,owner_retained_4096_draw_borrows,std_raw_borrow,frame,24,56077,2336.54166667,41287680
33,15,owner_retained_4096_parameter_borrows,own_local_view,frame,24,80504,3354.33333333,41287680
33,16,share_read_drop,std_shared,handoff,100000,1563389,15.63389,2350000
33,17,contended_copy_2_workers,own_shared,copy,200000,9549662,47.74831,4700000
33,18,weak_lock_live,std_shared,lock,100000,1673346,16.73346,2350000
33,19,copy_read_drop,own_local,copy,100000,105030,1.0503,2350000
33,20,scene_4096_attachments,std_shared,attachment,98304,974102,9.90907796224,98304
33,21,owner_retained_borrow_parameter,own_local_view,call,100000,68886,0.68886,2350000
33,22,async_queue_job_1_borrow_reads,std_shared_then_raw_borrow,job,100,64961,649.61,2000
33,23,frame_4096_draws_64_unique_leases,own_shared,frame,24,92430,3851.25,41287680
33,24,independent_owner_parameter,std_shared,call,100000,1689394,16.89394,2350000
33,25,independent_owner_parameter,own_local,call,100000,115493,1.15493,2350000
33,26,async_queue_job_1_local_copies,std_shared,job,100,64049,640.49,2000
33,27,localize_read_drop,std_shared,group,100000,1537034,15.37034,2350000
33,28,owner_retained_4096_draw_borrows,own_local_view,frame,24,55540,2314.16666667,41287680
33,29,async_queue_job_1024_local_copies,own_local,job,100,362458,3624.58,2406400
33,30,async_queue_job_64_local_copies,own_local,job,100,118063,1180.63,150400
33,31,group_setup_then_1_copies,own_local,group,100000,2506456,25.06456,2000000
33,32,resettable_root_pin_1024_borrow_reads,std_shared_pin_raw_borrow,scope,97,32030,330.206185567,2334208
33,33,weak_lock_live,own_shared,lock,100000,1499793,14.99793,2350000
33,34,group_setup_then_1024_copies,own_local,group,97,112394,1158.70103093,2334208
33,35,async_queue_job_1024_borrow_reads,own_shared_then_local_view,job,100,92974,929.74,2406400
33,36,owner_retained_borrow_copy_read,own_local_view,read,100000,30075,0.30075,2350000
33,37,async_queue_job_64_local_copies,std_shared,job,100,323018,3230.18,150400
33,38,scene_4096_attachments,own_local,attachment,98304,163150,1.6596476237,98304
33,39,copy_read_drop,own_shared,copy,100000,1359159,13.59159,2350000
33,40,group_setup_then_64_copies,own_local,group,1562,311981,199.731754161,2349248
33,41,frame_4096_draws_64_unique_leases,std_shared,frame,24,94645,3943.54166667,41287680
33,42,copy_read_drop,std_shared,copy,100000,1805160,18.0516,2350000
33,43,borrow_read,raw_borrow,read,100000,48596,0.48596,2350000
33,44,group_setup_then_1024_copies,std_shared,group,97,1669035,17206.5463918,2334208
33,45,async_queue_job_64_borrow_reads,own_shared_then_local_view,job,100,83660,836.6,150400
33,46,weak_lock_expired,std_shared,lock,100000,103909,1.03909,0
33,47,group_setup_then_8_copies,own_local,group,12500,433599,34.68792,2350000
33,48,group_setup_then_1_copies,std_shared,group,100000,3406112,34.06112,2000000
33,49,async_queue_job_1_borrow_reads,own_shared_then_local_view,job,100,66732,667.32,2000
33,50,async_queue_job_1024_local_copies,std_shared,job,100,2570513,25705.13,2406400
33,51,async_queue_job_1_local_copies,own_local,job,100,70493,704.93,2000
33,52,resource_lifecycle_64_assets_4096_objects,own_local,cycle,10,241325,24132.5,17203200
33,53,localize_read_drop,own_local,group,100000,1771174,17.71174,2350000
33,54,create_read_destroy,std_shared,asset,100000,1220958,12.20958,65000400000
33,55,group_setup_then_64_copies,std_shared,group,1562,1680614,1075.93725992,2349248
34,0,borrow_read,raw_borrow,read,100000,35087,0.35087,2350000
34,1,scene_4096_attachments,own_local,attachment,98304,132517,1.34803263346,98304
34,2,contended_copy_2_workers,std_shared,copy,200000,17403394,87.01697,4700000
34,3,group_setup_then_1_copies,std_shared,group,100000,3319836,33.19836,2000000
34,4,weak_lock_live,own_shared,lock,100000,1539715,15.39715,2350000
34,5,copy_read_drop,own_shared,copy,100000,1312174,13.12174,2350000
34,6,owner_retained_borrow_parameter,std_raw_borrow,call,100000,60090,0.6009,2350000
34,7,copy_read_drop,own_local,copy,100000,105673,1.05673,2350000
34,8,group_setup_then_1_copies,own_local,group,100000,2501773,25.01773,2000000
34,9,independent_owner_parameter,std_shared,call,100000,1651855,16.51855,2350000
34,10,localize_read_drop,own_local,group,100000,1785925,17.85925,2350000
34,11,group_setup_then_1024_copies,std_shared,group,97,1702054,17546.9484536,2334208
34,12,async_queue_job_64_local_copies,std_shared,job,100,320929,3209.29,150400
34,13,contended_copy_2_workers,own_shared,copy,200000,9854355,49.271775,4700000
34,14,owner_retained_4096_parameter_borrows,std_raw_borrow,frame,24,78680,3278.33333333,41287680
34,15,frame_4096_draws_64_unique_leases,own_shared,frame,24,88996,3708.16666667,41287680
34,16,async_queue_job_1024_borrow_reads,std_shared_then_raw_borrow,job,100,174725,1747.25,2406400
34,17,scene_4096_attachments,std_shared,attachment,98304,945630,9.61944580078,98304
34,18,weak_lock_live,std_shared,lock,100000,1656710,16.5671,2350000
34,19,share_read_drop,own_shared,handoff,100000,1134825,11.34825,2350000
34,20,resettable_root_pin_1024_borrow_reads,own_shared_pin_local_view,scope,97,33336,343.670103093,2334208
34,21,weak_lock_expired,own_shared,lock,100000,68558,0.68558,0
34,22,independent_owner_parameter,own_shared,call,100000,1298054,12.98054,2350000
34,23,create_read_destroy,std_shared,asset,100000,1166671,11.66671,65000400000
34,24,owner_retained_4096_draw_borrows,own_local_view,frame,24,47836,1993.16666667,41287680
34,25,async_queue_job_64_local_copies,own_local,job,100,63428,634.28,150400
34,26,resource_lifecycle_64_assets_4096_objects,std_shared,cycle,10,521245,52124.5,17203200
34,27,weak_lock_expired,std_shared,lock,100000,77280,0.7728,0
34,28,group_setup_then_1024_copies,own_local,group,97,112982,1164.7628866,2334208
34,29,owner_retained_borrow_copy_read,std_raw_borrow,read,100000,30062,0.30062,2350000
34,30,async_queue_job_1024_local_copies,own_local,job,100,447734,4477.34,2406400
34,31,frame_4096_draws_64_unique_leases,std_shared,frame,24,86013,3583.875,41287680
34,32,share_read_drop,std_shared,handoff,100000,1472326,14.72326,2350000
34,33,async_queue_job_1024_borrow_reads,own_shared_then_local_view,job,100,165633,1656.33,2406400
34,34,group_setup_then_8_copies,own_local,group,12500,382729,30.61832,2350000
34,35,create_read_destroy,own_local,asset,100000,2305650,23.0565,65000400000
34,36,async_queue_job_1_borrow_reads,own_shared_then_local_view,job,100,69869,698.69,2000
34,37,group_setup_then_64_copies,std_shared,group,1562,1676686,1073.42253521,2349248
34,38,localize_read_drop,std_shared,group,100000,1485702,14.85702,2350000
34,39,group_setup_then_8_copies,std_shared,group,12500,1849010,147.9208,2350000
34,40,owner_retained_borrow_copy_read,own_local_view,read,100000,30120,0.3012,2350000
34,41,group_setup_then_64_copies,own_local,group,1562,153173,98.062099872,2349248
34,42,resource_lifecycle_64_assets_4096_objects,own_local,cycle,10,239664,23966.4,17203200
34,43,async_queue_job_64_borrow_reads,own_shared_then_local_view,job,100,59357,593.57,150400
34,44,async_queue_job_64_borrow_reads,std_shared_then_raw_borrow,job,100,64948,649.48,150400
34,45,create_read_destroy,own_shared,asset,100000,1784370,17.8437,65000400000
34,46,independent_owner_parameter,own_local,call,100000,128345,1.28345,2350000
34,47,resettable_root_pin_1024_borrow_reads,std_shared_pin_raw_borrow,scope,97,33321,343.515463918,2334208
34,48,owner_retained_borrow_parameter,own_local_view,call,100000,59944,0.59944,2350000
34,49,async_queue_job_1_local_copies,own_local,job,100,64941,649.41,2000
34,50,owner_retained_4096_parameter_borrows,own_local_view,frame,24,76795,3199.79166667,41287680
34,51,async_queue_job_1_borrow_reads,std_shared_then_raw_borrow,job,100,53724,537.24,2000
34,52,async_queue_job_1024_local_copies,std_shared,job,100,2384037,23840.37,2406400
34,53,owner_retained_4096_draw_borrows,std_raw_borrow,frame,24,48434,2018.08333333,41287680
34,54,copy_read_drop,std_shared,copy,100000,1670090,16.7009,2350000
34,55,async_queue_job_1_local_copies,std_shared,job,100,70840,708.4,2000
35,0,borrow_read,raw_borrow,read,100000,35034,0.35034,2350000
35,1,create_read_destroy,own_shared,asset,100000,1779499,17.79499,65000400000
35,2,contended_copy_2_workers,std_shared,copy,200000,17990376,89.95188,4700000
35,3,owner_retained_4096_draw_borrows,std_raw_borrow,frame,24,47286,1970.25,41287680
35,4,owner_retained_borrow_copy_read,std_raw_borrow,read,100000,30035,0.30035,2350000
35,5,independent_owner_parameter,own_shared,call,100000,1295153,12.95153,2350000
35,6,resource_lifecycle_64_assets_4096_objects,own_local,cycle,10,238796,23879.6,17203200
35,7,async_queue_job_1024_local_copies,own_local,job,100,336660,3366.6,2406400
35,8,create_read_destroy,own_local,asset,100000,2297931,22.97931,65000400000
35,9,async_queue_job_64_local_copies,std_shared,job,100,284482,2844.82,150400
35,10,group_setup_then_1_copies,own_local,group,100000,2507108,25.07108,2000000
35,11,group_setup_then_8_copies,std_shared,group,12500,1878409,150.27272,2350000
35,12,async_queue_job_1024_local_copies,std_shared,job,100,2348469,23484.69,2406400
35,13,copy_read_drop,own_local,copy,100000,120476,1.20476,2350000
35,14,async_queue_job_64_local_copies,own_local,job,100,95687,956.87,150400
35,15,async_queue_job_1_local_copies,own_local,job,100,60589,605.89,2000
35,16,create_read_destroy,std_shared,asset,100000,1206297,12.06297,65000400000
35,17,owner_retained_borrow_parameter,own_local_view,call,100000,67965,0.67965,2350000
35,18,group_setup_then_1_copies,std_shared,group,100000,3315504,33.15504,2000000
35,19,weak_lock_live,own_shared,lock,100000,1491252,14.91252,2350000
35,20,owner_retained_4096_draw_borrows,own_local_view,frame,24,48159,2006.625,41287680
35,21,async_queue_job_1_borrow_reads,std_shared_then_raw_borrow,job,100,103478,1034.78,2000
35,22,frame_4096_draws_64_unique_leases,own_shared,frame,24,90452,3768.83333333,41287680
35,23,independent_owner_parameter,own_local,call,100000,115676,1.15676,2350000
35,24,frame_4096_draws_64_unique_leases,std_shared,frame,24,87872,3661.33333333,41287680
35,25,async_queue_job_64_borrow_reads,own_shared_then_local_view,job,100,75845,758.45,150400
35,26,weak_lock_live,std_shared,lock,100000,1687595,16.87595,2350000
35,27,async_queue_job_1_local_copies,std_shared,job,100,68564,685.64,2000
35,28,owner_retained_borrow_parameter,std_raw_borrow,call,100000,60002,0.60002,2350000
35,29,group_setup_then_64_copies,std_shared,group,1562,1676953,1073.59346991,2349248
35,30,resettable_root_pin_1024_borrow_reads,own_shared_pin_local_view,scope,97,33308,343.381443299,2334208
35,31,group_setup_then_64_copies,own_local,group,1562,416903,266.903329065,2349248
35,32,group_setup_then_8_copies,own_local,group,12500,375779,30.06232,2350000
35,33,independent_owner_parameter,std_shared,call,100000,1663077,16.63077,2350000
35,34,contended_copy_2_workers,own_shared,copy,200000,8204099,41.020495,4700000
35,35,owner_retained_4096_parameter_borrows,std_raw_borrow,frame,24,76514,3188.08333333,41287680
35,36,resettable_root_pin_1024_borrow_reads,std_shared_pin_raw_borrow,scope,97,33305,343.350515464,2334208
35,37,weak_lock_expired,std_shared,lock,100000,77159,0.77159,0
35,38,share_read_drop,std_shared,handoff,100000,1488965,14.88965,2350000
35,39,share_read_drop,own_shared,handoff,100000,1145596,11.45596,2350000
35,40,scene_4096_attachments,std_shared,attachment,98304,976358,9.93202718099,98304
35,41,localize_read_drop,std_shared,group,100000,1474522,14.74522,2350000
35,42,resource_lifecycle_64_assets_4096_objects,std_shared,cycle,10,503090,50309,17203200
35,43,async_queue_job_64_borrow_reads,std_shared_then_raw_borrow,job,100,68525,685.25,150400
35,44,async_queue_job_1_borrow_reads,own_shared_then_local_view,job,100,58696,586.96,2000
35,45,weak_lock_expired,own_shared,lock,100000,77131,0.77131,0
35,46,scene_4096_attachments,own_local,attachment,98304,133361,1.35661824544,98304
35,47,group_setup_then_1024_copies,std_shared,group,97,1661661,17130.5257732,2334208
35,48,async_queue_job_1024_borrow_reads,std_shared_then_raw_borrow,job,100,135150,1351.5,2406400
35,49,localize_read_drop,own_local,group,100000,1767416,17.67416,2350000
35,50,owner_retained_borrow_copy_read,own_local_view,read,100000,30083,0.30083,2350000
35,51,group_setup_then_1024_copies,own_local,group,97,114180,1177.11340206,2334208
35,52,async_queue_job_1024_borrow_reads,own_shared_then_local_view,job,100,104591,1045.91,2406400
35,53,copy_read_drop,own_shared,copy,100000,1331088,13.31088,2350000
35,54,copy_read_drop,std_shared,copy,100000,1629033,16.29033,2350000
35,55,owner_retained_4096_parameter_borrows,own_local_view,frame,24,76729,3197.04166667,41287680
36,0,create_read_destroy,std_shared,asset,100000,1180997,11.80997,65000400000
36,1,owner_retained_borrow_copy_read,own_local_view,read,100000,30011,0.30011,2350000
36,2,independent_owner_parameter,own_shared,call,100000,1307694,13.07694,2350000
36,3,scene_4096_attachments,std_shared,attachment,98304,935809,9.51954142253,98304
36,4,owner_retained_borrow_parameter,own_local_view,call,100000,59913,0.59913,2350000
36,5,weak_lock_expired,own_shared,lock,100000,68437,0.68437,0
36,6,group_setup_then_1024_copies,std_shared,group,97,1639078,16897.7113402,2334208
36,7,frame_4096_draws_64_unique_leases,own_shared,frame,24,86450,3602.08333333,41287680
36,8,group_setup_then_8_copies,std_shared,group,12500,1876404,150.11232,2350000
36,9,owner_retained_borrow_parameter,std_raw_borrow,call,100000,62074,0.62074,2350000
36,10,async_queue_job_1_borrow_reads,own_shared_then_local_view,job,100,77687,776.87,2000
36,11,borrow_read,raw_borrow,read,100000,35225,0.35225,2350000
36,12,group_setup_then_64_copies,std_shared,group,1562,1683091,1077.52304738,2349248
36,13,owner_retained_4096_parameter_borrows,std_raw_borrow,frame,24,76593,3191.375,41287680
36,14,contended_copy_2_workers,own_shared,copy,200000,9753033,48.765165,4700000
36,15,owner_retained_borrow_copy_read,std_raw_borrow,read,100000,30465,0.30465,2350000
36,16,resettable_root_pin_1024_borrow_reads,std_shared_pin_raw_borrow,scope,97,31783,327.659793814,2334208
36,17,owner_retained_4096_draw_borrows,own_local_view,frame,24,47497,1979.04166667,41287680
36,18,frame_4096_draws_64_unique_leases,std_shared,frame,24,83413,3475.54166667,41287680
36,19,resource_lifecycle_64_assets_4096_objects,own_local,cycle,10,276651,27665.1,17203200
36,20,weak_lock_live,own_shared,lock,100000,1484388,14.84388,2350000
36,21,independent_owner_parameter,std_shared,call,100000,1665858,16.65858,2350000
36,22,localize_read_drop,own_local,group,100000,4580015,45.80015,2350000
36,23,async_queue_job_1024_borrow_reads,own_shared_then_local_view,job,100,362850,3628.5,2406400
36,24,async_queue_job_64_borrow_reads,std_shared_then_raw_borrow,job,100,102140,1021.4,150400
36,25,localize_read_drop,std_shared,group,100000,1469159,14.69159,2350000
36,26,weak_lock_live,std_shared,lock,100000,1710276,17.10276,2350000
36,27,copy_read_drop,own_local,copy,100000,103817,1.03817,2350000
36,28,scene_4096_attachments,own_local,attachment,98304,135465,1.37802124023,98304
36,29,async_queue_job_64_local_copies,own_local,job,100,92383,923.83,150400
36,30,group_setup_then_1024_copies,own_local,group,97,125571,1294.54639175,2334208
36,31,resource_lifecycle_64_assets_4096_objects,std_shared,cycle,10,508861,50886.1,17203200
36,32,share_read_drop,std_shared,handoff,100000,1503899,15.03899,2350000
36,33,async_queue_job_1024_local_copies,std_shared,job,100,2445942,24459.42,2406400
36,34,group_setup_then_1_copies,std_shared,group,100000,3322752,33.22752,2000000
36,35,independent_owner_parameter,own_local,call,100000,127578,1.27578,2350000
36,36,group_setup_then_8_copies,own_local,group,12500,384211,30.73688,2350000
36,37,copy_read_drop,std_shared,copy,100000,1639529,16.39529,2350000
36,38,owner_retained_4096_draw_borrows,std_raw_borrow,frame,24,49275,2053.125,41287680
36,39,copy_read_drop,own_shared,copy,100000,1332800,13.328,2350000
36,40,create_read_destroy,own_shared,asset,100000,1813844,18.13844,65000400000
36,41,async_queue_job_1_local_copies,std_shared,job,100,69078,690.78,2000
36,42,group_setup_then_1_copies,own_local,group,100000,2565774,25.65774,2000000
36,43,weak_lock_expired,std_shared,lock,100000,80781,0.80781,0
36,44,async_queue_job_1_borrow_reads,std_shared_then_raw_borrow,job,100,90135,901.35,2000
36,45,async_queue_job_1024_local_copies,own_local,job,100,358149,3581.49,2406400
36,46,owner_retained_4096_parameter_borrows,own_local_view,frame,24,77538,3230.75,41287680
36,47,share_read_drop,own_shared,handoff,100000,1117142,11.17142,2350000
36,48,async_queue_job_64_borrow_reads,own_shared_then_local_view,job,100,66820,668.2,150400
36,49,contended_copy_2_workers,std_shared,copy,200000,15615568,78.07784,4700000
36,50,group_setup_then_64_copies,own_local,group,1562,142974,91.5326504481,2349248
36,51,async_queue_job_64_local_copies,std_shared,job,100,292566,2925.66,150400
36,52,async_queue_job_1024_borrow_reads,std_shared_then_raw_borrow,job,100,140018,1400.18,2406400
36,53,create_read_destroy,own_local,asset,100000,2344686,23.44686,65000400000
36,54,resettable_root_pin_1024_borrow_reads,own_shared_pin_local_view,scope,97,32494,334.989690722,2334208
36,55,async_queue_job_1_local_copies,own_local,job,100,54663,546.63,2000
37,0,owner_retained_4096_draw_borrows,own_local_view,frame,24,48888,2037,41287680
37,1,resettable_root_pin_1024_borrow_reads,std_shared_pin_raw_borrow,scope,97,31941,329.288659794,2334208
37,2,weak_lock_live,own_shared,lock,100000,1524022,15.24022,2350000
37,3,weak_lock_expired,own_shared,lock,100000,83959,0.83959,0
37,4,frame_4096_draws_64_unique_leases,std_shared,frame,24,88851,3702.125,41287680
37,5,async_queue_job_64_local_copies,own_local,job,100,92357,923.57,150400
37,6,create_read_destroy,std_shared,asset,100000,1201537,12.01537,65000400000
37,7,owner_retained_4096_parameter_borrows,own_local_view,frame,24,77217,3217.375,41287680
37,8,owner_retained_borrow_parameter,own_local_view,call,100000,59936,0.59936,2350000
37,9,share_read_drop,std_shared,handoff,100000,1486816,14.86816,2350000
37,10,copy_read_drop,std_shared,copy,100000,1647353,16.47353,2350000
37,11,frame_4096_draws_64_unique_leases,own_shared,frame,24,107939,4497.45833333,41287680
37,12,owner_retained_borrow_parameter,std_raw_borrow,call,100000,61674,0.61674,2350000
37,13,async_queue_job_1024_local_copies,std_shared,job,100,2506847,25068.47,2406400
37,14,contended_copy_2_workers,std_shared,copy,200000,14156188,70.78094,4700000
37,15,group_setup_then_1_copies,std_shared,group,100000,3358889,33.58889,2000000
37,16,contended_copy_2_workers,own_shared,copy,200000,9176424,45.88212,4700000
37,17,resource_lifecycle_64_assets_4096_objects,std_shared,cycle,10,546506,54650.6,17203200
37,18,owner_retained_borrow_copy_read,own_local_view,read,100000,32268,0.32268,2350000
37,19,async_queue_job_1024_local_copies,own_local,job,100,337125,3371.25,2406400
37,20,localize_read_drop,std_shared,group,100000,1531806,15.31806,2350000
37,21,async_queue_job_1024_borrow_reads,std_shared_then_raw_borrow,job,100,123919,1239.19,2406400
37,22,async_queue_job_1024_borrow_reads,own_shared_then_local_view,job,100,119270,1192.7,2406400
37,23,weak_lock_live,std_shared,lock,100000,1735782,17.35782,2350000
37,24,scene_4096_attachments,own_local,attachment,98304,145730,1.48244222005,98304
37,25,create_read_destroy,own_shared,asset,100000,1952480,19.5248,65000400000
37,26,async_queue_job_1_local_copies,std_shared,job,100,70694,706.94,2000
37,27,copy_read_drop,own_shared,copy,100000,1472039,14.72039,2350000
37,28,async_queue_job_64_borrow_reads,own_shared_then_local_view,job,100,107093,1070.93,150400
37,29,group_setup_then_64_copies,own_local,group,1562,155038,99.2560819462,2349248
37,30,group_setup_then_64_copies,std_shared,group,1562,1711099,1095.45390525,2349248
37,31,async_queue_job_64_local_copies,std_shared,job,100,297068,2970.68,150400
37,32,owner_retained_borrow_copy_read,std_raw_borrow,read,100000,34029,0.34029,2350000
37,33,independent_owner_parameter,std_shared,call,100000,1707918,17.07918,2350000
37,34,independent_owner_parameter,own_local,call,100000,115547,1.15547,2350000
37,35,group_setup_then_1024_copies,own_local,group,97,121737,1255.02061856,2334208
37,36,async_queue_job_1_local_copies,own_local,job,100,79166,791.66,2000
37,37,resource_lifecycle_64_assets_4096_objects,own_local,cycle,10,236516,23651.6,17203200
37,38,copy_read_drop,own_local,copy,100000,114235,1.14235,2350000
37,39,share_read_drop,own_shared,handoff,100000,1172464,11.72464,2350000
37,40,resettable_root_pin_1024_borrow_reads,own_shared_pin_local_view,scope,97,36540,376.701030928,2334208
37,41,scene_4096_attachments,std_shared,attachment,98304,995536,10.1271158854,98304
37,42,async_queue_job_64_borrow_reads,std_shared_then_raw_borrow,job,100,66648,666.48,150400
37,43,group_setup_then_8_copies,own_local,group,12500,407502,32.60016,2350000
37,44,owner_retained_4096_draw_borrows,std_raw_borrow,frame,24,52998,2208.25,41287680
37,45,group_setup_then_1024_copies,std_shared,group,97,1666606,17181.5051546,2334208
37,46,localize_read_drop,own_local,group,100000,1811631,18.11631,2350000
37,47,borrow_read,raw_borrow,read,100000,38755,0.38755,2350000
37,48,async_queue_job_1_borrow_reads,own_shared_then_local_view,job,100,59778,597.78,2000
37,49,owner_retained_4096_parameter_borrows,std_raw_borrow,frame,24,76096,3170.66666667,41287680
37,50,independent_owner_parameter,own_shared,call,100000,1336427,13.36427,2350000
37,51,create_read_destroy,own_local,asset,100000,2401595,24.01595,65000400000
37,52,weak_lock_expired,std_shared,lock,100000,77120,0.7712,0
37,53,group_setup_then_8_copies,std_shared,group,12500,1881125,150.49,2350000
37,54,group_setup_then_1_copies,own_local,group,100000,2588511,25.88511,2000000
37,55,async_queue_job_1_borrow_reads,std_shared_then_raw_borrow,job,100,114250,1142.5,2000
38,0,share_read_drop,own_shared,handoff,100000,1129205,11.29205,2350000
38,1,async_queue_job_1024_local_copies,std_shared,job,100,2583269,25832.69,2406400
38,2,weak_lock_live,std_shared,lock,100000,1725629,17.25629,2350000
38,3,async_queue_job_1_borrow_reads,own_shared_then_local_view,job,100,69229,692.29,2000
38,4,resource_lifecycle_64_assets_4096_objects,std_shared,cycle,10,507328,50732.8,17203200
38,5,owner_retained_4096_draw_borrows,std_raw_borrow,frame,24,47711,1987.95833333,41287680
38,6,weak_lock_expired,std_shared,lock,100000,83361,0.83361,0
38,7,scene_4096_attachments,own_local,attachment,98304,151411,1.54023234049,98304
38,8,resettable_root_pin_1024_borrow_reads,own_shared_pin_local_view,scope,97,33371,344.030927835,2334208
38,9,create_read_destroy,own_shared,asset,100000,1820450,18.2045,65000400000
38,10,copy_read_drop,own_shared,copy,100000,1309123,13.09123,2350000
38,11,resettable_root_pin_1024_borrow_reads,std_shared_pin_raw_borrow,scope,97,33548,345.855670103,2334208
38,12,owner_retained_4096_parameter_borrows,std_raw_borrow,frame,24,76108,3171.16666667,41287680
38,13,independent_owner_parameter,std_shared,call,100000,1665205,16.65205,2350000
38,14,async_queue_job_1024_borrow_reads,std_shared_then_raw_borrow,job,100,165715,1657.15,2406400
38,15,localize_read_drop,own_local,group,100000,1903608,19.03608,2350000
38,16,group_setup_then_1_copies,std_shared,group,100000,3402606,34.02606,2000000
38,17,frame_4096_draws_64_unique_leases,std_shared,frame,24,92293,3845.54166667,41287680
38,18,independent_owner_parameter,own_shared,call,100000,1351700,13.517,2350000
38,19,group_setup_then_64_copies,own_local,group,1562,302046,193.371318822,2349248
38,20,independent_owner_parameter,own_local,call,100000,115038,1.15038,2350000
38,21,async_queue_job_1_borrow_reads,std_shared_then_raw_borrow,job,100,47207,472.07,2000
38,22,owner_retained_borrow_parameter,own_local_view,call,100000,63099,0.63099,2350000
38,23,async_queue_job_1_local_copies,own_local,job,100,50706,507.06,2000
38,24,async_queue_job_64_local_copies,std_shared,job,100,320525,3205.25,150400
38,25,contended_copy_2_workers,std_shared,copy,200000,13005367,65.026835,4700000
38,26,async_queue_job_64_borrow_reads,own_shared_then_local_view,job,100,47640,476.4,150400
38,27,async_queue_job_1024_borrow_reads,own_shared_then_local_view,job,100,135098,1350.98,2406400
38,28,create_read_destroy,own_local,asset,100000,2313793,23.13793,65000400000
38,29,frame_4096_draws_64_unique_leases,own_shared,frame,24,87096,3629,41287680
38,30,owner_retained_borrow_parameter,std_raw_borrow,call,100000,64227,0.64227,2350000
38,31,borrow_read,raw_borrow,read,100000,35087,0.35087,2350000
38,32,async_queue_job_1024_local_copies,own_local,job,100,325568,3255.68,2406400
38,33,copy_read_drop,std_shared,copy,100000,1653666,16.53666,2350000
38,34,share_read_drop,std_shared,handoff,100000,1499140,14.9914,2350000
38,35,scene_4096_attachments,std_shared,attachment,98304,966346,9.83017985026,98304
38,36,resource_lifecycle_64_assets_4096_objects,own_local,cycle,10,229177,22917.7,17203200
38,37,copy_read_drop,own_local,copy,100000,105766,1.05766,2350000
38,38,async_queue_job_1_local_copies,std_shared,job,100,65737,657.37,2000
38,39,owner_retained_4096_parameter_borrows,own_local_view,frame,24,78258,3260.75,41287680
38,40,localize_read_drop,std_shared,group,100000,1472848,14.72848,2350000
38,41,group_setup_then_64_copies,std_shared,group,1562,1698905,1087.64724712,2349248
38,42,group_setup_then_8_copies,own_local,group,12500,419052,33.52416,2350000
38,43,async_queue_job_64_borrow_reads,std_shared_then_raw_borrow,job,100,75445,754.45,150400
38,44,async_queue_job_64_local_copies,own_local,job,100,68749,687.49,150400
38,45,weak_lock_expired,own_shared,lock,100000,68633,0.68633,0
38,46,create_read_destroy,std_shared,asset,100000,1200260,12.0026,65000400000
38,47,group_setup_then_1024_copies,own_local,group,97,116874,1204.88659794,2334208
38,48,owner_retained_4096_draw_borrows,own_local_view,frame,24,47039,1959.95833333,41287680
38,49,weak_lock_live,own_shared,lock,100000,1493275,14.93275,2350000
38,50,contended_copy_2_workers,own_shared,copy,200000,9324669,46.623345,4700000
38,51,group_setup_then_1024_copies,std_shared,group,97,1658777,17100.7938144,2334208
38,52,group_setup_then_8_copies,std_shared,group,12500,1899934,151.99472,2350000
38,53,group_setup_then_1_copies,own_local,group,100000,2484137,24.84137,2000000
38,54,owner_retained_borrow_copy_read,std_raw_borrow,read,100000,30536,0.30536,2350000
38,55,owner_retained_borrow_copy_read,own_local_view,read,100000,32161,0.32161,2350000
39,0,group_setup_then_1024_copies,std_shared,group,97,1680038,17319.9793814,2334208
39,1,scene_4096_attachments,std_shared,attachment,98304,938318,9.54506429036,98304
39,2,scene_4096_attachments,own_local,attachment,98304,133200,1.35498046875,98304
39,3,owner_retained_4096_draw_borrows,own_local_view,frame,24,47557,1981.54166667,41287680
39,4,owner_retained_borrow_copy_read,std_raw_borrow,read,100000,29987,0.29987,2350000
39,5,resource_lifecycle_64_assets_4096_objects,own_local,cycle,10,229612,22961.2,17203200
39,6,independent_owner_parameter,std_shared,call,100000,1660643,16.60643,2350000
39,7,async_queue_job_1_borrow_reads,std_shared_then_raw_borrow,job,100,71858,718.58,2000
39,8,owner_retained_borrow_parameter,std_raw_borrow,call,100000,64233,0.64233,2350000
39,9,group_setup_then_1_copies,std_shared,group,100000,3321188,33.21188,2000000
39,10,group_setup_then_1_copies,own_local,group,100000,2573993,25.73993,2000000
39,11,create_read_destroy,own_local,asset,100000,2456874,24.56874,65000400000
39,12,resource_lifecycle_64_assets_4096_objects,std_shared,cycle,10,543961,54396.1,17203200
39,13,contended_copy_2_workers,std_shared,copy,200000,18079574,90.39787,4700000
39,14,contended_copy_2_workers,own_shared,copy,200000,9939777,49.698885,4700000
39,15,async_queue_job_1024_local_copies,std_shared,job,100,2703950,27039.5,2406400
39,16,async_queue_job_1_local_copies,std_shared,job,100,45555,455.55,2000
39,17,group_setup_then_8_copies,std_shared,group,12500,1879918,150.39344,2350000
39,18,weak_lock_expired,std_shared,lock,100000,77208,0.77208,0
39,19,independent_owner_parameter,own_local,call,100000,115793,1.15793,2350000
39,20,share_read_drop,std_shared,handoff,100000,1472325,14.72325,2350000
39,21,localize_read_drop,std_shared,group,100000,1491767,14.91767,2350000
39,22,owner_retained_4096_parameter_borrows,own_local_view,frame,24,77800,3241.66666667,41287680
39,23,copy_read_drop,std_shared,copy,100000,1646708,16.46708,2350000
39,24,weak_lock_live,own_shared,lock,100000,1481159,14.81159,2350000
39,25,copy_read_drop,own_local,copy,100000,103667,1.03667,2350000
39,26,localize_read_drop,own_local,group,100000,1787269,17.87269,2350000
39,27,owner_retained_borrow_copy_read,own_local_view,read,100000,31007,0.31007,2350000
39,28,async_queue_job_1_borrow_reads,own_shared_then_local_view,job,100,76435,764.35,2000
39,29,async_queue_job_64_local_copies,std_shared,job,100,299821,2998.21,150400
39,30,weak_lock_expired,own_shared,lock,100000,68599,0.68599,0
39,31,group_setup_then_8_copies,own_local,group,12500,392518,31.40144,2350000
39,32,copy_read_drop,own_shared,copy,100000,1315175,13.15175,2350000
39,33,async_queue_job_1024_local_copies,own_local,job,100,376178,3761.78,2406400
39,34,create_read_destroy,own_shared,asset,100000,1824072,18.24072,65000400000
39,35,resettable_root_pin_1024_borrow_reads,own_shared_pin_local_view,scope,97,43644,449.93814433,2334208
39,36,async_queue_job_1024_borrow_reads,std_shared_then_raw_borrow,job,100,184903,1849.03,2406400
39,37,async_queue_job_64_borrow_reads,std_shared_then_raw_borrow,job,100,68737,687.37,150400
39,38,async_queue_job_64_local_copies,own_local,job,100,98872,988.72,150400
39,39,frame_4096_draws_64_unique_leases,own_shared,frame,24,88618,3692.41666667,41287680
39,40,group_setup_then_1024_copies,own_local,group,97,119029,1227.10309278,2334208
39,41,independent_owner_parameter,own_shared,call,100000,1317693,13.17693,2350000
39,42,borrow_read,raw_borrow,read,100000,59644,0.59644,2350000
39,43,owner_retained_4096_draw_borrows,std_raw_borrow,frame,24,58705,2446.04166667,41287680
39,44,async_queue_job_64_borrow_reads,own_shared_then_local_view,job,100,66249,662.49,150400
39,45,async_queue_job_1024_borrow_reads,own_shared_then_local_view,job,100,122276,1222.76,2406400
39,46,frame_4096_draws_64_unique_leases,std_shared,frame,24,85878,3578.25,41287680
39,47,group_setup_then_64_copies,std_shared,group,1562,1673932,1071.65941101,2349248
39,48,resettable_root_pin_1024_borrow_reads,std_shared_pin_raw_borrow,scope,97,32483,334.87628866,2334208
39,49,create_read_destroy,std_shared,asset,100000,1210486,12.10486,65000400000
39,50,owner_retained_4096_parameter_borrows,std_raw_borrow,frame,24,76689,3195.375,41287680
39,51,share_read_drop,own_shared,handoff,100000,1150928,11.50928,2350000
39,52,owner_retained_borrow_parameter,own_local_view,call,100000,59960,0.5996,2350000
39,53,weak_lock_live,std_shared,lock,100000,1681361,16.81361,2350000
39,54,group_setup_then_64_copies,own_local,group,1562,157911,101.095390525,2349248
39,55,async_queue_job_1_local_copies,own_local,job,100,89953,899.53,2000
40,0,share_read_drop,own_shared,handoff,100000,1157955,11.57955,2350000
40,1,group_setup_then_1_copies,own_local,group,100000,2507641,25.07641,2000000
40,2,independent_owner_parameter,own_local,call,100000,128413,1.28413,2350000
40,3,group_setup_then_1_copies,std_shared,group,100000,3329322,33.29322,2000000
40,4,create_read_destroy,own_shared,asset,100000,1773533,17.73533,65000400000
40,5,owner_retained_borrow_parameter,own_local_view,call,100000,61644,0.61644,2350000
40,6,scene_4096_attachments,own_local,attachment,98304,132506,1.34792073568,98304
40,7,owner_retained_4096_draw_borrows,own_local_view,frame,24,48918,2038.25,41287680
40,8,weak_lock_expired,std_shared,lock,100000,77151,0.77151,0
40,9,copy_read_drop,std_shared,copy,100000,1653820,16.5382,2350000
40,10,weak_lock_live,std_shared,lock,100000,1668899,16.68899,2350000
40,11,weak_lock_live,own_shared,lock,100000,1519665,15.19665,2350000
40,12,group_setup_then_64_copies,own_local,group,1562,216270,138.457106274,2349248
40,13,async_queue_job_1_borrow_reads,own_shared_then_local_view,job,100,192520,1925.2,2000
40,14,async_queue_job_1024_borrow_reads,std_shared_then_raw_borrow,job,100,138431,1384.31,2406400
40,15,group_setup_then_64_copies,std_shared,group,1562,1682017,1076.83546735,2349248
40,16,resource_lifecycle_64_assets_4096_objects,own_local,cycle,10,270956,27095.6,17203200
40,17,async_queue_job_1024_borrow_reads,own_shared_then_local_view,job,100,232019,2320.19,2406400
40,18,localize_read_drop,own_local,group,100000,1777157,17.77157,2350000
40,19,async_queue_job_1_local_copies,own_local,job,100,73414,734.14,2000
40,20,owner_retained_borrow_parameter,std_raw_borrow,call,100000,71379,0.71379,2350000
40,21,independent_owner_parameter,std_shared,call,100000,1640475,16.40475,2350000
40,22,async_queue_job_1024_local_copies,own_local,job,100,381139,3811.39,2406400
40,23,share_read_drop,std_shared,handoff,100000,1497345,14.97345,2350000
40,24,frame_4096_draws_64_unique_leases,own_shared,frame,24,86133,3588.875,41287680
40,25,group_setup_then_8_copies,std_shared,group,12500,1855329,148.42632,2350000
40,26,resource_lifecycle_64_assets_4096_objects,std_shared,cycle,10,515684,51568.4,17203200
40,27,async_queue_job_64_borrow_reads,std_shared_then_raw_borrow,job,100,113356,1133.56,150400
40,28,scene_4096_attachments,std_shared,attachment,98304,949703,9.66087849935,98304
40,29,group_setup_then_8_copies,own_local,group,12500,370815,29.6652,2350000
40,30,create_read_destroy,own_local,asset,100000,2312285,23.12285,65000400000
40,31,owner_retained_borrow_copy_read,own_local_view,read,100000,30441,0.30441,2350000
40,32,owner_retained_4096_parameter_borrows,own_local_view,frame,24,76522,3188.41666667,41287680
40,33,independent_owner_parameter,own_shared,call,100000,1329290,13.2929,2350000
40,34,resettable_root_pin_1024_borrow_reads,own_shared_pin_local_view,scope,97,33432,344.659793814,2334208
40,35,copy_read_drop,own_shared,copy,100000,1298914,12.98914,2350000
40,36,create_read_destroy,std_shared,asset,100000,1175625,11.75625,65000400000
40,37,copy_read_drop,own_local,copy,100000,104688,1.04688,2350000
40,38,async_queue_job_1024_local_copies,std_shared,job,100,2434156,24341.56,2406400
40,39,owner_retained_4096_draw_borrows,std_raw_borrow,frame,24,48529,2022.04166667,41287680
40,40,contended_copy_2_workers,std_shared,copy,200000,18037002,90.18501,4700000
40,41,group_setup_then_1024_copies,std_shared,group,97,1666470,17180.1030928,2334208
40,42,owner_retained_4096_parameter_borrows,std_raw_borrow,frame,24,77859,3244.125,41287680
40,43,localize_read_drop,std_shared,group,100000,1463027,14.63027,2350000
40,44,frame_4096_draws_64_unique_leases,std_shared,frame,24,85951,3581.29166667,41287680
40,45,group_setup_then_1024_copies,own_local,group,97,116256,1198.51546392,2334208
40,46,async_queue_job_64_borrow_reads,own_shared_then_local_view,job,100,68776,687.76,150400
40,47,async_queue_job_1_local_copies,std_shared,job,100,60773,607.73,2000
40,48,async_queue_job_1_borrow_reads,std_shared_then_raw_borrow,job,100,51788,517.88,2000
40,49,borrow_read,raw_borrow,read,100000,46339,0.46339,2350000
40,50,async_queue_job_64_local_copies,std_shared,job,100,316531,3165.31,150400
40,51,resettable_root_pin_1024_borrow_reads,std_shared_pin_raw_borrow,scope,97,33517,345.536082474,2334208
40,52,async_queue_job_64_local_copies,own_local,job,100,86943,869.43,150400
40,53,weak_lock_expired,own_shared,lock,100000,68763,0.68763,0
40,54,owner_retained_borrow_copy_read,std_raw_borrow,read,100000,30163,0.30163,2350000
40,55,contended_copy_2_workers,own_shared,copy,200000,9812112,49.06056,4700000
41,0,independent_owner_parameter,own_shared,call,100000,1298622,12.98622,2350000
41,1,create_read_destroy,own_local,asset,100000,2320058,23.20058,65000400000
41,2,group_setup_then_1_copies,std_shared,group,100000,3337036,33.37036,2000000
41,3,group_setup_then_1024_copies,std_shared,group,97,1631530,16819.8969072,2334208
41,4,copy_read_drop,own_local,copy,100000,123546,1.23546,2350000
41,5,independent_owner_parameter,own_local,call,100000,115537,1.15537,2350000
41,6,owner_retained_borrow_parameter,own_local_view,call,100000,64285,0.64285,2350000
41,7,owner_retained_borrow_copy_read,std_raw_borrow,read,100000,30007,0.30007,2350000
41,8,async_queue_job_1024_local_copies,std_shared,job,100,2399837,23998.37,2406400
41,9,weak_lock_expired,std_shared,lock,100000,77192,0.77192,0
41,10,async_queue_job_1_borrow_reads,own_shared_then_local_view,job,100,90468,904.68,2000
41,11,resettable_root_pin_1024_borrow_reads,own_shared_pin_local_view,scope,97,32092,330.845360825,2334208
41,12,async_queue_job_64_local_copies,own_local,job,100,89680,896.8,150400
41,13,frame_4096_draws_64_unique_leases,own_shared,frame,24,87476,3644.83333333,41287680
41,14,scene_4096_attachments,std_shared,attachment,98304,940921,9.57154337565,98304
41,15,contended_copy_2_workers,std_shared,copy,200000,17630911,88.154555,4700000
41,16,async_queue_job_64_borrow_reads,std_shared_then_raw_borrow,job,100,81100,811,150400
41,17,independent_owner_parameter,std_shared,call,100000,1655798,16.55798,2350000
41,18,async_queue_job_1_borrow_reads,std_shared_then_raw_borrow,job,100,58517,585.17,2000
41,19,weak_lock_live,own_shared,lock,100000,1516470,15.1647,2350000
41,20,weak_lock_expired,own_shared,lock,100000,68519,0.68519,0
41,21,owner_retained_4096_draw_borrows,own_local_view,frame,24,48580,2024.16666667,41287680
41,22,share_read_drop,own_shared,handoff,100000,1152750,11.5275,2350000
41,23,owner_retained_borrow_parameter,std_raw_borrow,call,100000,61740,0.6174,2350000
41,24,group_setup_then_1024_copies,own_local,group,97,112900,1163.91752577,2334208
41,25,contended_copy_2_workers,own_shared,copy,200000,9799202,48.99601,4700000
41,26,group_setup_then_64_copies,std_shared,group,1562,1701487,1089.30025608,2349248
41,27,weak_lock_live,std_shared,lock,100000,1731041,17.31041,2350000
41,28,async_queue_job_1_local_copies,own_local,job,100,50420,504.2,2000
41,29,async_queue_job_1024_borrow_reads,own_shared_then_local_view,job,100,142659,1426.59,2406400
41,30,create_read_destroy,std_shared,asset,100000,1281560,12.8156,65000400000
41,31,frame_4096_draws_64_unique_leases,std_shared,frame,24,99099,4129.125,41287680
41,32,group_setup_then_8_copies,std_shared,group,12500,1933077,154.64616,2350000
41,33,owner_retained_4096_draw_borrows,std_raw_borrow,frame,24,49058,2044.08333333,41287680
41,34,borrow_read,raw_borrow,read,100000,34963,0.34963,2350000
41,35,owner_retained_4096_parameter_borrows,own_local_view,frame,24,76646,3193.58333333,41287680
41,36,group_setup_then_8_copies,own_local,group,12500,386366,30.90928,2350000
41,37,localize_read_drop,std_shared,group,100000,1470737,14.70737,2350000
41,38,async_queue_job_1024_borrow_reads,std_shared_then_raw_borrow,job,100,245053,2450.53,2406400
41,39,async_queue_job_1024_local_copies,own_local,job,100,333975,3339.75,2406400
41,40,async_queue_job_64_local_copies,std_shared,job,100,298830,2988.3,150400
41,41,localize_read_drop,own_local,group,100000,1759697,17.59697,2350000
41,42,group_setup_then_64_copies,own_local,group,1562,238513,152.697183099,2349248
41,43,create_read_destroy,own_shared,asset,100000,1776251,17.76251,65000400000
41,44,owner_retained_borrow_copy_read,own_local_view,read,100000,32146,0.32146,2350000
41,45,scene_4096_attachments,own_local,attachment,98304,146389,1.48914591471,98304
41,46,copy_read_drop,std_shared,copy,100000,1629906,16.29906,2350000
41,47,async_queue_job_64_borrow_reads,own_shared_then_local_view,job,100,97627,976.27,150400
41,48,resource_lifecycle_64_assets_4096_objects,std_shared,cycle,10,522171,52217.1,17203200
41,49,resettable_root_pin_1024_borrow_reads,std_shared_pin_raw_borrow,scope,97,33556,345.93814433,2334208
41,50,resource_lifecycle_64_assets_4096_objects,own_local,cycle,10,222521,22252.1,17203200
41,51,copy_read_drop,own_shared,copy,100000,1317583,13.17583,2350000
41,52,async_queue_job_1_local_copies,std_shared,job,100,90716,907.16,2000
41,53,share_read_drop,std_shared,handoff,100000,1477368,14.77368,2350000
41,54,owner_retained_4096_parameter_borrows,std_raw_borrow,frame,24,76619,3192.45833333,41287680
41,55,group_setup_then_1_copies,own_local,group,100000,2532279,25.32279,2000000
42,0,share_read_drop,std_shared,handoff,100000,1475867,14.75867,2350000
42,1,weak_lock_live,std_shared,lock,100000,1676093,16.76093,2350000
42,2,create_read_destroy,own_shared,asset,100000,1794553,17.94553,65000400000
42,3,owner_retained_4096_parameter_borrows,std_raw_borrow,frame,24,76091,3170.45833333,41287680
42,4,group_setup_then_1024_copies,own_local,group,97,113630,1171.44329897,2334208
42,5,group_setup_then_1_copies,std_shared,group,100000,3324684,33.24684,2000000
42,6,async_queue_job_64_borrow_reads,own_shared_then_local_view,job,100,97683,976.83,150400
42,7,weak_lock_expired,std_shared,lock,100000,77303,0.77303,0
42,8,independent_owner_parameter,std_shared,call,100000,1651017,16.51017,2350000
42,9,group_setup_then_8_copies,own_local,group,12500,403719,32.29752,2350000
42,10,group_setup_then_8_copies,std_shared,group,12500,1870201,149.61608,2350000
42,11,contended_copy_2_workers,own_shared,copy,200000,9657635,48.288175,4700000
42,12,group_setup_then_64_copies,own_local,group,1562,215161,137.747119078,2349248
42,13,async_queue_job_64_borrow_reads,std_shared_then_raw_borrow,job,100,62123,621.23,150400
42,14,resource_lifecycle_64_assets_4096_objects,own_local,cycle,10,230172,23017.2,17203200
42,15,async_queue_job_1024_local_copies,std_shared,job,100,2695411,26954.11,2406400
42,16,resettable_root_pin_1024_borrow_reads,own_shared_pin_local_view,scope,97,32100,330.927835052,2334208
42,17,frame_4096_draws_64_unique_leases,std_shared,frame,24,86831,3617.95833333,41287680
42,18,scene_4096_attachments,std_shared,attachment,98304,936949,9.53113810221,98304
42,19,owner_retained_4096_draw_borrows,std_raw_borrow,frame,24,48302,2012.58333333,41287680
42,20,contended_copy_2_workers,std_shared,copy,200000,16774508,83.87254,4700000
42,21,independent_owner_parameter,own_shared,call,100000,1315117,13.15117,2350000
42,22,async_queue_job_1_borrow_reads,std_shared_then_raw_borrow,job,100,83992,839.92,2000
42,23,resettable_root_pin_1024_borrow_reads,std_shared_pin_raw_borrow,scope,97,33526,345.628865979,2334208
42,24,async_queue_job_1024_borrow_reads,std_shared_then_raw_borrow,job,100,218264,2182.64,2406400
42,25,group_setup_then_1_copies,own_local,group,100000,2493017,24.93017,2000000
42,26,frame_4096_draws_64_unique_leases,own_shared,frame,24,87778,3657.41666667,41287680
42,27,weak_lock_live,own_shared,lock,100000,1564585,15.64585,2350000
42,28,create_read_destroy,own_local,asset,100000,2290480,22.9048,65000400000
42,29,async_queue_job_1024_local_copies,own_local,job,100,322591,3225.91,2406400
42,30,owner_retained_borrow_copy_read,own_local_view,read,100000,32405,0.32405,2350000
42,31,owner_retained_borrow_parameter,std_raw_borrow,call,100000,74340,0.7434,2350000
42,32,owner_retained_4096_parameter_borrows,own_local_view,frame,24,77646,3235.25,41287680
42,33,owner_retained_borrow_copy_read,std_raw_borrow,read,100000,30035,0.30035,2350000
42,34,localize_read_drop,own_local,group,100000,1773927,17.73927,2350000
42,35,async_queue_job_1_borrow_reads,own_shared_then_local_view,job,100,111450,1114.5,2000
42,36,scene_4096_attachments,own_local,attachment,98304,132278,1.34560139974,98304
42,37,group_setup_then_64_copies,std_shared,group,1562,1695695,1085.5921895,2349248
42,38,share_read_drop,own_shared,handoff,100000,1115522,11.15522,2350000
42,39,async_queue_job_64_local_copies,own_local,job,100,77567,775.67,150400
42,40,async_queue_job_1024_borrow_reads,own_shared_then_local_view,job,100,203474,2034.74,2406400
42,41,async_queue_job_1_local_copies,std_shared,job,100,54597,545.97,2000
42,42,borrow_read,raw_borrow,read,100000,34934,0.34934,2350000
42,43,create_read_destroy,std_shared,asset,100000,1211400,12.114,65000400000
42,44,weak_lock_expired,own_shared,lock,100000,68633,0.68633,0
42,45,copy_read_drop,own_shared,copy,100000,1337834,13.37834,2350000
42,46,localize_read_drop,std_shared,group,100000,1494010,14.9401,2350000
42,47,async_queue_job_1_local_copies,own_local,job,100,70735,707.35,2000
42,48,owner_retained_borrow_parameter,own_local_view,call,100000,60115,0.60115,2350000
42,49,group_setup_then_1024_copies,std_shared,group,97,1641423,16921.8865979,2334208
42,50,copy_read_drop,own_local,copy,100000,103584,1.03584,2350000
42,51,copy_read_drop,std_shared,copy,100000,1671801,16.71801,2350000
42,52,resource_lifecycle_64_assets_4096_objects,std_shared,cycle,10,508243,50824.3,17203200
42,53,async_queue_job_64_local_copies,std_shared,job,100,330491,3304.91,150400
42,54,independent_owner_parameter,own_local,call,100000,124394,1.24394,2350000
42,55,owner_retained_4096_draw_borrows,own_local_view,frame,24,48928,2038.66666667,41287680
43,0,copy_read_drop,std_shared,copy,100000,1628559,16.28559,2350000
43,1,owner_retained_4096_draw_borrows,own_local_view,frame,24,63218,2634.08333333,41287680
43,2,resettable_root_pin_1024_borrow_reads,std_shared_pin_raw_borrow,scope,97,33447,344.81443299,2334208
43,3,share_read_drop,std_shared,handoff,100000,1524788,15.24788,2350000
43,4,async_queue_job_1024_local_copies,std_shared,job,100,2469719,24697.19,2406400
43,5,async_queue_job_64_local_copies,std_shared,job,100,305167,3051.67,150400
43,6,weak_lock_live,std_shared,lock,100000,1670841,16.70841,2350000
43,7,owner_retained_borrow_copy_read,std_raw_borrow,read,100000,30087,0.30087,2350000
43,8,contended_copy_2_workers,own_shared,copy,200000,8755838,43.77919,4700000
43,9,localize_read_drop,own_local,group,100000,1788107,17.88107,2350000
43,10,resource_lifecycle_64_assets_4096_objects,std_shared,cycle,10,517893,51789.3,17203200
43,11,async_queue_job_64_borrow_reads,own_shared_then_local_view,job,100,57281,572.81,150400
43,12,owner_retained_4096_parameter_borrows,std_raw_borrow,frame,24,92041,3835.04166667,41287680
43,13,group_setup_then_1_copies,std_shared,group,100000,3334247,33.34247,2000000
43,14,group_setup_then_1024_copies,std_shared,group,97,1645584,16964.7835052,2334208
43,15,weak_lock_expired,own_shared,lock,100000,68683,0.68683,0
43,16,async_queue_job_1024_borrow_reads,std_shared_then_raw_borrow,job,100,117753,1177.53,2406400
43,17,create_read_destroy,std_shared,asset,100000,1200257,12.00257,65000400000
43,18,resettable_root_pin_1024_borrow_reads,own_shared_pin_local_view,scope,97,33467,345.020618557,2334208
43,19,group_setup_then_64_copies,own_local,group,1562,147739,94.5832266325,2349248
43,20,scene_4096_attachments,own_local,attachment,98304,149044,1.51615397135,98304
43,21,weak_lock_expired,std_shared,lock,100000,77106,0.77106,0
43,22,async_queue_job_1_local_copies,own_local,job,100,89774,897.74,2000
43,23,resource_lifecycle_64_assets_4096_objects,own_local,cycle,10,235758,23575.8,17203200
43,24,owner_retained_borrow_copy_read,own_local_view,read,100000,31486,0.31486,2350000
43,25,copy_read_drop,own_shared,copy,100000,1296147,12.96147,2350000
43,26,create_read_destroy,own_local,asset,100000,2342489,23.42489,65000400000
43,27,async_queue_job_1024_local_copies,own_local,job,100,367111,3671.11,2406400
43,28,weak_lock_live,own_shared,lock,100000,1482167,14.82167,2350000
43,29,async_queue_job_1_borrow_reads,std_shared_then_raw_borrow,job,100,84779,847.79,2000
43,30,owner_retained_4096_draw_borrows,std_raw_borrow,frame,24,47651,1985.45833333,41287680
43,31,independent_owner_parameter,own_local,call,100000,115777,1.15777,2350000
43,32,group_setup_then_8_copies,std_shared,group,12500,1907667,152.61336,2350000
43,33,async_queue_job_1_borrow_reads,own_shared_then_local_view,job,100,60493,604.93,2000
43,34,async_queue_job_1024_borrow_reads,own_shared_then_local_view,job,100,144696,1446.96,2406400
43,35,async_queue_job_64_local_copies,own_local,job,100,104499,1044.99,150400
43,36,owner_retained_4096_parameter_borrows,own_local_view,frame,24,77399,3224.95833333,41287680
43,37,contended_copy_2_workers,std_shared,copy,200000,16865272,84.32636,4700000
43,38,frame_4096_draws_64_unique_leases,std_shared,frame,24,125420,5225.83333333,41287680
43,39,borrow_read,raw_borrow,read,100000,35029,0.35029,2350000
43,40,group_setup_then_1_copies,own_local,group,100000,2530294,25.30294,2000000
43,41,owner_retained_borrow_parameter,std_raw_borrow,call,100000,82460,0.8246,2350000
43,42,group_setup_then_1024_copies,own_local,group,97,158432,1633.31958763,2334208
43,43,group_setup_then_64_copies,std_shared,group,1562,1668602,1068.24711908,2349248
43,44,async_queue_job_64_borrow_reads,std_shared_then_raw_borrow,job,100,3352622,33526.22,150400
43,45,copy_read_drop,own_local,copy,100000,125992,1.25992,2350000
43,46,create_read_destroy,own_shared,asset,100000,1780240,17.8024,65000400000
43,47,owner_retained_borrow_parameter,own_local_view,call,100000,64300,0.643,2350000
43,48,share_read_drop,own_shared,handoff,100000,1139947,11.39947,2350000
43,49,async_queue_job_1_local_copies,std_shared,job,100,56243,562.43,2000
43,50,localize_read_drop,std_shared,group,100000,1479875,14.79875,2350000
43,51,scene_4096_attachments,std_shared,attachment,98304,937810,9.53989664714,98304
43,52,independent_owner_parameter,own_shared,call,100000,1325602,13.25602,2350000
43,53,frame_4096_draws_64_unique_leases,own_shared,frame,24,87872,3661.33333333,41287680
43,54,group_setup_then_8_copies,own_local,group,12500,380521,30.44168,2350000
43,55,independent_owner_parameter,std_shared,call,100000,1648670,16.4867,2350000
44,0,resource_lifecycle_64_assets_4096_objects,std_shared,cycle,10,510825,51082.5,17203200
44,1,create_read_destroy,own_shared,asset,100000,1782415,17.82415,65000400000
44,2,resettable_root_pin_1024_borrow_reads,std_shared_pin_raw_borrow,scope,97,33541,345.783505155,2334208
44,3,owner_retained_borrow_copy_read,own_local_view,read,100000,32264,0.32264,2350000
44,4,independent_owner_parameter,std_shared,call,100000,1652602,16.52602,2350000
44,5,resettable_root_pin_1024_borrow_reads,own_shared_pin_local_view,scope,97,33332,343.628865979,2334208
44,6,owner_retained_borrow_copy_read,std_raw_borrow,read,100000,30054,0.30054,2350000
44,7,weak_lock_expired,own_shared,lock,100000,68556,0.68556,0
44,8,owner_retained_4096_parameter_borrows,std_raw_borrow,frame,24,77785,3241.04166667,41287680
44,9,independent_owner_parameter,own_local,call,100000,115678,1.15678,2350000
44,10,async_queue_job_64_borrow_reads,std_shared_then_raw_borrow,job,100,83736,837.36,150400
44,11,localize_read_drop,own_local,group,100000,1797316,17.97316,2350000
44,12,resource_lifecycle_64_assets_4096_objects,own_local,cycle,10,223786,22378.6,17203200
44,13,owner_retained_4096_draw_borrows,std_raw_borrow,frame,24,47103,1962.625,41287680
44,14,group_setup_then_1024_copies,own_local,group,97,117355,1209.84536082,2334208
44,15,independent_owner_parameter,own_shared,call,100000,1314907,13.14907,2350000
44,16,copy_read_drop,own_shared,copy,100000,1304641,13.04641,2350000
44,17,async_queue_job_1_borrow_reads,std_shared_then_raw_borrow,job,100,76226,762.26,2000
44,18,create_read_destroy,own_local,asset,100000,2351539,23.51539,65000400000
44,19,async_queue_job_1024_borrow_reads,std_shared_then_raw_borrow,job,100,567691,5676.91,2406400
44,20,share_read_drop,std_shared,handoff,100000,1505225,15.05225,2350000
44,21,async_queue_job_64_local_copies,std_shared,job,100,328322,3283.22,150400
44,22,async_queue_job_64_local_copies,own_local,job,100,90966,909.66,150400
44,23,copy_read_drop,std_shared,copy,100000,1643895,16.43895,2350000
44,24,weak_lock_live,std_shared,lock,100000,1666776,16.66776,2350000
44,25,localize_read_drop,std_shared,group,100000,1487407,14.87407,2350000
44,26,async_queue_job_1_local_copies,own_local,job,100,76241,762.41,2000
44,27,owner_retained_borrow_parameter,own_local_view,call,100000,64231,0.64231,2350000
44,28,async_queue_job_64_borrow_reads,own_shared_then_local_view,job,100,81309,813.09,150400
44,29,owner_retained_borrow_parameter,std_raw_borrow,call,100000,63913,0.63913,2350000
44,30,contended_copy_2_workers,own_shared,copy,200000,9886798,49.43399,4700000
44,31,group_setup_then_1_copies,own_local,group,100000,2523022,25.23022,2000000
44,32,async_queue_job_1024_local_copies,std_shared,job,100,2462217,24622.17,2406400
44,33,copy_read_drop,own_local,copy,100000,105440,1.0544,2350000
44,34,frame_4096_draws_64_unique_leases,own_shared,frame,24,87633,3651.375,41287680
44,35,owner_retained_4096_draw_borrows,own_local_view,frame,24,53040,2210,41287680
44,36,group_setup_then_64_copies,std_shared,group,1562,1683565,1077.82650448,2349248
44,37,group_setup_then_1_copies,std_shared,group,100000,3345324,33.45324,2000000
44,38,share_read_drop,own_shared,handoff,100000,1126421,11.26421,2350000
44,39,group_setup_then_8_copies,std_shared,group,12500,1888250,151.06,2350000
44,40,borrow_read,raw_borrow,read,100000,35070,0.3507,2350000
44,41,scene_4096_attachments,std_shared,attachment,98304,949072,9.65445963542,98304
44,42,create_read_destroy,std_shared,asset,100000,1189022,11.89022,65000400000
44,43,group_setup_then_64_copies,own_local,group,1562,346060,221.549295775,2349248
44,44,async_queue_job_1024_local_copies,own_local,job,100,302600,3026,2406400
44,45,async_queue_job_1_local_copies,std_shared,job,100,43657,436.57,2000
44,46,weak_lock_expired,std_shared,lock,100000,77180,0.7718,0
44,47,frame_4096_draws_64_unique_leases,std_shared,frame,24,84338,3514.08333333,41287680
44,48,async_queue_job_1024_borrow_reads,own_shared_then_local_view,job,100,195360,1953.6,2406400
44,49,group_setup_then_1024_copies,std_shared,group,97,1662522,17139.4020619,2334208
44,50,group_setup_then_8_copies,own_local,group,12500,415168,33.21344,2350000
44,51,owner_retained_4096_parameter_borrows,own_local_view,frame,24,76407,3183.625,41287680
44,52,scene_4096_attachments,own_local,attachment,98304,132199,1.34479777018,98304
44,53,contended_copy_2_workers,std_shared,copy,200000,17033608,85.16804,4700000
44,54,async_queue_job_1_borrow_reads,own_shared_then_local_view,job,100,116843,1168.43,2000
44,55,weak_lock_live,own_shared,lock,100000,1714359,17.14359,2350000
45,0,create_read_destroy,std_shared,asset,100000,1740500,17.405,65000400000
45,1,async_queue_job_64_borrow_reads,own_shared_then_local_view,job,100,135866,1358.66,150400
45,2,group_setup_then_1_copies,own_local,group,100000,2568809,25.68809,2000000
45,3,group_setup_then_64_copies,std_shared,group,1562,1716945,1099.19654289,2349248
45,4,copy_read_drop,own_local,copy,100000,105688,1.05688,2350000
45,5,resource_lifecycle_64_assets_4096_objects,std_shared,cycle,10,583650,58365,17203200
45,6,create_read_destroy,own_local,asset,100000,2301662,23.01662,65000400000
45,7,independent_owner_parameter,own_local,call,100000,115643,1.15643,2350000
45,8,contended_copy_2_workers,own_shared,copy,200000,7521901,37.609505,4700000
45,9,group_setup_then_1024_copies,std_shared,group,97,1651105,17021.7010309,2334208
45,10,resettable_root_pin_1024_borrow_reads,own_shared_pin_local_view,scope,97,33644,346.845360825,2334208
45,11,weak_lock_live,std_shared,lock,100000,1697445,16.97445,2350000
45,12,share_read_drop,std_shared,handoff,100000,1472092,14.72092,2350000
45,13,group_setup_then_8_copies,own_local,group,12500,391048,31.28384,2350000
45,14,create_read_destroy,own_shared,asset,100000,1795539,17.95539,65000400000
45,15,copy_read_drop,own_shared,copy,100000,1303443,13.03443,2350000
45,16,frame_4096_draws_64_unique_leases,std_shared,frame,24,87787,3657.79166667,41287680
45,17,share_read_drop,own_shared,handoff,100000,1133388,11.33388,2350000
45,18,group_setup_then_8_copies,std_shared,group,12500,1929842,154.38736,2350000
45,19,async_queue_job_1_local_copies,std_shared,job,100,95454,954.54,2000
45,20,owner_retained_borrow_copy_read,std_raw_borrow,read,100000,30141,0.30141,2350000
45,21,owner_retained_borrow_parameter,own_local_view,call,100000,61727,0.61727,2350000
45,22,async_queue_job_64_local_copies,own_local,job,100,214622,2146.22,150400
45,23,independent_owner_parameter,std_shared,call,100000,1684947,16.84947,2350000
45,24,async_queue_job_1024_borrow_reads,std_shared_then_raw_borrow,job,100,360846,3608.46,2406400
45,25,scene_4096_attachments,std_shared,attachment,98304,936895,9.53058878581,98304
45,26,localize_read_drop,own_local,group,100000,1770625,17.70625,2350000
45,27,async_queue_job_1_borrow_reads,std_shared_then_raw_borrow,job,100,61264,612.64,2000
45,28,weak_lock_live,own_shared,lock,100000,1521829,15.21829,2350000
45,29,resource_lifecycle_64_assets_4096_objects,own_local,cycle,10,228525,22852.5,17203200
45,30,weak_lock_expired,std_shared,lock,100000,77097,0.77097,0
45,31,owner_retained_4096_draw_borrows,own_local_view,frame,24,48229,2009.54166667,41287680
45,32,async_queue_job_64_local_copies,std_shared,job,100,378745,3787.45,150400
45,33,contended_copy_2_workers,std_shared,copy,200000,15272692,76.36346,4700000
45,34,async_queue_job_1_local_copies,own_local,job,100,148494,1484.94,2000
45,35,independent_owner_parameter,own_shared,call,100000,1442784,14.42784,2350000
45,36,group_setup_then_1_copies,std_shared,group,100000,3700976,37.00976,2000000
45,37,owner_retained_borrow_parameter,std_raw_borrow,call,100000,66858,0.66858,2350000
45,38,async_queue_job_1_borrow_reads,own_shared_then_local_view,job,100,90925,909.25,2000
45,39,frame_4096_draws_64_unique_leases,own_shared,frame,24,95982,3999.25,41287680
45,40,scene_4096_attachments,own_local,attachment,98304,142307,1.44762166341,98304
45,41,async_queue_job_64_borrow_reads,std_shared_then_raw_borrow,job,100,74158,741.58,150400
45,42,owner_retained_4096_parameter_borrows,own_local_view,frame,24,83851,3493.79166667,41287680
45,43,owner_retained_4096_parameter_borrows,std_raw_borrow,frame,24,78765,3281.875,41287680
45,44,resettable_root_pin_1024_borrow_reads,std_shared_pin_raw_borrow,scope,97,32071,330.628865979,2334208
45,45,group_setup_then_64_copies,own_local,group,1562,155893,99.8034571063,2349248
45,46,async_queue_job_1024_local_copies,own_local,job,100,486893,4868.93,2406400
45,47,localize_read_drop,std_shared,group,100000,1552941,15.52941,2350000
45,48,group_setup_then_1024_copies,own_local,group,97,115575,1191.49484536,2334208
45,49,copy_read_drop,std_shared,copy,100000,1640927,16.40927,2350000
45,50,owner_retained_borrow_copy_read,own_local_view,read,100000,30981,0.30981,2350000
45,51,borrow_read,raw_borrow,read,100000,34978,0.34978,2350000
45,52,async_queue_job_1024_local_copies,std_shared,job,100,2455531,24555.31,2406400
45,53,owner_retained_4096_draw_borrows,std_raw_borrow,frame,24,47655,1985.625,41287680
45,54,weak_lock_expired,own_shared,lock,100000,70681,0.70681,0
45,55,async_queue_job_1024_borrow_reads,own_shared_then_local_view,job,100,181533,1815.33,2406400
46,0,owner_retained_borrow_copy_read,std_raw_borrow,read,100000,30464,0.30464,2350000
46,1,copy_read_drop,own_shared,copy,100000,1296709,12.96709,2350000
46,2,async_queue_job_1_local_copies,std_shared,job,100,60520,605.2,2000
46,3,scene_4096_attachments,own_local,attachment,98304,132454,1.34739176432,98304
46,4,resource_lifecycle_64_assets_4096_objects,own_local,cycle,10,228709,22870.9,17203200
46,5,owner_retained_4096_draw_borrows,std_raw_borrow,frame,24,47152,1964.66666667,41287680
46,6,copy_read_drop,own_local,copy,100000,105810,1.0581,2350000
46,7,weak_lock_live,std_shared,lock,100000,1705679,17.05679,2350000
46,8,contended_copy_2_workers,own_shared,copy,200000,7511150,37.55575,4700000
46,9,resource_lifecycle_64_assets_4096_objects,std_shared,cycle,10,513169,51316.9,17203200
46,10,async_queue_job_1024_borrow_reads,std_shared_then_raw_borrow,job,100,153068,1530.68,2406400
46,11,owner_retained_borrow_parameter,own_local_view,call,100000,60000,0.6,2350000
46,12,async_queue_job_64_local_copies,std_shared,job,100,415788,4157.88,150400
46,13,independent_owner_parameter,own_local,call,100000,133733,1.33733,2350000
46,14,async_queue_job_64_local_copies,own_local,job,100,67135,671.35,150400
46,15,group_setup_then_1024_copies,own_local,group,97,119936,1236.45360825,2334208
46,16,group_setup_then_1_copies,own_local,group,100000,2813370,28.1337,2000000
46,17,owner_retained_borrow_copy_read,own_local_view,read,100000,35855,0.35855,2350000
46,18,async_queue_job_64_borrow_reads,own_shared_then_local_view,job,100,52210,522.1,150400
46,19,independent_owner_parameter,std_shared,call,100000,1845790,18.4579,2350000
46,20,async_queue_job_1_borrow_reads,own_shared_then_local_view,job,100,53709,537.09,2000
46,21,create_read_destroy,std_shared,asset,100000,1326631,13.26631,65000400000
46,22,weak_lock_live,own_shared,lock,100000,1619450,16.1945,2350000
46,23,owner_retained_4096_parameter_borrows,own_local_view,frame,24,83077,3461.54166667,41287680
46,24,group_setup_then_8_copies,own_local,group,12500,395124,31.60992,2350000
46,25,async_queue_job_1_local_copies,own_local,job,100,100116,1001.16,2000
46,26,owner_retained_4096_draw_borrows,own_local_view,frame,24,58326,2430.25,41287680
46,27,weak_lock_expired,std_shared,lock,100000,95002,0.95002,0
46,28,share_read_drop,own_shared,handoff,100000,1113886,11.13886,2350000
46,29,async_queue_job_64_borrow_reads,std_shared_then_raw_borrow,job,100,78021,780.21,150400
46,30,frame_4096_draws_64_unique_leases,std_shared,frame,24,85585,3566.04166667,41287680
46,31,independent_owner_parameter,own_shared,call,100000,1309791,13.09791,2350000
46,32,owner_retained_borrow_parameter,std_raw_borrow,call,100000,61622,0.61622,2350000
46,33,resettable_root_pin_1024_borrow_reads,std_shared_pin_raw_borrow,scope,97,31831,328.154639175,2334208
46,34,resettable_root_pin_1024_borrow_reads,own_shared_pin_local_view,scope,97,33275,343.041237113,2334208
46,35,async_queue_job_1024_local_copies,own_local,job,100,404679,4046.79,2406400
46,36,owner_retained_4096_parameter_borrows,std_raw_borrow,frame,24,76559,3189.95833333,41287680
46,37,weak_lock_expired,own_shared,lock,100000,68488,0.68488,0
46,38,contended_copy_2_workers,std_shared,copy,200000,15843665,79.218325,4700000
46,39,borrow_read,raw_borrow,read,100000,44983,0.44983,2350000
46,40,group_setup_then_64_copies,own_local,group,1562,177349,113.539692702,2349248
46,41,async_queue_job_1_borrow_reads,std_shared_then_raw_borrow,job,100,71089,710.89,2000
46,42,async_queue_job_1024_borrow_reads,own_shared_then_local_view,job,100,122431,1224.31,2406400
46,43,localize_read_drop,own_local,group,100000,1998800,19.988,2350000
46,44,group_setup_then_64_copies,std_shared,group,1562,1795223,1149.31049936,2349248
46,45,create_read_destroy,own_shared,asset,100000,1764889,17.64889,65000400000
46,46,group_setup_then_8_copies,std_shared,group,12500,1878483,150.27864,2350000
46,47,share_read_drop,std_shared,handoff,100000,1486181,14.86181,2350000
46,48,scene_4096_attachments,std_shared,attachment,98304,939314,9.5551961263,98304
46,49,localize_read_drop,std_shared,group,100000,1492471,14.92471,2350000
46,50,create_read_destroy,own_local,asset,100000,2315014,23.15014,65000400000
46,51,copy_read_drop,std_shared,copy,100000,1659148,16.59148,2350000
46,52,frame_4096_draws_64_unique_leases,own_shared,frame,24,86979,3624.125,41287680
46,53,group_setup_then_1_copies,std_shared,group,100000,3432683,34.32683,2000000
46,54,group_setup_then_1024_copies,std_shared,group,97,1646678,16976.0618557,2334208
46,55,async_queue_job_1024_local_copies,std_shared,job,100,2438932,24389.32,2406400
47,0,async_queue_job_64_local_copies,own_local,job,100,89914,899.14,150400
47,1,frame_4096_draws_64_unique_leases,own_shared,frame,24,85892,3578.83333333,41287680
47,2,weak_lock_live,std_shared,lock,100000,1679150,16.7915,2350000
47,3,create_read_destroy,std_shared,asset,100000,1230737,12.30737,65000400000
47,4,independent_owner_parameter,std_shared,call,100000,1662243,16.62243,2350000
47,5,owner_retained_4096_draw_borrows,own_local_view,frame,24,48026,2001.08333333,41287680
47,6,async_queue_job_1024_borrow_reads,std_shared_then_raw_borrow,job,100,137560,1375.6,2406400
47,7,async_queue_job_1024_local_copies,std_shared,job,100,2463037,24630.37,2406400
47,8,async_queue_job_1_borrow_reads,std_shared_then_raw_borrow,job,100,52171,521.71,2000
47,9,async_queue_job_64_local_copies,std_shared,job,100,376659,3766.59,150400
47,10,group_setup_then_8_copies,std_shared,group,12500,1860115,148.8092,2350000
47,11,share_read_drop,own_shared,handoff,100000,1114388,11.14388,2350000
47,12,group_setup_then_1024_copies,std_shared,group,97,1651663,17027.4536082,2334208
47,13,async_queue_job_64_borrow_reads,std_shared_then_raw_borrow,job,100,64378,643.78,150400
47,14,share_read_drop,std_shared,handoff,100000,1480089,14.80089,2350000
47,15,owner_retained_borrow_copy_read,own_local_view,read,100000,30040,0.3004,2350000
47,16,resource_lifecycle_64_assets_4096_objects,own_local,cycle,10,241932,24193.2,17203200
47,17,group_setup_then_64_copies,own_local,group,1562,156262,100.039692702,2349248
47,18,copy_read_drop,own_local,copy,100000,105603,1.05603,2350000
47,19,localize_read_drop,own_local,group,100000,1816423,18.16423,2350000
47,20,async_queue_job_1024_borrow_reads,own_shared_then_local_view,job,100,228166,2281.66,2406400
47,21,contended_copy_2_workers,std_shared,copy,200000,14571639,72.858195,4700000
47,22,resource_lifecycle_64_assets_4096_objects,std_shared,cycle,10,579822,57982.2,17203200
47,23,copy_read_drop,std_shared,copy,100000,1828089,18.28089,2350000
47,24,independent_owner_parameter,own_local,call,100000,128866,1.28866,2350000
47,25,frame_4096_draws_64_unique_leases,std_shared,frame,24,95206,3966.91666667,41287680
47,26,async_queue_job_1_borrow_reads,own_shared_then_local_view,job,100,74817,748.17,2000
47,27,owner_retained_borrow_copy_read,std_raw_borrow,read,100000,33499,0.33499,2350000
47,28,borrow_read,raw_borrow,read,100000,39058,0.39058,2350000
47,29,group_setup_then_8_copies,own_local,group,12500,433613,34.68904,2350000
47,30,owner_retained_4096_parameter_borrows,own_local_view,frame,24,85199,3549.95833333,41287680
47,31,resettable_root_pin_1024_borrow_reads,own_shared_pin_local_view,scope,97,37386,385.422680412,2334208
47,32,localize_read_drop,std_shared,group,100000,1637514,16.37514,2350000
47,33,scene_4096_attachments,std_shared,attachment,98304,1012969,10.3044535319,98304
47,34,weak_lock_live,own_shared,lock,100000,1492433,14.92433,2350000
47,35,group_setup_then_1_copies,std_shared,group,100000,3313495,33.13495,2000000
47,36,create_read_destroy,own_local,asset,100000,2313149,23.13149,65000400000
47,37,async_queue_job_1_local_copies,std_shared,job,100,75279,752.79,2000
47,38,group_setup_then_1024_copies,own_local,group,97,113982,1175.07216495,2334208
47,39,owner_retained_4096_parameter_borrows,std_raw_borrow,frame,24,77471,3227.95833333,41287680
47,40,async_queue_job_1024_local_copies,own_local,job,100,344038,3440.38,2406400
47,41,copy_read_drop,own_shared,copy,100000,1298603,12.98603,2350000
47,42,group_setup_then_64_copies,std_shared,group,1562,1690711,1082.40140845,2349248
47,43,owner_retained_borrow_parameter,std_raw_borrow,call,100000,59918,0.59918,2350000
47,44,async_queue_job_1_local_copies,own_local,job,100,75579,755.79,2000
47,45,owner_retained_4096_draw_borrows,std_raw_borrow,frame,24,51386,2141.08333333,41287680
47,46,owner_retained_borrow_parameter,own_local_view,call,100000,64313,0.64313,2350000
47,47,async_queue_job_64_borrow_reads,own_shared_then_local_view,job,100,1407516,14075.16,150400
47,48,group_setup_then_1_copies,own_local,group,100000,2500653,25.00653,2000000
47,49,weak_lock_expired,own_shared,lock,100000,68518,0.68518,0
47,50,create_read_destroy,own_shared,asset,100000,1766406,17.66406,65000400000
47,51,independent_owner_parameter,own_shared,call,100000,1307963,13.07963,2350000
47,52,scene_4096_attachments,own_local,attachment,98304,143628,1.46105957031,98304
47,53,weak_lock_expired,std_shared,lock,100000,77099,0.77099,0
47,54,contended_copy_2_workers,own_shared,copy,200000,7191361,35.956805,4700000
47,55,resettable_root_pin_1024_borrow_reads,std_shared_pin_raw_borrow,scope,97,35376,364.701030928,2334208
48,0,weak_lock_live,std_shared,lock,100000,1895669,18.95669,2350000
48,1,scene_4096_attachments,own_local,attachment,98304,146326,1.48850504557,98304
48,2,owner_retained_borrow_parameter,std_raw_borrow,call,100000,71553,0.71553,2350000
48,3,independent_owner_parameter,std_shared,call,100000,1795526,17.95526,2350000
48,4,async_queue_job_1_local_copies,std_shared,job,100,58225,582.25,2000
48,5,copy_read_drop,own_shared,copy,100000,1429553,14.29553,2350000
48,6,async_queue_job_64_borrow_reads,std_shared_then_raw_borrow,job,100,49494,494.94,150400
48,7,localize_read_drop,own_local,group,100000,1809947,18.09947,2350000
48,8,share_read_drop,own_shared,handoff,100000,1132702,11.32702,2350000
48,9,async_queue_job_1_borrow_reads,std_shared_then_raw_borrow,job,100,62939,629.39,2000
48,10,owner_retained_4096_draw_borrows,std_raw_borrow,frame,24,47363,1973.45833333,41287680
48,11,group_setup_then_8_copies,own_local,group,12500,416632,33.33056,2350000
48,12,group_setup_then_64_copies,std_shared,group,1562,1675741,1072.81754161,2349248
48,13,group_setup_then_1024_copies,std_shared,group,97,1625788,16760.7010309,2334208
48,14,share_read_drop,std_shared,handoff,100000,1505957,15.05957,2350000
48,15,frame_4096_draws_64_unique_leases,own_shared,frame,24,84805,3533.54166667,41287680
48,16,async_queue_job_64_borrow_reads,own_shared_then_local_view,job,100,64231,642.31,150400
48,17,resource_lifecycle_64_assets_4096_objects,own_local,cycle,10,226353,22635.3,17203200
48,18,owner_retained_borrow_copy_read,own_local_view,read,100000,32187,0.32187,2350000
48,19,owner_retained_borrow_parameter,own_local_view,call,100000,64267,0.64267,2350000
48,20,create_read_destroy,std_shared,asset,100000,1180492,11.80492,65000400000
48,21,group_setup_then_64_copies,own_local,group,1562,357083,228.606274008,2349248
48,22,create_read_destroy,own_local,asset,100000,2324803,23.24803,65000400000
48,23,async_queue_job_1024_borrow_reads,own_shared_then_local_view,job,100,91425,914.25,2406400
48,24,async_queue_job_1_borrow_reads,own_shared_then_local_view,job,100,40852,408.52,2000
48,25,independent_owner_parameter,own_local,call,100000,115777,1.15777,2350000
48,26,contended_copy_2_workers,own_shared,copy,200000,7431265,37.156325,4700000
48,27,contended_copy_2_workers,std_shared,copy,200000,14944527,74.722635,4700000
48,28,weak_lock_live,own_shared,lock,100000,1678335,16.78335,2350000
48,29,copy_read_drop,std_shared,copy,100000,1841341,18.41341,2350000
48,30,async_queue_job_1024_local_copies,std_shared,job,100,2423181,24231.81,2406400
48,31,owner_retained_4096_parameter_borrows,std_raw_borrow,frame,24,77833,3243.04166667,41287680
48,32,independent_owner_parameter,own_shared,call,100000,1294119,12.94119,2350000
48,33,async_queue_job_64_local_copies,std_shared,job,100,336538,3365.38,150400
48,34,resettable_root_pin_1024_borrow_reads,std_shared_pin_raw_borrow,scope,97,31866,328.515463918,2334208
48,35,async_queue_job_64_local_copies,own_local,job,100,79403,794.03,150400
48,36,borrow_read,raw_borrow,read,100000,47044,0.47044,2350000
48,37,async_queue_job_1024_local_copies,own_local,job,100,467689,4676.89,2406400
48,38,group_setup_then_1_copies,own_local,group,100000,4215803,42.15803,2000000
48,39,copy_read_drop,own_local,copy,100000,117015,1.17015,2350000
48,40,group_setup_then_8_copies,std_shared,group,12500,5005268,400.42144,2350000
48,41,owner_retained_4096_parameter_borrows,own_local_view,frame,24,89315,3721.45833333,41287680
48,42,group_setup_then_1_copies,std_shared,group,100000,5326558,53.26558,2000000
48,43,resettable_root_pin_1024_borrow_reads,own_shared_pin_local_view,scope,97,33464,344.989690722,2334208
48,44,localize_read_drop,std_shared,group,100000,3501565,35.01565,2350000
48,45,weak_lock_expired,own_shared,lock,100000,81506,0.81506,0
48,46,owner_retained_borrow_copy_read,std_raw_borrow,read,100000,30579,0.30579,2350000
48,47,scene_4096_attachments,std_shared,attachment,98304,954786,9.71258544922,98304
48,48,owner_retained_4096_draw_borrows,own_local_view,frame,24,47171,1965.45833333,41287680
48,49,async_queue_job_1024_borrow_reads,std_shared_then_raw_borrow,job,100,162419,1624.19,2406400
48,50,create_read_destroy,own_shared,asset,100000,3766444,37.66444,65000400000
48,51,frame_4096_draws_64_unique_leases,std_shared,frame,24,82578,3440.75,41287680
48,52,weak_lock_expired,std_shared,lock,100000,75145,0.75145,0
48,53,group_setup_then_1024_copies,own_local,group,97,108844,1122.10309278,2334208
48,54,resource_lifecycle_64_assets_4096_objects,std_shared,cycle,10,497035,49703.5,17203200
48,55,async_queue_job_1_local_copies,own_local,job,100,71171,711.71,2000
49,0,contended_copy_2_workers,own_shared,copy,200000,7321805,36.609025,4700000
49,1,weak_lock_expired,own_shared,lock,100000,71094,0.71094,0
49,2,copy_read_drop,std_shared,copy,100000,1631552,16.31552,2350000
49,3,weak_lock_live,std_shared,lock,100000,3529197,35.29197,2350000
49,4,owner_retained_borrow_parameter,std_raw_borrow,call,100000,65719,0.65719,2350000
49,5,resettable_root_pin_1024_borrow_reads,own_shared_pin_local_view,scope,97,33559,345.969072165,2334208
49,6,owner_retained_borrow_copy_read,own_local_view,read,100000,30948,0.30948,2350000
49,7,resource_lifecycle_64_assets_4096_objects,std_shared,cycle,10,554681,55468.1,17203200
49,8,group_setup_then_1_copies,std_shared,group,100000,3861253,38.61253,2000000
49,9,async_queue_job_64_borrow_reads,own_shared_then_local_view,job,100,59532,595.32,150400
49,10,share_read_drop,own_shared,handoff,100000,1124524,11.24524,2350000
49,11,independent_owner_parameter,std_shared,call,100000,1708238,17.08238,2350000
49,12,resettable_root_pin_1024_borrow_reads,std_shared_pin_raw_borrow,scope,97,33460,344.948453608,2334208
49,13,group_setup_then_8_copies,own_local,group,12500,399911,31.99288,2350000
49,14,create_read_destroy,own_shared,asset,100000,1764438,17.64438,65000400000
49,15,owner_retained_4096_parameter_borrows,std_raw_borrow,frame,24,78143,3255.95833333,41287680
49,16,resource_lifecycle_64_assets_4096_objects,own_local,cycle,10,236171,23617.1,17203200
49,17,copy_read_drop,own_shared,copy,100000,1349740,13.4974,2350000
49,18,async_queue_job_1_local_copies,std_shared,job,100,65960,659.6,2000
49,19,async_queue_job_64_local_copies,own_local,job,100,129444,1294.44,150400
49,20,frame_4096_draws_64_unique_leases,own_shared,frame,24,88282,3678.41666667,41287680
49,21,owner_retained_4096_draw_borrows,own_local_view,frame,24,49293,2053.875,41287680
49,22,weak_lock_expired,std_shared,lock,100000,77176,0.77176,0
49,23,localize_read_drop,own_local,group,100000,1754570,17.5457,2350000
49,24,group_setup_then_1_copies,own_local,group,100000,2545385,25.45385,2000000
49,25,copy_read_drop,own_local,copy,100000,105328,1.05328,2350000
49,26,group_setup_then_8_copies,std_shared,group,12500,1861397,148.91176,2350000
49,27,async_queue_job_1_borrow_reads,std_shared_then_raw_borrow,job,100,67227,672.27,2000
49,28,async_queue_job_64_borrow_reads,std_shared_then_raw_borrow,job,100,66346,663.46,150400
49,29,group_setup_then_1024_copies,std_shared,group,97,1681330,17333.2989691,2334208
49,30,async_queue_job_64_local_copies,std_shared,job,100,302584,3025.84,150400
49,31,group_setup_then_1024_copies,own_local,group,97,114118,1176.4742268,2334208
49,32,async_queue_job_1_local_copies,own_local,job,100,61691,616.91,2000
49,33,group_setup_then_64_copies,std_shared,group,1562,1679045,1074.93277849,2349248
49,34,async_queue_job_1024_local_copies,own_local,job,100,309201,3092.01,2406400
49,35,create_read_destroy,own_local,asset,100000,2290011,22.90011,65000400000
49,36,weak_lock_live,own_shared,lock,100000,1477320,14.7732,2350000
49,37,owner_retained_4096_draw_borrows,std_raw_borrow,frame,24,48233,2009.70833333,41287680
49,38,borrow_read,raw_borrow,read,100000,34947,0.34947,2350000
49,39,independent_owner_parameter,own_local,call,100000,129849,1.29849,2350000
49,40,scene_4096_attachments,std_shared,attachment,98304,983193,10.0015563965,98304
49,41,async_queue_job_1024_borrow_reads,own_shared_then_local_view,job,100,132252,1322.52,2406400
49,42,independent_owner_parameter,own_shared,call,100000,1305990,13.0599,2350000
49,43,group_setup_then_64_copies,own_local,group,1562,335775,214.964788732,2349248
49,44,share_read_drop,std_shared,handoff,100000,1529803,15.29803,2350000
49,45,owner_retained_borrow_parameter,own_local_view,call,100000,60024,0.60024,2350000
49,46,scene_4096_attachments,own_local,attachment,98304,132632,1.34920247396,98304
49,47,contended_copy_2_workers,std_shared,copy,200000,15212809,76.064045,4700000
49,48,async_queue_job_1024_local_copies,std_shared,job,100,2674748,26747.48,2406400
49,49,async_queue_job_1_borrow_reads,own_shared_then_local_view,job,100,60038,600.38,2000
49,50,frame_4096_draws_64_unique_leases,std_shared,frame,24,85333,3555.54166667,41287680
49,51,create_read_destroy,std_shared,asset,100000,1174048,11.74048,65000400000
49,52,owner_retained_4096_parameter_borrows,own_local_view,frame,24,76935,3205.625,41287680
49,53,async_queue_job_1024_borrow_reads,std_shared_then_raw_borrow,job,100,115927,1159.27,2406400
49,54,localize_read_drop,std_shared,group,100000,1492220,14.9222,2350000
49,55,owner_retained_borrow_copy_read,std_raw_borrow,read,100000,30076,0.30076,2350000
50,0,frame_4096_draws_64_unique_leases,std_shared,frame,24,84383,3515.95833333,41287680
50,1,resettable_root_pin_1024_borrow_reads,own_shared_pin_local_view,scope,97,33317,343.474226804,2334208
50,2,share_read_drop,std_shared,handoff,100000,1472346,14.72346,2350000
50,3,resource_lifecycle_64_assets_4096_objects,own_local,cycle,10,245769,24576.9,17203200
50,4,owner_retained_borrow_parameter,own_local_view,call,100000,61676,0.61676,2350000
50,5,async_queue_job_1_local_copies,own_local,job,100,52477,524.77,2000
50,6,async_queue_job_64_local_copies,own_local,job,100,67195,671.95,150400
50,7,async_queue_job_64_local_copies,std_shared,job,100,247910,2479.1,150400
50,8,async_queue_job_1024_local_copies,std_shared,job,100,2400386,24003.86,2406400
50,9,weak_lock_expired,std_shared,lock,100000,93482,0.93482,0
50,10,copy_read_drop,own_local,copy,100000,105448,1.05448,2350000
50,11,async_queue_job_64_borrow_reads,own_shared_then_local_view,job,100,44359,443.59,150400
50,12,group_setup_then_8_copies,own_local,group,12500,389729,31.17832,2350000
50,13,weak_lock_live,std_shared,lock,100000,1694224,16.94224,2350000
50,14,async_queue_job_1_local_copies,std_shared,job,100,59957,599.57,2000
50,15,owner_retained_4096_parameter_borrows,own_local_view,frame,24,76440,3185,41287680
50,16,create_read_destroy,own_shared,asset,100000,1857132,18.57132,65000400000
50,17,contended_copy_2_workers,std_shared,copy,200000,15268624,76.34312,4700000
50,18,group_setup_then_1_copies,std_shared,group,100000,3357040,33.5704,2000000
50,19,independent_owner_parameter,own_shared,call,100000,1412429,14.12429,2350000
50,20,resettable_root_pin_1024_borrow_reads,std_shared_pin_raw_borrow,scope,97,33460,344.948453608,2334208
50,21,async_queue_job_1024_borrow_reads,own_shared_then_local_view,job,100,106809,1068.09,2406400
50,22,group_setup_then_8_copies,std_shared,group,12500,1882916,150.63328,2350000
50,23,weak_lock_expired,own_shared,lock,100000,68687,0.68687,0
50,24,share_read_drop,own_shared,handoff,100000,1159985,11.59985,2350000
50,25,owner_retained_4096_parameter_borrows,std_raw_borrow,frame,24,75422,3142.58333333,41287680
50,26,scene_4096_attachments,std_shared,attachment,98304,929667,9.45706176758,98304
50,27,resource_lifecycle_64_assets_4096_objects,std_shared,cycle,10,518789,51878.9,17203200
50,28,borrow_read,raw_borrow,read,100000,35085,0.35085,2350000
50,29,contended_copy_2_workers,own_shared,copy,200000,7623674,38.11837,4700000
50,30,group_setup_then_1024_copies,std_shared,group,97,1651637,17027.185567,2334208
50,31,independent_owner_parameter,std_shared,call,100000,1658572,16.58572,2350000
50,32,owner_retained_borrow_parameter,std_raw_borrow,call,100000,59931,0.59931,2350000
50,33,localize_read_drop,own_local,group,100000,1783300,17.833,2350000
50,34,frame_4096_draws_64_unique_leases,own_shared,frame,24,97742,4072.58333333,41287680
50,35,copy_read_drop,own_shared,copy,100000,1303241,13.03241,2350000
50,36,owner_retained_4096_draw_borrows,own_local_view,frame,24,47768,1990.33333333,41287680
50,37,async_queue_job_1_borrow_reads,own_shared_then_local_view,job,100,53636,536.36,2000
50,38,owner_retained_4096_draw_borrows,std_raw_borrow,frame,24,47924,1996.83333333,41287680
50,39,create_read_destroy,own_local,asset,100000,2302323,23.02323,65000400000
50,40,group_setup_then_1_copies,own_local,group,100000,2502076,25.02076,2000000
50,41,group_setup_then_64_copies,own_local,group,1562,457037,292.59731114,2349248
50,42,owner_retained_borrow_copy_read,std_raw_borrow,read,100000,30054,0.30054,2350000
50,43,create_read_destroy,std_shared,asset,100000,1198932,11.98932,65000400000
50,44,localize_read_drop,std_shared,group,100000,1459506,14.59506,2350000
50,45,group_setup_then_64_copies,std_shared,group,1562,1673533,1071.40396927,2349248
50,46,weak_lock_live,own_shared,lock,100000,1490046,14.90046,2350000
50,47,scene_4096_attachments,own_local,attachment,98304,131906,1.34181722005,98304
50,48,copy_read_drop,std_shared,copy,100000,1894364,18.94364,2350000
50,49,async_queue_job_1024_local_copies,own_local,job,100,292684,2926.84,2406400
50,50,async_queue_job_64_borrow_reads,std_shared_then_raw_borrow,job,100,62776,627.76,150400
50,51,async_queue_job_1024_borrow_reads,std_shared_then_raw_borrow,job,100,100603,1006.03,2406400
50,52,owner_retained_borrow_copy_read,own_local_view,read,100000,32177,0.32177,2350000
50,53,group_setup_then_1024_copies,own_local,group,97,108206,1115.5257732,2334208
50,54,independent_owner_parameter,own_local,call,100000,115993,1.15993,2350000
50,55,async_queue_job_1_borrow_reads,std_shared_then_raw_borrow,job,100,53273,532.73,2000
51,0,group_setup_then_64_copies,own_local,group,1562,1063916,681.124199744,2349248
51,1,resource_lifecycle_64_assets_4096_objects,own_local,cycle,10,232846,23284.6,17203200
51,2,contended_copy_2_workers,std_shared,copy,200000,13608650,68.04325,4700000
51,3,group_setup_then_1_copies,own_local,group,100000,2523087,25.23087,2000000
51,4,owner_retained_borrow_copy_read,own_local_view,read,100000,30148,0.30148,2350000
51,5,create_read_destroy,own_local,asset,100000,2302350,23.0235,65000400000
51,6,contended_copy_2_workers,own_shared,copy,200000,8023358,40.11679,4700000
51,7,share_read_drop,own_shared,handoff,100000,2188840,21.8884,2350000
51,8,owner_retained_borrow_copy_read,std_raw_borrow,read,100000,30712,0.30712,2350000
51,9,group_setup_then_1_copies,std_shared,group,100000,3350588,33.50588,2000000
51,10,owner_retained_4096_draw_borrows,std_raw_borrow,frame,24,49281,2053.375,41287680
51,11,owner_retained_borrow_parameter,std_raw_borrow,call,100000,61878,0.61878,2350000
51,12,owner_retained_4096_parameter_borrows,std_raw_borrow,frame,24,86493,3603.875,41287680
51,13,async_queue_job_64_local_copies,own_local,job,100,89616,896.16,150400
51,14,group_setup_then_8_copies,std_shared,group,12500,1862088,148.96704,2350000
51,15,independent_owner_parameter,own_shared,call,100000,1310164,13.10164,2350000
51,16,share_read_drop,std_shared,handoff,100000,1471739,14.71739,2350000
51,17,borrow_read,raw_borrow,read,100000,35083,0.35083,2350000
51,18,async_queue_job_64_borrow_reads,std_shared_then_raw_borrow,job,100,63740,637.4,150400
51,19,copy_read_drop,own_local,copy,100000,116874,1.16874,2350000
51,20,weak_lock_expired,std_shared,lock,100000,77134,0.77134,0
51,21,owner_retained_4096_parameter_borrows,own_local_view,frame,24,99302,4137.58333333,41287680
51,22,weak_lock_live,own_shared,lock,100000,1589834,15.89834,2350000
51,23,scene_4096_attachments,std_shared,attachment,98304,937942,9.54123942057,98304
51,24,owner_retained_4096_draw_borrows,own_local_view,frame,24,47016,1959,41287680
51,25,localize_read_drop,std_shared,group,100000,1470691,14.70691,2350000
51,26,group_setup_then_1024_copies,own_local,group,97,117365,1209.94845361,2334208
51,27,independent_owner_parameter,own_local,call,100000,115732,1.15732,2350000
51,28,localize_read_drop,own_local,group,100000,1780683,17.80683,2350000
51,29,async_queue_job_1_local_copies,own_local,job,100,71195,711.95,2000
51,30,async_queue_job_1_borrow_reads,std_shared_then_raw_borrow,job,100,42135,421.35,2000
51,31,resource_lifecycle_64_assets_4096_objects,std_shared,cycle,10,506193,50619.3,17203200
51,32,async_queue_job_1_borrow_reads,own_shared_then_local_view,job,100,48347,483.47,2000
51,33,async_queue_job_1_local_copies,std_shared,job,100,76144,761.44,2000
51,34,resettable_root_pin_1024_borrow_reads,own_shared_pin_local_view,scope,97,33288,343.175257732,2334208
51,35,weak_lock_live,std_shared,lock,100000,1660726,16.60726,2350000
51,36,create_read_destroy,std_shared,asset,100000,1197855,11.97855,65000400000
51,37,scene_4096_attachments,own_local,attachment,98304,143784,1.46264648438,98304
51,38,group_setup_then_64_copies,std_shared,group,1562,1682015,1076.83418694,2349248
51,39,group_setup_then_8_copies,own_local,group,12500,393545,31.4836,2350000
51,40,independent_owner_parameter,std_shared,call,100000,1662766,16.62766,2350000
51,41,copy_read_drop,own_shared,copy,100000,1331932,13.31932,2350000
51,42,async_queue_job_64_local_copies,std_shared,job,100,1012073,10120.73,150400
51,43,async_queue_job_64_borrow_reads,own_shared_then_local_view,job,100,67292,672.92,150400
51,44,group_setup_then_1024_copies,std_shared,group,97,1664189,17156.5876289,2334208
51,45,async_queue_job_1024_local_copies,std_shared,job,100,2619135,26191.35,2406400
51,46,owner_retained_borrow_parameter,own_local_view,call,100000,61649,0.61649,2350000
51,47,resettable_root_pin_1024_borrow_reads,std_shared_pin_raw_borrow,scope,97,32976,339.958762887,2334208
51,48,frame_4096_draws_64_unique_leases,std_shared,frame,24,84435,3518.125,41287680
51,49,create_read_destroy,own_shared,asset,100000,1812196,18.12196,65000400000
51,50,async_queue_job_1024_borrow_reads,std_shared_then_raw_borrow,job,100,185280,1852.8,2406400
51,51,async_queue_job_1024_borrow_reads,own_shared_then_local_view,job,100,118640,1186.4,2406400
51,52,frame_4096_draws_64_unique_leases,own_shared,frame,24,86047,3585.29166667,41287680
51,53,copy_read_drop,std_shared,copy,100000,1660387,16.60387,2350000
51,54,weak_lock_expired,own_shared,lock,100000,68553,0.68553,0
51,55,async_queue_job_1024_local_copies,own_local,job,100,340748,3407.48,2406400
52,0,independent_owner_parameter,std_shared,call,100000,1688735,16.88735,2350000
52,1,owner_retained_borrow_copy_read,own_local_view,read,100000,33260,0.3326,2350000
52,2,create_read_destroy,std_shared,asset,100000,1189608,11.89608,65000400000
52,3,owner_retained_borrow_parameter,std_raw_borrow,call,100000,75006,0.75006,2350000
52,4,resettable_root_pin_1024_borrow_reads,own_shared_pin_local_view,scope,97,33637,346.773195876,2334208
52,5,group_setup_then_1024_copies,std_shared,group,97,1639284,16899.8350515,2334208
52,6,group_setup_then_64_copies,std_shared,group,1562,1707296,1093.01920615,2349248
52,7,async_queue_job_1_borrow_reads,std_shared_then_raw_borrow,job,100,54171,541.71,2000
52,8,resource_lifecycle_64_assets_4096_objects,own_local,cycle,10,228674,22867.4,17203200
52,9,async_queue_job_1024_local_copies,std_shared,job,100,2462544,24625.44,2406400
52,10,contended_copy_2_workers,own_shared,copy,200000,7954734,39.77367,4700000
52,11,independent_owner_parameter,own_shared,call,100000,1317342,13.17342,2350000
52,12,copy_read_drop,own_shared,copy,100000,1313030,13.1303,2350000
52,13,scene_4096_attachments,std_shared,attachment,98304,958501,9.75037638346,98304
52,14,group_setup_then_1024_copies,own_local,group,97,140724,1450.7628866,2334208
52,15,group_setup_then_64_copies,own_local,group,1562,346377,221.752240717,2349248
52,16,share_read_drop,own_shared,handoff,100000,1142226,11.42226,2350000
52,17,async_queue_job_1_borrow_reads,own_shared_then_local_view,job,100,72576,725.76,2000
52,18,async_queue_job_64_borrow_reads,own_shared_then_local_view,job,100,58801,588.01,150400
52,19,create_read_destroy,own_local,asset,100000,2346890,23.4689,65000400000
52,20,localize_read_drop,own_local,group,100000,1790399,17.90399,2350000
52,21,owner_retained_borrow_parameter,own_local_view,call,100000,63839,0.63839,2350000
52,22,share_read_drop,std_shared,handoff,100000,1494002,14.94002,2350000
52,23,owner_retained_4096_draw_borrows,own_local_view,frame,24,48528,2022,41287680
52,24,owner_retained_borrow_copy_read,std_raw_borrow,read,100000,30065,0.30065,2350000
52,25,localize_read_drop,std_shared,group,100000,1505908,15.05908,2350000
52,26,async_queue_job_1024_local_copies,own_local,job,100,344463,3444.63,2406400
52,27,scene_4096_attachments,own_local,attachment,98304,131864,1.34138997396,98304
52,28,resource_lifecycle_64_assets_4096_objects,std_shared,cycle,10,505226,50522.6,17203200
52,29,frame_4096_draws_64_unique_leases,own_shared,frame,24,85674,3569.75,41287680
52,30,contended_copy_2_workers,std_shared,copy,200000,15361599,76.807995,4700000
52,31,async_queue_job_1024_borrow_reads,own_shared_then_local_view,job,100,130257,1302.57,2406400
52,32,group_setup_then_1_copies,std_shared,group,100000,3325602,33.25602,2000000
52,33,weak_lock_expired,own_shared,lock,100000,70717,0.70717,0
52,34,async_queue_job_64_local_copies,own_local,job,100,58875,588.75,150400
52,35,borrow_read,raw_borrow,read,100000,35153,0.35153,2350000
52,36,frame_4096_draws_64_unique_leases,std_shared,frame,24,84184,3507.66666667,41287680
52,37,weak_lock_live,std_shared,lock,100000,1672973,16.72973,2350000
52,38,owner_retained_4096_parameter_borrows,own_local_view,frame,24,76553,3189.70833333,41287680
52,39,async_queue_job_1024_borrow_reads,std_shared_then_raw_borrow,job,100,92943,929.43,2406400
52,40,group_setup_then_8_copies,std_shared,group,12500,1874818,149.98544,2350000
52,41,async_queue_job_64_borrow_reads,std_shared_then_raw_borrow,job,100,61033,610.33,150400
52,42,weak_lock_live,own_shared,lock,100000,1487343,14.87343,2350000
52,43,copy_read_drop,std_shared,copy,100000,1649479,16.49479,2350000
52,44,copy_read_drop,own_local,copy,100000,114547,1.14547,2350000
52,45,owner_retained_4096_draw_borrows,std_raw_borrow,frame,24,47688,1987,41287680
52,46,owner_retained_4096_parameter_borrows,std_raw_borrow,frame,24,76020,3167.5,41287680
52,47,group_setup_then_8_copies,own_local,group,12500,392875,31.43,2350000
52,48,weak_lock_expired,std_shared,lock,100000,77075,0.77075,0
52,49,create_read_destroy,own_shared,asset,100000,1771793,17.71793,65000400000
52,50,async_queue_job_1_local_copies,own_local,job,100,61537,615.37,2000
52,51,async_queue_job_1_local_copies,std_shared,job,100,66174,661.74,2000
52,52,group_setup_then_1_copies,own_local,group,100000,2514838,25.14838,2000000
52,53,independent_owner_parameter,own_local,call,100000,115323,1.15323,2350000
52,54,async_queue_job_64_local_copies,std_shared,job,100,317601,3176.01,150400
52,55,resettable_root_pin_1024_borrow_reads,std_shared_pin_raw_borrow,scope,97,33440,344.742268041,2334208
53,0,resource_lifecycle_64_assets_4096_objects,own_local,cycle,10,225244,22524.4,17203200
53,1,copy_read_drop,std_shared,copy,100000,1635585,16.35585,2350000
53,2,frame_4096_draws_64_unique_leases,own_shared,frame,24,86246,3593.58333333,41287680
53,3,async_queue_job_1024_local_copies,own_local,job,100,300607,3006.07,2406400
53,4,borrow_read,raw_borrow,read,100000,50913,0.50913,2350000
53,5,weak_lock_expired,std_shared,lock,100000,76984,0.76984,0
53,6,async_queue_job_1024_local_copies,std_shared,job,100,2394100,23941,2406400
53,7,owner_retained_borrow_parameter,std_raw_borrow,call,100000,61619,0.61619,2350000
53,8,localize_read_drop,own_local,group,100000,1789828,17.89828,2350000
53,9,share_read_drop,own_shared,handoff,100000,1113812,11.13812,2350000
53,10,create_read_destroy,own_local,asset,100000,2280400,22.804,65000400000
53,11,contended_copy_2_workers,std_shared,copy,200000,13853904,69.26952,4700000
53,12,weak_lock_expired,own_shared,lock,100000,68734,0.68734,0
53,13,group_setup_then_8_copies,std_shared,group,12500,1883922,150.71376,2350000
53,14,weak_lock_live,own_shared,lock,100000,1498612,14.98612,2350000
53,15,group_setup_then_8_copies,own_local,group,12500,404512,32.36096,2350000
53,16,owner_retained_4096_draw_borrows,std_raw_borrow,frame,24,47733,1988.875,41287680
53,17,async_queue_job_64_local_copies,std_shared,job,100,361731,3617.31,150400
53,18,contended_copy_2_workers,own_shared,copy,200000,7081096,35.40548,4700000
53,19,owner_retained_borrow_copy_read,std_raw_borrow,read,100000,30326,0.30326,2350000
53,20,async_queue_job_1024_borrow_reads,own_shared_then_local_view,job,100,115363,1153.63,2406400
53,21,independent_owner_parameter,own_shared,call,100000,1305211,13.05211,2350000
53,22,share_read_drop,std_shared,handoff,100000,1477978,14.77978,2350000
53,23,async_queue_job_64_local_copies,own_local,job,100,101863,1018.63,150400
53,24,copy_read_drop,own_shared,copy,100000,1339189,13.39189,2350000
53,25,independent_owner_parameter,own_local,call,100000,115996,1.15996,2350000
53,26,async_queue_job_1_local_copies,own_local,job,100,64767,647.67,2000
53,27,resettable_root_pin_1024_borrow_reads,own_shared_pin_local_view,scope,97,33442,344.762886598,2334208
53,28,group_setup_then_1024_copies,own_local,group,97,123971,1278.05154639,2334208
53,29,owner_retained_4096_draw_borrows,own_local_view,frame,24,48007,2000.29166667,41287680
53,30,async_queue_job_1_borrow_reads,own_shared_then_local_view,job,100,59715,597.15,2000
53,31,owner_retained_4096_parameter_borrows,own_local_view,frame,24,76180,3174.16666667,41287680
53,32,create_read_destroy,own_shared,asset,100000,1938213,19.38213,65000400000
53,33,weak_lock_live,std_shared,lock,100000,1708203,17.08203,2350000
53,34,create_read_destroy,std_shared,asset,100000,1167494,11.67494,65000400000
53,35,group_setup_then_64_copies,std_shared,group,1562,1704021,1090.92253521,2349248
53,36,independent_owner_parameter,std_shared,call,100000,1680678,16.80678,2350000
53,37,resource_lifecycle_64_assets_4096_objects,std_shared,cycle,10,519840,51984,17203200
53,38,owner_retained_4096_parameter_borrows,std_raw_borrow,frame,24,77077,3211.54166667,41287680
53,39,group_setup_then_64_copies,own_local,group,1562,365827,234.204225352,2349248
53,40,group_setup_then_1_copies,std_shared,group,100000,3422133,34.22133,2000000
53,41,owner_retained_borrow_parameter,own_local_view,call,100000,60025,0.60025,2350000
53,42,copy_read_drop,own_local,copy,100000,105935,1.05935,2350000
53,43,async_queue_job_1_borrow_reads,std_shared_then_raw_borrow,job,100,52328,523.28,2000
53,44,resettable_root_pin_1024_borrow_reads,std_shared_pin_raw_borrow,scope,97,33499,345.350515464,2334208
53,45,scene_4096_attachments,std_shared,attachment,98304,1055524,10.7373453776,98304
53,46,async_queue_job_1024_borrow_reads,std_shared_then_raw_borrow,job,100,110906,1109.06,2406400
53,47,scene_4096_attachments,own_local,attachment,98304,283073,2.87956746419,98304
53,48,async_queue_job_64_borrow_reads,std_shared_then_raw_borrow,job,100,63092,630.92,150400
53,49,frame_4096_draws_64_unique_leases,std_shared,frame,24,106646,4443.58333333,41287680
53,50,localize_read_drop,std_shared,group,100000,1509599,15.09599,2350000
53,51,group_setup_then_1_copies,own_local,group,100000,2655302,26.55302,2000000
53,52,async_queue_job_1_local_copies,std_shared,job,100,61731,617.31,2000
53,53,async_queue_job_64_borrow_reads,own_shared_then_local_view,job,100,53588,535.88,150400
53,54,owner_retained_borrow_copy_read,own_local_view,read,100000,33227,0.33227,2350000
53,55,group_setup_then_1024_copies,std_shared,group,97,1685601,17377.3298969,2334208
54,0,async_queue_job_1_borrow_reads,own_shared_then_local_view,job,100,58027,580.27,2000
54,1,async_queue_job_1_local_copies,std_shared,job,100,51631,516.31,2000
54,2,weak_lock_live,own_shared,lock,100000,1498005,14.98005,2350000
54,3,localize_read_drop,own_local,group,100000,1830817,18.30817,2350000
54,4,contended_copy_2_workers,std_shared,copy,200000,15914642,79.57321,4700000
54,5,group_setup_then_1_copies,own_local,group,100000,2519156,25.19156,2000000
54,6,copy_read_drop,own_local,copy,100000,110964,1.10964,2350000
54,7,borrow_read,raw_borrow,read,100000,35388,0.35388,2350000
54,8,frame_4096_draws_64_unique_leases,own_shared,frame,24,88365,3681.875,41287680
54,9,group_setup_then_1024_copies,std_shared,group,97,1635613,16861.9896907,2334208
54,10,localize_read_drop,std_shared,group,100000,1458399,14.58399,2350000
54,11,async_queue_job_1024_local_copies,own_local,job,100,320613,3206.13,2406400
54,12,copy_read_drop,own_shared,copy,100000,1310736,13.10736,2350000
54,13,weak_lock_live,std_shared,lock,100000,1714254,17.14254,2350000
54,14,independent_owner_parameter,own_shared,call,100000,1340986,13.40986,2350000
54,15,async_queue_job_64_borrow_reads,own_shared_then_local_view,job,100,66154,661.54,150400
54,16,group_setup_then_8_copies,std_shared,group,12500,1884200,150.736,2350000
54,17,async_queue_job_64_borrow_reads,std_shared_then_raw_borrow,job,100,47884,478.84,150400
54,18,owner_retained_4096_parameter_borrows,own_local_view,frame,24,77134,3213.91666667,41287680
54,19,resettable_root_pin_1024_borrow_reads,own_shared_pin_local_view,scope,97,33360,343.917525773,2334208
54,20,contended_copy_2_workers,own_shared,copy,200000,7928546,39.64273,4700000
54,21,group_setup_then_64_copies,own_local,group,1562,217846,139.466069142,2349248
54,22,create_read_destroy,std_shared,asset,100000,1235566,12.35566,65000400000
54,23,resettable_root_pin_1024_borrow_reads,std_shared_pin_raw_borrow,scope,97,32059,330.505154639,2334208
54,24,create_read_destroy,own_shared,asset,100000,1857979,18.57979,65000400000
54,25,copy_read_drop,std_shared,copy,100000,1643831,16.43831,2350000
54,26,resource_lifecycle_64_assets_4096_objects,own_local,cycle,10,230246,23024.6,17203200
54,27,independent_owner_parameter,own_local,call,100000,115495,1.15495,2350000
54,28,async_queue_job_1024_borrow_reads,std_shared_then_raw_borrow,job,100,139691,1396.91,2406400
54,29,weak_lock_expired,own_shared,lock,100000,94392,0.94392,0
54,30,owner_retained_4096_draw_borrows,own_local_view,frame,24,70149,2922.875,41287680
54,31,weak_lock_expired,std_shared,lock,100000,77128,0.77128,0
54,32,resource_lifecycle_64_assets_4096_objects,std_shared,cycle,10,534092,53409.2,17203200
54,33,async_queue_job_64_local_copies,std_shared,job,100,248920,2489.2,150400
54,34,owner_retained_borrow_parameter,std_raw_borrow,call,100000,60017,0.60017,2350000
54,35,async_queue_job_1024_local_copies,std_shared,job,100,2390318,23903.18,2406400
54,36,group_setup_then_8_copies,own_local,group,12500,401152,32.09216,2350000
54,37,async_queue_job_1_borrow_reads,std_shared_then_raw_borrow,job,100,44589,445.89,2000
54,38,share_read_drop,own_shared,handoff,100000,1156603,11.56603,2350000
54,39,group_setup_then_1024_copies,own_local,group,97,110932,1143.62886598,2334208
54,40,independent_owner_parameter,std_shared,call,100000,1659605,16.59605,2350000
54,41,frame_4096_draws_64_unique_leases,std_shared,frame,24,89082,3711.75,41287680
54,42,share_read_drop,std_shared,handoff,100000,1513227,15.13227,2350000
54,43,scene_4096_attachments,std_shared,attachment,98304,937924,9.5410563151,98304
54,44,async_queue_job_1_local_copies,own_local,job,100,76466,764.66,2000
54,45,async_queue_job_64_local_copies,own_local,job,100,52579,525.79,150400
54,46,owner_retained_4096_parameter_borrows,std_raw_borrow,frame,24,77290,3220.41666667,41287680
54,47,owner_retained_4096_draw_borrows,std_raw_borrow,frame,24,46989,1957.875,41287680
54,48,owner_retained_borrow_copy_read,own_local_view,read,100000,30074,0.30074,2350000
54,49,async_queue_job_1024_borrow_reads,own_shared_then_local_view,job,100,116814,1168.14,2406400
54,50,owner_retained_borrow_parameter,own_local_view,call,100000,61658,0.61658,2350000
54,51,group_setup_then_1_copies,std_shared,group,100000,3309886,33.09886,2000000
54,52,owner_retained_borrow_copy_read,std_raw_borrow,read,100000,30040,0.3004,2350000
54,53,group_setup_then_64_copies,std_shared,group,1562,1681494,1076.5006402,2349248
54,54,create_read_destroy,own_local,asset,100000,3046946,30.46946,65000400000
54,55,scene_4096_attachments,own_local,attachment,98304,134434,1.36753336589,98304
55,0,owner_retained_4096_draw_borrows,own_local_view,frame,24,47975,1998.95833333,41287680
55,1,resource_lifecycle_64_assets_4096_objects,own_local,cycle,10,244082,24408.2,17203200
55,2,async_queue_job_64_borrow_reads,std_shared_then_raw_borrow,job,100,48122,481.22,150400
55,3,weak_lock_expired,own_shared,lock,100000,68545,0.68545,0
55,4,create_read_destroy,own_shared,asset,100000,3027292,30.27292,65000400000
55,5,async_queue_job_1024_local_copies,own_local,job,100,325403,3254.03,2406400
55,6,contended_copy_2_workers,std_shared,copy,200000,15323832,76.61916,4700000
55,7,share_read_drop,own_shared,handoff,100000,1137020,11.3702,2350000
55,8,copy_read_drop,std_shared,copy,100000,1643098,16.43098,2350000
55,9,group_setup_then_1_copies,own_local,group,100000,2543737,25.43737,2000000
55,10,scene_4096_attachments,own_local,attachment,98304,133828,1.3613688151,98304
55,11,async_queue_job_1_local_copies,own_local,job,100,69328,693.28,2000
55,12,borrow_read,raw_borrow,read,100000,35126,0.35126,2350000
55,13,owner_retained_borrow_parameter,std_raw_borrow,call,100000,61783,0.61783,2350000
55,14,resource_lifecycle_64_assets_4096_objects,std_shared,cycle,10,525581,52558.1,17203200
55,15,async_queue_job_1_borrow_reads,std_shared_then_raw_borrow,job,100,60461,604.61,2000
55,16,async_queue_job_1024_local_copies,std_shared,job,100,2411558,24115.58,2406400
55,17,weak_lock_live,std_shared,lock,100000,3233880,32.3388,2350000
55,18,owner_retained_4096_draw_borrows,std_raw_borrow,frame,24,53696,2237.33333333,41287680
55,19,independent_owner_parameter,std_shared,call,100000,1865364,18.65364,2350000
55,20,async_queue_job_1024_borrow_reads,std_shared_then_raw_borrow,job,100,144882,1448.82,2406400
55,21,group_setup_then_64_copies,std_shared,group,1562,1928500,1234.63508323,2349248
55,22,owner_retained_4096_parameter_borrows,std_raw_borrow,frame,24,84756,3531.5,41287680
55,23,resettable_root_pin_1024_borrow_reads,std_shared_pin_raw_borrow,scope,97,37273,384.257731959,2334208
55,24,share_read_drop,std_shared,handoff,100000,2040759,20.40759,2350000
55,25,group_setup_then_1024_copies,std_shared,group,97,1833558,18902.6597938,2334208
55,26,contended_copy_2_workers,own_shared,copy,200000,8104936,40.52468,4700000
55,27,frame_4096_draws_64_unique_leases,own_shared,frame,24,98635,4109.79166667,41287680
55,28,owner_retained_borrow_copy_read,own_local_view,read,100000,30053,0.30053,2350000
55,29,owner_retained_4096_parameter_borrows,own_local_view,frame,24,77076,3211.5,41287680
55,30,group_setup_then_1_copies,std_shared,group,100000,3322552,33.22552,2000000
55,31,resettable_root_pin_1024_borrow_reads,own_shared_pin_local_view,scope,97,33269,342.979381443,2334208
55,32,create_read_destroy,own_local,asset,100000,2307895,23.07895,65000400000
55,33,group_setup_then_8_copies,own_local,group,12500,387529,31.00232,2350000
55,34,independent_owner_parameter,own_local,call,100000,115667,1.15667,2350000
55,35,group_setup_then_64_copies,own_local,group,1562,367680,235.390524968,2349248
55,36,localize_read_drop,own_local,group,100000,1800976,18.00976,2350000
55,37,async_queue_job_1024_borrow_reads,own_shared_then_local_view,job,100,110985,1109.85,2406400
55,38,scene_4096_attachments,std_shared,attachment,98304,938938,9.55137125651,98304
55,39,group_setup_then_1024_copies,own_local,group,97,106818,1101.21649485,2334208
55,40,copy_read_drop,own_local,copy,100000,104055,1.04055,2350000
55,41,create_read_destroy,std_shared,asset,100000,1210359,12.10359,65000400000
55,42,weak_lock_expired,std_shared,lock,100000,77084,0.77084,0
55,43,async_queue_job_64_borrow_reads,own_shared_then_local_view,job,100,62964,629.64,150400
55,44,weak_lock_live,own_shared,lock,100000,1572589,15.72589,2350000
55,45,owner_retained_borrow_parameter,own_local_view,call,100000,64289,0.64289,2350000
55,46,owner_retained_borrow_copy_read,std_raw_borrow,read,100000,30466,0.30466,2350000
55,47,copy_read_drop,own_shared,copy,100000,1307491,13.07491,2350000
55,48,async_queue_job_64_local_copies,std_shared,job,100,248917,2489.17,150400
55,49,async_queue_job_1_local_copies,std_shared,job,100,80934,809.34,2000
55,50,independent_owner_parameter,own_shared,call,100000,1316502,13.16502,2350000
55,51,async_queue_job_64_local_copies,own_local,job,100,74202,742.02,150400
55,52,frame_4096_draws_64_unique_leases,std_shared,frame,24,84535,3522.29166667,41287680
55,53,async_queue_job_1_borrow_reads,own_shared_then_local_view,job,100,56195,561.95,2000
55,54,group_setup_then_8_copies,std_shared,group,12500,1864707,149.17656,2350000
55,55,localize_read_drop,std_shared,group,100000,1542443,15.42443,2350000
56,0,weak_lock_expired,std_shared,lock,100000,77128,0.77128,0
56,1,resource_lifecycle_64_assets_4096_objects,std_shared,cycle,10,523406,52340.6,17203200
56,2,async_queue_job_64_borrow_reads,own_shared_then_local_view,job,100,65725,657.25,150400
56,3,owner_retained_4096_draw_borrows,std_raw_borrow,frame,24,48614,2025.58333333,41287680
56,4,group_setup_then_1024_copies,own_local,group,97,113215,1167.16494845,2334208
56,5,contended_copy_2_workers,std_shared,copy,200000,15257746,76.28873,4700000
56,6,resource_lifecycle_64_assets_4096_objects,own_local,cycle,10,228760,22876,17203200
56,7,owner_retained_borrow_parameter,std_raw_borrow,call,100000,59936,0.59936,2350000
56,8,frame_4096_draws_64_unique_leases,std_shared,frame,24,85785,3574.375,41287680
56,9,owner_retained_4096_parameter_borrows,own_local_view,frame,24,93098,3879.08333333,41287680
56,10,resettable_root_pin_1024_borrow_reads,own_shared_pin_local_view,scope,97,33535,345.721649485,2334208
56,11,group_setup_then_64_copies,std_shared,group,1562,1672708,1070.87580026,2349248
56,12,frame_4096_draws_64_unique_leases,own_shared,frame,24,85970,3582.08333333,41287680
56,13,resettable_root_pin_1024_borrow_reads,std_shared_pin_raw_borrow,scope,97,31791,327.742268041,2334208
56,14,create_read_destroy,std_shared,asset,100000,1185851,11.85851,65000400000
56,15,async_queue_job_1024_local_copies,own_local,job,100,316584,3165.84,2406400
56,16,contended_copy_2_workers,own_shared,copy,200000,6786389,33.931945,4700000
56,17,independent_owner_parameter,own_local,call,100000,115861,1.15861,2350000
56,18,group_setup_then_1_copies,std_shared,group,100000,3379222,33.79222,2000000
56,19,group_setup_then_64_copies,own_local,group,1562,356621,228.31049936,2349248
56,20,async_queue_job_1024_local_copies,std_shared,job,100,2405026,24050.26,2406400
56,21,async_queue_job_64_local_copies,own_local,job,100,56785,567.85,150400
56,22,share_read_drop,own_shared,handoff,100000,1116922,11.16922,2350000
56,23,group_setup_then_8_copies,own_local,group,12500,382171,30.57368,2350000
56,24,async_queue_job_64_borrow_reads,std_shared_then_raw_borrow,job,100,59125,591.25,150400
56,25,async_queue_job_1_borrow_reads,own_shared_then_local_view,job,100,73024,730.24,2000
56,26,async_queue_job_1_local_copies,own_local,job,100,63281,632.81,2000
56,27,group_setup_then_1024_copies,std_shared,group,97,1641199,16919.5773196,2334208
56,28,create_read_destroy,own_local,asset,100000,2291482,22.91482,65000400000
56,29,owner_retained_borrow_copy_read,std_raw_borrow,read,100000,30155,0.30155,2350000
56,30,copy_read_drop,own_local,copy,100000,105267,1.05267,2350000
56,31,group_setup_then_1_copies,own_local,group,100000,2517012,25.17012,2000000
56,32,async_queue_job_1_borrow_reads,std_shared_then_raw_borrow,job,100,51143,511.43,2000
56,33,async_queue_job_64_local_copies,std_shared,job,100,310934,3109.34,150400
56,34,share_read_drop,std_shared,handoff,100000,1480936,14.80936,2350000
56,35,owner_retained_borrow_copy_read,own_local_view,read,100000,30031,0.30031,2350000
56,36,localize_read_drop,own_local,group,100000,1792655,17.92655,2350000
56,37,async_queue_job_1024_borrow_reads,own_shared_then_local_view,job,100,112274,1122.74,2406400
56,38,borrow_read,raw_borrow,read,100000,34988,0.34988,2350000
56,39,copy_read_drop,std_shared,copy,100000,1698112,16.98112,2350000
56,40,async_queue_job_1024_borrow_reads,std_shared_then_raw_borrow,job,100,126213,1262.13,2406400
56,41,owner_retained_borrow_parameter,own_local_view,call,100000,64266,0.64266,2350000
56,42,scene_4096_attachments,own_local,attachment,98304,163668,1.66491699219,98304
56,43,create_read_destroy,own_shared,asset,100000,1891057,18.91057,65000400000
56,44,scene_4096_attachments,std_shared,attachment,98304,968920,9.85636393229,98304
56,45,owner_retained_4096_parameter_borrows,std_raw_borrow,frame,24,77164,3215.16666667,41287680
56,46,async_queue_job_1_local_copies,std_shared,job,100,68114,681.14,2000
56,47,group_setup_then_8_copies,std_shared,group,12500,1869658,149.57264,2350000
56,48,weak_lock_live,own_shared,lock,100000,1487381,14.87381,2350000
56,49,weak_lock_live,std_shared,lock,100000,1668994,16.68994,2350000
56,50,independent_owner_parameter,std_shared,call,100000,1663745,16.63745,2350000
56,51,weak_lock_expired,own_shared,lock,100000,68544,0.68544,0
56,52,independent_owner_parameter,own_shared,call,100000,1298479,12.98479,2350000
56,53,owner_retained_4096_draw_borrows,own_local_view,frame,24,48191,2007.95833333,41287680
56,54,copy_read_drop,own_shared,copy,100000,1332881,13.32881,2350000
56,55,localize_read_drop,std_shared,group,100000,1457802,14.57802,2350000
57,0,owner_retained_borrow_parameter,std_raw_borrow,call,100000,59926,0.59926,2350000
57,1,async_queue_job_64_borrow_reads,std_shared_then_raw_borrow,job,100,49238,492.38,150400
57,2,group_setup_then_1024_copies,std_shared,group,97,1637361,16880.0103093,2334208
57,3,localize_read_drop,own_local,group,100000,4127754,41.27754,2350000
57,4,async_queue_job_1_local_copies,own_local,job,100,74908,749.08,2000
57,5,group_setup_then_8_copies,own_local,group,12500,390603,31.24824,2350000
57,6,group_setup_then_1_copies,own_local,group,100000,4246254,42.46254,2000000
57,7,create_read_destroy,own_local,asset,100000,2280779,22.80779,65000400000
57,8,async_queue_job_1024_borrow_reads,std_shared_then_raw_borrow,job,100,132187,1321.87,2406400
57,9,independent_owner_parameter,std_shared,call,100000,1669834,16.69834,2350000
57,10,resource_lifecycle_64_assets_4096_objects,std_shared,cycle,10,575603,57560.3,17203200
57,11,group_setup_then_8_copies,std_shared,group,12500,1867069,149.36552,2350000
57,12,weak_lock_live,std_shared,lock,100000,1713343,17.13343,2350000
57,13,localize_read_drop,std_shared,group,100000,1444913,14.44913,2350000
57,14,copy_read_drop,std_shared,copy,100000,1650401,16.50401,2350000
57,15,contended_copy_2_workers,std_shared,copy,200000,15751476,78.75738,4700000
57,16,owner_retained_4096_draw_borrows,own_local_view,frame,24,48305,2012.70833333,41287680
57,17,independent_owner_parameter,own_local,call,100000,121659,1.21659,2350000
57,18,group_setup_then_1024_copies,own_local,group,97,121000,1247.42268041,2334208
57,19,group_setup_then_1_copies,std_shared,group,100000,3339894,33.39894,2000000
57,20,async_queue_job_1_local_copies,std_shared,job,100,72518,725.18,2000
57,21,weak_lock_expired,std_shared,lock,100000,77234,0.77234,0
57,22,owner_retained_borrow_copy_read,own_local_view,read,100000,31478,0.31478,2350000
57,23,create_read_destroy,own_shared,asset,100000,1779182,17.79182,65000400000
57,24,weak_lock_live,own_shared,lock,100000,1493103,14.93103,2350000
57,25,contended_copy_2_workers,own_shared,copy,200000,7348887,36.744435,4700000
57,26,resource_lifecycle_64_assets_4096_objects,own_local,cycle,10,249967,24996.7,17203200
57,27,weak_lock_expired,own_shared,lock,100000,68805,0.68805,0
57,28,share_read_drop,std_shared,handoff,100000,1493351,14.93351,2350000
57,29,owner_retained_borrow_parameter,own_local_view,call,100000,64227,0.64227,2350000
57,30,copy_read_drop,own_shared,copy,100000,1330455,13.30455,2350000
57,31,owner_retained_borrow_copy_read,std_raw_borrow,read,100000,30599,0.30599,2350000
57,32,frame_4096_draws_64_unique_leases,std_shared,frame,24,86214,3592.25,41287680
57,33,independent_owner_parameter,own_shared,call,100000,1291854,12.91854,2350000
57,34,create_read_destroy,std_shared,asset,100000,1184402,11.84402,65000400000
57,35,frame_4096_draws_64_unique_leases,own_shared,frame,24,86764,3615.16666667,41287680
57,36,async_queue_job_1024_local_copies,std_shared,job,100,2440731,24407.31,2406400
57,37,owner_retained_4096_parameter_borrows,own_local_view,frame,24,77668,3236.16666667,41287680
57,38,scene_4096_attachments,own_local,attachment,98304,136528,1.38883463542,98304
57,39,async_queue_job_64_local_copies,own_local,job,100,153385,1533.85,150400
57,40,resettable_root_pin_1024_borrow_reads,std_shared_pin_raw_borrow,scope,97,31776,327.587628866,2334208
57,41,owner_retained_4096_parameter_borrows,std_raw_borrow,frame,24,77031,3209.625,41287680
57,42,group_setup_then_64_copies,own_local,group,1562,164166,105.099871959,2349248
57,43,group_setup_then_64_copies,std_shared,group,1562,1696594,1086.16773367,2349248
57,44,copy_read_drop,own_local,copy,100000,112301,1.12301,2350000
57,45,resettable_root_pin_1024_borrow_reads,own_shared_pin_local_view,scope,97,32277,332.75257732,2334208
57,46,share_read_drop,own_shared,handoff,100000,1113692,11.13692,2350000
57,47,async_queue_job_64_borrow_reads,own_shared_then_local_view,job,100,72716,727.16,150400
57,48,borrow_read,raw_borrow,read,100000,35170,0.3517,2350000
57,49,async_queue_job_1_borrow_reads,own_shared_then_local_view,job,100,54089,540.89,2000
57,50,async_queue_job_1024_borrow_reads,own_shared_then_local_view,job,100,183424,1834.24,2406400
57,51,async_queue_job_64_local_copies,std_shared,job,100,249259,2492.59,150400
57,52,owner_retained_4096_draw_borrows,std_raw_borrow,frame,24,47135,1963.95833333,41287680
57,53,async_queue_job_1024_local_copies,own_local,job,100,297951,2979.51,2406400
57,54,async_queue_job_1_borrow_reads,std_shared_then_raw_borrow,job,100,36530,365.3,2000
57,55,scene_4096_attachments,std_shared,attachment,98304,938143,9.54328409831,98304
58,0,async_queue_job_64_local_copies,own_local,job,100,131027,1310.27,150400
58,1,async_queue_job_64_borrow_reads,std_shared_then_raw_borrow,job,100,61810,618.1,150400
58,2,owner_retained_4096_draw_borrows,std_raw_borrow,frame,24,46859,1952.45833333,41287680
58,3,resettable_root_pin_1024_borrow_reads,own_shared_pin_local_view,scope,97,42990,443.195876289,2334208
58,4,resettable_root_pin_1024_borrow_reads,std_shared_pin_raw_borrow,scope,97,32017,330.072164948,2334208
58,5,weak_lock_live,own_shared,lock,100000,1476844,14.76844,2350000
58,6,copy_read_drop,std_shared,copy,100000,1657849,16.57849,2350000
58,7,async_queue_job_1_local_copies,std_shared,job,100,53926,539.26,2000
58,8,owner_retained_borrow_parameter,std_raw_borrow,call,100000,64219,0.64219,2350000
58,9,scene_4096_attachments,own_local,attachment,98304,131846,1.34120686849,98304
58,10,group_setup_then_8_copies,own_local,group,12500,392895,31.4316,2350000
58,11,create_read_destroy,std_shared,asset,100000,1202376,12.02376,65000400000
58,12,async_queue_job_1024_borrow_reads,own_shared_then_local_view,job,100,138275,1382.75,2406400
58,13,owner_retained_4096_parameter_borrows,std_raw_borrow,frame,24,76050,3168.75,41287680
58,14,async_queue_job_64_local_copies,std_shared,job,100,253640,2536.4,150400
58,15,create_read_destroy,own_local,asset,100000,2613050,26.1305,65000400000
58,16,contended_copy_2_workers,std_shared,copy,200000,9373347,46.866735,4700000
58,17,localize_read_drop,std_shared,group,100000,1464035,14.64035,2350000
58,18,owner_retained_4096_draw_borrows,own_local_view,frame,24,60837,2534.875,41287680
58,19,create_read_destroy,own_shared,asset,100000,1805275,18.05275,65000400000
58,20,frame_4096_draws_64_unique_leases,own_shared,frame,24,86492,3603.83333333,41287680
58,21,async_queue_job_1_borrow_reads,own_shared_then_local_view,job,100,45152,451.52,2000
58,22,group_setup_then_1024_copies,own_local,group,97,126801,1307.22680412,2334208
58,23,group_setup_then_1_copies,own_local,group,100000,2488851,24.88851,2000000
58,24,resource_lifecycle_64_assets_4096_objects,std_shared,cycle,10,550989,55098.9,17203200
58,25,async_queue_job_1_borrow_reads,std_shared_then_raw_borrow,job,100,76640,766.4,2000
58,26,group_setup_then_8_copies,std_shared,group,12500,2487347,198.98776,2350000
58,27,weak_lock_live,std_shared,lock,100000,1710603,17.10603,2350000
58,28,group_setup_then_1024_copies,std_shared,group,97,1642291,16930.8350515,2334208
58,29,copy_read_drop,own_local,copy,100000,104482,1.04482,2350000
58,30,independent_owner_parameter,own_shared,call,100000,1297334,12.97334,2350000
58,31,owner_retained_borrow_copy_read,own_local_view,read,100000,30898,0.30898,2350000
58,32,async_queue_job_1024_local_copies,std_shared,job,100,2431418,24314.18,2406400
58,33,async_queue_job_1_local_copies,own_local,job,100,69318,693.18,2000
58,34,group_setup_then_64_copies,own_local,group,1562,359311,230.032650448,2349248
58,35,weak_lock_expired,own_shared,lock,100000,68532,0.68532,0
58,36,copy_read_drop,own_shared,copy,100000,1441605,14.41605,2350000
58,37,frame_4096_draws_64_unique_leases,std_shared,frame,24,98780,4115.83333333,41287680
58,38,async_queue_job_1024_borrow_reads,std_shared_then_raw_borrow,job,100,101136,1011.36,2406400
58,39,async_queue_job_1024_local_copies,own_local,job,100,291432,2914.32,2406400
58,40,owner_retained_4096_parameter_borrows,own_local_view,frame,24,77192,3216.33333333,41287680
58,41,async_queue_job_64_borrow_reads,own_shared_then_local_view,job,100,56858,568.58,150400
58,42,localize_read_drop,own_local,group,100000,1862746,18.62746,2350000
58,43,borrow_read,raw_borrow,read,100000,34978,0.34978,2350000
58,44,owner_retained_borrow_parameter,own_local_view,call,100000,61948,0.61948,2350000
58,45,independent_owner_parameter,std_shared,call,100000,1679784,16.79784,2350000
58,46,resource_lifecycle_64_assets_4096_objects,own_local,cycle,10,234651,23465.1,17203200
58,47,owner_retained_borrow_copy_read,std_raw_borrow,read,100000,30028,0.30028,2350000
58,48,scene_4096_attachments,std_shared,attachment,98304,936183,9.52334594727,98304
58,49,share_read_drop,own_shared,handoff,100000,1114165,11.14165,2350000
58,50,independent_owner_parameter,own_local,call,100000,115475,1.15475,2350000
58,51,group_setup_then_64_copies,std_shared,group,1562,1691414,1082.85147247,2349248
58,52,weak_lock_expired,std_shared,lock,100000,77106,0.77106,0
58,53,group_setup_then_1_copies,std_shared,group,100000,3297792,32.97792,2000000
58,54,share_read_drop,std_shared,handoff,100000,1496664,14.96664,2350000
58,55,contended_copy_2_workers,own_shared,copy,200000,7425978,37.12989,4700000
59,0,group_setup_then_1024_copies,std_shared,group,97,1649419,17004.3195876,2334208
59,1,frame_4096_draws_64_unique_leases,std_shared,frame,24,84488,3520.33333333,41287680
59,2,owner_retained_borrow_parameter,std_raw_borrow,call,100000,61687,0.61687,2350000
59,3,contended_copy_2_workers,std_shared,copy,200000,15558220,77.7911,4700000
59,4,resettable_root_pin_1024_borrow_reads,std_shared_pin_raw_borrow,scope,97,33763,348.072164948,2334208
59,5,resource_lifecycle_64_assets_4096_objects,std_shared,cycle,10,505500,50550,17203200
59,6,async_queue_job_64_borrow_reads,std_shared_then_raw_borrow,job,100,56477,564.77,150400
59,7,create_read_destroy,std_shared,asset,100000,1213760,12.1376,65000400000
59,8,async_queue_job_64_borrow_reads,own_shared_then_local_view,job,100,57461,574.61,150400
59,9,group_setup_then_64_copies,own_local,group,1562,212480,136.030729834,2349248
59,10,localize_read_drop,own_local,group,100000,1763940,17.6394,2350000
59,11,scene_4096_attachments,std_shared,attachment,98304,942940,9.59208170573,98304
59,12,owner_retained_borrow_copy_read,own_local_view,read,100000,30989,0.30989,2350000
59,13,copy_read_drop,own_local,copy,100000,111110,1.1111,2350000
59,14,async_queue_job_64_local_copies,own_local,job,100,100778,1007.78,150400
59,15,group_setup_then_8_copies,std_shared,group,12500,1867115,149.3692,2350000
59,16,weak_lock_live,std_shared,lock,100000,1685061,16.85061,2350000
59,17,async_queue_job_1_local_copies,own_local,job,100,88242,882.42,2000
59,18,create_read_destroy,own_local,asset,100000,2826204,28.26204,65000400000
59,19,async_queue_job_1_local_copies,std_shared,job,100,57956,579.56,2000
59,20,owner_retained_4096_parameter_borrows,std_raw_borrow,frame,24,77295,3220.625,41287680
59,21,async_queue_job_1024_local_copies,own_local,job,100,331603,3316.03,2406400
59,22,async_queue_job_64_local_copies,std_shared,job,100,322202,3222.02,150400
59,23,owner_retained_borrow_parameter,own_local_view,call,100000,59956,0.59956,2350000
59,24,async_queue_job_1024_borrow_reads,std_shared_then_raw_borrow,job,100,229788,2297.88,2406400
59,25,frame_4096_draws_64_unique_leases,own_shared,frame,24,87850,3660.41666667,41287680
59,26,group_setup_then_1_copies,std_shared,group,100000,3363882,33.63882,2000000
59,27,weak_lock_expired,std_shared,lock,100000,77200,0.772,0
59,28,weak_lock_expired,own_shared,lock,100000,68576,0.68576,0
59,29,async_queue_job_1024_local_copies,std_shared,job,100,2437273,24372.73,2406400
59,30,async_queue_job_1024_borrow_reads,own_shared_then_local_view,job,100,156521,1565.21,2406400
59,31,independent_owner_parameter,own_shared,call,100000,1304215,13.04215,2350000
59,32,async_queue_job_1_borrow_reads,std_shared_then_raw_borrow,job,100,42552,425.52,2000
59,33,resettable_root_pin_1024_borrow_reads,own_shared_pin_local_view,scope,97,32299,332.979381443,2334208
59,34,owner_retained_borrow_copy_read,std_raw_borrow,read,100000,30628,0.30628,2350000
59,35,group_setup_then_1024_copies,own_local,group,97,115377,1189.45360825,2334208
59,36,owner_retained_4096_parameter_borrows,own_local_view,frame,24,77467,3227.79166667,41287680
59,37,owner_retained_4096_draw_borrows,std_raw_borrow,frame,24,47884,1995.16666667,41287680
59,38,async_queue_job_1_borrow_reads,own_shared_then_local_view,job,100,63041,630.41,2000
59,39,borrow_read,raw_borrow,read,100000,39634,0.39634,2350000
59,40,copy_read_drop,std_shared,copy,100000,1667028,16.67028,2350000
59,41,share_read_drop,own_shared,handoff,100000,1443813,14.43813,2350000
59,42,group_setup_then_8_copies,own_local,group,12500,467800,37.424,2350000
59,43,independent_owner_parameter,std_shared,call,100000,1661232,16.61232,2350000
59,44,weak_lock_live,own_shared,lock,100000,1486935,14.86935,2350000
59,45,create_read_destroy,own_shared,asset,100000,1766576,17.66576,65000400000
59,46,contended_copy_2_workers,own_shared,copy,200000,7674044,38.37022,4700000
59,47,scene_4096_attachments,own_local,attachment,98304,133614,1.35919189453,98304
59,48,independent_owner_parameter,own_local,call,100000,127413,1.27413,2350000
59,49,owner_retained_4096_draw_borrows,own_local_view,frame,24,47692,1987.16666667,41287680
59,50,group_setup_then_1_copies,own_local,group,100000,2515198,25.15198,2000000
59,51,localize_read_drop,std_shared,group,100000,1490308,14.90308,2350000
59,52,copy_read_drop,own_shared,copy,100000,1326305,13.26305,2350000
59,53,resource_lifecycle_64_assets_4096_objects,own_local,cycle,10,233349,23334.9,17203200
59,54,group_setup_then_64_copies,std_shared,group,1562,1675439,1072.62419974,2349248
59,55,share_read_drop,std_shared,handoff,100000,1497004,14.97004,2350000
60,0,async_queue_job_1024_borrow_reads,own_shared_then_local_view,job,100,109960,1099.6,2406400
60,1,borrow_read,raw_borrow,read,100000,35127,0.35127,2350000
60,2,copy_read_drop,own_shared,copy,100000,1330197,13.30197,2350000
60,3,create_read_destroy,std_shared,asset,100000,1189061,11.89061,65000400000
60,4,resettable_root_pin_1024_borrow_reads,std_shared_pin_raw_borrow,scope,97,32540,335.463917526,2334208
60,5,frame_4096_draws_64_unique_leases,own_shared,frame,24,86062,3585.91666667,41287680
60,6,group_setup_then_1024_copies,own_local,group,97,112061,1155.26804124,2334208
60,7,owner_retained_4096_draw_borrows,own_local_view,frame,24,47191,1966.29166667,41287680
60,8,contended_copy_2_workers,std_shared,copy,200000,15783566,78.91783,4700000
60,9,async_queue_job_1_local_copies,std_shared,job,100,64296,642.96,2000
60,10,async_queue_job_64_borrow_reads,std_shared_then_raw_borrow,job,100,58885,588.85,150400
60,11,owner_retained_borrow_copy_read,std_raw_borrow,read,100000,30510,0.3051,2350000
60,12,owner_retained_4096_parameter_borrows,own_local_view,frame,24,76826,3201.08333333,41287680
60,13,group_setup_then_8_copies,std_shared,group,12500,1892556,151.40448,2350000
60,14,independent_owner_parameter,std_shared,call,100000,1711684,17.11684,2350000
60,15,owner_retained_4096_draw_borrows,std_raw_borrow,frame,24,48675,2028.125,41287680
60,16,resource_lifecycle_64_assets_4096_objects,std_shared,cycle,10,516967,51696.7,17203200
60,17,create_read_destroy,own_local,asset,100000,2329762,23.29762,65000400000
60,18,share_read_drop,std_shared,handoff,100000,1471471,14.71471,2350000
60,19,scene_4096_attachments,std_shared,attachment,98304,963851,9.80479939779,98304
60,20,async_queue_job_1_local_copies,own_local,job,100,68564,685.64,2000
60,21,share_read_drop,own_shared,handoff,100000,1127604,11.27604,2350000
60,22,weak_lock_expired,own_shared,lock,100000,68598,0.68598,0
60,23,weak_lock_expired,std_shared,lock,100000,77131,0.77131,0
60,24,group_setup_then_64_copies,std_shared,group,1562,1665029,1065.95966709,2349248
60,25,group_setup_then_1_copies,own_local,group,100000,2514161,25.14161,2000000
60,26,owner_retained_borrow_copy_read,own_local_view,read,100000,32171,0.32171,2350000
60,27,async_queue_job_64_borrow_reads,own_shared_then_local_view,job,100,62355,623.55,150400
60,28,frame_4096_draws_64_unique_leases,std_shared,frame,24,84158,3506.58333333,41287680
60,29,resettable_root_pin_1024_borrow_reads,own_shared_pin_local_view,scope,97,33312,343.422680412,2334208
60,30,owner_retained_borrow_parameter,std_raw_borrow,call,100000,59959,0.59959,2350000
60,31,scene_4096_attachments,own_local,attachment,98304,133296,1.35595703125,98304
60,32,async_queue_job_64_local_copies,own_local,job,100,96942,969.42,150400
60,33,async_queue_job_1_borrow_reads,std_shared_then_raw_borrow,job,100,72221,722.21,2000
60,34,weak_lock_live,std_shared,lock,100000,1673822,16.73822,2350000
60,35,weak_lock_live,own_shared,lock,100000,1505408,15.05408,2350000
60,36,group_setup_then_1024_copies,std_shared,group,97,1789207,18445.4329897,2334208
60,37,owner_retained_4096_parameter_borrows,std_raw_borrow,frame,24,90435,3768.125,41287680
60,38,async_queue_job_1024_local_copies,std_shared,job,100,2519107,25191.07,2406400
60,39,group_setup_then_8_copies,own_local,group,12500,407426,32.59408,2350000
60,40,async_queue_job_1_borrow_reads,own_shared_then_local_view,job,100,72313,723.13,2000
60,41,copy_read_drop,own_local,copy,100000,104057,1.04057,2350000
60,42,async_queue_job_1024_borrow_reads,std_shared_then_raw_borrow,job,100,173835,1738.35,2406400
60,43,resource_lifecycle_64_assets_4096_objects,own_local,cycle,10,231601,23160.1,17203200
60,44,contended_copy_2_workers,own_shared,copy,200000,7561148,37.80574,4700000
60,45,async_queue_job_1024_local_copies,own_local,job,100,419757,4197.57,2406400
60,46,group_setup_then_64_copies,own_local,group,1562,149374,95.6299615877,2349248
60,47,localize_read_drop,own_local,group,100000,1800583,18.00583,2350000
60,48,copy_read_drop,std_shared,copy,100000,1708279,17.08279,2350000
60,49,owner_retained_borrow_parameter,own_local_view,call,100000,64268,0.64268,2350000
60,50,localize_read_drop,std_shared,group,100000,2085933,20.85933,2350000
60,51,group_setup_then_1_copies,std_shared,group,100000,3316442,33.16442,2000000
60,52,create_read_destroy,own_shared,asset,100000,1783758,17.83758,65000400000
60,53,async_queue_job_64_local_copies,std_shared,job,100,328674,3286.74,150400
60,54,independent_owner_parameter,own_local,call,100000,115481,1.15481,2350000
60,55,independent_owner_parameter,own_shared,call,100000,1320190,13.2019,2350000
61,0,resettable_root_pin_1024_borrow_reads,std_shared_pin_raw_borrow,scope,97,33056,340.783505155,2334208
61,1,owner_retained_borrow_parameter,own_local_view,call,100000,64253,0.64253,2350000
61,2,frame_4096_draws_64_unique_leases,own_shared,frame,24,87579,3649.125,41287680
61,3,async_queue_job_64_borrow_reads,std_shared_then_raw_borrow,job,100,73082,730.82,150400
61,4,group_setup_then_8_copies,own_local,group,12500,571781,45.74248,2350000
61,5,weak_lock_live,std_shared,lock,100000,1661887,16.61887,2350000
61,6,owner_retained_borrow_copy_read,std_raw_borrow,read,100000,30180,0.3018,2350000
61,7,contended_copy_2_workers,own_shared,copy,200000,7313144,36.56572,4700000
61,8,group_setup_then_1_copies,std_shared,group,100000,3361725,33.61725,2000000
61,9,async_queue_job_64_local_copies,own_local,job,100,74600,746,150400
61,10,async_queue_job_1_borrow_reads,own_shared_then_local_view,job,100,47002,470.02,2000
61,11,localize_read_drop,own_local,group,100000,1775369,17.75369,2350000
61,12,async_queue_job_64_borrow_reads,own_shared_then_local_view,job,100,58257,582.57,150400
61,13,copy_read_drop,std_shared,copy,100000,1663229,16.63229,2350000
61,14,create_read_destroy,own_shared,asset,100000,1754708,17.54708,65000400000
61,15,owner_retained_4096_draw_borrows,own_local_view,frame,24,48335,2013.95833333,41287680
61,16,independent_owner_parameter,own_shared,call,100000,1302537,13.02537,2350000
61,17,independent_owner_parameter,std_shared,call,100000,1665069,16.65069,2350000
61,18,weak_lock_live,own_shared,lock,100000,1502544,15.02544,2350000
61,19,weak_lock_expired,own_shared,lock,100000,68497,0.68497,0
61,20,group_setup_then_64_copies,std_shared,group,1562,1698854,1087.61459667,2349248
61,21,async_queue_job_1_borrow_reads,std_shared_then_raw_borrow,job,100,70934,709.34,2000
61,22,resource_lifecycle_64_assets_4096_objects,own_local,cycle,10,230246,23024.6,17203200
61,23,owner_retained_4096_parameter_borrows,std_raw_borrow,frame,24,77326,3221.91666667,41287680
61,24,group_setup_then_64_copies,own_local,group,1562,187547,120.068501921,2349248
61,25,owner_retained_4096_parameter_borrows,own_local_view,frame,24,76700,3195.83333333,41287680
61,26,independent_owner_parameter,own_local,call,100000,115138,1.15138,2350000
61,27,async_queue_job_1_local_copies,std_shared,job,100,52532,525.32,2000
61,28,share_read_drop,own_shared,handoff,100000,1131932,11.31932,2350000
61,29,group_setup_then_1024_copies,std_shared,group,97,1632054,16825.2989691,2334208
61,30,scene_4096_attachments,own_local,attachment,98304,147722,1.50270589193,98304
61,31,contended_copy_2_workers,std_shared,copy,200000,14921364,74.60682,4700000
61,32,owner_retained_borrow_parameter,std_raw_borrow,call,100000,61964,0.61964,2350000
61,33,async_queue_job_1024_local_copies,own_local,job,100,323321,3233.21,2406400
61,34,resettable_root_pin_1024_borrow_reads,own_shared_pin_local_view,scope,97,33508,345.443298969,2334208
61,35,async_queue_job_1024_borrow_reads,std_shared_then_raw_borrow,job,100,121586,1215.86,2406400
61,36,create_read_destroy,std_shared,asset,100000,1163509,11.63509,65000400000
61,37,copy_read_drop,own_local,copy,100000,106268,1.06268,2350000
61,38,scene_4096_attachments,std_shared,attachment,98304,944831,9.61131795247,98304
61,39,async_queue_job_1024_local_copies,std_shared,job,100,2659374,26593.74,2406400
61,40,share_read_drop,std_shared,handoff,100000,1479207,14.79207,2350000
61,41,group_setup_then_1_copies,own_local,group,100000,2684564,26.84564,2000000
61,42,owner_retained_4096_draw_borrows,std_raw_borrow,frame,24,48095,2003.95833333,41287680
61,43,copy_read_drop,own_shared,copy,100000,1322196,13.22196,2350000
61,44,async_queue_job_1_local_copies,own_local,job,100,88062,880.62,2000
61,45,frame_4096_draws_64_unique_leases,std_shared,frame,24,86234,3593.08333333,41287680
61,46,group_setup_then_8_copies,std_shared,group,12500,1898809,151.90472,2350000
61,47,async_queue_job_1024_borrow_reads,own_shared_then_local_view,job,100,147949,1479.49,2406400
61,48,borrow_read,raw_borrow,read,100000,35154,0.35154,2350000
61,49,create_read_destroy,own_local,asset,100000,2330126,23.30126,65000400000
61,50,async_queue_job_64_local_copies,std_shared,job,100,327271,3272.71,150400
61,51,weak_lock_expired,std_shared,lock,100000,77185,0.77185,0
61,52,localize_read_drop,std_shared,group,100000,1498152,14.98152,2350000
61,53,owner_retained_borrow_copy_read,own_local_view,read,100000,30112,0.30112,2350000
61,54,group_setup_then_1024_copies,own_local,group,97,115861,1194.44329897,2334208
61,55,resource_lifecycle_64_assets_4096_objects,std_shared,cycle,10,515127,51512.7,17203200
62,0,async_queue_job_64_local_copies,std_shared,job,100,306192,3061.92,150400
62,1,borrow_read,raw_borrow,read,100000,35044,0.35044,2350000
62,2,contended_copy_2_workers,std_shared,copy,200000,15800909,79.004545,4700000
62,3,frame_4096_draws_64_unique_leases,own_shared,frame,24,87390,3641.25,41287680
62,4,async_queue_job_64_borrow_reads,std_shared_then_raw_borrow,job,100,53700,537,150400
62,5,resettable_root_pin_1024_borrow_reads,std_shared_pin_raw_borrow,scope,97,32151,331.453608247,2334208
62,6,independent_owner_parameter,own_shared,call,100000,1300769,13.00769,2350000
62,7,independent_owner_parameter,own_local,call,100000,115297,1.15297,2350000
62,8,weak_lock_expired,own_shared,lock,100000,68538,0.68538,0
62,9,independent_owner_parameter,std_shared,call,100000,1669320,16.6932,2350000
62,10,async_queue_job_1_local_copies,std_shared,job,100,74807,748.07,2000
62,11,owner_retained_4096_draw_borrows,std_raw_borrow,frame,24,47909,1996.20833333,41287680
62,12,copy_read_drop,own_local,copy,100000,105505,1.05505,2350000
62,13,async_queue_job_1024_borrow_reads,std_shared_then_raw_borrow,job,100,159023,1590.23,2406400
62,14,owner_retained_4096_parameter_borrows,std_raw_borrow,frame,24,76055,3168.95833333,41287680
62,15,async_queue_job_64_local_copies,own_local,job,100,133999,1339.99,150400
62,16,owner_retained_4096_parameter_borrows,own_local_view,frame,24,77051,3210.45833333,41287680
62,17,localize_read_drop,own_local,group,100000,1759802,17.59802,2350000
62,18,group_setup_then_64_copies,std_shared,group,1562,1696684,1086.22535211,2349248
62,19,owner_retained_borrow_copy_read,own_local_view,read,100000,30046,0.30046,2350000
62,20,owner_retained_4096_draw_borrows,own_local_view,frame,24,47111,1962.95833333,41287680
62,21,group_setup_then_1024_copies,own_local,group,97,188034,1938.49484536,2334208
62,22,group_setup_then_1024_copies,std_shared,group,97,1640406,16911.4020619,2334208
62,23,async_queue_job_1024_local_copies,std_shared,job,100,2400995,24009.95,2406400
62,24,resource_lifecycle_64_assets_4096_objects,own_local,cycle,10,243699,24369.9,17203200
62,25,group_setup_then_1_copies,own_local,group,100000,2484071,24.84071,2000000
62,26,share_read_drop,std_shared,handoff,100000,1929525,19.29525,2350000
62,27,weak_lock_expired,std_shared,lock,100000,77315,0.77315,0
62,28,create_read_destroy,own_local,asset,100000,2368891,23.68891,65000400000
62,29,weak_lock_live,std_shared,lock,100000,1717933,17.17933,2350000
62,30,resettable_root_pin_1024_borrow_reads,own_shared_pin_local_view,scope,97,33498,345.340206186,2334208
62,31,create_read_destroy,own_shared,asset,100000,1773603,17.73603,65000400000
62,32,scene_4096_attachments,own_local,attachment,98304,133640,1.35945638021,98304
62,33,async_queue_job_1024_local_copies,own_local,job,100,382269,3822.69,2406400
62,34,async_queue_job_1_local_copies,own_local,job,100,54958,549.58,2000
62,35,resource_lifecycle_64_assets_4096_objects,std_shared,cycle,10,515286,51528.6,17203200
62,36,create_read_destroy,std_shared,asset,100000,1270753,12.70753,65000400000
62,37,owner_retained_borrow_parameter,own_local_view,call,100000,63910,0.6391,2350000
62,38,copy_read_drop,own_shared,copy,100000,1296402,12.96402,2350000
62,39,localize_read_drop,std_shared,group,100000,1562622,15.62622,2350000
62,40,async_queue_job_64_borrow_reads,own_shared_then_local_view,job,100,84260,842.6,150400
62,41,owner_retained_borrow_parameter,std_raw_borrow,call,100000,59933,0.59933,2350000
62,42,share_read_drop,own_shared,handoff,100000,1120906,11.20906,2350000
62,43,scene_4096_attachments,std_shared,attachment,98304,1025756,10.4345296224,98304
62,44,owner_retained_borrow_copy_read,std_raw_borrow,read,100000,30471,0.30471,2350000
62,45,group_setup_then_8_copies,own_local,group,12500,375931,30.07448,2350000
62,46,async_queue_job_1_borrow_reads,own_shared_then_local_view,job,100,33670,336.7,2000
62,47,async_queue_job_1_borrow_reads,std_shared_then_raw_borrow,job,100,48987,489.87,2000
62,48,group_setup_then_8_copies,std_shared,group,12500,1885324,150.82592,2350000
62,49,copy_read_drop,std_shared,copy,100000,1674467,16.74467,2350000
62,50,contended_copy_2_workers,own_shared,copy,200000,7578251,37.891255,4700000
62,51,group_setup_then_64_copies,own_local,group,1562,232757,149.012163892,2349248
62,52,group_setup_then_1_copies,std_shared,group,100000,3449708,34.49708,2000000
62,53,weak_lock_live,own_shared,lock,100000,1518306,15.18306,2350000
62,54,async_queue_job_1024_borrow_reads,own_shared_then_local_view,job,100,178016,1780.16,2406400
62,55,frame_4096_draws_64_unique_leases,std_shared,frame,24,85394,3558.08333333,41287680
63,0,copy_read_drop,own_local,copy,100000,108933,1.08933,2350000
63,1,copy_read_drop,own_shared,copy,100000,1301698,13.01698,2350000
63,2,weak_lock_expired,own_shared,lock,100000,68515,0.68515,0
63,3,group_setup_then_1_copies,own_local,group,100000,2533690,25.3369,2000000
63,4,async_queue_job_1024_borrow_reads,own_shared_then_local_view,job,100,116775,1167.75,2406400
63,5,share_read_drop,std_shared,handoff,100000,1854068,18.54068,2350000
63,6,independent_owner_parameter,std_shared,call,100000,1691188,16.91188,2350000
63,7,owner_retained_4096_parameter_borrows,own_local_view,frame,24,77358,3223.25,41287680
63,8,borrow_read,raw_borrow,read,100000,35163,0.35163,2350000
63,9,weak_lock_live,own_shared,lock,100000,1494536,14.94536,2350000
63,10,owner_retained_borrow_copy_read,std_raw_borrow,read,100000,30061,0.30061,2350000
63,11,resettable_root_pin_1024_borrow_reads,own_shared_pin_local_view,scope,97,36490,376.18556701,2334208
63,12,create_read_destroy,std_shared,asset,100000,1292027,12.92027,65000400000
63,13,frame_4096_draws_64_unique_leases,own_shared,frame,24,100086,4170.25,41287680
63,14,group_setup_then_64_copies,own_local,group,1562,249265,159.580665813,2349248
63,15,async_queue_job_1024_borrow_reads,std_shared_then_raw_borrow,job,100,148738,1487.38,2406400
63,16,owner_retained_4096_draw_borrows,own_local_view,frame,24,51417,2142.375,41287680
63,17,weak_lock_live,std_shared,lock,100000,1784020,17.8402,2350000
63,18,owner_retained_4096_draw_borrows,std_raw_borrow,frame,24,55917,2329.875,41287680
63,19,group_setup_then_8_copies,std_shared,group,12500,1914486,153.15888,2350000
63,20,async_queue_job_64_local_copies,std_shared,job,100,284606,2846.06,150400
63,21,independent_owner_parameter,own_local,call,100000,136544,1.36544,2350000
63,22,weak_lock_expired,std_shared,lock,100000,83323,0.83323,0
63,23,owner_retained_borrow_parameter,own_local_view,call,100000,61697,0.61697,2350000
63,24,resource_lifecycle_64_assets_4096_objects,own_local,cycle,10,265144,26514.4,17203200
63,25,contended_copy_2_workers,own_shared,copy,200000,7299397,36.496985,4700000
63,26,scene_4096_attachments,std_shared,attachment,98304,1000513,10.1777445475,98304
63,27,async_queue_job_1024_local_copies,std_shared,job,100,2647154,26471.54,2406400
63,28,async_queue_job_1_borrow_reads,own_shared_then_local_view,job,100,55292,552.92,2000
63,29,group_setup_then_1024_copies,std_shared,group,97,1651285,17023.556701,2334208
63,30,async_queue_job_1_borrow_reads,std_shared_then_raw_borrow,job,100,56975,569.75,2000
63,31,group_setup_then_1024_copies,own_local,group,97,129492,1334.96907216,2334208
63,32,group_setup_then_64_copies,std_shared,group,1562,1676613,1073.37580026,2349248
63,33,localize_read_drop,std_shared,group,100000,1498333,14.98333,2350000
63,34,copy_read_drop,std_shared,copy,100000,1641454,16.41454,2350000
63,35,owner_retained_borrow_parameter,std_raw_borrow,call,100000,65045,0.65045,2350000
63,36,async_queue_job_64_borrow_reads,std_shared_then_raw_borrow,job,100,78160,781.6,150400
63,37,scene_4096_attachments,own_local,attachment,98304,132684,1.34973144531,98304
63,38,group_setup_then_1_copies,std_shared,group,100000,3335297,33.35297,2000000
63,39,async_queue_job_1_local_copies,std_shared,job,100,68688,686.88,2000
63,40,async_queue_job_64_local_copies,own_local,job,100,100787,1007.87,150400
63,41,contended_copy_2_workers,std_shared,copy,200000,16054455,80.272275,4700000
63,42,create_read_destroy,own_shared,asset,100000,1781104,17.81104,65000400000
63,43,resettable_root_pin_1024_borrow_reads,std_shared_pin_raw_borrow,scope,97,33394,344.268041237,2334208
63,44,share_read_drop,own_shared,handoff,100000,1170380,11.7038,2350000
63,45,localize_read_drop,own_local,group,100000,1774148,17.74148,2350000
63,46,owner_retained_4096_parameter_borrows,std_raw_borrow,frame,24,77061,3210.875,41287680
63,47,owner_retained_borrow_copy_read,own_local_view,read,100000,31556,0.31556,2350000
63,48,resource_lifecycle_64_assets_4096_objects,std_shared,cycle,10,518763,51876.3,17203200
63,49,async_queue_job_64_borrow_reads,own_shared_then_local_view,job,100,71026,710.26,150400
63,50,independent_owner_parameter,own_shared,call,100000,1328002,13.28002,2350000
63,51,frame_4096_draws_64_unique_leases,std_shared,frame,24,87338,3639.08333333,41287680
63,52,async_queue_job_1024_local_copies,own_local,job,100,325028,3250.28,2406400
63,53,group_setup_then_8_copies,own_local,group,12500,385083,30.80664,2350000
63,54,create_read_destroy,own_local,asset,100000,2280048,22.80048,65000400000
63,55,async_queue_job_1_local_copies,own_local,job,100,49648,496.48,2000
64,0,independent_owner_parameter,own_local,call,100000,130296,1.30296,2350000
64,1,create_read_destroy,own_local,asset,100000,2319591,23.19591,65000400000
64,2,frame_4096_draws_64_unique_leases,own_shared,frame,24,90680,3778.33333333,41287680
64,3,group_setup_then_1_copies,std_shared,group,100000,3329012,33.29012,2000000
64,4,group_setup_then_1024_copies,own_local,group,97,111497,1149.45360825,2334208
64,5,weak_lock_live,own_shared,lock,100000,1499725,14.99725,2350000
64,6,contended_copy_2_workers,own_shared,copy,200000,7064239,35.321195,4700000
64,7,independent_owner_parameter,std_shared,call,100000,1620252,16.20252,2350000
64,8,create_read_destroy,own_shared,asset,100000,1783474,17.83474,65000400000
64,9,async_queue_job_1024_local_copies,own_local,job,100,414996,4149.96,2406400
64,10,share_read_drop,std_shared,handoff,100000,1472223,14.72223,2350000
64,11,copy_read_drop,std_shared,copy,100000,1666304,16.66304,2350000
64,12,owner_retained_borrow_copy_read,std_raw_borrow,read,100000,30122,0.30122,2350000
64,13,async_queue_job_1_local_copies,std_shared,job,100,65896,658.96,2000
64,14,frame_4096_draws_64_unique_leases,std_shared,frame,24,87132,3630.5,41287680
64,15,async_queue_job_1_borrow_reads,own_shared_then_local_view,job,100,50275,502.75,2000
64,16,async_queue_job_64_borrow_reads,own_shared_then_local_view,job,100,54909,549.09,150400
64,17,localize_read_drop,std_shared,group,100000,1459200,14.592,2350000
64,18,owner_retained_borrow_parameter,own_local_view,call,100000,72331,0.72331,2350000
64,19,copy_read_drop,own_local,copy,100000,108107,1.08107,2350000
64,20,contended_copy_2_workers,std_shared,copy,200000,15766155,78.830775,4700000
64,21,async_queue_job_64_local_copies,std_shared,job,100,305287,3052.87,150400
64,22,weak_lock_live,std_shared,lock,100000,1694779,16.94779,2350000
64,23,share_read_drop,own_shared,handoff,100000,1131573,11.31573,2350000
64,24,copy_read_drop,own_shared,copy,100000,1303437,13.03437,2350000
64,25,owner_retained_4096_parameter_borrows,std_raw_borrow,frame,24,77264,3219.33333333,41287680
64,26,async_queue_job_1_local_copies,own_local,job,100,44871,448.71,2000
64,27,async_queue_job_64_local_copies,own_local,job,100,69279,692.79,150400
64,28,owner_retained_4096_parameter_borrows,own_local_view,frame,24,81740,3405.83333333,41287680
64,29,resettable_root_pin_1024_borrow_reads,own_shared_pin_local_view,scope,97,33373,344.051546392,2334208
64,30,weak_lock_expired,std_shared,lock,100000,100973,1.00973,0
64,31,owner_retained_4096_draw_borrows,own_local_view,frame,24,47234,1968.08333333,41287680
64,32,independent_owner_parameter,own_shared,call,100000,1304735,13.04735,2350000
64,33,owner_retained_borrow_copy_read,own_local_view,read,100000,32187,0.32187,2350000
64,34,scene_4096_attachments,std_shared,attachment,98304,934861,9.50989786784,98304
64,35,async_queue_job_1024_borrow_reads,own_shared_then_local_view,job,100,157861,1578.61,2406400
64,36,resource_lifecycle_64_assets_4096_objects,own_local,cycle,10,241399,24139.9,17203200
64,37,group_setup_then_64_copies,std_shared,group,1562,1691935,1083.18501921,2349248
64,38,async_queue_job_1024_local_copies,std_shared,job,100,2390659,23906.59,2406400
64,39,group_setup_then_1024_copies,std_shared,group,97,1655666,17068.7216495,2334208
64,40,localize_read_drop,own_local,group,100000,1772858,17.72858,2350000
64,41,group_setup_then_8_copies,own_local,group,12500,378527,30.28216,2350000
64,42,owner_retained_4096_draw_borrows,std_raw_borrow,frame,24,47340,1972.5,41287680
64,43,group_setup_then_1_copies,own_local,group,100000,2510600,25.106,2000000
64,44,weak_lock_expired,own_shared,lock,100000,68532,0.68532,0
64,45,group_setup_then_8_copies,std_shared,group,12500,1845302,147.62416,2350000
64,46,scene_4096_attachments,own_local,attachment,98304,144961,1.47461954753,98304
64,47,owner_retained_borrow_parameter,std_raw_borrow,call,100000,64213,0.64213,2350000
64,48,resource_lifecycle_64_assets_4096_objects,std_shared,cycle,10,503046,50304.6,17203200
64,49,async_queue_job_64_borrow_reads,std_shared_then_raw_borrow,job,100,69389,693.89,150400
64,50,borrow_read,raw_borrow,read,100000,53156,0.53156,2350000
64,51,async_queue_job_1_borrow_reads,std_shared_then_raw_borrow,job,100,71256,712.56,2000
64,52,async_queue_job_1024_borrow_reads,std_shared_then_raw_borrow,job,100,91815,918.15,2406400
64,53,group_setup_then_64_copies,own_local,group,1562,332881,213.112035851,2349248
64,54,resettable_root_pin_1024_borrow_reads,std_shared_pin_raw_borrow,scope,97,33319,343.494845361,2334208
64,55,create_read_destroy,std_shared,asset,100000,1187213,11.87213,65000400000
65,0,independent_owner_parameter,std_shared,call,100000,1649974,16.49974,2350000
65,1,owner_retained_4096_draw_borrows,std_raw_borrow,frame,24,47219,1967.45833333,41287680
65,2,localize_read_drop,own_local,group,100000,1792855,17.92855,2350000
65,3,scene_4096_attachments,own_local,attachment,98304,140640,1.4306640625,98304
65,4,group_setup_then_64_copies,std_shared,group,1562,1672661,1070.84571063,2349248
65,5,share_read_drop,std_shared,handoff,100000,1497137,14.97137,2350000
65,6,create_read_destroy,std_shared,asset,100000,1150238,11.50238,65000400000
65,7,resource_lifecycle_64_assets_4096_objects,own_local,cycle,10,225119,22511.9,17203200
65,8,borrow_read,raw_borrow,read,100000,34946,0.34946,2350000
65,9,group_setup_then_1_copies,std_shared,group,100000,3329696,33.29696,2000000
65,10,independent_owner_parameter,own_local,call,100000,115803,1.15803,2350000
65,11,group_setup_then_1024_copies,std_shared,group,97,1626072,16763.628866,2334208
65,12,async_queue_job_1024_borrow_reads,std_shared_then_raw_borrow,job,100,110661,1106.61,2406400
65,13,weak_lock_live,std_shared,lock,100000,1688297,16.88297,2350000
65,14,async_queue_job_64_local_copies,own_local,job,100,112157,1121.57,150400
65,15,copy_read_drop,own_local,copy,100000,105276,1.05276,2350000
65,16,scene_4096_attachments,std_shared,attachment,98304,952323,9.68753051758,98304
65,17,frame_4096_draws_64_unique_leases,std_shared,frame,24,83196,3466.5,41287680
65,18,async_queue_job_1_local_copies,own_local,job,100,76042,760.42,2000
65,19,resettable_root_pin_1024_borrow_reads,own_shared_pin_local_view,scope,97,44064,454.268041237,2334208
65,20,create_read_destroy,own_local,asset,100000,2354413,23.54413,65000400000
65,21,copy_read_drop,own_shared,copy,100000,1333688,13.33688,2350000
65,22,async_queue_job_1024_local_copies,std_shared,job,100,2496947,24969.47,2406400
65,23,group_setup_then_8_copies,own_local,group,12500,376893,30.15144,2350000
65,24,async_queue_job_1024_local_copies,own_local,job,100,301738,3017.38,2406400
65,25,copy_read_drop,std_shared,copy,100000,1651386,16.51386,2350000
65,26,localize_read_drop,std_shared,group,100000,1485004,14.85004,2350000
65,27,owner_retained_borrow_copy_read,std_raw_borrow,read,100000,30112,0.30112,2350000
65,28,weak_lock_expired,own_shared,lock,100000,68667,0.68667,0
65,29,async_queue_job_64_borrow_reads,std_shared_then_raw_borrow,job,100,79772,797.72,150400
65,30,owner_retained_4096_draw_borrows,own_local_view,frame,24,48167,2006.95833333,41287680
65,31,frame_4096_draws_64_unique_leases,own_shared,frame,24,86326,3596.91666667,41287680
65,32,share_read_drop,own_shared,handoff,100000,1117284,11.17284,2350000
65,33,async_queue_job_1_local_copies,std_shared,job,100,66920,669.2,2000
65,34,owner_retained_4096_parameter_borrows,own_local_view,frame,24,76143,3172.625,41287680
65,35,resource_lifecycle_64_assets_4096_objects,std_shared,cycle,10,520208,52020.8,17203200
65,36,owner_retained_4096_parameter_borrows,std_raw_borrow,frame,24,76704,3196,41287680
65,37,independent_owner_parameter,own_shared,call,100000,1305856,13.05856,2350000
65,38,async_queue_job_64_local_copies,std_shared,job,100,364363,3643.63,150400
65,39,group_setup_then_64_copies,own_local,group,1562,379414,242.90268886,2349248
65,40,weak_lock_live,own_shared,lock,100000,1489163,14.89163,2350000
65,41,create_read_destroy,own_shared,asset,100000,1779524,17.79524,65000400000
65,42,group_setup_then_8_copies,std_shared,group,12500,1871644,149.73152,2350000
65,43,resettable_root_pin_1024_borrow_reads,std_shared_pin_raw_borrow,scope,97,33459,344.93814433,2334208
65,44,async_queue_job_1_borrow_reads,own_shared_then_local_view,job,100,61822,618.22,2000
65,45,owner_retained_borrow_copy_read,own_local_view,read,100000,32213,0.32213,2350000
65,46,group_setup_then_1_copies,own_local,group,100000,2553971,25.53971,2000000
65,47,weak_lock_expired,std_shared,lock,100000,77154,0.77154,0
65,48,owner_retained_borrow_parameter,own_local_view,call,100000,59985,0.59985,2350000
65,49,group_setup_then_1024_copies,own_local,group,97,112194,1156.63917526,2334208
65,50,contended_copy_2_workers,std_shared,copy,200000,12216167,61.080835,4700000
65,51,async_queue_job_1024_borrow_reads,own_shared_then_local_view,job,100,199676,1996.76,2406400
65,52,async_queue_job_64_borrow_reads,own_shared_then_local_view,job,100,47812,478.12,150400
65,53,async_queue_job_1_borrow_reads,std_shared_then_raw_borrow,job,100,36594,365.94,2000
65,54,contended_copy_2_workers,own_shared,copy,200000,5223879,26.119395,4700000
65,55,owner_retained_borrow_parameter,std_raw_borrow,call,100000,61947,0.61947,2350000
66,0,owner_retained_borrow_copy_read,own_local_view,read,100000,33220,0.3322,2350000
66,1,independent_owner_parameter,std_shared,call,100000,1661986,16.61986,2350000
66,2,create_read_destroy,own_shared,asset,100000,1775760,17.7576,65000400000
66,3,contended_copy_2_workers,own_shared,copy,200000,6332800,31.664,4700000
66,4,resettable_root_pin_1024_borrow_reads,std_shared_pin_raw_borrow,scope,97,33206,342.329896907,2334208
66,5,group_setup_then_1024_copies,own_local,group,97,113808,1173.27835052,2334208
66,6,group_setup_then_1_copies,std_shared,group,100000,3410184,34.10184,2000000
66,7,share_read_drop,std_shared,handoff,100000,1517240,15.1724,2350000
66,8,group_setup_then_64_copies,std_shared,group,1562,1664708,1065.75416133,2349248
66,9,contended_copy_2_workers,std_shared,copy,200000,14668725,73.343625,4700000
66,10,async_queue_job_64_borrow_reads,std_shared_then_raw_borrow,job,100,55078,550.78,150400
66,11,owner_retained_borrow_parameter,std_raw_borrow,call,100000,61858,0.61858,2350000
66,12,group_setup_then_8_copies,own_local,group,12500,389807,31.18456,2350000
66,13,async_queue_job_1_borrow_reads,std_shared_then_raw_borrow,job,100,67610,676.1,2000
66,14,async_queue_job_1024_borrow_reads,own_shared_then_local_view,job,100,202369,2023.69,2406400
66,15,owner_retained_4096_draw_borrows,own_local_view,frame,24,48478,2019.91666667,41287680
66,16,owner_retained_borrow_parameter,own_local_view,call,100000,59957,0.59957,2350000
66,17,owner_retained_4096_parameter_borrows,own_local_view,frame,24,76066,3169.41666667,41287680
66,18,localize_read_drop,std_shared,group,100000,1485154,14.85154,2350000
66,19,owner_retained_4096_parameter_borrows,std_raw_borrow,frame,24,90300,3762.5,41287680
66,20,async_queue_job_1_borrow_reads,own_shared_then_local_view,job,100,49791,497.91,2000
66,21,create_read_destroy,own_local,asset,100000,2305361,23.05361,65000400000
66,22,resource_lifecycle_64_assets_4096_objects,own_local,cycle,10,240139,24013.9,17203200
66,23,create_read_destroy,std_shared,asset,100000,1601504,16.01504,65000400000
66,24,async_queue_job_64_local_copies,std_shared,job,100,349828,3498.28,150400
66,25,scene_4096_attachments,std_shared,attachment,98304,941788,9.58036295573,98304
66,26,group_setup_then_64_copies,own_local,group,1562,332897,213.122279129,2349248
66,27,async_queue_job_64_borrow_reads,own_shared_then_local_view,job,100,68370,683.7,150400
66,28,group_setup_then_8_copies,std_shared,group,12500,1883259,150.66072,2350000
66,29,async_queue_job_1024_local_copies,own_local,job,100,324909,3249.09,2406400
66,30,async_queue_job_1_local_copies,own_local,job,100,49244,492.44,2000
66,31,async_queue_job_1024_local_copies,std_shared,job,100,2367527,23675.27,2406400
66,32,async_queue_job_1024_borrow_reads,std_shared_then_raw_borrow,job,100,106011,1060.11,2406400
66,33,copy_read_drop,own_shared,copy,100000,1526703,15.26703,2350000
66,34,scene_4096_attachments,own_local,attachment,98304,134177,1.36491902669,98304
66,35,weak_lock_expired,own_shared,lock,100000,68599,0.68599,0
66,36,frame_4096_draws_64_unique_leases,own_shared,frame,24,84334,3513.91666667,41287680
66,37,async_queue_job_1_local_copies,std_shared,job,100,56418,564.18,2000
66,38,weak_lock_live,own_shared,lock,100000,1489769,14.89769,2350000
66,39,copy_read_drop,own_local,copy,100000,104300,1.043,2350000
66,40,share_read_drop,own_shared,handoff,100000,1133750,11.3375,2350000
66,41,resource_lifecycle_64_assets_4096_objects,std_shared,cycle,10,525901,52590.1,17203200
66,42,group_setup_then_1024_copies,std_shared,group,97,1685632,17377.6494845,2334208
66,43,owner_retained_borrow_copy_read,std_raw_borrow,read,100000,30544,0.30544,2350000
66,44,independent_owner_parameter,own_local,call,100000,114671,1.14671,2350000
66,45,copy_read_drop,std_shared,copy,100000,1649489,16.49489,2350000
66,46,frame_4096_draws_64_unique_leases,std_shared,frame,24,86528,3605.33333333,41287680
66,47,weak_lock_live,std_shared,lock,100000,1686834,16.86834,2350000
66,48,borrow_read,raw_borrow,read,100000,34984,0.34984,2350000
66,49,group_setup_then_1_copies,own_local,group,100000,2483905,24.83905,2000000
66,50,localize_read_drop,own_local,group,100000,1842190,18.4219,2350000
66,51,weak_lock_expired,std_shared,lock,100000,77027,0.77027,0
66,52,independent_owner_parameter,own_shared,call,100000,1298949,12.98949,2350000
66,53,resettable_root_pin_1024_borrow_reads,own_shared_pin_local_view,scope,97,33387,344.195876289,2334208
66,54,async_queue_job_64_local_copies,own_local,job,100,81919,819.19,150400
66,55,owner_retained_4096_draw_borrows,std_raw_borrow,frame,24,60652,2527.16666667,41287680
67,0,async_queue_job_1024_borrow_reads,own_shared_then_local_view,job,100,162695,1626.95,2406400
67,1,resettable_root_pin_1024_borrow_reads,std_shared_pin_raw_borrow,scope,97,31686,326.659793814,2334208
67,2,group_setup_then_1024_copies,own_local,group,97,113525,1170.36082474,2334208
67,3,independent_owner_parameter,own_shared,call,100000,1319726,13.19726,2350000
67,4,borrow_read,raw_borrow,read,100000,35093,0.35093,2350000
67,5,resettable_root_pin_1024_borrow_reads,own_shared_pin_local_view,scope,97,32254,332.515463918,2334208
67,6,independent_owner_parameter,std_shared,call,100000,1659641,16.59641,2350000
67,7,owner_retained_borrow_copy_read,std_raw_borrow,read,100000,30022,0.30022,2350000
67,8,frame_4096_draws_64_unique_leases,own_shared,frame,24,85895,3578.95833333,41287680
67,9,owner_retained_4096_parameter_borrows,own_local_view,frame,24,77306,3221.08333333,41287680
67,10,group_setup_then_8_copies,std_shared,group,12500,1879442,150.35536,2350000
67,11,async_queue_job_1_local_copies,std_shared,job,100,97809,978.09,2000
67,12,owner_retained_4096_draw_borrows,std_raw_borrow,frame,24,47192,1966.33333333,41287680
67,13,localize_read_drop,std_shared,group,100000,1475787,14.75787,2350000
67,14,contended_copy_2_workers,std_shared,copy,200000,10028218,50.14109,4700000
67,15,localize_read_drop,own_local,group,100000,1769322,17.69322,2350000
67,16,async_queue_job_64_borrow_reads,std_shared_then_raw_borrow,job,100,81055,810.55,150400
67,17,frame_4096_draws_64_unique_leases,std_shared,frame,24,97487,4061.95833333,41287680
67,18,owner_retained_borrow_copy_read,own_local_view,read,100000,36045,0.36045,2350000
67,19,group_setup_then_64_copies,std_shared,group,1562,1690068,1081.98975672,2349248
67,20,async_queue_job_64_local_copies,own_local,job,100,158990,1589.9,150400
67,21,resource_lifecycle_64_assets_4096_objects,std_shared,cycle,10,521782,52178.2,17203200
67,22,group_setup_then_1_copies,std_shared,group,100000,3321212,33.21212,2000000
67,23,async_queue_job_64_local_copies,std_shared,job,100,350767,3507.67,150400
67,24,owner_retained_borrow_parameter,own_local_view,call,100000,64274,0.64274,2350000
67,25,resource_lifecycle_64_assets_4096_objects,own_local,cycle,10,221058,22105.8,17203200
67,26,async_queue_job_1_borrow_reads,std_shared_then_raw_borrow,job,100,47461,474.61,2000
67,27,group_setup_then_8_copies,own_local,group,12500,387117,30.96936,2350000
67,28,async_queue_job_1_local_copies,own_local,job,100,54475,544.75,2000
67,29,weak_lock_live,own_shared,lock,100000,1489623,14.89623,2350000
67,30,scene_4096_attachments,std_shared,attachment,98304,972290,9.89064534505,98304
67,31,create_read_destroy,std_shared,asset,100000,1194897,11.94897,65000400000
67,32,owner_retained_4096_parameter_borrows,std_raw_borrow,frame,24,76882,3203.41666667,41287680
67,33,weak_lock_expired,own_shared,lock,100000,68581,0.68581,0
67,34,copy_read_drop,own_shared,copy,100000,1305720,13.0572,2350000
67,35,create_read_destroy,own_local,asset,100000,2295994,22.95994,65000400000
67,36,create_read_destroy,own_shared,asset,100000,1767769,17.67769,65000400000
67,37,group_setup_then_64_copies,own_local,group,1562,341171,218.419334187,2349248
67,38,share_read_drop,own_shared,handoff,100000,1114997,11.14997,2350000
67,39,contended_copy_2_workers,own_shared,copy,200000,7634180,38.1709,4700000
67,40,async_queue_job_1_borrow_reads,own_shared_then_local_view,job,100,44328,443.28,2000
67,41,scene_4096_attachments,own_local,attachment,98304,133386,1.35687255859,98304
67,42,independent_owner_parameter,own_local,call,100000,112563,1.12563,2350000
67,43,owner_retained_borrow_parameter,std_raw_borrow,call,100000,61622,0.61622,2350000
67,44,async_queue_job_1024_local_copies,std_shared,job,100,2624177,26241.77,2406400
67,45,owner_retained_4096_draw_borrows,own_local_view,frame,24,47937,1997.375,41287680
67,46,share_read_drop,std_shared,handoff,100000,1645447,16.45447,2350000
67,47,group_setup_then_1024_copies,std_shared,group,97,1681309,17333.0824742,2334208
67,48,copy_read_drop,own_local,copy,100000,105872,1.05872,2350000
67,49,copy_read_drop,std_shared,copy,100000,1685540,16.8554,2350000
67,50,weak_lock_live,std_shared,lock,100000,1689616,16.89616,2350000
67,51,weak_lock_expired,std_shared,lock,100000,77069,0.77069,0
67,52,async_queue_job_1024_borrow_reads,std_shared_then_raw_borrow,job,100,149053,1490.53,2406400
67,53,async_queue_job_64_borrow_reads,own_shared_then_local_view,job,100,52678,526.78,150400
67,54,group_setup_then_1_copies,own_local,group,100000,2563457,25.63457,2000000
67,55,async_queue_job_1024_local_copies,own_local,job,100,325804,3258.04,2406400
68,0,async_queue_job_1_borrow_reads,own_shared_then_local_view,job,100,37580,375.8,2000
68,1,frame_4096_draws_64_unique_leases,own_shared,frame,24,87195,3633.125,41287680
68,2,independent_owner_parameter,own_shared,call,100000,1299907,12.99907,2350000
68,3,weak_lock_live,std_shared,lock,100000,1688674,16.88674,2350000
68,4,copy_read_drop,std_shared,copy,100000,1669123,16.69123,2350000
68,5,async_queue_job_64_local_copies,std_shared,job,100,340521,3405.21,150400
68,6,async_queue_job_1024_borrow_reads,own_shared_then_local_view,job,100,99242,992.42,2406400
68,7,group_setup_then_1024_copies,std_shared,group,97,1649333,17003.4329897,2334208
68,8,resettable_root_pin_1024_borrow_reads,std_shared_pin_raw_borrow,scope,97,33059,340.81443299,2334208
68,9,weak_lock_live,own_shared,lock,100000,1504262,15.04262,2350000
68,10,copy_read_drop,own_local,copy,100000,104962,1.04962,2350000
68,11,owner_retained_borrow_copy_read,own_local_view,read,100000,32213,0.32213,2350000
68,12,scene_4096_attachments,own_local,attachment,98304,143757,1.46237182617,98304
68,13,async_queue_job_1_borrow_reads,std_shared_then_raw_borrow,job,100,54280,542.8,2000
68,14,async_queue_job_1024_local_copies,std_shared,job,100,2470672,24706.72,2406400
68,15,group_setup_then_1_copies,own_local,group,100000,2556196,25.56196,2000000
68,16,independent_owner_parameter,std_shared,call,100000,1647073,16.47073,2350000
68,17,resource_lifecycle_64_assets_4096_objects,own_local,cycle,10,259204,25920.4,17203200
68,18,share_read_drop,own_shared,handoff,100000,1115225,11.15225,2350000
68,19,owner_retained_borrow_parameter,std_raw_borrow,call,100000,59955,0.59955,2350000
68,20,async_queue_job_64_borrow_reads,own_shared_then_local_view,job,100,53109,531.09,150400
68,21,create_read_destroy,own_shared,asset,100000,1770895,17.70895,65000400000
68,22,group_setup_then_8_copies,std_shared,group,12500,2166641,173.33128,2350000
68,23,contended_copy_2_workers,std_shared,copy,200000,12795112,63.97556,4700000
68,24,localize_read_drop,std_shared,group,100000,1523668,15.23668,2350000
68,25,contended_copy_2_workers,own_shared,copy,200000,7985032,39.92516,4700000
68,26,group_setup_then_1_copies,std_shared,group,100000,3373167,33.73167,2000000
68,27,group_setup_then_8_copies,own_local,group,12500,390394,31.23152,2350000
68,28,async_queue_job_64_borrow_reads,std_shared_then_raw_borrow,job,100,67235,672.35,150400
68,29,share_read_drop,std_shared,handoff,100000,1498246,14.98246,2350000
68,30,owner_retained_4096_parameter_borrows,own_local_view,frame,24,77482,3228.41666667,41287680
68,31,owner_retained_4096_draw_borrows,own_local_view,frame,24,57917,2413.20833333,41287680
68,32,owner_retained_4096_draw_borrows,std_raw_borrow,frame,24,48321,2013.375,41287680
68,33,scene_4096_attachments,std_shared,attachment,98304,924925,9.40882364909,98304
68,34,copy_read_drop,own_shared,copy,100000,1417218,14.17218,2350000
68,35,async_queue_job_64_local_copies,own_local,job,100,72823,728.23,150400
68,36,owner_retained_4096_parameter_borrows,std_raw_borrow,frame,24,76752,3198,41287680
68,37,resource_lifecycle_64_assets_4096_objects,std_shared,cycle,10,540215,54021.5,17203200
68,38,weak_lock_expired,own_shared,lock,100000,68574,0.68574,0
68,39,create_read_destroy,own_local,asset,100000,2306508,23.06508,65000400000
68,40,async_queue_job_1024_borrow_reads,std_shared_then_raw_borrow,job,100,96899,968.99,2406400
68,41,async_queue_job_1_local_copies,own_local,job,100,55625,556.25,2000
68,42,resettable_root_pin_1024_borrow_reads,own_shared_pin_local_view,scope,97,33395,344.278350515,2334208
68,43,group_setup_then_64_copies,own_local,group,1562,213018,136.375160051,2349248
68,44,localize_read_drop,own_local,group,100000,1784102,17.84102,2350000
68,45,owner_retained_borrow_parameter,own_local_view,call,100000,64274,0.64274,2350000
68,46,create_read_destroy,std_shared,asset,100000,1215278,12.15278,65000400000
68,47,owner_retained_borrow_copy_read,std_raw_borrow,read,100000,30068,0.30068,2350000
68,48,group_setup_then_1024_copies,own_local,group,97,130510,1345.46391753,2334208
68,49,frame_4096_draws_64_unique_leases,std_shared,frame,24,85950,3581.25,41287680
68,50,weak_lock_expired,std_shared,lock,100000,77064,0.77064,0
68,51,async_queue_job_1_local_copies,std_shared,job,100,83549,835.49,2000
68,52,group_setup_then_64_copies,std_shared,group,1562,1691684,1083.02432778,2349248
68,53,borrow_read,raw_borrow,read,100000,35066,0.35066,2350000
68,54,independent_owner_parameter,own_local,call,100000,115625,1.15625,2350000
68,55,async_queue_job_1024_local_copies,own_local,job,100,352519,3525.19,2406400
69,0,owner_retained_borrow_parameter,std_raw_borrow,call,100000,59950,0.5995,2350000
69,1,share_read_drop,std_shared,handoff,100000,1848595,18.48595,2350000
69,2,resource_lifecycle_64_assets_4096_objects,own_local,cycle,10,226811,22681.1,17203200
69,3,group_setup_then_1_copies,own_local,group,100000,2572417,25.72417,2000000
69,4,async_queue_job_1024_borrow_reads,std_shared_then_raw_borrow,job,100,127575,1275.75,2406400
69,5,resettable_root_pin_1024_borrow_reads,std_shared_pin_raw_borrow,scope,97,33321,343.515463918,2334208
69,6,async_queue_job_1024_local_copies,std_shared,job,100,2516735,25167.35,2406400
69,7,resettable_root_pin_1024_borrow_reads,own_shared_pin_local_view,scope,97,44661,460.422680412,2334208
69,8,async_queue_job_64_borrow_reads,std_shared_then_raw_borrow,job,100,61487,614.87,150400
69,9,localize_read_drop,std_shared,group,100000,1463943,14.63943,2350000
69,10,async_queue_job_1024_local_copies,own_local,job,100,308497,3084.97,2406400
69,11,async_queue_job_64_local_copies,std_shared,job,100,341400,3414,150400
69,12,create_read_destroy,std_shared,asset,100000,1161035,11.61035,65000400000
69,13,share_read_drop,own_shared,handoff,100000,1148249,11.48249,2350000
69,14,weak_lock_live,own_shared,lock,100000,1489300,14.893,2350000
69,15,group_setup_then_1024_copies,std_shared,group,97,1641899,16926.7938144,2334208
69,16,weak_lock_expired,std_shared,lock,100000,77118,0.77118,0
69,17,weak_lock_live,std_shared,lock,100000,1693832,16.93832,2350000
69,18,independent_owner_parameter,own_shared,call,100000,1335299,13.35299,2350000
69,19,async_queue_job_1_borrow_reads,own_shared_then_local_view,job,100,66266,662.66,2000
69,20,owner_retained_borrow_parameter,own_local_view,call,100000,64267,0.64267,2350000
69,21,frame_4096_draws_64_unique_leases,own_shared,frame,24,103975,4332.29166667,41287680
69,22,group_setup_then_8_copies,std_shared,group,12500,1872189,149.77512,2350000
69,23,weak_lock_expired,own_shared,lock,100000,68611,0.68611,0
69,24,async_queue_job_1_local_copies,own_local,job,100,65012,650.12,2000
69,25,owner_retained_4096_draw_borrows,own_local_view,frame,24,48840,2035,41287680
69,26,group_setup_then_1024_copies,own_local,group,97,114672,1182.18556701,2334208
69,27,create_read_destroy,own_local,asset,100000,2290290,22.9029,65000400000
69,28,group_setup_then_8_copies,own_local,group,12500,400175,32.014,2350000
69,29,scene_4096_attachments,own_local,attachment,98304,156400,1.59098307292,98304
69,30,group_setup_then_64_copies,own_local,group,1562,203119,130.037772087,2349248
69,31,owner_retained_4096_parameter_borrows,own_local_view,frame,24,78349,3264.54166667,41287680
69,32,resource_lifecycle_64_assets_4096_objects,std_shared,cycle,10,505124,50512.4,17203200
69,33,owner_retained_4096_parameter_borrows,std_raw_borrow,frame,24,81024,3376,41287680
69,34,scene_4096_attachments,std_shared,attachment,98304,941332,9.57572428385,98304
69,35,borrow_read,raw_borrow,read,100000,35143,0.35143,2350000
69,36,async_queue_job_1_borrow_reads,std_shared_then_raw_borrow,job,100,59523,595.23,2000
69,37,copy_read_drop,std_shared,copy,100000,1679124,16.79124,2350000
69,38,independent_owner_parameter,own_local,call,100000,115528,1.15528,2350000
69,39,create_read_destroy,own_shared,asset,100000,1813943,18.13943,65000400000
69,40,owner_retained_borrow_copy_read,own_local_view,read,100000,31493,0.31493,2350000
69,41,async_queue_job_64_borrow_reads,own_shared_then_local_view,job,100,68446,684.46,150400
69,42,owner_retained_4096_draw_borrows,std_raw_borrow,frame,24,47396,1974.83333333,41287680
69,43,frame_4096_draws_64_unique_leases,std_shared,frame,24,85088,3545.33333333,41287680
69,44,async_queue_job_1_local_copies,std_shared,job,100,65929,659.29,2000
69,45,async_queue_job_1024_borrow_reads,own_shared_then_local_view,job,100,140167,1401.67,2406400
69,46,copy_read_drop,own_shared,copy,100000,1304708,13.04708,2350000
69,47,contended_copy_2_workers,own_shared,copy,200000,6237934,31.18967,4700000
69,48,contended_copy_2_workers,std_shared,copy,200000,6044987,30.224935,4700000
69,49,group_setup_then_64_copies,std_shared,group,1562,1772445,1134.72791293,2349248
69,50,localize_read_drop,own_local,group,100000,1868605,18.68605,2350000
69,51,independent_owner_parameter,std_shared,call,100000,1766940,17.6694,2350000
69,52,owner_retained_borrow_copy_read,std_raw_borrow,read,100000,30095,0.30095,2350000
69,53,async_queue_job_64_local_copies,own_local,job,100,81679,816.79,150400
69,54,copy_read_drop,own_local,copy,100000,113194,1.13194,2350000
69,55,group_setup_then_1_copies,std_shared,group,100000,3487736,34.87736,2000000
70,0,group_setup_then_64_copies,std_shared,group,1562,1732831,1109.36683739,2349248
70,1,async_queue_job_64_local_copies,std_shared,job,100,313270,3132.7,150400
70,2,group_setup_then_1_copies,own_local,group,100000,2752767,27.52767,2000000
70,3,weak_lock_live,own_shared,lock,100000,1554543,15.54543,2350000
70,4,async_queue_job_64_local_copies,own_local,job,100,100398,1003.98,150400
70,5,owner_retained_borrow_copy_read,std_raw_borrow,read,100000,30277,0.30277,2350000
70,6,owner_retained_4096_parameter_borrows,std_raw_borrow,frame,24,83603,3483.45833333,41287680
70,7,owner_retained_4096_draw_borrows,std_raw_borrow,frame,24,50583,2107.625,41287680
70,8,frame_4096_draws_64_unique_leases,own_shared,frame,24,88486,3686.91666667,41287680
70,9,owner_retained_borrow_copy_read,own_local_view,read,100000,35005,0.35005,2350000
70,10,async_queue_job_1024_borrow_reads,std_shared_then_raw_borrow,job,100,95691,956.91,2406400
70,11,owner_retained_4096_parameter_borrows,own_local_view,frame,24,106171,4423.79166667,41287680
70,12,async_queue_job_1_borrow_reads,own_shared_then_local_view,job,100,39068,390.68,2000
70,13,independent_owner_parameter,own_local,call,100000,133144,1.33144,2350000
70,14,scene_4096_attachments,own_local,attachment,98304,147469,1.50013224284,98304
70,15,resettable_root_pin_1024_borrow_reads,own_shared_pin_local_view,scope,97,33460,344.948453608,2334208
70,16,async_queue_job_1024_local_copies,own_local,job,100,383799,3837.99,2406400
70,17,async_queue_job_64_borrow_reads,std_shared_then_raw_borrow,job,100,63717,637.17,150400
70,18,independent_owner_parameter,std_shared,call,100000,1699845,16.99845,2350000
70,19,create_read_destroy,own_local,asset,100000,5247901,52.47901,65000400000
70,20,localize_read_drop,own_local,group,100000,1883785,18.83785,2350000
70,21,create_read_destroy,std_shared,asset,100000,1249365,12.49365,65000400000
70,22,resource_lifecycle_64_assets_4096_objects,std_shared,cycle,10,552069,55206.9,17203200
70,23,create_read_destroy,own_shared,asset,100000,1924542,19.24542,65000400000
70,24,weak_lock_live,std_shared,lock,100000,1744231,17.44231,2350000
70,25,owner_retained_4096_draw_borrows,own_local_view,frame,24,52500,2187.5,41287680
70,26,share_read_drop,own_shared,handoff,100000,1208257,12.08257,2350000
70,27,resource_lifecycle_64_assets_4096_objects,own_local,cycle,10,228317,22831.7,17203200
70,28,async_queue_job_1_borrow_reads,std_shared_then_raw_borrow,job,100,62884,628.84,2000
70,29,group_setup_then_64_copies,own_local,group,1562,355534,227.614596671,2349248
70,30,async_queue_job_64_borrow_reads,own_shared_then_local_view,job,100,79967,799.67,150400
70,31,group_setup_then_8_copies,std_shared,group,12500,1947793,155.82344,2350000
70,32,group_setup_then_1_copies,std_shared,group,100000,3479652,34.79652,2000000
70,33,contended_copy_2_workers,std_shared,copy,200000,14046946,70.23473,4700000
70,34,frame_4096_draws_64_unique_leases,std_shared,frame,24,87411,3642.125,41287680
70,35,group_setup_then_8_copies,own_local,group,12500,416150,33.292,2350000
70,36,async_queue_job_1024_local_copies,std_shared,job,100,2894109,28941.09,2406400
70,37,copy_read_drop,own_shared,copy,100000,1370582,13.70582,2350000
70,38,weak_lock_expired,std_shared,lock,100000,88500,0.885,0
70,39,group_setup_then_1024_copies,own_local,group,97,125113,1289.82474227,2334208
70,40,resettable_root_pin_1024_borrow_reads,std_shared_pin_raw_borrow,scope,97,36693,378.278350515,2334208
70,41,group_setup_then_1024_copies,std_shared,group,97,1725411,17787.742268,2334208
70,42,borrow_read,raw_borrow,read,100000,35127,0.35127,2350000
70,43,scene_4096_attachments,std_shared,attachment,98304,1042725,10.6071472168,98304
70,44,independent_owner_parameter,own_shared,call,100000,1380484,13.80484,2350000
70,45,owner_retained_borrow_parameter,std_raw_borrow,call,100000,61681,0.61681,2350000
70,46,contended_copy_2_workers,own_shared,copy,200000,7977269,39.886345,4700000
70,47,owner_retained_borrow_parameter,own_local_view,call,100000,69107,0.69107,2350000
70,48,async_queue_job_1_local_copies,std_shared,job,100,72851,728.51,2000
70,49,localize_read_drop,std_shared,group,100000,1560800,15.608,2350000
70,50,weak_lock_expired,own_shared,lock,100000,91557,0.91557,0
70,51,copy_read_drop,std_shared,copy,100000,1701354,17.01354,2350000
70,52,copy_read_drop,own_local,copy,100000,106333,1.06333,2350000
70,53,share_read_drop,std_shared,handoff,100000,1540506,15.40506,2350000
70,54,async_queue_job_1_local_copies,own_local,job,100,91253,912.53,2000
70,55,async_queue_job_1024_borrow_reads,own_shared_then_local_view,job,100,220890,2208.9,2406400
71,0,borrow_read,raw_borrow,read,100000,39551,0.39551,2350000
71,1,group_setup_then_1024_copies,own_local,group,97,125887,1297.80412371,2334208
71,2,independent_owner_parameter,std_shared,call,100000,1755423,17.55423,2350000
71,3,async_queue_job_64_borrow_reads,std_shared_then_raw_borrow,job,100,77863,778.63,150400
71,4,independent_owner_parameter,own_shared,call,100000,1315814,13.15814,2350000
71,5,owner_retained_4096_draw_borrows,own_local_view,frame,24,48255,2010.625,41287680
71,6,owner_retained_borrow_parameter,own_local_view,call,100000,72428,0.72428,2350000
71,7,scene_4096_attachments,own_local,attachment,98304,148669,1.51233927409,98304
71,8,owner_retained_4096_parameter_borrows,std_raw_borrow,frame,24,85069,3544.54166667,41287680
71,9,async_queue_job_1024_borrow_reads,std_shared_then_raw_borrow,job,100,122936,1229.36,2406400
71,10,group_setup_then_8_copies,std_shared,group,12500,1983951,158.71608,2350000
71,11,localize_read_drop,std_shared,group,100000,1558093,15.58093,2350000
71,12,resettable_root_pin_1024_borrow_reads,own_shared_pin_local_view,scope,97,36547,376.773195876,2334208
71,13,async_queue_job_64_local_copies,own_local,job,100,109721,1097.21,150400
71,14,async_queue_job_64_local_copies,std_shared,job,100,273865,2738.65,150400
71,15,frame_4096_draws_64_unique_leases,own_shared,frame,24,86077,3586.54166667,41287680
71,16,owner_retained_4096_parameter_borrows,own_local_view,frame,24,86316,3596.5,41287680
71,17,group_setup_then_1024_copies,std_shared,group,97,1750433,18045.7010309,2334208
71,18,async_queue_job_1_borrow_reads,std_shared_then_raw_borrow,job,100,57150,571.5,2000
71,19,owner_retained_borrow_parameter,std_raw_borrow,call,100000,66731,0.66731,2350000
71,20,group_setup_then_1_copies,own_local,group,100000,2677534,26.77534,2000000
71,21,contended_copy_2_workers,std_shared,copy,200000,14566859,72.834295,4700000
71,22,owner_retained_borrow_copy_read,own_local_view,read,100000,32231,0.32231,2350000
71,23,localize_read_drop,own_local,group,100000,1790036,17.90036,2350000
71,24,group_setup_then_64_copies,own_local,group,1562,344488,220.542893726,2349248
71,25,resource_lifecycle_64_assets_4096_objects,own_local,cycle,10,336418,33641.8,17203200
71,26,weak_lock_expired,own_shared,lock,100000,79240,0.7924,0
71,27,async_queue_job_1024_local_copies,std_shared,job,100,2920039,29200.39,2406400
71,28,weak_lock_live,own_shared,lock,100000,1548973,15.48973,2350000
71,29,resettable_root_pin_1024_borrow_reads,std_shared_pin_raw_borrow,scope,97,38149,393.288659794,2334208
71,30,group_setup_then_8_copies,own_local,group,12500,428186,34.25488,2350000
71,31,independent_owner_parameter,own_local,call,100000,119369,1.19369,2350000
71,32,group_setup_then_64_copies,std_shared,group,1562,1740896,1114.53008963,2349248
71,33,frame_4096_draws_64_unique_leases,std_shared,frame,24,86605,3608.54166667,41287680
71,34,async_queue_job_1_local_copies,std_shared,job,100,75970,759.7,2000
71,35,owner_retained_borrow_copy_read,std_raw_borrow,read,100000,30051,0.30051,2350000
71,36,create_read_destroy,own_shared,asset,100000,1765297,17.65297,65000400000
71,37,async_queue_job_1_borrow_reads,own_shared_then_local_view,job,100,57661,576.61,2000
71,38,copy_read_drop,own_local,copy,100000,104399,1.04399,2350000
71,39,weak_lock_expired,std_shared,lock,100000,77132,0.77132,0
71,40,resource_lifecycle_64_assets_4096_objects,std_shared,cycle,10,504030,50403,17203200
71,41,create_read_destroy,own_local,asset,100000,2485688,24.85688,65000400000
71,42,async_queue_job_1024_local_copies,own_local,job,100,344834,3448.34,2406400
71,43,create_read_destroy,std_shared,asset,100000,1262836,12.62836,65000400000
71,44,group_setup_then_1_copies,std_shared,group,100000,3477855,34.77855,2000000
71,45,share_read_drop,own_shared,handoff,100000,1279797,12.79797,2350000
71,46,async_queue_job_1024_borrow_reads,own_shared_then_local_view,job,100,172559,1725.59,2406400
71,47,async_queue_job_64_borrow_reads,own_shared_then_local_view,job,100,76751,767.51,150400
71,48,share_read_drop,std_shared,handoff,100000,1510388,15.10388,2350000
71,49,contended_copy_2_workers,own_shared,copy,200000,7901229,39.506145,4700000
71,50,copy_read_drop,own_shared,copy,100000,1368200,13.682,2350000
71,51,async_queue_job_1_local_copies,own_local,job,100,65866,658.66,2000
71,52,scene_4096_attachments,std_shared,attachment,98304,1009969,10.2739359538,98304
71,53,weak_lock_live,std_shared,lock,100000,1797146,17.97146,2350000
71,54,owner_retained_4096_draw_borrows,std_raw_borrow,frame,24,48280,2011.66666667,41287680
71,55,copy_read_drop,std_shared,copy,100000,1709765,17.09765,2350000
72,0,async_queue_job_64_borrow_reads,std_shared_then_raw_borrow,job,100,51772,517.72,150400
72,1,resettable_root_pin_1024_borrow_reads,std_shared_pin_raw_borrow,scope,97,33428,344.618556701,2334208
72,2,owner_retained_4096_draw_borrows,own_local_view,frame,24,52562,2190.08333333,41287680
72,3,async_queue_job_1_borrow_reads,own_shared_then_local_view,job,100,56290,562.9,2000
72,4,localize_read_drop,std_shared,group,100000,1552352,15.52352,2350000
72,5,independent_owner_parameter,own_shared,call,100000,1311424,13.11424,2350000
72,6,async_queue_job_1_local_copies,own_local,job,100,80550,805.5,2000
72,7,async_queue_job_64_local_copies,own_local,job,100,71858,718.58,150400
72,8,group_setup_then_1024_copies,own_local,group,97,129715,1337.26804124,2334208
72,9,owner_retained_borrow_parameter,own_local_view,call,100000,64588,0.64588,2350000
72,10,group_setup_then_1_copies,own_local,group,100000,2715499,27.15499,2000000
72,11,async_queue_job_1024_local_copies,std_shared,job,100,2489701,24897.01,2406400
72,12,localize_read_drop,own_local,group,100000,1835926,18.35926,2350000
72,13,contended_copy_2_workers,std_shared,copy,200000,10904674,54.52337,4700000
72,14,group_setup_then_1_copies,std_shared,group,100000,3637861,36.37861,2000000
72,15,weak_lock_expired,own_shared,lock,100000,68709,0.68709,0
72,16,scene_4096_attachments,own_local,attachment,98304,148090,1.50644938151,98304
72,17,copy_read_drop,std_shared,copy,100000,1668074,16.68074,2350000
72,18,group_setup_then_8_copies,std_shared,group,12500,1967699,157.41592,2350000
72,19,weak_lock_live,std_shared,lock,100000,1741743,17.41743,2350000
72,20,independent_owner_parameter,own_local,call,100000,115580,1.1558,2350000
72,21,contended_copy_2_workers,own_shared,copy,200000,6702382,33.51191,4700000
72,22,borrow_read,raw_borrow,read,100000,49355,0.49355,2350000
72,23,weak_lock_live,own_shared,lock,100000,1517726,15.17726,2350000
72,24,weak_lock_expired,std_shared,lock,100000,77136,0.77136,0
72,25,async_queue_job_1_local_copies,std_shared,job,100,58649,586.49,2000
72,26,owner_retained_borrow_copy_read,own_local_view,read,100000,30057,0.30057,2350000
72,27,async_queue_job_1024_local_copies,own_local,job,100,357545,3575.45,2406400
72,28,group_setup_then_1024_copies,std_shared,group,97,1698717,17512.5463918,2334208
72,29,resource_lifecycle_64_assets_4096_objects,own_local,cycle,10,308188,30818.8,17203200
72,30,share_read_drop,std_shared,handoff,100000,1631292,16.31292,2350000
72,31,owner_retained_4096_draw_borrows,std_raw_borrow,frame,24,48437,2018.20833333,41287680
72,32,group_setup_then_64_copies,std_shared,group,1562,1790458,1146.25992318,2349248
72,33,owner_retained_4096_parameter_borrows,std_raw_borrow,frame,24,86052,3585.5,41287680
72,34,create_read_destroy,own_shared,asset,100000,1966058,19.66058,65000400000
72,35,resource_lifecycle_64_assets_4096_objects,std_shared,cycle,10,615951,61595.1,17203200
72,36,async_queue_job_1024_borrow_reads,own_shared_then_local_view,job,100,147293,1472.93,2406400
72,37,owner_retained_borrow_parameter,std_raw_borrow,call,100000,64069,0.64069,2350000
72,38,copy_read_drop,own_local,copy,100000,112794,1.12794,2350000
72,39,async_queue_job_1_borrow_reads,std_shared_then_raw_borrow,job,100,39721,397.21,2000
72,40,scene_4096_attachments,std_shared,attachment,98304,1017134,10.3468221029,98304
72,41,independent_owner_parameter,std_shared,call,100000,1756193,17.56193,2350000
72,42,async_queue_job_64_borrow_reads,own_shared_then_local_view,job,100,58675,586.75,150400
72,43,resettable_root_pin_1024_borrow_reads,own_shared_pin_local_view,scope,97,36319,374.422680412,2334208
72,44,async_queue_job_1024_borrow_reads,std_shared_then_raw_borrow,job,100,187911,1879.11,2406400
72,45,copy_read_drop,own_shared,copy,100000,1340626,13.40626,2350000
72,46,frame_4096_draws_64_unique_leases,std_shared,frame,24,100074,4169.75,41287680
72,47,share_read_drop,own_shared,handoff,100000,1171220,11.7122,2350000
72,48,create_read_destroy,std_shared,asset,100000,1231881,12.31881,65000400000
72,49,frame_4096_draws_64_unique_leases,own_shared,frame,24,97371,4057.125,41287680
72,50,owner_retained_borrow_copy_read,std_raw_borrow,read,100000,33412,0.33412,2350000
72,51,group_setup_then_8_copies,own_local,group,12500,403675,32.294,2350000
72,52,owner_retained_4096_parameter_borrows,own_local_view,frame,24,99567,4148.625,41287680
72,53,group_setup_then_64_copies,own_local,group,1562,264444,169.298335467,2349248
72,54,create_read_destroy,own_local,asset,100000,2565003,25.65003,65000400000
72,55,async_queue_job_64_local_copies,std_shared,job,100,367332,3673.32,150400
73,0,resource_lifecycle_64_assets_4096_objects,own_local,cycle,10,236099,23609.9,17203200
73,1,async_queue_job_1024_local_copies,own_local,job,100,375319,3753.19,2406400
73,2,async_queue_job_64_borrow_reads,own_shared_then_local_view,job,100,71037,710.37,150400
73,3,group_setup_then_8_copies,own_local,group,12500,421223,33.69784,2350000
73,4,scene_4096_attachments,std_shared,attachment,98304,1006290,10.2365112305,98304
73,5,owner_retained_borrow_parameter,std_raw_borrow,call,100000,63354,0.63354,2350000
73,6,async_queue_job_64_local_copies,std_shared,job,100,288554,2885.54,150400
73,7,owner_retained_borrow_parameter,own_local_view,call,100000,66724,0.66724,2350000
73,8,create_read_destroy,std_shared,asset,100000,1264964,12.64964,65000400000
73,9,owner_retained_4096_parameter_borrows,own_local_view,frame,24,76171,3173.79166667,41287680
73,10,contended_copy_2_workers,std_shared,copy,200000,14702049,73.510245,4700000
73,11,group_setup_then_1024_copies,own_local,group,97,129350,1333.50515464,2334208
73,12,contended_copy_2_workers,own_shared,copy,200000,7464591,37.322955,4700000
73,13,group_setup_then_1024_copies,std_shared,group,97,1675270,17270.8247423,2334208
73,14,async_queue_job_1_borrow_reads,std_shared_then_raw_borrow,job,100,64000,640,2000
73,15,independent_owner_parameter,std_shared,call,100000,1928310,19.2831,2350000
73,16,independent_owner_parameter,own_local,call,100000,122506,1.22506,2350000
73,17,async_queue_job_1024_borrow_reads,std_shared_then_raw_borrow,job,100,112792,1127.92,2406400
73,18,async_queue_job_64_borrow_reads,std_shared_then_raw_borrow,job,100,78035,780.35,150400
73,19,frame_4096_draws_64_unique_leases,std_shared,frame,24,85488,3562,41287680
73,20,group_setup_then_64_copies,own_local,group,1562,444514,284.580025608,2349248
73,21,resettable_root_pin_1024_borrow_reads,std_shared_pin_raw_borrow,scope,97,33449,344.835051546,2334208
73,22,async_queue_job_1024_borrow_reads,own_shared_then_local_view,job,100,116442,1164.42,2406400
73,23,owner_retained_4096_draw_borrows,std_raw_borrow,frame,24,47807,1991.95833333,41287680
73,24,group_setup_then_1_copies,std_shared,group,100000,3378130,33.7813,2000000
73,25,localize_read_drop,own_local,group,100000,1851222,18.51222,2350000
73,26,weak_lock_expired,std_shared,lock,100000,81253,0.81253,0
73,27,share_read_drop,own_shared,handoff,100000,1163930,11.6393,2350000
73,28,weak_lock_live,std_shared,lock,100000,1810440,18.1044,2350000
73,29,localize_read_drop,std_shared,group,100000,1594546,15.94546,2350000
73,30,weak_lock_live,own_shared,lock,100000,1703506,17.03506,2350000
73,31,weak_lock_expired,own_shared,lock,100000,74975,0.74975,0
73,32,resettable_root_pin_1024_borrow_reads,own_shared_pin_local_view,scope,97,33284,343.134020619,2334208
73,33,borrow_read,raw_borrow,read,100000,55032,0.55032,2350000
73,34,async_queue_job_1_local_copies,std_shared,job,100,79097,790.97,2000
73,35,resource_lifecycle_64_assets_4096_objects,std_shared,cycle,10,547475,54747.5,17203200
73,36,create_read_destroy,own_local,asset,100000,2519298,25.19298,65000400000
73,37,async_queue_job_1_local_copies,own_local,job,100,68897,688.97,2000
73,38,group_setup_then_8_copies,std_shared,group,12500,2010545,160.8436,2350000
73,39,scene_4096_attachments,own_local,attachment,98304,139516,1.41923014323,98304
73,40,async_queue_job_1024_local_copies,std_shared,job,100,2633375,26333.75,2406400
73,41,owner_retained_borrow_copy_read,std_raw_borrow,read,100000,33932,0.33932,2350000
73,42,create_read_destroy,own_shared,asset,100000,2011031,20.11031,65000400000
73,43,copy_read_drop,own_local,copy,100000,119700,1.197,2350000
73,44,frame_4096_draws_64_unique_leases,own_shared,frame,24,91598,3816.58333333,41287680
73,45,group_setup_then_64_copies,std_shared,group,1562,1863965,1193.31946223,2349248
73,46,async_queue_job_1_borrow_reads,own_shared_then_local_view,job,100,66487,664.87,2000
73,47,group_setup_then_1_copies,own_local,group,100000,2782520,27.8252,2000000
73,48,owner_retained_4096_draw_borrows,own_local_view,frame,24,51880,2161.66666667,41287680
73,49,owner_retained_4096_parameter_borrows,std_raw_borrow,frame,24,83675,3486.45833333,41287680
73,50,independent_owner_parameter,own_shared,call,100000,1374658,13.74658,2350000
73,51,share_read_drop,std_shared,handoff,100000,1595374,15.95374,2350000
73,52,async_queue_job_64_local_copies,own_local,job,100,76180,761.8,150400
73,53,copy_read_drop,std_shared,copy,100000,1697752,16.97752,2350000
73,54,copy_read_drop,own_shared,copy,100000,1400350,14.0035,2350000
73,55,owner_retained_borrow_copy_read,own_local_view,read,100000,34811,0.34811,2350000
74,0,borrow_read,raw_borrow,read,100000,39191,0.39191,2350000
74,1,weak_lock_live,std_shared,lock,100000,1768130,17.6813,2350000
74,2,create_read_destroy,own_shared,asset,100000,1870545,18.70545,65000400000
74,3,independent_owner_parameter,own_local,call,100000,119502,1.19502,2350000
74,4,resource_lifecycle_64_assets_4096_objects,own_local,cycle,10,228450,22845,17203200
74,5,async_queue_job_64_borrow_reads,std_shared_then_raw_borrow,job,100,68090,680.9,150400
74,6,async_queue_job_64_borrow_reads,own_shared_then_local_view,job,100,77327,773.27,150400
74,7,weak_lock_expired,own_shared,lock,100000,72481,0.72481,0
74,8,resettable_root_pin_1024_borrow_reads,own_shared_pin_local_view,scope,97,33617,346.567010309,2334208
74,9,group_setup_then_64_copies,own_local,group,1562,157020,100.52496799,2349248
74,10,group_setup_then_1_copies,std_shared,group,100000,3566139,35.66139,2000000
74,11,async_queue_job_1_borrow_reads,std_shared_then_raw_borrow,job,100,40239,402.39,2000
74,12,group_setup_then_1024_copies,std_shared,group,97,1717390,17705.0515464,2334208
74,13,frame_4096_draws_64_unique_leases,own_shared,frame,24,97363,4056.79166667,41287680
74,14,copy_read_drop,own_shared,copy,100000,1343171,13.43171,2350000
74,15,resource_lifecycle_64_assets_4096_objects,std_shared,cycle,10,571274,57127.4,17203200
74,16,localize_read_drop,own_local,group,100000,2056570,20.5657,2350000
74,17,owner_retained_4096_draw_borrows,own_local_view,frame,24,51676,2153.16666667,41287680
74,18,async_queue_job_64_local_copies,own_local,job,100,100185,1001.85,150400
74,19,localize_read_drop,std_shared,group,100000,1542633,15.42633,2350000
74,20,create_read_destroy,own_local,asset,100000,2494444,24.94444,65000400000
74,21,independent_owner_parameter,std_shared,call,100000,1765073,17.65073,2350000
74,22,async_queue_job_64_local_copies,std_shared,job,100,323737,3237.37,150400
74,23,async_queue_job_1024_borrow_reads,own_shared_then_local_view,job,100,165750,1657.5,2406400
74,24,contended_copy_2_workers,own_shared,copy,200000,8099547,40.497735,4700000
74,25,owner_retained_4096_parameter_borrows,own_local_view,frame,24,78953,3289.70833333,41287680
74,26,async_queue_job_1024_borrow_reads,std_shared_then_raw_borrow,job,100,143932,1439.32,2406400
74,27,owner_retained_4096_draw_borrows,std_raw_borrow,frame,24,51915,2163.125,41287680
74,28,copy_read_drop,std_shared,copy,100000,1745117,17.45117,2350000
74,29,scene_4096_attachments,std_shared,attachment,98304,996350,10.1353963216,98304
74,30,owner_retained_borrow_parameter,std_raw_borrow,call,100000,67390,0.6739,2350000
74,31,async_queue_job_1024_local_copies,std_shared,job,100,2626206,26262.06,2406400
74,32,async_queue_job_1024_local_copies,own_local,job,100,371591,3715.91,2406400
74,33,owner_retained_borrow_copy_read,own_local_view,read,100000,33432,0.33432,2350000
74,34,async_queue_job_1_borrow_reads,own_shared_then_local_view,job,100,74661,746.61,2000
74,35,async_queue_job_1_local_copies,std_shared,job,100,64985,649.85,2000
74,36,scene_4096_attachments,own_local,attachment,98304,141760,1.44205729167,98304
74,37,frame_4096_draws_64_unique_leases,std_shared,frame,24,88233,3676.375,41287680
74,38,group_setup_then_1_copies,own_local,group,100000,2690884,26.90884,2000000
74,39,async_queue_job_1_local_copies,own_local,job,100,62787,627.87,2000
74,40,owner_retained_borrow_copy_read,std_raw_borrow,read,100000,30053,0.30053,2350000
74,41,copy_read_drop,own_local,copy,100000,117272,1.17272,2350000
74,42,group_setup_then_1024_copies,own_local,group,97,128029,1319.88659794,2334208
74,43,group_setup_then_8_copies,own_local,group,12500,397416,31.79328,2350000
74,44,owner_retained_4096_parameter_borrows,std_raw_borrow,frame,24,76216,3175.66666667,41287680
74,45,weak_lock_live,own_shared,lock,100000,1568595,15.68595,2350000
74,46,contended_copy_2_workers,std_shared,copy,200000,16295230,81.47615,4700000
74,47,create_read_destroy,std_shared,asset,100000,1370660,13.7066,65000400000
74,48,weak_lock_expired,std_shared,lock,100000,83829,0.83829,0
74,49,resettable_root_pin_1024_borrow_reads,std_shared_pin_raw_borrow,scope,97,35208,362.969072165,2334208
74,50,owner_retained_borrow_parameter,own_local_view,call,100000,67489,0.67489,2350000
74,51,share_read_drop,own_shared,handoff,100000,1185713,11.85713,2350000
74,52,share_read_drop,std_shared,handoff,100000,1586918,15.86918,2350000
74,53,independent_owner_parameter,own_shared,call,100000,1378504,13.78504,2350000
74,54,group_setup_then_8_copies,std_shared,group,12500,1923141,153.85128,2350000
74,55,group_setup_then_64_copies,std_shared,group,1562,1714889,1097.88028169,2349248
75,0,independent_owner_parameter,own_local,call,100000,115844,1.15844,2350000
75,1,async_queue_job_1_local_copies,own_local,job,100,74150,741.5,2000
75,2,owner_retained_4096_parameter_borrows,std_raw_borrow,frame,24,81482,3395.08333333,41287680
75,3,weak_lock_expired,std_shared,lock,100000,77070,0.7707,0
75,4,scene_4096_attachments,std_shared,attachment,98304,1037259,10.5515441895,98304
75,5,async_queue_job_64_borrow_reads,own_shared_then_local_view,job,100,67906,679.06,150400
75,6,frame_4096_draws_64_unique_leases,own_shared,frame,24,95617,3984.04166667,41287680
75,7,copy_read_drop,std_shared,copy,100000,1771749,17.71749,2350000
75,8,async_queue_job_1_local_copies,std_shared,job,100,55369,553.69,2000
75,9,async_queue_job_1_borrow_reads,own_shared_then_local_view,job,100,53214,532.14,2000
75,10,async_queue_job_1024_local_copies,std_shared,job,100,2427793,24277.93,2406400
75,11,resettable_root_pin_1024_borrow_reads,own_shared_pin_local_view,scope,97,62759,647,2334208
75,12,owner_retained_borrow_parameter,own_local_view,call,100000,67193,0.67193,2350000
75,13,owner_retained_4096_draw_borrows,std_raw_borrow,frame,24,52425,2184.375,41287680
75,14,independent_owner_parameter,own_shared,call,100000,1331652,13.31652,2350000
75,15,weak_lock_live,std_shared,lock,100000,1938143,19.38143,2350000
75,16,weak_lock_expired,own_shared,lock,100000,68577,0.68577,0
75,17,owner_retained_borrow_copy_read,std_raw_borrow,read,100000,30068,0.30068,2350000
75,18,resource_lifecycle_64_assets_4096_objects,own_local,cycle,10,238239,23823.9,17203200
75,19,group_setup_then_64_copies,own_local,group,1562,379894,243.209987196,2349248
75,20,group_setup_then_1_copies,own_local,group,100000,2526168,25.26168,2000000
75,21,async_queue_job_1024_borrow_reads,std_shared_then_raw_borrow,job,100,139427,1394.27,2406400
75,22,contended_copy_2_workers,std_shared,copy,200000,10868988,54.34494,4700000
75,23,owner_retained_4096_draw_borrows,own_local_view,frame,24,52692,2195.5,41287680
75,24,contended_copy_2_workers,own_shared,copy,200000,9580714,47.90357,4700000
75,25,independent_owner_parameter,std_shared,call,100000,1729928,17.29928,2350000
75,26,scene_4096_attachments,own_local,attachment,98304,145757,1.48271687826,98304
75,27,async_queue_job_1_borrow_reads,std_shared_then_raw_borrow,job,100,64071,640.71,2000
75,28,share_read_drop,std_shared,handoff,100000,1546230,15.4623,2350000
75,29,owner_retained_borrow_copy_read,own_local_view,read,100000,32226,0.32226,2350000
75,30,async_queue_job_64_borrow_reads,std_shared_then_raw_borrow,job,100,75414,754.14,150400
75,31,async_queue_job_64_local_copies,std_shared,job,100,325939,3259.39,150400
75,32,group_setup_then_1024_copies,std_shared,group,97,1722267,17755.3298969,2334208
75,33,resource_lifecycle_64_assets_4096_objects,std_shared,cycle,10,544079,54407.9,17203200
75,34,async_queue_job_1024_borrow_reads,own_shared_then_local_view,job,100,199299,1992.99,2406400
75,35,weak_lock_live,own_shared,lock,100000,1633669,16.33669,2350000
75,36,owner_retained_4096_parameter_borrows,own_local_view,frame,24,81867,3411.125,41287680
75,37,copy_read_drop,own_shared,copy,100000,1372284,13.72284,2350000
75,38,group_setup_then_8_copies,own_local,group,12500,430844,34.46752,2350000
75,39,create_read_destroy,own_local,asset,100000,2442002,24.42002,65000400000
75,40,async_queue_job_1024_local_copies,own_local,job,100,395983,3959.83,2406400
75,41,async_queue_job_64_local_copies,own_local,job,100,144113,1441.13,150400
75,42,frame_4096_draws_64_unique_leases,std_shared,frame,24,87445,3643.54166667,41287680
75,43,share_read_drop,own_shared,handoff,100000,1184385,11.84385,2350000
75,44,group_setup_then_8_copies,std_shared,group,12500,1993893,159.51144,2350000
75,45,create_read_destroy,own_shared,asset,100000,1858683,18.58683,65000400000
75,46,copy_read_drop,own_local,copy,100000,114183,1.14183,2350000
75,47,borrow_read,raw_borrow,read,100000,38891,0.38891,2350000
75,48,create_read_destroy,std_shared,asset,100000,1209235,12.09235,65000400000
75,49,localize_read_drop,std_shared,group,100000,3924371,39.24371,2350000
75,50,group_setup_then_1_copies,std_shared,group,100000,6356280,63.5628,2000000
75,51,group_setup_then_64_copies,std_shared,group,1562,1768445,1132.16709347,2349248
75,52,resettable_root_pin_1024_borrow_reads,std_shared_pin_raw_borrow,scope,97,33591,346.298969072,2334208
75,53,localize_read_drop,own_local,group,100000,3841137,38.41137,2350000
75,54,owner_retained_borrow_parameter,std_raw_borrow,call,100000,64383,0.64383,2350000
75,55,group_setup_then_1024_copies,own_local,group,97,2145874,22122.4123711,2334208
76,0,async_queue_job_64_local_copies,std_shared,job,100,271922,2719.22,150400
76,1,share_read_drop,std_shared,handoff,100000,1968834,19.68834,2350000
76,2,weak_lock_expired,std_shared,lock,100000,120975,1.20975,0
76,3,localize_read_drop,own_local,group,100000,5700997,57.00997,2350000
76,4,resettable_root_pin_1024_borrow_reads,own_shared_pin_local_view,scope,97,32342,333.422680412,2334208
76,5,weak_lock_live,std_shared,lock,100000,3452654,34.52654,2350000
76,6,create_read_destroy,std_shared,asset,100000,1217107,12.17107,65000400000
76,7,group_setup_then_1_copies,std_shared,group,100000,3336813,33.36813,2000000
76,8,group_setup_then_8_copies,std_shared,group,12500,1923156,153.85248,2350000
76,9,resource_lifecycle_64_assets_4096_objects,std_shared,cycle,10,505574,50557.4,17203200
76,10,scene_4096_attachments,std_shared,attachment,98304,937943,9.5412495931,98304
76,11,independent_owner_parameter,own_local,call,100000,115975,1.15975,2350000
76,12,frame_4096_draws_64_unique_leases,std_shared,frame,24,98563,4106.79166667,41287680
76,13,independent_owner_parameter,own_shared,call,100000,1329457,13.29457,2350000
76,14,async_queue_job_1024_local_copies,own_local,job,100,346453,3464.53,2406400
76,15,independent_owner_parameter,std_shared,call,100000,1665393,16.65393,2350000
76,16,owner_retained_borrow_copy_read,own_local_view,read,100000,38214,0.38214,2350000
76,17,share_read_drop,own_shared,handoff,100000,1135121,11.35121,2350000
76,18,weak_lock_live,own_shared,lock,100000,1494628,14.94628,2350000
76,19,owner_retained_4096_parameter_borrows,std_raw_borrow,frame,24,78054,3252.25,41287680
76,20,contended_copy_2_workers,std_shared,copy,200000,15010911,75.054555,4700000
76,21,weak_lock_expired,own_shared,lock,100000,81055,0.81055,0
76,22,async_queue_job_64_local_copies,own_local,job,100,87750,877.5,150400
76,23,contended_copy_2_workers,own_shared,copy,200000,9516954,47.58477,4700000
76,24,group_setup_then_8_copies,own_local,group,12500,425414,34.03312,2350000
76,25,group_setup_then_1024_copies,own_local,group,97,125615,1295,2334208
76,26,owner_retained_borrow_parameter,std_raw_borrow,call,100000,66878,0.66878,2350000
76,27,group_setup_then_1_copies,own_local,group,100000,2677042,26.77042,2000000
76,28,copy_read_drop,own_shared,copy,100000,1365653,13.65653,2350000
76,29,async_queue_job_64_borrow_reads,std_shared_then_raw_borrow,job,100,60447,604.47,150400
76,30,async_queue_job_1_local_copies,std_shared,job,100,77368,773.68,2000
76,31,owner_retained_4096_draw_borrows,own_local_view,frame,24,48894,2037.25,41287680
76,32,async_queue_job_1_borrow_reads,own_shared_then_local_view,job,100,64300,643,2000
76,33,create_read_destroy,own_local,asset,100000,2576669,25.76669,65000400000
76,34,async_queue_job_64_borrow_reads,own_shared_then_local_view,job,100,64239,642.39,150400
76,35,async_queue_job_1024_borrow_reads,std_shared_then_raw_borrow,job,100,226303,2263.03,2406400
76,36,owner_retained_4096_parameter_borrows,own_local_view,frame,24,84057,3502.375,41287680
76,37,group_setup_then_1024_copies,std_shared,group,97,1712950,17659.2783505,2334208
76,38,async_queue_job_1024_borrow_reads,own_shared_then_local_view,job,100,130812,1308.12,2406400
76,39,copy_read_drop,std_shared,copy,100000,1724052,17.24052,2350000
76,40,create_read_destroy,own_shared,asset,100000,1801101,18.01101,65000400000
76,41,owner_retained_borrow_copy_read,std_raw_borrow,read,100000,30130,0.3013,2350000
76,42,borrow_read,raw_borrow,read,100000,35072,0.35072,2350000
76,43,copy_read_drop,own_local,copy,100000,119151,1.19151,2350000
76,44,resource_lifecycle_64_assets_4096_objects,own_local,cycle,10,229782,22978.2,17203200
76,45,async_queue_job_1_local_copies,own_local,job,100,61931,619.31,2000
76,46,resettable_root_pin_1024_borrow_reads,std_shared_pin_raw_borrow,scope,97,33323,343.536082474,2334208
76,47,group_setup_then_64_copies,own_local,group,1562,358716,229.651728553,2349248
76,48,async_queue_job_1_borrow_reads,std_shared_then_raw_borrow,job,100,93739,937.39,2000
76,49,localize_read_drop,std_shared,group,100000,1472304,14.72304,2350000
76,50,frame_4096_draws_64_unique_leases,own_shared,frame,24,89670,3736.25,41287680
76,51,group_setup_then_64_copies,std_shared,group,1562,1677596,1074.00512164,2349248
76,52,scene_4096_attachments,own_local,attachment,98304,132016,1.34293619792,98304
76,53,owner_retained_4096_draw_borrows,std_raw_borrow,frame,24,49698,2070.75,41287680
76,54,async_queue_job_1024_local_copies,std_shared,job,100,2609294,26092.94,2406400
76,55,owner_retained_borrow_parameter,own_local_view,call,100000,72219,0.72219,2350000
77,0,resource_lifecycle_64_assets_4096_objects,std_shared,cycle,10,504010,50401,17203200
77,1,async_queue_job_1024_borrow_reads,std_shared_then_raw_borrow,job,100,130039,1300.39,2406400
77,2,localize_read_drop,std_shared,group,100000,1555937,15.55937,2350000
77,3,owner_retained_4096_draw_borrows,own_local_view,frame,24,48005,2000.20833333,41287680
77,4,share_read_drop,std_shared,handoff,100000,1535254,15.35254,2350000
77,5,async_queue_job_1024_local_copies,own_local,job,100,413296,4132.96,2406400
77,6,resettable_root_pin_1024_borrow_reads,std_shared_pin_raw_borrow,scope,97,33413,344.463917526,2334208
77,7,owner_retained_4096_draw_borrows,std_raw_borrow,frame,24,48168,2007,41287680
77,8,group_setup_then_64_copies,std_shared,group,1562,1713290,1096.85659411,2349248
77,9,create_read_destroy,std_shared,asset,100000,1216808,12.16808,65000400000
77,10,weak_lock_expired,own_shared,lock,100000,74195,0.74195,0
77,11,contended_copy_2_workers,own_shared,copy,200000,8015191,40.075955,4700000
77,12,borrow_read,raw_borrow,read,100000,34957,0.34957,2350000
77,13,async_queue_job_1_local_copies,std_shared,job,100,68715,687.15,2000
77,14,create_read_destroy,own_local,asset,100000,2313546,23.13546,65000400000
77,15,group_setup_then_64_copies,own_local,group,1562,360474,230.777208707,2349248
77,16,async_queue_job_64_borrow_reads,std_shared_then_raw_borrow,job,100,75766,757.66,150400
77,17,owner_retained_borrow_copy_read,own_local_view,read,100000,30100,0.301,2350000
77,18,owner_retained_borrow_parameter,own_local_view,call,100000,59915,0.59915,2350000
77,19,owner_retained_4096_parameter_borrows,own_local_view,frame,24,76447,3185.29166667,41287680
77,20,independent_owner_parameter,std_shared,call,100000,1677980,16.7798,2350000
77,21,async_queue_job_64_local_copies,own_local,job,100,177199,1771.99,150400
77,22,async_queue_job_1_borrow_reads,std_shared_then_raw_borrow,job,100,55114,551.14,2000
77,23,owner_retained_4096_parameter_borrows,std_raw_borrow,frame,24,76633,3193.04166667,41287680
77,24,group_setup_then_1024_copies,std_shared,group,97,1730860,17843.9175258,2334208
77,25,scene_4096_attachments,std_shared,attachment,98304,983263,10.0022684733,98304
77,26,weak_lock_expired,std_shared,lock,100000,80862,0.80862,0
77,27,async_queue_job_64_local_copies,std_shared,job,100,352085,3520.85,150400
77,28,copy_read_drop,own_shared,copy,100000,1333641,13.33641,2350000
77,29,independent_owner_parameter,own_shared,call,100000,1395765,13.95765,2350000
77,30,localize_read_drop,own_local,group,100000,1790229,17.90229,2350000
77,31,copy_read_drop,std_shared,copy,100000,1670655,16.70655,2350000
77,32,frame_4096_draws_64_unique_leases,own_shared,frame,24,112680,4695,41287680
77,33,weak_lock_live,own_shared,lock,100000,1545402,15.45402,2350000
77,34,copy_read_drop,own_local,copy,100000,112232,1.12232,2350000
77,35,create_read_destroy,own_shared,asset,100000,1813512,18.13512,65000400000
77,36,group_setup_then_8_copies,own_local,group,12500,367425,29.394,2350000
77,37,weak_lock_live,std_shared,lock,100000,1688160,16.8816,2350000
77,38,owner_retained_borrow_parameter,std_raw_borrow,call,100000,61692,0.61692,2350000
77,39,resource_lifecycle_64_assets_4096_objects,own_local,cycle,10,233637,23363.7,17203200
77,40,group_setup_then_8_copies,std_shared,group,12500,1881760,150.5408,2350000
77,41,share_read_drop,own_shared,handoff,100000,1175089,11.75089,2350000
77,42,owner_retained_borrow_copy_read,std_raw_borrow,read,100000,33132,0.33132,2350000
77,43,group_setup_then_1024_copies,own_local,group,97,121639,1254.01030928,2334208
77,44,independent_owner_parameter,own_local,call,100000,138814,1.38814,2350000
77,45,resettable_root_pin_1024_borrow_reads,own_shared_pin_local_view,scope,97,33336,343.670103093,2334208
77,46,scene_4096_attachments,own_local,attachment,98304,151414,1.54026285807,98304
77,47,async_queue_job_1024_borrow_reads,own_shared_then_local_view,job,100,125582,1255.82,2406400
77,48,async_queue_job_1_borrow_reads,own_shared_then_local_view,job,100,62500,625,2000
77,49,group_setup_then_1_copies,std_shared,group,100000,3387524,33.87524,2000000
77,50,group_setup_then_1_copies,own_local,group,100000,2601632,26.01632,2000000
77,51,frame_4096_draws_64_unique_leases,std_shared,frame,24,85472,3561.33333333,41287680
77,52,async_queue_job_1_local_copies,own_local,job,100,71768,717.68,2000
77,53,async_queue_job_64_borrow_reads,own_shared_then_local_view,job,100,74781,747.81,150400
77,54,contended_copy_2_workers,std_shared,copy,200000,16110693,80.553465,4700000
77,55,async_queue_job_1024_local_copies,std_shared,job,100,2647940,26479.4,2406400
78,0,group_setup_then_8_copies,own_local,group,12500,417259,33.38072,2350000
78,1,create_read_destroy,own_shared,asset,100000,1847751,18.47751,65000400000
78,2,owner_retained_borrow_copy_read,std_raw_borrow,read,100000,30641,0.30641,2350000
78,3,async_queue_job_1024_borrow_reads,own_shared_then_local_view,job,100,173158,1731.58,2406400
78,4,scene_4096_attachments,own_local,attachment,98304,149168,1.51741536458,98304
78,5,owner_retained_borrow_parameter,std_raw_borrow,call,100000,62940,0.6294,2350000
78,6,create_read_destroy,own_local,asset,100000,2325480,23.2548,65000400000
78,7,frame_4096_draws_64_unique_leases,std_shared,frame,24,92257,3844.04166667,41287680
78,8,create_read_destroy,std_shared,asset,100000,1250016,12.50016,65000400000
78,9,copy_read_drop,own_local,copy,100000,106048,1.06048,2350000
78,10,owner_retained_borrow_parameter,own_local_view,call,100000,85244,0.85244,2350000
78,11,owner_retained_borrow_copy_read,own_local_view,read,100000,34325,0.34325,2350000
78,12,group_setup_then_64_copies,std_shared,group,1562,1700961,1088.96350832,2349248
78,13,copy_read_drop,std_shared,copy,100000,1717491,17.17491,2350000
78,14,localize_read_drop,own_local,group,100000,1855599,18.55599,2350000
78,15,async_queue_job_1024_local_copies,own_local,job,100,360430,3604.3,2406400
78,16,contended_copy_2_workers,own_shared,copy,200000,11107096,55.53548,4700000
78,17,async_queue_job_1_local_copies,own_local,job,100,67195,671.95,2000
78,18,localize_read_drop,std_shared,group,100000,1517270,15.1727,2350000
78,19,resettable_root_pin_1024_borrow_reads,own_shared_pin_local_view,scope,97,37000,381.443298969,2334208
78,20,group_setup_then_64_copies,own_local,group,1562,355195,227.397567222,2349248
78,21,independent_owner_parameter,std_shared,call,100000,1666307,16.66307,2350000
78,22,group_setup_then_8_copies,std_shared,group,12500,1900886,152.07088,2350000
78,23,share_read_drop,std_shared,handoff,100000,1659678,16.59678,2350000
78,24,async_queue_job_64_borrow_reads,own_shared_then_local_view,job,100,67329,673.29,150400
78,25,weak_lock_live,own_shared,lock,100000,1508761,15.08761,2350000
78,26,scene_4096_attachments,std_shared,attachment,98304,962226,9.78826904297,98304
78,27,async_queue_job_1_borrow_reads,std_shared_then_raw_borrow,job,100,49311,493.11,2000
78,28,owner_retained_4096_parameter_borrows,own_local_view,frame,24,76863,3202.625,41287680
78,29,resource_lifecycle_64_assets_4096_objects,std_shared,cycle,10,556980,55698,17203200
78,30,group_setup_then_1_copies,own_local,group,100000,2499995,24.99995,2000000
78,31,owner_retained_4096_parameter_borrows,std_raw_borrow,frame,24,76936,3205.66666667,41287680
78,32,borrow_read,raw_borrow,read,100000,35062,0.35062,2350000
78,33,copy_read_drop,own_shared,copy,100000,1325140,13.2514,2350000
78,34,async_queue_job_64_local_copies,own_local,job,100,74635,746.35,150400
78,35,share_read_drop,own_shared,handoff,100000,1186960,11.8696,2350000
78,36,async_queue_job_64_local_copies,std_shared,job,100,281333,2813.33,150400
78,37,async_queue_job_64_borrow_reads,std_shared_then_raw_borrow,job,100,58966,589.66,150400
78,38,independent_owner_parameter,own_local,call,100000,122469,1.22469,2350000
78,39,weak_lock_expired,own_shared,lock,100000,90636,0.90636,0
78,40,independent_owner_parameter,own_shared,call,100000,1427050,14.2705,2350000
78,41,async_queue_job_1_borrow_reads,own_shared_then_local_view,job,100,43209,432.09,2000
78,42,weak_lock_expired,std_shared,lock,100000,83403,0.83403,0
78,43,contended_copy_2_workers,std_shared,copy,200000,14841882,74.20941,4700000
78,44,weak_lock_live,std_shared,lock,100000,1764517,17.64517,2350000
78,45,resettable_root_pin_1024_borrow_reads,std_shared_pin_raw_borrow,scope,97,33467,345.020618557,2334208
78,46,group_setup_then_1_copies,std_shared,group,100000,3414700,34.147,2000000
78,47,async_queue_job_1024_local_copies,std_shared,job,100,2609587,26095.87,2406400
78,48,group_setup_then_1024_copies,std_shared,group,97,1656852,17080.9484536,2334208
78,49,async_queue_job_1024_borrow_reads,std_shared_then_raw_borrow,job,100,171453,1714.53,2406400
78,50,resource_lifecycle_64_assets_4096_objects,own_local,cycle,10,233728,23372.8,17203200
78,51,async_queue_job_1_local_copies,std_shared,job,100,88165,881.65,2000
78,52,owner_retained_4096_draw_borrows,own_local_view,frame,24,47664,1986,41287680
78,53,frame_4096_draws_64_unique_leases,own_shared,frame,24,87861,3660.875,41287680
78,54,owner_retained_4096_draw_borrows,std_raw_borrow,frame,24,47434,1976.41666667,41287680
78,55,group_setup_then_1024_copies,own_local,group,97,120835,1245.72164948,2334208
79,0,async_queue_job_1_borrow_reads,std_shared_then_raw_borrow,job,100,47227,472.27,2000
79,1,owner_retained_borrow_copy_read,own_local_view,read,100000,34906,0.34906,2350000
79,2,async_queue_job_1_local_copies,own_local,job,100,61048,610.48,2000
79,3,localize_read_drop,std_shared,group,100000,1549063,15.49063,2350000
79,4,async_queue_job_64_local_copies,std_shared,job,100,327329,3273.29,150400
79,5,owner_retained_4096_parameter_borrows,own_local_view,frame,24,79972,3332.16666667,41287680
79,6,localize_read_drop,own_local,group,100000,1823143,18.23143,2350000
79,7,independent_owner_parameter,std_shared,call,100000,1684057,16.84057,2350000
79,8,resource_lifecycle_64_assets_4096_objects,own_local,cycle,10,224128,22412.8,17203200
79,9,owner_retained_4096_draw_borrows,std_raw_borrow,frame,24,47208,1967,41287680
79,10,owner_retained_borrow_parameter,own_local_view,call,100000,59900,0.599,2350000
79,11,group_setup_then_64_copies,std_shared,group,1562,1708806,1093.98591549,2349248
79,12,contended_copy_2_workers,own_shared,copy,200000,9983149,49.915745,4700000
79,13,group_setup_then_8_copies,std_shared,group,12500,1901301,152.10408,2350000
79,14,group_setup_then_1024_copies,std_shared,group,97,1666819,17183.7010309,2334208
79,15,borrow_read,raw_borrow,read,100000,34940,0.3494,2350000
79,16,create_read_destroy,own_shared,asset,100000,1872599,18.72599,65000400000
79,17,async_queue_job_1024_local_copies,std_shared,job,100,2525915,25259.15,2406400
79,18,async_queue_job_64_borrow_reads,std_shared_then_raw_borrow,job,100,73817,738.17,150400
79,19,group_setup_then_64_copies,own_local,group,1562,420921,269.475672215,2349248
79,20,create_read_destroy,own_local,asset,100000,2344881,23.44881,65000400000
79,21,frame_4096_draws_64_unique_leases,own_shared,frame,24,87164,3631.83333333,41287680
79,22,group_setup_then_1024_copies,own_local,group,97,112469,1159.4742268,2334208
79,23,async_queue_job_1_borrow_reads,own_shared_then_local_view,job,100,70601,706.01,2000
79,24,resettable_root_pin_1024_borrow_reads,own_shared_pin_local_view,scope,97,33524,345.608247423,2334208
79,25,resource_lifecycle_64_assets_4096_objects,std_shared,cycle,10,518347,51834.7,17203200
79,26,group_setup_then_1_copies,own_local,group,100000,2504455,25.04455,2000000
79,27,frame_4096_draws_64_unique_leases,std_shared,frame,24,86018,3584.08333333,41287680
79,28,async_queue_job_1024_borrow_reads,std_shared_then_raw_borrow,job,100,154942,1549.42,2406400
79,29,async_queue_job_1024_borrow_reads,own_shared_then_local_view,job,100,134070,1340.7,2406400
79,30,resettable_root_pin_1024_borrow_reads,std_shared_pin_raw_borrow,scope,97,33330,343.608247423,2334208
79,31,owner_retained_4096_draw_borrows,own_local_view,frame,24,47611,1983.79166667,41287680
79,32,group_setup_then_8_copies,own_local,group,12500,458632,36.69056,2350000
79,33,group_setup_then_1_copies,std_shared,group,100000,3358333,33.58333,2000000
79,34,scene_4096_attachments,own_local,attachment,98304,153288,1.55932617188,98304
79,35,create_read_destroy,std_shared,asset,100000,1206471,12.06471,65000400000
79,36,independent_owner_parameter,own_shared,call,100000,1326419,13.26419,2350000
79,37,owner_retained_borrow_parameter,std_raw_borrow,call,100000,64214,0.64214,2350000
79,38,share_read_drop,std_shared,handoff,100000,1511280,15.1128,2350000
79,39,scene_4096_attachments,std_shared,attachment,98304,945681,9.61996459961,98304
79,40,async_queue_job_64_borrow_reads,own_shared_then_local_view,job,100,66404,664.04,150400
79,41,async_queue_job_64_local_copies,own_local,job,100,113924,1139.24,150400
79,42,owner_retained_4096_parameter_borrows,std_raw_borrow,frame,24,76398,3183.25,41287680
79,43,weak_lock_expired,std_shared,lock,100000,77332,0.77332,0
79,44,independent_owner_parameter,own_local,call,100000,115255,1.15255,2350000
79,45,async_queue_job_1_local_copies,std_shared,job,100,61929,619.29,2000
79,46,contended_copy_2_workers,std_shared,copy,200000,16577983,82.889915,4700000
79,47,share_read_drop,own_shared,handoff,100000,1137086,11.37086,2350000
79,48,owner_retained_borrow_copy_read,std_raw_borrow,read,100000,30325,0.30325,2350000
79,49,weak_lock_expired,own_shared,lock,100000,68613,0.68613,0
79,50,weak_lock_live,own_shared,lock,100000,1507592,15.07592,2350000
79,51,weak_lock_live,std_shared,lock,100000,1662868,16.62868,2350000
79,52,async_queue_job_1024_local_copies,own_local,job,100,411451,4114.51,2406400
79,53,copy_read_drop,own_local,copy,100000,106077,1.06077,2350000
79,54,copy_read_drop,own_shared,copy,100000,1311413,13.11413,2350000
79,55,copy_read_drop,std_shared,copy,100000,1644866,16.44866,2350000
80,0,async_queue_job_64_borrow_reads,own_shared_then_local_view,job,100,67492,674.92,150400
80,1,frame_4096_draws_64_unique_leases,own_shared,frame,24,86401,3600.04166667,41287680
80,2,localize_read_drop,std_shared,group,100000,1474110,14.7411,2350000
80,3,async_queue_job_64_local_copies,own_local,job,100,75728,757.28,150400
80,4,resource_lifecycle_64_assets_4096_objects,own_local,cycle,10,245583,24558.3,17203200
80,5,group_setup_then_1024_copies,own_local,group,97,122807,1266.05154639,2334208
80,6,async_queue_job_1_borrow_reads,own_shared_then_local_view,job,100,46026,460.26,2000
80,7,owner_retained_4096_parameter_borrows,std_raw_borrow,frame,24,76053,3168.875,41287680
80,8,group_setup_then_64_copies,own_local,group,1562,319733,204.694622279,2349248
80,9,owner_retained_borrow_copy_read,own_local_view,read,100000,32247,0.32247,2350000
80,10,scene_4096_attachments,std_shared,attachment,98304,952963,9.69404093424,98304
80,11,group_setup_then_1024_copies,std_shared,group,97,1689314,17415.6082474,2334208
80,12,weak_lock_live,own_shared,lock,100000,1516981,15.16981,2350000
80,13,scene_4096_attachments,own_local,attachment,98304,143944,1.46427408854,98304
80,14,independent_owner_parameter,own_local,call,100000,114843,1.14843,2350000
80,15,owner_retained_borrow_copy_read,std_raw_borrow,read,100000,30010,0.3001,2350000
80,16,copy_read_drop,own_local,copy,100000,104831,1.04831,2350000
80,17,group_setup_then_64_copies,std_shared,group,1562,1717880,1099.79513444,2349248
80,18,group_setup_then_1_copies,own_local,group,100000,2499728,24.99728,2000000
80,19,borrow_read,raw_borrow,read,100000,35070,0.3507,2350000
80,20,weak_lock_live,std_shared,lock,100000,1824174,18.24174,2350000
80,21,create_read_destroy,own_shared,asset,100000,1774838,17.74838,65000400000
80,22,localize_read_drop,own_local,group,100000,1787990,17.8799,2350000
80,23,create_read_destroy,std_shared,asset,100000,1190902,11.90902,65000400000
80,24,group_setup_then_8_copies,std_shared,group,12500,1844864,147.58912,2350000
80,25,owner_retained_borrow_parameter,own_local_view,call,100000,76241,0.76241,2350000
80,26,async_queue_job_1024_local_copies,own_local,job,100,289778,2897.78,2406400
80,27,async_queue_job_1024_borrow_reads,std_shared_then_raw_borrow,job,100,113566,1135.66,2406400
80,28,share_read_drop,own_shared,handoff,100000,1130770,11.3077,2350000
80,29,async_queue_job_1_local_copies,own_local,job,100,82948,829.48,2000
80,30,frame_4096_draws_64_unique_leases,std_shared,frame,24,85270,3552.91666667,41287680
80,31,weak_lock_expired,own_shared,lock,100000,74068,0.74068,0
80,32,group_setup_then_8_copies,own_local,group,12500,398600,31.888,2350000
80,33,create_read_destroy,own_local,asset,100000,2375947,23.75947,65000400000
80,34,independent_owner_parameter,std_shared,call,100000,1676985,16.76985,2350000
80,35,independent_owner_parameter,own_shared,call,100000,1316957,13.16957,2350000
80,36,resettable_root_pin_1024_borrow_reads,std_shared_pin_raw_borrow,scope,97,32543,335.494845361,2334208
80,37,group_setup_then_1_copies,std_shared,group,100000,3358763,33.58763,2000000
80,38,async_queue_job_1024_local_copies,std_shared,job,100,2470203,24702.03,2406400
80,39,resource_lifecycle_64_assets_4096_objects,std_shared,cycle,10,518723,51872.3,17203200
80,40,owner_retained_4096_draw_borrows,own_local_view,frame,24,47847,1993.625,41287680
80,41,owner_retained_4096_parameter_borrows,own_local_view,frame,24,76076,3169.83333333,41287680
80,42,owner_retained_4096_draw_borrows,std_raw_borrow,frame,24,47566,1981.91666667,41287680
80,43,copy_read_drop,std_shared,copy,100000,1624485,16.24485,2350000
80,44,async_queue_job_64_borrow_reads,std_shared_then_raw_borrow,job,100,53170,531.7,150400
80,45,contended_copy_2_workers,own_shared,copy,200000,10009734,50.04867,4700000
80,46,weak_lock_expired,std_shared,lock,100000,106091,1.06091,0
80,47,resettable_root_pin_1024_borrow_reads,own_shared_pin_local_view,scope,97,37237,383.886597938,2334208
80,48,share_read_drop,std_shared,handoff,100000,1686189,16.86189,2350000
80,49,contended_copy_2_workers,std_shared,copy,200000,17740432,88.70216,4700000
80,50,async_queue_job_1024_borrow_reads,own_shared_then_local_view,job,100,181896,1818.96,2406400
80,51,copy_read_drop,own_shared,copy,100000,1416269,14.16269,2350000
80,52,owner_retained_borrow_parameter,std_raw_borrow,call,100000,61829,0.61829,2350000
80,53,async_queue_job_64_local_copies,std_shared,job,100,326336,3263.36,150400
80,54,async_queue_job_1_local_copies,std_shared,job,100,58327,583.27,2000
80,55,async_queue_job_1_borrow_reads,std_shared_then_raw_borrow,job,100,76276,762.76,2000
81,0,group_setup_then_8_copies,own_local,group,12500,401656,32.13248,2350000
81,1,copy_read_drop,own_shared,copy,100000,1373460,13.7346,2350000
81,2,async_queue_job_1024_borrow_reads,own_shared_then_local_view,job,100,317880,3178.8,2406400
81,3,async_queue_job_1_borrow_reads,own_shared_then_local_view,job,100,237838,2378.38,2000
81,4,async_queue_job_64_borrow_reads,own_shared_then_local_view,job,100,100096,1000.96,150400
81,5,owner_retained_4096_parameter_borrows,std_raw_borrow,frame,24,82488,3437,41287680
81,6,group_setup_then_1024_copies,own_local,group,97,122655,1264.48453608,2334208
81,7,owner_retained_borrow_parameter,std_raw_borrow,call,100000,64830,0.6483,2350000
81,8,scene_4096_attachments,std_shared,attachment,98304,970256,9.86995442708,98304
81,9,contended_copy_2_workers,std_shared,copy,200000,18413796,92.06898,4700000
81,10,create_read_destroy,std_shared,asset,100000,1185295,11.85295,65000400000
81,11,create_read_destroy,own_local,asset,100000,2383340,23.8334,65000400000
81,12,scene_4096_attachments,own_local,attachment,98304,136794,1.39154052734,98304
81,13,share_read_drop,std_shared,handoff,100000,1480313,14.80313,2350000
81,14,group_setup_then_1024_copies,std_shared,group,97,1624133,16743.6391753,2334208
81,15,create_read_destroy,own_shared,asset,100000,1807733,18.07733,65000400000
81,16,async_queue_job_64_borrow_reads,std_shared_then_raw_borrow,job,100,58037,580.37,150400
81,17,resource_lifecycle_64_assets_4096_objects,own_local,cycle,10,230139,23013.9,17203200
81,18,async_queue_job_64_local_copies,std_shared,job,100,309678,3096.78,150400
81,19,contended_copy_2_workers,own_shared,copy,200000,11205345,56.026725,4700000
81,20,group_setup_then_8_copies,std_shared,group,12500,2034563,162.76504,2350000
81,21,independent_owner_parameter,std_shared,call,100000,1687544,16.87544,2350000
81,22,resettable_root_pin_1024_borrow_reads,own_shared_pin_local_view,scope,97,45938,473.587628866,2334208
81,23,group_setup_then_1_copies,own_local,group,100000,2538496,25.38496,2000000
81,24,async_queue_job_1_borrow_reads,std_shared_then_raw_borrow,job,100,76331,763.31,2000
81,25,localize_read_drop,own_local,group,100000,1830224,18.30224,2350000
81,26,frame_4096_draws_64_unique_leases,own_shared,frame,24,87559,3648.29166667,41287680
81,27,async_queue_job_1024_local_copies,std_shared,job,100,2473232,24732.32,2406400
81,28,resource_lifecycle_64_assets_4096_objects,std_shared,cycle,10,509337,50933.7,17203200
81,29,weak_lock_live,own_shared,lock,100000,1587630,15.8763,2350000
81,30,owner_retained_4096_draw_borrows,std_raw_borrow,frame,24,49267,2052.79166667,41287680
81,31,weak_lock_expired,own_shared,lock,100000,70719,0.70719,0
81,32,owner_retained_4096_parameter_borrows,own_local_view,frame,24,77918,3246.58333333,41287680
81,33,localize_read_drop,std_shared,group,100000,1502255,15.02255,2350000
81,34,frame_4096_draws_64_unique_leases,std_shared,frame,24,87338,3639.08333333,41287680
81,35,async_queue_job_1024_borrow_reads,std_shared_then_raw_borrow,job,100,185580,1855.8,2406400
81,36,weak_lock_live,std_shared,lock,100000,1701922,17.01922,2350000
81,37,owner_retained_borrow_copy_read,std_raw_borrow,read,100000,33545,0.33545,2350000
81,38,group_setup_then_64_copies,own_local,group,1562,356427,228.186299616,2349248
81,39,share_read_drop,own_shared,handoff,100000,1300009,13.00009,2350000
81,40,copy_read_drop,std_shared,copy,100000,1689643,16.89643,2350000
81,41,async_queue_job_64_local_copies,own_local,job,100,99958,999.58,150400
81,42,async_queue_job_1_local_copies,std_shared,job,100,76509,765.09,2000
81,43,owner_retained_borrow_copy_read,own_local_view,read,100000,31576,0.31576,2350000
81,44,resettable_root_pin_1024_borrow_reads,std_shared_pin_raw_borrow,scope,97,36420,375.463917526,2334208
81,45,group_setup_then_64_copies,std_shared,group,1562,1698058,1087.1049936,2349248
81,46,owner_retained_borrow_parameter,own_local_view,call,100000,60025,0.60025,2350000
81,47,copy_read_drop,own_local,copy,100000,112241,1.12241,2350000
81,48,independent_owner_parameter,own_shared,call,100000,1365649,13.65649,2350000
81,49,weak_lock_expired,std_shared,lock,100000,80423,0.80423,0
81,50,async_queue_job_1_local_copies,own_local,job,100,108764,1087.64,2000
81,51,borrow_read,raw_borrow,read,100000,35033,0.35033,2350000
81,52,group_setup_then_1_copies,std_shared,group,100000,3346678,33.46678,2000000
81,53,independent_owner_parameter,own_local,call,100000,122568,1.22568,2350000
81,54,async_queue_job_1024_local_copies,own_local,job,100,333620,3336.2,2406400
81,55,owner_retained_4096_draw_borrows,own_local_view,frame,24,52202,2175.08333333,41287680
82,0,group_setup_then_1024_copies,std_shared,group,97,1646653,16975.8041237,2334208
82,1,scene_4096_attachments,std_shared,attachment,98304,961025,9.77605183919,98304
82,2,create_read_destroy,own_shared,asset,100000,1792886,17.92886,65000400000
82,3,copy_read_drop,own_shared,copy,100000,1324421,13.24421,2350000
82,4,async_queue_job_64_local_copies,std_shared,job,100,252452,2524.52,150400
82,5,async_queue_job_1_borrow_reads,own_shared_then_local_view,job,100,65602,656.02,2000
82,6,async_queue_job_64_borrow_reads,own_shared_then_local_view,job,100,68555,685.55,150400
82,7,contended_copy_2_workers,own_shared,copy,200000,11562065,57.810325,4700000
82,8,owner_retained_borrow_copy_read,std_raw_borrow,read,100000,33903,0.33903,2350000
82,9,owner_retained_4096_parameter_borrows,std_raw_borrow,frame,24,85104,3546,41287680
82,10,group_setup_then_8_copies,std_shared,group,12500,1995646,159.65168,2350000
82,11,contended_copy_2_workers,std_shared,copy,200000,12498159,62.490795,4700000
82,12,group_setup_then_8_copies,own_local,group,12500,403104,32.24832,2350000
82,13,async_queue_job_64_local_copies,own_local,job,100,110094,1100.94,150400
82,14,async_queue_job_1024_borrow_reads,std_shared_then_raw_borrow,job,100,153015,1530.15,2406400
82,15,copy_read_drop,own_local,copy,100000,112795,1.12795,2350000
82,16,group_setup_then_1_copies,own_local,group,100000,2646030,26.4603,2000000
82,17,frame_4096_draws_64_unique_leases,std_shared,frame,24,86765,3615.20833333,41287680
82,18,async_queue_job_1024_local_copies,own_local,job,100,561821,5618.21,2406400
82,19,weak_lock_live,own_shared,lock,100000,1532544,15.32544,2350000
82,20,independent_owner_parameter,own_local,call,100000,122498,1.22498,2350000
82,21,weak_lock_expired,own_shared,lock,100000,85946,0.85946,0
82,22,resettable_root_pin_1024_borrow_reads,own_shared_pin_local_view,scope,97,33375,344.072164948,2334208
82,23,group_setup_then_64_copies,std_shared,group,1562,1724544,1104.06145967,2349248
82,24,weak_lock_expired,std_shared,lock,100000,80380,0.8038,0
82,25,create_read_destroy,own_local,asset,100000,2374722,23.74722,65000400000
82,26,weak_lock_live,std_shared,lock,100000,1763845,17.63845,2350000
82,27,borrow_read,raw_borrow,read,100000,35110,0.3511,2350000
82,28,group_setup_then_1024_copies,own_local,group,97,123598,1274.20618557,2334208
82,29,localize_read_drop,std_shared,group,100000,1543488,15.43488,2350000
82,30,owner_retained_4096_parameter_borrows,own_local_view,frame,24,77832,3243,41287680
82,31,independent_owner_parameter,own_shared,call,100000,1387337,13.87337,2350000
82,32,create_read_destroy,std_shared,asset,100000,1200188,12.00188,65000400000
82,33,frame_4096_draws_64_unique_leases,own_shared,frame,24,92731,3863.79166667,41287680
82,34,owner_retained_borrow_parameter,own_local_view,call,100000,63869,0.63869,2350000
82,35,resettable_root_pin_1024_borrow_reads,std_shared_pin_raw_borrow,scope,97,33357,343.886597938,2334208
82,36,async_queue_job_1_local_copies,std_shared,job,100,117061,1170.61,2000
82,37,async_queue_job_1024_local_copies,std_shared,job,100,2490515,24905.15,2406400
82,38,owner_retained_borrow_copy_read,own_local_view,read,100000,35458,0.35458,2350000
82,39,group_setup_then_64_copies,own_local,group,1562,218672,139.994878361,2349248
82,40,async_queue_job_1024_borrow_reads,own_shared_then_local_view,job,100,119791,1197.91,2406400
82,41,copy_read_drop,std_shared,copy,100000,1748879,17.48879,2350000
82,42,async_queue_job_1_borrow_reads,std_shared_then_raw_borrow,job,100,61010,610.1,2000
82,43,group_setup_then_1_copies,std_shared,group,100000,3363850,33.6385,2000000
82,44,localize_read_drop,own_local,group,100000,1819136,18.19136,2350000
82,45,share_read_drop,std_shared,handoff,100000,1546231,15.46231,2350000
82,46,async_queue_job_64_borrow_reads,std_shared_then_raw_borrow,job,100,101535,1015.35,150400
82,47,scene_4096_attachments,own_local,attachment,98304,132125,1.34404500326,98304
82,48,owner_retained_4096_draw_borrows,std_raw_borrow,frame,24,48187,2007.79166667,41287680
82,49,async_queue_job_1_local_copies,own_local,job,100,73346,733.46,2000
82,50,owner_retained_borrow_parameter,std_raw_borrow,call,100000,61684,0.61684,2350000
82,51,independent_owner_parameter,std_shared,call,100000,1671691,16.71691,2350000
82,52,resource_lifecycle_64_assets_4096_objects,std_shared,cycle,10,541697,54169.7,17203200
82,53,owner_retained_4096_draw_borrows,own_local_view,frame,24,47900,1995.83333333,41287680
82,54,resource_lifecycle_64_assets_4096_objects,own_local,cycle,10,234187,23418.7,17203200
82,55,share_read_drop,own_shared,handoff,100000,1131492,11.31492,2350000
83,0,resettable_root_pin_1024_borrow_reads,own_shared_pin_local_view,scope,97,33529,345.659793814,2334208
83,1,owner_retained_4096_draw_borrows,own_local_view,frame,24,47137,1964.04166667,41287680
83,2,independent_owner_parameter,std_shared,call,100000,1654436,16.54436,2350000
83,3,owner_retained_borrow_copy_read,std_raw_borrow,read,100000,43119,0.43119,2350000
83,4,group_setup_then_1024_copies,std_shared,group,97,1657074,17083.2371134,2334208
83,5,copy_read_drop,std_shared,copy,100000,1677840,16.7784,2350000
83,6,weak_lock_live,own_shared,lock,100000,1505675,15.05675,2350000
83,7,create_read_destroy,own_local,asset,100000,2304908,23.04908,65000400000
83,8,independent_owner_parameter,own_local,call,100000,115867,1.15867,2350000
83,9,copy_read_drop,own_shared,copy,100000,1303128,13.03128,2350000
83,10,contended_copy_2_workers,std_shared,copy,200000,18185188,90.92594,4700000
83,11,localize_read_drop,own_local,group,100000,1781900,17.819,2350000
83,12,scene_4096_attachments,std_shared,attachment,98304,958368,9.7490234375,98304
83,13,weak_lock_expired,std_shared,lock,100000,77193,0.77193,0
83,14,async_queue_job_1024_borrow_reads,std_shared_then_raw_borrow,job,100,159467,1594.67,2406400
83,15,frame_4096_draws_64_unique_leases,own_shared,frame,24,85507,3562.79166667,41287680
83,16,borrow_read,raw_borrow,read,100000,35034,0.35034,2350000
83,17,contended_copy_2_workers,own_shared,copy,200000,11699052,58.49526,4700000
83,18,localize_read_drop,std_shared,group,100000,1481310,14.8131,2350000
83,19,group_setup_then_1024_copies,own_local,group,97,115253,1188.17525773,2334208
83,20,group_setup_then_8_copies,own_local,group,12500,391749,31.33992,2350000
83,21,async_queue_job_64_borrow_reads,std_shared_then_raw_borrow,job,100,61125,611.25,150400
83,22,group_setup_then_8_copies,std_shared,group,12500,1872452,149.79616,2350000
83,23,copy_read_drop,own_local,copy,100000,105424,1.05424,2350000
83,24,owner_retained_4096_draw_borrows,std_raw_borrow,frame,24,48788,2032.83333333,41287680
83,25,owner_retained_4096_parameter_borrows,own_local_view,frame,24,77628,3234.5,41287680
83,26,owner_retained_borrow_parameter,std_raw_borrow,call,100000,64422,0.64422,2350000
83,27,async_queue_job_64_local_copies,own_local,job,100,103480,1034.8,150400
83,28,async_queue_job_1_borrow_reads,own_shared_then_local_view,job,100,66146,661.46,2000
83,29,share_read_drop,std_shared,handoff,100000,1595905,15.95905,2350000
83,30,independent_owner_parameter,own_shared,call,100000,1351867,13.51867,2350000
83,31,weak_lock_expired,own_shared,lock,100000,82523,0.82523,0
83,32,owner_retained_4096_parameter_borrows,std_raw_borrow,frame,24,76188,3174.5,41287680
83,33,scene_4096_attachments,own_local,attachment,98304,133993,1.3630472819,98304
83,34,owner_retained_borrow_parameter,own_local_view,call,100000,59927,0.59927,2350000
83,35,group_setup_then_64_copies,own_local,group,1562,214212,137.139564661,2349248
83,36,async_queue_job_64_borrow_reads,own_shared_then_local_view,job,100,64420,644.2,150400
83,37,share_read_drop,own_shared,handoff,100000,1118697,11.18697,2350000
83,38,create_read_destroy,own_shared,asset,100000,1889901,18.89901,65000400000
83,39,resource_lifecycle_64_assets_4096_objects,own_local,cycle,10,280127,28012.7,17203200
83,40,frame_4096_draws_64_unique_leases,std_shared,frame,24,92758,3864.91666667,41287680
83,41,owner_retained_borrow_copy_read,own_local_view,read,100000,34754,0.34754,2350000
83,42,async_queue_job_64_local_copies,std_shared,job,100,318793,3187.93,150400
83,43,async_queue_job_1024_borrow_reads,own_shared_then_local_view,job,100,140359,1403.59,2406400
83,44,async_queue_job_1024_local_copies,own_local,job,100,433536,4335.36,2406400
83,45,create_read_destroy,std_shared,asset,100000,1316783,13.16783,65000400000
83,46,async_queue_job_1_local_copies,std_shared,job,100,93386,933.86,2000
83,47,weak_lock_live,std_shared,lock,100000,1862036,18.62036,2350000
83,48,async_queue_job_1_local_copies,own_local,job,100,84718,847.18,2000
83,49,group_setup_then_64_copies,std_shared,group,1562,1788438,1144.96670935,2349248
83,50,async_queue_job_1_borrow_reads,std_shared_then_raw_borrow,job,100,53040,530.4,2000
83,51,async_queue_job_1024_local_copies,std_shared,job,100,2651075,26510.75,2406400
83,52,resettable_root_pin_1024_borrow_reads,std_shared_pin_raw_borrow,scope,97,36686,378.206185567,2334208
83,53,resource_lifecycle_64_assets_4096_objects,std_shared,cycle,10,540933,54093.3,17203200
83,54,group_setup_then_1_copies,own_local,group,100000,2687280,26.8728,2000000
83,55,group_setup_then_1_copies,std_shared,group,100000,3476407,34.76407,2000000
84,0,async_queue_job_1024_borrow_reads,std_shared_then_raw_borrow,job,100,120828,1208.28,2406400
84,1,resettable_root_pin_1024_borrow_reads,own_shared_pin_local_view,scope,97,39279,404.93814433,2334208
84,2,share_read_drop,std_shared,handoff,100000,1597757,15.97757,2350000
84,3,weak_lock_live,std_shared,lock,100000,1734609,17.34609,2350000
84,4,owner_retained_4096_parameter_borrows,std_raw_borrow,frame,24,83863,3494.29166667,41287680
84,5,contended_copy_2_workers,own_shared,copy,200000,10131384,50.65692,4700000
84,6,resource_lifecycle_64_assets_4096_objects,std_shared,cycle,10,508131,50813.1,17203200
84,7,async_queue_job_1_local_copies,std_shared,job,100,58096,580.96,2000
84,8,weak_lock_expired,own_shared,lock,100000,70825,0.70825,0
84,9,async_queue_job_1024_borrow_reads,own_shared_then_local_view,job,100,139576,1395.76,2406400
84,10,resettable_root_pin_1024_borrow_reads,std_shared_pin_raw_borrow,scope,97,35186,362.742268041,2334208
84,11,weak_lock_live,own_shared,lock,100000,1583492,15.83492,2350000
84,12,async_queue_job_1_borrow_reads,own_shared_then_local_view,job,100,80900,809,2000
84,13,owner_retained_borrow_copy_read,own_local_view,read,100000,32319,0.32319,2350000
84,14,group_setup_then_8_copies,std_shared,group,12500,1953040,156.2432,2350000
84,15,async_queue_job_64_borrow_reads,own_shared_then_local_view,job,100,62053,620.53,150400
84,16,owner_retained_4096_draw_borrows,own_local_view,frame,24,52333,2180.54166667,41287680
84,17,localize_read_drop,std_shared,group,100000,1564757,15.64757,2350000
84,18,resource_lifecycle_64_assets_4096_objects,own_local,cycle,10,240726,24072.6,17203200
84,19,group_setup_then_64_copies,std_shared,group,1562,1798842,1151.62740077,2349248
84,20,async_queue_job_1024_local_copies,own_local,job,100,354913,3549.13,2406400
84,21,async_queue_job_64_borrow_reads,std_shared_then_raw_borrow,job,100,65562,655.62,150400
84,22,independent_owner_parameter,own_shared,call,100000,1428555,14.28555,2350000
84,23,weak_lock_expired,std_shared,lock,100000,80611,0.80611,0
84,24,async_queue_job_1024_local_copies,std_shared,job,100,2582857,25828.57,2406400
84,25,async_queue_job_64_local_copies,own_local,job,100,118994,1189.94,150400
84,26,group_setup_then_64_copies,own_local,group,1562,248876,159.33162612,2349248
84,27,owner_retained_4096_draw_borrows,std_raw_borrow,frame,24,52345,2181.04166667,41287680
84,28,independent_owner_parameter,own_local,call,100000,126899,1.26899,2350000
84,29,async_queue_job_64_local_copies,std_shared,job,100,313522,3135.22,150400
84,30,frame_4096_draws_64_unique_leases,std_shared,frame,24,98120,4088.33333333,41287680
84,31,group_setup_then_1_copies,std_shared,group,100000,3455566,34.55566,2000000
84,32,create_read_destroy,std_shared,asset,100000,1246389,12.46389,65000400000
84,33,owner_retained_borrow_parameter,own_local_view,call,100000,89633,0.89633,2350000
84,34,copy_read_drop,std_shared,copy,100000,1696235,16.96235,2350000
84,35,share_read_drop,own_shared,handoff,100000,1128369,11.28369,2350000
84,36,borrow_read,raw_borrow,read,100000,35087,0.35087,2350000
84,37,copy_read_drop,own_local,copy,100000,103318,1.03318,2350000
84,38,group_setup_then_8_copies,own_local,group,12500,402516,32.20128,2350000
84,39,group_setup_then_1_copies,own_local,group,100000,2632508,26.32508,2000000
84,40,group_setup_then_1024_copies,std_shared,group,97,1651456,17025.3195876,2334208
84,41,async_queue_job_1_local_copies,own_local,job,100,74828,748.28,2000
84,42,contended_copy_2_workers,std_shared,copy,200000,18860987,94.304935,4700000
84,43,frame_4096_draws_64_unique_leases,own_shared,frame,24,90950,3789.58333333,41287680
84,44,localize_read_drop,own_local,group,100000,1939676,19.39676,2350000
84,45,scene_4096_attachments,own_local,attachment,98304,130844,1.3310139974,98304
84,46,create_read_destroy,own_shared,asset,100000,1835815,18.35815,65000400000
84,47,scene_4096_attachments,std_shared,attachment,98304,952538,9.68971761068,98304
84,48,owner_retained_borrow_parameter,std_raw_borrow,call,100000,65233,0.65233,2350000
84,49,owner_retained_4096_parameter_borrows,own_local_view,frame,24,80027,3334.45833333,41287680
84,50,create_read_destroy,own_local,asset,100000,2426388,24.26388,65000400000
84,51,group_setup_then_1024_copies,own_local,group,97,122920,1267.21649485,2334208
84,52,async_queue_job_1_borrow_reads,std_shared_then_raw_borrow,job,100,59335,593.35,2000
84,53,copy_read_drop,own_shared,copy,100000,1352025,13.52025,2350000
84,54,independent_owner_parameter,std_shared,call,100000,1711977,17.11977,2350000
84,55,owner_retained_borrow_copy_read,std_raw_borrow,read,100000,30065,0.30065,2350000
85,0,owner_retained_4096_draw_borrows,std_raw_borrow,frame,24,52010,2167.08333333,41287680
85,1,contended_copy_2_workers,own_shared,copy,200000,12226545,61.132725,4700000
85,2,group_setup_then_1_copies,own_local,group,100000,2707773,27.07773,2000000
85,3,async_queue_job_1024_borrow_reads,std_shared_then_raw_borrow,job,100,124318,1243.18,2406400
85,4,localize_read_drop,own_local,group,100000,1891649,18.91649,2350000
85,5,localize_read_drop,std_shared,group,100000,1533211,15.33211,2350000
85,6,owner_retained_borrow_copy_read,own_local_view,read,100000,35297,0.35297,2350000
85,7,owner_retained_4096_draw_borrows,own_local_view,frame,24,47876,1994.83333333,41287680
85,8,async_queue_job_1024_borrow_reads,own_shared_then_local_view,job,100,200436,2004.36,2406400
85,9,independent_owner_parameter,own_local,call,100000,124881,1.24881,2350000
85,10,copy_read_drop,own_local,copy,100000,110471,1.10471,2350000
85,11,group_setup_then_64_copies,own_local,group,1562,295882,189.425096031,2349248
85,12,contended_copy_2_workers,std_shared,copy,200000,18938171,94.690855,4700000
85,13,resource_lifecycle_64_assets_4096_objects,own_local,cycle,10,255607,25560.7,17203200
85,14,frame_4096_draws_64_unique_leases,own_shared,frame,24,85826,3576.08333333,41287680
85,15,async_queue_job_1_borrow_reads,std_shared_then_raw_borrow,job,100,71374,713.74,2000
85,16,async_queue_job_1_borrow_reads,own_shared_then_local_view,job,100,40789,407.89,2000
85,17,scene_4096_attachments,std_shared,attachment,98304,944758,9.61057535807,98304
85,18,copy_read_drop,own_shared,copy,100000,1383300,13.833,2350000
85,19,group_setup_then_64_copies,std_shared,group,1562,1764697,1129.76760563,2349248
85,20,group_setup_then_1024_copies,own_local,group,97,118365,1220.25773196,2334208
85,21,owner_retained_borrow_parameter,std_raw_borrow,call,100000,64263,0.64263,2350000
85,22,resettable_root_pin_1024_borrow_reads,std_shared_pin_raw_borrow,scope,97,36502,376.309278351,2334208
85,23,resource_lifecycle_64_assets_4096_objects,std_shared,cycle,10,525536,52553.6,17203200
85,24,owner_retained_borrow_copy_read,std_raw_borrow,read,100000,30438,0.30438,2350000
85,25,group_setup_then_1_copies,std_shared,group,100000,3523643,35.23643,2000000
85,26,owner_retained_borrow_parameter,own_local_view,call,100000,63800,0.638,2350000
85,27,weak_lock_live,std_shared,lock,100000,1751332,17.51332,2350000
85,28,create_read_destroy,own_local,asset,100000,2424456,24.24456,65000400000
85,29,independent_owner_parameter,own_shared,call,100000,1373547,13.73547,2350000
85,30,async_queue_job_1_local_copies,own_local,job,100,77637,776.37,2000
85,31,async_queue_job_64_borrow_reads,own_shared_then_local_view,job,100,70054,700.54,150400
85,32,async_queue_job_64_local_copies,std_shared,job,100,289908,2899.08,150400
85,33,independent_owner_parameter,std_shared,call,100000,1722557,17.22557,2350000
85,34,async_queue_job_1_local_copies,std_shared,job,100,88972,889.72,2000
85,35,weak_lock_expired,std_shared,lock,100000,80698,0.80698,0
85,36,resettable_root_pin_1024_borrow_reads,own_shared_pin_local_view,scope,97,33247,342.75257732,2334208
85,37,share_read_drop,own_shared,handoff,100000,1155436,11.55436,2350000
85,38,group_setup_then_8_copies,std_shared,group,12500,1908763,152.70104,2350000
85,39,group_setup_then_1024_copies,std_shared,group,97,1700614,17532.1030928,2334208
85,40,async_queue_job_64_borrow_reads,std_shared_then_raw_borrow,job,100,74592,745.92,150400
85,41,create_read_destroy,own_shared,asset,100000,1807191,18.07191,65000400000
85,42,frame_4096_draws_64_unique_leases,std_shared,frame,24,84456,3519,41287680
85,43,owner_retained_4096_parameter_borrows,own_local_view,frame,24,76611,3192.125,41287680
85,44,async_queue_job_1024_local_copies,std_shared,job,100,2436762,24367.62,2406400
85,45,owner_retained_4096_parameter_borrows,std_raw_borrow,frame,24,76823,3200.95833333,41287680
85,46,share_read_drop,std_shared,handoff,100000,1563334,15.63334,2350000
85,47,group_setup_then_8_copies,own_local,group,12500,425976,34.07808,2350000
85,48,weak_lock_expired,own_shared,lock,100000,70607,0.70607,0
85,49,create_read_destroy,std_shared,asset,100000,1208862,12.08862,65000400000
85,50,async_queue_job_64_local_copies,own_local,job,100,127483,1274.83,150400
85,51,scene_4096_attachments,own_local,attachment,98304,132621,1.34909057617,98304
85,52,async_queue_job_1024_local_copies,own_local,job,100,352327,3523.27,2406400
85,53,weak_lock_live,own_shared,lock,100000,1567923,15.67923,2350000
85,54,copy_read_drop,std_shared,copy,100000,1718726,17.18726,2350000
85,55,borrow_read,raw_borrow,read,100000,35147,0.35147,2350000
86,0,async_queue_job_1024_borrow_reads,own_shared_then_local_view,job,100,138424,1384.24,2406400
86,1,async_queue_job_64_borrow_reads,std_shared_then_raw_borrow,job,100,71093,710.93,150400
86,2,owner_retained_4096_parameter_borrows,own_local_view,frame,24,76844,3201.83333333,41287680
86,3,group_setup_then_1_copies,own_local,group,100000,2553085,25.53085,2000000
86,4,owner_retained_4096_draw_borrows,own_local_view,frame,24,59070,2461.25,41287680
86,5,resource_lifecycle_64_assets_4096_objects,own_local,cycle,10,222662,22266.2,17203200
86,6,owner_retained_borrow_copy_read,own_local_view,read,100000,30052,0.30052,2350000
86,7,independent_owner_parameter,std_shared,call,100000,1708247,17.08247,2350000
86,8,async_queue_job_1_local_copies,std_shared,job,100,103265,1032.65,2000
86,9,group_setup_then_64_copies,std_shared,group,1562,1750801,1120.87131882,2349248
86,10,weak_lock_live,std_shared,lock,100000,1734344,17.34344,2350000
86,11,localize_read_drop,own_local,group,100000,1863710,18.6371,2350000
86,12,resource_lifecycle_64_assets_4096_objects,std_shared,cycle,10,536697,53669.7,17203200
86,13,owner_retained_borrow_parameter,own_local_view,call,100000,78768,0.78768,2350000
86,14,group_setup_then_1024_copies,own_local,group,97,120165,1238.81443299,2334208
86,15,copy_read_drop,std_shared,copy,100000,1692020,16.9202,2350000
86,16,contended_copy_2_workers,own_shared,copy,200000,12646757,63.233785,4700000
86,17,async_queue_job_1_local_copies,own_local,job,100,73966,739.66,2000
86,18,localize_read_drop,std_shared,group,100000,1591544,15.91544,2350000
86,19,group_setup_then_1_copies,std_shared,group,100000,3455331,34.55331,2000000
86,20,scene_4096_attachments,own_local,attachment,98304,159122,1.6186726888,98304
86,21,frame_4096_draws_64_unique_leases,own_shared,frame,24,88188,3674.5,41287680
86,22,owner_retained_4096_draw_borrows,std_raw_borrow,frame,24,51996,2166.5,41287680
86,23,copy_read_drop,own_local,copy,100000,122168,1.22168,2350000
86,24,owner_retained_4096_parameter_borrows,std_raw_borrow,frame,24,82878,3453.25,41287680
86,25,copy_read_drop,own_shared,copy,100000,1345595,13.45595,2350000
86,26,independent_owner_parameter,own_local,call,100000,115578,1.15578,2350000
86,27,create_read_destroy,std_shared,asset,100000,1238504,12.38504,65000400000
86,28,create_read_destroy,own_shared,asset,100000,1848014,18.48014,65000400000
86,29,async_queue_job_1024_borrow_reads,std_shared_then_raw_borrow,job,100,197625,1976.25,2406400
86,30,owner_retained_borrow_copy_read,std_raw_borrow,read,100000,30656,0.30656,2350000
86,31,share_read_drop,std_shared,handoff,100000,1498110,14.9811,2350000
86,32,create_read_destroy,own_local,asset,100000,2608175,26.08175,65000400000
86,33,group_setup_then_1024_copies,std_shared,group,97,1753402,18076.3092784,2334208
86,34,async_queue_job_64_borrow_reads,own_shared_then_local_view,job,100,95044,950.44,150400
86,35,async_queue_job_1024_local_copies,own_local,job,100,328413,3284.13,2406400
86,36,async_queue_job_64_local_copies,std_shared,job,100,248330,2483.3,150400
86,37,weak_lock_live,own_shared,lock,100000,1601445,16.01445,2350000
86,38,weak_lock_expired,std_shared,lock,100000,87811,0.87811,0
86,39,async_queue_job_1024_local_copies,std_shared,job,100,2399184,23991.84,2406400
86,40,resettable_root_pin_1024_borrow_reads,own_shared_pin_local_view,scope,97,33436,344.701030928,2334208
86,41,borrow_read,raw_borrow,read,100000,42424,0.42424,2350000
86,42,scene_4096_attachments,std_shared,attachment,98304,1037265,10.5516052246,98304
86,43,resettable_root_pin_1024_borrow_reads,std_shared_pin_raw_borrow,scope,97,37546,387.072164948,2334208
86,44,independent_owner_parameter,own_shared,call,100000,1396407,13.96407,2350000
86,45,async_queue_job_1_borrow_reads,std_shared_then_raw_borrow,job,100,52046,520.46,2000
86,46,async_queue_job_1_borrow_reads,own_shared_then_local_view,job,100,37117,371.17,2000
86,47,group_setup_then_64_copies,own_local,group,1562,300598,192.444302177,2349248
86,48,async_queue_job_64_local_copies,own_local,job,100,65838,658.38,150400
86,49,frame_4096_draws_64_unique_leases,std_shared,frame,24,157661,6569.20833333,41287680
86,50,contended_copy_2_workers,std_shared,copy,200000,19456169,97.280845,4700000
86,51,owner_retained_borrow_parameter,std_raw_borrow,call,100000,64487,0.64487,2350000
86,52,group_setup_then_8_copies,std_shared,group,12500,1935952,154.87616,2350000
86,53,group_setup_then_8_copies,own_local,group,12500,375107,30.00856,2350000
86,54,share_read_drop,own_shared,handoff,100000,1127545,11.27545,2350000
86,55,weak_lock_expired,own_shared,lock,100000,70786,0.70786,0
87,0,async_queue_job_1_borrow_reads,std_shared_then_raw_borrow,job,100,64615,646.15,2000
87,1,frame_4096_draws_64_unique_leases,std_shared,frame,24,97246,4051.91666667,41287680
87,2,async_queue_job_1_borrow_reads,own_shared_then_local_view,job,100,61483,614.83,2000
87,3,owner_retained_borrow_copy_read,std_raw_borrow,read,100000,30102,0.30102,2350000
87,4,create_read_destroy,own_local,asset,100000,2382964,23.82964,65000400000
87,5,owner_retained_borrow_parameter,std_raw_borrow,call,100000,63319,0.63319,2350000
87,6,share_read_drop,std_shared,handoff,100000,1492543,14.92543,2350000
87,7,resource_lifecycle_64_assets_4096_objects,own_local,cycle,10,230671,23067.1,17203200
87,8,resettable_root_pin_1024_borrow_reads,own_shared_pin_local_view,scope,97,33455,344.896907216,2334208
87,9,weak_lock_live,own_shared,lock,100000,1523443,15.23443,2350000
87,10,async_queue_job_1_local_copies,own_local,job,100,80937,809.37,2000
87,11,independent_owner_parameter,own_local,call,100000,127786,1.27786,2350000
87,12,async_queue_job_64_local_copies,own_local,job,100,58681,586.81,150400
87,13,async_queue_job_64_borrow_reads,own_shared_then_local_view,job,100,62445,624.45,150400
87,14,localize_read_drop,own_local,group,100000,1788048,17.88048,2350000
87,15,weak_lock_expired,std_shared,lock,100000,92228,0.92228,0
87,16,group_setup_then_1_copies,std_shared,group,100000,3319035,33.19035,2000000
87,17,frame_4096_draws_64_unique_leases,own_shared,frame,24,87448,3643.66666667,41287680
87,18,owner_retained_4096_parameter_borrows,own_local_view,frame,24,77181,3215.875,41287680
87,19,group_setup_then_8_copies,std_shared,group,12500,1857482,148.59856,2350000
87,20,owner_retained_4096_draw_borrows,own_local_view,frame,24,46991,1957.95833333,41287680
87,21,resettable_root_pin_1024_borrow_reads,std_shared_pin_raw_borrow,scope,97,33283,343.12371134,2334208
87,22,group_setup_then_1_copies,own_local,group,100000,2523906,25.23906,2000000
87,23,borrow_read,raw_borrow,read,100000,35015,0.35015,2350000
87,24,copy_read_drop,own_local,copy,100000,105308,1.05308,2350000
87,25,group_setup_then_1024_copies,own_local,group,97,122577,1263.68041237,2334208
87,26,weak_lock_live,std_shared,lock,100000,1738640,17.3864,2350000
87,27,scene_4096_attachments,std_shared,attachment,98304,929454,9.45489501953,98304
87,28,async_queue_job_1024_borrow_reads,std_shared_then_raw_borrow,job,100,161831,1618.31,2406400
87,29,create_read_destroy,own_shared,asset,100000,1903510,19.0351,65000400000
87,30,async_queue_job_1_local_copies,std_shared,job,100,59578,595.78,2000
87,31,scene_4096_attachments,own_local,attachment,98304,142337,1.44792683919,98304
87,32,group_setup_then_8_copies,own_local,group,12500,423589,33.88712,2350000
87,33,localize_read_drop,std_shared,group,100000,1564298,15.64298,2350000
87,34,group_setup_then_1024_copies,std_shared,group,97,1756602,18109.2989691,2334208
87,35,owner_retained_4096_draw_borrows,std_raw_borrow,frame,24,54914,2288.08333333,41287680
87,36,async_queue_job_1024_local_copies,std_shared,job,100,2673525,26735.25,2406400
87,37,copy_read_drop,own_shared,copy,100000,1336233,13.36233,2350000
87,38,group_setup_then_64_copies,own_local,group,1562,315284,201.846350832,2349248
87,39,contended_copy_2_workers,own_shared,copy,200000,12269495,61.347475,4700000
87,40,async_queue_job_1024_borrow_reads,own_shared_then_local_view,job,100,173461,1734.61,2406400
87,41,group_setup_then_64_copies,std_shared,group,1562,1771157,1133.90332907,2349248
87,42,create_read_destroy,std_shared,asset,100000,1261540,12.6154,65000400000
87,43,owner_retained_borrow_copy_read,own_local_view,read,100000,35063,0.35063,2350000
87,44,async_queue_job_64_local_copies,std_shared,job,100,330077,3300.77,150400
87,45,owner_retained_4096_parameter_borrows,std_raw_borrow,frame,24,76762,3198.41666667,41287680
87,46,independent_owner_parameter,std_shared,call,100000,1737302,17.37302,2350000
87,47,async_queue_job_1024_local_copies,own_local,job,100,434900,4349,2406400
87,48,contended_copy_2_workers,std_shared,copy,200000,14963171,74.815855,4700000
87,49,owner_retained_borrow_parameter,own_local_view,call,100000,66767,0.66767,2350000
87,50,async_queue_job_64_borrow_reads,std_shared_then_raw_borrow,job,100,69495,694.95,150400
87,51,copy_read_drop,std_shared,copy,100000,1651650,16.5165,2350000
87,52,weak_lock_expired,own_shared,lock,100000,68618,0.68618,0
87,53,independent_owner_parameter,own_shared,call,100000,1452004,14.52004,2350000
87,54,share_read_drop,own_shared,handoff,100000,1125485,11.25485,2350000
87,55,resource_lifecycle_64_assets_4096_objects,std_shared,cycle,10,535706,53570.6,17203200
88,0,weak_lock_expired,own_shared,lock,100000,68470,0.6847,0
88,1,independent_owner_parameter,std_shared,call,100000,1684514,16.84514,2350000
88,2,resettable_root_pin_1024_borrow_reads,own_shared_pin_local_view,scope,97,33536,345.731958763,2334208
88,3,weak_lock_live,std_shared,lock,100000,1738172,17.38172,2350000
88,4,group_setup_then_64_copies,own_local,group,1562,291817,186.822663252,2349248
88,5,create_read_destroy,own_local,asset,100000,2391579,23.91579,65000400000
88,6,async_queue_job_1_local_copies,std_shared,job,100,78309,783.09,2000
88,7,create_read_destroy,own_shared,asset,100000,1805948,18.05948,65000400000
88,8,copy_read_drop,own_local,copy,100000,111328,1.11328,2350000
88,9,group_setup_then_8_copies,own_local,group,12500,419749,33.57992,2350000
88,10,independent_owner_parameter,own_shared,call,100000,1375820,13.7582,2350000
88,11,async_queue_job_1_local_copies,own_local,job,100,58230,582.3,2000
88,12,async_queue_job_1_borrow_reads,std_shared_then_raw_borrow,job,100,71178,711.78,2000
88,13,group_setup_then_1024_copies,own_local,group,97,139991,1443.20618557,2334208
88,14,async_queue_job_64_local_copies,std_shared,job,100,273923,2739.23,150400
88,15,async_queue_job_1024_borrow_reads,own_shared_then_local_view,job,100,140124,1401.24,2406400
88,16,weak_lock_expired,std_shared,lock,100000,80556,0.80556,0
88,17,independent_owner_parameter,own_local,call,100000,120798,1.20798,2350000
88,18,borrow_read,raw_borrow,read,100000,35193,0.35193,2350000
88,19,copy_read_drop,own_shared,copy,100000,1348134,13.48134,2350000
88,20,contended_copy_2_workers,own_shared,copy,200000,9259168,46.29584,4700000
88,21,localize_read_drop,std_shared,group,100000,1522894,15.22894,2350000
88,22,async_queue_job_1024_local_copies,std_shared,job,100,2699417,26994.17,2406400
88,23,async_queue_job_1024_local_copies,own_local,job,100,309030,3090.3,2406400
88,24,scene_4096_attachments,std_shared,attachment,98304,983908,10.0088297526,98304
88,25,owner_retained_4096_parameter_borrows,std_raw_borrow,frame,24,82979,3457.45833333,41287680
88,26,localize_read_drop,own_local,group,100000,1851531,18.51531,2350000
88,27,owner_retained_borrow_parameter,own_local_view,call,100000,64243,0.64243,2350000
88,28,copy_read_drop,std_shared,copy,100000,1693303,16.93303,2350000
88,29,share_read_drop,own_shared,handoff,100000,1135630,11.3563,2350000
88,30,owner_retained_4096_draw_borrows,own_local_view,frame,24,48457,2019.04166667,41287680
88,31,weak_lock_live,own_shared,lock,100000,1501952,15.01952,2350000
88,32,resource_lifecycle_64_assets_4096_objects,own_local,cycle,10,237234,23723.4,17203200
88,33,share_read_drop,std_shared,handoff,100000,1511049,15.11049,2350000
88,34,create_read_destroy,std_shared,asset,100000,1190500,11.905,65000400000
88,35,owner_retained_4096_draw_borrows,std_raw_borrow,frame,24,57473,2394.70833333,41287680
88,36,owner_retained_borrow_copy_read,own_local_view,read,100000,35026,0.35026,2350000
88,37,owner_retained_4096_parameter_borrows,own_local_view,frame,24,78248,3260.33333333,41287680
88,38,group_setup_then_1_copies,std_shared,group,100000,3341545,33.41545,2000000
88,39,async_queue_job_1_borrow_reads,own_shared_then_local_view,job,100,64858,648.58,2000
88,40,group_setup_then_1_copies,own_local,group,100000,2531470,25.3147,2000000
88,41,resource_lifecycle_64_assets_4096_objects,std_shared,cycle,10,517232,51723.2,17203200
88,42,async_queue_job_64_local_copies,own_local,job,100,67671,676.71,150400
88,43,frame_4096_draws_64_unique_leases,own_shared,frame,24,88356,3681.5,41287680
88,44,frame_4096_draws_64_unique_leases,std_shared,frame,24,83997,3499.875,41287680
88,45,scene_4096_attachments,own_local,attachment,98304,131407,1.33674112956,98304
88,46,owner_retained_borrow_parameter,std_raw_borrow,call,100000,75780,0.7578,2350000
88,47,async_queue_job_1024_borrow_reads,std_shared_then_raw_borrow,job,100,169705,1697.05,2406400
88,48,group_setup_then_8_copies,std_shared,group,12500,1840958,147.27664,2350000
88,49,async_queue_job_64_borrow_reads,own_shared_then_local_view,job,100,75704,757.04,150400
88,50,group_setup_then_64_copies,std_shared,group,1562,1669684,1068.93982074,2349248
88,51,contended_copy_2_workers,std_shared,copy,200000,19909752,99.54876,4700000
88,52,async_queue_job_64_borrow_reads,std_shared_then_raw_borrow,job,100,53866,538.66,150400
88,53,owner_retained_borrow_copy_read,std_raw_borrow,read,100000,32417,0.32417,2350000
88,54,group_setup_then_1024_copies,std_shared,group,97,1663205,17146.443299,2334208
88,55,resettable_root_pin_1024_borrow_reads,std_shared_pin_raw_borrow,scope,97,32439,334.422680412,2334208
89,0,async_queue_job_1_borrow_reads,std_shared_then_raw_borrow,job,100,123435,1234.35,2000
89,1,owner_retained_4096_parameter_borrows,own_local_view,frame,24,77127,3213.625,41287680
89,2,weak_lock_live,own_shared,lock,100000,1536868,15.36868,2350000
89,3,owner_retained_borrow_copy_read,own_local_view,read,100000,31027,0.31027,2350000
89,4,async_queue_job_1024_local_copies,own_local,job,100,313800,3138,2406400
89,5,contended_copy_2_workers,own_shared,copy,200000,11340702,56.70351,4700000
89,6,contended_copy_2_workers,std_shared,copy,200000,19983426,99.91713,4700000
89,7,weak_lock_expired,own_shared,lock,100000,68951,0.68951,0
89,8,async_queue_job_1_local_copies,own_local,job,100,56193,561.93,2000
89,9,owner_retained_4096_draw_borrows,own_local_view,frame,24,48219,2009.125,41287680
89,10,scene_4096_attachments,own_local,attachment,98304,138422,1.40810139974,98304
89,11,group_setup_then_1024_copies,own_local,group,97,111396,1148.41237113,2334208
89,12,independent_owner_parameter,std_shared,call,100000,1658555,16.58555,2350000
89,13,borrow_read,raw_borrow,read,100000,35140,0.3514,2350000
89,14,create_read_destroy,own_shared,asset,100000,1817747,18.17747,65000400000
89,15,owner_retained_borrow_copy_read,std_raw_borrow,read,100000,43270,0.4327,2350000
89,16,resettable_root_pin_1024_borrow_reads,own_shared_pin_local_view,scope,97,33374,344.06185567,2334208
89,17,owner_retained_4096_parameter_borrows,std_raw_borrow,frame,24,77252,3218.83333333,41287680
89,18,group_setup_then_1_copies,std_shared,group,100000,4078161,40.78161,2000000
89,19,resource_lifecycle_64_assets_4096_objects,own_local,cycle,10,226285,22628.5,17203200
89,20,frame_4096_draws_64_unique_leases,own_shared,frame,24,87332,3638.83333333,41287680
89,21,share_read_drop,own_shared,handoff,100000,1122551,11.22551,2350000
89,22,owner_retained_4096_draw_borrows,std_raw_borrow,frame,24,47795,1991.45833333,41287680
89,23,group_setup_then_64_copies,own_local,group,1562,248485,159.081306018,2349248
89,24,create_read_destroy,own_local,asset,100000,2373290,23.7329,65000400000
89,25,async_queue_job_1024_borrow_reads,own_shared_then_local_view,job,100,125508,1255.08,2406400
89,26,async_queue_job_64_local_copies,own_local,job,100,57102,571.02,150400
89,27,resettable_root_pin_1024_borrow_reads,std_shared_pin_raw_borrow,scope,97,33569,346.072164948,2334208
89,28,weak_lock_live,std_shared,lock,100000,1688731,16.88731,2350000
89,29,owner_retained_borrow_parameter,own_local_view,call,100000,64463,0.64463,2350000
89,30,localize_read_drop,std_shared,group,100000,1516138,15.16138,2350000
89,31,async_queue_job_1024_local_copies,std_shared,job,100,2409710,24097.1,2406400
89,32,copy_read_drop,own_local,copy,100000,106178,1.06178,2350000
89,33,group_setup_then_8_copies,own_local,group,12500,396960,31.7568,2350000
89,34,async_queue_job_1_local_copies,std_shared,job,100,52550,525.5,2000
89,35,group_setup_then_1_copies,own_local,group,100000,2521409,25.21409,2000000
89,36,frame_4096_draws_64_unique_leases,std_shared,frame,24,87112,3629.66666667,41287680
89,37,copy_read_drop,own_shared,copy,100000,1339845,13.39845,2350000
89,38,async_queue_job_1_borrow_reads,own_shared_then_local_view,job,100,54678,546.78,2000
89,39,copy_read_drop,std_shared,copy,100000,1662532,16.62532,2350000
89,40,independent_owner_parameter,own_shared,call,100000,1310112,13.10112,2350000
89,41,independent_owner_parameter,own_local,call,100000,115533,1.15533,2350000
89,42,weak_lock_expired,std_shared,lock,100000,88985,0.88985,0
89,43,scene_4096_attachments,std_shared,attachment,98304,926700,9.42687988281,98304
89,44,resource_lifecycle_64_assets_4096_objects,std_shared,cycle,10,515312,51531.2,17203200
89,45,async_queue_job_64_borrow_reads,own_shared_then_local_view,job,100,70817,708.17,150400
89,46,share_read_drop,std_shared,handoff,100000,1514447,15.14447,2350000
89,47,owner_retained_borrow_parameter,std_raw_borrow,call,100000,61683,0.61683,2350000
89,48,async_queue_job_64_borrow_reads,std_shared_then_raw_borrow,job,100,68292,682.92,150400
89,49,create_read_destroy,std_shared,asset,100000,1262987,12.62987,65000400000
89,50,group_setup_then_64_copies,std_shared,group,1562,1703594,1090.64916773,2349248
89,51,async_queue_job_1024_borrow_reads,std_shared_then_raw_borrow,job,100,123329,1233.29,2406400
89,52,localize_read_drop,own_local,group,100000,1770431,17.70431,2350000
89,53,async_queue_job_64_local_copies,std_shared,job,100,295128,2951.28,150400
89,54,group_setup_then_1024_copies,std_shared,group,97,1659233,17105.4948454,2334208
89,55,group_setup_then_8_copies,std_shared,group,12500,1848080,147.8464,2350000
90,0,weak_lock_live,std_shared,lock,100000,1674745,16.74745,2350000
90,1,owner_retained_4096_draw_borrows,own_local_view,frame,24,48152,2006.33333333,41287680
90,2,localize_read_drop,std_shared,group,100000,1485825,14.85825,2350000
90,3,resource_lifecycle_64_assets_4096_objects,own_local,cycle,10,230406,23040.6,17203200
90,4,copy_read_drop,own_local,copy,100000,104529,1.04529,2350000
90,5,async_queue_job_1024_local_copies,own_local,job,100,355053,3550.53,2406400
90,6,resource_lifecycle_64_assets_4096_objects,std_shared,cycle,10,542668,54266.8,17203200
90,7,localize_read_drop,own_local,group,100000,1809736,18.09736,2350000
90,8,group_setup_then_1024_copies,own_local,group,97,124254,1280.96907216,2334208
90,9,frame_4096_draws_64_unique_leases,std_shared,frame,24,86069,3586.20833333,41287680
90,10,owner_retained_borrow_parameter,std_raw_borrow,call,100000,59956,0.59956,2350000
90,11,async_queue_job_64_borrow_reads,own_shared_then_local_view,job,100,64715,647.15,150400
90,12,create_read_destroy,own_shared,asset,100000,1783931,17.83931,65000400000
90,13,owner_retained_4096_parameter_borrows,std_raw_borrow,frame,24,76903,3204.29166667,41287680
90,14,async_queue_job_1_local_copies,std_shared,job,100,88514,885.14,2000
90,15,group_setup_then_1_copies,std_shared,group,100000,3353677,33.53677,2000000
90,16,weak_lock_live,own_shared,lock,100000,1493692,14.93692,2350000
90,17,async_queue_job_1_local_copies,own_local,job,100,56743,567.43,2000
90,18,frame_4096_draws_64_unique_leases,own_shared,frame,24,88004,3666.83333333,41287680
90,19,independent_owner_parameter,own_shared,call,100000,1311497,13.11497,2350000
90,20,owner_retained_4096_parameter_borrows,own_local_view,frame,24,76326,3180.25,41287680
90,21,group_setup_then_1024_copies,std_shared,group,97,1649079,17000.814433,2334208
90,22,async_queue_job_1024_borrow_reads,std_shared_then_raw_borrow,job,100,113386,1133.86,2406400
90,23,weak_lock_expired,std_shared,lock,100000,77118,0.77118,0
90,24,copy_read_drop,own_shared,copy,100000,1334913,13.34913,2350000
90,25,owner_retained_borrow_copy_read,own_local_view,read,100000,32211,0.32211,2350000
90,26,async_queue_job_1_borrow_reads,std_shared_then_raw_borrow,job,100,47082,470.82,2000
90,27,group_setup_then_64_copies,own_local,group,1562,331974,212.531370038,2349248
90,28,share_read_drop,own_shared,handoff,100000,1125751,11.25751,2350000
90,29,async_queue_job_1_borrow_reads,own_shared_then_local_view,job,100,48139,481.39,2000
90,30,create_read_destroy,std_shared,asset,100000,1192121,11.92121,65000400000
90,31,async_queue_job_64_local_copies,std_shared,job,100,319037,3190.37,150400
90,32,group_setup_then_8_copies,own_local,group,12500,376518,30.12144,2350000
90,33,independent_owner_parameter,std_shared,call,100000,1673855,16.73855,2350000
90,34,owner_retained_borrow_parameter,own_local_view,call,100000,59906,0.59906,2350000
90,35,borrow_read,raw_borrow,read,100000,35074,0.35074,2350000
90,36,group_setup_then_64_copies,std_shared,group,1562,1694343,1084.72663252,2349248
90,37,weak_lock_expired,own_shared,lock,100000,68619,0.68619,0
90,38,async_queue_job_64_local_copies,own_local,job,100,87913,879.13,150400
90,39,async_queue_job_64_borrow_reads,std_shared_then_raw_borrow,job,100,62959,629.59,150400
90,40,contended_copy_2_workers,own_shared,copy,200000,10967738,54.83869,4700000
90,41,async_queue_job_1024_local_copies,std_shared,job,100,2612772,26127.72,2406400
90,42,contended_copy_2_workers,std_shared,copy,200000,18047472,90.23736,4700000
90,43,group_setup_then_8_copies,std_shared,group,12500,1927014,154.16112,2350000
90,44,copy_read_drop,std_shared,copy,100000,1687125,16.87125,2350000
90,45,independent_owner_parameter,own_local,call,100000,115908,1.15908,2350000
90,46,resettable_root_pin_1024_borrow_reads,std_shared_pin_raw_borrow,scope,97,33557,345.948453608,2334208
90,47,async_queue_job_1024_borrow_reads,own_shared_then_local_view,job,100,158284,1582.84,2406400
90,48,resettable_root_pin_1024_borrow_reads,own_shared_pin_local_view,scope,97,33468,345.030927835,2334208
90,49,scene_4096_attachments,own_local,attachment,98304,133867,1.36176554362,98304
90,50,share_read_drop,std_shared,handoff,100000,1515492,15.15492,2350000
90,51,create_read_destroy,own_local,asset,100000,2285327,22.85327,65000400000
90,52,scene_4096_attachments,std_shared,attachment,98304,946709,9.63042195638,98304
90,53,owner_retained_borrow_copy_read,std_raw_borrow,read,100000,55742,0.55742,2350000
90,54,owner_retained_4096_draw_borrows,std_raw_borrow,frame,24,48057,2002.375,41287680
90,55,group_setup_then_1_copies,own_local,group,100000,2506746,25.06746,2000000
91,0,group_setup_then_64_copies,own_local,group,1562,365567,234.037772087,2349248
91,1,group_setup_then_64_copies,std_shared,group,1562,3594587,2301.27208707,2349248
91,2,contended_copy_2_workers,std_shared,copy,200000,19902424,99.51212,4700000
91,3,async_queue_job_64_borrow_reads,std_shared_then_raw_borrow,job,100,60832,608.32,150400
91,4,group_setup_then_8_copies,std_shared,group,12500,1873181,149.85448,2350000
91,5,owner_retained_borrow_parameter,std_raw_borrow,call,100000,61918,0.61918,2350000
91,6,async_queue_job_64_local_copies,std_shared,job,100,340595,3405.95,150400
91,7,resettable_root_pin_1024_borrow_reads,own_shared_pin_local_view,scope,97,33444,344.783505155,2334208
91,8,owner_retained_borrow_copy_read,std_raw_borrow,read,100000,30263,0.30263,2350000
91,9,owner_retained_4096_parameter_borrows,own_local_view,frame,24,77394,3224.75,41287680
91,10,independent_owner_parameter,own_shared,call,100000,1333805,13.33805,2350000
91,11,borrow_read,raw_borrow,read,100000,35165,0.35165,2350000
91,12,scene_4096_attachments,std_shared,attachment,98304,953872,9.70328776042,98304
91,13,owner_retained_borrow_copy_read,own_local_view,read,100000,32248,0.32248,2350000
91,14,copy_read_drop,own_local,copy,100000,106559,1.06559,2350000
91,15,group_setup_then_1_copies,std_shared,group,100000,3428895,34.28895,2000000
91,16,async_queue_job_1_local_copies,own_local,job,100,63166,631.66,2000
91,17,group_setup_then_1024_copies,std_shared,group,97,1667145,17187.0618557,2334208
91,18,weak_lock_expired,own_shared,lock,100000,68699,0.68699,0
91,19,group_setup_then_1024_copies,own_local,group,97,113568,1170.80412371,2334208
91,20,resource_lifecycle_64_assets_4096_objects,own_local,cycle,10,230842,23084.2,17203200
91,21,async_queue_job_64_borrow_reads,own_shared_then_local_view,job,100,70760,707.6,150400
91,22,async_queue_job_1024_borrow_reads,std_shared_then_raw_borrow,job,100,122153,1221.53,2406400
91,23,resource_lifecycle_64_assets_4096_objects,std_shared,cycle,10,503384,50338.4,17203200
91,24,independent_owner_parameter,std_shared,call,100000,1649920,16.4992,2350000
91,25,async_queue_job_1024_local_copies,own_local,job,100,294597,2945.97,2406400
91,26,async_queue_job_1_borrow_reads,own_shared_then_local_view,job,100,61683,616.83,2000
91,27,group_setup_then_8_copies,own_local,group,12500,384235,30.7388,2350000
91,28,independent_owner_parameter,own_local,call,100000,125302,1.25302,2350000
91,29,copy_read_drop,own_shared,copy,100000,1299118,12.99118,2350000
91,30,async_queue_job_1024_local_copies,std_shared,job,100,2397681,23976.81,2406400
91,31,async_queue_job_1024_borrow_reads,own_shared_then_local_view,job,100,141613,1416.13,2406400
91,32,async_queue_job_64_local_copies,own_local,job,100,49880,498.8,150400
91,33,owner_retained_borrow_parameter,own_local_view,call,100000,77303,0.77303,2350000
91,34,create_read_destroy,own_local,asset,100000,2327131,23.27131,65000400000
91,35,frame_4096_draws_64_unique_leases,std_shared,frame,24,85748,3572.83333333,41287680
91,36,contended_copy_2_workers,own_shared,copy,200000,10433889,52.169445,4700000
91,37,weak_lock_live,std_shared,lock,100000,1689890,16.8989,2350000
91,38,weak_lock_live,own_shared,lock,100000,1553464,15.53464,2350000
91,39,owner_retained_4096_draw_borrows,std_raw_borrow,frame,24,48592,2024.66666667,41287680
91,40,owner_retained_4096_draw_borrows,own_local_view,frame,24,48335,2013.95833333,41287680
91,41,localize_read_drop,std_shared,group,100000,1473246,14.73246,2350000
91,42,share_read_drop,own_shared,handoff,100000,1123196,11.23196,2350000
91,43,frame_4096_draws_64_unique_leases,own_shared,frame,24,87636,3651.5,41287680
91,44,async_queue_job_1_local_copies,std_shared,job,100,55199,551.99,2000
91,45,copy_read_drop,std_shared,copy,100000,1675699,16.75699,2350000
91,46,create_read_destroy,std_shared,asset,100000,1187791,11.87791,65000400000
91,47,weak_lock_expired,std_shared,lock,100000,77147,0.77147,0
91,48,group_setup_then_1_copies,own_local,group,100000,2521852,25.21852,2000000
91,49,owner_retained_4096_parameter_borrows,std_raw_borrow,frame,24,76225,3176.04166667,41287680
91,50,localize_read_drop,own_local,group,100000,1786316,17.86316,2350000
91,51,async_queue_job_1_borrow_reads,std_shared_then_raw_borrow,job,100,71022,710.22,2000
91,52,scene_4096_attachments,own_local,attachment,98304,132005,1.34282430013,98304
91,53,share_read_drop,std_shared,handoff,100000,1504939,15.04939,2350000
91,54,resettable_root_pin_1024_borrow_reads,std_shared_pin_raw_borrow,scope,97,33297,343.268041237,2334208
91,55,create_read_destroy,own_shared,asset,100000,1754650,17.5465,65000400000
92,0,async_queue_job_1_borrow_reads,std_shared_then_raw_borrow,job,100,50218,502.18,2000
92,1,share_read_drop,own_shared,handoff,100000,1113093,11.13093,2350000
92,2,async_queue_job_1024_borrow_reads,own_shared_then_local_view,job,100,135610,1356.1,2406400
92,3,async_queue_job_1024_borrow_reads,std_shared_then_raw_borrow,job,100,151352,1513.52,2406400
92,4,group_setup_then_1_copies,std_shared,group,100000,3333962,33.33962,2000000
92,5,copy_read_drop,own_local,copy,100000,110346,1.10346,2350000
92,6,weak_lock_live,own_shared,lock,100000,1519463,15.19463,2350000
92,7,localize_read_drop,std_shared,group,100000,1463665,14.63665,2350000
92,8,group_setup_then_8_copies,std_shared,group,12500,1976116,158.08928,2350000
92,9,group_setup_then_1024_copies,std_shared,group,97,1672516,17242.4329897,2334208
92,10,owner_retained_borrow_copy_read,std_raw_borrow,read,100000,30613,0.30613,2350000
92,11,async_queue_job_64_local_copies,std_shared,job,100,319514,3195.14,150400
92,12,contended_copy_2_workers,std_shared,copy,200000,19884876,99.42438,4700000
92,13,create_read_destroy,own_local,asset,100000,2336193,23.36193,65000400000
92,14,owner_retained_4096_parameter_borrows,own_local_view,frame,24,88562,3690.08333333,41287680
92,15,async_queue_job_64_borrow_reads,std_shared_then_raw_borrow,job,100,46929,469.29,150400
92,16,group_setup_then_8_copies,own_local,group,12500,396583,31.72664,2350000
92,17,resource_lifecycle_64_assets_4096_objects,own_local,cycle,10,232892,23289.2,17203200
92,18,async_queue_job_1_local_copies,own_local,job,100,57001,570.01,2000
92,19,owner_retained_borrow_parameter,own_local_view,call,100000,64241,0.64241,2350000
92,20,frame_4096_draws_64_unique_leases,std_shared,frame,24,87680,3653.33333333,41287680
92,21,scene_4096_attachments,std_shared,attachment,98304,938973,9.55172729492,98304
92,22,create_read_destroy,own_shared,asset,100000,1771205,17.71205,65000400000
92,23,resettable_root_pin_1024_borrow_reads,own_shared_pin_local_view,scope,97,32462,334.659793814,2334208
92,24,frame_4096_draws_64_unique_leases,own_shared,frame,24,110969,4623.70833333,41287680
92,25,group_setup_then_64_copies,own_local,group,1562,202531,129.661331626,2349248
92,26,async_queue_job_1024_local_copies,own_local,job,100,357119,3571.19,2406400
92,27,weak_lock_live,std_shared,lock,100000,1677855,16.77855,2350000
92,28,group_setup_then_64_copies,std_shared,group,1562,1766480,1130.90909091,2349248
92,29,independent_owner_parameter,own_local,call,100000,115951,1.15951,2350000
92,30,contended_copy_2_workers,own_shared,copy,200000,10897604,54.48802,4700000
92,31,copy_read_drop,std_shared,copy,100000,1727337,17.27337,2350000
92,32,owner_retained_borrow_copy_read,own_local_view,read,100000,32424,0.32424,2350000
92,33,group_setup_then_1024_copies,own_local,group,97,107730,1110.6185567,2334208
92,34,share_read_drop,std_shared,handoff,100000,1498589,14.98589,2350000
92,35,async_queue_job_1024_local_copies,std_shared,job,100,2665082,26650.82,2406400
92,36,copy_read_drop,own_shared,copy,100000,1573924,15.73924,2350000
92,37,async_queue_job_1_borrow_reads,own_shared_then_local_view,job,100,50067,500.67,2000
92,38,async_queue_job_64_local_copies,own_local,job,100,86906,869.06,150400
92,39,weak_lock_expired,own_shared,lock,100000,94488,0.94488,0
92,40,owner_retained_4096_draw_borrows,std_raw_borrow,frame,24,62892,2620.5,41287680
92,41,localize_read_drop,own_local,group,100000,2194033,21.94033,2350000
92,42,independent_owner_parameter,own_shared,call,100000,1433529,14.33529,2350000
92,43,owner_retained_4096_parameter_borrows,std_raw_borrow,frame,24,83841,3493.375,41287680
92,44,async_queue_job_1_local_copies,std_shared,job,100,67196,671.96,2000
92,45,owner_retained_borrow_parameter,std_raw_borrow,call,100000,111226,1.11226,2350000
92,46,owner_retained_4096_draw_borrows,own_local_view,frame,24,51547,2147.79166667,41287680
92,47,resettable_root_pin_1024_borrow_reads,std_shared_pin_raw_borrow,scope,97,33543,345.804123711,2334208
92,48,independent_owner_parameter,std_shared,call,100000,1692355,16.92355,2350000
92,49,borrow_read,raw_borrow,read,100000,35175,0.35175,2350000
92,50,create_read_destroy,std_shared,asset,100000,1208463,12.08463,65000400000
92,51,group_setup_then_1_copies,own_local,group,100000,2548068,25.48068,2000000
92,52,resource_lifecycle_64_assets_4096_objects,std_shared,cycle,10,509000,50900,17203200
92,53,weak_lock_expired,std_shared,lock,100000,80620,0.8062,0
92,54,scene_4096_attachments,own_local,attachment,98304,133337,1.35637410482,98304
92,55,async_queue_job_64_borrow_reads,own_shared_then_local_view,job,100,89609,896.09,150400
93,0,group_setup_then_8_copies,std_shared,group,12500,1854816,148.38528,2350000
93,1,resource_lifecycle_64_assets_4096_objects,own_local,cycle,10,239409,23940.9,17203200
93,2,async_queue_job_1024_borrow_reads,own_shared_then_local_view,job,100,107787,1077.87,2406400
93,3,owner_retained_borrow_copy_read,own_local_view,read,100000,30934,0.30934,2350000
93,4,owner_retained_4096_draw_borrows,std_raw_borrow,frame,24,47344,1972.66666667,41287680
93,5,group_setup_then_1_copies,std_shared,group,100000,3384288,33.84288,2000000
93,6,async_queue_job_1024_local_copies,std_shared,job,100,2408467,24084.67,2406400
93,7,frame_4096_draws_64_unique_leases,own_shared,frame,24,106210,4425.41666667,41287680
93,8,group_setup_then_8_copies,own_local,group,12500,445624,35.64992,2350000
93,9,copy_read_drop,own_local,copy,100000,118783,1.18783,2350000
93,10,create_read_destroy,own_local,asset,100000,2836681,28.36681,65000400000
93,11,resettable_root_pin_1024_borrow_reads,own_shared_pin_local_view,scope,97,32558,335.649484536,2334208
93,12,scene_4096_attachments,own_local,attachment,98304,136191,1.38540649414,98304
93,13,weak_lock_live,std_shared,lock,100000,1686422,16.86422,2350000
93,14,group_setup_then_1024_copies,own_local,group,97,112695,1161.80412371,2334208
93,15,owner_retained_4096_draw_borrows,own_local_view,frame,24,47854,1993.91666667,41287680
93,16,resettable_root_pin_1024_borrow_reads,std_shared_pin_raw_borrow,scope,97,33504,345.402061856,2334208
93,17,contended_copy_2_workers,std_shared,copy,200000,19074410,95.37205,4700000
93,18,independent_owner_parameter,std_shared,call,100000,1655667,16.55667,2350000
93,19,async_queue_job_1_local_copies,own_local,job,100,84053,840.53,2000
93,20,scene_4096_attachments,std_shared,attachment,98304,954364,9.70829264323,98304
93,21,copy_read_drop,own_shared,copy,100000,1293586,12.93586,2350000
93,22,weak_lock_live,own_shared,lock,100000,1488062,14.88062,2350000
93,23,async_queue_job_1_local_copies,std_shared,job,100,70279,702.79,2000
93,24,async_queue_job_1_borrow_reads,std_shared_then_raw_borrow,job,100,52360,523.6,2000
93,25,owner_retained_4096_parameter_borrows,std_raw_borrow,frame,24,76760,3198.33333333,41287680
93,26,frame_4096_draws_64_unique_leases,std_shared,frame,24,83571,3482.125,41287680
93,27,async_queue_job_1024_borrow_reads,std_shared_then_raw_borrow,job,100,95400,954,2406400
93,28,independent_owner_parameter,own_shared,call,100000,1327312,13.27312,2350000
93,29,owner_retained_borrow_parameter,std_raw_borrow,call,100000,61687,0.61687,2350000
93,30,owner_retained_borrow_parameter,own_local_view,call,100000,64193,0.64193,2350000
93,31,independent_owner_parameter,own_local,call,100000,115404,1.15404,2350000
93,32,group_setup_then_1_copies,own_local,group,100000,2497483,24.97483,2000000
93,33,borrow_read,raw_borrow,read,100000,35155,0.35155,2350000
93,34,localize_read_drop,own_local,group,100000,1767774,17.67774,2350000
93,35,weak_lock_expired,std_shared,lock,100000,77130,0.7713,0
93,36,localize_read_drop,std_shared,group,100000,1468021,14.68021,2350000
93,37,async_queue_job_64_local_copies,std_shared,job,100,257706,2577.06,150400
93,38,owner_retained_borrow_copy_read,std_raw_borrow,read,100000,30178,0.30178,2350000
93,39,async_queue_job_64_borrow_reads,own_shared_then_local_view,job,100,70518,705.18,150400
93,40,async_queue_job_64_local_copies,own_local,job,100,52389,523.89,150400
93,41,group_setup_then_1024_copies,std_shared,group,97,1653409,17045.4536082,2334208
93,42,async_queue_job_1_borrow_reads,own_shared_then_local_view,job,100,59866,598.66,2000
93,43,share_read_drop,std_shared,handoff,100000,1476440,14.7644,2350000
93,44,share_read_drop,own_shared,handoff,100000,1127991,11.27991,2350000
93,45,group_setup_then_64_copies,std_shared,group,1562,1674125,1071.78297055,2349248
93,46,create_read_destroy,std_shared,asset,100000,1192085,11.92085,65000400000
93,47,resource_lifecycle_64_assets_4096_objects,std_shared,cycle,10,515153,51515.3,17203200
93,48,owner_retained_4096_parameter_borrows,own_local_view,frame,24,76204,3175.16666667,41287680
93,49,async_queue_job_1024_local_copies,own_local,job,100,297489,2974.89,2406400
93,50,async_queue_job_64_borrow_reads,std_shared_then_raw_borrow,job,100,65947,659.47,150400
93,51,contended_copy_2_workers,own_shared,copy,200000,11159909,55.799545,4700000
93,52,copy_read_drop,std_shared,copy,100000,1720886,17.20886,2350000
93,53,weak_lock_expired,own_shared,lock,100000,74413,0.74413,0
93,54,create_read_destroy,own_shared,asset,100000,1889073,18.89073,65000400000
93,55,group_setup_then_64_copies,own_local,group,1562,318724,204.04865557,2349248
94,0,resource_lifecycle_64_assets_4096_objects,std_shared,cycle,10,565880,56588,17203200
94,1,resource_lifecycle_64_assets_4096_objects,own_local,cycle,10,262927,26292.7,17203200
94,2,weak_lock_expired,own_shared,lock,100000,116446,1.16446,0
94,3,owner_retained_borrow_copy_read,own_local_view,read,100000,31597,0.31597,2350000
94,4,group_setup_then_1_copies,std_shared,group,100000,3361642,33.61642,2000000
94,5,async_queue_job_1024_borrow_reads,own_shared_then_local_view,job,100,139461,1394.61,2406400
94,6,share_read_drop,std_shared,handoff,100000,1616270,16.1627,2350000
94,7,async_queue_job_1_borrow_reads,own_shared_then_local_view,job,100,44113,441.13,2000
94,8,async_queue_job_64_local_copies,std_shared,job,100,282043,2820.43,150400
94,9,share_read_drop,own_shared,handoff,100000,1191418,11.91418,2350000
94,10,group_setup_then_1024_copies,own_local,group,97,139960,1442.88659794,2334208
94,11,owner_retained_4096_parameter_borrows,own_local_view,frame,24,102535,4272.29166667,41287680
94,12,localize_read_drop,own_local,group,100000,1938995,19.38995,2350000
94,13,weak_lock_live,own_shared,lock,100000,1564065,15.64065,2350000
94,14,owner_retained_borrow_copy_read,std_raw_borrow,read,100000,30722,0.30722,2350000
94,15,async_queue_job_64_borrow_reads,std_shared_then_raw_borrow,job,100,68330,683.3,150400
94,16,async_queue_job_1024_local_copies,std_shared,job,100,2535239,25352.39,2406400
94,17,copy_read_drop,own_shared,copy,100000,1464502,14.64502,2350000
94,18,weak_lock_live,std_shared,lock,100000,1827505,18.27505,2350000
94,19,independent_owner_parameter,own_shared,call,100000,1417441,14.17441,2350000
94,20,owner_retained_4096_draw_borrows,std_raw_borrow,frame,24,53643,2235.125,41287680
94,21,resettable_root_pin_1024_borrow_reads,std_shared_pin_raw_borrow,scope,97,32582,335.896907216,2334208
94,22,create_read_destroy,own_local,asset,100000,2631766,26.31766,65000400000
94,23,borrow_read,raw_borrow,read,100000,35200,0.352,2350000
94,24,copy_read_drop,own_local,copy,100000,117680,1.1768,2350000
94,25,frame_4096_draws_64_unique_leases,std_shared,frame,24,94880,3953.33333333,41287680
94,26,async_queue_job_1_local_copies,own_local,job,100,71828,718.28,2000
94,27,create_read_destroy,own_shared,asset,100000,1908572,19.08572,65000400000
94,28,independent_owner_parameter,own_local,call,100000,122702,1.22702,2350000
94,29,create_read_destroy,std_shared,asset,100000,1308858,13.08858,65000400000
94,30,owner_retained_4096_parameter_borrows,std_raw_borrow,frame,24,84003,3500.125,41287680
94,31,async_queue_job_1_local_copies,std_shared,job,100,81878,818.78,2000
94,32,group_setup_then_8_copies,own_local,group,12500,382670,30.6136,2350000
94,33,async_queue_job_64_borrow_reads,own_shared_then_local_view,job,100,63295,632.95,150400
94,34,copy_read_drop,std_shared,copy,100000,1668779,16.68779,2350000
94,35,group_setup_then_8_copies,std_shared,group,12500,1917582,153.40656,2350000
94,36,owner_retained_borrow_parameter,std_raw_borrow,call,100000,71279,0.71279,2350000
94,37,async_queue_job_64_local_copies,own_local,job,100,73274,732.74,150400
94,38,async_queue_job_1_borrow_reads,std_shared_then_raw_borrow,job,100,68839,688.39,2000
94,39,async_queue_job_1024_borrow_reads,std_shared_then_raw_borrow,job,100,133460,1334.6,2406400
94,40,group_setup_then_1024_copies,std_shared,group,97,1673699,17254.628866,2334208
94,41,frame_4096_draws_64_unique_leases,own_shared,frame,24,88368,3682,41287680
94,42,owner_retained_4096_draw_borrows,own_local_view,frame,24,47714,1988.08333333,41287680
94,43,group_setup_then_1_copies,own_local,group,100000,2630850,26.3085,2000000
94,44,contended_copy_2_workers,own_shared,copy,200000,10508406,52.54203,4700000
94,45,independent_owner_parameter,std_shared,call,100000,1692917,16.92917,2350000
94,46,scene_4096_attachments,own_local,attachment,98304,138327,1.40713500977,98304
94,47,weak_lock_expired,std_shared,lock,100000,77205,0.77205,0
94,48,resettable_root_pin_1024_borrow_reads,own_shared_pin_local_view,scope,97,33399,344.319587629,2334208
94,49,async_queue_job_1024_local_copies,own_local,job,100,415490,4154.9,2406400
94,50,owner_retained_borrow_parameter,own_local_view,call,100000,60132,0.60132,2350000
94,51,contended_copy_2_workers,std_shared,copy,200000,18160938,90.80469,4700000
94,52,localize_read_drop,std_shared,group,100000,1479871,14.79871,2350000
94,53,group_setup_then_64_copies,own_local,group,1562,165697,106.080025608,2349248
94,54,scene_4096_attachments,std_shared,attachment,98304,941928,9.58178710938,98304
94,55,group_setup_then_64_copies,std_shared,group,1562,1720922,1101.74263764,2349248
95,0,localize_read_drop,own_local,group,100000,1808905,18.08905,2350000
95,1,owner_retained_4096_draw_borrows,std_raw_borrow,frame,24,52351,2181.29166667,41287680
95,2,weak_lock_live,own_shared,lock,100000,1571624,15.71624,2350000
95,3,owner_retained_4096_parameter_borrows,std_raw_borrow,frame,24,79629,3317.875,41287680
95,4,group_setup_then_1024_copies,own_local,group,97,114029,1175.55670103,2334208
95,5,independent_owner_parameter,own_shared,call,100000,1295440,12.9544,2350000
95,6,copy_read_drop,own_shared,copy,100000,1296113,12.96113,2350000
95,7,owner_retained_4096_parameter_borrows,own_local_view,frame,24,79699,3320.79166667,41287680
95,8,group_setup_then_1_copies,std_shared,group,100000,3344061,33.44061,2000000
95,9,async_queue_job_1024_borrow_reads,own_shared_then_local_view,job,100,139075,1390.75,2406400
95,10,owner_retained_borrow_parameter,own_local_view,call,100000,61683,0.61683,2350000
95,11,scene_4096_attachments,own_local,attachment,98304,133912,1.36222330729,98304
95,12,weak_lock_expired,std_shared,lock,100000,77348,0.77348,0
95,13,contended_copy_2_workers,own_shared,copy,200000,11387526,56.93763,4700000
95,14,resource_lifecycle_64_assets_4096_objects,std_shared,cycle,10,510190,51019,17203200
95,15,frame_4096_draws_64_unique_leases,own_shared,frame,24,87362,3640.08333333,41287680
95,16,group_setup_then_64_copies,own_local,group,1562,148208,94.8834827145,2349248
95,17,async_queue_job_1024_borrow_reads,std_shared_then_raw_borrow,job,100,123643,1236.43,2406400
95,18,group_setup_then_1024_copies,std_shared,group,97,1660168,17115.1340206,2334208
95,19,async_queue_job_64_borrow_reads,own_shared_then_local_view,job,100,51487,514.87,150400
95,20,independent_owner_parameter,own_local,call,100000,126824,1.26824,2350000
95,21,share_read_drop,own_shared,handoff,100000,1138237,11.38237,2350000
95,22,async_queue_job_1024_local_copies,own_local,job,100,447845,4478.45,2406400
95,23,async_queue_job_1024_local_copies,std_shared,job,100,2480772,24807.72,2406400
95,24,async_queue_job_64_local_copies,std_shared,job,100,319311,3193.11,150400
95,25,copy_read_drop,std_shared,copy,100000,1642601,16.42601,2350000
95,26,borrow_read,raw_borrow,read,100000,45374,0.45374,2350000
95,27,group_setup_then_8_copies,std_shared,group,12500,1882588,150.60704,2350000
95,28,copy_read_drop,own_local,copy,100000,113353,1.13353,2350000
95,29,weak_lock_expired,own_shared,lock,100000,68738,0.68738,0
95,30,owner_retained_4096_draw_borrows,own_local_view,frame,24,59092,2462.16666667,41287680
95,31,resource_lifecycle_64_assets_4096_objects,own_local,cycle,10,282947,28294.7,17203200
95,32,async_queue_job_64_local_copies,own_local,job,100,72301,723.01,150400
95,33,create_read_destroy,std_shared,asset,100000,1344266,13.44266,65000400000
95,34,async_queue_job_64_borrow_reads,std_shared_then_raw_borrow,job,100,52119,521.19,150400
95,35,weak_lock_live,std_shared,lock,100000,1811039,18.11039,2350000
95,36,owner_retained_borrow_copy_read,own_local_view,read,100000,30235,0.30235,2350000
95,37,create_read_destroy,own_local,asset,100000,2544955,25.44955,65000400000
95,38,resettable_root_pin_1024_borrow_reads,std_shared_pin_raw_borrow,scope,97,33547,345.845360825,2334208
95,39,group_setup_then_1_copies,own_local,group,100000,2640120,26.4012,2000000
95,40,owner_retained_borrow_copy_read,std_raw_borrow,read,100000,39960,0.3996,2350000
95,41,async_queue_job_1_local_copies,std_shared,job,100,61020,610.2,2000
95,42,independent_owner_parameter,std_shared,call,100000,1663874,16.63874,2350000
95,43,contended_copy_2_workers,std_shared,copy,200000,18752095,93.760475,4700000
95,44,async_queue_job_1_borrow_reads,std_shared_then_raw_borrow,job,100,108780,1087.8,2000
95,45,scene_4096_attachments,std_shared,attachment,98304,967345,9.84034220378,98304
95,46,group_setup_then_64_copies,std_shared,group,1562,1725824,1104.8809219,2349248
95,47,localize_read_drop,std_shared,group,100000,1509373,15.09373,2350000
95,48,share_read_drop,std_shared,handoff,100000,1536238,15.36238,2350000
95,49,frame_4096_draws_64_unique_leases,std_shared,frame,24,84294,3512.25,41287680
95,50,create_read_destroy,own_shared,asset,100000,1843645,18.43645,65000400000
95,51,async_queue_job_1_borrow_reads,own_shared_then_local_view,job,100,66397,663.97,2000
95,52,group_setup_then_8_copies,own_local,group,12500,391758,31.34064,2350000
95,53,owner_retained_borrow_parameter,std_raw_borrow,call,100000,61787,0.61787,2350000
95,54,resettable_root_pin_1024_borrow_reads,own_shared_pin_local_view,scope,97,32547,335.536082474,2334208
95,55,async_queue_job_1_local_copies,own_local,job,100,96710,967.1,2000
96,0,async_queue_job_1_borrow_reads,own_shared_then_local_view,job,100,57137,571.37,2000
96,1,localize_read_drop,own_local,group,100000,1831225,18.31225,2350000
96,2,group_setup_then_64_copies,own_local,group,1562,210136,134.530089629,2349248
96,3,async_queue_job_1_local_copies,std_shared,job,100,69117,691.17,2000
96,4,owner_retained_borrow_copy_read,std_raw_borrow,read,100000,30157,0.30157,2350000
96,5,group_setup_then_1024_copies,std_shared,group,97,1666069,17175.9690722,2334208
96,6,group_setup_then_1_copies,own_local,group,100000,2553316,25.53316,2000000
96,7,weak_lock_live,own_shared,lock,100000,1487045,14.87045,2350000
96,8,async_queue_job_64_borrow_reads,std_shared_then_raw_borrow,job,100,71844,718.44,150400
96,9,contended_copy_2_workers,own_shared,copy,200000,9352311,46.761555,4700000
96,10,async_queue_job_1024_local_copies,std_shared,job,100,2628073,26280.73,2406400
96,11,async_queue_job_64_borrow_reads,own_shared_then_local_view,job,100,48269,482.69,150400
96,12,owner_retained_borrow_parameter,own_local_view,call,100000,60064,0.60064,2350000
96,13,create_read_destroy,std_shared,asset,100000,1245273,12.45273,65000400000
96,14,group_setup_then_8_copies,own_local,group,12500,394968,31.59744,2350000
96,15,copy_read_drop,std_shared,copy,100000,1653603,16.53603,2350000
96,16,group_setup_then_1_copies,std_shared,group,100000,3350681,33.50681,2000000
96,17,resource_lifecycle_64_assets_4096_objects,std_shared,cycle,10,536343,53634.3,17203200
96,18,async_queue_job_1024_local_copies,own_local,job,100,357837,3578.37,2406400
96,19,async_queue_job_1024_borrow_reads,own_shared_then_local_view,job,100,162538,1625.38,2406400
96,20,resettable_root_pin_1024_borrow_reads,std_shared_pin_raw_borrow,scope,97,33209,342.360824742,2334208
96,21,weak_lock_live,std_shared,lock,100000,1710450,17.1045,2350000
96,22,share_read_drop,std_shared,handoff,100000,1475689,14.75689,2350000
96,23,async_queue_job_64_local_copies,own_local,job,100,144742,1447.42,150400
96,24,async_queue_job_64_local_copies,std_shared,job,100,308457,3084.57,150400
96,25,scene_4096_attachments,own_local,attachment,98304,142927,1.45392862956,98304
96,26,owner_retained_4096_draw_borrows,own_local_view,frame,24,48694,2028.91666667,41287680
96,27,group_setup_then_1024_copies,own_local,group,97,112717,1162.03092784,2334208
96,28,copy_read_drop,own_shared,copy,100000,1345684,13.45684,2350000
96,29,async_queue_job_1_local_copies,own_local,job,100,70727,707.27,2000
96,30,weak_lock_expired,std_shared,lock,100000,77407,0.77407,0
96,31,owner_retained_4096_draw_borrows,std_raw_borrow,frame,24,49660,2069.16666667,41287680
96,32,group_setup_then_64_copies,std_shared,group,1562,1682737,1077.29641485,2349248
96,33,async_queue_job_1_borrow_reads,std_shared_then_raw_borrow,job,100,74106,741.06,2000
96,34,async_queue_job_1024_borrow_reads,std_shared_then_raw_borrow,job,100,114676,1146.76,2406400
96,35,share_read_drop,own_shared,handoff,100000,1163094,11.63094,2350000
96,36,localize_read_drop,std_shared,group,100000,1487326,14.87326,2350000
96,37,resettable_root_pin_1024_borrow_reads,own_shared_pin_local_view,scope,97,33385,344.175257732,2334208
96,38,independent_owner_parameter,std_shared,call,100000,1660622,16.60622,2350000
96,39,group_setup_then_8_copies,std_shared,group,12500,1979127,158.33016,2350000
96,40,frame_4096_draws_64_unique_leases,std_shared,frame,24,104683,4361.79166667,41287680
96,41,copy_read_drop,own_local,copy,100000,130495,1.30495,2350000
96,42,borrow_read,raw_borrow,read,100000,44489,0.44489,2350000
96,43,owner_retained_borrow_parameter,std_raw_borrow,call,100000,77921,0.77921,2350000
96,44,contended_copy_2_workers,std_shared,copy,200000,5132342,25.66171,4700000
96,45,scene_4096_attachments,std_shared,attachment,98304,1198533,12.1921081543,98304
96,46,owner_retained_4096_parameter_borrows,std_raw_borrow,frame,24,119235,4968.125,41287680
96,47,owner_retained_4096_parameter_borrows,own_local_view,frame,24,115410,4808.75,41287680
96,48,resource_lifecycle_64_assets_4096_objects,own_local,cycle,10,355353,35535.3,17203200
96,49,create_read_destroy,own_local,asset,100000,3142910,31.4291,65000400000
96,50,independent_owner_parameter,own_local,call,100000,168983,1.68983,2350000
96,51,create_read_destroy,own_shared,asset,100000,2371610,23.7161,65000400000
96,52,owner_retained_borrow_copy_read,own_local_view,read,100000,46282,0.46282,2350000
96,53,weak_lock_expired,own_shared,lock,100000,116754,1.16754,0
96,54,frame_4096_draws_64_unique_leases,own_shared,frame,24,126588,5274.5,41287680
96,55,independent_owner_parameter,own_shared,call,100000,1681353,16.81353,2350000
97,0,async_queue_job_64_local_copies,std_shared,job,100,221580,2215.8,150400
97,1,contended_copy_2_workers,own_shared,copy,200000,11181702,55.90851,4700000
97,2,async_queue_job_1_local_copies,std_shared,job,100,64053,640.53,2000
97,3,independent_owner_parameter,std_shared,call,100000,1711938,17.11938,2350000
97,4,group_setup_then_64_copies,own_local,group,1562,236749,151.567861716,2349248
97,5,share_read_drop,std_shared,handoff,100000,1837256,18.37256,2350000
97,6,scene_4096_attachments,std_shared,attachment,98304,1159619,11.7962544759,98304
97,7,group_setup_then_8_copies,own_local,group,12500,515881,41.27048,2350000
97,8,group_setup_then_1024_copies,std_shared,group,97,1641436,16922.0206186,2334208
97,9,async_queue_job_1024_local_copies,std_shared,job,100,2396912,23969.12,2406400
97,10,async_queue_job_1_local_copies,own_local,job,100,57941,579.41,2000
97,11,owner_retained_4096_parameter_borrows,own_local_view,frame,24,109578,4565.75,41287680
97,12,group_setup_then_8_copies,std_shared,group,12500,1880317,150.42536,2350000
97,13,group_setup_then_64_copies,std_shared,group,1562,1750730,1120.82586428,2349248
97,14,localize_read_drop,own_local,group,100000,2347092,23.47092,2350000
97,15,async_queue_job_64_borrow_reads,std_shared_then_raw_borrow,job,100,52082,520.82,150400
97,16,resettable_root_pin_1024_borrow_reads,own_shared_pin_local_view,scope,97,45469,468.75257732,2334208
97,17,async_queue_job_1_borrow_reads,own_shared_then_local_view,job,100,55463,554.63,2000
97,18,weak_lock_expired,own_shared,lock,100000,111619,1.11619,0
97,19,create_read_destroy,own_shared,asset,100000,2367079,23.67079,65000400000
97,20,weak_lock_live,own_shared,lock,100000,1855070,18.5507,2350000
97,21,async_queue_job_64_borrow_reads,own_shared_then_local_view,job,100,55635,556.35,150400
97,22,async_queue_job_64_local_copies,own_local,job,100,96055,960.55,150400
97,23,async_queue_job_1024_borrow_reads,std_shared_then_raw_borrow,job,100,136906,1369.06,2406400
97,24,copy_read_drop,own_local,copy,100000,112939,1.12939,2350000
97,25,resource_lifecycle_64_assets_4096_objects,std_shared,cycle,10,721846,72184.6,17203200
97,26,create_read_destroy,std_shared,asset,100000,1456630,14.5663,65000400000
97,27,copy_read_drop,std_shared,copy,100000,1681614,16.81614,2350000
97,28,owner_retained_borrow_parameter,own_local_view,call,100000,61872,0.61872,2350000
97,29,weak_lock_expired,std_shared,lock,100000,77146,0.77146,0
97,30,group_setup_then_1_copies,std_shared,group,100000,3420109,34.20109,2000000
97,31,independent_owner_parameter,own_shared,call,100000,1368308,13.68308,2350000
97,32,group_setup_then_1024_copies,own_local,group,97,113909,1174.31958763,2334208
97,33,owner_retained_4096_draw_borrows,std_raw_borrow,frame,24,49495,2062.29166667,41287680
97,34,frame_4096_draws_64_unique_leases,own_shared,frame,24,93087,3878.625,41287680
97,35,owner_retained_4096_parameter_borrows,std_raw_borrow,frame,24,76052,3168.83333333,41287680
97,36,weak_lock_live,std_shared,lock,100000,1684553,16.84553,2350000
97,37,async_queue_job_1024_local_copies,own_local,job,100,362956,3629.56,2406400
97,38,share_read_drop,own_shared,handoff,100000,1160484,11.60484,2350000
97,39,scene_4096_attachments,own_local,attachment,98304,151926,1.54547119141,98304
97,40,borrow_read,raw_borrow,read,100000,39287,0.39287,2350000
97,41,async_queue_job_1_borrow_reads,std_shared_then_raw_borrow,job,100,52226,522.26,2000
97,42,copy_read_drop,own_shared,copy,100000,1364832,13.64832,2350000
97,43,owner_retained_borrow_copy_read,std_raw_borrow,read,100000,30014,0.30014,2350000
97,44,contended_copy_2_workers,std_shared,copy,200000,19753118,98.76559,4700000
97,45,frame_4096_draws_64_unique_leases,std_shared,frame,24,86954,3623.08333333,41287680
97,46,async_queue_job_1024_borrow_reads,own_shared_then_local_view,job,100,159102,1591.02,2406400
97,47,owner_retained_borrow_copy_read,own_local_view,read,100000,35216,0.35216,2350000
97,48,group_setup_then_1_copies,own_local,group,100000,2601591,26.01591,2000000
97,49,resettable_root_pin_1024_borrow_reads,std_shared_pin_raw_borrow,scope,97,31839,328.237113402,2334208
97,50,resource_lifecycle_64_assets_4096_objects,own_local,cycle,10,245306,24530.6,17203200
97,51,independent_owner_parameter,own_local,call,100000,119146,1.19146,2350000
97,52,localize_read_drop,std_shared,group,100000,1526012,15.26012,2350000
97,53,create_read_destroy,own_local,asset,100000,2372981,23.72981,65000400000
97,54,owner_retained_borrow_parameter,std_raw_borrow,call,100000,62097,0.62097,2350000
97,55,owner_retained_4096_draw_borrows,own_local_view,frame,24,47552,1981.33333333,41287680
98,0,independent_owner_parameter,own_local,call,100000,115771,1.15771,2350000
98,1,owner_retained_borrow_copy_read,own_local_view,read,100000,51331,0.51331,2350000
98,2,owner_retained_4096_draw_borrows,own_local_view,frame,24,54773,2282.20833333,41287680
98,3,weak_lock_expired,own_shared,lock,100000,68807,0.68807,0
98,4,weak_lock_expired,std_shared,lock,100000,89711,0.89711,0
98,5,frame_4096_draws_64_unique_leases,own_shared,frame,24,84815,3533.95833333,41287680
98,6,async_queue_job_1_borrow_reads,own_shared_then_local_view,job,100,95176,951.76,2000
98,7,resource_lifecycle_64_assets_4096_objects,own_local,cycle,10,230311,23031.1,17203200
98,8,async_queue_job_1024_borrow_reads,std_shared_then_raw_borrow,job,100,263422,2634.22,2406400
98,9,owner_retained_borrow_parameter,std_raw_borrow,call,100000,64291,0.64291,2350000
98,10,async_queue_job_1_local_copies,own_local,job,100,81577,815.77,2000
98,11,create_read_destroy,std_shared,asset,100000,1240215,12.40215,65000400000
98,12,owner_retained_borrow_parameter,own_local_view,call,100000,67596,0.67596,2350000
98,13,independent_owner_parameter,own_shared,call,100000,1339452,13.39452,2350000
98,14,async_queue_job_1024_borrow_reads,own_shared_then_local_view,job,100,179458,1794.58,2406400
98,15,localize_read_drop,std_shared,group,100000,1477414,14.77414,2350000
98,16,resettable_root_pin_1024_borrow_reads,std_shared_pin_raw_borrow,scope,97,33531,345.680412371,2334208
98,17,async_queue_job_64_borrow_reads,std_shared_then_raw_borrow,job,100,121285,1212.85,150400
98,18,async_queue_job_1_borrow_reads,std_shared_then_raw_borrow,job,100,49958,499.58,2000
98,19,group_setup_then_8_copies,own_local,group,12500,403182,32.25456,2350000
98,20,group_setup_then_8_copies,std_shared,group,12500,1890330,151.2264,2350000
98,21,group_setup_then_1024_copies,own_local,group,97,112881,1163.72164948,2334208
98,22,group_setup_then_64_copies,own_local,group,1562,246836,158.025608195,2349248
98,23,async_queue_job_1_local_copies,std_shared,job,100,127334,1273.34,2000
98,24,group_setup_then_1_copies,std_shared,group,100000,3341447,33.41447,2000000
98,25,resource_lifecycle_64_assets_4096_objects,std_shared,cycle,10,514466,51446.6,17203200
98,26,create_read_destroy,own_local,asset,100000,2284965,22.84965,65000400000
98,27,async_queue_job_64_local_copies,std_shared,job,100,402677,4026.77,150400
98,28,contended_copy_2_workers,own_shared,copy,200000,10275657,51.378285,4700000
98,29,async_queue_job_1024_local_copies,std_shared,job,100,2803922,28039.22,2406400
98,30,async_queue_job_1024_local_copies,own_local,job,100,898820,8988.2,2406400
98,31,group_setup_then_1_copies,own_local,group,100000,2530573,25.30573,2000000
98,32,localize_read_drop,own_local,group,100000,1766549,17.66549,2350000
98,33,copy_read_drop,std_shared,copy,100000,1626195,16.26195,2350000
98,34,group_setup_then_1024_copies,std_shared,group,97,1650707,17017.5979381,2334208
98,35,create_read_destroy,own_shared,asset,100000,1787062,17.87062,65000400000
98,36,scene_4096_attachments,std_shared,attachment,98304,950845,9.67249552409,98304
98,37,share_read_drop,std_shared,handoff,100000,1488260,14.8826,2350000
98,38,resettable_root_pin_1024_borrow_reads,own_shared_pin_local_view,scope,97,33629,346.690721649,2334208
98,39,async_queue_job_64_borrow_reads,own_shared_then_local_view,job,100,121445,1214.45,150400
98,40,scene_4096_attachments,own_local,attachment,98304,130614,1.32867431641,98304
98,41,independent_owner_parameter,std_shared,call,100000,1661820,16.6182,2350000
98,42,copy_read_drop,own_local,copy,100000,110559,1.10559,2350000
98,43,owner_retained_borrow_copy_read,std_raw_borrow,read,100000,33715,0.33715,2350000
98,44,owner_retained_4096_parameter_borrows,std_raw_borrow,frame,24,97961,4081.70833333,41287680
98,45,frame_4096_draws_64_unique_leases,std_shared,frame,24,84471,3519.625,41287680
98,46,share_read_drop,own_shared,handoff,100000,1132369,11.32369,2350000
98,47,async_queue_job_64_local_copies,own_local,job,100,212015,2120.15,150400
98,48,group_setup_then_64_copies,std_shared,group,1562,1682714,1077.28169014,2349248
98,49,owner_retained_4096_draw_borrows,std_raw_borrow,frame,24,62140,2589.16666667,41287680
98,50,owner_retained_4096_parameter_borrows,own_local_view,frame,24,80513,3354.70833333,41287680
98,51,borrow_read,raw_borrow,read,100000,34972,0.34972,2350000
98,52,weak_lock_live,own_shared,lock,100000,1502290,15.0229,2350000
98,53,copy_read_drop,own_shared,copy,100000,1304919,13.04919,2350000
98,54,contended_copy_2_workers,std_shared,copy,200000,19052849,95.264245,4700000
98,55,weak_lock_live,std_shared,lock,100000,1666517,16.66517,2350000
99,0,create_read_destroy,own_shared,asset,100000,1869188,18.69188,65000400000
99,1,owner_retained_4096_draw_borrows,own_local_view,frame,24,52243,2176.79166667,41287680
99,2,frame_4096_draws_64_unique_leases,own_shared,frame,24,86704,3612.66666667,41287680
99,3,scene_4096_attachments,std_shared,attachment,98304,943393,9.59668986003,98304
99,4,copy_read_drop,std_shared,copy,100000,1649676,16.49676,2350000
99,5,resettable_root_pin_1024_borrow_reads,own_shared_pin_local_view,scope,97,33705,347.474226804,2334208
99,6,group_setup_then_8_copies,own_local,group,12500,393304,31.46432,2350000
99,7,borrow_read,raw_borrow,read,100000,63007,0.63007,2350000
99,8,contended_copy_2_workers,std_shared,copy,200000,19982337,99.911685,4700000
99,9,owner_retained_4096_parameter_borrows,std_raw_borrow,frame,24,77057,3210.70833333,41287680
99,10,group_setup_then_1024_copies,own_local,group,97,116615,1202.21649485,2334208
99,11,group_setup_then_1024_copies,std_shared,group,97,1654418,17055.8556701,2334208
99,12,share_read_drop,std_shared,handoff,100000,1489387,14.89387,2350000
99,13,localize_read_drop,std_shared,group,100000,1482830,14.8283,2350000
99,14,owner_retained_borrow_parameter,std_raw_borrow,call,100000,64464,0.64464,2350000
99,15,group_setup_then_1_copies,std_shared,group,100000,3330312,33.30312,2000000
99,16,async_queue_job_1_local_copies,own_local,job,100,78164,781.64,2000
99,17,group_setup_then_64_copies,own_local,group,1562,397686,254.600512164,2349248
99,18,weak_lock_expired,own_shared,lock,100000,77262,0.77262,0
99,19,copy_read_drop,own_local,copy,100000,105235,1.05235,2350000
99,20,async_queue_job_1_borrow_reads,std_shared_then_raw_borrow,job,100,40460,404.6,2000
99,21,async_queue_job_1_borrow_reads,own_shared_then_local_view,job,100,46109,461.09,2000
99,22,async_queue_job_64_borrow_reads,std_shared_then_raw_borrow,job,100,50066,500.66,150400
99,23,async_queue_job_64_local_copies,std_shared,job,100,294605,2946.05,150400
99,24,contended_copy_2_workers,own_shared,copy,200000,11286451,56.432255,4700000
99,25,localize_read_drop,own_local,group,100000,1787212,17.87212,2350000
99,26,resource_lifecycle_64_assets_4096_objects,std_shared,cycle,10,503841,50384.1,17203200
99,27,group_setup_then_64_copies,std_shared,group,1562,1706420,1092.45838668,2349248
99,28,async_queue_job_64_borrow_reads,own_shared_then_local_view,job,100,58688,586.88,150400
99,29,weak_lock_expired,std_shared,lock,100000,77452,0.77452,0
99,30,copy_read_drop,own_shared,copy,100000,1309270,13.0927,2350000
99,31,resource_lifecycle_64_assets_4096_objects,own_local,cycle,10,251906,25190.6,17203200
99,32,create_read_destroy,own_local,asset,100000,2331914,23.31914,65000400000
99,33,owner_retained_borrow_parameter,own_local_view,call,100000,64374,0.64374,2350000
99,34,async_queue_job_1024_borrow_reads,std_shared_then_raw_borrow,job,100,95996,959.96,2406400
99,35,scene_4096_attachments,own_local,attachment,98304,134267,1.36583455404,98304
99,36,share_read_drop,own_shared,handoff,100000,1121368,11.21368,2350000
99,37,weak_lock_live,own_shared,lock,100000,1498851,14.98851,2350000
99,38,weak_lock_live,std_shared,lock,100000,1692659,16.92659,2350000
99,39,owner_retained_4096_draw_borrows,std_raw_borrow,frame,24,53042,2210.08333333,41287680
99,40,async_queue_job_1024_local_copies,std_shared,job,100,2389666,23896.66,2406400
99,41,owner_retained_borrow_copy_read,own_local_view,read,100000,32257,0.32257,2350000
99,42,owner_retained_4096_parameter_borrows,own_local_view,frame,24,76611,3192.125,41287680
99,43,async_queue_job_1_local_copies,std_shared,job,100,59167,591.67,2000
99,44,async_queue_job_1024_local_copies,own_local,job,100,353877,3538.77,2406400
99,45,create_read_destroy,std_shared,asset,100000,1192422,11.92422,65000400000
99,46,independent_owner_parameter,own_local,call,100000,116156,1.16156,2350000
99,47,async_queue_job_64_local_copies,own_local,job,100,65609,656.09,150400
99,48,group_setup_then_1_copies,own_local,group,100000,2519438,25.19438,2000000
99,49,independent_owner_parameter,std_shared,call,100000,1650751,16.50751,2350000
99,50,group_setup_then_8_copies,std_shared,group,12500,1859390,148.7512,2350000
99,51,independent_owner_parameter,own_shared,call,100000,1330362,13.30362,2350000
99,52,async_queue_job_1024_borrow_reads,own_shared_then_local_view,job,100,144164,1441.64,2406400
99,53,resettable_root_pin_1024_borrow_reads,std_shared_pin_raw_borrow,scope,97,32006,329.958762887,2334208
99,54,owner_retained_borrow_copy_read,std_raw_borrow,read,100000,42860,0.4286,2350000
99,55,frame_4096_draws_64_unique_leases,std_shared,frame,24,86385,3599.375,41287680
100,0,borrow_read,raw_borrow,read,100000,35129,0.35129,2350000
100,1,group_setup_then_8_copies,own_local,group,12500,383134,30.65072,2350000
100,2,frame_4096_draws_64_unique_leases,own_shared,frame,24,85915,3579.79166667,41287680
100,3,contended_copy_2_workers,std_shared,copy,200000,20589738,102.94869,4700000
100,4,create_read_destroy,own_shared,asset,100000,1803738,18.03738,65000400000
100,5,async_queue_job_1024_borrow_reads,own_shared_then_local_view,job,100,163113,1631.13,2406400
100,6,share_read_drop,own_shared,handoff,100000,1125389,11.25389,2350000
100,7,group_setup_then_8_copies,std_shared,group,12500,1862881,149.03048,2350000
100,8,frame_4096_draws_64_unique_leases,std_shared,frame,24,84947,3539.45833333,41287680
100,9,async_queue_job_64_local_copies,std_shared,job,100,320980,3209.8,150400
100,10,weak_lock_live,own_shared,lock,100000,1522597,15.22597,2350000
100,11,owner_retained_borrow_parameter,own_local_view,call,100000,59924,0.59924,2350000
100,12,async_queue_job_1_borrow_reads,own_shared_then_local_view,job,100,54077,540.77,2000
100,13,localize_read_drop,own_local,group,100000,1775575,17.75575,2350000
100,14,share_read_drop,std_shared,handoff,100000,1489746,14.89746,2350000
100,15,group_setup_then_1_copies,own_local,group,100000,2496476,24.96476,2000000
100,16,async_queue_job_64_borrow_reads,std_shared_then_raw_borrow,job,100,65483,654.83,150400
100,17,independent_owner_parameter,own_local,call,100000,115637,1.15637,2350000
100,18,group_setup_then_64_copies,own_local,group,1562,342633,219.3553137,2349248
100,19,contended_copy_2_workers,own_shared,copy,200000,10939649,54.698245,4700000
100,20,async_queue_job_1024_local_copies,own_local,job,100,446594,4465.94,2406400
100,21,weak_lock_expired,own_shared,lock,100000,87068,0.87068,0
100,22,localize_read_drop,std_shared,group,100000,1481765,14.81765,2350000
100,23,group_setup_then_1024_copies,std_shared,group,97,1643406,16942.3298969,2334208
100,24,independent_owner_parameter,own_shared,call,100000,1306990,13.0699,2350000
100,25,resettable_root_pin_1024_borrow_reads,std_shared_pin_raw_borrow,scope,97,33541,345.783505155,2334208
100,26,async_queue_job_64_local_copies,own_local,job,100,72455,724.55,150400
100,27,async_queue_job_1024_borrow_reads,std_shared_then_raw_borrow,job,100,109346,1093.46,2406400
100,28,async_queue_job_1_borrow_reads,std_shared_then_raw_borrow,job,100,108266,1082.66,2000
100,29,resettable_root_pin_1024_borrow_reads,own_shared_pin_local_view,scope,97,33479,345.144329897,2334208
100,30,copy_read_drop,own_shared,copy,100000,2228626,22.28626,2350000
100,31,async_queue_job_1_local_copies,std_shared,job,100,936234,9362.34,2000
100,32,owner_retained_borrow_copy_read,std_raw_borrow,read,100000,30761,0.30761,2350000
100,33,independent_owner_parameter,std_shared,call,100000,1680957,16.80957,2350000
100,34,create_read_destroy,std_shared,asset,100000,1288432,12.88432,65000400000
100,35,weak_lock_live,std_shared,lock,100000,1699337,16.99337,2350000
100,36,async_queue_job_64_borrow_reads,own_shared_then_local_view,job,100,85436,854.36,150400
100,37,owner_retained_4096_draw_borrows,std_raw_borrow,frame,24,48964,2040.16666667,41287680
100,38,group_setup_then_64_copies,std_shared,group,1562,1682700,1077.27272727,2349248
100,39,owner_retained_borrow_parameter,std_raw_borrow,call,100000,60092,0.60092,2350000
100,40,owner_retained_4096_draw_borrows,own_local_view,frame,24,48247,2010.29166667,41287680
100,41,copy_read_drop,own_local,copy,100000,105943,1.05943,2350000
100,42,resource_lifecycle_64_assets_4096_objects,std_shared,cycle,10,525786,52578.6,17203200
100,43,owner_retained_4096_parameter_borrows,std_raw_borrow,frame,24,76146,3172.75,41287680
100,44,copy_read_drop,std_shared,copy,100000,1668696,16.68696,2350000
100,45,async_queue_job_1_local_copies,own_local,job,100,4663298,46632.98,2000
100,46,weak_lock_expired,std_shared,lock,100000,99887,0.99887,0
100,47,scene_4096_attachments,own_local,attachment,98304,183958,1.87131754557,98304
100,48,async_queue_job_1024_local_copies,std_shared,job,100,2432856,24328.56,2406400
100,49,group_setup_then_1024_copies,own_local,group,97,112297,1157.70103093,2334208
100,50,owner_retained_4096_parameter_borrows,own_local_view,frame,24,77747,3239.45833333,41287680
100,51,create_read_destroy,own_local,asset,100000,2432438,24.32438,65000400000
100,52,resource_lifecycle_64_assets_4096_objects,own_local,cycle,10,226697,22669.7,17203200
100,53,scene_4096_attachments,std_shared,attachment,98304,948286,9.64646402995,98304
100,54,group_setup_then_1_copies,std_shared,group,100000,3332802,33.32802,2000000
100,55,owner_retained_borrow_copy_read,own_local_view,read,100000,30144,0.30144,2350000
