round,order,case,implementation,unit,operations,elapsed_ns,ns_per_operation,checksum
0,0,weak_lock_live,own_shared,lock,100000,1440718,14.40718,2350000
0,1,localize_read_drop,own_local,group,100000,1259994,12.59994,2350000
0,2,async_queue_job_1_local_copies,std_shared,job,100,59409,594.09,2000
0,3,async_queue_job_64_borrow_reads,std_shared_then_raw_borrow,job,100,47867,478.67,150400
0,4,async_queue_job_64_local_copies,own_local,job,100,256937,2569.37,150400
0,5,async_queue_job_1024_borrow_reads,std_shared_then_raw_borrow,job,100,126706,1267.06,2406400
0,6,async_queue_job_1024_borrow_reads,own_shared_then_local_view,job,100,174463,1744.63,2406400
0,7,group_setup_then_1_copies,std_shared,group,100000,3252400,32.524,2000000
0,8,localize_read_drop,std_shared,group,100000,1463942,14.63942,2350000
0,9,weak_lock_live,std_shared,lock,100000,1629522,16.29522,2350000
0,10,group_setup_then_1024_copies,std_shared,group,97,1623360,16735.6701031,2334208
0,11,group_setup_then_64_copies,std_shared,group,1562,1646453,1054.06722151,2349248
0,12,async_queue_job_64_local_copies,std_shared,job,100,349117,3491.17,150400
0,13,scene_4096_attachments,own_local,attachment,98304,148010,1.50563557943,98304
0,14,resource_lifecycle_64_assets_4096_objects,own_local,cycle,10,237171,23717.1,17203200
0,15,resource_lifecycle_64_assets_4096_objects,std_shared,cycle,10,486699,48669.9,17203200
0,16,owner_retained_borrow_parameter,own_local_view,call,100000,62544,0.62544,2350000
0,17,async_queue_job_1_borrow_reads,own_shared_then_local_view,job,100,38223,382.23,2000
0,18,share_read_drop,own_shared,handoff,100000,1109174,11.09174,2350000
0,19,contended_copy_2_workers,own_shared,copy,200000,7008097,35.040485,4700000
0,20,independent_owner_parameter,own_local,call,100000,121502,1.21502,2350000
0,21,share_read_drop,std_shared,handoff,100000,1453086,14.53086,2350000
0,22,independent_owner_parameter,own_shared,call,100000,1297765,12.97765,2350000
0,23,owner_retained_4096_parameter_borrows,own_local_view,frame,24,78377,3265.70833333,41287680
0,24,owner_retained_4096_draw_borrows,own_local_view,frame,24,47109,1962.875,41287680
0,25,group_setup_then_64_copies,own_local,group,1562,158060,101.19078105,2349248
0,26,group_setup_then_8_copies,own_local,group,12500,227113,18.16904,2350000
0,27,resettable_root_pin_1024_borrow_reads,own_shared_pin_local_view,scope,97,31425,323.969072165,2334208
0,28,async_queue_job_1024_local_copies,own_local,job,100,595949,5959.49,2406400
0,29,create_read_destroy,own_local,asset,100000,1919137,19.19137,65000400000
0,30,group_setup_then_1024_copies,own_local,group,97,99198,1022.65979381,2334208
0,31,owner_retained_4096_draw_borrows,std_raw_borrow,frame,24,50175,2090.625,41287680
0,32,copy_read_drop,own_shared,copy,100000,1294442,12.94442,2350000
0,33,async_queue_job_1_borrow_reads,std_shared_then_raw_borrow,job,100,63448,634.48,2000
0,34,copy_read_drop,own_local,copy,100000,105583,1.05583,2350000
0,35,independent_owner_parameter,std_shared,call,100000,1665213,16.65213,2350000
0,36,async_queue_job_1024_local_copies,std_shared,job,100,2399180,23991.8,2406400
0,37,frame_4096_draws_64_unique_leases,own_shared,frame,24,87211,3633.79166667,41287680
0,38,copy_read_drop,std_shared,copy,100000,1658847,16.58847,2350000
0,39,contended_copy_2_workers,std_shared,copy,200000,16689850,83.44925,4700000
0,40,frame_4096_draws_64_unique_leases,std_shared,frame,24,93629,3901.20833333,41287680
0,41,group_setup_then_1_copies,own_local,group,100000,1350379,13.50379,2000000
0,42,async_queue_job_64_borrow_reads,own_shared_then_local_view,job,100,77110,771.1,150400
0,43,owner_retained_borrow_copy_read,own_local_view,read,100000,30458,0.30458,2350000
0,44,scene_4096_attachments,std_shared,attachment,98304,931548,9.47619628906,98304
0,45,owner_retained_4096_parameter_borrows,std_raw_borrow,frame,24,80141,3339.20833333,41287680
0,46,resettable_root_pin_1024_borrow_reads,std_shared_pin_raw_borrow,scope,97,32203,331.989690722,2334208
0,47,group_setup_then_8_copies,std_shared,group,12500,1886732,150.93856,2350000
0,48,async_queue_job_1_local_copies,own_local,job,100,56655,566.55,2000
0,49,create_read_destroy,own_shared,asset,100000,1780660,17.8066,65000400000
0,50,weak_lock_expired,own_shared,lock,100000,70964,0.70964,0
0,51,weak_lock_expired,std_shared,lock,100000,77139,0.77139,0
0,52,owner_retained_borrow_parameter,std_raw_borrow,call,100000,64436,0.64436,2350000
0,53,create_read_destroy,std_shared,asset,100000,1212951,12.12951,65000400000
0,54,owner_retained_borrow_copy_read,std_raw_borrow,read,100000,30360,0.3036,2350000
0,55,borrow_read,raw_borrow,read,100000,35206,0.35206,2350000
1,0,resettable_root_pin_1024_borrow_reads,std_shared_pin_raw_borrow,scope,97,32033,330.237113402,2334208
1,1,group_setup_then_8_copies,std_shared,group,12500,1870724,149.65792,2350000
1,2,async_queue_job_1024_borrow_reads,std_shared_then_raw_borrow,job,100,121149,1211.49,2406400
1,3,group_setup_then_1024_copies,std_shared,group,97,1668377,17199.7628866,2334208
1,4,group_setup_then_1_copies,std_shared,group,100000,3327853,33.27853,2000000
1,5,async_queue_job_1_local_copies,own_local,job,100,82278,822.78,2000
1,6,owner_retained_4096_draw_borrows,std_raw_borrow,frame,24,47126,1963.58333333,41287680
1,7,copy_read_drop,std_shared,copy,100000,1628634,16.28634,2350000
1,8,localize_read_drop,own_local,group,100000,1273298,12.73298,2350000
1,9,create_read_destroy,own_shared,asset,100000,1769461,17.69461,65000400000
1,10,group_setup_then_8_copies,own_local,group,12500,275450,22.036,2350000
1,11,owner_retained_4096_parameter_borrows,std_raw_borrow,frame,24,79327,3305.29166667,41287680
1,12,share_read_drop,own_shared,handoff,100000,1133221,11.33221,2350000
1,13,copy_read_drop,own_shared,copy,100000,1296963,12.96963,2350000
1,14,frame_4096_draws_64_unique_leases,own_shared,frame,24,95784,3991,41287680
1,15,group_setup_then_1024_copies,own_local,group,97,104539,1077.72164948,2334208
1,16,frame_4096_draws_64_unique_leases,std_shared,frame,24,84282,3511.75,41287680
1,17,group_setup_then_1_copies,own_local,group,100000,1364098,13.64098,2000000
1,18,async_queue_job_1024_local_copies,std_shared,job,100,2393084,23930.84,2406400
1,19,weak_lock_expired,std_shared,lock,100000,76984,0.76984,0
1,20,scene_4096_attachments,std_shared,attachment,98304,945839,9.62157185872,98304
1,21,resettable_root_pin_1024_borrow_reads,own_shared_pin_local_view,scope,97,31222,321.87628866,2334208
1,22,async_queue_job_1024_borrow_reads,own_shared_then_local_view,job,100,158071,1580.71,2406400
1,23,borrow_read,raw_borrow,read,100000,35049,0.35049,2350000
1,24,independent_owner_parameter,std_shared,call,100000,1651910,16.5191,2350000
1,25,contended_copy_2_workers,own_shared,copy,200000,7109381,35.546905,4700000
1,26,contended_copy_2_workers,std_shared,copy,200000,16616588,83.08294,4700000
1,27,group_setup_then_64_copies,std_shared,group,1562,1698699,1087.51536492,2349248
1,28,create_read_destroy,std_shared,asset,100000,1215695,12.15695,65000400000
1,29,independent_owner_parameter,own_shared,call,100000,1302111,13.02111,2350000
1,30,async_queue_job_1_local_copies,std_shared,job,100,56570,565.7,2000
1,31,independent_owner_parameter,own_local,call,100000,111856,1.11856,2350000
1,32,owner_retained_borrow_copy_read,std_raw_borrow,read,100000,30249,0.30249,2350000
1,33,owner_retained_borrow_parameter,own_local_view,call,100000,60053,0.60053,2350000
1,34,weak_lock_live,own_shared,lock,100000,1514317,15.14317,2350000
1,35,create_read_destroy,own_local,asset,100000,1905893,19.05893,65000400000
1,36,resource_lifecycle_64_assets_4096_objects,std_shared,cycle,10,513527,51352.7,17203200
1,37,async_queue_job_1_borrow_reads,own_shared_then_local_view,job,100,60972,609.72,2000
1,38,weak_lock_live,std_shared,lock,100000,1694233,16.94233,2350000
1,39,async_queue_job_64_local_copies,std_shared,job,100,299790,2997.9,150400
1,40,localize_read_drop,std_shared,group,100000,1475106,14.75106,2350000
1,41,copy_read_drop,own_local,copy,100000,104631,1.04631,2350000
1,42,scene_4096_attachments,own_local,attachment,98304,144917,1.47417195638,98304
1,43,owner_retained_4096_parameter_borrows,own_local_view,frame,24,81014,3375.58333333,41287680
1,44,async_queue_job_64_borrow_reads,own_shared_then_local_view,job,100,48530,485.3,150400
1,45,async_queue_job_1024_local_copies,own_local,job,100,1175224,11752.24,2406400
1,46,async_queue_job_64_borrow_reads,std_shared_then_raw_borrow,job,100,63718,637.18,150400
1,47,share_read_drop,std_shared,handoff,100000,1470855,14.70855,2350000
1,48,async_queue_job_1_borrow_reads,std_shared_then_raw_borrow,job,100,45665,456.65,2000
1,49,async_queue_job_64_local_copies,own_local,job,100,178130,1781.3,150400
1,50,weak_lock_expired,own_shared,lock,100000,69557,0.69557,0
1,51,owner_retained_borrow_copy_read,own_local_view,read,100000,30351,0.30351,2350000
1,52,resource_lifecycle_64_assets_4096_objects,own_local,cycle,10,200546,20054.6,17203200
1,53,owner_retained_borrow_parameter,std_raw_borrow,call,100000,74501,0.74501,2350000
1,54,group_setup_then_64_copies,own_local,group,1562,112252,71.8642765685,2349248
1,55,owner_retained_4096_draw_borrows,own_local_view,frame,24,49387,2057.79166667,41287680
2,0,async_queue_job_1024_borrow_reads,own_shared_then_local_view,job,100,103663,1036.63,2406400
2,1,create_read_destroy,own_local,asset,100000,1920998,19.20998,65000400000
2,2,independent_owner_parameter,own_shared,call,100000,1294410,12.9441,2350000
2,3,copy_read_drop,own_local,copy,100000,105279,1.05279,2350000
2,4,group_setup_then_1_copies,own_local,group,100000,1358842,13.58842,2000000
2,5,owner_retained_borrow_copy_read,own_local_view,read,100000,51335,0.51335,2350000
2,6,resettable_root_pin_1024_borrow_reads,std_shared_pin_raw_borrow,scope,97,32437,334.402061856,2334208
2,7,localize_read_drop,std_shared,group,100000,1478322,14.78322,2350000
2,8,copy_read_drop,own_shared,copy,100000,1300803,13.00803,2350000
2,9,owner_retained_borrow_parameter,std_raw_borrow,call,100000,59907,0.59907,2350000
2,10,copy_read_drop,std_shared,copy,100000,1649597,16.49597,2350000
2,11,owner_retained_4096_draw_borrows,std_raw_borrow,frame,24,50390,2099.58333333,41287680
2,12,create_read_destroy,own_shared,asset,100000,1789359,17.89359,65000400000
2,13,scene_4096_attachments,std_shared,attachment,98304,932912,9.49007161458,98304
2,14,independent_owner_parameter,std_shared,call,100000,1663166,16.63166,2350000
2,15,async_queue_job_1024_local_copies,std_shared,job,100,2406720,24067.2,2406400
2,16,owner_retained_4096_parameter_borrows,own_local_view,frame,24,76667,3194.45833333,41287680
2,17,weak_lock_live,own_shared,lock,100000,1487155,14.87155,2350000
2,18,contended_copy_2_workers,own_shared,copy,200000,9475253,47.376265,4700000
2,19,owner_retained_4096_draw_borrows,own_local_view,frame,24,48349,2014.54166667,41287680
2,20,borrow_read,raw_borrow,read,100000,35373,0.35373,2350000
2,21,async_queue_job_64_borrow_reads,own_shared_then_local_view,job,100,1057059,10570.59,150400
2,22,async_queue_job_1_local_copies,own_local,job,100,90145,901.45,2000
2,23,group_setup_then_1024_copies,std_shared,group,97,1677545,17294.2783505,2334208
2,24,async_queue_job_64_local_copies,std_shared,job,100,338153,3381.53,150400
2,25,group_setup_then_64_copies,own_local,group,1562,144822,92.7157490397,2349248
2,26,frame_4096_draws_64_unique_leases,std_shared,frame,24,101543,4230.95833333,41287680
2,27,weak_lock_expired,own_shared,lock,100000,70622,0.70622,0
2,28,async_queue_job_1024_local_copies,own_local,job,100,291834,2918.34,2406400
2,29,weak_lock_live,std_shared,lock,100000,1685397,16.85397,2350000
2,30,share_read_drop,std_shared,handoff,100000,1495368,14.95368,2350000
2,31,create_read_destroy,std_shared,asset,100000,1193122,11.93122,65000400000
2,32,scene_4096_attachments,own_local,attachment,98304,146689,1.49219767253,98304
2,33,contended_copy_2_workers,std_shared,copy,200000,15173560,75.8678,4700000
2,34,frame_4096_draws_64_unique_leases,own_shared,frame,24,90588,3774.5,41287680
2,35,async_queue_job_1024_borrow_reads,std_shared_then_raw_borrow,job,100,144366,1443.66,2406400
2,36,async_queue_job_1_borrow_reads,own_shared_then_local_view,job,100,70065,700.65,2000
2,37,owner_retained_borrow_copy_read,std_raw_borrow,read,100000,30463,0.30463,2350000
2,38,owner_retained_4096_parameter_borrows,std_raw_borrow,frame,24,78746,3281.08333333,41287680
2,39,owner_retained_borrow_parameter,own_local_view,call,100000,60624,0.60624,2350000
2,40,group_setup_then_8_copies,own_local,group,12500,278190,22.2552,2350000
2,41,resettable_root_pin_1024_borrow_reads,own_shared_pin_local_view,scope,97,31406,323.773195876,2334208
2,42,independent_owner_parameter,own_local,call,100000,123825,1.23825,2350000
2,43,async_queue_job_1_local_copies,std_shared,job,100,66225,662.25,2000
2,44,group_setup_then_8_copies,std_shared,group,12500,1883577,150.68616,2350000
2,45,share_read_drop,own_shared,handoff,100000,1131394,11.31394,2350000
2,46,async_queue_job_1_borrow_reads,std_shared_then_raw_borrow,job,100,50935,509.35,2000
2,47,async_queue_job_64_borrow_reads,std_shared_then_raw_borrow,job,100,53596,535.96,150400
2,48,resource_lifecycle_64_assets_4096_objects,own_local,cycle,10,205932,20593.2,17203200
2,49,resource_lifecycle_64_assets_4096_objects,std_shared,cycle,10,511214,51121.4,17203200
2,50,async_queue_job_64_local_copies,own_local,job,100,107885,1078.85,150400
2,51,group_setup_then_1024_copies,own_local,group,97,87640,903.505154639,2334208
2,52,group_setup_then_1_copies,std_shared,group,100000,3338127,33.38127,2000000
2,53,weak_lock_expired,std_shared,lock,100000,77214,0.77214,0
2,54,group_setup_then_64_copies,std_shared,group,1562,1695496,1085.46478873,2349248
2,55,localize_read_drop,own_local,group,100000,1330500,13.305,2350000
3,0,async_queue_job_1_local_copies,own_local,job,100,1630701,16307.01,2000
3,1,frame_4096_draws_64_unique_leases,own_shared,frame,24,90495,3770.625,41287680
3,2,frame_4096_draws_64_unique_leases,std_shared,frame,24,89670,3736.25,41287680
3,3,share_read_drop,std_shared,handoff,100000,1485122,14.85122,2350000
3,4,owner_retained_borrow_copy_read,std_raw_borrow,read,100000,30003,0.30003,2350000
3,5,group_setup_then_8_copies,std_shared,group,12500,1875987,150.07896,2350000
3,6,resettable_root_pin_1024_borrow_reads,std_shared_pin_raw_borrow,scope,97,31888,328.742268041,2334208
3,7,create_read_destroy,own_shared,asset,100000,1780579,17.80579,65000400000
3,8,async_queue_job_1_local_copies,std_shared,job,100,109811,1098.11,2000
3,9,copy_read_drop,own_local,copy,100000,98695,0.98695,2350000
3,10,async_queue_job_1_borrow_reads,std_shared_then_raw_borrow,job,100,72435,724.35,2000
3,11,create_read_destroy,own_local,asset,100000,2084569,20.84569,65000400000
3,12,weak_lock_live,std_shared,lock,100000,1835310,18.3531,2350000
3,13,group_setup_then_64_copies,std_shared,group,1562,1699698,1088.15492958,2349248
3,14,async_queue_job_1024_local_copies,std_shared,job,100,2568530,25685.3,2406400
3,15,independent_owner_parameter,own_shared,call,100000,1295800,12.958,2350000
3,16,weak_lock_live,own_shared,lock,100000,1481957,14.81957,2350000
3,17,async_queue_job_64_local_copies,std_shared,job,100,257306,2573.06,150400
3,18,contended_copy_2_workers,own_shared,copy,200000,8791459,43.957295,4700000
3,19,async_queue_job_1024_local_copies,own_local,job,100,350844,3508.44,2406400
3,20,owner_retained_borrow_parameter,std_raw_borrow,call,100000,61840,0.6184,2350000
3,21,owner_retained_4096_draw_borrows,own_local_view,frame,24,50311,2096.29166667,41287680
3,22,group_setup_then_1_copies,std_shared,group,100000,3353582,33.53582,2000000
3,23,owner_retained_borrow_copy_read,own_local_view,read,100000,30122,0.30122,2350000
3,24,async_queue_job_1024_borrow_reads,std_shared_then_raw_borrow,job,100,117579,1175.79,2406400
3,25,resource_lifecycle_64_assets_4096_objects,std_shared,cycle,10,517355,51735.5,17203200
3,26,group_setup_then_1024_copies,std_shared,group,97,1652608,17037.1958763,2334208
3,27,borrow_read,raw_borrow,read,100000,35314,0.35314,2350000
3,28,share_read_drop,own_shared,handoff,100000,1112983,11.12983,2350000
3,29,independent_owner_parameter,std_shared,call,100000,1664055,16.64055,2350000
3,30,owner_retained_4096_parameter_borrows,std_raw_borrow,frame,24,91300,3804.16666667,41287680
3,31,localize_read_drop,std_shared,group,100000,1464153,14.64153,2350000
3,32,copy_read_drop,own_shared,copy,100000,1308896,13.08896,2350000
3,33,owner_retained_4096_parameter_borrows,own_local_view,frame,24,78242,3260.08333333,41287680
3,34,async_queue_job_64_borrow_reads,std_shared_then_raw_borrow,job,100,45709,457.09,150400
3,35,independent_owner_parameter,own_local,call,100000,112450,1.1245,2350000
3,36,create_read_destroy,std_shared,asset,100000,1142635,11.42635,65000400000
3,37,contended_copy_2_workers,std_shared,copy,200000,13054047,65.270235,4700000
3,38,group_setup_then_64_copies,own_local,group,1562,112041,71.7291933419,2349248
3,39,group_setup_then_8_copies,own_local,group,12500,277994,22.23952,2350000
3,40,async_queue_job_64_borrow_reads,own_shared_then_local_view,job,100,64228,642.28,150400
3,41,owner_retained_borrow_parameter,own_local_view,call,100000,59917,0.59917,2350000
3,42,scene_4096_attachments,own_local,attachment,98304,144496,1.46988932292,98304
3,43,async_queue_job_1024_borrow_reads,own_shared_then_local_view,job,100,113416,1134.16,2406400
3,44,copy_read_drop,std_shared,copy,100000,1637960,16.3796,2350000
3,45,scene_4096_attachments,std_shared,attachment,98304,936473,9.52629597982,98304
3,46,async_queue_job_64_local_copies,own_local,job,100,92144,921.44,150400
3,47,localize_read_drop,own_local,group,100000,1286212,12.86212,2350000
3,48,weak_lock_expired,own_shared,lock,100000,70761,0.70761,0
3,49,async_queue_job_1_borrow_reads,own_shared_then_local_view,job,100,78329,783.29,2000
3,50,owner_retained_4096_draw_borrows,std_raw_borrow,frame,24,48376,2015.66666667,41287680
3,51,resource_lifecycle_64_assets_4096_objects,own_local,cycle,10,196828,19682.8,17203200
3,52,resettable_root_pin_1024_borrow_reads,own_shared_pin_local_view,scope,97,31580,325.567010309,2334208
3,53,group_setup_then_1024_copies,own_local,group,97,88300,910.309278351,2334208
3,54,group_setup_then_1_copies,own_local,group,100000,1370912,13.70912,2000000
3,55,weak_lock_expired,std_shared,lock,100000,88664,0.88664,0
4,0,scene_4096_attachments,std_shared,attachment,98304,918508,9.34354654948,98304
4,1,resettable_root_pin_1024_borrow_reads,std_shared_pin_raw_borrow,scope,97,43308,446.474226804,2334208
4,2,owner_retained_4096_parameter_borrows,std_raw_borrow,frame,24,76277,3178.20833333,41287680
4,3,owner_retained_4096_draw_borrows,own_local_view,frame,24,48600,2025,41287680
4,4,weak_lock_expired,own_shared,lock,100000,70575,0.70575,0
4,5,resource_lifecycle_64_assets_4096_objects,std_shared,cycle,10,498123,49812.3,17203200
4,6,copy_read_drop,own_local,copy,100000,98444,0.98444,2350000
4,7,borrow_read,raw_borrow,read,100000,38031,0.38031,2350000
4,8,async_queue_job_64_local_copies,std_shared,job,100,297365,2973.65,150400
4,9,copy_read_drop,own_shared,copy,100000,1431280,14.3128,2350000
4,10,weak_lock_live,own_shared,lock,100000,1625155,16.25155,2350000
4,11,async_queue_job_1024_borrow_reads,std_shared_then_raw_borrow,job,100,101742,1017.42,2406400
4,12,frame_4096_draws_64_unique_leases,std_shared,frame,24,92226,3842.75,41287680
4,13,async_queue_job_1_local_copies,own_local,job,100,67001,670.01,2000
4,14,async_queue_job_1_borrow_reads,own_shared_then_local_view,job,100,62227,622.27,2000
4,15,weak_lock_live,std_shared,lock,100000,1736791,17.36791,2350000
4,16,async_queue_job_1024_local_copies,std_shared,job,100,2422759,24227.59,2406400
4,17,independent_owner_parameter,std_shared,call,100000,1665137,16.65137,2350000
4,18,group_setup_then_1_copies,std_shared,group,100000,3314068,33.14068,2000000
4,19,copy_read_drop,std_shared,copy,100000,1667814,16.67814,2350000
4,20,scene_4096_attachments,own_local,attachment,98304,144946,1.47446695964,98304
4,21,contended_copy_2_workers,own_shared,copy,200000,8953425,44.767125,4700000
4,22,create_read_destroy,own_local,asset,100000,1910101,19.10101,65000400000
4,23,async_queue_job_64_borrow_reads,own_shared_then_local_view,job,100,52522,525.22,150400
4,24,async_queue_job_64_local_copies,own_local,job,100,80591,805.91,150400
4,25,resettable_root_pin_1024_borrow_reads,own_shared_pin_local_view,scope,97,31429,324.010309278,2334208
4,26,owner_retained_borrow_copy_read,std_raw_borrow,read,100000,30029,0.30029,2350000
4,27,owner_retained_4096_draw_borrows,std_raw_borrow,frame,24,47580,1982.5,41287680
4,28,owner_retained_borrow_copy_read,own_local_view,read,100000,30024,0.30024,2350000
4,29,owner_retained_borrow_parameter,own_local_view,call,100000,64005,0.64005,2350000
4,30,async_queue_job_64_borrow_reads,std_shared_then_raw_borrow,job,100,81558,815.58,150400
4,31,group_setup_then_64_copies,std_shared,group,1562,1687132,1080.11011524,2349248
4,32,owner_retained_borrow_parameter,std_raw_borrow,call,100000,64201,0.64201,2350000
4,33,independent_owner_parameter,own_shared,call,100000,1330284,13.30284,2350000
4,34,group_setup_then_1_copies,own_local,group,100000,1365591,13.65591,2000000
4,35,independent_owner_parameter,own_local,call,100000,111921,1.11921,2350000
4,36,weak_lock_expired,std_shared,lock,100000,77314,0.77314,0
4,37,group_setup_then_8_copies,own_local,group,12500,277438,22.19504,2350000
4,38,frame_4096_draws_64_unique_leases,own_shared,frame,24,93713,3904.70833333,41287680
4,39,group_setup_then_8_copies,std_shared,group,12500,2051637,164.13096,2350000
4,40,owner_retained_4096_parameter_borrows,own_local_view,frame,24,82881,3453.375,41287680
4,41,share_read_drop,std_shared,handoff,100000,1591186,15.91186,2350000
4,42,localize_read_drop,std_shared,group,100000,1483358,14.83358,2350000
4,43,async_queue_job_1_borrow_reads,std_shared_then_raw_borrow,job,100,57584,575.84,2000
4,44,resource_lifecycle_64_assets_4096_objects,own_local,cycle,10,196324,19632.4,17203200
4,45,contended_copy_2_workers,std_shared,copy,200000,9972863,49.864315,4700000
4,46,create_read_destroy,std_shared,asset,100000,1178700,11.787,65000400000
4,47,async_queue_job_1024_borrow_reads,own_shared_then_local_view,job,100,103285,1032.85,2406400
4,48,group_setup_then_64_copies,own_local,group,1562,112495,72.0198463508,2349248
4,49,create_read_destroy,own_shared,asset,100000,1791276,17.91276,65000400000
4,50,share_read_drop,own_shared,handoff,100000,1122738,11.22738,2350000
4,51,group_setup_then_1024_copies,std_shared,group,97,1661044,17124.1649485,2334208
4,52,async_queue_job_1024_local_copies,own_local,job,100,229402,2294.02,2406400
4,53,group_setup_then_1024_copies,own_local,group,97,88930,916.804123711,2334208
4,54,localize_read_drop,own_local,group,100000,1380483,13.80483,2350000
4,55,async_queue_job_1_local_copies,std_shared,job,100,66502,665.02,2000
5,0,localize_read_drop,own_local,group,100000,1373359,13.73359,2350000
5,1,async_queue_job_1024_local_copies,own_local,job,100,329835,3298.35,2406400
5,2,share_read_drop,std_shared,handoff,100000,1507481,15.07481,2350000
5,3,share_read_drop,own_shared,handoff,100000,1115057,11.15057,2350000
5,4,async_queue_job_64_borrow_reads,own_shared_then_local_view,job,100,71943,719.43,150400
5,5,resource_lifecycle_64_assets_4096_objects,own_local,cycle,10,201142,20114.2,17203200
5,6,contended_copy_2_workers,std_shared,copy,200000,11998069,59.990345,4700000
5,7,borrow_read,raw_borrow,read,100000,35555,0.35555,2350000
5,8,group_setup_then_64_copies,own_local,group,1562,111125,71.142765685,2349248
5,9,independent_owner_parameter,own_shared,call,100000,1317772,13.17772,2350000
5,10,async_queue_job_64_borrow_reads,std_shared_then_raw_borrow,job,100,59420,594.2,150400
5,11,copy_read_drop,std_shared,copy,100000,1657513,16.57513,2350000
5,12,async_queue_job_1024_local_copies,std_shared,job,100,2430084,24300.84,2406400
5,13,group_setup_then_64_copies,std_shared,group,1562,1707723,1093.29257362,2349248
5,14,owner_retained_borrow_parameter,own_local_view,call,100000,64318,0.64318,2350000
5,15,resettable_root_pin_1024_borrow_reads,own_shared_pin_local_view,scope,97,31333,323.020618557,2334208
5,16,create_read_destroy,own_shared,asset,100000,1763963,17.63963,65000400000
5,17,copy_read_drop,own_shared,copy,100000,1333849,13.33849,2350000
5,18,async_queue_job_1_local_copies,std_shared,job,100,55844,558.44,2000
5,19,copy_read_drop,own_local,copy,100000,105269,1.05269,2350000
5,20,async_queue_job_1_borrow_reads,own_shared_then_local_view,job,100,40260,402.6,2000
5,21,resettable_root_pin_1024_borrow_reads,std_shared_pin_raw_borrow,scope,97,31823,328.072164948,2334208
5,22,async_queue_job_1024_borrow_reads,own_shared_then_local_view,job,100,121822,1218.22,2406400
5,23,weak_lock_expired,own_shared,lock,100000,70780,0.7078,0
5,24,owner_retained_4096_draw_borrows,own_local_view,frame,24,49432,2059.66666667,41287680
5,25,resource_lifecycle_64_assets_4096_objects,std_shared,cycle,10,518299,51829.9,17203200
5,26,owner_retained_4096_draw_borrows,std_raw_borrow,frame,24,49029,2042.875,41287680
5,27,owner_retained_borrow_copy_read,std_raw_borrow,read,100000,30553,0.30553,2350000
5,28,owner_retained_4096_parameter_borrows,std_raw_borrow,frame,24,76176,3174,41287680
5,29,weak_lock_expired,std_shared,lock,100000,77091,0.77091,0
5,30,group_setup_then_8_copies,std_shared,group,12500,1871738,149.73904,2350000
5,31,group_setup_then_1_copies,own_local,group,100000,1373717,13.73717,2000000
5,32,group_setup_then_1024_copies,own_local,group,97,87659,903.701030928,2334208
5,33,async_queue_job_1024_borrow_reads,std_shared_then_raw_borrow,job,100,101632,1016.32,2406400
5,34,scene_4096_attachments,std_shared,attachment,98304,932516,9.48604329427,98304
5,35,frame_4096_draws_64_unique_leases,std_shared,frame,24,83087,3461.95833333,41287680
5,36,async_queue_job_64_local_copies,own_local,job,100,88042,880.42,150400
5,37,weak_lock_live,std_shared,lock,100000,1659661,16.59661,2350000
5,38,owner_retained_4096_parameter_borrows,own_local_view,frame,24,91131,3797.125,41287680
5,39,async_queue_job_64_local_copies,std_shared,job,100,280951,2809.51,150400
5,40,weak_lock_live,own_shared,lock,100000,1495118,14.95118,2350000
5,41,frame_4096_draws_64_unique_leases,own_shared,frame,24,90460,3769.16666667,41287680
5,42,owner_retained_borrow_parameter,std_raw_borrow,call,100000,64217,0.64217,2350000
5,43,owner_retained_borrow_copy_read,own_local_view,read,100000,51347,0.51347,2350000
5,44,async_queue_job_1_borrow_reads,std_shared_then_raw_borrow,job,100,57545,575.45,2000
5,45,group_setup_then_8_copies,own_local,group,12500,286044,22.88352,2350000
5,46,scene_4096_attachments,own_local,attachment,98304,142009,1.44459025065,98304
5,47,contended_copy_2_workers,own_shared,copy,200000,9411365,47.056825,4700000
5,48,create_read_destroy,own_local,asset,100000,1938376,19.38376,65000400000
5,49,independent_owner_parameter,own_local,call,100000,112206,1.12206,2350000
5,50,localize_read_drop,std_shared,group,100000,1475098,14.75098,2350000
5,51,async_queue_job_1_local_copies,own_local,job,100,73890,738.9,2000
5,52,independent_owner_parameter,std_shared,call,100000,1673468,16.73468,2350000
5,53,group_setup_then_1_copies,std_shared,group,100000,3346193,33.46193,2000000
5,54,create_read_destroy,std_shared,asset,100000,1167162,11.67162,65000400000
5,55,group_setup_then_1024_copies,std_shared,group,97,1653806,17049.5463918,2334208
6,0,async_queue_job_64_borrow_reads,own_shared_then_local_view,job,100,73781,737.81,150400
6,1,async_queue_job_64_local_copies,own_local,job,100,80408,804.08,150400
6,2,weak_lock_expired,own_shared,lock,100000,70680,0.7068,0
6,3,frame_4096_draws_64_unique_leases,std_shared,frame,24,91975,3832.29166667,41287680
6,4,async_queue_job_1024_local_copies,own_local,job,100,353421,3534.21,2406400
6,5,create_read_destroy,std_shared,asset,100000,1204411,12.04411,65000400000
6,6,weak_lock_live,own_shared,lock,100000,1476760,14.7676,2350000
6,7,frame_4096_draws_64_unique_leases,own_shared,frame,24,93592,3899.66666667,41287680
6,8,independent_owner_parameter,own_local,call,100000,111954,1.11954,2350000
6,9,async_queue_job_1_borrow_reads,own_shared_then_local_view,job,100,66832,668.32,2000
6,10,weak_lock_live,std_shared,lock,100000,1686841,16.86841,2350000
6,11,copy_read_drop,own_local,copy,100000,104417,1.04417,2350000
6,12,async_queue_job_64_borrow_reads,std_shared_then_raw_borrow,job,100,79046,790.46,150400
6,13,async_queue_job_1_local_copies,own_local,job,100,62542,625.42,2000
6,14,localize_read_drop,std_shared,group,100000,1472052,14.72052,2350000
6,15,weak_lock_expired,std_shared,lock,100000,77229,0.77229,0
6,16,create_read_destroy,own_shared,asset,100000,1786797,17.86797,65000400000
6,17,scene_4096_attachments,own_local,attachment,98304,144628,1.47123209635,98304
6,18,owner_retained_borrow_parameter,own_local_view,call,100000,60107,0.60107,2350000
6,19,group_setup_then_8_copies,std_shared,group,12500,1868843,149.50744,2350000
6,20,independent_owner_parameter,own_shared,call,100000,1292777,12.92777,2350000
6,21,group_setup_then_64_copies,own_local,group,1562,111105,71.1299615877,2349248
6,22,async_queue_job_1_borrow_reads,std_shared_then_raw_borrow,job,100,52866,528.66,2000
6,23,async_queue_job_1024_borrow_reads,std_shared_then_raw_borrow,job,100,174402,1744.02,2406400
6,24,group_setup_then_1_copies,own_local,group,100000,1356239,13.56239,2000000
6,25,resource_lifecycle_64_assets_4096_objects,own_local,cycle,10,210731,21073.1,17203200
6,26,group_setup_then_1024_copies,own_local,group,97,88040,907.628865979,2334208
6,27,owner_retained_4096_parameter_borrows,std_raw_borrow,frame,24,80753,3364.70833333,41287680
6,28,share_read_drop,own_shared,handoff,100000,1114884,11.14884,2350000
6,29,owner_retained_borrow_copy_read,own_local_view,read,100000,51509,0.51509,2350000
6,30,contended_copy_2_workers,own_shared,copy,200000,9425241,47.126205,4700000
6,31,localize_read_drop,own_local,group,100000,1264418,12.64418,2350000
6,32,owner_retained_4096_parameter_borrows,own_local_view,frame,24,79024,3292.66666667,41287680
6,33,owner_retained_borrow_parameter,std_raw_borrow,call,100000,64281,0.64281,2350000
6,34,owner_retained_4096_draw_borrows,own_local_view,frame,24,47604,1983.5,41287680
6,35,share_read_drop,std_shared,handoff,100000,1470815,14.70815,2350000
6,36,async_queue_job_64_local_copies,std_shared,job,100,284409,2844.09,150400
6,37,group_setup_then_64_copies,std_shared,group,1562,1713204,1096.80153649,2349248
6,38,borrow_read,raw_borrow,read,100000,35328,0.35328,2350000
6,39,scene_4096_attachments,std_shared,attachment,98304,940777,9.5700785319,98304
6,40,async_queue_job_1_local_copies,std_shared,job,100,60859,608.59,2000
6,41,async_queue_job_1024_local_copies,std_shared,job,100,2439111,24391.11,2406400
6,42,resettable_root_pin_1024_borrow_reads,std_shared_pin_raw_borrow,scope,97,32183,331.783505155,2334208
6,43,resource_lifecycle_64_assets_4096_objects,std_shared,cycle,10,527635,52763.5,17203200
6,44,independent_owner_parameter,std_shared,call,100000,1684461,16.84461,2350000
6,45,create_read_destroy,own_local,asset,100000,1981908,19.81908,65000400000
6,46,contended_copy_2_workers,std_shared,copy,200000,11383837,56.919185,4700000
6,47,copy_read_drop,std_shared,copy,100000,1669734,16.69734,2350000
6,48,resettable_root_pin_1024_borrow_reads,own_shared_pin_local_view,scope,97,31306,322.742268041,2334208
6,49,group_setup_then_8_copies,own_local,group,12500,294911,23.59288,2350000
6,50,async_queue_job_1024_borrow_reads,own_shared_then_local_view,job,100,209598,2095.98,2406400
6,51,owner_retained_4096_draw_borrows,std_raw_borrow,frame,24,47590,1982.91666667,41287680
6,52,owner_retained_borrow_copy_read,std_raw_borrow,read,100000,33361,0.33361,2350000
6,53,group_setup_then_1024_copies,std_shared,group,97,1722493,17757.6597938,2334208
6,54,group_setup_then_1_copies,std_shared,group,100000,3340724,33.40724,2000000
6,55,copy_read_drop,own_shared,copy,100000,1369267,13.69267,2350000
7,0,resource_lifecycle_64_assets_4096_objects,own_local,cycle,10,215621,21562.1,17203200
7,1,share_read_drop,std_shared,handoff,100000,1520661,15.20661,2350000
7,2,owner_retained_4096_draw_borrows,own_local_view,frame,24,47149,1964.54166667,41287680
7,3,weak_lock_expired,std_shared,lock,100000,81086,0.81086,0
7,4,async_queue_job_1_borrow_reads,own_shared_then_local_view,job,100,184224,1842.24,2000
7,5,async_queue_job_1024_local_copies,std_shared,job,100,2622467,26224.67,2406400
7,6,resource_lifecycle_64_assets_4096_objects,std_shared,cycle,10,543792,54379.2,17203200
7,7,frame_4096_draws_64_unique_leases,own_shared,frame,24,92951,3872.95833333,41287680
7,8,group_setup_then_1024_copies,std_shared,group,97,1699097,17516.4639175,2334208
7,9,weak_lock_live,own_shared,lock,100000,1549574,15.49574,2350000
7,10,resettable_root_pin_1024_borrow_reads,std_shared_pin_raw_borrow,scope,97,32100,330.927835052,2334208
7,11,copy_read_drop,own_local,copy,100000,104747,1.04747,2350000
7,12,async_queue_job_1_borrow_reads,std_shared_then_raw_borrow,job,100,57787,577.87,2000
7,13,share_read_drop,own_shared,handoff,100000,1137197,11.37197,2350000
7,14,group_setup_then_64_copies,std_shared,group,1562,1729327,1107.12355954,2349248
7,15,group_setup_then_1_copies,std_shared,group,100000,3348230,33.4823,2000000
7,16,resettable_root_pin_1024_borrow_reads,own_shared_pin_local_view,scope,97,42624,439.422680412,2334208
7,17,create_read_destroy,own_local,asset,100000,2008503,20.08503,65000400000
7,18,independent_owner_parameter,own_shared,call,100000,1350746,13.50746,2350000
7,19,async_queue_job_64_borrow_reads,own_shared_then_local_view,job,100,56854,568.54,150400
7,20,independent_owner_parameter,own_local,call,100000,118842,1.18842,2350000
7,21,independent_owner_parameter,std_shared,call,100000,1679659,16.79659,2350000
7,22,group_setup_then_8_copies,own_local,group,12500,293027,23.44216,2350000
7,23,localize_read_drop,own_local,group,100000,1289548,12.89548,2350000
7,24,group_setup_then_8_copies,std_shared,group,12500,1894900,151.592,2350000
7,25,async_queue_job_1_local_copies,std_shared,job,100,73848,738.48,2000
7,26,group_setup_then_1_copies,own_local,group,100000,1362669,13.62669,2000000
7,27,localize_read_drop,std_shared,group,100000,1458776,14.58776,2350000
7,28,create_read_destroy,std_shared,asset,100000,1180017,11.80017,65000400000
7,29,owner_retained_borrow_parameter,std_raw_borrow,call,100000,60014,0.60014,2350000
7,30,owner_retained_4096_parameter_borrows,std_raw_borrow,frame,24,79292,3303.83333333,41287680
7,31,async_queue_job_64_borrow_reads,std_shared_then_raw_borrow,job,100,101496,1014.96,150400
7,32,async_queue_job_1024_local_copies,own_local,job,100,277960,2779.6,2406400
7,33,owner_retained_borrow_copy_read,own_local_view,read,100000,30171,0.30171,2350000
7,34,borrow_read,raw_borrow,read,100000,35113,0.35113,2350000
7,35,async_queue_job_1024_borrow_reads,own_shared_then_local_view,job,100,116405,1164.05,2406400
7,36,owner_retained_4096_draw_borrows,std_raw_borrow,frame,24,46882,1953.41666667,41287680
7,37,scene_4096_attachments,std_shared,attachment,98304,934729,9.5085550944,98304
7,38,group_setup_then_1024_copies,own_local,group,97,88191,909.18556701,2334208
7,39,scene_4096_attachments,own_local,attachment,98304,142847,1.45311482747,98304
7,40,owner_retained_4096_parameter_borrows,own_local_view,frame,24,76568,3190.33333333,41287680
7,41,async_queue_job_1_local_copies,own_local,job,100,85415,854.15,2000
7,42,group_setup_then_64_copies,own_local,group,1562,122103,78.1709346991,2349248
7,43,contended_copy_2_workers,std_shared,copy,200000,12417499,62.087495,4700000
7,44,copy_read_drop,std_shared,copy,100000,1659809,16.59809,2350000
7,45,async_queue_job_64_local_copies,own_local,job,100,59561,595.61,150400
7,46,async_queue_job_64_local_copies,std_shared,job,100,286508,2865.08,150400
7,47,owner_retained_borrow_parameter,own_local_view,call,100000,64317,0.64317,2350000
7,48,owner_retained_borrow_copy_read,std_raw_borrow,read,100000,30154,0.30154,2350000
7,49,copy_read_drop,own_shared,copy,100000,1297031,12.97031,2350000
7,50,create_read_destroy,own_shared,asset,100000,1787319,17.87319,65000400000
7,51,contended_copy_2_workers,own_shared,copy,200000,8692099,43.460495,4700000
7,52,weak_lock_expired,own_shared,lock,100000,70611,0.70611,0
7,53,weak_lock_live,std_shared,lock,100000,1675726,16.75726,2350000
7,54,async_queue_job_1024_borrow_reads,std_shared_then_raw_borrow,job,100,94842,948.42,2406400
7,55,frame_4096_draws_64_unique_leases,std_shared,frame,24,85190,3549.58333333,41287680
8,0,share_read_drop,std_shared,handoff,100000,1476592,14.76592,2350000
8,1,localize_read_drop,std_shared,group,100000,1470117,14.70117,2350000
8,2,async_queue_job_1_local_copies,own_local,job,100,58708,587.08,2000
8,3,async_queue_job_1_borrow_reads,std_shared_then_raw_borrow,job,100,59416,594.16,2000
8,4,contended_copy_2_workers,std_shared,copy,200000,14781387,73.906935,4700000
8,5,resettable_root_pin_1024_borrow_reads,own_shared_pin_local_view,scope,97,31317,322.855670103,2334208
8,6,async_queue_job_1_borrow_reads,own_shared_then_local_view,job,100,65379,653.79,2000
8,7,owner_retained_borrow_copy_read,std_raw_borrow,read,100000,30101,0.30101,2350000
8,8,group_setup_then_64_copies,own_local,group,1562,109918,70.3700384123,2349248
8,9,frame_4096_draws_64_unique_leases,own_shared,frame,24,86184,3591,41287680
8,10,group_setup_then_1_copies,std_shared,group,100000,3342022,33.42022,2000000
8,11,group_setup_then_1024_copies,own_local,group,97,87800,905.154639175,2334208
8,12,owner_retained_4096_parameter_borrows,std_raw_borrow,frame,24,87926,3663.58333333,41287680
8,13,weak_lock_expired,own_shared,lock,100000,70573,0.70573,0
8,14,copy_read_drop,own_local,copy,100000,105801,1.05801,2350000
8,15,async_queue_job_1024_borrow_reads,std_shared_then_raw_borrow,job,100,115980,1159.8,2406400
8,16,create_read_destroy,own_shared,asset,100000,1767391,17.67391,65000400000
8,17,resource_lifecycle_64_assets_4096_objects,own_local,cycle,10,202236,20223.6,17203200
8,18,owner_retained_borrow_copy_read,own_local_view,read,100000,51337,0.51337,2350000
8,19,owner_retained_4096_parameter_borrows,own_local_view,frame,24,76350,3181.25,41287680
8,20,weak_lock_expired,std_shared,lock,100000,77044,0.77044,0
8,21,independent_owner_parameter,own_local,call,100000,112472,1.12472,2350000
8,22,weak_lock_live,std_shared,lock,100000,1693227,16.93227,2350000
8,23,group_setup_then_1_copies,own_local,group,100000,1346985,13.46985,2000000
8,24,frame_4096_draws_64_unique_leases,std_shared,frame,24,85265,3552.70833333,41287680
8,25,borrow_read,raw_borrow,read,100000,34911,0.34911,2350000
8,26,async_queue_job_1024_borrow_reads,own_shared_then_local_view,job,100,111714,1117.14,2406400
8,27,owner_retained_borrow_parameter,std_raw_borrow,call,100000,59923,0.59923,2350000
8,28,owner_retained_4096_draw_borrows,std_raw_borrow,frame,24,97055,4043.95833333,41287680
8,29,resettable_root_pin_1024_borrow_reads,std_shared_pin_raw_borrow,scope,97,31486,324.597938144,2334208
8,30,create_read_destroy,std_shared,asset,100000,1200715,12.00715,65000400000
8,31,async_queue_job_1024_local_copies,own_local,job,100,312313,3123.13,2406400
8,32,weak_lock_live,own_shared,lock,100000,1489912,14.89912,2350000
8,33,group_setup_then_64_copies,std_shared,group,1562,1692880,1083.7900128,2349248
8,34,async_queue_job_1024_local_copies,std_shared,job,100,2421491,24214.91,2406400
8,35,group_setup_then_8_copies,std_shared,group,12500,1893404,151.47232,2350000
8,36,async_queue_job_1_local_copies,std_shared,job,100,53737,537.37,2000
8,37,copy_read_drop,own_shared,copy,100000,1302898,13.02898,2350000
8,38,async_queue_job_64_borrow_reads,std_shared_then_raw_borrow,job,100,68631,686.31,150400
8,39,async_queue_job_64_borrow_reads,own_shared_then_local_view,job,100,56981,569.81,150400
8,40,resource_lifecycle_64_assets_4096_objects,std_shared,cycle,10,512448,51244.8,17203200
8,41,contended_copy_2_workers,own_shared,copy,200000,7581980,37.9099,4700000
8,42,async_queue_job_64_local_copies,own_local,job,100,61392,613.92,150400
8,43,create_read_destroy,own_local,asset,100000,1965194,19.65194,65000400000
8,44,independent_owner_parameter,std_shared,call,100000,1672039,16.72039,2350000
8,45,share_read_drop,own_shared,handoff,100000,1127027,11.27027,2350000
8,46,group_setup_then_8_copies,own_local,group,12500,226499,18.11992,2350000
8,47,owner_retained_borrow_parameter,own_local_view,call,100000,64285,0.64285,2350000
8,48,owner_retained_4096_draw_borrows,own_local_view,frame,24,55492,2312.16666667,41287680
8,49,copy_read_drop,std_shared,copy,100000,1682505,16.82505,2350000
8,50,scene_4096_attachments,own_local,attachment,98304,149618,1.5219930013,98304
8,51,async_queue_job_64_local_copies,std_shared,job,100,407427,4074.27,150400
8,52,independent_owner_parameter,own_shared,call,100000,1308796,13.08796,2350000
8,53,localize_read_drop,own_local,group,100000,1347406,13.47406,2350000
8,54,group_setup_then_1024_copies,std_shared,group,97,1699637,17522.0309278,2334208
8,55,scene_4096_attachments,std_shared,attachment,98304,940839,9.57070922852,98304
9,0,async_queue_job_1024_borrow_reads,own_shared_then_local_view,job,100,140715,1407.15,2406400
9,1,group_setup_then_1024_copies,own_local,group,97,88549,912.87628866,2334208
9,2,async_queue_job_64_borrow_reads,std_shared_then_raw_borrow,job,100,66264,662.64,150400
9,3,group_setup_then_1024_copies,std_shared,group,97,1683999,17360.814433,2334208
9,4,create_read_destroy,std_shared,asset,100000,1185956,11.85956,65000400000
9,5,create_read_destroy,own_shared,asset,100000,1781173,17.81173,65000400000
9,6,resettable_root_pin_1024_borrow_reads,std_shared_pin_raw_borrow,scope,97,31405,323.762886598,2334208
9,7,resource_lifecycle_64_assets_4096_objects,std_shared,cycle,10,541951,54195.1,17203200
9,8,group_setup_then_8_copies,std_shared,group,12500,1902186,152.17488,2350000
9,9,owner_retained_borrow_parameter,own_local_view,call,100000,73334,0.73334,2350000
9,10,owner_retained_4096_draw_borrows,std_raw_borrow,frame,24,50191,2091.29166667,41287680
9,11,weak_lock_live,own_shared,lock,100000,1488749,14.88749,2350000
9,12,copy_read_drop,std_shared,copy,100000,1662874,16.62874,2350000
9,13,group_setup_then_8_copies,own_local,group,12500,272310,21.7848,2350000
9,14,async_queue_job_64_local_copies,own_local,job,100,83401,834.01,150400
9,15,copy_read_drop,own_shared,copy,100000,1413334,14.13334,2350000
9,16,owner_retained_4096_draw_borrows,own_local_view,frame,24,51653,2152.20833333,41287680
9,17,async_queue_job_1_local_copies,std_shared,job,100,79232,792.32,2000
9,18,group_setup_then_64_copies,std_shared,group,1562,1852938,1186.25992318,2349248
9,19,async_queue_job_64_borrow_reads,own_shared_then_local_view,job,100,74811,748.11,150400
9,20,owner_retained_borrow_copy_read,std_raw_borrow,read,100000,32591,0.32591,2350000
9,21,weak_lock_expired,own_shared,lock,100000,74373,0.74373,0
9,22,scene_4096_attachments,own_local,attachment,98304,154992,1.57666015625,98304
9,23,async_queue_job_1_borrow_reads,own_shared_then_local_view,job,100,64142,641.42,2000
9,24,frame_4096_draws_64_unique_leases,own_shared,frame,24,86508,3604.5,41287680
9,25,async_queue_job_1024_local_copies,std_shared,job,100,2451278,24512.78,2406400
9,26,localize_read_drop,own_local,group,100000,1285921,12.85921,2350000
9,27,async_queue_job_64_local_copies,std_shared,job,100,264274,2642.74,150400
9,28,async_queue_job_1024_local_copies,own_local,job,100,308710,3087.1,2406400
9,29,independent_owner_parameter,std_shared,call,100000,1627104,16.27104,2350000
9,30,frame_4096_draws_64_unique_leases,std_shared,frame,24,83281,3470.04166667,41287680
9,31,weak_lock_live,std_shared,lock,100000,1647048,16.47048,2350000
9,32,weak_lock_expired,std_shared,lock,100000,75153,0.75153,0
9,33,scene_4096_attachments,std_shared,attachment,98304,926547,9.42532348633,98304
9,34,owner_retained_borrow_copy_read,own_local_view,read,100000,32212,0.32212,2350000
9,35,contended_copy_2_workers,std_shared,copy,200000,5489670,27.44835,4700000
9,36,share_read_drop,own_shared,handoff,100000,1116979,11.16979,2350000
9,37,owner_retained_4096_parameter_borrows,std_raw_borrow,frame,24,77815,3242.29166667,41287680
9,38,group_setup_then_1_copies,std_shared,group,100000,3346443,33.46443,2000000
9,39,async_queue_job_1024_borrow_reads,std_shared_then_raw_borrow,job,100,203258,2032.58,2406400
9,40,async_queue_job_1_local_copies,own_local,job,100,40234,402.34,2000
9,41,share_read_drop,std_shared,handoff,100000,1529270,15.2927,2350000
9,42,localize_read_drop,std_shared,group,100000,1555286,15.55286,2350000
9,43,independent_owner_parameter,own_shared,call,100000,1417491,14.17491,2350000
9,44,group_setup_then_1_copies,own_local,group,100000,1479088,14.79088,2000000
9,45,group_setup_then_64_copies,own_local,group,1562,141095,90.3297055058,2349248
9,46,resettable_root_pin_1024_borrow_reads,own_shared_pin_local_view,scope,97,31569,325.453608247,2334208
9,47,independent_owner_parameter,own_local,call,100000,112859,1.12859,2350000
9,48,async_queue_job_1_borrow_reads,std_shared_then_raw_borrow,job,100,81856,818.56,2000
9,49,create_read_destroy,own_local,asset,100000,2012127,20.12127,65000400000
9,50,copy_read_drop,own_local,copy,100000,117016,1.17016,2350000
9,51,resource_lifecycle_64_assets_4096_objects,own_local,cycle,10,205998,20599.8,17203200
9,52,contended_copy_2_workers,own_shared,copy,200000,4369834,21.84917,4700000
9,53,borrow_read,raw_borrow,read,100000,35240,0.3524,2350000
9,54,owner_retained_borrow_parameter,std_raw_borrow,call,100000,60002,0.60002,2350000
9,55,owner_retained_4096_parameter_borrows,own_local_view,frame,24,78606,3275.25,41287680
10,0,weak_lock_live,own_shared,lock,100000,1596584,15.96584,2350000
10,1,borrow_read,raw_borrow,read,100000,34951,0.34951,2350000
10,2,group_setup_then_8_copies,own_local,group,12500,267653,21.41224,2350000
10,3,scene_4096_attachments,std_shared,attachment,98304,1034527,10.5237528483,98304
10,4,async_queue_job_1_local_copies,std_shared,job,100,110569,1105.69,2000
10,5,create_read_destroy,std_shared,asset,100000,1322721,13.22721,65000400000
10,6,scene_4096_attachments,own_local,attachment,98304,158425,1.61158243815,98304
10,7,owner_retained_4096_draw_borrows,std_raw_borrow,frame,24,54688,2278.66666667,41287680
10,8,localize_read_drop,std_shared,group,100000,1614638,16.14638,2350000
10,9,weak_lock_expired,own_shared,lock,100000,70744,0.70744,0
10,10,resettable_root_pin_1024_borrow_reads,std_shared_pin_raw_borrow,scope,97,31908,328.948453608,2334208
10,11,frame_4096_draws_64_unique_leases,own_shared,frame,24,87041,3626.70833333,41287680
10,12,share_read_drop,own_shared,handoff,100000,1115472,11.15472,2350000
10,13,independent_owner_parameter,own_local,call,100000,112798,1.12798,2350000
10,14,copy_read_drop,own_local,copy,100000,105665,1.05665,2350000
10,15,resettable_root_pin_1024_borrow_reads,own_shared_pin_local_view,scope,97,31203,321.680412371,2334208
10,16,owner_retained_4096_parameter_borrows,own_local_view,frame,24,76238,3176.58333333,41287680
10,17,async_queue_job_1_borrow_reads,std_shared_then_raw_borrow,job,100,63982,639.82,2000
10,18,async_queue_job_64_local_copies,std_shared,job,100,294126,2941.26,150400
10,19,async_queue_job_1024_local_copies,std_shared,job,100,2429406,24294.06,2406400
10,20,contended_copy_2_workers,std_shared,copy,200000,15619092,78.09546,4700000
10,21,async_queue_job_1_local_copies,own_local,job,100,53541,535.41,2000
10,22,independent_owner_parameter,own_shared,call,100000,1301578,13.01578,2350000
10,23,async_queue_job_1_borrow_reads,own_shared_then_local_view,job,100,58905,589.05,2000
10,24,group_setup_then_1024_copies,std_shared,group,97,1655220,17064.1237113,2334208
10,25,async_queue_job_1024_borrow_reads,own_shared_then_local_view,job,100,154677,1546.77,2406400
10,26,async_queue_job_1024_borrow_reads,std_shared_then_raw_borrow,job,100,127330,1273.3,2406400
10,27,create_read_destroy,own_local,asset,100000,1921801,19.21801,65000400000
10,28,group_setup_then_8_copies,std_shared,group,12500,1834195,146.7356,2350000
10,29,async_queue_job_1024_local_copies,own_local,job,100,243616,2436.16,2406400
10,30,copy_read_drop,own_shared,copy,100000,1257717,12.57717,2350000
10,31,owner_retained_borrow_copy_read,std_raw_borrow,read,100000,28658,0.28658,2350000
10,32,contended_copy_2_workers,own_shared,copy,200000,7926612,39.63306,4700000
10,33,copy_read_drop,std_shared,copy,100000,1564022,15.64022,2350000
10,34,group_setup_then_1_copies,own_local,group,100000,1292041,12.92041,2000000
10,35,weak_lock_live,std_shared,lock,100000,1624654,16.24654,2350000
10,36,owner_retained_4096_parameter_borrows,std_raw_borrow,frame,24,74935,3122.29166667,41287680
10,37,async_queue_job_64_borrow_reads,own_shared_then_local_view,job,100,73182,731.82,150400
10,38,async_queue_job_64_borrow_reads,std_shared_then_raw_borrow,job,100,57890,578.9,150400
10,39,owner_retained_borrow_parameter,own_local_view,call,100000,60809,0.60809,2350000
10,40,owner_retained_borrow_copy_read,own_local_view,read,100000,48876,0.48876,2350000
10,41,group_setup_then_1_copies,std_shared,group,100000,3353127,33.53127,2000000
10,42,resource_lifecycle_64_assets_4096_objects,own_local,cycle,10,217100,21710,17203200
10,43,independent_owner_parameter,std_shared,call,100000,1646186,16.46186,2350000
10,44,group_setup_then_64_copies,std_shared,group,1562,1701462,1089.28425096,2349248
10,45,group_setup_then_1024_copies,own_local,group,97,88483,912.195876289,2334208
10,46,share_read_drop,std_shared,handoff,100000,1474851,14.74851,2350000
10,47,owner_retained_borrow_parameter,std_raw_borrow,call,100000,60011,0.60011,2350000
10,48,resource_lifecycle_64_assets_4096_objects,std_shared,cycle,10,502501,50250.1,17203200
10,49,owner_retained_4096_draw_borrows,own_local_view,frame,24,47682,1986.75,41287680
10,50,group_setup_then_64_copies,own_local,group,1562,111495,71.3796414853,2349248
10,51,frame_4096_draws_64_unique_leases,std_shared,frame,24,89658,3735.75,41287680
10,52,create_read_destroy,own_shared,asset,100000,1806244,18.06244,65000400000
10,53,localize_read_drop,own_local,group,100000,1280355,12.80355,2350000
10,54,weak_lock_expired,std_shared,lock,100000,88569,0.88569,0
10,55,async_queue_job_64_local_copies,own_local,job,100,94736,947.36,150400
11,0,async_queue_job_64_borrow_reads,std_shared_then_raw_borrow,job,100,75984,759.84,150400
11,1,owner_retained_borrow_copy_read,own_local_view,read,100000,30842,0.30842,2350000
11,2,weak_lock_live,std_shared,lock,100000,1726009,17.26009,2350000
11,3,owner_retained_borrow_parameter,std_raw_borrow,call,100000,73659,0.73659,2350000
11,4,create_read_destroy,own_local,asset,100000,1893067,18.93067,65000400000
11,5,resource_lifecycle_64_assets_4096_objects,own_local,cycle,10,205070,20507,17203200
11,6,group_setup_then_1_copies,own_local,group,100000,1348438,13.48438,2000000
11,7,group_setup_then_1_copies,std_shared,group,100000,3356733,33.56733,2000000
11,8,group_setup_then_8_copies,std_shared,group,12500,1881627,150.53016,2350000
11,9,async_queue_job_1_borrow_reads,std_shared_then_raw_borrow,job,100,85905,859.05,2000
11,10,copy_read_drop,std_shared,copy,100000,1644858,16.44858,2350000
11,11,owner_retained_4096_parameter_borrows,own_local_view,frame,24,76128,3172,41287680
11,12,group_setup_then_64_copies,std_shared,group,1562,1710064,1094.79129321,2349248
11,13,create_read_destroy,own_shared,asset,100000,1765370,17.6537,65000400000
11,14,weak_lock_expired,std_shared,lock,100000,77274,0.77274,0
11,15,resettable_root_pin_1024_borrow_reads,std_shared_pin_raw_borrow,scope,97,31887,328.731958763,2334208
11,16,owner_retained_4096_parameter_borrows,std_raw_borrow,frame,24,77269,3219.54166667,41287680
11,17,share_read_drop,own_shared,handoff,100000,1119818,11.19818,2350000
11,18,scene_4096_attachments,std_shared,attachment,98304,962529,9.79135131836,98304
11,19,contended_copy_2_workers,own_shared,copy,200000,8705913,43.529565,4700000
11,20,copy_read_drop,own_local,copy,100000,105613,1.05613,2350000
11,21,localize_read_drop,own_local,group,100000,1281504,12.81504,2350000
11,22,async_queue_job_1_local_copies,own_local,job,100,63230,632.3,2000
11,23,copy_read_drop,own_shared,copy,100000,1315007,13.15007,2350000
11,24,frame_4096_draws_64_unique_leases,std_shared,frame,24,115060,4794.16666667,41287680
11,25,weak_lock_expired,own_shared,lock,100000,68615,0.68615,0
11,26,resource_lifecycle_64_assets_4096_objects,std_shared,cycle,10,516274,51627.4,17203200
11,27,owner_retained_4096_draw_borrows,own_local_view,frame,24,47063,1960.95833333,41287680
11,28,async_queue_job_1024_local_copies,std_shared,job,100,2421499,24214.99,2406400
11,29,async_queue_job_64_borrow_reads,own_shared_then_local_view,job,100,86834,868.34,150400
11,30,owner_retained_4096_draw_borrows,std_raw_borrow,frame,24,48310,2012.91666667,41287680
11,31,localize_read_drop,std_shared,group,100000,1483293,14.83293,2350000
11,32,group_setup_then_8_copies,own_local,group,12500,275455,22.0364,2350000
11,33,group_setup_then_1024_copies,std_shared,group,97,1791021,18464.1340206,2334208
11,34,contended_copy_2_workers,std_shared,copy,200000,15490791,77.453955,4700000
11,35,weak_lock_live,own_shared,lock,100000,1510824,15.10824,2350000
11,36,async_queue_job_1024_borrow_reads,own_shared_then_local_view,job,100,121213,1212.13,2406400
11,37,create_read_destroy,std_shared,asset,100000,1191269,11.91269,65000400000
11,38,async_queue_job_1024_borrow_reads,std_shared_then_raw_borrow,job,100,90032,900.32,2406400
11,39,async_queue_job_1_borrow_reads,own_shared_then_local_view,job,100,47339,473.39,2000
11,40,share_read_drop,std_shared,handoff,100000,1460167,14.60167,2350000
11,41,async_queue_job_64_local_copies,own_local,job,100,55643,556.43,150400
11,42,frame_4096_draws_64_unique_leases,own_shared,frame,24,92616,3859,41287680
11,43,scene_4096_attachments,own_local,attachment,98304,139079,1.41478474935,98304
11,44,independent_owner_parameter,std_shared,call,100000,1665745,16.65745,2350000
11,45,independent_owner_parameter,own_local,call,100000,114194,1.14194,2350000
11,46,owner_retained_borrow_parameter,own_local_view,call,100000,59934,0.59934,2350000
11,47,group_setup_then_1024_copies,own_local,group,97,110879,1143.08247423,2334208
11,48,resettable_root_pin_1024_borrow_reads,own_shared_pin_local_view,scope,97,31342,323.113402062,2334208
11,49,async_queue_job_1024_local_copies,own_local,job,100,322832,3228.32,2406400
11,50,group_setup_then_64_copies,own_local,group,1562,110614,70.8156209987,2349248
11,51,independent_owner_parameter,own_shared,call,100000,1298410,12.9841,2350000
11,52,borrow_read,raw_borrow,read,100000,35199,0.35199,2350000
11,53,owner_retained_borrow_copy_read,std_raw_borrow,read,100000,29996,0.29996,2350000
11,54,async_queue_job_64_local_copies,std_shared,job,100,239042,2390.42,150400
11,55,async_queue_job_1_local_copies,std_shared,job,100,73734,737.34,2000
12,0,owner_retained_4096_draw_borrows,std_raw_borrow,frame,24,53394,2224.75,41287680
12,1,create_read_destroy,std_shared,asset,100000,1258520,12.5852,65000400000
12,2,group_setup_then_1_copies,own_local,group,100000,1362533,13.62533,2000000
12,3,copy_read_drop,own_local,copy,100000,105687,1.05687,2350000
12,4,copy_read_drop,own_shared,copy,100000,1305078,13.05078,2350000
12,5,group_setup_then_64_copies,own_local,group,1562,112982,72.3316261204,2349248
12,6,owner_retained_borrow_parameter,own_local_view,call,100000,59916,0.59916,2350000
12,7,share_read_drop,std_shared,handoff,100000,1474196,14.74196,2350000
12,8,owner_retained_borrow_parameter,std_raw_borrow,call,100000,60003,0.60003,2350000
12,9,weak_lock_expired,std_shared,lock,100000,77612,0.77612,0
12,10,async_queue_job_1024_local_copies,own_local,job,100,383898,3838.98,2406400
12,11,async_queue_job_64_local_copies,std_shared,job,100,267099,2670.99,150400
12,12,resource_lifecycle_64_assets_4096_objects,own_local,cycle,10,198993,19899.3,17203200
12,13,share_read_drop,own_shared,handoff,100000,1302933,13.02933,2350000
12,14,scene_4096_attachments,std_shared,attachment,98304,950380,9.66776529948,98304
12,15,localize_read_drop,std_shared,group,100000,1468760,14.6876,2350000
12,16,async_queue_job_64_local_copies,own_local,job,100,63099,630.99,150400
12,17,independent_owner_parameter,own_local,call,100000,111616,1.11616,2350000
12,18,localize_read_drop,own_local,group,100000,1274221,12.74221,2350000
12,19,scene_4096_attachments,own_local,attachment,98304,156586,1.59287516276,98304
12,20,group_setup_then_8_copies,std_shared,group,12500,1872506,149.80048,2350000
12,21,async_queue_job_1024_borrow_reads,own_shared_then_local_view,job,100,111908,1119.08,2406400
12,22,group_setup_then_1024_copies,own_local,group,97,87744,904.577319588,2334208
12,23,async_queue_job_1_borrow_reads,own_shared_then_local_view,job,100,40567,405.67,2000
12,24,weak_lock_live,own_shared,lock,100000,1479016,14.79016,2350000
12,25,group_setup_then_8_copies,own_local,group,12500,277473,22.19784,2350000
12,26,frame_4096_draws_64_unique_leases,std_shared,frame,24,95324,3971.83333333,41287680
12,27,owner_retained_4096_draw_borrows,own_local_view,frame,24,48543,2022.625,41287680
12,28,group_setup_then_1_copies,std_shared,group,100000,3338350,33.3835,2000000
12,29,resettable_root_pin_1024_borrow_reads,own_shared_pin_local_view,scope,97,31380,323.505154639,2334208
12,30,async_queue_job_1024_local_copies,std_shared,job,100,2445693,24456.93,2406400
12,31,create_read_destroy,own_local,asset,100000,1911216,19.11216,65000400000
12,32,async_queue_job_1_local_copies,own_local,job,100,72512,725.12,2000
12,33,group_setup_then_1024_copies,std_shared,group,97,1694770,17471.8556701,2334208
12,34,borrow_read,raw_borrow,read,100000,35061,0.35061,2350000
12,35,owner_retained_borrow_copy_read,own_local_view,read,100000,32478,0.32478,2350000
12,36,copy_read_drop,std_shared,copy,100000,1672921,16.72921,2350000
12,37,async_queue_job_1024_borrow_reads,std_shared_then_raw_borrow,job,100,143883,1438.83,2406400
12,38,create_read_destroy,own_shared,asset,100000,1845855,18.45855,65000400000
12,39,contended_copy_2_workers,std_shared,copy,200000,14113544,70.56772,4700000
12,40,independent_owner_parameter,own_shared,call,100000,1348828,13.48828,2350000
12,41,async_queue_job_64_borrow_reads,own_shared_then_local_view,job,100,56198,561.98,150400
12,42,contended_copy_2_workers,own_shared,copy,200000,9260425,46.302125,4700000
12,43,owner_retained_4096_parameter_borrows,own_local_view,frame,24,77404,3225.16666667,41287680
12,44,resource_lifecycle_64_assets_4096_objects,std_shared,cycle,10,521647,52164.7,17203200
12,45,owner_retained_4096_parameter_borrows,std_raw_borrow,frame,24,83753,3489.70833333,41287680
12,46,group_setup_then_64_copies,std_shared,group,1562,1719773,1101.00704225,2349248
12,47,resettable_root_pin_1024_borrow_reads,std_shared_pin_raw_borrow,scope,97,31741,327.226804124,2334208
12,48,async_queue_job_1_borrow_reads,std_shared_then_raw_borrow,job,100,122185,1221.85,2000
12,49,async_queue_job_64_borrow_reads,std_shared_then_raw_borrow,job,100,44422,444.22,150400
12,50,weak_lock_expired,own_shared,lock,100000,70838,0.70838,0
12,51,independent_owner_parameter,std_shared,call,100000,1667135,16.67135,2350000
12,52,weak_lock_live,std_shared,lock,100000,1691341,16.91341,2350000
12,53,owner_retained_borrow_copy_read,std_raw_borrow,read,100000,30718,0.30718,2350000
12,54,async_queue_job_1_local_copies,std_shared,job,100,61733,617.33,2000
12,55,frame_4096_draws_64_unique_leases,own_shared,frame,24,92060,3835.83333333,41287680
13,0,resource_lifecycle_64_assets_4096_objects,own_local,cycle,10,190899,19089.9,17203200
13,1,weak_lock_live,own_shared,lock,100000,1535008,15.35008,2350000
13,2,owner_retained_4096_parameter_borrows,own_local_view,frame,24,76431,3184.625,41287680
13,3,async_queue_job_1024_borrow_reads,own_shared_then_local_view,job,100,118498,1184.98,2406400
13,4,scene_4096_attachments,own_local,attachment,98304,142543,1.45002237956,98304
13,5,borrow_read,raw_borrow,read,100000,35079,0.35079,2350000
13,6,share_read_drop,std_shared,handoff,100000,1470450,14.7045,2350000
13,7,group_setup_then_64_copies,std_shared,group,1562,1698846,1087.60947503,2349248
13,8,resource_lifecycle_64_assets_4096_objects,std_shared,cycle,10,509278,50927.8,17203200
13,9,frame_4096_draws_64_unique_leases,std_shared,frame,24,87853,3660.54166667,41287680
13,10,async_queue_job_1_local_copies,own_local,job,100,68439,684.39,2000
13,11,contended_copy_2_workers,std_shared,copy,200000,16439581,82.197905,4700000
13,12,async_queue_job_64_borrow_reads,std_shared_then_raw_borrow,job,100,50946,509.46,150400
13,13,independent_owner_parameter,own_local,call,100000,125218,1.25218,2350000
13,14,independent_owner_parameter,std_shared,call,100000,1650714,16.50714,2350000
13,15,async_queue_job_1_borrow_reads,own_shared_then_local_view,job,100,75934,759.34,2000
13,16,copy_read_drop,std_shared,copy,100000,1667969,16.67969,2350000
13,17,group_setup_then_1024_copies,std_shared,group,97,1667716,17192.9484536,2334208
13,18,independent_owner_parameter,own_shared,call,100000,1365632,13.65632,2350000
13,19,group_setup_then_8_copies,own_local,group,12500,277620,22.2096,2350000
13,20,weak_lock_expired,std_shared,lock,100000,77290,0.7729,0
13,21,create_read_destroy,std_shared,asset,100000,1240904,12.40904,65000400000
13,22,localize_read_drop,std_shared,group,100000,1463350,14.6335,2350000
13,23,share_read_drop,own_shared,handoff,100000,1163417,11.63417,2350000
13,24,copy_read_drop,own_shared,copy,100000,1304476,13.04476,2350000
13,25,owner_retained_borrow_parameter,own_local_view,call,100000,60023,0.60023,2350000
13,26,scene_4096_attachments,std_shared,attachment,98304,931887,9.47964477539,98304
13,27,group_setup_then_1024_copies,own_local,group,97,87162,898.577319588,2334208
13,28,weak_lock_live,std_shared,lock,100000,1679920,16.7992,2350000
13,29,create_read_destroy,own_local,asset,100000,1941588,19.41588,65000400000
13,30,async_queue_job_64_borrow_reads,own_shared_then_local_view,job,100,69346,693.46,150400
13,31,weak_lock_expired,own_shared,lock,100000,70764,0.70764,0
13,32,owner_retained_4096_parameter_borrows,std_raw_borrow,frame,24,78309,3262.875,41287680
13,33,owner_retained_borrow_parameter,std_raw_borrow,call,100000,76055,0.76055,2350000
13,34,owner_retained_4096_draw_borrows,std_raw_borrow,frame,24,47330,1972.08333333,41287680
13,35,async_queue_job_64_local_copies,own_local,job,100,108700,1087,150400
13,36,resettable_root_pin_1024_borrow_reads,std_shared_pin_raw_borrow,scope,97,31577,325.536082474,2334208
13,37,group_setup_then_1_copies,std_shared,group,100000,3333669,33.33669,2000000
13,38,group_setup_then_1_copies,own_local,group,100000,1368466,13.68466,2000000
13,39,owner_retained_borrow_copy_read,std_raw_borrow,read,100000,30012,0.30012,2350000
13,40,owner_retained_4096_draw_borrows,own_local_view,frame,24,57857,2410.70833333,41287680
13,41,group_setup_then_8_copies,std_shared,group,12500,1856902,148.55216,2350000
13,42,async_queue_job_1_borrow_reads,std_shared_then_raw_borrow,job,100,71423,714.23,2000
13,43,async_queue_job_1024_local_copies,std_shared,job,100,2463050,24630.5,2406400
13,44,owner_retained_borrow_copy_read,own_local_view,read,100000,32261,0.32261,2350000
13,45,async_queue_job_1024_local_copies,own_local,job,100,361581,3615.81,2406400
13,46,async_queue_job_1_local_copies,std_shared,job,100,68415,684.15,2000
13,47,localize_read_drop,own_local,group,100000,1310025,13.10025,2350000
13,48,contended_copy_2_workers,own_shared,copy,200000,9605904,48.02952,4700000
13,49,frame_4096_draws_64_unique_leases,own_shared,frame,24,94637,3943.20833333,41287680
13,50,create_read_destroy,own_shared,asset,100000,1774417,17.74417,65000400000
13,51,resettable_root_pin_1024_borrow_reads,own_shared_pin_local_view,scope,97,31483,324.567010309,2334208
13,52,async_queue_job_64_local_copies,std_shared,job,100,235629,2356.29,150400
13,53,async_queue_job_1024_borrow_reads,std_shared_then_raw_borrow,job,100,129196,1291.96,2406400
13,54,copy_read_drop,own_local,copy,100000,105801,1.05801,2350000
13,55,group_setup_then_64_copies,own_local,group,1562,110357,70.6510883483,2349248
14,0,async_queue_job_1_local_copies,std_shared,job,100,53511,535.11,2000
14,1,owner_retained_4096_draw_borrows,std_raw_borrow,frame,24,48708,2029.5,41287680
14,2,copy_read_drop,own_shared,copy,100000,1296081,12.96081,2350000
14,3,localize_read_drop,own_local,group,100000,1287067,12.87067,2350000
14,4,create_read_destroy,own_shared,asset,100000,1756155,17.56155,65000400000
14,5,group_setup_then_1024_copies,std_shared,group,97,1667825,17194.0721649,2334208
14,6,scene_4096_attachments,own_local,attachment,98304,142480,1.44938151042,98304
14,7,async_queue_job_1024_local_copies,own_local,job,100,358616,3586.16,2406400
14,8,owner_retained_4096_parameter_borrows,own_local_view,frame,24,88841,3701.70833333,41287680
14,9,owner_retained_borrow_copy_read,own_local_view,read,100000,30031,0.30031,2350000
14,10,async_queue_job_1024_borrow_reads,own_shared_then_local_view,job,100,130067,1300.67,2406400
14,11,async_queue_job_64_local_copies,own_local,job,100,54967,549.67,150400
14,12,group_setup_then_1024_copies,own_local,group,97,87298,899.979381443,2334208
14,13,group_setup_then_8_copies,std_shared,group,12500,1868786,149.50288,2350000
14,14,localize_read_drop,std_shared,group,100000,1473198,14.73198,2350000
14,15,frame_4096_draws_64_unique_leases,own_shared,frame,24,85433,3559.70833333,41287680
14,16,async_queue_job_1024_borrow_reads,std_shared_then_raw_borrow,job,100,121764,1217.64,2406400
14,17,group_setup_then_1_copies,own_local,group,100000,1355546,13.55546,2000000
14,18,create_read_destroy,std_shared,asset,100000,1221633,12.21633,65000400000
14,19,owner_retained_borrow_copy_read,std_raw_borrow,read,100000,30461,0.30461,2350000
14,20,weak_lock_expired,std_shared,lock,100000,77340,0.7734,0
14,21,owner_retained_borrow_parameter,std_raw_borrow,call,100000,64227,0.64227,2350000
14,22,group_setup_then_8_copies,own_local,group,12500,279245,22.3396,2350000
14,23,frame_4096_draws_64_unique_leases,std_shared,frame,24,86812,3617.16666667,41287680
14,24,owner_retained_4096_draw_borrows,own_local_view,frame,24,46904,1954.33333333,41287680
14,25,async_queue_job_64_local_copies,std_shared,job,100,259085,2590.85,150400
14,26,weak_lock_expired,own_shared,lock,100000,70675,0.70675,0
14,27,weak_lock_live,std_shared,lock,100000,1697751,16.97751,2350000
14,28,copy_read_drop,own_local,copy,100000,105547,1.05547,2350000
14,29,contended_copy_2_workers,std_shared,copy,200000,18938896,94.69448,4700000
14,30,owner_retained_borrow_parameter,own_local_view,call,100000,62678,0.62678,2350000
14,31,share_read_drop,own_shared,handoff,100000,1091488,10.91488,2350000
14,32,group_setup_then_64_copies,std_shared,group,1562,1692410,1083.48911652,2349248
14,33,weak_lock_live,own_shared,lock,100000,1477851,14.77851,2350000
14,34,resource_lifecycle_64_assets_4096_objects,std_shared,cycle,10,518843,51884.3,17203200
14,35,share_read_drop,std_shared,handoff,100000,1459266,14.59266,2350000
14,36,create_read_destroy,own_local,asset,100000,1920475,19.20475,65000400000
14,37,resettable_root_pin_1024_borrow_reads,std_shared_pin_raw_borrow,scope,97,31920,329.072164948,2334208
14,38,independent_owner_parameter,own_shared,call,100000,1294738,12.94738,2350000
14,39,group_setup_then_64_copies,own_local,group,1562,109844,70.3226632522,2349248
14,40,async_queue_job_64_borrow_reads,own_shared_then_local_view,job,100,64425,644.25,150400
14,41,async_queue_job_1_borrow_reads,std_shared_then_raw_borrow,job,100,73785,737.85,2000
14,42,independent_owner_parameter,std_shared,call,100000,1680837,16.80837,2350000
14,43,contended_copy_2_workers,own_shared,copy,200000,9867287,49.336435,4700000
14,44,async_queue_job_64_borrow_reads,std_shared_then_raw_borrow,job,100,53607,536.07,150400
14,45,owner_retained_4096_parameter_borrows,std_raw_borrow,frame,24,78195,3258.125,41287680
14,46,independent_owner_parameter,own_local,call,100000,111671,1.11671,2350000
14,47,group_setup_then_1_copies,std_shared,group,100000,3341337,33.41337,2000000
14,48,resource_lifecycle_64_assets_4096_objects,own_local,cycle,10,196951,19695.1,17203200
14,49,resettable_root_pin_1024_borrow_reads,own_shared_pin_local_view,scope,97,31297,322.649484536,2334208
14,50,async_queue_job_1024_local_copies,std_shared,job,100,2488890,24888.9,2406400
14,51,copy_read_drop,std_shared,copy,100000,1650545,16.50545,2350000
14,52,async_queue_job_1_local_copies,own_local,job,100,64237,642.37,2000
14,53,borrow_read,raw_borrow,read,100000,35201,0.35201,2350000
14,54,async_queue_job_1_borrow_reads,own_shared_then_local_view,job,100,53715,537.15,2000
14,55,scene_4096_attachments,std_shared,attachment,98304,957893,9.74419148763,98304
15,0,async_queue_job_64_borrow_reads,std_shared_then_raw_borrow,job,100,78685,786.85,150400
15,1,localize_read_drop,std_shared,group,100000,1470579,14.70579,2350000
15,2,owner_retained_4096_draw_borrows,own_local_view,frame,24,47787,1991.125,41287680
15,3,owner_retained_4096_draw_borrows,std_raw_borrow,frame,24,47388,1974.5,41287680
15,4,async_queue_job_1_local_copies,own_local,job,100,77893,778.93,2000
15,5,owner_retained_borrow_parameter,own_local_view,call,100000,64286,0.64286,2350000
15,6,group_setup_then_1024_copies,std_shared,group,97,1652823,17039.4123711,2334208
15,7,weak_lock_live,std_shared,lock,100000,1674189,16.74189,2350000
15,8,independent_owner_parameter,own_local,call,100000,114002,1.14002,2350000
15,9,async_queue_job_1024_local_copies,own_local,job,100,374558,3745.58,2406400
15,10,group_setup_then_64_copies,own_local,group,1562,142659,91.3309859155,2349248
15,11,weak_lock_expired,own_shared,lock,100000,70713,0.70713,0
15,12,group_setup_then_1024_copies,own_local,group,97,86733,894.154639175,2334208
15,13,localize_read_drop,own_local,group,100000,1293774,12.93774,2350000
15,14,contended_copy_2_workers,own_shared,copy,200000,10368755,51.843775,4700000
15,15,copy_read_drop,own_local,copy,100000,100783,1.00783,2350000
15,16,group_setup_then_64_copies,std_shared,group,1562,1653217,1058.39756722,2349248
15,17,copy_read_drop,own_shared,copy,100000,1275520,12.7552,2350000
15,18,async_queue_job_1024_borrow_reads,own_shared_then_local_view,job,100,165126,1651.26,2406400
15,19,resettable_root_pin_1024_borrow_reads,own_shared_pin_local_view,scope,97,30512,314.556701031,2334208
15,20,frame_4096_draws_64_unique_leases,std_shared,frame,24,83548,3481.16666667,41287680
15,21,owner_retained_borrow_copy_read,std_raw_borrow,read,100000,29360,0.2936,2350000
15,22,owner_retained_4096_parameter_borrows,own_local_view,frame,24,74490,3103.75,41287680
15,23,group_setup_then_1_copies,own_local,group,100000,1331290,13.3129,2000000
15,24,independent_owner_parameter,std_shared,call,100000,1644255,16.44255,2350000
15,25,async_queue_job_1_local_copies,std_shared,job,100,77003,770.03,2000
15,26,group_setup_then_8_copies,own_local,group,12500,286460,22.9168,2350000
15,27,async_queue_job_1024_local_copies,std_shared,job,100,2359128,23591.28,2406400
15,28,create_read_destroy,own_local,asset,100000,1996707,19.96707,65000400000
15,29,create_read_destroy,std_shared,asset,100000,1198995,11.98995,65000400000
15,30,weak_lock_live,own_shared,lock,100000,1462216,14.62216,2350000
15,31,copy_read_drop,std_shared,copy,100000,1605829,16.05829,2350000
15,32,share_read_drop,std_shared,handoff,100000,1431856,14.31856,2350000
15,33,resettable_root_pin_1024_borrow_reads,std_shared_pin_raw_borrow,scope,97,30813,317.659793814,2334208
15,34,async_queue_job_64_local_copies,std_shared,job,100,293028,2930.28,150400
15,35,contended_copy_2_workers,std_shared,copy,200000,17458927,87.294635,4700000
15,36,async_queue_job_64_borrow_reads,own_shared_then_local_view,job,100,54087,540.87,150400
15,37,async_queue_job_1024_borrow_reads,std_shared_then_raw_borrow,job,100,198087,1980.87,2406400
15,38,independent_owner_parameter,own_shared,call,100000,1312880,13.1288,2350000
15,39,create_read_destroy,own_shared,asset,100000,1783356,17.83356,65000400000
15,40,resource_lifecycle_64_assets_4096_objects,own_local,cycle,10,200670,20067,17203200
15,41,borrow_read,raw_borrow,read,100000,35149,0.35149,2350000
15,42,resource_lifecycle_64_assets_4096_objects,std_shared,cycle,10,526837,52683.7,17203200
15,43,scene_4096_attachments,own_local,attachment,98304,145448,1.47957356771,98304
15,44,weak_lock_expired,std_shared,lock,100000,77130,0.7713,0
15,45,group_setup_then_8_copies,std_shared,group,12500,1876516,150.12128,2350000
15,46,async_queue_job_1_borrow_reads,own_shared_then_local_view,job,100,62539,625.39,2000
15,47,owner_retained_4096_parameter_borrows,std_raw_borrow,frame,24,81354,3389.75,41287680
15,48,owner_retained_borrow_copy_read,own_local_view,read,100000,31542,0.31542,2350000
15,49,frame_4096_draws_64_unique_leases,own_shared,frame,24,86245,3593.54166667,41287680
15,50,share_read_drop,own_shared,handoff,100000,1183380,11.8338,2350000
15,51,async_queue_job_1_borrow_reads,std_shared_then_raw_borrow,job,100,65877,658.77,2000
15,52,scene_4096_attachments,std_shared,attachment,98304,1023424,10.4108072917,98304
15,53,owner_retained_borrow_parameter,std_raw_borrow,call,100000,69091,0.69091,2350000
15,54,async_queue_job_64_local_copies,own_local,job,100,75704,757.04,150400
15,55,group_setup_then_1_copies,std_shared,group,100000,3397928,33.97928,2000000
16,0,async_queue_job_1024_borrow_reads,std_shared_then_raw_borrow,job,100,152596,1525.96,2406400
16,1,async_queue_job_64_borrow_reads,std_shared_then_raw_borrow,job,100,55795,557.95,150400
16,2,async_queue_job_1024_borrow_reads,own_shared_then_local_view,job,100,145941,1459.41,2406400
16,3,group_setup_then_1_copies,own_local,group,100000,1440331,14.40331,2000000
16,4,async_queue_job_1_local_copies,own_local,job,100,61291,612.91,2000
16,5,resource_lifecycle_64_assets_4096_objects,own_local,cycle,10,197655,19765.5,17203200
16,6,copy_read_drop,std_shared,copy,100000,1676459,16.76459,2350000
16,7,scene_4096_attachments,std_shared,attachment,98304,927149,9.43144734701,98304
16,8,contended_copy_2_workers,own_shared,copy,200000,8785707,43.928535,4700000
16,9,contended_copy_2_workers,std_shared,copy,200000,18084111,90.420555,4700000
16,10,async_queue_job_64_local_copies,own_local,job,100,90991,909.91,150400
16,11,create_read_destroy,std_shared,asset,100000,1219588,12.19588,65000400000
16,12,owner_retained_4096_parameter_borrows,std_raw_borrow,frame,24,76619,3192.45833333,41287680
16,13,weak_lock_live,own_shared,lock,100000,1477639,14.77639,2350000
16,14,async_queue_job_1_borrow_reads,own_shared_then_local_view,job,100,49820,498.2,2000
16,15,async_queue_job_1_borrow_reads,std_shared_then_raw_borrow,job,100,57327,573.27,2000
16,16,localize_read_drop,std_shared,group,100000,1496802,14.96802,2350000
16,17,resettable_root_pin_1024_borrow_reads,std_shared_pin_raw_borrow,scope,97,31970,329.587628866,2334208
16,18,async_queue_job_64_local_copies,std_shared,job,100,314167,3141.67,150400
16,19,scene_4096_attachments,own_local,attachment,98304,143662,1.4614054362,98304
16,20,weak_lock_expired,std_shared,lock,100000,77243,0.77243,0
16,21,resource_lifecycle_64_assets_4096_objects,std_shared,cycle,10,512207,51220.7,17203200
16,22,owner_retained_borrow_parameter,std_raw_borrow,call,100000,63568,0.63568,2350000
16,23,share_read_drop,own_shared,handoff,100000,1139195,11.39195,2350000
16,24,create_read_destroy,own_local,asset,100000,1911036,19.11036,65000400000
16,25,group_setup_then_8_copies,std_shared,group,12500,1866008,149.28064,2350000
16,26,owner_retained_4096_draw_borrows,own_local_view,frame,24,47932,1997.16666667,41287680
16,27,share_read_drop,std_shared,handoff,100000,1473094,14.73094,2350000
16,28,resettable_root_pin_1024_borrow_reads,own_shared_pin_local_view,scope,97,41968,432.659793814,2334208
16,29,async_queue_job_1024_local_copies,std_shared,job,100,2418587,24185.87,2406400
16,30,owner_retained_borrow_parameter,own_local_view,call,100000,59932,0.59932,2350000
16,31,copy_read_drop,own_local,copy,100000,104408,1.04408,2350000
16,32,group_setup_then_64_copies,own_local,group,1562,142368,91.1446862996,2349248
16,33,group_setup_then_1024_copies,std_shared,group,97,1674767,17265.6391753,2334208
16,34,owner_retained_borrow_copy_read,own_local_view,read,100000,30155,0.30155,2350000
16,35,async_queue_job_1024_local_copies,own_local,job,100,380790,3807.9,2406400
16,36,frame_4096_draws_64_unique_leases,own_shared,frame,24,85152,3548,41287680
16,37,weak_lock_expired,own_shared,lock,100000,80346,0.80346,0
16,38,weak_lock_live,std_shared,lock,100000,1664222,16.64222,2350000
16,39,async_queue_job_64_borrow_reads,own_shared_then_local_view,job,100,59251,592.51,150400
16,40,copy_read_drop,own_shared,copy,100000,1381748,13.81748,2350000
16,41,localize_read_drop,own_local,group,100000,1278489,12.78489,2350000
16,42,independent_owner_parameter,own_shared,call,100000,1293606,12.93606,2350000
16,43,owner_retained_4096_parameter_borrows,own_local_view,frame,24,76078,3169.91666667,41287680
16,44,async_queue_job_1_local_copies,std_shared,job,100,63170,631.7,2000
16,45,independent_owner_parameter,std_shared,call,100000,1672206,16.72206,2350000
16,46,independent_owner_parameter,own_local,call,100000,112043,1.12043,2350000
16,47,group_setup_then_64_copies,std_shared,group,1562,1686693,1079.8290653,2349248
16,48,group_setup_then_8_copies,own_local,group,12500,278373,22.26984,2350000
16,49,frame_4096_draws_64_unique_leases,std_shared,frame,24,84987,3541.125,41287680
16,50,group_setup_then_1_copies,std_shared,group,100000,3337874,33.37874,2000000
16,51,borrow_read,raw_borrow,read,100000,35183,0.35183,2350000
16,52,create_read_destroy,own_shared,asset,100000,1777321,17.77321,65000400000
16,53,owner_retained_4096_draw_borrows,std_raw_borrow,frame,24,47670,1986.25,41287680
16,54,group_setup_then_1024_copies,own_local,group,97,90799,936.072164948,2334208
16,55,owner_retained_borrow_copy_read,std_raw_borrow,read,100000,41766,0.41766,2350000
17,0,async_queue_job_64_local_copies,std_shared,job,100,337271,3372.71,150400
17,1,group_setup_then_1_copies,std_shared,group,100000,3313547,33.13547,2000000
17,2,group_setup_then_1024_copies,std_shared,group,97,1667571,17191.4536082,2334208
17,3,independent_owner_parameter,own_shared,call,100000,1294243,12.94243,2350000
17,4,contended_copy_2_workers,own_shared,copy,200000,9124135,45.620675,4700000
17,5,create_read_destroy,own_local,asset,100000,1806694,18.06694,65000400000
17,6,independent_owner_parameter,std_shared,call,100000,1568353,15.68353,2350000
17,7,async_queue_job_1024_local_copies,std_shared,job,100,2335734,23357.34,2406400
17,8,share_read_drop,std_shared,handoff,100000,1435768,14.35768,2350000
17,9,owner_retained_4096_parameter_borrows,own_local_view,frame,24,86054,3585.58333333,41287680
17,10,contended_copy_2_workers,std_shared,copy,200000,18504855,92.524275,4700000
17,11,scene_4096_attachments,std_shared,attachment,98304,942635,9.58897908529,98304
17,12,resettable_root_pin_1024_borrow_reads,std_shared_pin_raw_borrow,scope,97,31886,328.721649485,2334208
17,13,copy_read_drop,std_shared,copy,100000,1665531,16.65531,2350000
17,14,copy_read_drop,own_shared,copy,100000,1302312,13.02312,2350000
17,15,owner_retained_borrow_copy_read,own_local_view,read,100000,51387,0.51387,2350000
17,16,async_queue_job_64_local_copies,own_local,job,100,130373,1303.73,150400
17,17,async_queue_job_1024_borrow_reads,std_shared_then_raw_borrow,job,100,138719,1387.19,2406400
17,18,group_setup_then_8_copies,own_local,group,12500,256977,20.55816,2350000
17,19,owner_retained_borrow_copy_read,std_raw_borrow,read,100000,33203,0.33203,2350000
17,20,weak_lock_live,own_shared,lock,100000,1670825,16.70825,2350000
17,21,resettable_root_pin_1024_borrow_reads,own_shared_pin_local_view,scope,97,33997,350.484536082,2334208
17,22,share_read_drop,own_shared,handoff,100000,1224408,12.24408,2350000
17,23,async_queue_job_1024_borrow_reads,own_shared_then_local_view,job,100,157234,1572.34,2406400
17,24,resource_lifecycle_64_assets_4096_objects,std_shared,cycle,10,548445,54844.5,17203200
17,25,create_read_destroy,own_shared,asset,100000,1936171,19.36171,65000400000
17,26,frame_4096_draws_64_unique_leases,own_shared,frame,24,105583,4399.29166667,41287680
17,27,scene_4096_attachments,own_local,attachment,98304,141345,1.43783569336,98304
17,28,async_queue_job_1_local_copies,own_local,job,100,95912,959.12,2000
17,29,owner_retained_4096_parameter_borrows,std_raw_borrow,frame,24,76952,3206.33333333,41287680
17,30,async_queue_job_1024_local_copies,own_local,job,100,344766,3447.66,2406400
17,31,owner_retained_4096_draw_borrows,own_local_view,frame,24,47265,1969.375,41287680
17,32,async_queue_job_64_borrow_reads,std_shared_then_raw_borrow,job,100,56254,562.54,150400
17,33,owner_retained_borrow_parameter,std_raw_borrow,call,100000,64242,0.64242,2350000
17,34,localize_read_drop,own_local,group,100000,1275164,12.75164,2350000
17,35,localize_read_drop,std_shared,group,100000,1473945,14.73945,2350000
17,36,async_queue_job_1_local_copies,std_shared,job,100,102214,1022.14,2000
17,37,resource_lifecycle_64_assets_4096_objects,own_local,cycle,10,196303,19630.3,17203200
17,38,group_setup_then_1024_copies,own_local,group,97,104971,1082.17525773,2334208
17,39,owner_retained_4096_draw_borrows,std_raw_borrow,frame,24,47162,1965.08333333,41287680
17,40,async_queue_job_1_borrow_reads,std_shared_then_raw_borrow,job,100,54861,548.61,2000
17,41,copy_read_drop,own_local,copy,100000,116114,1.16114,2350000
17,42,async_queue_job_1_borrow_reads,own_shared_then_local_view,job,100,79420,794.2,2000
17,43,owner_retained_borrow_parameter,own_local_view,call,100000,64235,0.64235,2350000
17,44,group_setup_then_64_copies,std_shared,group,1562,1676834,1073.51728553,2349248
17,45,weak_lock_live,std_shared,lock,100000,1717107,17.17107,2350000
17,46,group_setup_then_8_copies,std_shared,group,12500,1891613,151.32904,2350000
17,47,weak_lock_expired,own_shared,lock,100000,70785,0.70785,0
17,48,group_setup_then_64_copies,own_local,group,1562,136884,87.6338028169,2349248
17,49,async_queue_job_64_borrow_reads,own_shared_then_local_view,job,100,71121,711.21,150400
17,50,group_setup_then_1_copies,own_local,group,100000,1368211,13.68211,2000000
17,51,independent_owner_parameter,own_local,call,100000,112127,1.12127,2350000
17,52,borrow_read,raw_borrow,read,100000,35203,0.35203,2350000
17,53,frame_4096_draws_64_unique_leases,std_shared,frame,24,84692,3528.83333333,41287680
17,54,create_read_destroy,std_shared,asset,100000,1223410,12.2341,65000400000
17,55,weak_lock_expired,std_shared,lock,100000,77118,0.77118,0
18,0,async_queue_job_64_local_copies,std_shared,job,100,337388,3373.88,150400
18,1,async_queue_job_1024_borrow_reads,std_shared_then_raw_borrow,job,100,136664,1366.64,2406400
18,2,group_setup_then_1_copies,std_shared,group,100000,3342438,33.42438,2000000
18,3,copy_read_drop,own_local,copy,100000,105437,1.05437,2350000
18,4,group_setup_then_64_copies,own_local,group,1562,136511,87.395006402,2349248
18,5,resettable_root_pin_1024_borrow_reads,own_shared_pin_local_view,scope,97,31352,323.216494845,2334208
18,6,group_setup_then_1024_copies,std_shared,group,97,1657145,17083.9690722,2334208
18,7,independent_owner_parameter,own_local,call,100000,113135,1.13135,2350000
18,8,group_setup_then_1024_copies,own_local,group,97,88689,914.319587629,2334208
18,9,group_setup_then_8_copies,std_shared,group,12500,1907371,152.58968,2350000
18,10,weak_lock_live,own_shared,lock,100000,1497216,14.97216,2350000
18,11,independent_owner_parameter,std_shared,call,100000,1725711,17.25711,2350000
18,12,owner_retained_borrow_parameter,own_local_view,call,100000,66442,0.66442,2350000
18,13,owner_retained_4096_parameter_borrows,std_raw_borrow,frame,24,76535,3188.95833333,41287680
18,14,async_queue_job_1_borrow_reads,std_shared_then_raw_borrow,job,100,50641,506.41,2000
18,15,async_queue_job_1_local_copies,std_shared,job,100,69497,694.97,2000
18,16,async_queue_job_64_borrow_reads,std_shared_then_raw_borrow,job,100,54200,542,150400
18,17,weak_lock_live,std_shared,lock,100000,1678081,16.78081,2350000
18,18,resettable_root_pin_1024_borrow_reads,std_shared_pin_raw_borrow,scope,97,31791,327.742268041,2334208
18,19,frame_4096_draws_64_unique_leases,own_shared,frame,24,87152,3631.33333333,41287680
18,20,create_read_destroy,std_shared,asset,100000,1230368,12.30368,65000400000
18,21,contended_copy_2_workers,std_shared,copy,200000,17450551,87.252755,4700000
18,22,weak_lock_expired,std_shared,lock,100000,77240,0.7724,0
18,23,create_read_destroy,own_local,asset,100000,1939265,19.39265,65000400000
18,24,contended_copy_2_workers,own_shared,copy,200000,9137032,45.68516,4700000
18,25,owner_retained_borrow_copy_read,own_local_view,read,100000,32857,0.32857,2350000
18,26,resource_lifecycle_64_assets_4096_objects,own_local,cycle,10,224560,22456,17203200
18,27,group_setup_then_8_copies,own_local,group,12500,226357,18.10856,2350000
18,28,share_read_drop,std_shared,handoff,100000,1479692,14.79692,2350000
18,29,owner_retained_borrow_parameter,std_raw_borrow,call,100000,59958,0.59958,2350000
18,30,borrow_read,raw_borrow,read,100000,35127,0.35127,2350000
18,31,async_queue_job_1_local_copies,own_local,job,100,56223,562.23,2000
18,32,owner_retained_borrow_copy_read,std_raw_borrow,read,100000,29992,0.29992,2350000
18,33,localize_read_drop,own_local,group,100000,1307915,13.07915,2350000
18,34,share_read_drop,own_shared,handoff,100000,1150507,11.50507,2350000
18,35,resource_lifecycle_64_assets_4096_objects,std_shared,cycle,10,513567,51356.7,17203200
18,36,group_setup_then_1_copies,own_local,group,100000,1374875,13.74875,2000000
18,37,owner_retained_4096_parameter_borrows,own_local_view,frame,24,77154,3214.75,41287680
18,38,owner_retained_4096_draw_borrows,own_local_view,frame,24,46898,1954.08333333,41287680
18,39,group_setup_then_64_copies,std_shared,group,1562,1719620,1100.90909091,2349248
18,40,async_queue_job_1_borrow_reads,own_shared_then_local_view,job,100,47894,478.94,2000
18,41,copy_read_drop,own_shared,copy,100000,1301632,13.01632,2350000
18,42,create_read_destroy,own_shared,asset,100000,1775146,17.75146,65000400000
18,43,weak_lock_expired,own_shared,lock,100000,68485,0.68485,0
18,44,scene_4096_attachments,std_shared,attachment,98304,982269,9.99215698242,98304
18,45,independent_owner_parameter,own_shared,call,100000,1300934,13.00934,2350000
18,46,async_queue_job_1024_local_copies,own_local,job,100,337134,3371.34,2406400
18,47,scene_4096_attachments,own_local,attachment,98304,154984,1.57657877604,98304
18,48,async_queue_job_64_local_copies,own_local,job,100,75005,750.05,150400
18,49,owner_retained_4096_draw_borrows,std_raw_borrow,frame,24,104575,4357.29166667,41287680
18,50,async_queue_job_64_borrow_reads,own_shared_then_local_view,job,100,60002,600.02,150400
18,51,frame_4096_draws_64_unique_leases,std_shared,frame,24,83688,3487,41287680
18,52,async_queue_job_1024_local_copies,std_shared,job,100,2381288,23812.88,2406400
18,53,localize_read_drop,std_shared,group,100000,1526381,15.26381,2350000
18,54,copy_read_drop,std_shared,copy,100000,1668335,16.68335,2350000
18,55,async_queue_job_1024_borrow_reads,own_shared_then_local_view,job,100,131339,1313.39,2406400
19,0,async_queue_job_64_borrow_reads,own_shared_then_local_view,job,100,105920,1059.2,150400
19,1,frame_4096_draws_64_unique_leases,own_shared,frame,24,89908,3746.16666667,41287680
19,2,async_queue_job_64_local_copies,std_shared,job,100,344200,3442,150400
19,3,group_setup_then_1024_copies,own_local,group,97,88778,915.237113402,2334208
19,4,owner_retained_borrow_parameter,std_raw_borrow,call,100000,64337,0.64337,2350000
19,5,create_read_destroy,own_shared,asset,100000,1767157,17.67157,65000400000
19,6,localize_read_drop,std_shared,group,100000,1501755,15.01755,2350000
19,7,async_queue_job_1024_local_copies,std_shared,job,100,2400609,24006.09,2406400
19,8,contended_copy_2_workers,own_shared,copy,200000,9008948,45.04474,4700000
19,9,create_read_destroy,std_shared,asset,100000,1286814,12.86814,65000400000
19,10,async_queue_job_1024_local_copies,own_local,job,100,430959,4309.59,2406400
19,11,resource_lifecycle_64_assets_4096_objects,own_local,cycle,10,200891,20089.1,17203200
19,12,owner_retained_4096_draw_borrows,own_local_view,frame,24,47872,1994.66666667,41287680
19,13,independent_owner_parameter,own_shared,call,100000,1262380,12.6238,2350000
19,14,borrow_read,raw_borrow,read,100000,33582,0.33582,2350000
19,15,share_read_drop,own_shared,handoff,100000,1130546,11.30546,2350000
19,16,async_queue_job_64_borrow_reads,std_shared_then_raw_borrow,job,100,67078,670.78,150400
19,17,owner_retained_borrow_copy_read,std_raw_borrow,read,100000,30098,0.30098,2350000
19,18,async_queue_job_1_borrow_reads,own_shared_then_local_view,job,100,62397,623.97,2000
19,19,async_queue_job_1_local_copies,std_shared,job,100,57175,571.75,2000
19,20,create_read_destroy,own_local,asset,100000,1908157,19.08157,65000400000
19,21,share_read_drop,std_shared,handoff,100000,1462455,14.62455,2350000
19,22,owner_retained_borrow_parameter,own_local_view,call,100000,59978,0.59978,2350000
19,23,weak_lock_live,own_shared,lock,100000,1518809,15.18809,2350000
19,24,copy_read_drop,own_shared,copy,100000,1293577,12.93577,2350000
19,25,async_queue_job_1_local_copies,own_local,job,100,66558,665.58,2000
19,26,async_queue_job_1_borrow_reads,std_shared_then_raw_borrow,job,100,63133,631.33,2000
19,27,async_queue_job_1024_borrow_reads,own_shared_then_local_view,job,100,147985,1479.85,2406400
19,28,group_setup_then_1024_copies,std_shared,group,97,1673911,17256.814433,2334208
19,29,resettable_root_pin_1024_borrow_reads,std_shared_pin_raw_borrow,scope,97,31880,328.659793814,2334208
19,30,copy_read_drop,std_shared,copy,100000,1645243,16.45243,2350000
19,31,weak_lock_expired,std_shared,lock,100000,77269,0.77269,0
19,32,localize_read_drop,own_local,group,100000,1274000,12.74,2350000
19,33,group_setup_then_1_copies,own_local,group,100000,1362795,13.62795,2000000
19,34,weak_lock_live,std_shared,lock,100000,1670632,16.70632,2350000
19,35,scene_4096_attachments,std_shared,attachment,98304,931655,9.47728474935,98304
19,36,group_setup_then_8_copies,std_shared,group,12500,1889977,151.19816,2350000
19,37,scene_4096_attachments,own_local,attachment,98304,140874,1.43304443359,98304
19,38,owner_retained_borrow_copy_read,own_local_view,read,100000,30200,0.302,2350000
19,39,independent_owner_parameter,own_local,call,100000,111739,1.11739,2350000
19,40,copy_read_drop,own_local,copy,100000,104688,1.04688,2350000
19,41,owner_retained_4096_draw_borrows,std_raw_borrow,frame,24,48513,2021.375,41287680
19,42,contended_copy_2_workers,std_shared,copy,200000,18462629,92.313145,4700000
19,43,weak_lock_expired,own_shared,lock,100000,70638,0.70638,0
19,44,group_setup_then_64_copies,own_local,group,1562,138275,88.5243277849,2349248
19,45,owner_retained_4096_parameter_borrows,std_raw_borrow,frame,24,77005,3208.54166667,41287680
19,46,group_setup_then_64_copies,std_shared,group,1562,1695742,1085.62227913,2349248
19,47,async_queue_job_64_local_copies,own_local,job,100,88256,882.56,150400
19,48,group_setup_then_8_copies,own_local,group,12500,276508,22.12064,2350000
19,49,group_setup_then_1_copies,std_shared,group,100000,3334440,33.3444,2000000
19,50,resettable_root_pin_1024_borrow_reads,own_shared_pin_local_view,scope,97,41157,424.298969072,2334208
19,51,owner_retained_4096_parameter_borrows,own_local_view,frame,24,76422,3184.25,41287680
19,52,resource_lifecycle_64_assets_4096_objects,std_shared,cycle,10,503037,50303.7,17203200
19,53,frame_4096_draws_64_unique_leases,std_shared,frame,24,84648,3527,41287680
19,54,async_queue_job_1024_borrow_reads,std_shared_then_raw_borrow,job,100,115335,1153.35,2406400
19,55,independent_owner_parameter,std_shared,call,100000,1733941,17.33941,2350000
20,0,copy_read_drop,own_shared,copy,100000,1300093,13.00093,2350000
20,1,async_queue_job_1024_borrow_reads,own_shared_then_local_view,job,100,163118,1631.18,2406400
20,2,weak_lock_expired,own_shared,lock,100000,68447,0.68447,0
20,3,group_setup_then_64_copies,std_shared,group,1562,1696013,1085.79577465,2349248
20,4,async_queue_job_1024_borrow_reads,std_shared_then_raw_borrow,job,100,107684,1076.84,2406400
20,5,frame_4096_draws_64_unique_leases,own_shared,frame,24,85606,3566.91666667,41287680
20,6,owner_retained_4096_draw_borrows,own_local_view,frame,24,58343,2430.95833333,41287680
20,7,resettable_root_pin_1024_borrow_reads,own_shared_pin_local_view,scope,97,31158,321.216494845,2334208
20,8,async_queue_job_1_local_copies,std_shared,job,100,53042,530.42,2000
20,9,frame_4096_draws_64_unique_leases,std_shared,frame,24,84059,3502.45833333,41287680
20,10,group_setup_then_1_copies,std_shared,group,100000,3315010,33.1501,2000000
20,11,async_queue_job_1024_local_copies,std_shared,job,100,2524316,25243.16,2406400
20,12,async_queue_job_64_borrow_reads,std_shared_then_raw_borrow,job,100,64007,640.07,150400
20,13,async_queue_job_1_borrow_reads,std_shared_then_raw_borrow,job,100,38560,385.6,2000
20,14,async_queue_job_1_local_copies,own_local,job,100,49900,499,2000
20,15,independent_owner_parameter,std_shared,call,100000,1670744,16.70744,2350000
20,16,owner_retained_4096_parameter_borrows,std_raw_borrow,frame,24,76439,3184.95833333,41287680
20,17,resource_lifecycle_64_assets_4096_objects,own_local,cycle,10,206576,20657.6,17203200
20,18,copy_read_drop,own_local,copy,100000,105991,1.05991,2350000
20,19,async_queue_job_64_borrow_reads,own_shared_then_local_view,job,100,76169,761.69,150400
20,20,contended_copy_2_workers,own_shared,copy,200000,8918071,44.590355,4700000
20,21,group_setup_then_1024_copies,own_local,group,97,86265,889.329896907,2334208
20,22,independent_owner_parameter,own_shared,call,100000,1261682,12.61682,2350000
20,23,owner_retained_borrow_parameter,std_raw_borrow,call,100000,58423,0.58423,2350000
20,24,group_setup_then_1024_copies,std_shared,group,97,1625968,16762.556701,2334208
20,25,share_read_drop,std_shared,handoff,100000,1422972,14.22972,2350000
20,26,owner_retained_4096_draw_borrows,std_raw_borrow,frame,24,45877,1911.54166667,41287680
20,27,weak_lock_live,own_shared,lock,100000,1454148,14.54148,2350000
20,28,share_read_drop,own_shared,handoff,100000,1084182,10.84182,2350000
20,29,independent_owner_parameter,own_local,call,100000,106996,1.06996,2350000
20,30,async_queue_job_1024_local_copies,own_local,job,100,358904,3589.04,2406400
20,31,group_setup_then_64_copies,own_local,group,1562,108173,69.2528809219,2349248
20,32,weak_lock_expired,std_shared,lock,100000,75264,0.75264,0
20,33,contended_copy_2_workers,std_shared,copy,200000,18388291,91.941455,4700000
20,34,resource_lifecycle_64_assets_4096_objects,std_shared,cycle,10,505528,50552.8,17203200
20,35,group_setup_then_8_copies,own_local,group,12500,286923,22.95384,2350000
20,36,owner_retained_borrow_copy_read,own_local_view,read,100000,31887,0.31887,2350000
20,37,owner_retained_4096_parameter_borrows,own_local_view,frame,24,80332,3347.16666667,41287680
20,38,copy_read_drop,std_shared,copy,100000,1726656,17.26656,2350000
20,39,owner_retained_borrow_copy_read,std_raw_borrow,read,100000,31745,0.31745,2350000
20,40,create_read_destroy,own_local,asset,100000,2028426,20.28426,65000400000
20,41,localize_read_drop,own_local,group,100000,1242135,12.42135,2350000
20,42,borrow_read,raw_borrow,read,100000,34236,0.34236,2350000
20,43,owner_retained_borrow_parameter,own_local_view,call,100000,58507,0.58507,2350000
20,44,group_setup_then_1_copies,own_local,group,100000,1312874,13.12874,2000000
20,45,async_queue_job_1_borrow_reads,own_shared_then_local_view,job,100,58032,580.32,2000
20,46,group_setup_then_8_copies,std_shared,group,12500,1852561,148.20488,2350000
20,47,localize_read_drop,std_shared,group,100000,1446618,14.46618,2350000
20,48,scene_4096_attachments,std_shared,attachment,98304,913417,9.2917582194,98304
20,49,scene_4096_attachments,own_local,attachment,98304,136462,1.3881632487,98304
20,50,weak_lock_live,std_shared,lock,100000,1656095,16.56095,2350000
20,51,async_queue_job_64_local_copies,own_local,job,100,86794,867.94,150400
20,52,create_read_destroy,std_shared,asset,100000,1233274,12.33274,65000400000
20,53,async_queue_job_64_local_copies,std_shared,job,100,366166,3661.66,150400
20,54,create_read_destroy,own_shared,asset,100000,1787644,17.87644,65000400000
20,55,resettable_root_pin_1024_borrow_reads,std_shared_pin_raw_borrow,scope,97,32202,331.979381443,2334208
21,0,owner_retained_4096_draw_borrows,own_local_view,frame,24,47065,1961.04166667,41287680
21,1,weak_lock_expired,own_shared,lock,100000,70710,0.7071,0
21,2,owner_retained_4096_draw_borrows,std_raw_borrow,frame,24,47253,1968.875,41287680
21,3,owner_retained_borrow_copy_read,std_raw_borrow,read,100000,30033,0.30033,2350000
21,4,create_read_destroy,own_local,asset,100000,1893439,18.93439,65000400000
21,5,frame_4096_draws_64_unique_leases,own_shared,frame,24,85565,3565.20833333,41287680
21,6,group_setup_then_1_copies,own_local,group,100000,1367231,13.67231,2000000
21,7,group_setup_then_64_copies,std_shared,group,1562,1686151,1079.48207426,2349248
21,8,localize_read_drop,own_local,group,100000,1274064,12.74064,2350000
21,9,borrow_read,raw_borrow,read,100000,35197,0.35197,2350000
21,10,independent_owner_parameter,std_shared,call,100000,1663154,16.63154,2350000
21,11,weak_lock_live,own_shared,lock,100000,1491830,14.9183,2350000
21,12,owner_retained_4096_parameter_borrows,std_raw_borrow,frame,24,74212,3092.16666667,41287680
21,13,independent_owner_parameter,own_local,call,100000,109548,1.09548,2350000
21,14,async_queue_job_64_borrow_reads,std_shared_then_raw_borrow,job,100,63665,636.65,150400
21,15,independent_owner_parameter,own_shared,call,100000,1261939,12.61939,2350000
21,16,scene_4096_attachments,own_local,attachment,98304,138823,1.41218058268,98304
21,17,async_queue_job_1_local_copies,own_local,job,100,89729,897.29,2000
21,18,async_queue_job_1_local_copies,std_shared,job,100,66202,662.02,2000
21,19,group_setup_then_1024_copies,std_shared,group,97,1623319,16735.2474227,2334208
21,20,contended_copy_2_workers,own_shared,copy,200000,8766389,43.831945,4700000
21,21,async_queue_job_1024_borrow_reads,own_shared_then_local_view,job,100,145392,1453.92,2406400
21,22,owner_retained_borrow_copy_read,own_local_view,read,100000,30180,0.3018,2350000
21,23,async_queue_job_64_borrow_reads,own_shared_then_local_view,job,100,57754,577.54,150400
21,24,group_setup_then_8_copies,own_local,group,12500,274772,21.98176,2350000
21,25,copy_read_drop,std_shared,copy,100000,1795657,17.95657,2350000
21,26,group_setup_then_1_copies,std_shared,group,100000,3515387,35.15387,2000000
21,27,async_queue_job_1_borrow_reads,own_shared_then_local_view,job,100,52697,526.97,2000
21,28,copy_read_drop,own_local,copy,100000,106065,1.06065,2350000
21,29,async_queue_job_1024_borrow_reads,std_shared_then_raw_borrow,job,100,142118,1421.18,2406400
21,30,async_queue_job_64_local_copies,own_local,job,100,75967,759.67,150400
21,31,owner_retained_borrow_parameter,std_raw_borrow,call,100000,61785,0.61785,2350000
21,32,copy_read_drop,own_shared,copy,100000,1294055,12.94055,2350000
21,33,async_queue_job_1024_local_copies,std_shared,job,100,2487102,24871.02,2406400
21,34,share_read_drop,own_shared,handoff,100000,1120804,11.20804,2350000
21,35,create_read_destroy,own_shared,asset,100000,1772311,17.72311,65000400000
21,36,resettable_root_pin_1024_borrow_reads,std_shared_pin_raw_borrow,scope,97,31401,323.721649485,2334208
21,37,async_queue_job_1_borrow_reads,std_shared_then_raw_borrow,job,100,56934,569.34,2000
21,38,group_setup_then_8_copies,std_shared,group,12500,1889918,151.19344,2350000
21,39,share_read_drop,std_shared,handoff,100000,1460272,14.60272,2350000
21,40,resettable_root_pin_1024_borrow_reads,own_shared_pin_local_view,scope,97,31406,323.773195876,2334208
21,41,create_read_destroy,std_shared,asset,100000,1227713,12.27713,65000400000
21,42,weak_lock_live,std_shared,lock,100000,1676107,16.76107,2350000
21,43,group_setup_then_64_copies,own_local,group,1562,137269,87.8802816901,2349248
21,44,owner_retained_4096_parameter_borrows,own_local_view,frame,24,76794,3199.75,41287680
21,45,resource_lifecycle_64_assets_4096_objects,own_local,cycle,10,212017,21201.7,17203200
21,46,group_setup_then_1024_copies,own_local,group,97,88435,911.701030928,2334208
21,47,async_queue_job_1024_local_copies,own_local,job,100,335555,3355.55,2406400
21,48,frame_4096_draws_64_unique_leases,std_shared,frame,24,86148,3589.5,41287680
21,49,contended_copy_2_workers,std_shared,copy,200000,18308557,91.542785,4700000
21,50,async_queue_job_64_local_copies,std_shared,job,100,352439,3524.39,150400
21,51,localize_read_drop,std_shared,group,100000,1460182,14.60182,2350000
21,52,resource_lifecycle_64_assets_4096_objects,std_shared,cycle,10,524310,52431,17203200
21,53,scene_4096_attachments,std_shared,attachment,98304,947697,9.64047241211,98304
21,54,owner_retained_borrow_parameter,own_local_view,call,100000,64292,0.64292,2350000
21,55,weak_lock_expired,std_shared,lock,100000,77287,0.77287,0
22,0,async_queue_job_1_local_copies,std_shared,job,100,67962,679.62,2000
22,1,async_queue_job_1024_borrow_reads,own_shared_then_local_view,job,100,125762,1257.62,2406400
22,2,owner_retained_4096_draw_borrows,std_raw_borrow,frame,24,49140,2047.5,41287680
22,3,share_read_drop,own_shared,handoff,100000,1114702,11.14702,2350000
22,4,group_setup_then_8_copies,std_shared,group,12500,1918732,153.49856,2350000
22,5,group_setup_then_64_copies,std_shared,group,1562,1777872,1138.20230474,2349248
22,6,async_queue_job_1_borrow_reads,own_shared_then_local_view,job,100,47953,479.53,2000
22,7,async_queue_job_1024_local_copies,own_local,job,100,407169,4071.69,2406400
22,8,async_queue_job_64_local_copies,std_shared,job,100,309845,3098.45,150400
22,9,independent_owner_parameter,own_shared,call,100000,1335189,13.35189,2350000
22,10,async_queue_job_1_local_copies,own_local,job,100,71631,716.31,2000
22,11,frame_4096_draws_64_unique_leases,std_shared,frame,24,83664,3486,41287680
22,12,resettable_root_pin_1024_borrow_reads,std_shared_pin_raw_borrow,scope,97,31482,324.556701031,2334208
22,13,create_read_destroy,std_shared,asset,100000,1232882,12.32882,65000400000
22,14,owner_retained_borrow_copy_read,std_raw_borrow,read,100000,30072,0.30072,2350000
22,15,weak_lock_live,own_shared,lock,100000,1502917,15.02917,2350000
22,16,resource_lifecycle_64_assets_4096_objects,own_local,cycle,10,196433,19643.3,17203200
22,17,async_queue_job_64_local_copies,own_local,job,100,70763,707.63,150400
22,18,frame_4096_draws_64_unique_leases,own_shared,frame,24,90100,3754.16666667,41287680
22,19,async_queue_job_64_borrow_reads,own_shared_then_local_view,job,100,69807,698.07,150400
22,20,owner_retained_4096_draw_borrows,own_local_view,frame,24,48442,2018.41666667,41287680
22,21,group_setup_then_1_copies,std_shared,group,100000,3363340,33.6334,2000000
22,22,independent_owner_parameter,own_local,call,100000,116916,1.16916,2350000
22,23,owner_retained_4096_parameter_borrows,std_raw_borrow,frame,24,76838,3201.58333333,41287680
22,24,create_read_destroy,own_shared,asset,100000,1804523,18.04523,65000400000
22,25,localize_read_drop,std_shared,group,100000,1473868,14.73868,2350000
22,26,copy_read_drop,own_shared,copy,100000,1346072,13.46072,2350000
22,27,group_setup_then_1024_copies,std_shared,group,97,1659811,17111.4536082,2334208
22,28,group_setup_then_1_copies,own_local,group,100000,1370243,13.70243,2000000
22,29,independent_owner_parameter,std_shared,call,100000,1658366,16.58366,2350000
22,30,async_queue_job_1024_local_copies,std_shared,job,100,2447820,24478.2,2406400
22,31,owner_retained_borrow_parameter,std_raw_borrow,call,100000,61760,0.6176,2350000
22,32,group_setup_then_1024_copies,own_local,group,97,88133,908.587628866,2334208
22,33,weak_lock_live,std_shared,lock,100000,1687715,16.87715,2350000
22,34,weak_lock_expired,std_shared,lock,100000,77084,0.77084,0
22,35,async_queue_job_64_borrow_reads,std_shared_then_raw_borrow,job,100,76916,769.16,150400
22,36,owner_retained_borrow_copy_read,own_local_view,read,100000,30136,0.30136,2350000
22,37,create_read_destroy,own_local,asset,100000,1902184,19.02184,65000400000
22,38,share_read_drop,std_shared,handoff,100000,1459773,14.59773,2350000
22,39,scene_4096_attachments,std_shared,attachment,98304,944144,9.60432942708,98304
22,40,localize_read_drop,own_local,group,100000,1275176,12.75176,2350000
22,41,copy_read_drop,std_shared,copy,100000,1647222,16.47222,2350000
22,42,weak_lock_expired,own_shared,lock,100000,70759,0.70759,0
22,43,borrow_read,raw_borrow,read,100000,34961,0.34961,2350000
22,44,resettable_root_pin_1024_borrow_reads,own_shared_pin_local_view,scope,97,31555,325.309278351,2334208
22,45,owner_retained_4096_parameter_borrows,own_local_view,frame,24,76449,3185.375,41287680
22,46,async_queue_job_1_borrow_reads,std_shared_then_raw_borrow,job,100,55151,551.51,2000
22,47,resource_lifecycle_64_assets_4096_objects,std_shared,cycle,10,515362,51536.2,17203200
22,48,scene_4096_attachments,own_local,attachment,98304,141311,1.43748982747,98304
22,49,group_setup_then_64_copies,own_local,group,1562,110812,70.9423815621,2349248
22,50,copy_read_drop,own_local,copy,100000,103229,1.03229,2350000
22,51,group_setup_then_8_copies,own_local,group,12500,277016,22.16128,2350000
22,52,async_queue_job_1024_borrow_reads,std_shared_then_raw_borrow,job,100,183023,1830.23,2406400
22,53,contended_copy_2_workers,own_shared,copy,200000,8968755,44.843775,4700000
22,54,owner_retained_borrow_parameter,own_local_view,call,100000,59924,0.59924,2350000
22,55,contended_copy_2_workers,std_shared,copy,200000,18313066,91.56533,4700000
23,0,owner_retained_borrow_copy_read,own_local_view,read,100000,30082,0.30082,2350000
23,1,group_setup_then_8_copies,own_local,group,12500,274191,21.93528,2350000
23,2,contended_copy_2_workers,own_shared,copy,200000,9117665,45.588325,4700000
23,3,async_queue_job_1_local_copies,own_local,job,100,81583,815.83,2000
23,4,group_setup_then_64_copies,own_local,group,1562,111666,71.4891165173,2349248
23,5,resettable_root_pin_1024_borrow_reads,std_shared_pin_raw_borrow,scope,97,32150,331.443298969,2334208
23,6,resource_lifecycle_64_assets_4096_objects,std_shared,cycle,10,504429,50442.9,17203200
23,7,copy_read_drop,own_local,copy,100000,105715,1.05715,2350000
23,8,async_queue_job_1024_local_copies,std_shared,job,100,2703809,27038.09,2406400
23,9,group_setup_then_1_copies,own_local,group,100000,1357087,13.57087,2000000
23,10,independent_owner_parameter,own_shared,call,100000,1325929,13.25929,2350000
23,11,async_queue_job_64_local_copies,std_shared,job,100,346358,3463.58,150400
23,12,weak_lock_live,std_shared,lock,100000,1703256,17.03256,2350000
23,13,localize_read_drop,std_shared,group,100000,1506742,15.06742,2350000
23,14,create_read_destroy,own_local,asset,100000,1893627,18.93627,65000400000
23,15,group_setup_then_64_copies,std_shared,group,1562,1686385,1079.6318822,2349248
23,16,weak_lock_live,own_shared,lock,100000,1491129,14.91129,2350000
23,17,owner_retained_borrow_parameter,std_raw_borrow,call,100000,64053,0.64053,2350000
23,18,create_read_destroy,own_shared,asset,100000,1765080,17.6508,65000400000
23,19,copy_read_drop,std_shared,copy,100000,1666108,16.66108,2350000
23,20,create_read_destroy,std_shared,asset,100000,1168812,11.68812,65000400000
23,21,async_queue_job_64_borrow_reads,own_shared_then_local_view,job,100,73426,734.26,150400
23,22,owner_retained_borrow_copy_read,std_raw_borrow,read,100000,29678,0.29678,2350000
23,23,async_queue_job_64_local_copies,own_local,job,100,265662,2656.62,150400
23,24,share_read_drop,std_shared,handoff,100000,1427740,14.2774,2350000
23,25,async_queue_job_1_borrow_reads,own_shared_then_local_view,job,100,47908,479.08,2000
23,26,contended_copy_2_workers,std_shared,copy,200000,16466785,82.333925,4700000
23,27,async_queue_job_1024_local_copies,own_local,job,100,491143,4911.43,2406400
23,28,share_read_drop,own_shared,handoff,100000,1116927,11.16927,2350000
23,29,independent_owner_parameter,std_shared,call,100000,1656918,16.56918,2350000
23,30,async_queue_job_1_borrow_reads,std_shared_then_raw_borrow,job,100,53473,534.73,2000
23,31,independent_owner_parameter,own_local,call,100000,112322,1.12322,2350000
23,32,group_setup_then_1024_copies,own_local,group,97,88516,912.536082474,2334208
23,33,weak_lock_expired,own_shared,lock,100000,70715,0.70715,0
23,34,weak_lock_expired,std_shared,lock,100000,77270,0.7727,0
23,35,async_queue_job_1024_borrow_reads,own_shared_then_local_view,job,100,208549,2085.49,2406400
23,36,async_queue_job_64_borrow_reads,std_shared_then_raw_borrow,job,100,60708,607.08,150400
23,37,group_setup_then_8_copies,std_shared,group,12500,1872658,149.81264,2350000
23,38,owner_retained_4096_parameter_borrows,own_local_view,frame,24,78805,3283.54166667,41287680
23,39,group_setup_then_1_copies,std_shared,group,100000,3368728,33.68728,2000000
23,40,scene_4096_attachments,std_shared,attachment,98304,932773,9.48865763346,98304
23,41,owner_retained_4096_draw_borrows,own_local_view,frame,24,47337,1972.375,41287680
23,42,copy_read_drop,own_shared,copy,100000,1297145,12.97145,2350000
23,43,frame_4096_draws_64_unique_leases,std_shared,frame,24,84863,3535.95833333,41287680
23,44,owner_retained_borrow_parameter,own_local_view,call,100000,80166,0.80166,2350000
23,45,group_setup_then_1024_copies,std_shared,group,97,1724047,17773.6804124,2334208
23,46,resettable_root_pin_1024_borrow_reads,own_shared_pin_local_view,scope,97,31202,321.670103093,2334208
23,47,resource_lifecycle_64_assets_4096_objects,own_local,cycle,10,205751,20575.1,17203200
23,48,async_queue_job_1_local_copies,std_shared,job,100,73952,739.52,2000
23,49,owner_retained_4096_draw_borrows,std_raw_borrow,frame,24,51008,2125.33333333,41287680
23,50,localize_read_drop,own_local,group,100000,1284982,12.84982,2350000
23,51,owner_retained_4096_parameter_borrows,std_raw_borrow,frame,24,76271,3177.95833333,41287680
23,52,frame_4096_draws_64_unique_leases,own_shared,frame,24,90731,3780.45833333,41287680
23,53,async_queue_job_1024_borrow_reads,std_shared_then_raw_borrow,job,100,111754,1117.54,2406400
23,54,scene_4096_attachments,own_local,attachment,98304,141776,1.44222005208,98304
23,55,borrow_read,raw_borrow,read,100000,35403,0.35403,2350000
24,0,async_queue_job_1_local_copies,std_shared,job,100,55735,557.35,2000
24,1,owner_retained_4096_parameter_borrows,own_local_view,frame,24,76562,3190.08333333,41287680
24,2,copy_read_drop,std_shared,copy,100000,1658413,16.58413,2350000
24,3,scene_4096_attachments,own_local,attachment,98304,140454,1.42877197266,98304
24,4,owner_retained_borrow_parameter,std_raw_borrow,call,100000,64155,0.64155,2350000
24,5,group_setup_then_1024_copies,own_local,group,97,88271,910.010309278,2334208
24,6,group_setup_then_64_copies,own_local,group,1562,110022,70.4366197183,2349248
24,7,contended_copy_2_workers,std_shared,copy,200000,18701299,93.506495,4700000
24,8,contended_copy_2_workers,own_shared,copy,200000,9249182,46.24591,4700000
24,9,group_setup_then_8_copies,own_local,group,12500,271869,21.74952,2350000
24,10,share_read_drop,std_shared,handoff,100000,1469498,14.69498,2350000
24,11,scene_4096_attachments,std_shared,attachment,98304,948502,9.64866129557,98304
24,12,async_queue_job_1024_borrow_reads,std_shared_then_raw_borrow,job,100,174379,1743.79,2406400
24,13,frame_4096_draws_64_unique_leases,own_shared,frame,24,88210,3675.41666667,41287680
24,14,group_setup_then_1_copies,own_local,group,100000,1349655,13.49655,2000000
24,15,localize_read_drop,own_local,group,100000,1284824,12.84824,2350000
24,16,owner_retained_4096_draw_borrows,own_local_view,frame,24,48450,2018.75,41287680
24,17,async_queue_job_1024_borrow_reads,own_shared_then_local_view,job,100,95603,956.03,2406400
24,18,owner_retained_borrow_copy_read,own_local_view,read,100000,30142,0.30142,2350000
24,19,async_queue_job_64_borrow_reads,std_shared_then_raw_borrow,job,100,48679,486.79,150400
24,20,create_read_destroy,own_shared,asset,100000,1839600,18.396,65000400000
24,21,share_read_drop,own_shared,handoff,100000,1119685,11.19685,2350000
24,22,frame_4096_draws_64_unique_leases,std_shared,frame,24,84068,3502.83333333,41287680
24,23,borrow_read,raw_borrow,read,100000,35124,0.35124,2350000
24,24,group_setup_then_1024_copies,std_shared,group,97,1672982,17247.2371134,2334208
24,25,resettable_root_pin_1024_borrow_reads,own_shared_pin_local_view,scope,97,31426,323.979381443,2334208
24,26,async_queue_job_64_local_copies,std_shared,job,100,309089,3090.89,150400
24,27,async_queue_job_64_borrow_reads,own_shared_then_local_view,job,100,67626,676.26,150400
24,28,resettable_root_pin_1024_borrow_reads,std_shared_pin_raw_borrow,scope,97,52898,545.340206186,2334208
24,29,copy_read_drop,own_shared,copy,100000,1310833,13.10833,2350000
24,30,async_queue_job_1_local_copies,own_local,job,100,64738,647.38,2000
24,31,group_setup_then_8_copies,std_shared,group,12500,1875101,150.00808,2350000
24,32,owner_retained_4096_parameter_borrows,std_raw_borrow,frame,24,90045,3751.875,41287680
24,33,independent_owner_parameter,std_shared,call,100000,1638213,16.38213,2350000
24,34,resource_lifecycle_64_assets_4096_objects,std_shared,cycle,10,548127,54812.7,17203200
24,35,async_queue_job_1024_local_copies,std_shared,job,100,2427479,24274.79,2406400
24,36,group_setup_then_1_copies,std_shared,group,100000,3346544,33.46544,2000000
24,37,weak_lock_live,std_shared,lock,100000,1659563,16.59563,2350000
24,38,group_setup_then_64_copies,std_shared,group,1562,1687973,1080.64852753,2349248
24,39,create_read_destroy,own_local,asset,100000,1991214,19.91214,65000400000
24,40,weak_lock_expired,own_shared,lock,100000,67485,0.67485,0
24,41,async_queue_job_1024_local_copies,own_local,job,100,315951,3159.51,2406400
24,42,weak_lock_expired,std_shared,lock,100000,73427,0.73427,0
24,43,async_queue_job_1_borrow_reads,own_shared_then_local_view,job,100,51591,515.91,2000
24,44,owner_retained_borrow_parameter,own_local_view,call,100000,61957,0.61957,2350000
24,45,owner_retained_borrow_copy_read,std_raw_borrow,read,100000,29239,0.29239,2350000
24,46,independent_owner_parameter,own_local,call,100000,121725,1.21725,2350000
24,47,weak_lock_live,own_shared,lock,100000,1448743,14.48743,2350000
24,48,independent_owner_parameter,own_shared,call,100000,1315310,13.1531,2350000
24,49,localize_read_drop,std_shared,group,100000,1470412,14.70412,2350000
24,50,create_read_destroy,std_shared,asset,100000,1194035,11.94035,65000400000
24,51,resource_lifecycle_64_assets_4096_objects,own_local,cycle,10,210296,21029.6,17203200
24,52,async_queue_job_64_local_copies,own_local,job,100,78271,782.71,150400
24,53,async_queue_job_1_borrow_reads,std_shared_then_raw_borrow,job,100,40257,402.57,2000
24,54,owner_retained_4096_draw_borrows,std_raw_borrow,frame,24,47483,1978.45833333,41287680
24,55,copy_read_drop,own_local,copy,100000,116151,1.16151,2350000
25,0,async_queue_job_1024_borrow_reads,own_shared_then_local_view,job,100,132958,1329.58,2406400
25,1,async_queue_job_1_local_copies,std_shared,job,100,80234,802.34,2000
25,2,owner_retained_4096_parameter_borrows,std_raw_borrow,frame,24,76171,3173.79166667,41287680
25,3,weak_lock_live,own_shared,lock,100000,1525590,15.2559,2350000
25,4,independent_owner_parameter,std_shared,call,100000,1695479,16.95479,2350000
25,5,owner_retained_borrow_parameter,std_raw_borrow,call,100000,61850,0.6185,2350000
25,6,async_queue_job_1_borrow_reads,std_shared_then_raw_borrow,job,100,47206,472.06,2000
25,7,async_queue_job_1024_local_copies,std_shared,job,100,2397802,23978.02,2406400
25,8,owner_retained_borrow_copy_read,own_local_view,read,100000,31769,0.31769,2350000
25,9,group_setup_then_8_copies,own_local,group,12500,273806,21.90448,2350000
25,10,group_setup_then_1_copies,std_shared,group,100000,3268858,32.68858,2000000
25,11,weak_lock_live,std_shared,lock,100000,1600418,16.00418,2350000
25,12,frame_4096_draws_64_unique_leases,own_shared,frame,24,84826,3534.41666667,41287680
25,13,share_read_drop,std_shared,handoff,100000,1458908,14.58908,2350000
25,14,owner_retained_4096_parameter_borrows,own_local_view,frame,24,75317,3138.20833333,41287680
25,15,owner_retained_4096_draw_borrows,own_local_view,frame,24,57815,2408.95833333,41287680
25,16,async_queue_job_1_local_copies,own_local,job,100,66752,667.52,2000
25,17,copy_read_drop,std_shared,copy,100000,1621319,16.21319,2350000
25,18,async_queue_job_64_borrow_reads,own_shared_then_local_view,job,100,63469,634.69,150400
25,19,async_queue_job_1_borrow_reads,own_shared_then_local_view,job,100,63127,631.27,2000
25,20,copy_read_drop,own_shared,copy,100000,1328651,13.28651,2350000
25,21,group_setup_then_64_copies,std_shared,group,1562,1639030,1049.31498079,2349248
25,22,create_read_destroy,own_local,asset,100000,1875408,18.75408,65000400000
25,23,weak_lock_expired,own_shared,lock,100000,83313,0.83313,0
25,24,independent_owner_parameter,own_local,call,100000,109348,1.09348,2350000
25,25,resettable_root_pin_1024_borrow_reads,own_shared_pin_local_view,scope,97,30699,316.484536082,2334208
25,26,resettable_root_pin_1024_borrow_reads,std_shared_pin_raw_borrow,scope,97,31295,322.628865979,2334208
25,27,group_setup_then_1024_copies,own_local,group,97,98792,1018.4742268,2334208
25,28,owner_retained_borrow_copy_read,std_raw_borrow,read,100000,29312,0.29312,2350000
25,29,frame_4096_draws_64_unique_leases,std_shared,frame,24,85098,3545.75,41287680
25,30,localize_read_drop,own_local,group,100000,1253716,12.53716,2350000
25,31,contended_copy_2_workers,std_shared,copy,200000,17996847,89.984235,4700000
25,32,independent_owner_parameter,own_shared,call,100000,1322942,13.22942,2350000
25,33,async_queue_job_64_borrow_reads,std_shared_then_raw_borrow,job,100,75927,759.27,150400
25,34,group_setup_then_1024_copies,std_shared,group,97,1669436,17210.6804124,2334208
25,35,group_setup_then_64_copies,own_local,group,1562,161613,103.465428937,2349248
25,36,group_setup_then_1_copies,own_local,group,100000,1434534,14.34534,2000000
25,37,copy_read_drop,own_local,copy,100000,106443,1.06443,2350000
25,38,contended_copy_2_workers,own_shared,copy,200000,5910186,29.55093,4700000
25,39,async_queue_job_1024_local_copies,own_local,job,100,330680,3306.8,2406400
25,40,resource_lifecycle_64_assets_4096_objects,std_shared,cycle,10,514094,51409.4,17203200
25,41,owner_retained_borrow_parameter,own_local_view,call,100000,78228,0.78228,2350000
25,42,scene_4096_attachments,own_local,attachment,98304,165724,1.68583170573,98304
25,43,create_read_destroy,std_shared,asset,100000,1254833,12.54833,65000400000
25,44,async_queue_job_64_local_copies,std_shared,job,100,333956,3339.56,150400
25,45,resource_lifecycle_64_assets_4096_objects,own_local,cycle,10,211075,21107.5,17203200
25,46,owner_retained_4096_draw_borrows,std_raw_borrow,frame,24,49922,2080.08333333,41287680
25,47,create_read_destroy,own_shared,asset,100000,1802469,18.02469,65000400000
25,48,async_queue_job_1024_borrow_reads,std_shared_then_raw_borrow,job,100,105192,1051.92,2406400
25,49,scene_4096_attachments,std_shared,attachment,98304,960944,9.77522786458,98304
25,50,weak_lock_expired,std_shared,lock,100000,91527,0.91527,0
25,51,async_queue_job_64_local_copies,own_local,job,100,74209,742.09,150400
25,52,borrow_read,raw_borrow,read,100000,39279,0.39279,2350000
25,53,localize_read_drop,std_shared,group,100000,1471546,14.71546,2350000
25,54,group_setup_then_8_copies,std_shared,group,12500,1881613,150.52904,2350000
25,55,share_read_drop,own_shared,handoff,100000,1152137,11.52137,2350000
26,0,localize_read_drop,own_local,group,100000,1283683,12.83683,2350000
26,1,async_queue_job_1024_local_copies,own_local,job,100,351699,3516.99,2406400
26,2,frame_4096_draws_64_unique_leases,own_shared,frame,24,86151,3589.625,41287680
26,3,share_read_drop,own_shared,handoff,100000,1141348,11.41348,2350000
26,4,group_setup_then_64_copies,std_shared,group,1562,1703658,1090.69014085,2349248
26,5,create_read_destroy,own_local,asset,100000,1920640,19.2064,65000400000
26,6,weak_lock_live,std_shared,lock,100000,1675387,16.75387,2350000
26,7,copy_read_drop,own_local,copy,100000,105698,1.05698,2350000
26,8,scene_4096_attachments,own_local,attachment,98304,153224,1.55867513021,98304
26,9,async_queue_job_1024_local_copies,std_shared,job,100,2430297,24302.97,2406400
26,10,owner_retained_borrow_parameter,std_raw_borrow,call,100000,60077,0.60077,2350000
26,11,resource_lifecycle_64_assets_4096_objects,own_local,cycle,10,214262,21426.2,17203200
26,12,async_queue_job_64_local_copies,own_local,job,100,77665,776.65,150400
26,13,group_setup_then_8_copies,std_shared,group,12500,1869009,149.52072,2350000
26,14,contended_copy_2_workers,own_shared,copy,200000,9035879,45.179395,4700000
26,15,async_queue_job_64_borrow_reads,std_shared_then_raw_borrow,job,100,61907,619.07,150400
26,16,owner_retained_borrow_parameter,own_local_view,call,100000,64240,0.6424,2350000
26,17,group_setup_then_8_copies,own_local,group,12500,281213,22.49704,2350000
26,18,owner_retained_4096_draw_borrows,std_raw_borrow,frame,24,55367,2306.95833333,41287680
26,19,async_queue_job_1_local_copies,std_shared,job,100,63606,636.06,2000
26,20,owner_retained_4096_draw_borrows,own_local_view,frame,24,50756,2114.83333333,41287680
26,21,group_setup_then_1_copies,own_local,group,100000,1382235,13.82235,2000000
26,22,independent_owner_parameter,own_shared,call,100000,1318406,13.18406,2350000
26,23,async_queue_job_1_borrow_reads,std_shared_then_raw_borrow,job,100,73807,738.07,2000
26,24,localize_read_drop,std_shared,group,100000,1495455,14.95455,2350000
26,25,async_queue_job_64_borrow_reads,own_shared_then_local_view,job,100,45273,452.73,150400
26,26,weak_lock_expired,std_shared,lock,100000,77117,0.77117,0
26,27,copy_read_drop,own_shared,copy,100000,1321261,13.21261,2350000
26,28,owner_retained_4096_parameter_borrows,own_local_view,frame,24,76257,3177.375,41287680
26,29,owner_retained_borrow_copy_read,std_raw_borrow,read,100000,30032,0.30032,2350000
26,30,group_setup_then_1_copies,std_shared,group,100000,3366000,33.66,2000000
26,31,resettable_root_pin_1024_borrow_reads,std_shared_pin_raw_borrow,scope,97,32494,334.989690722,2334208
26,32,weak_lock_expired,own_shared,lock,100000,70900,0.709,0
26,33,owner_retained_borrow_copy_read,own_local_view,read,100000,30141,0.30141,2350000
26,34,share_read_drop,std_shared,handoff,100000,1496206,14.96206,2350000
26,35,async_queue_job_64_local_copies,std_shared,job,100,295291,2952.91,150400
26,36,borrow_read,raw_borrow,read,100000,35351,0.35351,2350000
26,37,group_setup_then_1024_copies,own_local,group,97,88304,910.350515464,2334208
26,38,independent_owner_parameter,std_shared,call,100000,1691178,16.91178,2350000
26,39,contended_copy_2_workers,std_shared,copy,200000,18276099,91.380495,4700000
26,40,create_read_destroy,own_shared,asset,100000,1797167,17.97167,65000400000
26,41,scene_4096_attachments,std_shared,attachment,98304,955054,9.7153116862,98304
26,42,owner_retained_4096_parameter_borrows,std_raw_borrow,frame,24,78755,3281.45833333,41287680
26,43,group_setup_then_64_copies,own_local,group,1562,141535,90.6113956466,2349248
26,44,weak_lock_live,own_shared,lock,100000,1522742,15.22742,2350000
26,45,copy_read_drop,std_shared,copy,100000,1662963,16.62963,2350000
26,46,create_read_destroy,std_shared,asset,100000,1223990,12.2399,65000400000
26,47,async_queue_job_1024_borrow_reads,own_shared_then_local_view,job,100,133830,1338.3,2406400
26,48,frame_4096_draws_64_unique_leases,std_shared,frame,24,84709,3529.54166667,41287680
26,49,async_queue_job_1_local_copies,own_local,job,100,65194,651.94,2000
26,50,async_queue_job_1024_borrow_reads,std_shared_then_raw_borrow,job,100,133267,1332.67,2406400
26,51,resettable_root_pin_1024_borrow_reads,own_shared_pin_local_view,scope,97,31685,326.649484536,2334208
26,52,independent_owner_parameter,own_local,call,100000,117443,1.17443,2350000
26,53,async_queue_job_1_borrow_reads,own_shared_then_local_view,job,100,68423,684.23,2000
26,54,resource_lifecycle_64_assets_4096_objects,std_shared,cycle,10,543194,54319.4,17203200
26,55,group_setup_then_1024_copies,std_shared,group,97,1664227,17156.9793814,2334208
27,0,group_setup_then_8_copies,own_local,group,12500,294299,23.54392,2350000
27,1,copy_read_drop,own_local,copy,100000,100567,1.00567,2350000
27,2,share_read_drop,std_shared,handoff,100000,1584608,15.84608,2350000
27,3,async_queue_job_64_borrow_reads,std_shared_then_raw_borrow,job,100,75587,755.87,150400
27,4,scene_4096_attachments,std_shared,attachment,98304,1025983,10.4368387858,98304
27,5,async_queue_job_64_local_copies,own_local,job,100,75592,755.92,150400
27,6,contended_copy_2_workers,std_shared,copy,200000,18020996,90.10498,4700000
27,7,owner_retained_borrow_copy_read,std_raw_borrow,read,100000,30326,0.30326,2350000
27,8,resettable_root_pin_1024_borrow_reads,own_shared_pin_local_view,scope,97,31605,325.824742268,2334208
27,9,async_queue_job_1024_local_copies,own_local,job,100,445755,4457.55,2406400
27,10,owner_retained_borrow_parameter,std_raw_borrow,call,100000,64123,0.64123,2350000
27,11,weak_lock_expired,own_shared,lock,100000,68863,0.68863,0
27,12,weak_lock_live,own_shared,lock,100000,1518945,15.18945,2350000
27,13,copy_read_drop,std_shared,copy,100000,1639929,16.39929,2350000
27,14,group_setup_then_64_copies,std_shared,group,1562,1886365,1207.66005122,2349248
27,15,async_queue_job_1_local_copies,own_local,job,100,62147,621.47,2000
27,16,scene_4096_attachments,own_local,attachment,98304,160086,1.62847900391,98304
27,17,weak_lock_live,std_shared,lock,100000,1659982,16.59982,2350000
27,18,async_queue_job_1024_local_copies,std_shared,job,100,2434889,24348.89,2406400
27,19,independent_owner_parameter,own_local,call,100000,111907,1.11907,2350000
27,20,contended_copy_2_workers,own_shared,copy,200000,8167106,40.83553,4700000
27,21,async_queue_job_1024_borrow_reads,own_shared_then_local_view,job,100,134865,1348.65,2406400
27,22,frame_4096_draws_64_unique_leases,own_shared,frame,24,86361,3598.375,41287680
27,23,copy_read_drop,own_shared,copy,100000,1305675,13.05675,2350000
27,24,async_queue_job_64_borrow_reads,own_shared_then_local_view,job,100,56565,565.65,150400
27,25,share_read_drop,own_shared,handoff,100000,1115478,11.15478,2350000
27,26,owner_retained_borrow_copy_read,own_local_view,read,100000,33218,0.33218,2350000
27,27,group_setup_then_1_copies,own_local,group,100000,1373055,13.73055,2000000
27,28,group_setup_then_1024_copies,own_local,group,97,88643,913.845360825,2334208
27,29,weak_lock_expired,std_shared,lock,100000,77149,0.77149,0
27,30,group_setup_then_1024_copies,std_shared,group,97,1652996,17041.1958763,2334208
27,31,independent_owner_parameter,own_shared,call,100000,1317901,13.17901,2350000
27,32,owner_retained_4096_draw_borrows,own_local_view,frame,24,50779,2115.79166667,41287680
27,33,borrow_read,raw_borrow,read,100000,34975,0.34975,2350000
27,34,localize_read_drop,std_shared,group,100000,1469280,14.6928,2350000
27,35,resource_lifecycle_64_assets_4096_objects,std_shared,cycle,10,508735,50873.5,17203200
27,36,create_read_destroy,own_shared,asset,100000,1765879,17.65879,65000400000
27,37,resettable_root_pin_1024_borrow_reads,std_shared_pin_raw_borrow,scope,97,31489,324.628865979,2334208
27,38,owner_retained_4096_parameter_borrows,own_local_view,frame,24,76437,3184.875,41287680
27,39,owner_retained_4096_draw_borrows,std_raw_borrow,frame,24,64175,2673.95833333,41287680
27,40,group_setup_then_8_copies,std_shared,group,12500,1866839,149.34712,2350000
27,41,async_queue_job_1_borrow_reads,own_shared_then_local_view,job,100,63304,633.04,2000
27,42,owner_retained_4096_parameter_borrows,std_raw_borrow,frame,24,76186,3174.41666667,41287680
27,43,async_queue_job_1024_borrow_reads,std_shared_then_raw_borrow,job,100,108421,1084.21,2406400
27,44,async_queue_job_64_local_copies,std_shared,job,100,329916,3299.16,150400
27,45,frame_4096_draws_64_unique_leases,std_shared,frame,24,88727,3696.95833333,41287680
27,46,create_read_destroy,own_local,asset,100000,1913926,19.13926,65000400000
27,47,create_read_destroy,std_shared,asset,100000,1212439,12.12439,65000400000
27,48,independent_owner_parameter,std_shared,call,100000,1649371,16.49371,2350000
27,49,localize_read_drop,own_local,group,100000,1288917,12.88917,2350000
27,50,group_setup_then_64_copies,own_local,group,1562,110880,70.985915493,2349248
27,51,owner_retained_borrow_parameter,own_local_view,call,100000,64284,0.64284,2350000
27,52,async_queue_job_1_borrow_reads,std_shared_then_raw_borrow,job,100,61107,611.07,2000
27,53,async_queue_job_1_local_copies,std_shared,job,100,61586,615.86,2000
27,54,resource_lifecycle_64_assets_4096_objects,own_local,cycle,10,194239,19423.9,17203200
27,55,group_setup_then_1_copies,std_shared,group,100000,3339427,33.39427,2000000
28,0,group_setup_then_8_copies,own_local,group,12500,279949,22.39592,2350000
28,1,scene_4096_attachments,std_shared,attachment,98304,933375,9.49478149414,98304
28,2,owner_retained_4096_draw_borrows,own_local_view,frame,24,47260,1969.16666667,41287680
28,3,group_setup_then_1024_copies,std_shared,group,97,1616604,16666.0206186,2334208
28,4,async_queue_job_64_local_copies,std_shared,job,100,261588,2615.88,150400
28,5,group_setup_then_8_copies,std_shared,group,12500,1837326,146.98608,2350000
28,6,independent_owner_parameter,own_shared,call,100000,1260186,12.60186,2350000
28,7,create_read_destroy,std_shared,asset,100000,1170068,11.70068,65000400000
28,8,copy_read_drop,std_shared,copy,100000,1614786,16.14786,2350000
28,9,async_queue_job_64_borrow_reads,std_shared_then_raw_borrow,job,100,72478,724.78,150400
28,10,async_queue_job_1_local_copies,own_local,job,100,48600,486,2000
28,11,group_setup_then_64_copies,own_local,group,1562,134041,85.8137003841,2349248
28,12,copy_read_drop,own_shared,copy,100000,1262091,12.62091,2350000
28,13,async_queue_job_1024_local_copies,std_shared,job,100,2416565,24165.65,2406400
28,14,async_queue_job_64_local_copies,own_local,job,100,70705,707.05,150400
28,15,async_queue_job_1024_local_copies,own_local,job,100,315110,3151.1,2406400
28,16,weak_lock_expired,std_shared,lock,100000,77126,0.77126,0
28,17,create_read_destroy,own_local,asset,100000,1909950,19.0995,65000400000
28,18,owner_retained_4096_parameter_borrows,own_local_view,frame,24,76445,3185.20833333,41287680
28,19,frame_4096_draws_64_unique_leases,own_shared,frame,24,109296,4554,41287680
28,20,group_setup_then_1_copies,own_local,group,100000,1360398,13.60398,2000000
28,21,async_queue_job_1_local_copies,std_shared,job,100,64560,645.6,2000
28,22,group_setup_then_1_copies,std_shared,group,100000,3330247,33.30247,2000000
28,23,independent_owner_parameter,own_local,call,100000,112175,1.12175,2350000
28,24,create_read_destroy,own_shared,asset,100000,1768193,17.68193,65000400000
28,25,share_read_drop,own_shared,handoff,100000,1136865,11.36865,2350000
28,26,resource_lifecycle_64_assets_4096_objects,std_shared,cycle,10,532355,53235.5,17203200
28,27,resettable_root_pin_1024_borrow_reads,std_shared_pin_raw_borrow,scope,97,31920,329.072164948,2334208
28,28,contended_copy_2_workers,std_shared,copy,200000,18523337,92.616685,4700000
28,29,localize_read_drop,std_shared,group,100000,1509037,15.09037,2350000
28,30,owner_retained_borrow_copy_read,own_local_view,read,100000,30079,0.30079,2350000
28,31,scene_4096_attachments,own_local,attachment,98304,143895,1.46377563477,98304
28,32,frame_4096_draws_64_unique_leases,std_shared,frame,24,85789,3574.54166667,41287680
28,33,async_queue_job_1_borrow_reads,std_shared_then_raw_borrow,job,100,59877,598.77,2000
28,34,owner_retained_borrow_parameter,own_local_view,call,100000,59924,0.59924,2350000
28,35,weak_lock_live,own_shared,lock,100000,1527170,15.2717,2350000
28,36,weak_lock_live,std_shared,lock,100000,1693688,16.93688,2350000
28,37,contended_copy_2_workers,own_shared,copy,200000,8961194,44.80597,4700000
28,38,owner_retained_borrow_copy_read,std_raw_borrow,read,100000,33643,0.33643,2350000
28,39,async_queue_job_64_borrow_reads,own_shared_then_local_view,job,100,65566,655.66,150400
28,40,weak_lock_expired,own_shared,lock,100000,80113,0.80113,0
28,41,group_setup_then_64_copies,std_shared,group,1562,1703549,1090.62035851,2349248
28,42,resource_lifecycle_64_assets_4096_objects,own_local,cycle,10,201171,20117.1,17203200
28,43,owner_retained_borrow_parameter,std_raw_borrow,call,100000,61681,0.61681,2350000
28,44,resettable_root_pin_1024_borrow_reads,own_shared_pin_local_view,scope,97,43847,452.030927835,2334208
28,45,owner_retained_4096_parameter_borrows,std_raw_borrow,frame,24,77511,3229.625,41287680
28,46,async_queue_job_1_borrow_reads,own_shared_then_local_view,job,100,63531,635.31,2000
28,47,owner_retained_4096_draw_borrows,std_raw_borrow,frame,24,54962,2290.08333333,41287680
28,48,async_queue_job_1024_borrow_reads,std_shared_then_raw_borrow,job,100,181753,1817.53,2406400
28,49,independent_owner_parameter,std_shared,call,100000,1686972,16.86972,2350000
28,50,localize_read_drop,own_local,group,100000,1286769,12.86769,2350000
28,51,borrow_read,raw_borrow,read,100000,35172,0.35172,2350000
28,52,copy_read_drop,own_local,copy,100000,105741,1.05741,2350000
28,53,group_setup_then_1024_copies,own_local,group,97,92992,958.680412371,2334208
28,54,async_queue_job_1024_borrow_reads,own_shared_then_local_view,job,100,104316,1043.16,2406400
28,55,share_read_drop,std_shared,handoff,100000,1581256,15.81256,2350000
29,0,owner_retained_borrow_copy_read,own_local_view,read,100000,51383,0.51383,2350000
29,1,async_queue_job_1024_local_copies,own_local,job,100,318984,3189.84,2406400
29,2,group_setup_then_64_copies,std_shared,group,1562,1732607,1109.2234315,2349248
29,3,group_setup_then_8_copies,own_local,group,12500,291451,23.31608,2350000
29,4,weak_lock_live,std_shared,lock,100000,1861492,18.61492,2350000
29,5,independent_owner_parameter,own_shared,call,100000,1469708,14.69708,2350000
29,6,localize_read_drop,std_shared,group,100000,1567778,15.67778,2350000
29,7,async_queue_job_1_borrow_reads,own_shared_then_local_view,job,100,44846,448.46,2000
29,8,owner_retained_4096_draw_borrows,std_raw_borrow,frame,24,62664,2611,41287680
29,9,async_queue_job_64_local_copies,own_local,job,100,69267,692.67,150400
29,10,scene_4096_attachments,std_shared,attachment,98304,949877,9.66264851888,98304
29,11,create_read_destroy,std_shared,asset,100000,1241705,12.41705,65000400000
29,12,group_setup_then_8_copies,std_shared,group,12500,1943700,155.496,2350000
29,13,async_queue_job_64_borrow_reads,std_shared_then_raw_borrow,job,100,82093,820.93,150400
29,14,group_setup_then_1_copies,std_shared,group,100000,3343552,33.43552,2000000
29,15,create_read_destroy,own_shared,asset,100000,1808414,18.08414,65000400000
29,16,weak_lock_expired,std_shared,lock,100000,77070,0.7707,0
29,17,resource_lifecycle_64_assets_4096_objects,own_local,cycle,10,196022,19602.2,17203200
29,18,borrow_read,raw_borrow,read,100000,35072,0.35072,2350000
29,19,independent_owner_parameter,std_shared,call,100000,1662460,16.6246,2350000
29,20,async_queue_job_64_local_copies,std_shared,job,100,257709,2577.09,150400
29,21,resettable_root_pin_1024_borrow_reads,own_shared_pin_local_view,scope,97,31433,324.051546392,2334208
29,22,weak_lock_expired,own_shared,lock,100000,68788,0.68788,0
29,23,owner_retained_4096_draw_borrows,own_local_view,frame,24,48824,2034.33333333,41287680
29,24,copy_read_drop,own_shared,copy,100000,1339122,13.39122,2350000
29,25,resettable_root_pin_1024_borrow_reads,std_shared_pin_raw_borrow,scope,97,31879,328.649484536,2334208
29,26,group_setup_then_64_copies,own_local,group,1562,158484,101.462227913,2349248
29,27,create_read_destroy,own_local,asset,100000,1927178,19.27178,65000400000
29,28,weak_lock_live,own_shared,lock,100000,1518004,15.18004,2350000
29,29,async_queue_job_1_local_copies,own_local,job,100,83610,836.1,2000
29,30,localize_read_drop,own_local,group,100000,1289455,12.89455,2350000
29,31,async_queue_job_1_local_copies,std_shared,job,100,93461,934.61,2000
29,32,owner_retained_4096_parameter_borrows,own_local_view,frame,24,76798,3199.91666667,41287680
29,33,group_setup_then_1_copies,own_local,group,100000,1367818,13.67818,2000000
29,34,contended_copy_2_workers,std_shared,copy,200000,14742657,73.713285,4700000
29,35,async_queue_job_64_borrow_reads,own_shared_then_local_view,job,100,68602,686.02,150400
29,36,async_queue_job_1024_borrow_reads,std_shared_then_raw_borrow,job,100,190171,1901.71,2406400
29,37,owner_retained_borrow_parameter,own_local_view,call,100000,64435,0.64435,2350000
29,38,resource_lifecycle_64_assets_4096_objects,std_shared,cycle,10,532214,53221.4,17203200
29,39,frame_4096_draws_64_unique_leases,std_shared,frame,24,86061,3585.875,41287680
29,40,owner_retained_borrow_copy_read,std_raw_borrow,read,100000,33806,0.33806,2350000
29,41,async_queue_job_1_borrow_reads,std_shared_then_raw_borrow,job,100,44053,440.53,2000
29,42,owner_retained_borrow_parameter,std_raw_borrow,call,100000,60042,0.60042,2350000
29,43,owner_retained_4096_parameter_borrows,std_raw_borrow,frame,24,78185,3257.70833333,41287680
29,44,scene_4096_attachments,own_local,attachment,98304,148892,1.5146077474,98304
29,45,independent_owner_parameter,own_local,call,100000,112626,1.12626,2350000
29,46,copy_read_drop,own_local,copy,100000,123635,1.23635,2350000
29,47,contended_copy_2_workers,own_shared,copy,200000,9203923,46.019615,4700000
29,48,group_setup_then_1024_copies,std_shared,group,97,1728805,17822.7319588,2334208
29,49,share_read_drop,own_shared,handoff,100000,1171141,11.71141,2350000
29,50,share_read_drop,std_shared,handoff,100000,1477200,14.772,2350000
29,51,copy_read_drop,std_shared,copy,100000,1644058,16.44058,2350000
29,52,async_queue_job_1024_local_copies,std_shared,job,100,2421617,24216.17,2406400
29,53,async_queue_job_1024_borrow_reads,own_shared_then_local_view,job,100,82381,823.81,2406400
29,54,frame_4096_draws_64_unique_leases,own_shared,frame,24,89090,3712.08333333,41287680
29,55,group_setup_then_1024_copies,own_local,group,97,88186,909.134020619,2334208
30,0,resource_lifecycle_64_assets_4096_objects,std_shared,cycle,10,516309,51630.9,17203200
30,1,resettable_root_pin_1024_borrow_reads,own_shared_pin_local_view,scope,97,31581,325.577319588,2334208
30,2,contended_copy_2_workers,std_shared,copy,200000,17629491,88.147455,4700000
30,3,resettable_root_pin_1024_borrow_reads,std_shared_pin_raw_borrow,scope,97,32143,331.371134021,2334208
30,4,owner_retained_borrow_copy_read,std_raw_borrow,read,100000,42638,0.42638,2350000
30,5,async_queue_job_1024_local_copies,own_local,job,100,389721,3897.21,2406400
30,6,create_read_destroy,own_local,asset,100000,1920730,19.2073,65000400000
30,7,async_queue_job_1024_local_copies,std_shared,job,100,2497428,24974.28,2406400
30,8,async_queue_job_1_local_copies,std_shared,job,100,72130,721.3,2000
30,9,share_read_drop,std_shared,handoff,100000,1469459,14.69459,2350000
30,10,group_setup_then_1024_copies,std_shared,group,97,1686335,17384.8969072,2334208
30,11,frame_4096_draws_64_unique_leases,std_shared,frame,24,88238,3676.58333333,41287680
30,12,group_setup_then_8_copies,own_local,group,12500,279847,22.38776,2350000
30,13,group_setup_then_64_copies,own_local,group,1562,110208,70.5556978233,2349248
30,14,async_queue_job_1024_borrow_reads,own_shared_then_local_view,job,100,139158,1391.58,2406400
30,15,group_setup_then_8_copies,std_shared,group,12500,1885887,150.87096,2350000
30,16,async_queue_job_1_borrow_reads,std_shared_then_raw_borrow,job,100,52232,522.32,2000
30,17,async_queue_job_1_borrow_reads,own_shared_then_local_view,job,100,57480,574.8,2000
30,18,owner_retained_borrow_parameter,std_raw_borrow,call,100000,60110,0.6011,2350000
30,19,scene_4096_attachments,std_shared,attachment,98304,995220,10.1239013672,98304
30,20,group_setup_then_1024_copies,own_local,group,97,88823,915.701030928,2334208
30,21,async_queue_job_64_borrow_reads,own_shared_then_local_view,job,100,58665,586.65,150400
30,22,contended_copy_2_workers,own_shared,copy,200000,7587194,37.93597,4700000
30,23,group_setup_then_1_copies,own_local,group,100000,1413796,14.13796,2000000
30,24,resource_lifecycle_64_assets_4096_objects,own_local,cycle,10,213508,21350.8,17203200
30,25,weak_lock_live,std_shared,lock,100000,1660437,16.60437,2350000
30,26,async_queue_job_64_local_copies,std_shared,job,100,276431,2764.31,150400
30,27,independent_owner_parameter,own_local,call,100000,112477,1.12477,2350000
30,28,scene_4096_attachments,own_local,attachment,98304,147323,1.49864705404,98304
30,29,owner_retained_4096_draw_borrows,own_local_view,frame,24,50462,2102.58333333,41287680
30,30,independent_owner_parameter,own_shared,call,100000,1310226,13.10226,2350000
30,31,async_queue_job_64_local_copies,own_local,job,100,96708,967.08,150400
30,32,owner_retained_borrow_copy_read,own_local_view,read,100000,32196,0.32196,2350000
30,33,owner_retained_4096_parameter_borrows,own_local_view,frame,24,76023,3167.625,41287680
30,34,localize_read_drop,own_local,group,100000,1287788,12.87788,2350000
30,35,group_setup_then_1_copies,std_shared,group,100000,3357795,33.57795,2000000
30,36,share_read_drop,own_shared,handoff,100000,1145922,11.45922,2350000
30,37,copy_read_drop,own_shared,copy,100000,1326329,13.26329,2350000
30,38,weak_lock_expired,std_shared,lock,100000,77446,0.77446,0
30,39,owner_retained_4096_draw_borrows,std_raw_borrow,frame,24,50404,2100.16666667,41287680
30,40,localize_read_drop,std_shared,group,100000,1457683,14.57683,2350000
30,41,copy_read_drop,own_local,copy,100000,110778,1.10778,2350000
30,42,independent_owner_parameter,std_shared,call,100000,1648999,16.48999,2350000
30,43,async_queue_job_1_local_copies,own_local,job,100,61513,615.13,2000
30,44,frame_4096_draws_64_unique_leases,own_shared,frame,24,85518,3563.25,41287680
30,45,create_read_destroy,std_shared,asset,100000,1228828,12.28828,65000400000
30,46,async_queue_job_64_borrow_reads,std_shared_then_raw_borrow,job,100,65002,650.02,150400
30,47,weak_lock_expired,own_shared,lock,100000,68701,0.68701,0
30,48,weak_lock_live,own_shared,lock,100000,1496477,14.96477,2350000
30,49,owner_retained_borrow_parameter,own_local_view,call,100000,64288,0.64288,2350000
30,50,owner_retained_4096_parameter_borrows,std_raw_borrow,frame,24,76263,3177.625,41287680
30,51,group_setup_then_64_copies,std_shared,group,1562,1705214,1091.68629962,2349248
30,52,copy_read_drop,std_shared,copy,100000,1625652,16.25652,2350000
30,53,borrow_read,raw_borrow,read,100000,35098,0.35098,2350000
30,54,async_queue_job_1024_borrow_reads,std_shared_then_raw_borrow,job,100,123419,1234.19,2406400
30,55,create_read_destroy,own_shared,asset,100000,1770031,17.70031,65000400000
31,0,weak_lock_live,std_shared,lock,100000,1671179,16.71179,2350000
31,1,weak_lock_expired,std_shared,lock,100000,76996,0.76996,0
31,2,async_queue_job_1_local_copies,own_local,job,100,72779,727.79,2000
31,3,owner_retained_borrow_parameter,own_local_view,call,100000,64257,0.64257,2350000
31,4,frame_4096_draws_64_unique_leases,own_shared,frame,24,85595,3566.45833333,41287680
31,5,copy_read_drop,std_shared,copy,100000,1642517,16.42517,2350000
31,6,owner_retained_borrow_copy_read,std_raw_borrow,read,100000,30012,0.30012,2350000
31,7,group_setup_then_1_copies,own_local,group,100000,1363932,13.63932,2000000
31,8,scene_4096_attachments,own_local,attachment,98304,155032,1.57706705729,98304
31,9,scene_4096_attachments,std_shared,attachment,98304,920707,9.36591593424,98304
31,10,async_queue_job_64_borrow_reads,std_shared_then_raw_borrow,job,100,74383,743.83,150400
31,11,independent_owner_parameter,std_shared,call,100000,1638814,16.38814,2350000
31,12,async_queue_job_64_borrow_reads,own_shared_then_local_view,job,100,88912,889.12,150400
31,13,async_queue_job_1_borrow_reads,own_shared_then_local_view,job,100,66631,666.31,2000
31,14,owner_retained_borrow_copy_read,own_local_view,read,100000,30076,0.30076,2350000
31,15,borrow_read,raw_borrow,read,100000,34912,0.34912,2350000
31,16,async_queue_job_1024_local_copies,own_local,job,100,316295,3162.95,2406400
31,17,async_queue_job_64_local_copies,own_local,job,100,76296,762.96,150400
31,18,group_setup_then_1024_copies,std_shared,group,97,1642994,16938.0824742,2334208
31,19,resettable_root_pin_1024_borrow_reads,std_shared_pin_raw_borrow,scope,97,31726,327.072164948,2334208
31,20,async_queue_job_1_borrow_reads,std_shared_then_raw_borrow,job,100,58250,582.5,2000
31,21,copy_read_drop,own_local,copy,100000,99252,0.99252,2350000
31,22,group_setup_then_8_copies,own_local,group,12500,267147,21.37176,2350000
31,23,localize_read_drop,own_local,group,100000,1403263,14.03263,2350000
31,24,resource_lifecycle_64_assets_4096_objects,std_shared,cycle,10,559523,55952.3,17203200
31,25,create_read_destroy,own_local,asset,100000,2041446,20.41446,65000400000
31,26,group_setup_then_8_copies,std_shared,group,12500,1882553,150.60424,2350000
31,27,owner_retained_4096_parameter_borrows,std_raw_borrow,frame,24,79234,3301.41666667,41287680
31,28,weak_lock_live,own_shared,lock,100000,1476929,14.76929,2350000
31,29,resource_lifecycle_64_assets_4096_objects,own_local,cycle,10,203020,20302,17203200
31,30,async_queue_job_1024_borrow_reads,own_shared_then_local_view,job,100,158175,1581.75,2406400
31,31,share_read_drop,std_shared,handoff,100000,1463225,14.63225,2350000
31,32,copy_read_drop,own_shared,copy,100000,1326175,13.26175,2350000
31,33,share_read_drop,own_shared,handoff,100000,1112747,11.12747,2350000
31,34,async_queue_job_1024_local_copies,std_shared,job,100,2506945,25069.45,2406400
31,35,frame_4096_draws_64_unique_leases,std_shared,frame,24,84319,3513.29166667,41287680
31,36,contended_copy_2_workers,std_shared,copy,200000,18330980,91.6549,4700000
31,37,owner_retained_4096_parameter_borrows,own_local_view,frame,24,77858,3244.08333333,41287680
31,38,async_queue_job_1_local_copies,std_shared,job,100,63368,633.68,2000
31,39,resettable_root_pin_1024_borrow_reads,own_shared_pin_local_view,scope,97,31558,325.340206186,2334208
31,40,owner_retained_4096_draw_borrows,std_raw_borrow,frame,24,52325,2180.20833333,41287680
31,41,owner_retained_4096_draw_borrows,own_local_view,frame,24,46709,1946.20833333,41287680
31,42,group_setup_then_1024_copies,own_local,group,97,100891,1040.11340206,2334208
31,43,group_setup_then_64_copies,own_local,group,1562,110427,70.6959026889,2349248
31,44,group_setup_then_64_copies,std_shared,group,1562,1715947,1098.55761844,2349248
31,45,localize_read_drop,std_shared,group,100000,1484815,14.84815,2350000
31,46,create_read_destroy,std_shared,asset,100000,1255806,12.55806,65000400000
31,47,contended_copy_2_workers,own_shared,copy,200000,8973842,44.86921,4700000
31,48,create_read_destroy,own_shared,asset,100000,1777913,17.77913,65000400000
31,49,independent_owner_parameter,own_local,call,100000,117269,1.17269,2350000
31,50,owner_retained_borrow_parameter,std_raw_borrow,call,100000,59913,0.59913,2350000
31,51,weak_lock_expired,own_shared,lock,100000,81794,0.81794,0
31,52,group_setup_then_1_copies,std_shared,group,100000,3339315,33.39315,2000000
31,53,async_queue_job_1024_borrow_reads,std_shared_then_raw_borrow,job,100,140119,1401.19,2406400
31,54,independent_owner_parameter,own_shared,call,100000,1316273,13.16273,2350000
31,55,async_queue_job_64_local_copies,std_shared,job,100,299061,2990.61,150400
32,0,localize_read_drop,own_local,group,100000,1274410,12.7441,2350000
32,1,copy_read_drop,own_shared,copy,100000,1294126,12.94126,2350000
32,2,independent_owner_parameter,own_local,call,100000,112326,1.12326,2350000
32,3,group_setup_then_64_copies,std_shared,group,1562,1709431,1094.38604353,2349248
32,4,async_queue_job_64_borrow_reads,own_shared_then_local_view,job,100,66560,665.6,150400
32,5,owner_retained_borrow_parameter,std_raw_borrow,call,100000,59918,0.59918,2350000
32,6,independent_owner_parameter,std_shared,call,100000,1650375,16.50375,2350000
32,7,owner_retained_4096_draw_borrows,own_local_view,frame,24,47570,1982.08333333,41287680
32,8,scene_4096_attachments,own_local,attachment,98304,133694,1.36000569661,98304
32,9,resettable_root_pin_1024_borrow_reads,own_shared_pin_local_view,scope,97,31200,321.649484536,2334208
32,10,weak_lock_live,std_shared,lock,100000,1687304,16.87304,2350000
32,11,independent_owner_parameter,own_shared,call,100000,1295336,12.95336,2350000
32,12,weak_lock_live,own_shared,lock,100000,1489216,14.89216,2350000
32,13,contended_copy_2_workers,own_shared,copy,200000,9045012,45.22506,4700000
32,14,async_queue_job_1_borrow_reads,std_shared_then_raw_borrow,job,100,69330,693.3,2000
32,15,group_setup_then_1024_copies,std_shared,group,97,1653044,17041.6907216,2334208
32,16,async_queue_job_64_local_copies,std_shared,job,100,311149,3111.49,150400
32,17,owner_retained_4096_parameter_borrows,std_raw_borrow,frame,24,76590,3191.25,41287680
32,18,copy_read_drop,own_local,copy,100000,104681,1.04681,2350000
32,19,frame_4096_draws_64_unique_leases,own_shared,frame,24,85490,3562.08333333,41287680
32,20,owner_retained_4096_draw_borrows,std_raw_borrow,frame,24,46861,1952.54166667,41287680
32,21,async_queue_job_1024_borrow_reads,std_shared_then_raw_borrow,job,100,139491,1394.91,2406400
32,22,group_setup_then_8_copies,std_shared,group,12500,1883423,150.67384,2350000
32,23,async_queue_job_1_local_copies,own_local,job,100,65711,657.11,2000
32,24,owner_retained_borrow_copy_read,own_local_view,read,100000,30047,0.30047,2350000
32,25,owner_retained_borrow_copy_read,std_raw_borrow,read,100000,29986,0.29986,2350000
32,26,async_queue_job_1024_local_copies,own_local,job,100,406393,4063.93,2406400
32,27,resettable_root_pin_1024_borrow_reads,std_shared_pin_raw_borrow,scope,97,31925,329.12371134,2334208
32,28,async_queue_job_1024_borrow_reads,own_shared_then_local_view,job,100,141913,1419.13,2406400
32,29,scene_4096_attachments,std_shared,attachment,98304,944734,9.61033121745,98304
32,30,weak_lock_expired,own_shared,lock,100000,73084,0.73084,0
32,31,owner_retained_4096_parameter_borrows,own_local_view,frame,24,76360,3181.66666667,41287680
32,32,async_queue_job_64_local_copies,own_local,job,100,63480,634.8,150400
32,33,weak_lock_expired,std_shared,lock,100000,77351,0.77351,0
32,34,resource_lifecycle_64_assets_4096_objects,std_shared,cycle,10,521565,52156.5,17203200
32,35,group_setup_then_1024_copies,own_local,group,97,93113,959.927835052,2334208
32,36,group_setup_then_64_copies,own_local,group,1562,110916,71.0089628681,2349248
32,37,localize_read_drop,std_shared,group,100000,1481601,14.81601,2350000
32,38,frame_4096_draws_64_unique_leases,std_shared,frame,24,84592,3524.66666667,41287680
32,39,share_read_drop,own_shared,handoff,100000,1113770,11.1377,2350000
32,40,copy_read_drop,std_shared,copy,100000,1645299,16.45299,2350000
32,41,group_setup_then_1_copies,own_local,group,100000,1364808,13.64808,2000000
32,42,create_read_destroy,own_shared,asset,100000,1767897,17.67897,65000400000
32,43,async_queue_job_1_local_copies,std_shared,job,100,67886,678.86,2000
32,44,create_read_destroy,own_local,asset,100000,1915015,19.15015,65000400000
32,45,group_setup_then_8_copies,own_local,group,12500,270158,21.61264,2350000
32,46,owner_retained_borrow_parameter,own_local_view,call,100000,78436,0.78436,2350000
32,47,share_read_drop,std_shared,handoff,100000,1570344,15.70344,2350000
32,48,resource_lifecycle_64_assets_4096_objects,own_local,cycle,10,210183,21018.3,17203200
32,49,async_queue_job_1_borrow_reads,own_shared_then_local_view,job,100,52849,528.49,2000
32,50,borrow_read,raw_borrow,read,100000,37925,0.37925,2350000
32,51,async_queue_job_64_borrow_reads,std_shared_then_raw_borrow,job,100,135103,1351.03,150400
32,52,async_queue_job_1024_local_copies,std_shared,job,100,2403904,24039.04,2406400
32,53,create_read_destroy,std_shared,asset,100000,1168103,11.68103,65000400000
32,54,contended_copy_2_workers,std_shared,copy,200000,18962030,94.81015,4700000
32,55,group_setup_then_1_copies,std_shared,group,100000,3354174,33.54174,2000000
33,0,share_read_drop,own_shared,handoff,100000,1126738,11.26738,2350000
33,1,owner_retained_borrow_copy_read,std_raw_borrow,read,100000,30024,0.30024,2350000
33,2,create_read_destroy,own_shared,asset,100000,1775567,17.75567,65000400000
33,3,resource_lifecycle_64_assets_4096_objects,std_shared,cycle,10,516845,51684.5,17203200
33,4,create_read_destroy,own_local,asset,100000,1904968,19.04968,65000400000
33,5,owner_retained_4096_parameter_borrows,std_raw_borrow,frame,24,77135,3213.95833333,41287680
33,6,independent_owner_parameter,own_shared,call,100000,1296216,12.96216,2350000
33,7,async_queue_job_64_borrow_reads,std_shared_then_raw_borrow,job,100,77286,772.86,150400
33,8,resettable_root_pin_1024_borrow_reads,own_shared_pin_local_view,scope,97,31209,321.742268041,2334208
33,9,weak_lock_expired,own_shared,lock,100000,68450,0.6845,0
33,10,async_queue_job_1024_borrow_reads,std_shared_then_raw_borrow,job,100,91028,910.28,2406400
33,11,contended_copy_2_workers,std_shared,copy,200000,18717723,93.588615,4700000
33,12,owner_retained_borrow_parameter,std_raw_borrow,call,100000,60026,0.60026,2350000
33,13,group_setup_then_8_copies,std_shared,group,12500,1883453,150.67624,2350000
33,14,owner_retained_4096_draw_borrows,std_raw_borrow,frame,24,47038,1959.91666667,41287680
33,15,owner_retained_4096_parameter_borrows,own_local_view,frame,24,77839,3243.29166667,41287680
33,16,share_read_drop,std_shared,handoff,100000,1470972,14.70972,2350000
33,17,contended_copy_2_workers,own_shared,copy,200000,9075350,45.37675,4700000
33,18,weak_lock_live,std_shared,lock,100000,1675012,16.75012,2350000
33,19,copy_read_drop,own_local,copy,100000,116817,1.16817,2350000
33,20,scene_4096_attachments,std_shared,attachment,98304,934363,9.50483194987,98304
33,21,owner_retained_borrow_parameter,own_local_view,call,100000,59966,0.59966,2350000
33,22,async_queue_job_1_borrow_reads,std_shared_then_raw_borrow,job,100,64583,645.83,2000
33,23,frame_4096_draws_64_unique_leases,own_shared,frame,24,86961,3623.375,41287680
33,24,independent_owner_parameter,std_shared,call,100000,1660643,16.60643,2350000
33,25,independent_owner_parameter,own_local,call,100000,124727,1.24727,2350000
33,26,async_queue_job_1_local_copies,std_shared,job,100,71734,717.34,2000
33,27,localize_read_drop,std_shared,group,100000,1458754,14.58754,2350000
33,28,owner_retained_4096_draw_borrows,own_local_view,frame,24,47619,1984.125,41287680
33,29,async_queue_job_1024_local_copies,own_local,job,100,384404,3844.04,2406400
33,30,async_queue_job_64_local_copies,own_local,job,100,58749,587.49,150400
33,31,group_setup_then_1_copies,own_local,group,100000,1370128,13.70128,2000000
33,32,resettable_root_pin_1024_borrow_reads,std_shared_pin_raw_borrow,scope,97,32022,330.12371134,2334208
33,33,weak_lock_live,own_shared,lock,100000,1491603,14.91603,2350000
33,34,group_setup_then_1024_copies,own_local,group,97,102707,1058.83505155,2334208
33,35,async_queue_job_1024_borrow_reads,own_shared_then_local_view,job,100,135441,1354.41,2406400
33,36,owner_retained_borrow_copy_read,own_local_view,read,100000,50058,0.50058,2350000
33,37,async_queue_job_64_local_copies,std_shared,job,100,282091,2820.91,150400
33,38,scene_4096_attachments,own_local,attachment,98304,138151,1.40534464518,98304
33,39,copy_read_drop,own_shared,copy,100000,1261255,12.61255,2350000
33,40,group_setup_then_64_copies,own_local,group,1562,120353,77.0505761844,2349248
33,41,frame_4096_draws_64_unique_leases,std_shared,frame,24,82148,3422.83333333,41287680
33,42,copy_read_drop,std_shared,copy,100000,1601716,16.01716,2350000
33,43,borrow_read,raw_borrow,read,100000,34187,0.34187,2350000
33,44,group_setup_then_1024_copies,std_shared,group,97,1617100,16671.1340206,2334208
33,45,async_queue_job_64_borrow_reads,own_shared_then_local_view,job,100,63456,634.56,150400
33,46,weak_lock_expired,std_shared,lock,100000,75165,0.75165,0
33,47,group_setup_then_8_copies,own_local,group,12500,227068,18.16544,2350000
33,48,group_setup_then_1_copies,std_shared,group,100000,3258910,32.5891,2000000
33,49,async_queue_job_1_borrow_reads,own_shared_then_local_view,job,100,53669,536.69,2000
33,50,async_queue_job_1024_local_copies,std_shared,job,100,2404102,24041.02,2406400
33,51,async_queue_job_1_local_copies,own_local,job,100,76387,763.87,2000
33,52,resource_lifecycle_64_assets_4096_objects,own_local,cycle,10,199370,19937,17203200
33,53,localize_read_drop,own_local,group,100000,1276093,12.76093,2350000
33,54,create_read_destroy,std_shared,asset,100000,1192954,11.92954,65000400000
33,55,group_setup_then_64_copies,std_shared,group,1562,1660750,1063.22023047,2349248
34,0,borrow_read,raw_borrow,read,100000,34229,0.34229,2350000
34,1,scene_4096_attachments,own_local,attachment,98304,140937,1.43368530273,98304
34,2,contended_copy_2_workers,std_shared,copy,200000,18895292,94.47646,4700000
34,3,group_setup_then_1_copies,std_shared,group,100000,3321248,33.21248,2000000
34,4,weak_lock_live,own_shared,lock,100000,1528467,15.28467,2350000
34,5,copy_read_drop,own_shared,copy,100000,1309172,13.09172,2350000
34,6,owner_retained_borrow_parameter,std_raw_borrow,call,100000,64293,0.64293,2350000
34,7,copy_read_drop,own_local,copy,100000,105702,1.05702,2350000
34,8,group_setup_then_1_copies,own_local,group,100000,1386860,13.8686,2000000
34,9,independent_owner_parameter,std_shared,call,100000,1649956,16.49956,2350000
34,10,localize_read_drop,own_local,group,100000,1274666,12.74666,2350000
34,11,group_setup_then_1024_copies,std_shared,group,97,1748491,18025.6804124,2334208
34,12,async_queue_job_64_local_copies,std_shared,job,100,273698,2736.98,150400
34,13,contended_copy_2_workers,own_shared,copy,200000,9001286,45.00643,4700000
34,14,owner_retained_4096_parameter_borrows,std_raw_borrow,frame,24,79059,3294.125,41287680
34,15,frame_4096_draws_64_unique_leases,own_shared,frame,24,91697,3820.70833333,41287680
34,16,async_queue_job_1024_borrow_reads,std_shared_then_raw_borrow,job,100,147934,1479.34,2406400
34,17,scene_4096_attachments,std_shared,attachment,98304,921842,9.3774617513,98304
34,18,weak_lock_live,std_shared,lock,100000,1687740,16.8774,2350000
34,19,share_read_drop,own_shared,handoff,100000,1153536,11.53536,2350000
34,20,resettable_root_pin_1024_borrow_reads,own_shared_pin_local_view,scope,97,31355,323.24742268,2334208
34,21,weak_lock_expired,own_shared,lock,100000,68700,0.687,0
34,22,independent_owner_parameter,own_shared,call,100000,1310922,13.10922,2350000
34,23,create_read_destroy,std_shared,asset,100000,1194237,11.94237,65000400000
34,24,owner_retained_4096_draw_borrows,own_local_view,frame,24,49843,2076.79166667,41287680
34,25,async_queue_job_64_local_copies,own_local,job,100,76363,763.63,150400
34,26,resource_lifecycle_64_assets_4096_objects,std_shared,cycle,10,517609,51760.9,17203200
34,27,weak_lock_expired,std_shared,lock,100000,77443,0.77443,0
34,28,group_setup_then_1024_copies,own_local,group,97,106323,1096.11340206,2334208
34,29,owner_retained_borrow_copy_read,std_raw_borrow,read,100000,30434,0.30434,2350000
34,30,async_queue_job_1024_local_copies,own_local,job,100,350017,3500.17,2406400
34,31,frame_4096_draws_64_unique_leases,std_shared,frame,24,84804,3533.5,41287680
34,32,share_read_drop,std_shared,handoff,100000,1498526,14.98526,2350000
34,33,async_queue_job_1024_borrow_reads,own_shared_then_local_view,job,100,145984,1459.84,2406400
34,34,group_setup_then_8_copies,own_local,group,12500,272966,21.83728,2350000
34,35,create_read_destroy,own_local,asset,100000,2075438,20.75438,65000400000
34,36,async_queue_job_1_borrow_reads,own_shared_then_local_view,job,100,48934,489.34,2000
34,37,group_setup_then_64_copies,std_shared,group,1562,1850009,1184.38476312,2349248
34,38,localize_read_drop,std_shared,group,100000,1559293,15.59293,2350000
34,39,group_setup_then_8_copies,std_shared,group,12500,1866921,149.35368,2350000
34,40,owner_retained_borrow_copy_read,own_local_view,read,100000,51367,0.51367,2350000
34,41,group_setup_then_64_copies,own_local,group,1562,110296,70.6120358515,2349248
34,42,resource_lifecycle_64_assets_4096_objects,own_local,cycle,10,201221,20122.1,17203200
34,43,async_queue_job_64_borrow_reads,own_shared_then_local_view,job,100,62380,623.8,150400
34,44,async_queue_job_64_borrow_reads,std_shared_then_raw_borrow,job,100,70961,709.61,150400
34,45,create_read_destroy,own_shared,asset,100000,1783035,17.83035,65000400000
34,46,independent_owner_parameter,own_local,call,100000,112080,1.1208,2350000
34,47,resettable_root_pin_1024_borrow_reads,std_shared_pin_raw_borrow,scope,97,31966,329.546391753,2334208
34,48,owner_retained_borrow_parameter,own_local_view,call,100000,59994,0.59994,2350000
34,49,async_queue_job_1_local_copies,own_local,job,100,66586,665.86,2000
34,50,owner_retained_4096_parameter_borrows,own_local_view,frame,24,78842,3285.08333333,41287680
34,51,async_queue_job_1_borrow_reads,std_shared_then_raw_borrow,job,100,48905,489.05,2000
34,52,async_queue_job_1024_local_copies,std_shared,job,100,2413250,24132.5,2406400
34,53,owner_retained_4096_draw_borrows,std_raw_borrow,frame,24,49497,2062.375,41287680
34,54,copy_read_drop,std_shared,copy,100000,1654656,16.54656,2350000
34,55,async_queue_job_1_local_copies,std_shared,job,100,117936,1179.36,2000
35,0,borrow_read,raw_borrow,read,100000,35324,0.35324,2350000
35,1,create_read_destroy,own_shared,asset,100000,1786386,17.86386,65000400000
35,2,contended_copy_2_workers,std_shared,copy,200000,18582509,92.912545,4700000
35,3,owner_retained_4096_draw_borrows,std_raw_borrow,frame,24,47775,1990.625,41287680
35,4,owner_retained_borrow_copy_read,std_raw_borrow,read,100000,30190,0.3019,2350000
35,5,independent_owner_parameter,own_shared,call,100000,1277472,12.77472,2350000
35,6,resource_lifecycle_64_assets_4096_objects,own_local,cycle,10,209371,20937.1,17203200
35,7,async_queue_job_1024_local_copies,own_local,job,100,447551,4475.51,2406400
35,8,create_read_destroy,own_local,asset,100000,1863574,18.63574,65000400000
35,9,async_queue_job_64_local_copies,std_shared,job,100,304440,3044.4,150400
35,10,group_setup_then_1_copies,own_local,group,100000,1407781,14.07781,2000000
35,11,group_setup_then_8_copies,std_shared,group,12500,1867374,149.38992,2350000
35,12,async_queue_job_1024_local_copies,std_shared,job,100,2648126,26481.26,2406400
35,13,copy_read_drop,own_local,copy,100000,108834,1.08834,2350000
35,14,async_queue_job_64_local_copies,own_local,job,100,87242,872.42,150400
35,15,async_queue_job_1_local_copies,own_local,job,100,76605,766.05,2000
35,16,create_read_destroy,std_shared,asset,100000,1465088,14.65088,65000400000
35,17,owner_retained_borrow_parameter,own_local_view,call,100000,70691,0.70691,2350000
35,18,group_setup_then_1_copies,std_shared,group,100000,3439114,34.39114,2000000
35,19,weak_lock_live,own_shared,lock,100000,1521227,15.21227,2350000
35,20,owner_retained_4096_draw_borrows,own_local_view,frame,24,50037,2084.875,41287680
35,21,async_queue_job_1_borrow_reads,std_shared_then_raw_borrow,job,100,517238,5172.38,2000
35,22,frame_4096_draws_64_unique_leases,own_shared,frame,24,113190,4716.25,41287680
35,23,independent_owner_parameter,own_local,call,100000,119419,1.19419,2350000
35,24,frame_4096_draws_64_unique_leases,std_shared,frame,24,85973,3582.20833333,41287680
35,25,async_queue_job_64_borrow_reads,own_shared_then_local_view,job,100,1409941,14099.41,150400
35,26,weak_lock_live,std_shared,lock,100000,1695465,16.95465,2350000
35,27,async_queue_job_1_local_copies,std_shared,job,100,659753,6597.53,2000
35,28,owner_retained_borrow_parameter,std_raw_borrow,call,100000,70938,0.70938,2350000
35,29,group_setup_then_64_copies,std_shared,group,1562,1702505,1089.95198464,2349248
35,30,resettable_root_pin_1024_borrow_reads,own_shared_pin_local_view,scope,97,31283,322.505154639,2334208
35,31,group_setup_then_64_copies,own_local,group,1562,224869,143.962227913,2349248
35,32,group_setup_then_8_copies,own_local,group,12500,324775,25.982,2350000
35,33,independent_owner_parameter,std_shared,call,100000,1871836,18.71836,2350000
35,34,contended_copy_2_workers,own_shared,copy,200000,8524964,42.62482,4700000
35,35,owner_retained_4096_parameter_borrows,std_raw_borrow,frame,24,80894,3370.58333333,41287680
35,36,resettable_root_pin_1024_borrow_reads,std_shared_pin_raw_borrow,scope,97,43144,444.783505155,2334208
35,37,weak_lock_expired,std_shared,lock,100000,89381,0.89381,0
35,38,share_read_drop,std_shared,handoff,100000,1463929,14.63929,2350000
35,39,share_read_drop,own_shared,handoff,100000,1120373,11.20373,2350000
35,40,scene_4096_attachments,std_shared,attachment,98304,951042,9.67449951172,98304
35,41,localize_read_drop,std_shared,group,100000,1501974,15.01974,2350000
35,42,resource_lifecycle_64_assets_4096_objects,std_shared,cycle,10,505040,50504,17203200
35,43,async_queue_job_64_borrow_reads,std_shared_then_raw_borrow,job,100,67932,679.32,150400
35,44,async_queue_job_1_borrow_reads,own_shared_then_local_view,job,100,59105,591.05,2000
35,45,weak_lock_expired,own_shared,lock,100000,68678,0.68678,0
35,46,scene_4096_attachments,own_local,attachment,98304,151574,1.54189046224,98304
35,47,group_setup_then_1024_copies,std_shared,group,97,1682709,17347.5154639,2334208
35,48,async_queue_job_1024_borrow_reads,std_shared_then_raw_borrow,job,100,93913,939.13,2406400
35,49,localize_read_drop,own_local,group,100000,1296577,12.96577,2350000
35,50,owner_retained_borrow_copy_read,own_local_view,read,100000,51613,0.51613,2350000
35,51,group_setup_then_1024_copies,own_local,group,97,91290,941.134020619,2334208
35,52,async_queue_job_1024_borrow_reads,own_shared_then_local_view,job,100,119487,1194.87,2406400
35,53,copy_read_drop,own_shared,copy,100000,1303757,13.03757,2350000
35,54,copy_read_drop,std_shared,copy,100000,1678819,16.78819,2350000
35,55,owner_retained_4096_parameter_borrows,own_local_view,frame,24,78582,3274.25,41287680
36,0,create_read_destroy,std_shared,asset,100000,1222925,12.22925,65000400000
36,1,owner_retained_borrow_copy_read,own_local_view,read,100000,30849,0.30849,2350000
36,2,independent_owner_parameter,own_shared,call,100000,1325237,13.25237,2350000
36,3,scene_4096_attachments,std_shared,attachment,98304,948733,9.65101114909,98304
36,4,owner_retained_borrow_parameter,own_local_view,call,100000,64052,0.64052,2350000
36,5,weak_lock_expired,own_shared,lock,100000,81468,0.81468,0
36,6,group_setup_then_1024_copies,std_shared,group,97,1645367,16962.5463918,2334208
36,7,frame_4096_draws_64_unique_leases,own_shared,frame,24,86024,3584.33333333,41287680
36,8,group_setup_then_8_copies,std_shared,group,12500,1886448,150.91584,2350000
36,9,owner_retained_borrow_parameter,std_raw_borrow,call,100000,68137,0.68137,2350000
36,10,async_queue_job_1_borrow_reads,own_shared_then_local_view,job,100,278876,2788.76,2000
36,11,borrow_read,raw_borrow,read,100000,35801,0.35801,2350000
36,12,group_setup_then_64_copies,std_shared,group,1562,1644564,1052.85787452,2349248
36,13,owner_retained_4096_parameter_borrows,std_raw_borrow,frame,24,75849,3160.375,41287680
36,14,contended_copy_2_workers,own_shared,copy,200000,9139319,45.696595,4700000
36,15,owner_retained_borrow_copy_read,std_raw_borrow,read,100000,30495,0.30495,2350000
36,16,resettable_root_pin_1024_borrow_reads,std_shared_pin_raw_borrow,scope,97,53746,554.082474227,2334208
36,17,owner_retained_4096_draw_borrows,own_local_view,frame,24,47492,1978.83333333,41287680
36,18,frame_4096_draws_64_unique_leases,std_shared,frame,24,83947,3497.79166667,41287680
36,19,resource_lifecycle_64_assets_4096_objects,own_local,cycle,10,200894,20089.4,17203200
36,20,weak_lock_live,own_shared,lock,100000,1496929,14.96929,2350000
36,21,independent_owner_parameter,std_shared,call,100000,1679009,16.79009,2350000
36,22,localize_read_drop,own_local,group,100000,1292971,12.92971,2350000
36,23,async_queue_job_1024_borrow_reads,own_shared_then_local_view,job,100,96554,965.54,2406400
36,24,async_queue_job_64_borrow_reads,std_shared_then_raw_borrow,job,100,101554,1015.54,150400
36,25,localize_read_drop,std_shared,group,100000,1464295,14.64295,2350000
36,26,weak_lock_live,std_shared,lock,100000,1693660,16.9366,2350000
36,27,copy_read_drop,own_local,copy,100000,111734,1.11734,2350000
36,28,scene_4096_attachments,own_local,attachment,98304,142944,1.4541015625,98304
36,29,async_queue_job_64_local_copies,own_local,job,100,91591,915.91,150400
36,30,group_setup_then_1024_copies,own_local,group,97,87703,904.154639175,2334208
36,31,resource_lifecycle_64_assets_4096_objects,std_shared,cycle,10,512693,51269.3,17203200
36,32,share_read_drop,std_shared,handoff,100000,1458784,14.58784,2350000
36,33,async_queue_job_1024_local_copies,std_shared,job,100,2429167,24291.67,2406400
36,34,group_setup_then_1_copies,std_shared,group,100000,3335135,33.35135,2000000
36,35,independent_owner_parameter,own_local,call,100000,112389,1.12389,2350000
36,36,group_setup_then_8_copies,own_local,group,12500,278625,22.29,2350000
36,37,copy_read_drop,std_shared,copy,100000,1732098,17.32098,2350000
36,38,owner_retained_4096_draw_borrows,std_raw_borrow,frame,24,54953,2289.70833333,41287680
36,39,copy_read_drop,own_shared,copy,100000,1382203,13.82203,2350000
36,40,create_read_destroy,own_shared,asset,100000,1779833,17.79833,65000400000
36,41,async_queue_job_1_local_copies,std_shared,job,100,68272,682.72,2000
36,42,group_setup_then_1_copies,own_local,group,100000,1364782,13.64782,2000000
36,43,weak_lock_expired,std_shared,lock,100000,75319,0.75319,0
36,44,async_queue_job_1_borrow_reads,std_shared_then_raw_borrow,job,100,71842,718.42,2000
36,45,async_queue_job_1024_local_copies,own_local,job,100,305480,3054.8,2406400
36,46,owner_retained_4096_parameter_borrows,own_local_view,frame,24,74524,3105.16666667,41287680
36,47,share_read_drop,own_shared,handoff,100000,1112122,11.12122,2350000
36,48,async_queue_job_64_borrow_reads,own_shared_then_local_view,job,100,60870,608.7,150400
36,49,contended_copy_2_workers,std_shared,copy,200000,18117163,90.585815,4700000
36,50,group_setup_then_64_copies,own_local,group,1562,139283,89.1696542894,2349248
36,51,async_queue_job_64_local_copies,std_shared,job,100,256251,2562.51,150400
36,52,async_queue_job_1024_borrow_reads,std_shared_then_raw_borrow,job,100,123816,1238.16,2406400
36,53,create_read_destroy,own_local,asset,100000,1864951,18.64951,65000400000
36,54,resettable_root_pin_1024_borrow_reads,own_shared_pin_local_view,scope,97,30554,314.989690722,2334208
36,55,async_queue_job_1_local_copies,own_local,job,100,58185,581.85,2000
37,0,owner_retained_4096_draw_borrows,own_local_view,frame,24,47176,1965.66666667,41287680
37,1,resettable_root_pin_1024_borrow_reads,std_shared_pin_raw_borrow,scope,97,31478,324.515463918,2334208
37,2,weak_lock_live,own_shared,lock,100000,1452404,14.52404,2350000
37,3,weak_lock_expired,own_shared,lock,100000,68905,0.68905,0
37,4,frame_4096_draws_64_unique_leases,std_shared,frame,24,85519,3563.29166667,41287680
37,5,async_queue_job_64_local_copies,own_local,job,100,74442,744.42,150400
37,6,create_read_destroy,std_shared,asset,100000,1203490,12.0349,65000400000
37,7,owner_retained_4096_parameter_borrows,own_local_view,frame,24,74183,3090.95833333,41287680
37,8,owner_retained_borrow_parameter,own_local_view,call,100000,62657,0.62657,2350000
37,9,share_read_drop,std_shared,handoff,100000,1455804,14.55804,2350000
37,10,copy_read_drop,std_shared,copy,100000,1585622,15.85622,2350000
37,11,frame_4096_draws_64_unique_leases,own_shared,frame,24,101338,4222.41666667,41287680
37,12,owner_retained_borrow_parameter,std_raw_borrow,call,100000,62623,0.62623,2350000
37,13,async_queue_job_1024_local_copies,std_shared,job,100,2403622,24036.22,2406400
37,14,contended_copy_2_workers,std_shared,copy,200000,18679202,93.39601,4700000
37,15,group_setup_then_1_copies,std_shared,group,100000,3339901,33.39901,2000000
37,16,contended_copy_2_workers,own_shared,copy,200000,9318537,46.592685,4700000
37,17,resource_lifecycle_64_assets_4096_objects,std_shared,cycle,10,512579,51257.9,17203200
37,18,owner_retained_borrow_copy_read,own_local_view,read,100000,29375,0.29375,2350000
37,19,async_queue_job_1024_local_copies,own_local,job,100,321032,3210.32,2406400
37,20,localize_read_drop,std_shared,group,100000,1457869,14.57869,2350000
37,21,async_queue_job_1024_borrow_reads,std_shared_then_raw_borrow,job,100,132681,1326.81,2406400
37,22,async_queue_job_1024_borrow_reads,own_shared_then_local_view,job,100,181808,1818.08,2406400
37,23,weak_lock_live,std_shared,lock,100000,1664457,16.64457,2350000
37,24,scene_4096_attachments,own_local,attachment,98304,155218,1.57895914714,98304
37,25,create_read_destroy,own_shared,asset,100000,1759248,17.59248,65000400000
37,26,async_queue_job_1_local_copies,std_shared,job,100,75463,754.63,2000
37,27,copy_read_drop,own_shared,copy,100000,1307648,13.07648,2350000
37,28,async_queue_job_64_borrow_reads,own_shared_then_local_view,job,100,51247,512.47,150400
37,29,group_setup_then_64_copies,own_local,group,1562,137685,88.1466069142,2349248
37,30,group_setup_then_64_copies,std_shared,group,1562,1690518,1082.27784891,2349248
37,31,async_queue_job_64_local_copies,std_shared,job,100,267767,2677.67,150400
37,32,owner_retained_borrow_copy_read,std_raw_borrow,read,100000,30132,0.30132,2350000
37,33,independent_owner_parameter,std_shared,call,100000,1665846,16.65846,2350000
37,34,independent_owner_parameter,own_local,call,100000,111767,1.11767,2350000
37,35,group_setup_then_1024_copies,own_local,group,97,89978,927.608247423,2334208
37,36,async_queue_job_1_local_copies,own_local,job,100,81676,816.76,2000
37,37,resource_lifecycle_64_assets_4096_objects,own_local,cycle,10,194851,19485.1,17203200
37,38,copy_read_drop,own_local,copy,100000,110964,1.10964,2350000
37,39,share_read_drop,own_shared,handoff,100000,1116208,11.16208,2350000
37,40,resettable_root_pin_1024_borrow_reads,own_shared_pin_local_view,scope,97,31491,324.649484536,2334208
37,41,scene_4096_attachments,std_shared,attachment,98304,950521,9.66919962565,98304
37,42,async_queue_job_64_borrow_reads,std_shared_then_raw_borrow,job,100,69637,696.37,150400
37,43,group_setup_then_8_copies,own_local,group,12500,291472,23.31776,2350000
37,44,owner_retained_4096_draw_borrows,std_raw_borrow,frame,24,53556,2231.5,41287680
37,45,group_setup_then_1024_copies,std_shared,group,97,1790477,18458.5257732,2334208
37,46,localize_read_drop,own_local,group,100000,1388456,13.88456,2350000
37,47,borrow_read,raw_borrow,read,100000,37857,0.37857,2350000
37,48,async_queue_job_1_borrow_reads,own_shared_then_local_view,job,100,89900,899,2000
37,49,owner_retained_4096_parameter_borrows,std_raw_borrow,frame,24,82674,3444.75,41287680
37,50,independent_owner_parameter,own_shared,call,100000,1341900,13.419,2350000
37,51,create_read_destroy,own_local,asset,100000,1894501,18.94501,65000400000
37,52,weak_lock_expired,std_shared,lock,100000,77212,0.77212,0
37,53,group_setup_then_8_copies,std_shared,group,12500,1881885,150.5508,2350000
37,54,group_setup_then_1_copies,own_local,group,100000,1381189,13.81189,2000000
37,55,async_queue_job_1_borrow_reads,std_shared_then_raw_borrow,job,100,85773,857.73,2000
38,0,share_read_drop,own_shared,handoff,100000,1116159,11.16159,2350000
38,1,async_queue_job_1024_local_copies,std_shared,job,100,2425734,24257.34,2406400
38,2,weak_lock_live,std_shared,lock,100000,1675261,16.75261,2350000
38,3,async_queue_job_1_borrow_reads,own_shared_then_local_view,job,100,66726,667.26,2000
38,4,resource_lifecycle_64_assets_4096_objects,std_shared,cycle,10,536418,53641.8,17203200
38,5,owner_retained_4096_draw_borrows,std_raw_borrow,frame,24,47012,1958.83333333,41287680
38,6,weak_lock_expired,std_shared,lock,100000,77013,0.77013,0
38,7,scene_4096_attachments,own_local,attachment,98304,135794,1.3813680013,98304
38,8,resettable_root_pin_1024_borrow_reads,own_shared_pin_local_view,scope,97,31220,321.855670103,2334208
38,9,create_read_destroy,own_shared,asset,100000,1765172,17.65172,65000400000
38,10,copy_read_drop,own_shared,copy,100000,1295708,12.95708,2350000
38,11,resettable_root_pin_1024_borrow_reads,std_shared_pin_raw_borrow,scope,97,31773,327.556701031,2334208
38,12,owner_retained_4096_parameter_borrows,std_raw_borrow,frame,24,76093,3170.54166667,41287680
38,13,independent_owner_parameter,std_shared,call,100000,1672606,16.72606,2350000
38,14,async_queue_job_1024_borrow_reads,std_shared_then_raw_borrow,job,100,470680,4706.8,2406400
38,15,localize_read_drop,own_local,group,100000,1222262,12.22262,2350000
38,16,group_setup_then_1_copies,std_shared,group,100000,3328767,33.28767,2000000
38,17,frame_4096_draws_64_unique_leases,std_shared,frame,24,85119,3546.625,41287680
38,18,independent_owner_parameter,own_shared,call,100000,1294699,12.94699,2350000
38,19,group_setup_then_64_copies,own_local,group,1562,127524,81.6414852753,2349248
38,20,independent_owner_parameter,own_local,call,100000,111834,1.11834,2350000
38,21,async_queue_job_1_borrow_reads,std_shared_then_raw_borrow,job,100,84910,849.1,2000
38,22,owner_retained_borrow_parameter,own_local_view,call,100000,59942,0.59942,2350000
38,23,async_queue_job_1_local_copies,own_local,job,100,57282,572.82,2000
38,24,async_queue_job_64_local_copies,std_shared,job,100,376414,3764.14,150400
38,25,contended_copy_2_workers,std_shared,copy,200000,18626954,93.13477,4700000
38,26,async_queue_job_64_borrow_reads,own_shared_then_local_view,job,100,87658,876.58,150400
38,27,async_queue_job_1024_borrow_reads,own_shared_then_local_view,job,100,149257,1492.57,2406400
38,28,create_read_destroy,own_local,asset,100000,1915845,19.15845,65000400000
38,29,frame_4096_draws_64_unique_leases,own_shared,frame,24,86761,3615.04166667,41287680
38,30,owner_retained_borrow_parameter,std_raw_borrow,call,100000,64322,0.64322,2350000
38,31,borrow_read,raw_borrow,read,100000,35235,0.35235,2350000
38,32,async_queue_job_1024_local_copies,own_local,job,100,359663,3596.63,2406400
38,33,copy_read_drop,std_shared,copy,100000,1646411,16.46411,2350000
38,34,share_read_drop,std_shared,handoff,100000,1479364,14.79364,2350000
38,35,scene_4096_attachments,std_shared,attachment,98304,931052,9.47115071615,98304
38,36,resource_lifecycle_64_assets_4096_objects,own_local,cycle,10,206550,20655,17203200
38,37,copy_read_drop,own_local,copy,100000,105565,1.05565,2350000
38,38,async_queue_job_1_local_copies,std_shared,job,100,82257,822.57,2000
38,39,owner_retained_4096_parameter_borrows,own_local_view,frame,24,77518,3229.91666667,41287680
38,40,localize_read_drop,std_shared,group,100000,1473812,14.73812,2350000
38,41,group_setup_then_64_copies,std_shared,group,1562,1686760,1079.87195903,2349248
38,42,group_setup_then_8_copies,own_local,group,12500,278489,22.27912,2350000
38,43,async_queue_job_64_borrow_reads,std_shared_then_raw_borrow,job,100,74746,747.46,150400
38,44,async_queue_job_64_local_copies,own_local,job,100,95165,951.65,150400
38,45,weak_lock_expired,own_shared,lock,100000,70749,0.70749,0
38,46,create_read_destroy,std_shared,asset,100000,1144384,11.44384,65000400000
38,47,group_setup_then_1024_copies,own_local,group,97,89445,922.113402062,2334208
38,48,owner_retained_4096_draw_borrows,own_local_view,frame,24,46838,1951.58333333,41287680
38,49,weak_lock_live,own_shared,lock,100000,1519116,15.19116,2350000
38,50,contended_copy_2_workers,own_shared,copy,200000,8376154,41.88077,4700000
38,51,group_setup_then_1024_copies,std_shared,group,97,1647381,16983.3092784,2334208
38,52,group_setup_then_8_copies,std_shared,group,12500,1881858,150.54864,2350000
38,53,group_setup_then_1_copies,own_local,group,100000,1356895,13.56895,2000000
38,54,owner_retained_borrow_copy_read,std_raw_borrow,read,100000,30023,0.30023,2350000
38,55,owner_retained_borrow_copy_read,own_local_view,read,100000,30017,0.30017,2350000
39,0,group_setup_then_1024_copies,std_shared,group,97,1664645,17161.2886598,2334208
39,1,scene_4096_attachments,std_shared,attachment,98304,930435,9.46487426758,98304
39,2,scene_4096_attachments,own_local,attachment,98304,133193,1.35490926107,98304
39,3,owner_retained_4096_draw_borrows,own_local_view,frame,24,59236,2468.16666667,41287680
39,4,owner_retained_borrow_copy_read,std_raw_borrow,read,100000,29983,0.29983,2350000
39,5,resource_lifecycle_64_assets_4096_objects,own_local,cycle,10,195943,19594.3,17203200
39,6,independent_owner_parameter,std_shared,call,100000,1638860,16.3886,2350000
39,7,async_queue_job_1_borrow_reads,std_shared_then_raw_borrow,job,100,62969,629.69,2000
39,8,owner_retained_borrow_parameter,std_raw_borrow,call,100000,71880,0.7188,2350000
39,9,group_setup_then_1_copies,std_shared,group,100000,3349617,33.49617,2000000
39,10,group_setup_then_1_copies,own_local,group,100000,1364269,13.64269,2000000
39,11,create_read_destroy,own_local,asset,100000,1941989,19.41989,65000400000
39,12,resource_lifecycle_64_assets_4096_objects,std_shared,cycle,10,510278,51027.8,17203200
39,13,contended_copy_2_workers,std_shared,copy,200000,16500800,82.504,4700000
39,14,contended_copy_2_workers,own_shared,copy,200000,8772073,43.860365,4700000
39,15,async_queue_job_1024_local_copies,std_shared,job,100,2704778,27047.78,2406400
39,16,async_queue_job_1_local_copies,std_shared,job,100,82345,823.45,2000
39,17,group_setup_then_8_copies,std_shared,group,12500,1901428,152.11424,2350000
39,18,weak_lock_expired,std_shared,lock,100000,77323,0.77323,0
39,19,independent_owner_parameter,own_local,call,100000,111929,1.11929,2350000
39,20,share_read_drop,std_shared,handoff,100000,1462215,14.62215,2350000
39,21,localize_read_drop,std_shared,group,100000,1469554,14.69554,2350000
39,22,owner_retained_4096_parameter_borrows,own_local_view,frame,24,77463,3227.625,41287680
39,23,copy_read_drop,std_shared,copy,100000,1670435,16.70435,2350000
39,24,weak_lock_live,own_shared,lock,100000,1499508,14.99508,2350000
39,25,copy_read_drop,own_local,copy,100000,104608,1.04608,2350000
39,26,localize_read_drop,own_local,group,100000,1336897,13.36897,2350000
39,27,owner_retained_borrow_copy_read,own_local_view,read,100000,51455,0.51455,2350000
39,28,async_queue_job_1_borrow_reads,own_shared_then_local_view,job,100,66255,662.55,2000
39,29,async_queue_job_64_local_copies,std_shared,job,100,277197,2771.97,150400
39,30,weak_lock_expired,own_shared,lock,100000,68593,0.68593,0
39,31,group_setup_then_8_copies,own_local,group,12500,278802,22.30416,2350000
39,32,copy_read_drop,own_shared,copy,100000,1304718,13.04718,2350000
39,33,async_queue_job_1024_local_copies,own_local,job,100,332978,3329.78,2406400
39,34,create_read_destroy,own_shared,asset,100000,1790208,17.90208,65000400000
39,35,resettable_root_pin_1024_borrow_reads,own_shared_pin_local_view,scope,97,31281,322.484536082,2334208
39,36,async_queue_job_1024_borrow_reads,std_shared_then_raw_borrow,job,100,102311,1023.11,2406400
39,37,async_queue_job_64_borrow_reads,std_shared_then_raw_borrow,job,100,45739,457.39,150400
39,38,async_queue_job_64_local_copies,own_local,job,100,46511,465.11,150400
39,39,frame_4096_draws_64_unique_leases,own_shared,frame,24,89365,3723.54166667,41287680
39,40,group_setup_then_1024_copies,own_local,group,97,88481,912.175257732,2334208
39,41,independent_owner_parameter,own_shared,call,100000,1397092,13.97092,2350000
39,42,borrow_read,raw_borrow,read,100000,35260,0.3526,2350000
39,43,owner_retained_4096_draw_borrows,std_raw_borrow,frame,24,48724,2030.16666667,41287680
39,44,async_queue_job_64_borrow_reads,own_shared_then_local_view,job,100,56054,560.54,150400
39,45,async_queue_job_1024_borrow_reads,own_shared_then_local_view,job,100,123006,1230.06,2406400
39,46,frame_4096_draws_64_unique_leases,std_shared,frame,24,86618,3609.08333333,41287680
39,47,group_setup_then_64_copies,std_shared,group,1562,1726450,1105.28169014,2349248
39,48,resettable_root_pin_1024_borrow_reads,std_shared_pin_raw_borrow,scope,97,31291,322.587628866,2334208
39,49,create_read_destroy,std_shared,asset,100000,1218431,12.18431,65000400000
39,50,owner_retained_4096_parameter_borrows,std_raw_borrow,frame,24,76319,3179.95833333,41287680
39,51,share_read_drop,own_shared,handoff,100000,1118905,11.18905,2350000
39,52,owner_retained_borrow_parameter,own_local_view,call,100000,59931,0.59931,2350000
39,53,weak_lock_live,std_shared,lock,100000,1701094,17.01094,2350000
39,54,group_setup_then_64_copies,own_local,group,1562,108217,69.281049936,2349248
39,55,async_queue_job_1_local_copies,own_local,job,100,91152,911.52,2000
40,0,share_read_drop,own_shared,handoff,100000,1062698,10.62698,2350000
40,1,group_setup_then_1_copies,own_local,group,100000,1325394,13.25394,2000000
40,2,independent_owner_parameter,own_local,call,100000,122503,1.22503,2350000
40,3,group_setup_then_1_copies,std_shared,group,100000,3194668,31.94668,2000000
40,4,create_read_destroy,own_shared,asset,100000,1729076,17.29076,65000400000
40,5,owner_retained_borrow_parameter,own_local_view,call,100000,56993,0.56993,2350000
40,6,scene_4096_attachments,own_local,attachment,98304,147667,1.50214640299,98304
40,7,owner_retained_4096_draw_borrows,own_local_view,frame,24,44943,1872.625,41287680
40,8,weak_lock_expired,std_shared,lock,100000,73440,0.7344,0
40,9,copy_read_drop,std_shared,copy,100000,1550885,15.50885,2350000
40,10,weak_lock_live,std_shared,lock,100000,1597111,15.97111,2350000
40,11,weak_lock_live,own_shared,lock,100000,1418240,14.1824,2350000
40,12,group_setup_then_64_copies,own_local,group,1562,159687,102.232394366,2349248
40,13,async_queue_job_1_borrow_reads,own_shared_then_local_view,job,100,62752,627.52,2000
40,14,async_queue_job_1024_borrow_reads,std_shared_then_raw_borrow,job,100,171769,1717.69,2406400
40,15,group_setup_then_64_copies,std_shared,group,1562,1605615,1027.92253521,2349248
40,16,resource_lifecycle_64_assets_4096_objects,own_local,cycle,10,209446,20944.6,17203200
40,17,async_queue_job_1024_borrow_reads,own_shared_then_local_view,job,100,136756,1367.56,2406400
40,18,localize_read_drop,own_local,group,100000,1241612,12.41612,2350000
40,19,async_queue_job_1_local_copies,own_local,job,100,63377,633.77,2000
40,20,owner_retained_borrow_parameter,std_raw_borrow,call,100000,61148,0.61148,2350000
40,21,independent_owner_parameter,std_shared,call,100000,1597551,15.97551,2350000
40,22,async_queue_job_1024_local_copies,own_local,job,100,545016,5450.16,2406400
40,23,share_read_drop,std_shared,handoff,100000,1414013,14.14013,2350000
40,24,frame_4096_draws_64_unique_leases,own_shared,frame,24,81494,3395.58333333,41287680
40,25,group_setup_then_8_copies,std_shared,group,12500,1783286,142.66288,2350000
40,26,resource_lifecycle_64_assets_4096_objects,std_shared,cycle,10,479404,47940.4,17203200
40,27,async_queue_job_64_borrow_reads,std_shared_then_raw_borrow,job,100,68224,682.24,150400
40,28,scene_4096_attachments,std_shared,attachment,98304,886271,9.01561482747,98304
40,29,group_setup_then_8_copies,own_local,group,12500,276546,22.12368,2350000
40,30,create_read_destroy,own_local,asset,100000,1807392,18.07392,65000400000
40,31,owner_retained_borrow_copy_read,own_local_view,read,100000,29337,0.29337,2350000
40,32,owner_retained_4096_parameter_borrows,own_local_view,frame,24,72365,3015.20833333,41287680
40,33,independent_owner_parameter,own_shared,call,100000,1244983,12.44983,2350000
40,34,resettable_root_pin_1024_borrow_reads,own_shared_pin_local_view,scope,97,29677,305.948453608,2334208
40,35,copy_read_drop,own_shared,copy,100000,1306685,13.06685,2350000
40,36,create_read_destroy,std_shared,asset,100000,1145398,11.45398,65000400000
40,37,copy_read_drop,own_local,copy,100000,105214,1.05214,2350000
40,38,async_queue_job_1024_local_copies,std_shared,job,100,2428954,24289.54,2406400
40,39,owner_retained_4096_draw_borrows,std_raw_borrow,frame,24,57920,2413.33333333,41287680
40,40,contended_copy_2_workers,std_shared,copy,200000,17458334,87.29167,4700000
40,41,group_setup_then_1024_copies,std_shared,group,97,1620987,16711.2061856,2334208
40,42,owner_retained_4096_parameter_borrows,std_raw_borrow,frame,24,74148,3089.5,41287680
40,43,localize_read_drop,std_shared,group,100000,1435984,14.35984,2350000
40,44,frame_4096_draws_64_unique_leases,std_shared,frame,24,82459,3435.79166667,41287680
40,45,group_setup_then_1024_copies,own_local,group,97,90026,928.103092784,2334208
40,46,async_queue_job_64_borrow_reads,own_shared_then_local_view,job,100,62752,627.52,150400
40,47,async_queue_job_1_local_copies,std_shared,job,100,64954,649.54,2000
40,48,async_queue_job_1_borrow_reads,std_shared_then_raw_borrow,job,100,62347,623.47,2000
40,49,borrow_read,raw_borrow,read,100000,34416,0.34416,2350000
40,50,async_queue_job_64_local_copies,std_shared,job,100,389989,3899.89,150400
40,51,resettable_root_pin_1024_borrow_reads,std_shared_pin_raw_borrow,scope,97,30938,318.948453608,2334208
40,52,async_queue_job_64_local_copies,own_local,job,100,86057,860.57,150400
40,53,weak_lock_expired,own_shared,lock,100000,69210,0.6921,0
40,54,owner_retained_borrow_copy_read,std_raw_borrow,read,100000,29397,0.29397,2350000
40,55,contended_copy_2_workers,own_shared,copy,200000,8995357,44.976785,4700000
41,0,independent_owner_parameter,own_shared,call,100000,1315427,13.15427,2350000
41,1,create_read_destroy,own_local,asset,100000,1904019,19.04019,65000400000
41,2,group_setup_then_1_copies,std_shared,group,100000,3366958,33.66958,2000000
41,3,group_setup_then_1024_copies,std_shared,group,97,1617001,16670.1134021,2334208
41,4,copy_read_drop,own_local,copy,100000,100383,1.00383,2350000
41,5,independent_owner_parameter,own_local,call,100000,121610,1.2161,2350000
41,6,owner_retained_borrow_parameter,own_local_view,call,100000,56975,0.56975,2350000
41,7,owner_retained_borrow_copy_read,std_raw_borrow,read,100000,28594,0.28594,2350000
41,8,async_queue_job_1024_local_copies,std_shared,job,100,2437169,24371.69,2406400
41,9,weak_lock_expired,std_shared,lock,100000,77247,0.77247,0
41,10,async_queue_job_1_borrow_reads,own_shared_then_local_view,job,100,51569,515.69,2000
41,11,resettable_root_pin_1024_borrow_reads,own_shared_pin_local_view,scope,97,31315,322.835051546,2334208
41,12,async_queue_job_64_local_copies,own_local,job,100,71126,711.26,150400
41,13,frame_4096_draws_64_unique_leases,own_shared,frame,24,107371,4473.79166667,41287680
41,14,scene_4096_attachments,std_shared,attachment,98304,958841,9.75383504232,98304
41,15,contended_copy_2_workers,std_shared,copy,200000,13427972,67.13986,4700000
41,16,async_queue_job_64_borrow_reads,std_shared_then_raw_borrow,job,100,63319,633.19,150400
41,17,independent_owner_parameter,std_shared,call,100000,1667297,16.67297,2350000
41,18,async_queue_job_1_borrow_reads,std_shared_then_raw_borrow,job,100,61910,619.1,2000
41,19,weak_lock_live,own_shared,lock,100000,1485307,14.85307,2350000
41,20,weak_lock_expired,own_shared,lock,100000,94285,0.94285,0
41,21,owner_retained_4096_draw_borrows,own_local_view,frame,24,48380,2015.83333333,41287680
41,22,share_read_drop,own_shared,handoff,100000,1140738,11.40738,2350000
41,23,owner_retained_borrow_parameter,std_raw_borrow,call,100000,76414,0.76414,2350000
41,24,group_setup_then_1024_copies,own_local,group,97,88630,913.711340206,2334208
41,25,contended_copy_2_workers,own_shared,copy,200000,9065101,45.325505,4700000
41,26,group_setup_then_64_copies,std_shared,group,1562,1692337,1083.44238156,2349248
41,27,weak_lock_live,std_shared,lock,100000,1681574,16.81574,2350000
41,28,async_queue_job_1_local_copies,own_local,job,100,55283,552.83,2000
41,29,async_queue_job_1024_borrow_reads,own_shared_then_local_view,job,100,143790,1437.9,2406400
41,30,create_read_destroy,std_shared,asset,100000,1209723,12.09723,65000400000
41,31,frame_4096_draws_64_unique_leases,std_shared,frame,24,86138,3589.08333333,41287680
41,32,group_setup_then_8_copies,std_shared,group,12500,1943115,155.4492,2350000
41,33,owner_retained_4096_draw_borrows,std_raw_borrow,frame,24,49672,2069.66666667,41287680
41,34,borrow_read,raw_borrow,read,100000,35080,0.3508,2350000
41,35,owner_retained_4096_parameter_borrows,own_local_view,frame,24,76327,3180.29166667,41287680
41,36,group_setup_then_8_copies,own_local,group,12500,225889,18.07112,2350000
41,37,localize_read_drop,std_shared,group,100000,1463626,14.63626,2350000
41,38,async_queue_job_1024_borrow_reads,std_shared_then_raw_borrow,job,100,195992,1959.92,2406400
41,39,async_queue_job_1024_local_copies,own_local,job,100,267918,2679.18,2406400
41,40,async_queue_job_64_local_copies,std_shared,job,100,270020,2700.2,150400
41,41,localize_read_drop,own_local,group,100000,1295759,12.95759,2350000
41,42,group_setup_then_64_copies,own_local,group,1562,122712,78.5608194622,2349248
41,43,create_read_destroy,own_shared,asset,100000,1754298,17.54298,65000400000
41,44,owner_retained_borrow_copy_read,own_local_view,read,100000,51341,0.51341,2350000
41,45,scene_4096_attachments,own_local,attachment,98304,155953,1.58643595378,98304
41,46,copy_read_drop,std_shared,copy,100000,1640837,16.40837,2350000
41,47,async_queue_job_64_borrow_reads,own_shared_then_local_view,job,100,61965,619.65,150400
41,48,resource_lifecycle_64_assets_4096_objects,std_shared,cycle,10,522468,52246.8,17203200
41,49,resettable_root_pin_1024_borrow_reads,std_shared_pin_raw_borrow,scope,97,31814,327.979381443,2334208
41,50,resource_lifecycle_64_assets_4096_objects,own_local,cycle,10,194511,19451.1,17203200
41,51,copy_read_drop,own_shared,copy,100000,1298340,12.9834,2350000
41,52,async_queue_job_1_local_copies,std_shared,job,100,55533,555.33,2000
41,53,share_read_drop,std_shared,handoff,100000,1485175,14.85175,2350000
41,54,owner_retained_4096_parameter_borrows,std_raw_borrow,frame,24,76466,3186.08333333,41287680
41,55,group_setup_then_1_copies,own_local,group,100000,1371803,13.71803,2000000
42,0,share_read_drop,std_shared,handoff,100000,1518155,15.18155,2350000
42,1,weak_lock_live,std_shared,lock,100000,1695163,16.95163,2350000
42,2,create_read_destroy,own_shared,asset,100000,1762118,17.62118,65000400000
42,3,owner_retained_4096_parameter_borrows,std_raw_borrow,frame,24,76186,3174.41666667,41287680
42,4,group_setup_then_1024_copies,own_local,group,97,87995,907.164948454,2334208
42,5,group_setup_then_1_copies,std_shared,group,100000,3349881,33.49881,2000000
42,6,async_queue_job_64_borrow_reads,own_shared_then_local_view,job,100,60518,605.18,150400
42,7,weak_lock_expired,std_shared,lock,100000,77098,0.77098,0
42,8,independent_owner_parameter,std_shared,call,100000,1666195,16.66195,2350000
42,9,group_setup_then_8_copies,own_local,group,12500,273135,21.8508,2350000
42,10,group_setup_then_8_copies,std_shared,group,12500,1888737,151.09896,2350000
42,11,contended_copy_2_workers,own_shared,copy,200000,9098182,45.49091,4700000
42,12,group_setup_then_64_copies,own_local,group,1562,110108,70.4916773367,2349248
42,13,async_queue_job_64_borrow_reads,std_shared_then_raw_borrow,job,100,55185,551.85,150400
42,14,resource_lifecycle_64_assets_4096_objects,own_local,cycle,10,209926,20992.6,17203200
42,15,async_queue_job_1024_local_copies,std_shared,job,100,2637749,26377.49,2406400
42,16,resettable_root_pin_1024_borrow_reads,own_shared_pin_local_view,scope,97,31229,321.948453608,2334208
42,17,frame_4096_draws_64_unique_leases,std_shared,frame,24,85883,3578.45833333,41287680
42,18,scene_4096_attachments,std_shared,attachment,98304,946948,9.6328531901,98304
42,19,owner_retained_4096_draw_borrows,std_raw_borrow,frame,24,47170,1965.41666667,41287680
42,20,contended_copy_2_workers,std_shared,copy,200000,18419954,92.09977,4700000
42,21,independent_owner_parameter,own_shared,call,100000,1288018,12.88018,2350000
42,22,async_queue_job_1_borrow_reads,std_shared_then_raw_borrow,job,100,57151,571.51,2000
42,23,resettable_root_pin_1024_borrow_reads,std_shared_pin_raw_borrow,scope,97,31129,320.917525773,2334208
42,24,async_queue_job_1024_borrow_reads,std_shared_then_raw_borrow,job,100,104369,1043.69,2406400
42,25,group_setup_then_1_copies,own_local,group,100000,1331801,13.31801,2000000
42,26,frame_4096_draws_64_unique_leases,own_shared,frame,24,87990,3666.25,41287680
42,27,weak_lock_live,own_shared,lock,100000,1457140,14.5714,2350000
42,28,create_read_destroy,own_local,asset,100000,1876249,18.76249,65000400000
42,29,async_queue_job_1024_local_copies,own_local,job,100,364455,3644.55,2406400
42,30,owner_retained_borrow_copy_read,own_local_view,read,100000,29367,0.29367,2350000
42,31,owner_retained_borrow_parameter,std_raw_borrow,call,100000,62628,0.62628,2350000
42,32,owner_retained_4096_parameter_borrows,own_local_view,frame,24,76983,3207.625,41287680
42,33,owner_retained_borrow_copy_read,std_raw_borrow,read,100000,29753,0.29753,2350000
42,34,localize_read_drop,own_local,group,100000,1299825,12.99825,2350000
42,35,async_queue_job_1_borrow_reads,own_shared_then_local_view,job,100,65068,650.68,2000
42,36,scene_4096_attachments,own_local,attachment,98304,134971,1.37299601237,98304
42,37,group_setup_then_64_copies,std_shared,group,1562,1651863,1057.53072983,2349248
42,38,share_read_drop,own_shared,handoff,100000,1101051,11.01051,2350000
42,39,async_queue_job_64_local_copies,own_local,job,100,58934,589.34,150400
42,40,async_queue_job_1024_borrow_reads,own_shared_then_local_view,job,100,124366,1243.66,2406400
42,41,async_queue_job_1_local_copies,std_shared,job,100,67314,673.14,2000
42,42,borrow_read,raw_borrow,read,100000,34748,0.34748,2350000
42,43,create_read_destroy,std_shared,asset,100000,1201838,12.01838,65000400000
42,44,weak_lock_expired,own_shared,lock,100000,68993,0.68993,0
42,45,copy_read_drop,own_shared,copy,100000,1314406,13.14406,2350000
42,46,localize_read_drop,std_shared,group,100000,1437959,14.37959,2350000
42,47,async_queue_job_1_local_copies,own_local,job,100,59510,595.1,2000
42,48,owner_retained_borrow_parameter,own_local_view,call,100000,62621,0.62621,2350000
42,49,group_setup_then_1024_copies,std_shared,group,97,1623425,16736.3402062,2334208
42,50,copy_read_drop,own_local,copy,100000,109685,1.09685,2350000
42,51,copy_read_drop,std_shared,copy,100000,1606881,16.06881,2350000
42,52,resource_lifecycle_64_assets_4096_objects,std_shared,cycle,10,511743,51174.3,17203200
42,53,async_queue_job_64_local_copies,std_shared,job,100,339803,3398.03,150400
42,54,independent_owner_parameter,own_local,call,100000,109707,1.09707,2350000
42,55,owner_retained_4096_draw_borrows,own_local_view,frame,24,46120,1921.66666667,41287680
43,0,copy_read_drop,std_shared,copy,100000,1603705,16.03705,2350000
43,1,owner_retained_4096_draw_borrows,own_local_view,frame,24,45671,1902.95833333,41287680
43,2,resettable_root_pin_1024_borrow_reads,std_shared_pin_raw_borrow,scope,97,30780,317.319587629,2334208
43,3,share_read_drop,std_shared,handoff,100000,1448825,14.48825,2350000
43,4,async_queue_job_1024_local_copies,std_shared,job,100,2400506,24005.06,2406400
43,5,async_queue_job_64_local_copies,std_shared,job,100,259991,2599.91,150400
43,6,weak_lock_live,std_shared,lock,100000,1653768,16.53768,2350000
43,7,owner_retained_borrow_copy_read,std_raw_borrow,read,100000,29294,0.29294,2350000
43,8,contended_copy_2_workers,own_shared,copy,200000,8649365,43.246825,4700000
43,9,localize_read_drop,own_local,group,100000,1247081,12.47081,2350000
43,10,resource_lifecycle_64_assets_4096_objects,std_shared,cycle,10,507068,50706.8,17203200
43,11,async_queue_job_64_borrow_reads,own_shared_then_local_view,job,100,54564,545.64,150400
43,12,owner_retained_4096_parameter_borrows,std_raw_borrow,frame,24,76417,3184.04166667,41287680
43,13,group_setup_then_1_copies,std_shared,group,100000,3291502,32.91502,2000000
43,14,group_setup_then_1024_copies,std_shared,group,97,1660988,17123.5876289,2334208
43,15,weak_lock_expired,own_shared,lock,100000,68995,0.68995,0
43,16,async_queue_job_1024_borrow_reads,std_shared_then_raw_borrow,job,100,127070,1270.7,2406400
43,17,create_read_destroy,std_shared,asset,100000,1179514,11.79514,65000400000
43,18,resettable_root_pin_1024_borrow_reads,own_shared_pin_local_view,scope,97,31246,322.12371134,2334208
43,19,group_setup_then_64_copies,own_local,group,1562,115353,73.8495518566,2349248
43,20,scene_4096_attachments,own_local,attachment,98304,142470,1.44927978516,98304
43,21,weak_lock_expired,std_shared,lock,100000,77267,0.77267,0
43,22,async_queue_job_1_local_copies,own_local,job,100,60815,608.15,2000
43,23,resource_lifecycle_64_assets_4096_objects,own_local,cycle,10,197022,19702.2,17203200
43,24,owner_retained_borrow_copy_read,own_local_view,read,100000,45683,0.45683,2350000
43,25,copy_read_drop,own_shared,copy,100000,1337398,13.37398,2350000
43,26,create_read_destroy,own_local,asset,100000,1924150,19.2415,65000400000
43,27,async_queue_job_1024_local_copies,own_local,job,100,279119,2791.19,2406400
43,28,weak_lock_live,own_shared,lock,100000,1492065,14.92065,2350000
43,29,async_queue_job_1_borrow_reads,std_shared_then_raw_borrow,job,100,68651,686.51,2000
43,30,owner_retained_4096_draw_borrows,std_raw_borrow,frame,24,47863,1994.29166667,41287680
43,31,independent_owner_parameter,own_local,call,100000,112314,1.12314,2350000
43,32,group_setup_then_8_copies,std_shared,group,12500,1927557,154.20456,2350000
43,33,async_queue_job_1_borrow_reads,own_shared_then_local_view,job,100,69489,694.89,2000
43,34,async_queue_job_1024_borrow_reads,own_shared_then_local_view,job,100,89771,897.71,2406400
43,35,async_queue_job_64_local_copies,own_local,job,100,59987,599.87,150400
43,36,owner_retained_4096_parameter_borrows,own_local_view,frame,24,76327,3180.29166667,41287680
43,37,contended_copy_2_workers,std_shared,copy,200000,18632123,93.160615,4700000
43,38,frame_4096_draws_64_unique_leases,std_shared,frame,24,85198,3549.91666667,41287680
43,39,borrow_read,raw_borrow,read,100000,33413,0.33413,2350000
43,40,group_setup_then_1_copies,own_local,group,100000,1285597,12.85597,2000000
43,41,owner_retained_borrow_parameter,std_raw_borrow,call,100000,61151,0.61151,2350000
43,42,group_setup_then_1024_copies,own_local,group,97,86169,888.340206186,2334208
43,43,group_setup_then_64_copies,std_shared,group,1562,1620948,1037.73879641,2349248
43,44,async_queue_job_64_borrow_reads,std_shared_then_raw_borrow,job,100,43324,433.24,150400
43,45,copy_read_drop,own_local,copy,100000,100607,1.00607,2350000
43,46,create_read_destroy,own_shared,asset,100000,1698791,16.98791,65000400000
43,47,owner_retained_borrow_parameter,own_local_view,call,100000,58444,0.58444,2350000
43,48,share_read_drop,own_shared,handoff,100000,1086843,10.86843,2350000
43,49,async_queue_job_1_local_copies,std_shared,job,100,64240,642.4,2000
43,50,localize_read_drop,std_shared,group,100000,1455107,14.55107,2350000
43,51,scene_4096_attachments,std_shared,attachment,98304,925267,9.41230265299,98304
43,52,independent_owner_parameter,own_shared,call,100000,1351007,13.51007,2350000
43,53,frame_4096_draws_64_unique_leases,own_shared,frame,24,84678,3528.25,41287680
43,54,group_setup_then_8_copies,own_local,group,12500,275807,22.06456,2350000
43,55,independent_owner_parameter,std_shared,call,100000,1624029,16.24029,2350000
44,0,resource_lifecycle_64_assets_4096_objects,std_shared,cycle,10,492174,49217.4,17203200
44,1,create_read_destroy,own_shared,asset,100000,1723635,17.23635,65000400000
44,2,resettable_root_pin_1024_borrow_reads,std_shared_pin_raw_borrow,scope,97,30755,317.06185567,2334208
44,3,owner_retained_borrow_copy_read,own_local_view,read,100000,50099,0.50099,2350000
44,4,independent_owner_parameter,std_shared,call,100000,1612097,16.12097,2350000
44,5,resettable_root_pin_1024_borrow_reads,own_shared_pin_local_view,scope,97,43528,448.742268041,2334208
44,6,owner_retained_borrow_copy_read,std_raw_borrow,read,100000,29247,0.29247,2350000
44,7,weak_lock_expired,own_shared,lock,100000,68985,0.68985,0
44,8,owner_retained_4096_parameter_borrows,std_raw_borrow,frame,24,74898,3120.75,41287680
44,9,independent_owner_parameter,own_local,call,100000,108878,1.08878,2350000
44,10,async_queue_job_64_borrow_reads,std_shared_then_raw_borrow,job,100,52807,528.07,150400
44,11,localize_read_drop,own_local,group,100000,1262820,12.6282,2350000
44,12,resource_lifecycle_64_assets_4096_objects,own_local,cycle,10,190312,19031.2,17203200
44,13,owner_retained_4096_draw_borrows,std_raw_borrow,frame,24,45758,1906.58333333,41287680
44,14,group_setup_then_1024_copies,own_local,group,97,88474,912.103092784,2334208
44,15,independent_owner_parameter,own_shared,call,100000,1310444,13.10444,2350000
44,16,copy_read_drop,own_shared,copy,100000,1302111,13.02111,2350000
44,17,async_queue_job_1_borrow_reads,std_shared_then_raw_borrow,job,100,46278,462.78,2000
44,18,create_read_destroy,own_local,asset,100000,1851842,18.51842,65000400000
44,19,async_queue_job_1024_borrow_reads,std_shared_then_raw_borrow,job,100,113618,1136.18,2406400
44,20,share_read_drop,std_shared,handoff,100000,1494745,14.94745,2350000
44,21,async_queue_job_64_local_copies,std_shared,job,100,267480,2674.8,150400
44,22,async_queue_job_64_local_copies,own_local,job,100,63515,635.15,150400
44,23,copy_read_drop,std_shared,copy,100000,1682151,16.82151,2350000
44,24,weak_lock_live,std_shared,lock,100000,1680195,16.80195,2350000
44,25,localize_read_drop,std_shared,group,100000,1470482,14.70482,2350000
44,26,async_queue_job_1_local_copies,own_local,job,100,57454,574.54,2000
44,27,owner_retained_borrow_parameter,own_local_view,call,100000,59977,0.59977,2350000
44,28,async_queue_job_64_borrow_reads,own_shared_then_local_view,job,100,50751,507.51,150400
44,29,owner_retained_borrow_parameter,std_raw_borrow,call,100000,65389,0.65389,2350000
44,30,contended_copy_2_workers,own_shared,copy,200000,8687075,43.435375,4700000
44,31,group_setup_then_1_copies,own_local,group,100000,1360275,13.60275,2000000
44,32,async_queue_job_1024_local_copies,std_shared,job,100,2651221,26512.21,2406400
44,33,copy_read_drop,own_local,copy,100000,98124,0.98124,2350000
44,34,frame_4096_draws_64_unique_leases,own_shared,frame,24,93332,3888.83333333,41287680
44,35,owner_retained_4096_draw_borrows,own_local_view,frame,24,50963,2123.45833333,41287680
44,36,group_setup_then_64_copies,std_shared,group,1562,1865478,1194.28809219,2349248
44,37,group_setup_then_1_copies,std_shared,group,100000,3533803,35.33803,2000000
44,38,share_read_drop,own_shared,handoff,100000,1125400,11.254,2350000
44,39,group_setup_then_8_copies,std_shared,group,12500,1915792,153.26336,2350000
44,40,borrow_read,raw_borrow,read,100000,34941,0.34941,2350000
44,41,scene_4096_attachments,std_shared,attachment,98304,945838,9.6215616862,98304
44,42,create_read_destroy,std_shared,asset,100000,1243081,12.43081,65000400000
44,43,group_setup_then_64_copies,own_local,group,1562,142250,91.0691421255,2349248
44,44,async_queue_job_1024_local_copies,own_local,job,100,356455,3564.55,2406400
44,45,async_queue_job_1_local_copies,std_shared,job,100,74662,746.62,2000
44,46,weak_lock_expired,std_shared,lock,100000,77307,0.77307,0
44,47,frame_4096_draws_64_unique_leases,std_shared,frame,24,83833,3493.04166667,41287680
44,48,async_queue_job_1024_borrow_reads,own_shared_then_local_view,job,100,150070,1500.7,2406400
44,49,group_setup_then_1024_copies,std_shared,group,97,1678466,17303.7731959,2334208
44,50,group_setup_then_8_copies,own_local,group,12500,291685,23.3348,2350000
44,51,owner_retained_4096_parameter_borrows,own_local_view,frame,24,76177,3174.04166667,41287680
44,52,scene_4096_attachments,own_local,attachment,98304,143574,1.46051025391,98304
44,53,contended_copy_2_workers,std_shared,copy,200000,12548737,62.743685,4700000
44,54,async_queue_job_1_borrow_reads,own_shared_then_local_view,job,100,57620,576.2,2000
44,55,weak_lock_live,own_shared,lock,100000,1528844,15.28844,2350000
45,0,create_read_destroy,std_shared,asset,100000,1219705,12.19705,65000400000
45,1,async_queue_job_64_borrow_reads,own_shared_then_local_view,job,100,46901,469.01,150400
45,2,group_setup_then_1_copies,own_local,group,100000,1385154,13.85154,2000000
45,3,group_setup_then_64_copies,std_shared,group,1562,1701344,1089.20870679,2349248
45,4,copy_read_drop,own_local,copy,100000,105792,1.05792,2350000
45,5,resource_lifecycle_64_assets_4096_objects,std_shared,cycle,10,521796,52179.6,17203200
45,6,create_read_destroy,own_local,asset,100000,1904599,19.04599,65000400000
45,7,independent_owner_parameter,own_local,call,100000,111648,1.11648,2350000
45,8,contended_copy_2_workers,own_shared,copy,200000,9096609,45.483045,4700000
45,9,group_setup_then_1024_copies,std_shared,group,97,1668893,17205.0824742,2334208
45,10,resettable_root_pin_1024_borrow_reads,own_shared_pin_local_view,scope,97,31845,328.298969072,2334208
45,11,weak_lock_live,std_shared,lock,100000,1675297,16.75297,2350000
45,12,share_read_drop,std_shared,handoff,100000,1514949,15.14949,2350000
45,13,group_setup_then_8_copies,own_local,group,12500,278865,22.3092,2350000
45,14,create_read_destroy,own_shared,asset,100000,1778027,17.78027,65000400000
45,15,copy_read_drop,own_shared,copy,100000,1312405,13.12405,2350000
45,16,frame_4096_draws_64_unique_leases,std_shared,frame,24,84507,3521.125,41287680
45,17,share_read_drop,own_shared,handoff,100000,1131893,11.31893,2350000
45,18,group_setup_then_8_copies,std_shared,group,12500,1856548,148.52384,2350000
45,19,async_queue_job_1_local_copies,std_shared,job,100,58819,588.19,2000
45,20,owner_retained_borrow_copy_read,std_raw_borrow,read,100000,30580,0.3058,2350000
45,21,owner_retained_borrow_parameter,own_local_view,call,100000,71432,0.71432,2350000
45,22,async_queue_job_64_local_copies,own_local,job,100,62084,620.84,150400
45,23,independent_owner_parameter,std_shared,call,100000,1670565,16.70565,2350000
45,24,async_queue_job_1024_borrow_reads,std_shared_then_raw_borrow,job,100,158516,1585.16,2406400
45,25,scene_4096_attachments,std_shared,attachment,98304,951641,9.68059285482,98304
45,26,localize_read_drop,own_local,group,100000,1284730,12.8473,2350000
45,27,async_queue_job_1_borrow_reads,std_shared_then_raw_borrow,job,100,71931,719.31,2000
45,28,weak_lock_live,own_shared,lock,100000,1494299,14.94299,2350000
45,29,resource_lifecycle_64_assets_4096_objects,own_local,cycle,10,198875,19887.5,17203200
45,30,weak_lock_expired,std_shared,lock,100000,90282,0.90282,0
45,31,owner_retained_4096_draw_borrows,own_local_view,frame,24,47017,1959.04166667,41287680
45,32,async_queue_job_64_local_copies,std_shared,job,100,249572,2495.72,150400
45,33,contended_copy_2_workers,std_shared,copy,200000,18670627,93.353135,4700000
45,34,async_queue_job_1_local_copies,own_local,job,100,38707,387.07,2000
45,35,independent_owner_parameter,own_shared,call,100000,1317512,13.17512,2350000
45,36,group_setup_then_1_copies,std_shared,group,100000,3356554,33.56554,2000000
45,37,owner_retained_borrow_parameter,std_raw_borrow,call,100000,64282,0.64282,2350000
45,38,async_queue_job_1_borrow_reads,own_shared_then_local_view,job,100,46867,468.67,2000
45,39,frame_4096_draws_64_unique_leases,own_shared,frame,24,88607,3691.95833333,41287680
45,40,scene_4096_attachments,own_local,attachment,98304,155225,1.57903035482,98304
45,41,async_queue_job_64_borrow_reads,std_shared_then_raw_borrow,job,100,64012,640.12,150400
45,42,owner_retained_4096_parameter_borrows,own_local_view,frame,24,76394,3183.08333333,41287680
45,43,owner_retained_4096_parameter_borrows,std_raw_borrow,frame,24,78276,3261.5,41287680
45,44,resettable_root_pin_1024_borrow_reads,std_shared_pin_raw_borrow,scope,97,31290,322.577319588,2334208
45,45,group_setup_then_64_copies,own_local,group,1562,139596,89.3700384123,2349248
45,46,async_queue_job_1024_local_copies,own_local,job,100,416886,4168.86,2406400
45,47,localize_read_drop,std_shared,group,100000,1535971,15.35971,2350000
45,48,group_setup_then_1024_copies,own_local,group,97,88054,907.773195876,2334208
45,49,copy_read_drop,std_shared,copy,100000,1672117,16.72117,2350000
45,50,owner_retained_borrow_copy_read,own_local_view,read,100000,31623,0.31623,2350000
45,51,borrow_read,raw_borrow,read,100000,35004,0.35004,2350000
45,52,async_queue_job_1024_local_copies,std_shared,job,100,2391944,23919.44,2406400
45,53,owner_retained_4096_draw_borrows,std_raw_borrow,frame,24,64472,2686.33333333,41287680
45,54,weak_lock_expired,own_shared,lock,100000,70821,0.70821,0
45,55,async_queue_job_1024_borrow_reads,own_shared_then_local_view,job,100,117331,1173.31,2406400
46,0,owner_retained_borrow_copy_read,std_raw_borrow,read,100000,30494,0.30494,2350000
46,1,copy_read_drop,own_shared,copy,100000,1306633,13.06633,2350000
46,2,async_queue_job_1_local_copies,std_shared,job,100,66111,661.11,2000
46,3,scene_4096_attachments,own_local,attachment,98304,143014,1.45481363932,98304
46,4,resource_lifecycle_64_assets_4096_objects,own_local,cycle,10,201287,20128.7,17203200
46,5,owner_retained_4096_draw_borrows,std_raw_borrow,frame,24,46940,1955.83333333,41287680
46,6,copy_read_drop,own_local,copy,100000,105654,1.05654,2350000
46,7,weak_lock_live,std_shared,lock,100000,1673610,16.7361,2350000
46,8,contended_copy_2_workers,own_shared,copy,200000,8890389,44.451945,4700000
46,9,resource_lifecycle_64_assets_4096_objects,std_shared,cycle,10,501168,50116.8,17203200
46,10,async_queue_job_1024_borrow_reads,std_shared_then_raw_borrow,job,100,202485,2024.85,2406400
46,11,owner_retained_borrow_parameter,own_local_view,call,100000,64212,0.64212,2350000
46,12,async_queue_job_64_local_copies,std_shared,job,100,332857,3328.57,150400
46,13,independent_owner_parameter,own_local,call,100000,112062,1.12062,2350000
46,14,async_queue_job_64_local_copies,own_local,job,100,99485,994.85,150400
46,15,group_setup_then_1024_copies,own_local,group,97,95323,982.711340206,2334208
46,16,group_setup_then_1_copies,own_local,group,100000,1362008,13.62008,2000000
46,17,owner_retained_borrow_copy_read,own_local_view,read,100000,48913,0.48913,2350000
46,18,async_queue_job_64_borrow_reads,own_shared_then_local_view,job,100,82483,824.83,150400
46,19,independent_owner_parameter,std_shared,call,100000,1575721,15.75721,2350000
46,20,async_queue_job_1_borrow_reads,own_shared_then_local_view,job,100,61610,616.1,2000
46,21,create_read_destroy,std_shared,asset,100000,1152344,11.52344,65000400000
46,22,weak_lock_live,own_shared,lock,100000,1405922,14.05922,2350000
46,23,owner_retained_4096_parameter_borrows,own_local_view,frame,24,72807,3033.625,41287680
46,24,group_setup_then_8_copies,own_local,group,12500,275984,22.07872,2350000
46,25,async_queue_job_1_local_copies,own_local,job,100,53055,530.55,2000
46,26,owner_retained_4096_draw_borrows,own_local_view,frame,24,55084,2295.16666667,41287680
46,27,weak_lock_expired,std_shared,lock,100000,73332,0.73332,0
46,28,share_read_drop,own_shared,handoff,100000,1058931,10.58931,2350000
46,29,async_queue_job_64_borrow_reads,std_shared_then_raw_borrow,job,100,53517,535.17,150400
46,30,frame_4096_draws_64_unique_leases,std_shared,frame,24,85309,3554.54166667,41287680
46,31,independent_owner_parameter,own_shared,call,100000,1248542,12.48542,2350000
46,32,owner_retained_borrow_parameter,std_raw_borrow,call,100000,57000,0.57,2350000
46,33,resettable_root_pin_1024_borrow_reads,std_shared_pin_raw_borrow,scope,97,31020,319.793814433,2334208
46,34,resettable_root_pin_1024_borrow_reads,own_shared_pin_local_view,scope,97,29739,306.587628866,2334208
46,35,async_queue_job_1024_local_copies,own_local,job,100,308578,3085.78,2406400
46,36,owner_retained_4096_parameter_borrows,std_raw_borrow,frame,24,72735,3030.625,41287680
46,37,weak_lock_expired,own_shared,lock,100000,67265,0.67265,0
46,38,contended_copy_2_workers,std_shared,copy,200000,19158734,95.79367,4700000
46,39,borrow_read,raw_borrow,read,100000,34687,0.34687,2350000
46,40,group_setup_then_64_copies,own_local,group,1562,109122,69.8604353393,2349248
46,41,async_queue_job_1_borrow_reads,std_shared_then_raw_borrow,job,100,53454,534.54,2000
46,42,async_queue_job_1024_borrow_reads,own_shared_then_local_view,job,100,182462,1824.62,2406400
46,43,localize_read_drop,own_local,group,100000,1257684,12.57684,2350000
46,44,group_setup_then_64_copies,std_shared,group,1562,1700331,1088.56017926,2349248
46,45,create_read_destroy,own_shared,asset,100000,1723671,17.23671,65000400000
46,46,group_setup_then_8_copies,std_shared,group,12500,1845989,147.67912,2350000
46,47,share_read_drop,std_shared,handoff,100000,1423270,14.2327,2350000
46,48,scene_4096_attachments,std_shared,attachment,98304,910013,9.25713094076,98304
46,49,localize_read_drop,std_shared,group,100000,1447237,14.47237,2350000
46,50,create_read_destroy,own_local,asset,100000,1856219,18.56219,65000400000
46,51,copy_read_drop,std_shared,copy,100000,1695337,16.95337,2350000
46,52,frame_4096_draws_64_unique_leases,own_shared,frame,24,84905,3537.70833333,41287680
46,53,group_setup_then_1_copies,std_shared,group,100000,3383625,33.83625,2000000
46,54,group_setup_then_1024_copies,std_shared,group,97,1605882,16555.4845361,2334208
46,55,async_queue_job_1024_local_copies,std_shared,job,100,2456543,24565.43,2406400
47,0,async_queue_job_64_local_copies,own_local,job,100,66152,661.52,150400
47,1,frame_4096_draws_64_unique_leases,own_shared,frame,24,84233,3509.70833333,41287680
47,2,weak_lock_live,std_shared,lock,100000,1639174,16.39174,2350000
47,3,create_read_destroy,std_shared,asset,100000,1170399,11.70399,65000400000
47,4,independent_owner_parameter,std_shared,call,100000,1589576,15.89576,2350000
47,5,owner_retained_4096_draw_borrows,own_local_view,frame,24,45460,1894.16666667,41287680
47,6,async_queue_job_1024_borrow_reads,std_shared_then_raw_borrow,job,100,132944,1329.44,2406400
47,7,async_queue_job_1024_local_copies,std_shared,job,100,2391990,23919.9,2406400
47,8,async_queue_job_1_borrow_reads,std_shared_then_raw_borrow,job,100,42649,426.49,2000
47,9,async_queue_job_64_local_copies,std_shared,job,100,233355,2333.55,150400
47,10,group_setup_then_8_copies,std_shared,group,12500,1807824,144.62592,2350000
47,11,share_read_drop,own_shared,handoff,100000,1084179,10.84179,2350000
47,12,group_setup_then_1024_copies,std_shared,group,97,1601355,16508.814433,2334208
47,13,async_queue_job_64_borrow_reads,std_shared_then_raw_borrow,job,100,57824,578.24,150400
47,14,share_read_drop,std_shared,handoff,100000,1388505,13.88505,2350000
47,15,owner_retained_borrow_copy_read,own_local_view,read,100000,30626,0.30626,2350000
47,16,resource_lifecycle_64_assets_4096_objects,own_local,cycle,10,195796,19579.6,17203200
47,17,group_setup_then_64_copies,own_local,group,1562,107874,69.0614596671,2349248
47,18,copy_read_drop,own_local,copy,100000,103539,1.03539,2350000
47,19,localize_read_drop,own_local,group,100000,1222748,12.22748,2350000
47,20,async_queue_job_1024_borrow_reads,own_shared_then_local_view,job,100,105309,1053.09,2406400
47,21,contended_copy_2_workers,std_shared,copy,200000,18651512,93.25756,4700000
47,22,resource_lifecycle_64_assets_4096_objects,std_shared,cycle,10,520575,52057.5,17203200
47,23,copy_read_drop,std_shared,copy,100000,1668984,16.68984,2350000
47,24,independent_owner_parameter,own_local,call,100000,111792,1.11792,2350000
47,25,frame_4096_draws_64_unique_leases,std_shared,frame,24,92599,3858.29166667,41287680
47,26,async_queue_job_1_borrow_reads,own_shared_then_local_view,job,100,53039,530.39,2000
47,27,owner_retained_borrow_copy_read,std_raw_borrow,read,100000,30517,0.30517,2350000
47,28,borrow_read,raw_borrow,read,100000,35033,0.35033,2350000
47,29,group_setup_then_8_copies,own_local,group,12500,284418,22.75344,2350000
47,30,owner_retained_4096_parameter_borrows,own_local_view,frame,24,77114,3213.08333333,41287680
47,31,resettable_root_pin_1024_borrow_reads,own_shared_pin_local_view,scope,97,31513,324.87628866,2334208
47,32,localize_read_drop,std_shared,group,100000,1477063,14.77063,2350000
47,33,scene_4096_attachments,std_shared,attachment,98304,975278,9.92104085286,98304
47,34,weak_lock_live,own_shared,lock,100000,1550746,15.50746,2350000
47,35,group_setup_then_1_copies,std_shared,group,100000,3353185,33.53185,2000000
47,36,create_read_destroy,own_local,asset,100000,1896692,18.96692,65000400000
47,37,async_queue_job_1_local_copies,std_shared,job,100,142878,1428.78,2000
47,38,group_setup_then_1024_copies,own_local,group,97,87943,906.628865979,2334208
47,39,owner_retained_4096_parameter_borrows,std_raw_borrow,frame,24,77743,3239.29166667,41287680
47,40,async_queue_job_1024_local_copies,own_local,job,100,360889,3608.89,2406400
47,41,copy_read_drop,own_shared,copy,100000,1324110,13.2411,2350000
47,42,group_setup_then_64_copies,std_shared,group,1562,1697050,1086.45966709,2349248
47,43,owner_retained_borrow_parameter,std_raw_borrow,call,100000,64224,0.64224,2350000
47,44,async_queue_job_1_local_copies,own_local,job,100,61978,619.78,2000
47,45,owner_retained_4096_draw_borrows,std_raw_borrow,frame,24,46990,1957.91666667,41287680
47,46,owner_retained_borrow_parameter,own_local_view,call,100000,64279,0.64279,2350000
47,47,async_queue_job_64_borrow_reads,own_shared_then_local_view,job,100,148341,1483.41,150400
47,48,group_setup_then_1_copies,own_local,group,100000,1350143,13.50143,2000000
47,49,weak_lock_expired,own_shared,lock,100000,76950,0.7695,0
47,50,create_read_destroy,own_shared,asset,100000,1829006,18.29006,65000400000
47,51,independent_owner_parameter,own_shared,call,100000,1295119,12.95119,2350000
47,52,scene_4096_attachments,own_local,attachment,98304,144517,1.47010294596,98304
47,53,weak_lock_expired,std_shared,lock,100000,88915,0.88915,0
47,54,contended_copy_2_workers,own_shared,copy,200000,7482658,37.41329,4700000
47,55,resettable_root_pin_1024_borrow_reads,std_shared_pin_raw_borrow,scope,97,31491,324.649484536,2334208
48,0,weak_lock_live,std_shared,lock,100000,1704895,17.04895,2350000
48,1,scene_4096_attachments,own_local,attachment,98304,141911,1.4435933431,98304
48,2,owner_retained_borrow_parameter,std_raw_borrow,call,100000,64701,0.64701,2350000
48,3,independent_owner_parameter,std_shared,call,100000,1657453,16.57453,2350000
48,4,async_queue_job_1_local_copies,std_shared,job,100,66665,666.65,2000
48,5,copy_read_drop,own_shared,copy,100000,1330010,13.3001,2350000
48,6,async_queue_job_64_borrow_reads,std_shared_then_raw_borrow,job,100,115165,1151.65,150400
48,7,localize_read_drop,own_local,group,100000,1310903,13.10903,2350000
48,8,share_read_drop,own_shared,handoff,100000,1132654,11.32654,2350000
48,9,async_queue_job_1_borrow_reads,std_shared_then_raw_borrow,job,100,60479,604.79,2000
48,10,owner_retained_4096_draw_borrows,std_raw_borrow,frame,24,48723,2030.125,41287680
48,11,group_setup_then_8_copies,own_local,group,12500,270673,21.65384,2350000
48,12,group_setup_then_64_copies,std_shared,group,1562,1765774,1130.45710627,2349248
48,13,group_setup_then_1024_copies,std_shared,group,97,1650144,17011.7938144,2334208
48,14,share_read_drop,std_shared,handoff,100000,1662386,16.62386,2350000
48,15,frame_4096_draws_64_unique_leases,own_shared,frame,24,85913,3579.70833333,41287680
48,16,async_queue_job_64_borrow_reads,own_shared_then_local_view,job,100,64165,641.65,150400
48,17,resource_lifecycle_64_assets_4096_objects,own_local,cycle,10,221997,22199.7,17203200
48,18,owner_retained_borrow_copy_read,own_local_view,read,100000,30110,0.3011,2350000
48,19,owner_retained_borrow_parameter,own_local_view,call,100000,64335,0.64335,2350000
48,20,create_read_destroy,std_shared,asset,100000,1207942,12.07942,65000400000
48,21,group_setup_then_64_copies,own_local,group,1562,115046,73.6530089629,2349248
48,22,create_read_destroy,own_local,asset,100000,2210527,22.10527,65000400000
48,23,async_queue_job_1024_borrow_reads,own_shared_then_local_view,job,100,170728,1707.28,2406400
48,24,async_queue_job_1_borrow_reads,own_shared_then_local_view,job,100,52996,529.96,2000
48,25,independent_owner_parameter,own_local,call,100000,111875,1.11875,2350000
48,26,contended_copy_2_workers,own_shared,copy,200000,7390180,36.9509,4700000
48,27,contended_copy_2_workers,std_shared,copy,200000,15442911,77.214555,4700000
48,28,weak_lock_live,own_shared,lock,100000,1544543,15.44543,2350000
48,29,copy_read_drop,std_shared,copy,100000,1645446,16.45446,2350000
48,30,async_queue_job_1024_local_copies,std_shared,job,100,2452411,24524.11,2406400
48,31,owner_retained_4096_parameter_borrows,std_raw_borrow,frame,24,79081,3295.04166667,41287680
48,32,independent_owner_parameter,own_shared,call,100000,1306024,13.06024,2350000
48,33,async_queue_job_64_local_copies,std_shared,job,100,295274,2952.74,150400
48,34,resettable_root_pin_1024_borrow_reads,std_shared_pin_raw_borrow,scope,97,35758,368.639175258,2334208
48,35,async_queue_job_64_local_copies,own_local,job,100,97304,973.04,150400
48,36,borrow_read,raw_borrow,read,100000,39799,0.39799,2350000
48,37,async_queue_job_1024_local_copies,own_local,job,100,389098,3890.98,2406400
48,38,group_setup_then_1_copies,own_local,group,100000,1386614,13.86614,2000000
48,39,copy_read_drop,own_local,copy,100000,106414,1.06414,2350000
48,40,group_setup_then_8_copies,std_shared,group,12500,1867928,149.43424,2350000
48,41,owner_retained_4096_parameter_borrows,own_local_view,frame,24,78111,3254.625,41287680
48,42,group_setup_then_1_copies,std_shared,group,100000,3337412,33.37412,2000000
48,43,resettable_root_pin_1024_borrow_reads,own_shared_pin_local_view,scope,97,31443,324.154639175,2334208
48,44,localize_read_drop,std_shared,group,100000,1473180,14.7318,2350000
48,45,weak_lock_expired,own_shared,lock,100000,70911,0.70911,0
48,46,owner_retained_borrow_copy_read,std_raw_borrow,read,100000,30045,0.30045,2350000
48,47,scene_4096_attachments,std_shared,attachment,98304,948486,9.64849853516,98304
48,48,owner_retained_4096_draw_borrows,own_local_view,frame,24,47147,1964.45833333,41287680
48,49,async_queue_job_1024_borrow_reads,std_shared_then_raw_borrow,job,100,111149,1111.49,2406400
48,50,create_read_destroy,own_shared,asset,100000,1768737,17.68737,65000400000
48,51,frame_4096_draws_64_unique_leases,std_shared,frame,24,83698,3487.41666667,41287680
48,52,weak_lock_expired,std_shared,lock,100000,77043,0.77043,0
48,53,group_setup_then_1024_copies,own_local,group,97,87881,905.989690722,2334208
48,54,resource_lifecycle_64_assets_4096_objects,std_shared,cycle,10,508287,50828.7,17203200
48,55,async_queue_job_1_local_copies,own_local,job,100,68131,681.31,2000
49,0,contended_copy_2_workers,own_shared,copy,200000,6682641,33.413205,4700000
49,1,weak_lock_expired,own_shared,lock,100000,69354,0.69354,0
49,2,copy_read_drop,std_shared,copy,100000,1644520,16.4452,2350000
49,3,weak_lock_live,std_shared,lock,100000,1692808,16.92808,2350000
49,4,owner_retained_borrow_parameter,std_raw_borrow,call,100000,75085,0.75085,2350000
49,5,resettable_root_pin_1024_borrow_reads,own_shared_pin_local_view,scope,97,31191,321.556701031,2334208
49,6,owner_retained_borrow_copy_read,own_local_view,read,100000,30058,0.30058,2350000
49,7,resource_lifecycle_64_assets_4096_objects,std_shared,cycle,10,504248,50424.8,17203200
49,8,group_setup_then_1_copies,std_shared,group,100000,3341576,33.41576,2000000
49,9,async_queue_job_64_borrow_reads,own_shared_then_local_view,job,100,85846,858.46,150400
49,10,share_read_drop,own_shared,handoff,100000,1114175,11.14175,2350000
49,11,independent_owner_parameter,std_shared,call,100000,1653469,16.53469,2350000
49,12,resettable_root_pin_1024_borrow_reads,std_shared_pin_raw_borrow,scope,97,52291,539.082474227,2334208
49,13,group_setup_then_8_copies,own_local,group,12500,278191,22.25528,2350000
49,14,create_read_destroy,own_shared,asset,100000,1914261,19.14261,65000400000
49,15,owner_retained_4096_parameter_borrows,std_raw_borrow,frame,24,83383,3474.29166667,41287680
49,16,resource_lifecycle_64_assets_4096_objects,own_local,cycle,10,213997,21399.7,17203200
49,17,copy_read_drop,own_shared,copy,100000,1420576,14.20576,2350000
49,18,async_queue_job_1_local_copies,std_shared,job,100,137394,1373.94,2000
49,19,async_queue_job_64_local_copies,own_local,job,100,157989,1579.89,150400
49,20,frame_4096_draws_64_unique_leases,own_shared,frame,24,104140,4339.16666667,41287680
49,21,owner_retained_4096_draw_borrows,own_local_view,frame,24,47221,1967.54166667,41287680
49,22,weak_lock_expired,std_shared,lock,100000,76983,0.76983,0
49,23,localize_read_drop,own_local,group,100000,1277023,12.77023,2350000
49,24,group_setup_then_1_copies,own_local,group,100000,1351627,13.51627,2000000
49,25,copy_read_drop,own_local,copy,100000,116289,1.16289,2350000
49,26,group_setup_then_8_copies,std_shared,group,12500,1870972,149.67776,2350000
49,27,async_queue_job_1_borrow_reads,std_shared_then_raw_borrow,job,100,51430,514.3,2000
49,28,async_queue_job_64_borrow_reads,std_shared_then_raw_borrow,job,100,64001,640.01,150400
49,29,group_setup_then_1024_copies,std_shared,group,97,1650035,17010.6701031,2334208
49,30,async_queue_job_64_local_copies,std_shared,job,100,261989,2619.89,150400
49,31,group_setup_then_1024_copies,own_local,group,97,105830,1091.03092784,2334208
49,32,async_queue_job_1_local_copies,own_local,job,100,63694,636.94,2000
49,33,group_setup_then_64_copies,std_shared,group,1562,1698808,1087.58514725,2349248
49,34,async_queue_job_1024_local_copies,own_local,job,100,348813,3488.13,2406400
49,35,create_read_destroy,own_local,asset,100000,1901217,19.01217,65000400000
49,36,weak_lock_live,own_shared,lock,100000,1494589,14.94589,2350000
49,37,owner_retained_4096_draw_borrows,std_raw_borrow,frame,24,47472,1978,41287680
49,38,borrow_read,raw_borrow,read,100000,34905,0.34905,2350000
49,39,independent_owner_parameter,own_local,call,100000,112483,1.12483,2350000
49,40,scene_4096_attachments,std_shared,attachment,98304,931138,9.47202555339,98304
49,41,async_queue_job_1024_borrow_reads,own_shared_then_local_view,job,100,118251,1182.51,2406400
49,42,independent_owner_parameter,own_shared,call,100000,1379477,13.79477,2350000
49,43,group_setup_then_64_copies,own_local,group,1562,111951,71.671574904,2349248
49,44,share_read_drop,std_shared,handoff,100000,1473957,14.73957,2350000
49,45,owner_retained_borrow_parameter,own_local_view,call,100000,60180,0.6018,2350000
49,46,scene_4096_attachments,own_local,attachment,98304,156553,1.5925394694,98304
49,47,contended_copy_2_workers,std_shared,copy,200000,15752555,78.762775,4700000
49,48,async_queue_job_1024_local_copies,std_shared,job,100,2679527,26795.27,2406400
49,49,async_queue_job_1_borrow_reads,own_shared_then_local_view,job,100,42727,427.27,2000
49,50,frame_4096_draws_64_unique_leases,std_shared,frame,24,90098,3754.08333333,41287680
49,51,create_read_destroy,std_shared,asset,100000,1253980,12.5398,65000400000
49,52,owner_retained_4096_parameter_borrows,own_local_view,frame,24,85053,3543.875,41287680
49,53,async_queue_job_1024_borrow_reads,std_shared_then_raw_borrow,job,100,177795,1777.95,2406400
49,54,localize_read_drop,std_shared,group,100000,1474581,14.74581,2350000
49,55,owner_retained_borrow_copy_read,std_raw_borrow,read,100000,30623,0.30623,2350000
50,0,frame_4096_draws_64_unique_leases,std_shared,frame,24,84337,3514.04166667,41287680
50,1,resettable_root_pin_1024_borrow_reads,own_shared_pin_local_view,scope,97,31373,323.432989691,2334208
50,2,share_read_drop,std_shared,handoff,100000,1509665,15.09665,2350000
50,3,resource_lifecycle_64_assets_4096_objects,own_local,cycle,10,209068,20906.8,17203200
50,4,owner_retained_borrow_parameter,own_local_view,call,100000,64121,0.64121,2350000
50,5,async_queue_job_1_local_copies,own_local,job,100,75268,752.68,2000
50,6,async_queue_job_64_local_copies,own_local,job,100,53116,531.16,150400
50,7,async_queue_job_64_local_copies,std_shared,job,100,250742,2507.42,150400
50,8,async_queue_job_1024_local_copies,std_shared,job,100,2423785,24237.85,2406400
50,9,weak_lock_expired,std_shared,lock,100000,77335,0.77335,0
50,10,copy_read_drop,own_local,copy,100000,105750,1.0575,2350000
50,11,async_queue_job_64_borrow_reads,own_shared_then_local_view,job,100,69672,696.72,150400
50,12,group_setup_then_8_copies,own_local,group,12500,307188,24.57504,2350000
50,13,weak_lock_live,std_shared,lock,100000,1663139,16.63139,2350000
50,14,async_queue_job_1_local_copies,std_shared,job,100,65809,658.09,2000
50,15,owner_retained_4096_parameter_borrows,own_local_view,frame,24,82153,3423.04166667,41287680
50,16,create_read_destroy,own_shared,asset,100000,1795742,17.95742,65000400000
50,17,contended_copy_2_workers,std_shared,copy,200000,15557651,77.788255,4700000
50,18,group_setup_then_1_copies,std_shared,group,100000,3471049,34.71049,2000000
50,19,independent_owner_parameter,own_shared,call,100000,1441220,14.4122,2350000
50,20,resettable_root_pin_1024_borrow_reads,std_shared_pin_raw_borrow,scope,97,31592,325.690721649,2334208
50,21,async_queue_job_1024_borrow_reads,own_shared_then_local_view,job,100,177324,1773.24,2406400
50,22,group_setup_then_8_copies,std_shared,group,12500,1947974,155.83792,2350000
50,23,weak_lock_expired,own_shared,lock,100000,78043,0.78043,0
50,24,share_read_drop,own_shared,handoff,100000,1167333,11.67333,2350000
50,25,owner_retained_4096_parameter_borrows,std_raw_borrow,frame,24,88924,3705.16666667,41287680
50,26,scene_4096_attachments,std_shared,attachment,98304,1007303,10.2468159993,98304
50,27,resource_lifecycle_64_assets_4096_objects,std_shared,cycle,10,523315,52331.5,17203200
50,28,borrow_read,raw_borrow,read,100000,35228,0.35228,2350000
50,29,contended_copy_2_workers,own_shared,copy,200000,7405404,37.02702,4700000
50,30,group_setup_then_1024_copies,std_shared,group,97,1779088,18341.1134021,2334208
50,31,independent_owner_parameter,std_shared,call,100000,1977243,19.77243,2350000
50,32,owner_retained_borrow_parameter,std_raw_borrow,call,100000,70415,0.70415,2350000
50,33,localize_read_drop,own_local,group,100000,1350389,13.50389,2350000
50,34,frame_4096_draws_64_unique_leases,own_shared,frame,24,92954,3873.08333333,41287680
50,35,copy_read_drop,own_shared,copy,100000,1339726,13.39726,2350000
50,36,owner_retained_4096_draw_borrows,own_local_view,frame,24,49692,2070.5,41287680
50,37,async_queue_job_1_borrow_reads,own_shared_then_local_view,job,100,78114,781.14,2000
50,38,owner_retained_4096_draw_borrows,std_raw_borrow,frame,24,54724,2280.16666667,41287680
50,39,create_read_destroy,own_local,asset,100000,1996653,19.96653,65000400000
50,40,group_setup_then_1_copies,own_local,group,100000,1386794,13.86794,2000000
50,41,group_setup_then_64_copies,own_local,group,1562,133375,85.3873239437,2349248
50,42,owner_retained_borrow_copy_read,std_raw_borrow,read,100000,30475,0.30475,2350000
50,43,create_read_destroy,std_shared,asset,100000,1292571,12.92571,65000400000
50,44,localize_read_drop,std_shared,group,100000,1536867,15.36867,2350000
50,45,group_setup_then_64_copies,std_shared,group,1562,1694268,1084.67861716,2349248
50,46,weak_lock_live,own_shared,lock,100000,1528089,15.28089,2350000
50,47,scene_4096_attachments,own_local,attachment,98304,150989,1.53593953451,98304
50,48,copy_read_drop,std_shared,copy,100000,1691342,16.91342,2350000
50,49,async_queue_job_1024_local_copies,own_local,job,100,347278,3472.78,2406400
50,50,async_queue_job_64_borrow_reads,std_shared_then_raw_borrow,job,100,82203,822.03,150400
50,51,async_queue_job_1024_borrow_reads,std_shared_then_raw_borrow,job,100,148624,1486.24,2406400
50,52,owner_retained_borrow_copy_read,own_local_view,read,100000,32193,0.32193,2350000
50,53,group_setup_then_1024_copies,own_local,group,97,102891,1060.73195876,2334208
50,54,independent_owner_parameter,own_local,call,100000,139008,1.39008,2350000
50,55,async_queue_job_1_borrow_reads,std_shared_then_raw_borrow,job,100,55754,557.54,2000
51,0,group_setup_then_64_copies,own_local,group,1562,112361,71.9340588988,2349248
51,1,resource_lifecycle_64_assets_4096_objects,own_local,cycle,10,217525,21752.5,17203200
51,2,contended_copy_2_workers,std_shared,copy,200000,15819186,79.09593,4700000
51,3,group_setup_then_1_copies,own_local,group,100000,1374812,13.74812,2000000
51,4,owner_retained_borrow_copy_read,own_local_view,read,100000,31634,0.31634,2350000
51,5,create_read_destroy,own_local,asset,100000,1940452,19.40452,65000400000
51,6,contended_copy_2_workers,own_shared,copy,200000,7380898,36.90449,4700000
51,7,share_read_drop,own_shared,handoff,100000,1183472,11.83472,2350000
51,8,owner_retained_borrow_copy_read,std_raw_borrow,read,100000,30661,0.30661,2350000
51,9,group_setup_then_1_copies,std_shared,group,100000,3438230,34.3823,2000000
51,10,owner_retained_4096_draw_borrows,std_raw_borrow,frame,24,61886,2578.58333333,41287680
51,11,owner_retained_borrow_parameter,std_raw_borrow,call,100000,67699,0.67699,2350000
51,12,owner_retained_4096_parameter_borrows,std_raw_borrow,frame,24,87094,3628.91666667,41287680
51,13,async_queue_job_64_local_copies,own_local,job,100,73312,733.12,150400
51,14,group_setup_then_8_copies,std_shared,group,12500,2016068,161.28544,2350000
51,15,independent_owner_parameter,own_shared,call,100000,1483451,14.83451,2350000
51,16,share_read_drop,std_shared,handoff,100000,1558517,15.58517,2350000
51,17,borrow_read,raw_borrow,read,100000,42378,0.42378,2350000
51,18,async_queue_job_64_borrow_reads,std_shared_then_raw_borrow,job,100,64873,648.73,150400
51,19,copy_read_drop,own_local,copy,100000,104809,1.04809,2350000
51,20,weak_lock_expired,std_shared,lock,100000,88659,0.88659,0
51,21,owner_retained_4096_parameter_borrows,own_local_view,frame,24,78152,3256.33333333,41287680
51,22,weak_lock_live,own_shared,lock,100000,1524376,15.24376,2350000
51,23,scene_4096_attachments,std_shared,attachment,98304,1013543,10.3102925618,98304
51,24,owner_retained_4096_draw_borrows,own_local_view,frame,24,72150,3006.25,41287680
51,25,localize_read_drop,std_shared,group,100000,1566237,15.66237,2350000
51,26,group_setup_then_1024_copies,own_local,group,97,93122,960.020618557,2334208
51,27,independent_owner_parameter,own_local,call,100000,117606,1.17606,2350000
51,28,localize_read_drop,own_local,group,100000,1287109,12.87109,2350000
51,29,async_queue_job_1_local_copies,own_local,job,100,83428,834.28,2000
51,30,async_queue_job_1_borrow_reads,std_shared_then_raw_borrow,job,100,84797,847.97,2000
51,31,resource_lifecycle_64_assets_4096_objects,std_shared,cycle,10,569414,56941.4,17203200
51,32,async_queue_job_1_borrow_reads,own_shared_then_local_view,job,100,53368,533.68,2000
51,33,async_queue_job_1_local_copies,std_shared,job,100,69667,696.67,2000
51,34,resettable_root_pin_1024_borrow_reads,own_shared_pin_local_view,scope,97,52322,539.402061856,2334208
51,35,weak_lock_live,std_shared,lock,100000,1806167,18.06167,2350000
51,36,create_read_destroy,std_shared,asset,100000,1342752,13.42752,65000400000
51,37,scene_4096_attachments,own_local,attachment,98304,162946,1.65757242839,98304
51,38,group_setup_then_64_copies,std_shared,group,1562,1762969,1128.66133163,2349248
51,39,group_setup_then_8_copies,own_local,group,12500,297281,23.78248,2350000
51,40,independent_owner_parameter,std_shared,call,100000,1843629,18.43629,2350000
51,41,copy_read_drop,own_shared,copy,100000,1503887,15.03887,2350000
51,42,async_queue_job_64_local_copies,std_shared,job,100,273533,2735.33,150400
51,43,async_queue_job_64_borrow_reads,own_shared_then_local_view,job,100,60041,600.41,150400
51,44,group_setup_then_1024_copies,std_shared,group,97,1712438,17654,2334208
51,45,async_queue_job_1024_local_copies,std_shared,job,100,2649541,26495.41,2406400
51,46,owner_retained_borrow_parameter,own_local_view,call,100000,64108,0.64108,2350000
51,47,resettable_root_pin_1024_borrow_reads,std_shared_pin_raw_borrow,scope,97,31665,326.443298969,2334208
51,48,frame_4096_draws_64_unique_leases,std_shared,frame,24,96008,4000.33333333,41287680
51,49,create_read_destroy,own_shared,asset,100000,1847075,18.47075,65000400000
51,50,async_queue_job_1024_borrow_reads,std_shared_then_raw_borrow,job,100,112199,1121.99,2406400
51,51,async_queue_job_1024_borrow_reads,own_shared_then_local_view,job,100,116393,1163.93,2406400
51,52,frame_4096_draws_64_unique_leases,own_shared,frame,24,89998,3749.91666667,41287680
51,53,copy_read_drop,std_shared,copy,100000,1737121,17.37121,2350000
51,54,weak_lock_expired,own_shared,lock,100000,76403,0.76403,0
51,55,async_queue_job_1024_local_copies,own_local,job,100,326820,3268.2,2406400
52,0,independent_owner_parameter,std_shared,call,100000,1677441,16.77441,2350000
52,1,owner_retained_borrow_copy_read,own_local_view,read,100000,30233,0.30233,2350000
52,2,create_read_destroy,std_shared,asset,100000,1322496,13.22496,65000400000
52,3,owner_retained_borrow_parameter,std_raw_borrow,call,100000,66216,0.66216,2350000
52,4,resettable_root_pin_1024_borrow_reads,own_shared_pin_local_view,scope,97,31226,321.917525773,2334208
52,5,group_setup_then_1024_copies,std_shared,group,97,1667234,17187.9793814,2334208
52,6,group_setup_then_64_copies,std_shared,group,1562,1739948,1113.92317542,2349248
52,7,async_queue_job_1_borrow_reads,std_shared_then_raw_borrow,job,100,48244,482.44,2000
52,8,resource_lifecycle_64_assets_4096_objects,own_local,cycle,10,200365,20036.5,17203200
52,9,async_queue_job_1024_local_copies,std_shared,job,100,2578017,25780.17,2406400
52,10,contended_copy_2_workers,own_shared,copy,200000,7620061,38.100305,4700000
52,11,independent_owner_parameter,own_shared,call,100000,1404965,14.04965,2350000
52,12,copy_read_drop,own_shared,copy,100000,1405780,14.0578,2350000
52,13,scene_4096_attachments,std_shared,attachment,98304,1020665,10.3827412923,98304
52,14,group_setup_then_1024_copies,own_local,group,97,95624,985.81443299,2334208
52,15,group_setup_then_64_copies,own_local,group,1562,124078,79.4353393086,2349248
52,16,share_read_drop,own_shared,handoff,100000,1231389,12.31389,2350000
52,17,async_queue_job_1_borrow_reads,own_shared_then_local_view,job,100,64150,641.5,2000
52,18,async_queue_job_64_borrow_reads,own_shared_then_local_view,job,100,70901,709.01,150400
52,19,create_read_destroy,own_local,asset,100000,1988204,19.88204,65000400000
52,20,localize_read_drop,own_local,group,100000,1300400,13.004,2350000
52,21,owner_retained_borrow_parameter,own_local_view,call,100000,64317,0.64317,2350000
52,22,share_read_drop,std_shared,handoff,100000,1495754,14.95754,2350000
52,23,owner_retained_4096_draw_borrows,own_local_view,frame,24,48853,2035.54166667,41287680
52,24,owner_retained_borrow_copy_read,std_raw_borrow,read,100000,30467,0.30467,2350000
52,25,localize_read_drop,std_shared,group,100000,1478390,14.7839,2350000
52,26,async_queue_job_1024_local_copies,own_local,job,100,406813,4068.13,2406400
52,27,scene_4096_attachments,own_local,attachment,98304,144798,1.47296142578,98304
52,28,resource_lifecycle_64_assets_4096_objects,std_shared,cycle,10,524876,52487.6,17203200
52,29,frame_4096_draws_64_unique_leases,own_shared,frame,24,84949,3539.54166667,41287680
52,30,contended_copy_2_workers,std_shared,copy,200000,17261358,86.30679,4700000
52,31,async_queue_job_1024_borrow_reads,own_shared_then_local_view,job,100,129737,1297.37,2406400
52,32,group_setup_then_1_copies,std_shared,group,100000,3546136,35.46136,2000000
52,33,weak_lock_expired,own_shared,lock,100000,71040,0.7104,0
52,34,async_queue_job_64_local_copies,own_local,job,100,70963,709.63,150400
52,35,borrow_read,raw_borrow,read,100000,39197,0.39197,2350000
52,36,frame_4096_draws_64_unique_leases,std_shared,frame,24,104023,4334.29166667,41287680
52,37,weak_lock_live,std_shared,lock,100000,1714393,17.14393,2350000
52,38,owner_retained_4096_parameter_borrows,own_local_view,frame,24,80984,3374.33333333,41287680
52,39,async_queue_job_1024_borrow_reads,std_shared_then_raw_borrow,job,100,202356,2023.56,2406400
52,40,group_setup_then_8_copies,std_shared,group,12500,1956640,156.5312,2350000
52,41,async_queue_job_64_borrow_reads,std_shared_then_raw_borrow,job,100,73533,735.33,150400
52,42,weak_lock_live,own_shared,lock,100000,1494114,14.94114,2350000
52,43,copy_read_drop,std_shared,copy,100000,1691082,16.91082,2350000
52,44,copy_read_drop,own_local,copy,100000,111909,1.11909,2350000
52,45,owner_retained_4096_draw_borrows,std_raw_borrow,frame,24,50083,2086.79166667,41287680
52,46,owner_retained_4096_parameter_borrows,std_raw_borrow,frame,24,76192,3174.66666667,41287680
52,47,group_setup_then_8_copies,own_local,group,12500,269454,21.55632,2350000
52,48,weak_lock_expired,std_shared,lock,100000,87392,0.87392,0
52,49,create_read_destroy,own_shared,asset,100000,2026445,20.26445,65000400000
52,50,async_queue_job_1_local_copies,own_local,job,100,97374,973.74,2000
52,51,async_queue_job_1_local_copies,std_shared,job,100,74141,741.41,2000
52,52,group_setup_then_1_copies,own_local,group,100000,1402841,14.02841,2000000
52,53,independent_owner_parameter,own_local,call,100000,112271,1.12271,2350000
52,54,async_queue_job_64_local_copies,std_shared,job,100,274953,2749.53,150400
52,55,resettable_root_pin_1024_borrow_reads,std_shared_pin_raw_borrow,scope,97,31849,328.340206186,2334208
53,0,resource_lifecycle_64_assets_4096_objects,own_local,cycle,10,222216,22221.6,17203200
53,1,copy_read_drop,std_shared,copy,100000,1662699,16.62699,2350000
53,2,frame_4096_draws_64_unique_leases,own_shared,frame,24,90947,3789.45833333,41287680
53,3,async_queue_job_1024_local_copies,own_local,job,100,310774,3107.74,2406400
53,4,borrow_read,raw_borrow,read,100000,35226,0.35226,2350000
53,5,weak_lock_expired,std_shared,lock,100000,80804,0.80804,0
53,6,async_queue_job_1024_local_copies,std_shared,job,100,2427326,24273.26,2406400
53,7,owner_retained_borrow_parameter,std_raw_borrow,call,100000,60006,0.60006,2350000
53,8,localize_read_drop,own_local,group,100000,1311062,13.11062,2350000
53,9,share_read_drop,own_shared,handoff,100000,1148491,11.48491,2350000
53,10,create_read_destroy,own_local,asset,100000,1907444,19.07444,65000400000
53,11,contended_copy_2_workers,std_shared,copy,200000,16308513,81.542565,4700000
53,12,weak_lock_expired,own_shared,lock,100000,69968,0.69968,0
53,13,group_setup_then_8_copies,std_shared,group,12500,1890209,151.21672,2350000
53,14,weak_lock_live,own_shared,lock,100000,1492883,14.92883,2350000
53,15,group_setup_then_8_copies,own_local,group,12500,272739,21.81912,2350000
53,16,owner_retained_4096_draw_borrows,std_raw_borrow,frame,24,53759,2239.95833333,41287680
53,17,async_queue_job_64_local_copies,std_shared,job,100,364906,3649.06,150400
53,18,contended_copy_2_workers,own_shared,copy,200000,7674182,38.37091,4700000
53,19,owner_retained_borrow_copy_read,std_raw_borrow,read,100000,33065,0.33065,2350000
53,20,async_queue_job_1024_borrow_reads,own_shared_then_local_view,job,100,129151,1291.51,2406400
53,21,independent_owner_parameter,own_shared,call,100000,1312364,13.12364,2350000
53,22,share_read_drop,std_shared,handoff,100000,1475385,14.75385,2350000
53,23,async_queue_job_64_local_copies,own_local,job,100,59904,599.04,150400
53,24,copy_read_drop,own_shared,copy,100000,1298323,12.98323,2350000
53,25,independent_owner_parameter,own_local,call,100000,111798,1.11798,2350000
53,26,async_queue_job_1_local_copies,own_local,job,100,51728,517.28,2000
53,27,resettable_root_pin_1024_borrow_reads,own_shared_pin_local_view,scope,97,31397,323.680412371,2334208
53,28,group_setup_then_1024_copies,own_local,group,97,103331,1065.26804124,2334208
53,29,owner_retained_4096_draw_borrows,own_local_view,frame,24,48447,2018.625,41287680
53,30,async_queue_job_1_borrow_reads,own_shared_then_local_view,job,100,53183,531.83,2000
53,31,owner_retained_4096_parameter_borrows,own_local_view,frame,24,75996,3166.5,41287680
53,32,create_read_destroy,own_shared,asset,100000,1791250,17.9125,65000400000
53,33,weak_lock_live,std_shared,lock,100000,1666696,16.66696,2350000
53,34,create_read_destroy,std_shared,asset,100000,1213288,12.13288,65000400000
53,35,group_setup_then_64_copies,std_shared,group,1562,1699416,1087.97439181,2349248
53,36,independent_owner_parameter,std_shared,call,100000,1650540,16.5054,2350000
53,37,resource_lifecycle_64_assets_4096_objects,std_shared,cycle,10,521181,52118.1,17203200
53,38,owner_retained_4096_parameter_borrows,std_raw_borrow,frame,24,76957,3206.54166667,41287680
53,39,group_setup_then_64_copies,own_local,group,1562,129511,82.9135723431,2349248
53,40,group_setup_then_1_copies,std_shared,group,100000,3326792,33.26792,2000000
53,41,owner_retained_borrow_parameter,own_local_view,call,100000,64269,0.64269,2350000
53,42,copy_read_drop,own_local,copy,100000,106590,1.0659,2350000
53,43,async_queue_job_1_borrow_reads,std_shared_then_raw_borrow,job,100,52303,523.03,2000
53,44,resettable_root_pin_1024_borrow_reads,std_shared_pin_raw_borrow,scope,97,32023,330.134020619,2334208
53,45,scene_4096_attachments,std_shared,attachment,98304,952487,9.68919881185,98304
53,46,async_queue_job_1024_borrow_reads,std_shared_then_raw_borrow,job,100,123237,1232.37,2406400
53,47,scene_4096_attachments,own_local,attachment,98304,134864,1.37190755208,98304
53,48,async_queue_job_64_borrow_reads,std_shared_then_raw_borrow,job,100,60988,609.88,150400
53,49,frame_4096_draws_64_unique_leases,std_shared,frame,24,84084,3503.5,41287680
53,50,localize_read_drop,std_shared,group,100000,1477809,14.77809,2350000
53,51,group_setup_then_1_copies,own_local,group,100000,1368785,13.68785,2000000
53,52,async_queue_job_1_local_copies,std_shared,job,100,63356,633.56,2000
53,53,async_queue_job_64_borrow_reads,own_shared_then_local_view,job,100,54614,546.14,150400
53,54,owner_retained_borrow_copy_read,own_local_view,read,100000,41477,0.41477,2350000
53,55,group_setup_then_1024_copies,std_shared,group,97,1645311,16961.9690722,2334208
54,0,async_queue_job_1_borrow_reads,own_shared_then_local_view,job,100,44966,449.66,2000
54,1,async_queue_job_1_local_copies,std_shared,job,100,66035,660.35,2000
54,2,weak_lock_live,own_shared,lock,100000,1495860,14.9586,2350000
54,3,localize_read_drop,own_local,group,100000,1290632,12.90632,2350000
54,4,contended_copy_2_workers,std_shared,copy,200000,15555458,77.77729,4700000
54,5,group_setup_then_1_copies,own_local,group,100000,1352647,13.52647,2000000
54,6,copy_read_drop,own_local,copy,100000,121107,1.21107,2350000
54,7,borrow_read,raw_borrow,read,100000,35467,0.35467,2350000
54,8,frame_4096_draws_64_unique_leases,own_shared,frame,24,88505,3687.70833333,41287680
54,9,group_setup_then_1024_copies,std_shared,group,97,1668001,17195.8865979,2334208
54,10,localize_read_drop,std_shared,group,100000,1482348,14.82348,2350000
54,11,async_queue_job_1024_local_copies,own_local,job,100,347045,3470.45,2406400
54,12,copy_read_drop,own_shared,copy,100000,1298960,12.9896,2350000
54,13,weak_lock_live,std_shared,lock,100000,1697040,16.9704,2350000
54,14,independent_owner_parameter,own_shared,call,100000,1293751,12.93751,2350000
54,15,async_queue_job_64_borrow_reads,own_shared_then_local_view,job,100,59989,599.89,150400
54,16,group_setup_then_8_copies,std_shared,group,12500,1869626,149.57008,2350000
54,17,async_queue_job_64_borrow_reads,std_shared_then_raw_borrow,job,100,55861,558.61,150400
54,18,owner_retained_4096_parameter_borrows,own_local_view,frame,24,77251,3218.79166667,41287680
54,19,resettable_root_pin_1024_borrow_reads,own_shared_pin_local_view,scope,97,31425,323.969072165,2334208
54,20,contended_copy_2_workers,own_shared,copy,200000,7447972,37.23986,4700000
54,21,group_setup_then_64_copies,own_local,group,1562,109762,70.2701664533,2349248
54,22,create_read_destroy,std_shared,asset,100000,1218113,12.18113,65000400000
54,23,resettable_root_pin_1024_borrow_reads,std_shared_pin_raw_borrow,scope,97,31637,326.154639175,2334208
54,24,create_read_destroy,own_shared,asset,100000,1767345,17.67345,65000400000
54,25,copy_read_drop,std_shared,copy,100000,1643317,16.43317,2350000
54,26,resource_lifecycle_64_assets_4096_objects,own_local,cycle,10,217707,21770.7,17203200
54,27,independent_owner_parameter,own_local,call,100000,111980,1.1198,2350000
54,28,async_queue_job_1024_borrow_reads,std_shared_then_raw_borrow,job,100,123897,1238.97,2406400
54,29,weak_lock_expired,own_shared,lock,100000,70670,0.7067,0
54,30,owner_retained_4096_draw_borrows,own_local_view,frame,24,52377,2182.375,41287680
54,31,weak_lock_expired,std_shared,lock,100000,77168,0.77168,0
54,32,resource_lifecycle_64_assets_4096_objects,std_shared,cycle,10,513599,51359.9,17203200
54,33,async_queue_job_64_local_copies,std_shared,job,100,308795,3087.95,150400
54,34,owner_retained_borrow_parameter,std_raw_borrow,call,100000,60022,0.60022,2350000
54,35,async_queue_job_1024_local_copies,std_shared,job,100,2416925,24169.25,2406400
54,36,group_setup_then_8_copies,own_local,group,12500,253771,20.30168,2350000
54,37,async_queue_job_1_borrow_reads,std_shared_then_raw_borrow,job,100,53661,536.61,2000
54,38,share_read_drop,own_shared,handoff,100000,1121745,11.21745,2350000
54,39,group_setup_then_1024_copies,own_local,group,97,88607,913.474226804,2334208
54,40,independent_owner_parameter,std_shared,call,100000,1656630,16.5663,2350000
54,41,frame_4096_draws_64_unique_leases,std_shared,frame,24,86884,3620.16666667,41287680
54,42,share_read_drop,std_shared,handoff,100000,1480612,14.80612,2350000
54,43,scene_4096_attachments,std_shared,attachment,98304,935934,9.52081298828,98304
54,44,async_queue_job_1_local_copies,own_local,job,100,61326,613.26,2000
54,45,async_queue_job_64_local_copies,own_local,job,100,77340,773.4,150400
54,46,owner_retained_4096_parameter_borrows,std_raw_borrow,frame,24,79124,3296.83333333,41287680
54,47,owner_retained_4096_draw_borrows,std_raw_borrow,frame,24,46933,1955.54166667,41287680
54,48,owner_retained_borrow_copy_read,own_local_view,read,100000,30132,0.30132,2350000
54,49,async_queue_job_1024_borrow_reads,own_shared_then_local_view,job,100,204323,2043.23,2406400
54,50,owner_retained_borrow_parameter,own_local_view,call,100000,59909,0.59909,2350000
54,51,group_setup_then_1_copies,std_shared,group,100000,3351864,33.51864,2000000
54,52,owner_retained_borrow_copy_read,std_raw_borrow,read,100000,30293,0.30293,2350000
54,53,group_setup_then_64_copies,std_shared,group,1562,1688143,1080.75736236,2349248
54,54,create_read_destroy,own_local,asset,100000,1938358,19.38358,65000400000
54,55,scene_4096_attachments,own_local,attachment,98304,154815,1.57485961914,98304
55,0,owner_retained_4096_draw_borrows,own_local_view,frame,24,48117,2004.875,41287680
55,1,resource_lifecycle_64_assets_4096_objects,own_local,cycle,10,197215,19721.5,17203200
55,2,async_queue_job_64_borrow_reads,std_shared_then_raw_borrow,job,100,68097,680.97,150400
55,3,weak_lock_expired,own_shared,lock,100000,70709,0.70709,0
55,4,create_read_destroy,own_shared,asset,100000,1775501,17.75501,65000400000
55,5,async_queue_job_1024_local_copies,own_local,job,100,338680,3386.8,2406400
55,6,contended_copy_2_workers,std_shared,copy,200000,14668516,73.34258,4700000
55,7,share_read_drop,own_shared,handoff,100000,1114772,11.14772,2350000
55,8,copy_read_drop,std_shared,copy,100000,1668032,16.68032,2350000
55,9,group_setup_then_1_copies,own_local,group,100000,1347034,13.47034,2000000
55,10,scene_4096_attachments,own_local,attachment,98304,143265,1.45736694336,98304
55,11,async_queue_job_1_local_copies,own_local,job,100,59275,592.75,2000
55,12,borrow_read,raw_borrow,read,100000,35251,0.35251,2350000
55,13,owner_retained_borrow_parameter,std_raw_borrow,call,100000,59911,0.59911,2350000
55,14,resource_lifecycle_64_assets_4096_objects,std_shared,cycle,10,525029,52502.9,17203200
55,15,async_queue_job_1_borrow_reads,std_shared_then_raw_borrow,job,100,64258,642.58,2000
55,16,async_queue_job_1024_local_copies,std_shared,job,100,2523884,25238.84,2406400
55,17,weak_lock_live,std_shared,lock,100000,1620899,16.20899,2350000
55,18,owner_retained_4096_draw_borrows,std_raw_borrow,frame,24,47269,1969.54166667,41287680
55,19,independent_owner_parameter,std_shared,call,100000,1649208,16.49208,2350000
55,20,async_queue_job_1024_borrow_reads,std_shared_then_raw_borrow,job,100,165488,1654.88,2406400
55,21,group_setup_then_64_copies,std_shared,group,1562,1693824,1084.3943662,2349248
55,22,owner_retained_4096_parameter_borrows,std_raw_borrow,frame,24,81012,3375.5,41287680
55,23,resettable_root_pin_1024_borrow_reads,std_shared_pin_raw_borrow,scope,97,31866,328.515463918,2334208
55,24,share_read_drop,std_shared,handoff,100000,1486755,14.86755,2350000
55,25,group_setup_then_1024_copies,std_shared,group,97,1657609,17088.7525773,2334208
55,26,contended_copy_2_workers,own_shared,copy,200000,7464991,37.324955,4700000
55,27,frame_4096_draws_64_unique_leases,own_shared,frame,24,99009,4125.375,41287680
55,28,owner_retained_borrow_copy_read,own_local_view,read,100000,51396,0.51396,2350000
55,29,owner_retained_4096_parameter_borrows,own_local_view,frame,24,76734,3197.25,41287680
55,30,group_setup_then_1_copies,std_shared,group,100000,3331460,33.3146,2000000
55,31,resettable_root_pin_1024_borrow_reads,own_shared_pin_local_view,scope,97,31305,322.731958763,2334208
55,32,create_read_destroy,own_local,asset,100000,1907338,19.07338,65000400000
55,33,group_setup_then_8_copies,own_local,group,12500,226089,18.08712,2350000
55,34,independent_owner_parameter,own_local,call,100000,134609,1.34609,2350000
55,35,group_setup_then_64_copies,own_local,group,1562,134574,86.1549295775,2349248
55,36,localize_read_drop,own_local,group,100000,1284937,12.84937,2350000
55,37,async_queue_job_1024_borrow_reads,own_shared_then_local_view,job,100,117942,1179.42,2406400
55,38,scene_4096_attachments,std_shared,attachment,98304,933809,9.49919637044,98304
55,39,group_setup_then_1024_copies,own_local,group,97,89214,919.731958763,2334208
55,40,copy_read_drop,own_local,copy,100000,103211,1.03211,2350000
55,41,create_read_destroy,std_shared,asset,100000,1190210,11.9021,65000400000
55,42,weak_lock_expired,std_shared,lock,100000,92400,0.924,0
55,43,async_queue_job_64_borrow_reads,own_shared_then_local_view,job,100,60916,609.16,150400
55,44,weak_lock_live,own_shared,lock,100000,1498263,14.98263,2350000
55,45,owner_retained_borrow_parameter,own_local_view,call,100000,64314,0.64314,2350000
55,46,owner_retained_borrow_copy_read,std_raw_borrow,read,100000,29991,0.29991,2350000
55,47,copy_read_drop,own_shared,copy,100000,1295112,12.95112,2350000
55,48,async_queue_job_64_local_copies,std_shared,job,100,323089,3230.89,150400
55,49,async_queue_job_1_local_copies,std_shared,job,100,66614,666.14,2000
55,50,independent_owner_parameter,own_shared,call,100000,1320120,13.2012,2350000
55,51,async_queue_job_64_local_copies,own_local,job,100,97739,977.39,150400
55,52,frame_4096_draws_64_unique_leases,std_shared,frame,24,84659,3527.45833333,41287680
55,53,async_queue_job_1_borrow_reads,own_shared_then_local_view,job,100,279407,2794.07,2000
55,54,group_setup_then_8_copies,std_shared,group,12500,1867629,149.41032,2350000
55,55,localize_read_drop,std_shared,group,100000,1485093,14.85093,2350000
56,0,weak_lock_expired,std_shared,lock,100000,80908,0.80908,0
56,1,resource_lifecycle_64_assets_4096_objects,std_shared,cycle,10,503257,50325.7,17203200
56,2,async_queue_job_64_borrow_reads,own_shared_then_local_view,job,100,68123,681.23,150400
56,3,owner_retained_4096_draw_borrows,std_raw_borrow,frame,24,60403,2516.79166667,41287680
56,4,group_setup_then_1024_copies,own_local,group,97,88641,913.824742268,2334208
56,5,contended_copy_2_workers,std_shared,copy,200000,14466963,72.334815,4700000
56,6,resource_lifecycle_64_assets_4096_objects,own_local,cycle,10,205701,20570.1,17203200
56,7,owner_retained_borrow_parameter,std_raw_borrow,call,100000,63112,0.63112,2350000
56,8,frame_4096_draws_64_unique_leases,std_shared,frame,24,86019,3584.125,41287680
56,9,owner_retained_4096_parameter_borrows,own_local_view,frame,24,88307,3679.45833333,41287680
56,10,resettable_root_pin_1024_borrow_reads,own_shared_pin_local_view,scope,97,31590,325.670103093,2334208
56,11,group_setup_then_64_copies,std_shared,group,1562,1683653,1077.88284251,2349248
56,12,frame_4096_draws_64_unique_leases,own_shared,frame,24,86981,3624.20833333,41287680
56,13,resettable_root_pin_1024_borrow_reads,std_shared_pin_raw_borrow,scope,97,31865,328.505154639,2334208
56,14,create_read_destroy,std_shared,asset,100000,1166551,11.66551,65000400000
56,15,async_queue_job_1024_local_copies,own_local,job,100,312842,3128.42,2406400
56,16,contended_copy_2_workers,own_shared,copy,200000,8606305,43.031525,4700000
56,17,independent_owner_parameter,own_local,call,100000,126878,1.26878,2350000
56,18,group_setup_then_1_copies,std_shared,group,100000,3349848,33.49848,2000000
56,19,group_setup_then_64_copies,own_local,group,1562,112126,71.7836107554,2349248
56,20,async_queue_job_1024_local_copies,std_shared,job,100,2479926,24799.26,2406400
56,21,async_queue_job_64_local_copies,own_local,job,100,108984,1089.84,150400
56,22,share_read_drop,own_shared,handoff,100000,1121103,11.21103,2350000
56,23,group_setup_then_8_copies,own_local,group,12500,274123,21.92984,2350000
56,24,async_queue_job_64_borrow_reads,std_shared_then_raw_borrow,job,100,56989,569.89,150400
56,25,async_queue_job_1_borrow_reads,own_shared_then_local_view,job,100,71400,714,2000
56,26,async_queue_job_1_local_copies,own_local,job,100,76671,766.71,2000
56,27,group_setup_then_1024_copies,std_shared,group,97,1803143,18589.1030928,2334208
56,28,create_read_destroy,own_local,asset,100000,2051086,20.51086,65000400000
56,29,owner_retained_borrow_copy_read,std_raw_borrow,read,100000,30055,0.30055,2350000
56,30,copy_read_drop,own_local,copy,100000,128196,1.28196,2350000
56,31,group_setup_then_1_copies,own_local,group,100000,1355671,13.55671,2000000
56,32,async_queue_job_1_borrow_reads,std_shared_then_raw_borrow,job,100,61778,617.78,2000
56,33,async_queue_job_64_local_copies,std_shared,job,100,311082,3110.82,150400
56,34,share_read_drop,std_shared,handoff,100000,1477355,14.77355,2350000
56,35,owner_retained_borrow_copy_read,own_local_view,read,100000,51336,0.51336,2350000
56,36,localize_read_drop,own_local,group,100000,1300190,13.0019,2350000
56,37,async_queue_job_1024_borrow_reads,own_shared_then_local_view,job,100,131857,1318.57,2406400
56,38,borrow_read,raw_borrow,read,100000,35231,0.35231,2350000
56,39,copy_read_drop,std_shared,copy,100000,1647857,16.47857,2350000
56,40,async_queue_job_1024_borrow_reads,std_shared_then_raw_borrow,job,100,121506,1215.06,2406400
56,41,owner_retained_borrow_parameter,own_local_view,call,100000,64250,0.6425,2350000
56,42,scene_4096_attachments,own_local,attachment,98304,141628,1.44071451823,98304
56,43,create_read_destroy,own_shared,asset,100000,1783840,17.8384,65000400000
56,44,scene_4096_attachments,std_shared,attachment,98304,929841,9.45883178711,98304
56,45,owner_retained_4096_parameter_borrows,std_raw_borrow,frame,24,77463,3227.625,41287680
56,46,async_queue_job_1_local_copies,std_shared,job,100,62441,624.41,2000
56,47,group_setup_then_8_copies,std_shared,group,12500,1866565,149.3252,2350000
56,48,weak_lock_live,own_shared,lock,100000,1493322,14.93322,2350000
56,49,weak_lock_live,std_shared,lock,100000,1673067,16.73067,2350000
56,50,independent_owner_parameter,std_shared,call,100000,1664290,16.6429,2350000
56,51,weak_lock_expired,own_shared,lock,100000,70700,0.707,0
56,52,independent_owner_parameter,own_shared,call,100000,1295554,12.95554,2350000
56,53,owner_retained_4096_draw_borrows,own_local_view,frame,24,47967,1998.625,41287680
56,54,copy_read_drop,own_shared,copy,100000,1301018,13.01018,2350000
56,55,localize_read_drop,std_shared,group,100000,1487794,14.87794,2350000
57,0,owner_retained_borrow_parameter,std_raw_borrow,call,100000,60059,0.60059,2350000
57,1,async_queue_job_64_borrow_reads,std_shared_then_raw_borrow,job,100,82080,820.8,150400
57,2,group_setup_then_1024_copies,std_shared,group,97,1660575,17119.3298969,2334208
57,3,localize_read_drop,own_local,group,100000,1273854,12.73854,2350000
57,4,async_queue_job_1_local_copies,own_local,job,100,64823,648.23,2000
57,5,group_setup_then_8_copies,own_local,group,12500,260722,20.85776,2350000
57,6,group_setup_then_1_copies,own_local,group,100000,1385842,13.85842,2000000
57,7,create_read_destroy,own_local,asset,100000,1882927,18.82927,65000400000
57,8,async_queue_job_1024_borrow_reads,std_shared_then_raw_borrow,job,100,118550,1185.5,2406400
57,9,independent_owner_parameter,std_shared,call,100000,1654748,16.54748,2350000
57,10,resource_lifecycle_64_assets_4096_objects,std_shared,cycle,10,525258,52525.8,17203200
57,11,group_setup_then_8_copies,std_shared,group,12500,1873166,149.85328,2350000
57,12,weak_lock_live,std_shared,lock,100000,1680467,16.80467,2350000
57,13,localize_read_drop,std_shared,group,100000,1475600,14.756,2350000
57,14,copy_read_drop,std_shared,copy,100000,1645254,16.45254,2350000
57,15,contended_copy_2_workers,std_shared,copy,200000,11501319,57.506595,4700000
57,16,owner_retained_4096_draw_borrows,own_local_view,frame,24,47660,1985.83333333,41287680
57,17,independent_owner_parameter,own_local,call,100000,111748,1.11748,2350000
57,18,group_setup_then_1024_copies,own_local,group,97,105622,1088.88659794,2334208
57,19,group_setup_then_1_copies,std_shared,group,100000,3342746,33.42746,2000000
57,20,async_queue_job_1_local_copies,std_shared,job,100,73537,735.37,2000
57,21,weak_lock_expired,std_shared,lock,100000,77288,0.77288,0
57,22,owner_retained_borrow_copy_read,own_local_view,read,100000,30123,0.30123,2350000
57,23,create_read_destroy,own_shared,asset,100000,1810661,18.10661,65000400000
57,24,weak_lock_live,own_shared,lock,100000,1493136,14.93136,2350000
57,25,contended_copy_2_workers,own_shared,copy,200000,7897974,39.48987,4700000
57,26,resource_lifecycle_64_assets_4096_objects,own_local,cycle,10,209688,20968.8,17203200
57,27,weak_lock_expired,own_shared,lock,100000,70071,0.70071,0
57,28,share_read_drop,std_shared,handoff,100000,1584898,15.84898,2350000
57,29,owner_retained_borrow_parameter,own_local_view,call,100000,64282,0.64282,2350000
57,30,copy_read_drop,own_shared,copy,100000,1322719,13.22719,2350000
57,31,owner_retained_borrow_copy_read,std_raw_borrow,read,100000,30675,0.30675,2350000
57,32,frame_4096_draws_64_unique_leases,std_shared,frame,24,91682,3820.08333333,41287680
57,33,independent_owner_parameter,own_shared,call,100000,1326228,13.26228,2350000
57,34,create_read_destroy,std_shared,asset,100000,1209785,12.09785,65000400000
57,35,frame_4096_draws_64_unique_leases,own_shared,frame,24,99791,4157.95833333,41287680
57,36,async_queue_job_1024_local_copies,std_shared,job,100,2600767,26007.67,2406400
57,37,owner_retained_4096_parameter_borrows,own_local_view,frame,24,79142,3297.58333333,41287680
57,38,scene_4096_attachments,own_local,attachment,98304,145329,1.47836303711,98304
57,39,async_queue_job_64_local_copies,own_local,job,100,86236,862.36,150400
57,40,resettable_root_pin_1024_borrow_reads,std_shared_pin_raw_borrow,scope,97,31673,326.525773196,2334208
57,41,owner_retained_4096_parameter_borrows,std_raw_borrow,frame,24,83054,3460.58333333,41287680
57,42,group_setup_then_64_copies,own_local,group,1562,153868,98.5070422535,2349248
57,43,group_setup_then_64_copies,std_shared,group,1562,1706438,1092.46991037,2349248
57,44,copy_read_drop,own_local,copy,100000,109011,1.09011,2350000
57,45,resettable_root_pin_1024_borrow_reads,own_shared_pin_local_view,scope,97,31324,322.927835052,2334208
57,46,share_read_drop,own_shared,handoff,100000,1131844,11.31844,2350000
57,47,async_queue_job_64_borrow_reads,own_shared_then_local_view,job,100,80370,803.7,150400
57,48,borrow_read,raw_borrow,read,100000,35467,0.35467,2350000
57,49,async_queue_job_1_borrow_reads,own_shared_then_local_view,job,100,61835,618.35,2000
57,50,async_queue_job_1024_borrow_reads,own_shared_then_local_view,job,100,142745,1427.45,2406400
57,51,async_queue_job_64_local_copies,std_shared,job,100,286380,2863.8,150400
57,52,owner_retained_4096_draw_borrows,std_raw_borrow,frame,24,47495,1978.95833333,41287680
57,53,async_queue_job_1024_local_copies,own_local,job,100,282098,2820.98,2406400
57,54,async_queue_job_1_borrow_reads,std_shared_then_raw_borrow,job,100,89161,891.61,2000
57,55,scene_4096_attachments,std_shared,attachment,98304,942027,9.58279418945,98304
58,0,async_queue_job_64_local_copies,own_local,job,100,88282,882.82,150400
58,1,async_queue_job_64_borrow_reads,std_shared_then_raw_borrow,job,100,84089,840.89,150400
58,2,owner_retained_4096_draw_borrows,std_raw_borrow,frame,24,46952,1956.33333333,41287680
58,3,resettable_root_pin_1024_borrow_reads,own_shared_pin_local_view,scope,97,49249,507.721649485,2334208
58,4,resettable_root_pin_1024_borrow_reads,std_shared_pin_raw_borrow,scope,97,31836,328.206185567,2334208
58,5,weak_lock_live,own_shared,lock,100000,1526697,15.26697,2350000
58,6,copy_read_drop,std_shared,copy,100000,1669844,16.69844,2350000
58,7,async_queue_job_1_local_copies,std_shared,job,100,69073,690.73,2000
58,8,owner_retained_borrow_parameter,std_raw_borrow,call,100000,59974,0.59974,2350000
58,9,scene_4096_attachments,own_local,attachment,98304,140912,1.43343098958,98304
58,10,group_setup_then_8_copies,own_local,group,12500,270580,21.6464,2350000
58,11,create_read_destroy,std_shared,asset,100000,1247797,12.47797,65000400000
58,12,async_queue_job_1024_borrow_reads,own_shared_then_local_view,job,100,153041,1530.41,2406400
58,13,owner_retained_4096_parameter_borrows,std_raw_borrow,frame,24,76119,3171.625,41287680
58,14,async_queue_job_64_local_copies,std_shared,job,100,317500,3175,150400
58,15,create_read_destroy,own_local,asset,100000,1983320,19.8332,65000400000
58,16,contended_copy_2_workers,std_shared,copy,200000,15092011,75.460055,4700000
58,17,localize_read_drop,std_shared,group,100000,1539077,15.39077,2350000
58,18,owner_retained_4096_draw_borrows,own_local_view,frame,24,47698,1987.41666667,41287680
58,19,create_read_destroy,own_shared,asset,100000,1803538,18.03538,65000400000
58,20,frame_4096_draws_64_unique_leases,own_shared,frame,24,86405,3600.20833333,41287680
58,21,async_queue_job_1_borrow_reads,own_shared_then_local_view,job,100,66434,664.34,2000
58,22,group_setup_then_1024_copies,own_local,group,97,92866,957.381443299,2334208
58,23,group_setup_then_1_copies,own_local,group,100000,1413078,14.13078,2000000
58,24,resource_lifecycle_64_assets_4096_objects,std_shared,cycle,10,518388,51838.8,17203200
58,25,async_queue_job_1_borrow_reads,std_shared_then_raw_borrow,job,100,51031,510.31,2000
58,26,group_setup_then_8_copies,std_shared,group,12500,1896128,151.69024,2350000
58,27,weak_lock_live,std_shared,lock,100000,1727698,17.27698,2350000
58,28,group_setup_then_1024_copies,std_shared,group,97,1663923,17153.8453608,2334208
58,29,copy_read_drop,own_local,copy,100000,105985,1.05985,2350000
58,30,independent_owner_parameter,own_shared,call,100000,1347361,13.47361,2350000
58,31,owner_retained_borrow_copy_read,own_local_view,read,100000,34551,0.34551,2350000
58,32,async_queue_job_1024_local_copies,std_shared,job,100,2429374,24293.74,2406400
58,33,async_queue_job_1_local_copies,own_local,job,100,72688,726.88,2000
58,34,group_setup_then_64_copies,own_local,group,1562,114778,73.4814340589,2349248
58,35,weak_lock_expired,own_shared,lock,100000,70712,0.70712,0
58,36,copy_read_drop,own_shared,copy,100000,1335941,13.35941,2350000
58,37,frame_4096_draws_64_unique_leases,std_shared,frame,24,84798,3533.25,41287680
58,38,async_queue_job_1024_borrow_reads,std_shared_then_raw_borrow,job,100,151846,1518.46,2406400
58,39,async_queue_job_1024_local_copies,own_local,job,100,379268,3792.68,2406400
58,40,owner_retained_4096_parameter_borrows,own_local_view,frame,24,76102,3170.91666667,41287680
58,41,async_queue_job_64_borrow_reads,own_shared_then_local_view,job,100,65304,653.04,150400
58,42,localize_read_drop,own_local,group,100000,1302225,13.02225,2350000
58,43,borrow_read,raw_borrow,read,100000,35342,0.35342,2350000
58,44,owner_retained_borrow_parameter,own_local_view,call,100000,59972,0.59972,2350000
58,45,independent_owner_parameter,std_shared,call,100000,1662989,16.62989,2350000
58,46,resource_lifecycle_64_assets_4096_objects,own_local,cycle,10,215849,21584.9,17203200
58,47,owner_retained_borrow_copy_read,std_raw_borrow,read,100000,30008,0.30008,2350000
58,48,scene_4096_attachments,std_shared,attachment,98304,939693,9.55905151367,98304
58,49,share_read_drop,own_shared,handoff,100000,1176418,11.76418,2350000
58,50,independent_owner_parameter,own_local,call,100000,113716,1.13716,2350000
58,51,group_setup_then_64_copies,std_shared,group,1562,1735000,1110.75544174,2349248
58,52,weak_lock_expired,std_shared,lock,100000,77407,0.77407,0
58,53,group_setup_then_1_copies,std_shared,group,100000,3401373,34.01373,2000000
58,54,share_read_drop,std_shared,handoff,100000,1502031,15.02031,2350000
58,55,contended_copy_2_workers,own_shared,copy,200000,7758698,38.79349,4700000
59,0,group_setup_then_1024_copies,std_shared,group,97,1687002,17391.7731959,2334208
59,1,frame_4096_draws_64_unique_leases,std_shared,frame,24,86528,3605.33333333,41287680
59,2,owner_retained_borrow_parameter,std_raw_borrow,call,100000,64283,0.64283,2350000
59,3,contended_copy_2_workers,std_shared,copy,200000,12942554,64.71277,4700000
59,4,resettable_root_pin_1024_borrow_reads,std_shared_pin_raw_borrow,scope,97,31745,327.268041237,2334208
59,5,resource_lifecycle_64_assets_4096_objects,std_shared,cycle,10,526912,52691.2,17203200
59,6,async_queue_job_64_borrow_reads,std_shared_then_raw_borrow,job,100,55615,556.15,150400
59,7,create_read_destroy,std_shared,asset,100000,1273862,12.73862,65000400000
59,8,async_queue_job_64_borrow_reads,own_shared_then_local_view,job,100,68334,683.34,150400
59,9,group_setup_then_64_copies,own_local,group,1562,134535,86.1299615877,2349248
59,10,localize_read_drop,own_local,group,100000,1329402,13.29402,2350000
59,11,scene_4096_attachments,std_shared,attachment,98304,1017483,10.3503723145,98304
59,12,owner_retained_borrow_copy_read,own_local_view,read,100000,30120,0.3012,2350000
59,13,copy_read_drop,own_local,copy,100000,110676,1.10676,2350000
59,14,async_queue_job_64_local_copies,own_local,job,100,62240,622.4,150400
59,15,group_setup_then_8_copies,std_shared,group,12500,1904452,152.35616,2350000
59,16,weak_lock_live,std_shared,lock,100000,1702596,17.02596,2350000
59,17,async_queue_job_1_local_copies,own_local,job,100,77276,772.76,2000
59,18,create_read_destroy,own_local,asset,100000,1916656,19.16656,65000400000
59,19,async_queue_job_1_local_copies,std_shared,job,100,55345,553.45,2000
59,20,owner_retained_4096_parameter_borrows,std_raw_borrow,frame,24,79869,3327.875,41287680
59,21,async_queue_job_1024_local_copies,own_local,job,100,371782,3717.82,2406400
59,22,async_queue_job_64_local_copies,std_shared,job,100,311617,3116.17,150400
59,23,owner_retained_borrow_parameter,own_local_view,call,100000,59958,0.59958,2350000
59,24,async_queue_job_1024_borrow_reads,std_shared_then_raw_borrow,job,100,151719,1517.19,2406400
59,25,frame_4096_draws_64_unique_leases,own_shared,frame,24,91869,3827.875,41287680
59,26,group_setup_then_1_copies,std_shared,group,100000,3385384,33.85384,2000000
59,27,weak_lock_expired,std_shared,lock,100000,77421,0.77421,0
59,28,weak_lock_expired,own_shared,lock,100000,70839,0.70839,0
59,29,async_queue_job_1024_local_copies,std_shared,job,100,3100520,31005.2,2406400
59,30,async_queue_job_1024_borrow_reads,own_shared_then_local_view,job,100,95259,952.59,2406400
59,31,independent_owner_parameter,own_shared,call,100000,1315705,13.15705,2350000
59,32,async_queue_job_1_borrow_reads,std_shared_then_raw_borrow,job,100,62022,620.22,2000
59,33,resettable_root_pin_1024_borrow_reads,own_shared_pin_local_view,scope,97,31563,325.391752577,2334208
59,34,owner_retained_borrow_copy_read,std_raw_borrow,read,100000,34024,0.34024,2350000
59,35,group_setup_then_1024_copies,own_local,group,97,94264,971.793814433,2334208
59,36,owner_retained_4096_parameter_borrows,own_local_view,frame,24,77337,3222.375,41287680
59,37,owner_retained_4096_draw_borrows,std_raw_borrow,frame,24,47765,1990.20833333,41287680
59,38,async_queue_job_1_borrow_reads,own_shared_then_local_view,job,100,74319,743.19,2000
59,39,borrow_read,raw_borrow,read,100000,57126,0.57126,2350000
59,40,copy_read_drop,std_shared,copy,100000,1637678,16.37678,2350000
59,41,share_read_drop,own_shared,handoff,100000,1138421,11.38421,2350000
59,42,group_setup_then_8_copies,own_local,group,12500,282713,22.61704,2350000
59,43,independent_owner_parameter,std_shared,call,100000,1681792,16.81792,2350000
59,44,weak_lock_live,own_shared,lock,100000,1508255,15.08255,2350000
59,45,create_read_destroy,own_shared,asset,100000,2247035,22.47035,65000400000
59,46,contended_copy_2_workers,own_shared,copy,200000,7663109,38.315545,4700000
59,47,scene_4096_attachments,own_local,attachment,98304,164861,1.67705281576,98304
59,48,independent_owner_parameter,own_local,call,100000,112132,1.12132,2350000
59,49,owner_retained_4096_draw_borrows,own_local_view,frame,24,48573,2023.875,41287680
59,50,group_setup_then_1_copies,own_local,group,100000,1354386,13.54386,2000000
59,51,localize_read_drop,std_shared,group,100000,2141491,21.41491,2350000
59,52,copy_read_drop,own_shared,copy,100000,1387080,13.8708,2350000
59,53,resource_lifecycle_64_assets_4096_objects,own_local,cycle,10,209856,20985.6,17203200
59,54,group_setup_then_64_copies,std_shared,group,1562,1689056,1081.3418694,2349248
59,55,share_read_drop,std_shared,handoff,100000,1589385,15.89385,2350000
60,0,async_queue_job_1024_borrow_reads,own_shared_then_local_view,job,100,120990,1209.9,2406400
60,1,borrow_read,raw_borrow,read,100000,35038,0.35038,2350000
60,2,copy_read_drop,own_shared,copy,100000,1323423,13.23423,2350000
60,3,create_read_destroy,std_shared,asset,100000,1216650,12.1665,65000400000
60,4,resettable_root_pin_1024_borrow_reads,std_shared_pin_raw_borrow,scope,97,32001,329.907216495,2334208
60,5,frame_4096_draws_64_unique_leases,own_shared,frame,24,95530,3980.41666667,41287680
60,6,group_setup_then_1024_copies,own_local,group,97,93780,966.804123711,2334208
60,7,owner_retained_4096_draw_borrows,own_local_view,frame,24,48189,2007.875,41287680
60,8,contended_copy_2_workers,std_shared,copy,200000,13346941,66.734705,4700000
60,9,async_queue_job_1_local_copies,std_shared,job,100,75287,752.87,2000
60,10,async_queue_job_64_borrow_reads,std_shared_then_raw_borrow,job,100,69516,695.16,150400
60,11,owner_retained_borrow_copy_read,std_raw_borrow,read,100000,30651,0.30651,2350000
60,12,owner_retained_4096_parameter_borrows,own_local_view,frame,24,78720,3280,41287680
60,13,group_setup_then_8_copies,std_shared,group,12500,1923614,153.88912,2350000
60,14,independent_owner_parameter,std_shared,call,100000,1751021,17.51021,2350000
60,15,owner_retained_4096_draw_borrows,std_raw_borrow,frame,24,65520,2730,41287680
60,16,resource_lifecycle_64_assets_4096_objects,std_shared,cycle,10,507978,50797.8,17203200
60,17,create_read_destroy,own_local,asset,100000,1893997,18.93997,65000400000
60,18,share_read_drop,std_shared,handoff,100000,1491354,14.91354,2350000
60,19,scene_4096_attachments,std_shared,attachment,98304,944983,9.61286417643,98304
60,20,async_queue_job_1_local_copies,own_local,job,100,72843,728.43,2000
60,21,share_read_drop,own_shared,handoff,100000,1261506,12.61506,2350000
60,22,weak_lock_expired,own_shared,lock,100000,115638,1.15638,0
60,23,weak_lock_expired,std_shared,lock,100000,77158,0.77158,0
60,24,group_setup_then_64_copies,std_shared,group,1562,3288504,2105.3162612,2349248
60,25,group_setup_then_1_copies,own_local,group,100000,1440615,14.40615,2000000
60,26,owner_retained_borrow_copy_read,own_local_view,read,100000,31632,0.31632,2350000
60,27,async_queue_job_64_borrow_reads,own_shared_then_local_view,job,100,106912,1069.12,150400
60,28,frame_4096_draws_64_unique_leases,std_shared,frame,24,97186,4049.41666667,41287680
60,29,resettable_root_pin_1024_borrow_reads,own_shared_pin_local_view,scope,97,35425,365.206185567,2334208
60,30,owner_retained_borrow_parameter,std_raw_borrow,call,100000,64409,0.64409,2350000
60,31,scene_4096_attachments,own_local,attachment,98304,149747,1.52330525716,98304
60,32,async_queue_job_64_local_copies,own_local,job,100,94036,940.36,150400
60,33,async_queue_job_1_borrow_reads,std_shared_then_raw_borrow,job,100,59993,599.93,2000
60,34,weak_lock_live,std_shared,lock,100000,1690555,16.90555,2350000
60,35,weak_lock_live,own_shared,lock,100000,1534586,15.34586,2350000
60,36,group_setup_then_1024_copies,std_shared,group,97,1651857,17029.4536082,2334208
60,37,owner_retained_4096_parameter_borrows,std_raw_borrow,frame,24,79354,3306.41666667,41287680
60,38,async_queue_job_1024_local_copies,std_shared,job,100,2450255,24502.55,2406400
60,39,group_setup_then_8_copies,own_local,group,12500,272416,21.79328,2350000
60,40,async_queue_job_1_borrow_reads,own_shared_then_local_view,job,100,62397,623.97,2000
60,41,copy_read_drop,own_local,copy,100000,105534,1.05534,2350000
60,42,async_queue_job_1024_borrow_reads,std_shared_then_raw_borrow,job,100,146307,1463.07,2406400
60,43,resource_lifecycle_64_assets_4096_objects,own_local,cycle,10,219506,21950.6,17203200
60,44,contended_copy_2_workers,own_shared,copy,200000,7985859,39.929295,4700000
60,45,async_queue_job_1024_local_copies,own_local,job,100,339355,3393.55,2406400
60,46,group_setup_then_64_copies,own_local,group,1562,141304,90.4635083227,2349248
60,47,localize_read_drop,own_local,group,100000,1312435,13.12435,2350000
60,48,copy_read_drop,std_shared,copy,100000,1700346,17.00346,2350000
60,49,owner_retained_borrow_parameter,own_local_view,call,100000,60076,0.60076,2350000
60,50,localize_read_drop,std_shared,group,100000,1470000,14.7,2350000
60,51,group_setup_then_1_copies,std_shared,group,100000,3372792,33.72792,2000000
60,52,create_read_destroy,own_shared,asset,100000,1802108,18.02108,65000400000
60,53,async_queue_job_64_local_copies,std_shared,job,100,261453,2614.53,150400
60,54,independent_owner_parameter,own_local,call,100000,111780,1.1178,2350000
60,55,independent_owner_parameter,own_shared,call,100000,1393774,13.93774,2350000
61,0,resettable_root_pin_1024_borrow_reads,std_shared_pin_raw_borrow,scope,97,31894,328.804123711,2334208
61,1,owner_retained_borrow_parameter,own_local_view,call,100000,59897,0.59897,2350000
61,2,frame_4096_draws_64_unique_leases,own_shared,frame,24,100764,4198.5,41287680
61,3,async_queue_job_64_borrow_reads,std_shared_then_raw_borrow,job,100,77980,779.8,150400
61,4,group_setup_then_8_copies,own_local,group,12500,272584,21.80672,2350000
61,5,weak_lock_live,std_shared,lock,100000,1845425,18.45425,2350000
61,6,owner_retained_borrow_copy_read,std_raw_borrow,read,100000,32662,0.32662,2350000
61,7,contended_copy_2_workers,own_shared,copy,200000,8052076,40.26038,4700000
61,8,group_setup_then_1_copies,std_shared,group,100000,3370485,33.70485,2000000
61,9,async_queue_job_64_local_copies,own_local,job,100,126973,1269.73,150400
61,10,async_queue_job_1_borrow_reads,own_shared_then_local_view,job,100,59812,598.12,2000
61,11,localize_read_drop,own_local,group,100000,1320939,13.20939,2350000
61,12,async_queue_job_64_borrow_reads,own_shared_then_local_view,job,100,80707,807.07,150400
61,13,copy_read_drop,std_shared,copy,100000,1639554,16.39554,2350000
61,14,create_read_destroy,own_shared,asset,100000,1775628,17.75628,65000400000
61,15,owner_retained_4096_draw_borrows,own_local_view,frame,24,49488,2062,41287680
61,16,independent_owner_parameter,own_shared,call,100000,1321332,13.21332,2350000
61,17,independent_owner_parameter,std_shared,call,100000,1665160,16.6516,2350000
61,18,weak_lock_live,own_shared,lock,100000,1528821,15.28821,2350000
61,19,weak_lock_expired,own_shared,lock,100000,70716,0.70716,0
61,20,group_setup_then_64_copies,std_shared,group,1562,1705028,1091.56722151,2349248
61,21,async_queue_job_1_borrow_reads,std_shared_then_raw_borrow,job,100,73144,731.44,2000
61,22,resource_lifecycle_64_assets_4096_objects,own_local,cycle,10,215628,21562.8,17203200
61,23,owner_retained_4096_parameter_borrows,std_raw_borrow,frame,24,80915,3371.45833333,41287680
61,24,group_setup_then_64_copies,own_local,group,1562,112404,71.9615877081,2349248
61,25,owner_retained_4096_parameter_borrows,own_local_view,frame,24,76025,3167.70833333,41287680
61,26,independent_owner_parameter,own_local,call,100000,126876,1.26876,2350000
61,27,async_queue_job_1_local_copies,std_shared,job,100,78115,781.15,2000
61,28,share_read_drop,own_shared,handoff,100000,1130751,11.30751,2350000
61,29,group_setup_then_1024_copies,std_shared,group,97,1651360,17024.3298969,2334208
61,30,scene_4096_attachments,own_local,attachment,98304,146527,1.49054972331,98304
61,31,contended_copy_2_workers,std_shared,copy,200000,15399814,76.99907,4700000
61,32,owner_retained_borrow_parameter,std_raw_borrow,call,100000,70470,0.7047,2350000
61,33,async_queue_job_1024_local_copies,own_local,job,100,370874,3708.74,2406400
61,34,resettable_root_pin_1024_borrow_reads,own_shared_pin_local_view,scope,97,35243,363.329896907,2334208
61,35,async_queue_job_1024_borrow_reads,std_shared_then_raw_borrow,job,100,154100,1541,2406400
61,36,create_read_destroy,std_shared,asset,100000,1211700,12.117,65000400000
61,37,copy_read_drop,own_local,copy,100000,104815,1.04815,2350000
61,38,scene_4096_attachments,std_shared,attachment,98304,953536,9.69986979167,98304
61,39,async_queue_job_1024_local_copies,std_shared,job,100,2571257,25712.57,2406400
61,40,share_read_drop,std_shared,handoff,100000,1905088,19.05088,2350000
61,41,group_setup_then_1_copies,own_local,group,100000,1406985,14.06985,2000000
61,42,owner_retained_4096_draw_borrows,std_raw_borrow,frame,24,51009,2125.375,41287680
61,43,copy_read_drop,own_shared,copy,100000,1331784,13.31784,2350000
61,44,async_queue_job_1_local_copies,own_local,job,100,247995,2479.95,2000
61,45,frame_4096_draws_64_unique_leases,std_shared,frame,24,104531,4355.45833333,41287680
61,46,group_setup_then_8_copies,std_shared,group,12500,1892928,151.43424,2350000
61,47,async_queue_job_1024_borrow_reads,own_shared_then_local_view,job,100,296534,2965.34,2406400
61,48,borrow_read,raw_borrow,read,100000,39589,0.39589,2350000
61,49,create_read_destroy,own_local,asset,100000,1994189,19.94189,65000400000
61,50,async_queue_job_64_local_copies,std_shared,job,100,488366,4883.66,150400
61,51,weak_lock_expired,std_shared,lock,100000,77405,0.77405,0
61,52,localize_read_drop,std_shared,group,100000,1470580,14.7058,2350000
61,53,owner_retained_borrow_copy_read,own_local_view,read,100000,30100,0.301,2350000
61,54,group_setup_then_1024_copies,own_local,group,97,87556,902.639175258,2334208
61,55,resource_lifecycle_64_assets_4096_objects,std_shared,cycle,10,511326,51132.6,17203200
62,0,async_queue_job_64_local_copies,std_shared,job,100,400196,4001.96,150400
62,1,borrow_read,raw_borrow,read,100000,35098,0.35098,2350000
62,2,contended_copy_2_workers,std_shared,copy,200000,12444588,62.22294,4700000
62,3,frame_4096_draws_64_unique_leases,own_shared,frame,24,94639,3943.29166667,41287680
62,4,async_queue_job_64_borrow_reads,std_shared_then_raw_borrow,job,100,82582,825.82,150400
62,5,resettable_root_pin_1024_borrow_reads,std_shared_pin_raw_borrow,scope,97,31625,326.030927835,2334208
62,6,independent_owner_parameter,own_shared,call,100000,1415064,14.15064,2350000
62,7,independent_owner_parameter,own_local,call,100000,111702,1.11702,2350000
62,8,weak_lock_expired,own_shared,lock,100000,68744,0.68744,0
62,9,independent_owner_parameter,std_shared,call,100000,1792622,17.92622,2350000
62,10,async_queue_job_1_local_copies,std_shared,job,100,116577,1165.77,2000
62,11,owner_retained_4096_draw_borrows,std_raw_borrow,frame,24,50626,2109.41666667,41287680
62,12,copy_read_drop,own_local,copy,100000,136152,1.36152,2350000
62,13,async_queue_job_1024_borrow_reads,std_shared_then_raw_borrow,job,100,100810,1008.1,2406400
62,14,owner_retained_4096_parameter_borrows,std_raw_borrow,frame,24,76379,3182.45833333,41287680
62,15,async_queue_job_64_local_copies,own_local,job,100,83237,832.37,150400
62,16,owner_retained_4096_parameter_borrows,own_local_view,frame,24,77808,3242,41287680
62,17,localize_read_drop,own_local,group,100000,1336920,13.3692,2350000
62,18,group_setup_then_64_copies,std_shared,group,1562,1675407,1072.60371319,2349248
62,19,owner_retained_borrow_copy_read,own_local_view,read,100000,30952,0.30952,2350000
62,20,owner_retained_4096_draw_borrows,own_local_view,frame,24,46882,1953.41666667,41287680
62,21,group_setup_then_1024_copies,own_local,group,97,166730,1718.86597938,2334208
62,22,group_setup_then_1024_copies,std_shared,group,97,1689036,17412.742268,2334208
62,23,async_queue_job_1024_local_copies,std_shared,job,100,2505861,25058.61,2406400
62,24,resource_lifecycle_64_assets_4096_objects,own_local,cycle,10,223760,22376,17203200
62,25,group_setup_then_1_copies,own_local,group,100000,1403012,14.03012,2000000
62,26,share_read_drop,std_shared,handoff,100000,1469197,14.69197,2350000
62,27,weak_lock_expired,std_shared,lock,100000,77180,0.7718,0
62,28,create_read_destroy,own_local,asset,100000,1966321,19.66321,65000400000
62,29,weak_lock_live,std_shared,lock,100000,1679049,16.79049,2350000
62,30,resettable_root_pin_1024_borrow_reads,own_shared_pin_local_view,scope,97,31340,323.092783505,2334208
62,31,create_read_destroy,own_shared,asset,100000,1811926,18.11926,65000400000
62,32,scene_4096_attachments,own_local,attachment,98304,174007,1.77009073893,98304
62,33,async_queue_job_1024_local_copies,own_local,job,100,268769,2687.69,2406400
62,34,async_queue_job_1_local_copies,own_local,job,100,47721,477.21,2000
62,35,resource_lifecycle_64_assets_4096_objects,std_shared,cycle,10,639037,63903.7,17203200
62,36,create_read_destroy,std_shared,asset,100000,1175145,11.75145,65000400000
62,37,owner_retained_borrow_parameter,own_local_view,call,100000,61871,0.61871,2350000
62,38,copy_read_drop,own_shared,copy,100000,1413852,14.13852,2350000
62,39,localize_read_drop,std_shared,group,100000,1466656,14.66656,2350000
62,40,async_queue_job_64_borrow_reads,own_shared_then_local_view,job,100,126589,1265.89,150400
62,41,owner_retained_borrow_parameter,std_raw_borrow,call,100000,64241,0.64241,2350000
62,42,share_read_drop,own_shared,handoff,100000,1145683,11.45683,2350000
62,43,scene_4096_attachments,std_shared,attachment,98304,974713,9.91529337565,98304
62,44,owner_retained_borrow_copy_read,std_raw_borrow,read,100000,30100,0.301,2350000
62,45,group_setup_then_8_copies,own_local,group,12500,279940,22.3952,2350000
62,46,async_queue_job_1_borrow_reads,own_shared_then_local_view,job,100,86080,860.8,2000
62,47,async_queue_job_1_borrow_reads,std_shared_then_raw_borrow,job,100,60706,607.06,2000
62,48,group_setup_then_8_copies,std_shared,group,12500,2059360,164.7488,2350000
62,49,copy_read_drop,std_shared,copy,100000,1754925,17.54925,2350000
62,50,contended_copy_2_workers,own_shared,copy,200000,7732755,38.663775,4700000
62,51,group_setup_then_64_copies,own_local,group,1562,137212,87.8437900128,2349248
62,52,group_setup_then_1_copies,std_shared,group,100000,3273347,32.73347,2000000
62,53,weak_lock_live,own_shared,lock,100000,1519773,15.19773,2350000
62,54,async_queue_job_1024_borrow_reads,own_shared_then_local_view,job,100,171346,1713.46,2406400
62,55,frame_4096_draws_64_unique_leases,std_shared,frame,24,95671,3986.29166667,41287680
63,0,copy_read_drop,own_local,copy,100000,110537,1.10537,2350000
63,1,copy_read_drop,own_shared,copy,100000,1310481,13.10481,2350000
63,2,weak_lock_expired,own_shared,lock,100000,70646,0.70646,0
63,3,group_setup_then_1_copies,own_local,group,100000,1399607,13.99607,2000000
63,4,async_queue_job_1024_borrow_reads,own_shared_then_local_view,job,100,117240,1172.4,2406400
63,5,share_read_drop,std_shared,handoff,100000,1502713,15.02713,2350000
63,6,independent_owner_parameter,std_shared,call,100000,1672190,16.7219,2350000
63,7,owner_retained_4096_parameter_borrows,own_local_view,frame,24,77511,3229.625,41287680
63,8,borrow_read,raw_borrow,read,100000,35270,0.3527,2350000
63,9,weak_lock_live,own_shared,lock,100000,1506499,15.06499,2350000
63,10,owner_retained_borrow_copy_read,std_raw_borrow,read,100000,43194,0.43194,2350000
63,11,resettable_root_pin_1024_borrow_reads,own_shared_pin_local_view,scope,97,31300,322.680412371,2334208
63,12,create_read_destroy,std_shared,asset,100000,1219159,12.19159,65000400000
63,13,frame_4096_draws_64_unique_leases,own_shared,frame,24,90069,3752.875,41287680
63,14,group_setup_then_64_copies,own_local,group,1562,111298,71.2535211268,2349248
63,15,async_queue_job_1024_borrow_reads,std_shared_then_raw_borrow,job,100,130422,1304.22,2406400
63,16,owner_retained_4096_draw_borrows,own_local_view,frame,24,46945,1956.04166667,41287680
63,17,weak_lock_live,std_shared,lock,100000,1735202,17.35202,2350000
63,18,owner_retained_4096_draw_borrows,std_raw_borrow,frame,24,54367,2265.29166667,41287680
63,19,group_setup_then_8_copies,std_shared,group,12500,1908261,152.66088,2350000
63,20,async_queue_job_64_local_copies,std_shared,job,100,338848,3388.48,150400
63,21,independent_owner_parameter,own_local,call,100000,111721,1.11721,2350000
63,22,weak_lock_expired,std_shared,lock,100000,81112,0.81112,0
63,23,owner_retained_borrow_parameter,own_local_view,call,100000,59970,0.5997,2350000
63,24,resource_lifecycle_64_assets_4096_objects,own_local,cycle,10,308392,30839.2,17203200
63,25,contended_copy_2_workers,own_shared,copy,200000,7249793,36.248965,4700000
63,26,scene_4096_attachments,std_shared,attachment,98304,947806,9.64158121745,98304
63,27,async_queue_job_1024_local_copies,std_shared,job,100,2726618,27266.18,2406400
63,28,async_queue_job_1_borrow_reads,own_shared_then_local_view,job,100,72424,724.24,2000
63,29,group_setup_then_1024_copies,std_shared,group,97,1682622,17346.6185567,2334208
63,30,async_queue_job_1_borrow_reads,std_shared_then_raw_borrow,job,100,76286,762.86,2000
63,31,group_setup_then_1024_copies,own_local,group,97,89012,917.649484536,2334208
63,32,group_setup_then_64_copies,std_shared,group,1562,1706940,1092.79129321,2349248
63,33,localize_read_drop,std_shared,group,100000,1507417,15.07417,2350000
63,34,copy_read_drop,std_shared,copy,100000,1709929,17.09929,2350000
63,35,owner_retained_borrow_parameter,std_raw_borrow,call,100000,60062,0.60062,2350000
63,36,async_queue_job_64_borrow_reads,std_shared_then_raw_borrow,job,100,75989,759.89,150400
63,37,scene_4096_attachments,own_local,attachment,98304,143509,1.45984903971,98304
63,38,group_setup_then_1_copies,std_shared,group,100000,3390459,33.90459,2000000
63,39,async_queue_job_1_local_copies,std_shared,job,100,78797,787.97,2000
63,40,async_queue_job_64_local_copies,own_local,job,100,96404,964.04,150400
63,41,contended_copy_2_workers,std_shared,copy,200000,14044828,70.22414,4700000
63,42,create_read_destroy,own_shared,asset,100000,1784888,17.84888,65000400000
63,43,resettable_root_pin_1024_borrow_reads,std_shared_pin_raw_borrow,scope,97,31872,328.577319588,2334208
63,44,share_read_drop,own_shared,handoff,100000,1248454,12.48454,2350000
63,45,localize_read_drop,own_local,group,100000,1366769,13.66769,2350000
63,46,owner_retained_4096_parameter_borrows,std_raw_borrow,frame,24,95260,3969.16666667,41287680
63,47,owner_retained_borrow_copy_read,own_local_view,read,100000,36732,0.36732,2350000
63,48,resource_lifecycle_64_assets_4096_objects,std_shared,cycle,10,689090,68909,17203200
63,49,async_queue_job_64_borrow_reads,own_shared_then_local_view,job,100,89232,892.32,150400
63,50,independent_owner_parameter,own_shared,call,100000,1389882,13.89882,2350000
63,51,frame_4096_draws_64_unique_leases,std_shared,frame,24,99848,4160.33333333,41287680
63,52,async_queue_job_1024_local_copies,own_local,job,100,358581,3585.81,2406400
63,53,group_setup_then_8_copies,own_local,group,12500,312302,24.98416,2350000
63,54,create_read_destroy,own_local,asset,100000,2068950,20.6895,65000400000
63,55,async_queue_job_1_local_copies,own_local,job,100,56715,567.15,2000
64,0,independent_owner_parameter,own_local,call,100000,111849,1.11849,2350000
64,1,create_read_destroy,own_local,asset,100000,1929702,19.29702,65000400000
64,2,frame_4096_draws_64_unique_leases,own_shared,frame,24,89444,3726.83333333,41287680
64,3,group_setup_then_1_copies,std_shared,group,100000,3328756,33.28756,2000000
64,4,group_setup_then_1024_copies,own_local,group,97,96527,995.12371134,2334208
64,5,weak_lock_live,own_shared,lock,100000,1518973,15.18973,2350000
64,6,contended_copy_2_workers,own_shared,copy,200000,7845816,39.22908,4700000
64,7,independent_owner_parameter,std_shared,call,100000,1684931,16.84931,2350000
64,8,create_read_destroy,own_shared,asset,100000,1787677,17.87677,65000400000
64,9,async_queue_job_1024_local_copies,own_local,job,100,283063,2830.63,2406400
64,10,share_read_drop,std_shared,handoff,100000,1492554,14.92554,2350000
64,11,copy_read_drop,std_shared,copy,100000,1657765,16.57765,2350000
64,12,owner_retained_borrow_copy_read,std_raw_borrow,read,100000,30466,0.30466,2350000
64,13,async_queue_job_1_local_copies,std_shared,job,100,62833,628.33,2000
64,14,frame_4096_draws_64_unique_leases,std_shared,frame,24,88247,3676.95833333,41287680
64,15,async_queue_job_1_borrow_reads,own_shared_then_local_view,job,100,63160,631.6,2000
64,16,async_queue_job_64_borrow_reads,own_shared_then_local_view,job,100,47473,474.73,150400
64,17,localize_read_drop,std_shared,group,100000,1511920,15.1192,2350000
64,18,owner_retained_borrow_parameter,own_local_view,call,100000,64354,0.64354,2350000
64,19,copy_read_drop,own_local,copy,100000,105535,1.05535,2350000
64,20,contended_copy_2_workers,std_shared,copy,200000,13032812,65.16406,4700000
64,21,async_queue_job_64_local_copies,std_shared,job,100,249597,2495.97,150400
64,22,weak_lock_live,std_shared,lock,100000,2119775,21.19775,2350000
64,23,share_read_drop,own_shared,handoff,100000,1273237,12.73237,2350000
64,24,copy_read_drop,own_shared,copy,100000,1521713,15.21713,2350000
64,25,owner_retained_4096_parameter_borrows,std_raw_borrow,frame,24,89195,3716.45833333,41287680
64,26,async_queue_job_1_local_copies,own_local,job,100,45309,453.09,2000
64,27,async_queue_job_64_local_copies,own_local,job,100,73838,738.38,150400
64,28,owner_retained_4096_parameter_borrows,own_local_view,frame,24,87909,3662.875,41287680
64,29,resettable_root_pin_1024_borrow_reads,own_shared_pin_local_view,scope,97,37677,388.422680412,2334208
64,30,weak_lock_expired,std_shared,lock,100000,83631,0.83631,0
64,31,owner_retained_4096_draw_borrows,own_local_view,frame,24,50747,2114.45833333,41287680
64,32,independent_owner_parameter,own_shared,call,100000,1420737,14.20737,2350000
64,33,owner_retained_borrow_copy_read,own_local_view,read,100000,32232,0.32232,2350000
64,34,scene_4096_attachments,std_shared,attachment,98304,956672,9.73177083333,98304
64,35,async_queue_job_1024_borrow_reads,own_shared_then_local_view,job,100,115334,1153.34,2406400
64,36,resource_lifecycle_64_assets_4096_objects,own_local,cycle,10,245002,24500.2,17203200
64,37,group_setup_then_64_copies,std_shared,group,1562,1717761,1099.71895006,2349248
64,38,async_queue_job_1024_local_copies,std_shared,job,100,2439706,24397.06,2406400
64,39,group_setup_then_1024_copies,std_shared,group,97,1685033,17371.4742268,2334208
64,40,localize_read_drop,own_local,group,100000,1295657,12.95657,2350000
64,41,group_setup_then_8_copies,own_local,group,12500,266738,21.33904,2350000
64,42,owner_retained_4096_draw_borrows,std_raw_borrow,frame,24,51882,2161.75,41287680
64,43,group_setup_then_1_copies,own_local,group,100000,1495551,14.95551,2000000
64,44,weak_lock_expired,own_shared,lock,100000,76577,0.76577,0
64,45,group_setup_then_8_copies,std_shared,group,12500,2056441,164.51528,2350000
64,46,scene_4096_attachments,own_local,attachment,98304,158441,1.61174519857,98304
64,47,owner_retained_borrow_parameter,std_raw_borrow,call,100000,70512,0.70512,2350000
64,48,resource_lifecycle_64_assets_4096_objects,std_shared,cycle,10,530343,53034.3,17203200
64,49,async_queue_job_64_borrow_reads,std_shared_then_raw_borrow,job,100,70275,702.75,150400
64,50,borrow_read,raw_borrow,read,100000,35420,0.3542,2350000
64,51,async_queue_job_1_borrow_reads,std_shared_then_raw_borrow,job,100,61716,617.16,2000
64,52,async_queue_job_1024_borrow_reads,std_shared_then_raw_borrow,job,100,108057,1080.57,2406400
64,53,group_setup_then_64_copies,own_local,group,1562,112039,71.7279129321,2349248
64,54,resettable_root_pin_1024_borrow_reads,std_shared_pin_raw_borrow,scope,97,31414,323.855670103,2334208
64,55,create_read_destroy,std_shared,asset,100000,1247976,12.47976,65000400000
65,0,independent_owner_parameter,std_shared,call,100000,1693178,16.93178,2350000
65,1,owner_retained_4096_draw_borrows,std_raw_borrow,frame,24,47660,1985.83333333,41287680
65,2,localize_read_drop,own_local,group,100000,1315142,13.15142,2350000
65,3,scene_4096_attachments,own_local,attachment,98304,133093,1.35389200846,98304
65,4,group_setup_then_64_copies,std_shared,group,1562,1713210,1096.80537772,2349248
65,5,share_read_drop,std_shared,handoff,100000,1498313,14.98313,2350000
65,6,create_read_destroy,std_shared,asset,100000,1228373,12.28373,65000400000
65,7,resource_lifecycle_64_assets_4096_objects,own_local,cycle,10,212094,21209.4,17203200
65,8,borrow_read,raw_borrow,read,100000,34971,0.34971,2350000
65,9,group_setup_then_1_copies,std_shared,group,100000,3208055,32.08055,2000000
65,10,independent_owner_parameter,own_local,call,100000,115869,1.15869,2350000
65,11,group_setup_then_1024_copies,std_shared,group,97,1696696,17491.7113402,2334208
65,12,async_queue_job_1024_borrow_reads,std_shared_then_raw_borrow,job,100,142420,1424.2,2406400
65,13,weak_lock_live,std_shared,lock,100000,1671801,16.71801,2350000
65,14,async_queue_job_64_local_copies,own_local,job,100,107821,1078.21,150400
65,15,copy_read_drop,own_local,copy,100000,105803,1.05803,2350000
65,16,scene_4096_attachments,std_shared,attachment,98304,932843,9.48936971029,98304
65,17,frame_4096_draws_64_unique_leases,std_shared,frame,24,83456,3477.33333333,41287680
65,18,async_queue_job_1_local_copies,own_local,job,100,66381,663.81,2000
65,19,resettable_root_pin_1024_borrow_reads,own_shared_pin_local_view,scope,97,31337,323.06185567,2334208
65,20,create_read_destroy,own_local,asset,100000,1903607,19.03607,65000400000
65,21,copy_read_drop,own_shared,copy,100000,1294694,12.94694,2350000
65,22,async_queue_job_1024_local_copies,std_shared,job,100,2437307,24373.07,2406400
65,23,group_setup_then_8_copies,own_local,group,12500,272998,21.83984,2350000
65,24,async_queue_job_1024_local_copies,own_local,job,100,371466,3714.66,2406400
65,25,copy_read_drop,std_shared,copy,100000,1643698,16.43698,2350000
65,26,localize_read_drop,std_shared,group,100000,1528385,15.28385,2350000
65,27,owner_retained_borrow_copy_read,std_raw_borrow,read,100000,33443,0.33443,2350000
65,28,weak_lock_expired,own_shared,lock,100000,70664,0.70664,0
65,29,async_queue_job_64_borrow_reads,std_shared_then_raw_borrow,job,100,53780,537.8,150400
65,30,owner_retained_4096_draw_borrows,own_local_view,frame,24,48413,2017.20833333,41287680
65,31,frame_4096_draws_64_unique_leases,own_shared,frame,24,90933,3788.875,41287680
65,32,share_read_drop,own_shared,handoff,100000,1125596,11.25596,2350000
65,33,async_queue_job_1_local_copies,std_shared,job,100,64905,649.05,2000
65,34,owner_retained_4096_parameter_borrows,own_local_view,frame,24,76058,3169.08333333,41287680
65,35,resource_lifecycle_64_assets_4096_objects,std_shared,cycle,10,521194,52119.4,17203200
65,36,owner_retained_4096_parameter_borrows,std_raw_borrow,frame,24,76530,3188.75,41287680
65,37,independent_owner_parameter,own_shared,call,100000,1394173,13.94173,2350000
65,38,async_queue_job_64_local_copies,std_shared,job,100,259744,2597.44,150400
65,39,group_setup_then_64_copies,own_local,group,1562,112543,72.0505761844,2349248
65,40,weak_lock_live,own_shared,lock,100000,1572383,15.72383,2350000
65,41,create_read_destroy,own_shared,asset,100000,1909811,19.09811,65000400000
65,42,group_setup_then_8_copies,std_shared,group,12500,1793524,143.48192,2350000
65,43,resettable_root_pin_1024_borrow_reads,std_shared_pin_raw_borrow,scope,97,42871,441.969072165,2334208
65,44,async_queue_job_1_borrow_reads,own_shared_then_local_view,job,100,57308,573.08,2000
65,45,owner_retained_borrow_copy_read,own_local_view,read,100000,51401,0.51401,2350000
65,46,group_setup_then_1_copies,own_local,group,100000,1399587,13.99587,2000000
65,47,weak_lock_expired,std_shared,lock,100000,77230,0.7723,0
65,48,owner_retained_borrow_parameter,own_local_view,call,100000,68887,0.68887,2350000
65,49,group_setup_then_1024_copies,own_local,group,97,89306,920.680412371,2334208
65,50,contended_copy_2_workers,std_shared,copy,200000,14577747,72.888735,4700000
65,51,async_queue_job_1024_borrow_reads,own_shared_then_local_view,job,100,129779,1297.79,2406400
65,52,async_queue_job_64_borrow_reads,own_shared_then_local_view,job,100,86908,869.08,150400
65,53,async_queue_job_1_borrow_reads,std_shared_then_raw_borrow,job,100,54680,546.8,2000
65,54,contended_copy_2_workers,own_shared,copy,200000,7988249,39.941245,4700000
65,55,owner_retained_borrow_parameter,std_raw_borrow,call,100000,61822,0.61822,2350000
66,0,owner_retained_borrow_copy_read,own_local_view,read,100000,30118,0.30118,2350000
66,1,independent_owner_parameter,std_shared,call,100000,1664723,16.64723,2350000
66,2,create_read_destroy,own_shared,asset,100000,1782080,17.8208,65000400000
66,3,contended_copy_2_workers,own_shared,copy,200000,6634174,33.17087,4700000
66,4,resettable_root_pin_1024_borrow_reads,std_shared_pin_raw_borrow,scope,97,44036,453.979381443,2334208
66,5,group_setup_then_1024_copies,own_local,group,97,115588,1191.62886598,2334208
66,6,group_setup_then_1_copies,std_shared,group,100000,3221136,32.21136,2000000
66,7,share_read_drop,std_shared,handoff,100000,1480539,14.80539,2350000
66,8,group_setup_then_64_copies,std_shared,group,1562,1642603,1051.60243278,2349248
66,9,contended_copy_2_workers,std_shared,copy,200000,15229247,76.146235,4700000
66,10,async_queue_job_64_borrow_reads,std_shared_then_raw_borrow,job,100,61697,616.97,150400
66,11,owner_retained_borrow_parameter,std_raw_borrow,call,100000,61945,0.61945,2350000
66,12,group_setup_then_8_copies,own_local,group,12500,225449,18.03592,2350000
66,13,async_queue_job_1_borrow_reads,std_shared_then_raw_borrow,job,100,50755,507.55,2000
66,14,async_queue_job_1024_borrow_reads,own_shared_then_local_view,job,100,332313,3323.13,2406400
66,15,owner_retained_4096_draw_borrows,own_local_view,frame,24,49817,2075.70833333,41287680
66,16,owner_retained_borrow_parameter,own_local_view,call,100000,59972,0.59972,2350000
66,17,owner_retained_4096_parameter_borrows,own_local_view,frame,24,90939,3789.125,41287680
66,18,localize_read_drop,std_shared,group,100000,5517282,55.17282,2350000
66,19,owner_retained_4096_parameter_borrows,std_raw_borrow,frame,24,79880,3328.33333333,41287680
66,20,async_queue_job_1_borrow_reads,own_shared_then_local_view,job,100,67478,674.78,2000
66,21,create_read_destroy,own_local,asset,100000,2109621,21.09621,65000400000
66,22,resource_lifecycle_64_assets_4096_objects,own_local,cycle,10,277909,27790.9,17203200
66,23,create_read_destroy,std_shared,asset,100000,1524315,15.24315,65000400000
66,24,async_queue_job_64_local_copies,std_shared,job,100,299306,2993.06,150400
66,25,scene_4096_attachments,std_shared,attachment,98304,1330589,13.5354512533,98304
66,26,group_setup_then_64_copies,own_local,group,1562,111062,71.1024327785,2349248
66,27,async_queue_job_64_borrow_reads,own_shared_then_local_view,job,100,56702,567.02,150400
66,28,group_setup_then_8_copies,std_shared,group,12500,2113430,169.0744,2350000
66,29,async_queue_job_1024_local_copies,own_local,job,100,316930,3169.3,2406400
66,30,async_queue_job_1_local_copies,own_local,job,100,46570,465.7,2000
66,31,async_queue_job_1024_local_copies,std_shared,job,100,2475017,24750.17,2406400
66,32,async_queue_job_1024_borrow_reads,std_shared_then_raw_borrow,job,100,141649,1416.49,2406400
66,33,copy_read_drop,own_shared,copy,100000,1506074,15.06074,2350000
66,34,scene_4096_attachments,own_local,attachment,98304,139301,1.41704305013,98304
66,35,weak_lock_expired,own_shared,lock,100000,69193,0.69193,0
66,36,frame_4096_draws_64_unique_leases,own_shared,frame,24,85385,3557.70833333,41287680
66,37,async_queue_job_1_local_copies,std_shared,job,100,63779,637.79,2000
66,38,weak_lock_live,own_shared,lock,100000,2070709,20.70709,2350000
66,39,copy_read_drop,own_local,copy,100000,106320,1.0632,2350000
66,40,share_read_drop,own_shared,handoff,100000,1609553,16.09553,2350000
66,41,resource_lifecycle_64_assets_4096_objects,std_shared,cycle,10,516709,51670.9,17203200
66,42,group_setup_then_1024_copies,std_shared,group,97,2147072,22134.7628866,2334208
66,43,owner_retained_borrow_copy_read,std_raw_borrow,read,100000,30226,0.30226,2350000
66,44,independent_owner_parameter,own_local,call,100000,125142,1.25142,2350000
66,45,copy_read_drop,std_shared,copy,100000,2099254,20.99254,2350000
66,46,frame_4096_draws_64_unique_leases,std_shared,frame,24,91091,3795.45833333,41287680
66,47,weak_lock_live,std_shared,lock,100000,1869379,18.69379,2350000
66,48,borrow_read,raw_borrow,read,100000,35194,0.35194,2350000
66,49,group_setup_then_1_copies,own_local,group,100000,1871463,18.71463,2000000
66,50,localize_read_drop,own_local,group,100000,3092588,30.92588,2350000
66,51,weak_lock_expired,std_shared,lock,100000,107221,1.07221,0
66,52,independent_owner_parameter,own_shared,call,100000,1571525,15.71525,2350000
66,53,resettable_root_pin_1024_borrow_reads,own_shared_pin_local_view,scope,97,79627,820.896907216,2334208
66,54,async_queue_job_64_local_copies,own_local,job,100,1388375,13883.75,150400
66,55,owner_retained_4096_draw_borrows,std_raw_borrow,frame,24,55199,2299.95833333,41287680
67,0,async_queue_job_1024_borrow_reads,own_shared_then_local_view,job,100,147882,1478.82,2406400
67,1,resettable_root_pin_1024_borrow_reads,std_shared_pin_raw_borrow,scope,97,39913,411.474226804,2334208
67,2,group_setup_then_1024_copies,own_local,group,97,98962,1020.22680412,2334208
67,3,independent_owner_parameter,own_shared,call,100000,1467698,14.67698,2350000
67,4,borrow_read,raw_borrow,read,100000,39483,0.39483,2350000
67,5,resettable_root_pin_1024_borrow_reads,own_shared_pin_local_view,scope,97,35080,361.649484536,2334208
67,6,independent_owner_parameter,std_shared,call,100000,1835151,18.35151,2350000
67,7,owner_retained_borrow_copy_read,std_raw_borrow,read,100000,32528,0.32528,2350000
67,8,frame_4096_draws_64_unique_leases,own_shared,frame,24,97642,4068.41666667,41287680
67,9,owner_retained_4096_parameter_borrows,own_local_view,frame,24,83397,3474.875,41287680
67,10,group_setup_then_8_copies,std_shared,group,12500,2037437,162.99496,2350000
67,11,async_queue_job_1_local_copies,std_shared,job,100,58251,582.51,2000
67,12,owner_retained_4096_draw_borrows,std_raw_borrow,frame,24,47175,1965.625,41287680
67,13,localize_read_drop,std_shared,group,100000,1481919,14.81919,2350000
67,14,contended_copy_2_workers,std_shared,copy,200000,14961677,74.808385,4700000
67,15,localize_read_drop,own_local,group,100000,1313391,13.13391,2350000
67,16,async_queue_job_64_borrow_reads,std_shared_then_raw_borrow,job,100,54850,548.5,150400
67,17,frame_4096_draws_64_unique_leases,std_shared,frame,24,88251,3677.125,41287680
67,18,owner_retained_borrow_copy_read,own_local_view,read,100000,30114,0.30114,2350000
67,19,group_setup_then_64_copies,std_shared,group,1562,1734884,1110.68117798,2349248
67,20,async_queue_job_64_local_copies,own_local,job,100,68225,682.25,150400
67,21,resource_lifecycle_64_assets_4096_objects,std_shared,cycle,10,534151,53415.1,17203200
67,22,group_setup_then_1_copies,std_shared,group,100000,3350348,33.50348,2000000
67,23,async_queue_job_64_local_copies,std_shared,job,100,282800,2828,150400
67,24,owner_retained_borrow_parameter,own_local_view,call,100000,87308,0.87308,2350000
67,25,resource_lifecycle_64_assets_4096_objects,own_local,cycle,10,197968,19796.8,17203200
67,26,async_queue_job_1_borrow_reads,std_shared_then_raw_borrow,job,100,67139,671.39,2000
67,27,group_setup_then_8_copies,own_local,group,12500,299487,23.95896,2350000
67,28,async_queue_job_1_local_copies,own_local,job,100,59463,594.63,2000
67,29,weak_lock_live,own_shared,lock,100000,1601235,16.01235,2350000
67,30,scene_4096_attachments,std_shared,attachment,98304,1042670,10.6065877279,98304
67,31,create_read_destroy,std_shared,asset,100000,1328657,13.28657,65000400000
67,32,owner_retained_4096_parameter_borrows,std_raw_borrow,frame,24,84422,3517.58333333,41287680
67,33,weak_lock_expired,own_shared,lock,100000,72732,0.72732,0
67,34,copy_read_drop,own_shared,copy,100000,1295799,12.95799,2350000
67,35,create_read_destroy,own_local,asset,100000,1906282,19.06282,65000400000
67,36,create_read_destroy,own_shared,asset,100000,1797022,17.97022,65000400000
67,37,group_setup_then_64_copies,own_local,group,1562,259603,166.199103713,2349248
67,38,share_read_drop,own_shared,handoff,100000,1131588,11.31588,2350000
67,39,contended_copy_2_workers,own_shared,copy,200000,7922152,39.61076,4700000
67,40,async_queue_job_1_borrow_reads,own_shared_then_local_view,job,100,48905,489.05,2000
67,41,scene_4096_attachments,own_local,attachment,98304,156520,1.59220377604,98304
67,42,independent_owner_parameter,own_local,call,100000,111933,1.11933,2350000
67,43,owner_retained_borrow_parameter,std_raw_borrow,call,100000,61746,0.61746,2350000
67,44,async_queue_job_1024_local_copies,std_shared,job,100,2707892,27078.92,2406400
67,45,owner_retained_4096_draw_borrows,own_local_view,frame,24,48621,2025.875,41287680
67,46,share_read_drop,std_shared,handoff,100000,1472072,14.72072,2350000
67,47,group_setup_then_1024_copies,std_shared,group,97,1664402,17158.7835052,2334208
67,48,copy_read_drop,own_local,copy,100000,105861,1.05861,2350000
67,49,copy_read_drop,std_shared,copy,100000,1653899,16.53899,2350000
67,50,weak_lock_live,std_shared,lock,100000,1704412,17.04412,2350000
67,51,weak_lock_expired,std_shared,lock,100000,77028,0.77028,0
67,52,async_queue_job_1024_borrow_reads,std_shared_then_raw_borrow,job,100,170260,1702.6,2406400
67,53,async_queue_job_64_borrow_reads,own_shared_then_local_view,job,100,64966,649.66,150400
67,54,group_setup_then_1_copies,own_local,group,100000,1360217,13.60217,2000000
67,55,async_queue_job_1024_local_copies,own_local,job,100,381748,3817.48,2406400
68,0,async_queue_job_1_borrow_reads,own_shared_then_local_view,job,100,56984,569.84,2000
68,1,frame_4096_draws_64_unique_leases,own_shared,frame,24,90025,3751.04166667,41287680
68,2,independent_owner_parameter,own_shared,call,100000,1488985,14.88985,2350000
68,3,weak_lock_live,std_shared,lock,100000,1679193,16.79193,2350000
68,4,copy_read_drop,std_shared,copy,100000,1718290,17.1829,2350000
68,5,async_queue_job_64_local_copies,std_shared,job,100,286527,2865.27,150400
68,6,async_queue_job_1024_borrow_reads,own_shared_then_local_view,job,100,115374,1153.74,2406400
68,7,group_setup_then_1024_copies,std_shared,group,97,1698182,17507.0309278,2334208
68,8,resettable_root_pin_1024_borrow_reads,std_shared_pin_raw_borrow,scope,97,32275,332.731958763,2334208
68,9,weak_lock_live,own_shared,lock,100000,1494511,14.94511,2350000
68,10,copy_read_drop,own_local,copy,100000,104363,1.04363,2350000
68,11,owner_retained_borrow_copy_read,own_local_view,read,100000,31079,0.31079,2350000
68,12,scene_4096_attachments,own_local,attachment,98304,145230,1.47735595703,98304
68,13,async_queue_job_1_borrow_reads,std_shared_then_raw_borrow,job,100,57404,574.04,2000
68,14,async_queue_job_1024_local_copies,std_shared,job,100,2555541,25555.41,2406400
68,15,group_setup_then_1_copies,own_local,group,100000,1872361,18.72361,2000000
68,16,independent_owner_parameter,std_shared,call,100000,1734303,17.34303,2350000
68,17,resource_lifecycle_64_assets_4096_objects,own_local,cycle,10,205041,20504.1,17203200
68,18,share_read_drop,own_shared,handoff,100000,1131536,11.31536,2350000
68,19,owner_retained_borrow_parameter,std_raw_borrow,call,100000,59940,0.5994,2350000
68,20,async_queue_job_64_borrow_reads,own_shared_then_local_view,job,100,54687,546.87,150400
68,21,create_read_destroy,own_shared,asset,100000,1797222,17.97222,65000400000
68,22,group_setup_then_8_copies,std_shared,group,12500,1872706,149.81648,2350000
68,23,contended_copy_2_workers,std_shared,copy,200000,11057107,55.285535,4700000
68,24,localize_read_drop,std_shared,group,100000,1493123,14.93123,2350000
68,25,contended_copy_2_workers,own_shared,copy,200000,8685251,43.426255,4700000
68,26,group_setup_then_1_copies,std_shared,group,100000,3347132,33.47132,2000000
68,27,group_setup_then_8_copies,own_local,group,12500,271937,21.75496,2350000
68,28,async_queue_job_64_borrow_reads,std_shared_then_raw_borrow,job,100,244586,2445.86,150400
68,29,share_read_drop,std_shared,handoff,100000,1490361,14.90361,2350000
68,30,owner_retained_4096_parameter_borrows,own_local_view,frame,24,79475,3311.45833333,41287680
68,31,owner_retained_4096_draw_borrows,own_local_view,frame,24,47050,1960.41666667,41287680
68,32,owner_retained_4096_draw_borrows,std_raw_borrow,frame,24,50439,2101.625,41287680
68,33,scene_4096_attachments,std_shared,attachment,98304,958712,9.75252278646,98304
68,34,copy_read_drop,own_shared,copy,100000,1359231,13.59231,2350000
68,35,async_queue_job_64_local_copies,own_local,job,100,126322,1263.22,150400
68,36,owner_retained_4096_parameter_borrows,std_raw_borrow,frame,24,76517,3188.20833333,41287680
68,37,resource_lifecycle_64_assets_4096_objects,std_shared,cycle,10,553260,55326,17203200
68,38,weak_lock_expired,own_shared,lock,100000,70708,0.70708,0
68,39,create_read_destroy,own_local,asset,100000,1926202,19.26202,65000400000
68,40,async_queue_job_1024_borrow_reads,std_shared_then_raw_borrow,job,100,103491,1034.91,2406400
68,41,async_queue_job_1_local_copies,own_local,job,100,54394,543.94,2000
68,42,resettable_root_pin_1024_borrow_reads,own_shared_pin_local_view,scope,97,31340,323.092783505,2334208
68,43,group_setup_then_64_copies,own_local,group,1562,125688,80.4660691421,2349248
68,44,localize_read_drop,own_local,group,100000,1302025,13.02025,2350000
68,45,owner_retained_borrow_parameter,own_local_view,call,100000,64727,0.64727,2350000
68,46,create_read_destroy,std_shared,asset,100000,1247881,12.47881,65000400000
68,47,owner_retained_borrow_copy_read,std_raw_borrow,read,100000,30627,0.30627,2350000
68,48,group_setup_then_1024_copies,own_local,group,97,86897,895.845360825,2334208
68,49,frame_4096_draws_64_unique_leases,std_shared,frame,24,83578,3482.41666667,41287680
68,50,weak_lock_expired,std_shared,lock,100000,77073,0.77073,0
68,51,async_queue_job_1_local_copies,std_shared,job,100,97873,978.73,2000
68,52,group_setup_then_64_copies,std_shared,group,1562,1739436,1113.59539052,2349248
68,53,borrow_read,raw_borrow,read,100000,35258,0.35258,2350000
68,54,independent_owner_parameter,own_local,call,100000,112769,1.12769,2350000
68,55,async_queue_job_1024_local_copies,own_local,job,100,428568,4285.68,2406400
69,0,owner_retained_borrow_parameter,std_raw_borrow,call,100000,63998,0.63998,2350000
69,1,share_read_drop,std_shared,handoff,100000,1471836,14.71836,2350000
69,2,resource_lifecycle_64_assets_4096_objects,own_local,cycle,10,210614,21061.4,17203200
69,3,group_setup_then_1_copies,own_local,group,100000,1372184,13.72184,2000000
69,4,async_queue_job_1024_borrow_reads,std_shared_then_raw_borrow,job,100,176746,1767.46,2406400
69,5,resettable_root_pin_1024_borrow_reads,std_shared_pin_raw_borrow,scope,97,31619,325.969072165,2334208
69,6,async_queue_job_1024_local_copies,std_shared,job,100,2480386,24803.86,2406400
69,7,resettable_root_pin_1024_borrow_reads,own_shared_pin_local_view,scope,97,34613,356.835051546,2334208
69,8,async_queue_job_64_borrow_reads,std_shared_then_raw_borrow,job,100,118549,1185.49,150400
69,9,localize_read_drop,std_shared,group,100000,1498084,14.98084,2350000
69,10,async_queue_job_1024_local_copies,own_local,job,100,340885,3408.85,2406400
69,11,async_queue_job_64_local_copies,std_shared,job,100,279358,2793.58,150400
69,12,create_read_destroy,std_shared,asset,100000,1180816,11.80816,65000400000
69,13,share_read_drop,own_shared,handoff,100000,1130512,11.30512,2350000
69,14,weak_lock_live,own_shared,lock,100000,1515028,15.15028,2350000
69,15,group_setup_then_1024_copies,std_shared,group,97,1652256,17033.5670103,2334208
69,16,weak_lock_expired,std_shared,lock,100000,88157,0.88157,0
69,17,weak_lock_live,std_shared,lock,100000,1695333,16.95333,2350000
69,18,independent_owner_parameter,own_shared,call,100000,1307401,13.07401,2350000
69,19,async_queue_job_1_borrow_reads,own_shared_then_local_view,job,100,89000,890,2000
69,20,owner_retained_borrow_parameter,own_local_view,call,100000,60043,0.60043,2350000
69,21,frame_4096_draws_64_unique_leases,own_shared,frame,24,93603,3900.125,41287680
69,22,group_setup_then_8_copies,std_shared,group,12500,1903460,152.2768,2350000
69,23,weak_lock_expired,own_shared,lock,100000,68586,0.68586,0
69,24,async_queue_job_1_local_copies,own_local,job,100,87174,871.74,2000
69,25,owner_retained_4096_draw_borrows,own_local_view,frame,24,47742,1989.25,41287680
69,26,group_setup_then_1024_copies,own_local,group,97,87809,905.24742268,2334208
69,27,create_read_destroy,own_local,asset,100000,1920230,19.2023,65000400000
69,28,group_setup_then_8_copies,own_local,group,12500,225945,18.0756,2350000
69,29,scene_4096_attachments,own_local,attachment,98304,140509,1.42933146159,98304
69,30,group_setup_then_64_copies,own_local,group,1562,116198,74.390524968,2349248
69,31,owner_retained_4096_parameter_borrows,own_local_view,frame,24,88376,3682.33333333,41287680
69,32,resource_lifecycle_64_assets_4096_objects,std_shared,cycle,10,504629,50462.9,17203200
69,33,owner_retained_4096_parameter_borrows,std_raw_borrow,frame,24,79977,3332.375,41287680
69,34,scene_4096_attachments,std_shared,attachment,98304,930070,9.46116129557,98304
69,35,borrow_read,raw_borrow,read,100000,35282,0.35282,2350000
69,36,async_queue_job_1_borrow_reads,std_shared_then_raw_borrow,job,100,70015,700.15,2000
69,37,copy_read_drop,std_shared,copy,100000,1665816,16.65816,2350000
69,38,independent_owner_parameter,own_local,call,100000,112585,1.12585,2350000
69,39,create_read_destroy,own_shared,asset,100000,1768304,17.68304,65000400000
69,40,owner_retained_borrow_copy_read,own_local_view,read,100000,31495,0.31495,2350000
69,41,async_queue_job_64_borrow_reads,own_shared_then_local_view,job,100,102177,1021.77,150400
69,42,owner_retained_4096_draw_borrows,std_raw_borrow,frame,24,47031,1959.625,41287680
69,43,frame_4096_draws_64_unique_leases,std_shared,frame,24,84460,3519.16666667,41287680
69,44,async_queue_job_1_local_copies,std_shared,job,100,73024,730.24,2000
69,45,async_queue_job_1024_borrow_reads,own_shared_then_local_view,job,100,101053,1010.53,2406400
69,46,copy_read_drop,own_shared,copy,100000,1326491,13.26491,2350000
69,47,contended_copy_2_workers,own_shared,copy,200000,5129807,25.649035,4700000
69,48,contended_copy_2_workers,std_shared,copy,200000,10062088,50.31044,4700000
69,49,group_setup_then_64_copies,std_shared,group,1562,1694670,1084.93597951,2349248
69,50,localize_read_drop,own_local,group,100000,1300350,13.0035,2350000
69,51,independent_owner_parameter,std_shared,call,100000,1665145,16.65145,2350000
69,52,owner_retained_borrow_copy_read,std_raw_borrow,read,100000,30614,0.30614,2350000
69,53,async_queue_job_64_local_copies,own_local,job,100,112178,1121.78,150400
69,54,copy_read_drop,own_local,copy,100000,106317,1.06317,2350000
69,55,group_setup_then_1_copies,std_shared,group,100000,3339351,33.39351,2000000
70,0,group_setup_then_64_copies,std_shared,group,1562,1687876,1080.58642766,2349248
70,1,async_queue_job_64_local_copies,std_shared,job,100,359437,3594.37,150400
70,2,group_setup_then_1_copies,own_local,group,100000,1375826,13.75826,2000000
70,3,weak_lock_live,own_shared,lock,100000,1499363,14.99363,2350000
70,4,async_queue_job_64_local_copies,own_local,job,100,72899,728.99,150400
70,5,owner_retained_borrow_copy_read,std_raw_borrow,read,100000,30081,0.30081,2350000
70,6,owner_retained_4096_parameter_borrows,std_raw_borrow,frame,24,77407,3225.29166667,41287680
70,7,owner_retained_4096_draw_borrows,std_raw_borrow,frame,24,46769,1948.70833333,41287680
70,8,frame_4096_draws_64_unique_leases,own_shared,frame,24,87445,3643.54166667,41287680
70,9,owner_retained_borrow_copy_read,own_local_view,read,100000,29989,0.29989,2350000
70,10,async_queue_job_1024_borrow_reads,std_shared_then_raw_borrow,job,100,126859,1268.59,2406400
70,11,owner_retained_4096_parameter_borrows,own_local_view,frame,24,76978,3207.41666667,41287680
70,12,async_queue_job_1_borrow_reads,own_shared_then_local_view,job,100,53107,531.07,2000
70,13,independent_owner_parameter,own_local,call,100000,112073,1.12073,2350000
70,14,scene_4096_attachments,own_local,attachment,98304,138109,1.40491739909,98304
70,15,resettable_root_pin_1024_borrow_reads,own_shared_pin_local_view,scope,97,31337,323.06185567,2334208
70,16,async_queue_job_1024_local_copies,own_local,job,100,365276,3652.76,2406400
70,17,async_queue_job_64_borrow_reads,std_shared_then_raw_borrow,job,100,61560,615.6,150400
70,18,independent_owner_parameter,std_shared,call,100000,1664585,16.64585,2350000
70,19,create_read_destroy,own_local,asset,100000,1895960,18.9596,65000400000
70,20,localize_read_drop,own_local,group,100000,1275389,12.75389,2350000
70,21,create_read_destroy,std_shared,asset,100000,1213169,12.13169,65000400000
70,22,resource_lifecycle_64_assets_4096_objects,std_shared,cycle,10,552563,55256.3,17203200
70,23,create_read_destroy,own_shared,asset,100000,1771178,17.71178,65000400000
70,24,weak_lock_live,std_shared,lock,100000,1681434,16.81434,2350000
70,25,owner_retained_4096_draw_borrows,own_local_view,frame,24,47250,1968.75,41287680
70,26,share_read_drop,own_shared,handoff,100000,1128031,11.28031,2350000
70,27,resource_lifecycle_64_assets_4096_objects,own_local,cycle,10,189324,18932.4,17203200
70,28,async_queue_job_1_borrow_reads,std_shared_then_raw_borrow,job,100,55752,557.52,2000
70,29,group_setup_then_64_copies,own_local,group,1562,122776,78.6017925736,2349248
70,30,async_queue_job_64_borrow_reads,own_shared_then_local_view,job,100,56861,568.61,150400
70,31,group_setup_then_8_copies,std_shared,group,12500,1889775,151.182,2350000
70,32,group_setup_then_1_copies,std_shared,group,100000,3329143,33.29143,2000000
70,33,contended_copy_2_workers,std_shared,copy,200000,14750793,73.753965,4700000
70,34,frame_4096_draws_64_unique_leases,std_shared,frame,24,87224,3634.33333333,41287680
70,35,group_setup_then_8_copies,own_local,group,12500,272200,21.776,2350000
70,36,async_queue_job_1024_local_copies,std_shared,job,100,2754459,27544.59,2406400
70,37,copy_read_drop,own_shared,copy,100000,1875316,18.75316,2350000
70,38,weak_lock_expired,std_shared,lock,100000,77227,0.77227,0
70,39,group_setup_then_1024_copies,own_local,group,97,87860,905.773195876,2334208
70,40,resettable_root_pin_1024_borrow_reads,std_shared_pin_raw_borrow,scope,97,31709,326.896907216,2334208
70,41,group_setup_then_1024_copies,std_shared,group,97,1702122,17547.6494845,2334208
70,42,borrow_read,raw_borrow,read,100000,35271,0.35271,2350000
70,43,scene_4096_attachments,std_shared,attachment,98304,941536,9.57779947917,98304
70,44,independent_owner_parameter,own_shared,call,100000,1303973,13.03973,2350000
70,45,owner_retained_borrow_parameter,std_raw_borrow,call,100000,64521,0.64521,2350000
70,46,contended_copy_2_workers,own_shared,copy,200000,8068203,40.341015,4700000
70,47,owner_retained_borrow_parameter,own_local_view,call,100000,60208,0.60208,2350000
70,48,async_queue_job_1_local_copies,std_shared,job,100,81159,811.59,2000
70,49,localize_read_drop,std_shared,group,100000,1480857,14.80857,2350000
70,50,weak_lock_expired,own_shared,lock,100000,68834,0.68834,0
70,51,copy_read_drop,std_shared,copy,100000,1698511,16.98511,2350000
70,52,copy_read_drop,own_local,copy,100000,106836,1.06836,2350000
70,53,share_read_drop,std_shared,handoff,100000,1482176,14.82176,2350000
70,54,async_queue_job_1_local_copies,own_local,job,100,64392,643.92,2000
70,55,async_queue_job_1024_borrow_reads,own_shared_then_local_view,job,100,119889,1198.89,2406400
71,0,borrow_read,raw_borrow,read,100000,48636,0.48636,2350000
71,1,group_setup_then_1024_copies,own_local,group,97,89196,919.546391753,2334208
71,2,independent_owner_parameter,std_shared,call,100000,1646040,16.4604,2350000
71,3,async_queue_job_64_borrow_reads,std_shared_then_raw_borrow,job,100,63529,635.29,150400
71,4,independent_owner_parameter,own_shared,call,100000,1338757,13.38757,2350000
71,5,owner_retained_4096_draw_borrows,own_local_view,frame,24,53922,2246.75,41287680
71,6,owner_retained_borrow_parameter,own_local_view,call,100000,59943,0.59943,2350000
71,7,scene_4096_attachments,own_local,attachment,98304,147081,1.49618530273,98304
71,8,owner_retained_4096_parameter_borrows,std_raw_borrow,frame,24,81129,3380.375,41287680
71,9,async_queue_job_1024_borrow_reads,std_shared_then_raw_borrow,job,100,124074,1240.74,2406400
71,10,group_setup_then_8_copies,std_shared,group,12500,1888520,151.0816,2350000
71,11,localize_read_drop,std_shared,group,100000,1495751,14.95751,2350000
71,12,resettable_root_pin_1024_borrow_reads,own_shared_pin_local_view,scope,97,31382,323.525773196,2334208
71,13,async_queue_job_64_local_copies,own_local,job,100,107808,1078.08,150400
71,14,async_queue_job_64_local_copies,std_shared,job,100,275652,2756.52,150400
71,15,frame_4096_draws_64_unique_leases,own_shared,frame,24,90190,3757.91666667,41287680
71,16,owner_retained_4096_parameter_borrows,own_local_view,frame,24,77013,3208.875,41287680
71,17,group_setup_then_1024_copies,std_shared,group,97,1669342,17209.7113402,2334208
71,18,async_queue_job_1_borrow_reads,std_shared_then_raw_borrow,job,100,68069,680.69,2000
71,19,owner_retained_borrow_parameter,std_raw_borrow,call,100000,61701,0.61701,2350000
71,20,group_setup_then_1_copies,own_local,group,100000,1376733,13.76733,2000000
71,21,contended_copy_2_workers,std_shared,copy,200000,15568555,77.842775,4700000
71,22,owner_retained_borrow_copy_read,own_local_view,read,100000,32358,0.32358,2350000
71,23,localize_read_drop,own_local,group,100000,1290380,12.9038,2350000
71,24,group_setup_then_64_copies,own_local,group,1562,114475,73.2874519846,2349248
71,25,resource_lifecycle_64_assets_4096_objects,own_local,cycle,10,227645,22764.5,17203200
71,26,weak_lock_expired,own_shared,lock,100000,70843,0.70843,0
71,27,async_queue_job_1024_local_copies,std_shared,job,100,2503325,25033.25,2406400
71,28,weak_lock_live,own_shared,lock,100000,1529811,15.29811,2350000
71,29,resettable_root_pin_1024_borrow_reads,std_shared_pin_raw_borrow,scope,97,32343,333.432989691,2334208
71,30,group_setup_then_8_copies,own_local,group,12500,279645,22.3716,2350000
71,31,independent_owner_parameter,own_local,call,100000,111789,1.11789,2350000
71,32,group_setup_then_64_copies,std_shared,group,1562,2206412,1412.55569782,2349248
71,33,frame_4096_draws_64_unique_leases,std_shared,frame,24,142555,5939.79166667,41287680
71,34,async_queue_job_1_local_copies,std_shared,job,100,60279,602.79,2000
71,35,owner_retained_borrow_copy_read,std_raw_borrow,read,100000,75467,0.75467,2350000
71,36,create_read_destroy,own_shared,asset,100000,1800048,18.00048,65000400000
71,37,async_queue_job_1_borrow_reads,own_shared_then_local_view,job,100,79214,792.14,2000
71,38,copy_read_drop,own_local,copy,100000,105935,1.05935,2350000
71,39,weak_lock_expired,std_shared,lock,100000,77197,0.77197,0
71,40,resource_lifecycle_64_assets_4096_objects,std_shared,cycle,10,518436,51843.6,17203200
71,41,create_read_destroy,own_local,asset,100000,2777469,27.77469,65000400000
71,42,async_queue_job_1024_local_copies,own_local,job,100,314007,3140.07,2406400
71,43,create_read_destroy,std_shared,asset,100000,1229085,12.29085,65000400000
71,44,group_setup_then_1_copies,std_shared,group,100000,3182178,31.82178,2000000
71,45,share_read_drop,own_shared,handoff,100000,1122713,11.22713,2350000
71,46,async_queue_job_1024_borrow_reads,own_shared_then_local_view,job,100,108218,1082.18,2406400
71,47,async_queue_job_64_borrow_reads,own_shared_then_local_view,job,100,90431,904.31,150400
71,48,share_read_drop,std_shared,handoff,100000,1503257,15.03257,2350000
71,49,contended_copy_2_workers,own_shared,copy,200000,8415244,42.07622,4700000
71,50,copy_read_drop,own_shared,copy,100000,1303631,13.03631,2350000
71,51,async_queue_job_1_local_copies,own_local,job,100,57486,574.86,2000
71,52,scene_4096_attachments,std_shared,attachment,98304,962683,9.79291788737,98304
71,53,weak_lock_live,std_shared,lock,100000,1679615,16.79615,2350000
71,54,owner_retained_4096_draw_borrows,std_raw_borrow,frame,24,51049,2127.04166667,41287680
71,55,copy_read_drop,std_shared,copy,100000,1646786,16.46786,2350000
72,0,async_queue_job_64_borrow_reads,std_shared_then_raw_borrow,job,100,68962,689.62,150400
72,1,resettable_root_pin_1024_borrow_reads,std_shared_pin_raw_borrow,scope,97,36140,372.577319588,2334208
72,2,owner_retained_4096_draw_borrows,own_local_view,frame,24,50272,2094.66666667,41287680
72,3,async_queue_job_1_borrow_reads,own_shared_then_local_view,job,100,54296,542.96,2000
72,4,localize_read_drop,std_shared,group,100000,1498650,14.9865,2350000
72,5,independent_owner_parameter,own_shared,call,100000,1310421,13.10421,2350000
72,6,async_queue_job_1_local_copies,own_local,job,100,68167,681.67,2000
72,7,async_queue_job_64_local_copies,own_local,job,100,87828,878.28,150400
72,8,group_setup_then_1024_copies,own_local,group,97,88326,910.577319588,2334208
72,9,owner_retained_borrow_parameter,own_local_view,call,100000,60262,0.60262,2350000
72,10,group_setup_then_1_copies,own_local,group,100000,1370194,13.70194,2000000
72,11,async_queue_job_1024_local_copies,std_shared,job,100,2873700,28737,2406400
72,12,localize_read_drop,own_local,group,100000,1515964,15.15964,2350000
72,13,contended_copy_2_workers,std_shared,copy,200000,15831929,79.159645,4700000
72,14,group_setup_then_1_copies,std_shared,group,100000,3064202,30.64202,2000000
72,15,weak_lock_expired,own_shared,lock,100000,69788,0.69788,0
72,16,scene_4096_attachments,own_local,attachment,98304,140135,1.42552693685,98304
72,17,copy_read_drop,std_shared,copy,100000,1662353,16.62353,2350000
72,18,group_setup_then_8_copies,std_shared,group,12500,1874756,149.98048,2350000
72,19,weak_lock_live,std_shared,lock,100000,1697199,16.97199,2350000
72,20,independent_owner_parameter,own_local,call,100000,112828,1.12828,2350000
72,21,contended_copy_2_workers,own_shared,copy,200000,8406501,42.032505,4700000
72,22,borrow_read,raw_borrow,read,100000,35227,0.35227,2350000
72,23,weak_lock_live,own_shared,lock,100000,1478054,14.78054,2350000
72,24,weak_lock_expired,std_shared,lock,100000,77052,0.77052,0
72,25,async_queue_job_1_local_copies,std_shared,job,100,53667,536.67,2000
72,26,owner_retained_borrow_copy_read,own_local_view,read,100000,32326,0.32326,2350000
72,27,async_queue_job_1024_local_copies,own_local,job,100,333041,3330.41,2406400
72,28,group_setup_then_1024_copies,std_shared,group,97,1658749,17100.5051546,2334208
72,29,resource_lifecycle_64_assets_4096_objects,own_local,cycle,10,225097,22509.7,17203200
72,30,share_read_drop,std_shared,handoff,100000,1463323,14.63323,2350000
72,31,owner_retained_4096_draw_borrows,std_raw_borrow,frame,24,51416,2142.33333333,41287680
72,32,group_setup_then_64_copies,std_shared,group,1562,1710241,1094.90460948,2349248
72,33,owner_retained_4096_parameter_borrows,std_raw_borrow,frame,24,76312,3179.66666667,41287680
72,34,create_read_destroy,own_shared,asset,100000,1776361,17.76361,65000400000
72,35,resource_lifecycle_64_assets_4096_objects,std_shared,cycle,10,501106,50110.6,17203200
72,36,async_queue_job_1024_borrow_reads,own_shared_then_local_view,job,100,127843,1278.43,2406400
72,37,owner_retained_borrow_parameter,std_raw_borrow,call,100000,61727,0.61727,2350000
72,38,copy_read_drop,own_local,copy,100000,119439,1.19439,2350000
72,39,async_queue_job_1_borrow_reads,std_shared_then_raw_borrow,job,100,55888,558.88,2000
72,40,scene_4096_attachments,std_shared,attachment,98304,1027677,10.4540710449,98304
72,41,independent_owner_parameter,std_shared,call,100000,1779275,17.79275,2350000
72,42,async_queue_job_64_borrow_reads,own_shared_then_local_view,job,100,92303,923.03,150400
72,43,resettable_root_pin_1024_borrow_reads,own_shared_pin_local_view,scope,97,33870,349.175257732,2334208
72,44,async_queue_job_1024_borrow_reads,std_shared_then_raw_borrow,job,100,184181,1841.81,2406400
72,45,copy_read_drop,own_shared,copy,100000,1381650,13.8165,2350000
72,46,frame_4096_draws_64_unique_leases,std_shared,frame,24,101148,4214.5,41287680
72,47,share_read_drop,own_shared,handoff,100000,1127368,11.27368,2350000
72,48,create_read_destroy,std_shared,asset,100000,1236187,12.36187,65000400000
72,49,frame_4096_draws_64_unique_leases,own_shared,frame,24,91042,3793.41666667,41287680
72,50,owner_retained_borrow_copy_read,std_raw_borrow,read,100000,30037,0.30037,2350000
72,51,group_setup_then_8_copies,own_local,group,12500,283921,22.71368,2350000
72,52,owner_retained_4096_parameter_borrows,own_local_view,frame,24,86766,3615.25,41287680
72,53,group_setup_then_64_copies,own_local,group,1562,120654,77.2432778489,2349248
72,54,create_read_destroy,own_local,asset,100000,2109286,21.09286,65000400000
72,55,async_queue_job_64_local_copies,std_shared,job,100,365775,3657.75,150400
73,0,resource_lifecycle_64_assets_4096_objects,own_local,cycle,10,212238,21223.8,17203200
73,1,async_queue_job_1024_local_copies,own_local,job,100,344961,3449.61,2406400
73,2,async_queue_job_64_borrow_reads,own_shared_then_local_view,job,100,70830,708.3,150400
73,3,group_setup_then_8_copies,own_local,group,12500,307649,24.61192,2350000
73,4,scene_4096_attachments,std_shared,attachment,98304,1005214,10.2255655924,98304
73,5,owner_retained_borrow_parameter,std_raw_borrow,call,100000,64217,0.64217,2350000
73,6,async_queue_job_64_local_copies,std_shared,job,100,259254,2592.54,150400
73,7,owner_retained_borrow_parameter,own_local_view,call,100000,64266,0.64266,2350000
73,8,create_read_destroy,std_shared,asset,100000,1220586,12.20586,65000400000
73,9,owner_retained_4096_parameter_borrows,own_local_view,frame,24,76240,3176.66666667,41287680
73,10,contended_copy_2_workers,std_shared,copy,200000,13655057,68.275285,4700000
73,11,group_setup_then_1024_copies,own_local,group,97,88306,910.371134021,2334208
73,12,contended_copy_2_workers,own_shared,copy,200000,8696530,43.48265,4700000
73,13,group_setup_then_1024_copies,std_shared,group,97,1685884,17380.2474227,2334208
73,14,async_queue_job_1_borrow_reads,std_shared_then_raw_borrow,job,100,51731,517.31,2000
73,15,independent_owner_parameter,std_shared,call,100000,1646742,16.46742,2350000
73,16,independent_owner_parameter,own_local,call,100000,117338,1.17338,2350000
73,17,async_queue_job_1024_borrow_reads,std_shared_then_raw_borrow,job,100,203690,2036.9,2406400
73,18,async_queue_job_64_borrow_reads,std_shared_then_raw_borrow,job,100,68549,685.49,150400
73,19,frame_4096_draws_64_unique_leases,std_shared,frame,24,94384,3932.66666667,41287680
73,20,group_setup_then_64_copies,own_local,group,1562,141273,90.4436619718,2349248
73,21,resettable_root_pin_1024_borrow_reads,std_shared_pin_raw_borrow,scope,97,31465,324.381443299,2334208
73,22,async_queue_job_1024_borrow_reads,own_shared_then_local_view,job,100,123568,1235.68,2406400
73,23,owner_retained_4096_draw_borrows,std_raw_borrow,frame,24,50547,2106.125,41287680
73,24,group_setup_then_1_copies,std_shared,group,100000,3348668,33.48668,2000000
73,25,localize_read_drop,own_local,group,100000,1303131,13.03131,2350000
73,26,weak_lock_expired,std_shared,lock,100000,77113,0.77113,0
73,27,share_read_drop,own_shared,handoff,100000,1125542,11.25542,2350000
73,28,weak_lock_live,std_shared,lock,100000,1674948,16.74948,2350000
73,29,localize_read_drop,std_shared,group,100000,1478028,14.78028,2350000
73,30,weak_lock_live,own_shared,lock,100000,1517317,15.17317,2350000
73,31,weak_lock_expired,own_shared,lock,100000,86041,0.86041,0
73,32,resettable_root_pin_1024_borrow_reads,own_shared_pin_local_view,scope,97,36511,376.402061856,2334208
73,33,borrow_read,raw_borrow,read,100000,51481,0.51481,2350000
73,34,async_queue_job_1_local_copies,std_shared,job,100,73831,738.31,2000
73,35,resource_lifecycle_64_assets_4096_objects,std_shared,cycle,10,512043,51204.3,17203200
73,36,create_read_destroy,own_local,asset,100000,1919839,19.19839,65000400000
73,37,async_queue_job_1_local_copies,own_local,job,100,65674,656.74,2000
73,38,group_setup_then_8_copies,std_shared,group,12500,1788759,143.10072,2350000
73,39,scene_4096_attachments,own_local,attachment,98304,148179,1.50735473633,98304
73,40,async_queue_job_1024_local_copies,std_shared,job,100,2429879,24298.79,2406400
73,41,owner_retained_borrow_copy_read,std_raw_borrow,read,100000,30138,0.30138,2350000
73,42,create_read_destroy,own_shared,asset,100000,1765394,17.65394,65000400000
73,43,copy_read_drop,own_local,copy,100000,111065,1.11065,2350000
73,44,frame_4096_draws_64_unique_leases,own_shared,frame,24,86072,3586.33333333,41287680
73,45,group_setup_then_64_copies,std_shared,group,1562,1691553,1082.94046095,2349248
73,46,async_queue_job_1_borrow_reads,own_shared_then_local_view,job,100,49526,495.26,2000
73,47,group_setup_then_1_copies,own_local,group,100000,1354234,13.54234,2000000
73,48,owner_retained_4096_draw_borrows,own_local_view,frame,24,52129,2172.04166667,41287680
73,49,owner_retained_4096_parameter_borrows,std_raw_borrow,frame,24,77426,3226.08333333,41287680
73,50,independent_owner_parameter,own_shared,call,100000,1316295,13.16295,2350000
73,51,share_read_drop,std_shared,handoff,100000,1474980,14.7498,2350000
73,52,async_queue_job_64_local_copies,own_local,job,100,61930,619.3,150400
73,53,copy_read_drop,std_shared,copy,100000,1650708,16.50708,2350000
73,54,copy_read_drop,own_shared,copy,100000,1312998,13.12998,2350000
73,55,owner_retained_borrow_copy_read,own_local_view,read,100000,32558,0.32558,2350000
74,0,borrow_read,raw_borrow,read,100000,34992,0.34992,2350000
74,1,weak_lock_live,std_shared,lock,100000,1674406,16.74406,2350000
74,2,create_read_destroy,own_shared,asset,100000,1775028,17.75028,65000400000
74,3,independent_owner_parameter,own_local,call,100000,123766,1.23766,2350000
74,4,resource_lifecycle_64_assets_4096_objects,own_local,cycle,10,197650,19765,17203200
74,5,async_queue_job_64_borrow_reads,std_shared_then_raw_borrow,job,100,96691,966.91,150400
74,6,async_queue_job_64_borrow_reads,own_shared_then_local_view,job,100,68629,686.29,150400
74,7,weak_lock_expired,own_shared,lock,100000,70655,0.70655,0
74,8,resettable_root_pin_1024_borrow_reads,own_shared_pin_local_view,scope,97,31221,321.865979381,2334208
74,9,group_setup_then_64_copies,own_local,group,1562,110676,70.8553137004,2349248
74,10,group_setup_then_1_copies,std_shared,group,100000,3330183,33.30183,2000000
74,11,async_queue_job_1_borrow_reads,std_shared_then_raw_borrow,job,100,62284,622.84,2000
74,12,group_setup_then_1024_copies,std_shared,group,97,1661457,17128.4226804,2334208
74,13,frame_4096_draws_64_unique_leases,own_shared,frame,24,86326,3596.91666667,41287680
74,14,copy_read_drop,own_shared,copy,100000,1309794,13.09794,2350000
74,15,resource_lifecycle_64_assets_4096_objects,std_shared,cycle,10,510326,51032.6,17203200
74,16,localize_read_drop,own_local,group,100000,1295058,12.95058,2350000
74,17,owner_retained_4096_draw_borrows,own_local_view,frame,24,52953,2206.375,41287680
74,18,async_queue_job_64_local_copies,own_local,job,100,341653,3416.53,150400
74,19,localize_read_drop,std_shared,group,100000,1478730,14.7873,2350000
74,20,create_read_destroy,own_local,asset,100000,2060891,20.60891,65000400000
74,21,independent_owner_parameter,std_shared,call,100000,1605454,16.05454,2350000
74,22,async_queue_job_64_local_copies,std_shared,job,100,431893,4318.93,150400
74,23,async_queue_job_1024_borrow_reads,own_shared_then_local_view,job,100,212601,2126.01,2406400
74,24,contended_copy_2_workers,own_shared,copy,200000,7440682,37.20341,4700000
74,25,owner_retained_4096_parameter_borrows,own_local_view,frame,24,82222,3425.91666667,41287680
74,26,async_queue_job_1024_borrow_reads,std_shared_then_raw_borrow,job,100,121638,1216.38,2406400
74,27,owner_retained_4096_draw_borrows,std_raw_borrow,frame,24,50355,2098.125,41287680
74,28,copy_read_drop,std_shared,copy,100000,1668947,16.68947,2350000
74,29,scene_4096_attachments,std_shared,attachment,98304,947717,9.64067586263,98304
74,30,owner_retained_borrow_parameter,std_raw_borrow,call,100000,64305,0.64305,2350000
74,31,async_queue_job_1024_local_copies,std_shared,job,100,2495427,24954.27,2406400
74,32,async_queue_job_1024_local_copies,own_local,job,100,369505,3695.05,2406400
74,33,owner_retained_borrow_copy_read,own_local_view,read,100000,32438,0.32438,2350000
74,34,async_queue_job_1_borrow_reads,own_shared_then_local_view,job,100,64493,644.93,2000
74,35,async_queue_job_1_local_copies,std_shared,job,100,47060,470.6,2000
74,36,scene_4096_attachments,own_local,attachment,98304,150286,1.5287882487,98304
74,37,frame_4096_draws_64_unique_leases,std_shared,frame,24,88913,3704.70833333,41287680
74,38,group_setup_then_1_copies,own_local,group,100000,1377775,13.77775,2000000
74,39,async_queue_job_1_local_copies,own_local,job,100,55911,559.11,2000
74,40,owner_retained_borrow_copy_read,std_raw_borrow,read,100000,30268,0.30268,2350000
74,41,copy_read_drop,own_local,copy,100000,105245,1.05245,2350000
74,42,group_setup_then_1024_copies,own_local,group,97,88324,910.556701031,2334208
74,43,group_setup_then_8_copies,own_local,group,12500,277517,22.20136,2350000
74,44,owner_retained_4096_parameter_borrows,std_raw_borrow,frame,24,76772,3198.83333333,41287680
74,45,weak_lock_live,own_shared,lock,100000,1506160,15.0616,2350000
74,46,contended_copy_2_workers,std_shared,copy,200000,17097227,85.486135,4700000
74,47,create_read_destroy,std_shared,asset,100000,1417918,14.17918,65000400000
74,48,weak_lock_expired,std_shared,lock,100000,77257,0.77257,0
74,49,resettable_root_pin_1024_borrow_reads,std_shared_pin_raw_borrow,scope,97,31968,329.567010309,2334208
74,50,owner_retained_borrow_parameter,own_local_view,call,100000,61773,0.61773,2350000
74,51,share_read_drop,own_shared,handoff,100000,1695160,16.9516,2350000
74,52,share_read_drop,std_shared,handoff,100000,1485673,14.85673,2350000
74,53,independent_owner_parameter,own_shared,call,100000,1310493,13.10493,2350000
74,54,group_setup_then_8_copies,std_shared,group,12500,1880678,150.45424,2350000
74,55,group_setup_then_64_copies,std_shared,group,1562,1706293,1092.37708067,2349248
75,0,independent_owner_parameter,own_local,call,100000,112086,1.12086,2350000
75,1,async_queue_job_1_local_copies,own_local,job,100,73034,730.34,2000
75,2,owner_retained_4096_parameter_borrows,std_raw_borrow,frame,24,80246,3343.58333333,41287680
75,3,weak_lock_expired,std_shared,lock,100000,77182,0.77182,0
75,4,scene_4096_attachments,std_shared,attachment,98304,976391,9.93236287435,98304
75,5,async_queue_job_64_borrow_reads,own_shared_then_local_view,job,100,64016,640.16,150400
75,6,frame_4096_draws_64_unique_leases,own_shared,frame,24,93855,3910.625,41287680
75,7,copy_read_drop,std_shared,copy,100000,1637302,16.37302,2350000
75,8,async_queue_job_1_local_copies,std_shared,job,100,258331,2583.31,2000
75,9,async_queue_job_1_borrow_reads,own_shared_then_local_view,job,100,52776,527.76,2000
75,10,async_queue_job_1024_local_copies,std_shared,job,100,2465327,24653.27,2406400
75,11,resettable_root_pin_1024_borrow_reads,own_shared_pin_local_view,scope,97,31795,327.783505155,2334208
75,12,owner_retained_borrow_parameter,own_local_view,call,100000,61765,0.61765,2350000
75,13,owner_retained_4096_draw_borrows,std_raw_borrow,frame,24,50291,2095.45833333,41287680
75,14,independent_owner_parameter,own_shared,call,100000,1333373,13.33373,2350000
75,15,weak_lock_live,std_shared,lock,100000,1713254,17.13254,2350000
75,16,weak_lock_expired,own_shared,lock,100000,70822,0.70822,0
75,17,owner_retained_borrow_copy_read,std_raw_borrow,read,100000,30134,0.30134,2350000
75,18,resource_lifecycle_64_assets_4096_objects,own_local,cycle,10,210129,21012.9,17203200
75,19,group_setup_then_64_copies,own_local,group,1562,137303,87.9020486556,2349248
75,20,group_setup_then_1_copies,own_local,group,100000,1360110,13.6011,2000000
75,21,async_queue_job_1024_borrow_reads,std_shared_then_raw_borrow,job,100,133215,1332.15,2406400
75,22,contended_copy_2_workers,std_shared,copy,200000,17647618,88.23809,4700000
75,23,owner_retained_4096_draw_borrows,own_local_view,frame,24,52102,2170.91666667,41287680
75,24,contended_copy_2_workers,own_shared,copy,200000,9764119,48.820595,4700000
75,25,independent_owner_parameter,std_shared,call,100000,1803019,18.03019,2350000
75,26,scene_4096_attachments,own_local,attachment,98304,149621,1.52202351888,98304
75,27,async_queue_job_1_borrow_reads,std_shared_then_raw_borrow,job,100,64789,647.89,2000
75,28,share_read_drop,std_shared,handoff,100000,2136701,21.36701,2350000
75,29,owner_retained_borrow_copy_read,own_local_view,read,100000,31942,0.31942,2350000
75,30,async_queue_job_64_borrow_reads,std_shared_then_raw_borrow,job,100,103558,1035.58,150400
75,31,async_queue_job_64_local_copies,std_shared,job,100,316877,3168.77,150400
75,32,group_setup_then_1024_copies,std_shared,group,97,1792518,18479.5670103,2334208
75,33,resource_lifecycle_64_assets_4096_objects,std_shared,cycle,10,516112,51611.2,17203200
75,34,async_queue_job_1024_borrow_reads,own_shared_then_local_view,job,100,91209,912.09,2406400
75,35,weak_lock_live,own_shared,lock,100000,1495805,14.95805,2350000
75,36,owner_retained_4096_parameter_borrows,own_local_view,frame,24,80368,3348.66666667,41287680
75,37,copy_read_drop,own_shared,copy,100000,1295720,12.9572,2350000
75,38,group_setup_then_8_copies,own_local,group,12500,304590,24.3672,2350000
75,39,create_read_destroy,own_local,asset,100000,2132656,21.32656,65000400000
75,40,async_queue_job_1024_local_copies,own_local,job,100,370594,3705.94,2406400
75,41,async_queue_job_64_local_copies,own_local,job,100,79088,790.88,150400
75,42,frame_4096_draws_64_unique_leases,std_shared,frame,24,100274,4178.08333333,41287680
75,43,share_read_drop,own_shared,handoff,100000,2278236,22.78236,2350000
75,44,group_setup_then_8_copies,std_shared,group,12500,1870042,149.60336,2350000
75,45,create_read_destroy,own_shared,asset,100000,1784487,17.84487,65000400000
75,46,copy_read_drop,own_local,copy,100000,106063,1.06063,2350000
75,47,borrow_read,raw_borrow,read,100000,35457,0.35457,2350000
75,48,create_read_destroy,std_shared,asset,100000,1314745,13.14745,65000400000
75,49,localize_read_drop,std_shared,group,100000,1469934,14.69934,2350000
75,50,group_setup_then_1_copies,std_shared,group,100000,3354102,33.54102,2000000
75,51,group_setup_then_64_copies,std_shared,group,1562,1704728,1091.37516005,2349248
75,52,resettable_root_pin_1024_borrow_reads,std_shared_pin_raw_borrow,scope,97,31439,324.113402062,2334208
75,53,localize_read_drop,own_local,group,100000,1273905,12.73905,2350000
75,54,owner_retained_borrow_parameter,std_raw_borrow,call,100000,61883,0.61883,2350000
75,55,group_setup_then_1024_copies,own_local,group,97,99984,1030.7628866,2334208
76,0,async_queue_job_64_local_copies,std_shared,job,100,284043,2840.43,150400
76,1,share_read_drop,std_shared,handoff,100000,1481541,14.81541,2350000
76,2,weak_lock_expired,std_shared,lock,100000,77131,0.77131,0
76,3,localize_read_drop,own_local,group,100000,1296745,12.96745,2350000
76,4,resettable_root_pin_1024_borrow_reads,own_shared_pin_local_view,scope,97,31468,324.412371134,2334208
76,5,weak_lock_live,std_shared,lock,100000,1660418,16.60418,2350000
76,6,create_read_destroy,std_shared,asset,100000,1203784,12.03784,65000400000
76,7,group_setup_then_1_copies,std_shared,group,100000,3441584,34.41584,2000000
76,8,group_setup_then_8_copies,std_shared,group,12500,1886841,150.94728,2350000
76,9,resource_lifecycle_64_assets_4096_objects,std_shared,cycle,10,514403,51440.3,17203200
76,10,scene_4096_attachments,std_shared,attachment,98304,935192,9.51326497396,98304
76,11,independent_owner_parameter,own_local,call,100000,123289,1.23289,2350000
76,12,frame_4096_draws_64_unique_leases,std_shared,frame,24,84595,3524.79166667,41287680
76,13,independent_owner_parameter,own_shared,call,100000,1311606,13.11606,2350000
76,14,async_queue_job_1024_local_copies,own_local,job,100,586473,5864.73,2406400
76,15,independent_owner_parameter,std_shared,call,100000,1597623,15.97623,2350000
76,16,owner_retained_borrow_copy_read,own_local_view,read,100000,30811,0.30811,2350000
76,17,share_read_drop,own_shared,handoff,100000,1107156,11.07156,2350000
76,18,weak_lock_live,own_shared,lock,100000,1450707,14.50707,2350000
76,19,owner_retained_4096_parameter_borrows,std_raw_borrow,frame,24,77816,3242.33333333,41287680
76,20,contended_copy_2_workers,std_shared,copy,200000,17561071,87.805355,4700000
76,21,weak_lock_expired,own_shared,lock,100000,68962,0.68962,0
76,22,async_queue_job_64_local_copies,own_local,job,100,80932,809.32,150400
76,23,contended_copy_2_workers,own_shared,copy,200000,9950733,49.753665,4700000
76,24,group_setup_then_8_copies,own_local,group,12500,287205,22.9764,2350000
76,25,group_setup_then_1024_copies,own_local,group,97,91744,945.81443299,2334208
76,26,owner_retained_borrow_parameter,std_raw_borrow,call,100000,64581,0.64581,2350000
76,27,group_setup_then_1_copies,own_local,group,100000,1407828,14.07828,2000000
76,28,copy_read_drop,own_shared,copy,100000,1681802,16.81802,2350000
76,29,async_queue_job_64_borrow_reads,std_shared_then_raw_borrow,job,100,70856,708.56,150400
76,30,async_queue_job_1_local_copies,std_shared,job,100,54312,543.12,2000
76,31,owner_retained_4096_draw_borrows,own_local_view,frame,24,50147,2089.45833333,41287680
76,32,async_queue_job_1_borrow_reads,own_shared_then_local_view,job,100,69029,690.29,2000
76,33,create_read_destroy,own_local,asset,100000,1944360,19.4436,65000400000
76,34,async_queue_job_64_borrow_reads,own_shared_then_local_view,job,100,49783,497.83,150400
76,35,async_queue_job_1024_borrow_reads,std_shared_then_raw_borrow,job,100,129218,1292.18,2406400
76,36,owner_retained_4096_parameter_borrows,own_local_view,frame,24,87686,3653.58333333,41287680
76,37,group_setup_then_1024_copies,std_shared,group,97,1678818,17307.4020619,2334208
76,38,async_queue_job_1024_borrow_reads,own_shared_then_local_view,job,100,111538,1115.38,2406400
76,39,copy_read_drop,std_shared,copy,100000,1643025,16.43025,2350000
76,40,create_read_destroy,own_shared,asset,100000,1790933,17.90933,65000400000
76,41,owner_retained_borrow_copy_read,std_raw_borrow,read,100000,30240,0.3024,2350000
76,42,borrow_read,raw_borrow,read,100000,35149,0.35149,2350000
76,43,copy_read_drop,own_local,copy,100000,106826,1.06826,2350000
76,44,resource_lifecycle_64_assets_4096_objects,own_local,cycle,10,206337,20633.7,17203200
76,45,async_queue_job_1_local_copies,own_local,job,100,64062,640.62,2000
76,46,resettable_root_pin_1024_borrow_reads,std_shared_pin_raw_borrow,scope,97,31262,322.288659794,2334208
76,47,group_setup_then_64_copies,own_local,group,1562,111072,71.1088348271,2349248
76,48,async_queue_job_1_borrow_reads,std_shared_then_raw_borrow,job,100,40140,401.4,2000
76,49,localize_read_drop,std_shared,group,100000,1470047,14.70047,2350000
76,50,frame_4096_draws_64_unique_leases,own_shared,frame,24,95661,3985.875,41287680
76,51,group_setup_then_64_copies,std_shared,group,1562,1687717,1080.48463508,2349248
76,52,scene_4096_attachments,own_local,attachment,98304,145760,1.48274739583,98304
76,53,owner_retained_4096_draw_borrows,std_raw_borrow,frame,24,50904,2121,41287680
76,54,async_queue_job_1024_local_copies,std_shared,job,100,2426676,24266.76,2406400
76,55,owner_retained_borrow_parameter,own_local_view,call,100000,60014,0.60014,2350000
77,0,resource_lifecycle_64_assets_4096_objects,std_shared,cycle,10,522864,52286.4,17203200
77,1,async_queue_job_1024_borrow_reads,std_shared_then_raw_borrow,job,100,136705,1367.05,2406400
77,2,localize_read_drop,std_shared,group,100000,1496982,14.96982,2350000
77,3,owner_retained_4096_draw_borrows,own_local_view,frame,24,48241,2010.04166667,41287680
77,4,share_read_drop,std_shared,handoff,100000,1474511,14.74511,2350000
77,5,async_queue_job_1024_local_copies,own_local,job,100,335745,3357.45,2406400
77,6,resettable_root_pin_1024_borrow_reads,std_shared_pin_raw_borrow,scope,97,31813,327.969072165,2334208
77,7,owner_retained_4096_draw_borrows,std_raw_borrow,frame,24,60100,2504.16666667,41287680
77,8,group_setup_then_64_copies,std_shared,group,1562,1705704,1092,2349248
77,9,create_read_destroy,std_shared,asset,100000,1252394,12.52394,65000400000
77,10,weak_lock_expired,own_shared,lock,100000,79258,0.79258,0
77,11,contended_copy_2_workers,own_shared,copy,200000,9530838,47.65419,4700000
77,12,borrow_read,raw_borrow,read,100000,35188,0.35188,2350000
77,13,async_queue_job_1_local_copies,std_shared,job,100,58600,586,2000
77,14,create_read_destroy,own_local,asset,100000,1926827,19.26827,65000400000
77,15,group_setup_then_64_copies,own_local,group,1562,110504,70.7451984635,2349248
77,16,async_queue_job_64_borrow_reads,std_shared_then_raw_borrow,job,100,62797,627.97,150400
77,17,owner_retained_borrow_copy_read,own_local_view,read,100000,30176,0.30176,2350000
77,18,owner_retained_borrow_parameter,own_local_view,call,100000,61724,0.61724,2350000
77,19,owner_retained_4096_parameter_borrows,own_local_view,frame,24,77166,3215.25,41287680
77,20,independent_owner_parameter,std_shared,call,100000,1649055,16.49055,2350000
77,21,async_queue_job_64_local_copies,own_local,job,100,70702,707.02,150400
77,22,async_queue_job_1_borrow_reads,std_shared_then_raw_borrow,job,100,78435,784.35,2000
77,23,owner_retained_4096_parameter_borrows,std_raw_borrow,frame,24,77548,3231.16666667,41287680
77,24,group_setup_then_1024_copies,std_shared,group,97,1743120,17970.3092784,2334208
77,25,scene_4096_attachments,std_shared,attachment,98304,934906,9.51035563151,98304
77,26,weak_lock_expired,std_shared,lock,100000,77226,0.77226,0
77,27,async_queue_job_64_local_copies,std_shared,job,100,335856,3358.56,150400
77,28,copy_read_drop,own_shared,copy,100000,1342098,13.42098,2350000
77,29,independent_owner_parameter,own_shared,call,100000,1302138,13.02138,2350000
77,30,localize_read_drop,own_local,group,100000,1279020,12.7902,2350000
77,31,copy_read_drop,std_shared,copy,100000,1673200,16.732,2350000
77,32,frame_4096_draws_64_unique_leases,own_shared,frame,24,93003,3875.125,41287680
77,33,weak_lock_live,own_shared,lock,100000,1568774,15.68774,2350000
77,34,copy_read_drop,own_local,copy,100000,104949,1.04949,2350000
77,35,create_read_destroy,own_shared,asset,100000,1862816,18.62816,65000400000
77,36,group_setup_then_8_copies,own_local,group,12500,301937,24.15496,2350000
77,37,weak_lock_live,std_shared,lock,100000,1761022,17.61022,2350000
77,38,owner_retained_borrow_parameter,std_raw_borrow,call,100000,60093,0.60093,2350000
77,39,resource_lifecycle_64_assets_4096_objects,own_local,cycle,10,206946,20694.6,17203200
77,40,group_setup_then_8_copies,std_shared,group,12500,1884001,150.72008,2350000
77,41,share_read_drop,own_shared,handoff,100000,1122319,11.22319,2350000
77,42,owner_retained_borrow_copy_read,std_raw_borrow,read,100000,30136,0.30136,2350000
77,43,group_setup_then_1024_copies,own_local,group,97,88498,912.350515464,2334208
77,44,independent_owner_parameter,own_local,call,100000,111712,1.11712,2350000
77,45,resettable_root_pin_1024_borrow_reads,own_shared_pin_local_view,scope,97,35939,370.505154639,2334208
77,46,scene_4096_attachments,own_local,attachment,98304,145288,1.47794596354,98304
77,47,async_queue_job_1024_borrow_reads,own_shared_then_local_view,job,100,120579,1205.79,2406400
77,48,async_queue_job_1_borrow_reads,own_shared_then_local_view,job,100,53169,531.69,2000
77,49,group_setup_then_1_copies,std_shared,group,100000,3422424,34.22424,2000000
77,50,group_setup_then_1_copies,own_local,group,100000,1453344,14.53344,2000000
77,51,frame_4096_draws_64_unique_leases,std_shared,frame,24,114416,4767.33333333,41287680
77,52,async_queue_job_1_local_copies,own_local,job,100,80270,802.7,2000
77,53,async_queue_job_64_borrow_reads,own_shared_then_local_view,job,100,65862,658.62,150400
77,54,contended_copy_2_workers,std_shared,copy,200000,16873058,84.36529,4700000
77,55,async_queue_job_1024_local_copies,std_shared,job,100,2623860,26238.6,2406400
78,0,group_setup_then_8_copies,own_local,group,12500,248895,19.9116,2350000
78,1,create_read_destroy,own_shared,asset,100000,1841165,18.41165,65000400000
78,2,owner_retained_borrow_copy_read,std_raw_borrow,read,100000,30722,0.30722,2350000
78,3,async_queue_job_1024_borrow_reads,own_shared_then_local_view,job,100,138455,1384.55,2406400
78,4,scene_4096_attachments,own_local,attachment,98304,147137,1.49675496419,98304
78,5,owner_retained_borrow_parameter,std_raw_borrow,call,100000,60049,0.60049,2350000
78,6,create_read_destroy,own_local,asset,100000,1897683,18.97683,65000400000
78,7,frame_4096_draws_64_unique_leases,std_shared,frame,24,88680,3695,41287680
78,8,create_read_destroy,std_shared,asset,100000,1274578,12.74578,65000400000
78,9,copy_read_drop,own_local,copy,100000,106117,1.06117,2350000
78,10,owner_retained_borrow_parameter,own_local_view,call,100000,59992,0.59992,2350000
78,11,owner_retained_borrow_copy_read,own_local_view,read,100000,32201,0.32201,2350000
78,12,group_setup_then_64_copies,std_shared,group,1562,1709250,1094.27016645,2349248
78,13,copy_read_drop,std_shared,copy,100000,1686022,16.86022,2350000
78,14,localize_read_drop,own_local,group,100000,1387522,13.87522,2350000
78,15,async_queue_job_1024_local_copies,own_local,job,100,385905,3859.05,2406400
78,16,contended_copy_2_workers,own_shared,copy,200000,7889165,39.445825,4700000
78,17,async_queue_job_1_local_copies,own_local,job,100,62562,625.62,2000
78,18,localize_read_drop,std_shared,group,100000,1574463,15.74463,2350000
78,19,resettable_root_pin_1024_borrow_reads,own_shared_pin_local_view,scope,97,31265,322.319587629,2334208
78,20,group_setup_then_64_copies,own_local,group,1562,122664,78.5300896287,2349248
78,21,independent_owner_parameter,std_shared,call,100000,1719944,17.19944,2350000
78,22,group_setup_then_8_copies,std_shared,group,12500,1970892,157.67136,2350000
78,23,share_read_drop,std_shared,handoff,100000,1571486,15.71486,2350000
78,24,async_queue_job_64_borrow_reads,own_shared_then_local_view,job,100,70507,705.07,150400
78,25,weak_lock_live,own_shared,lock,100000,1570218,15.70218,2350000
78,26,scene_4096_attachments,std_shared,attachment,98304,934349,9.50468953451,98304
78,27,async_queue_job_1_borrow_reads,std_shared_then_raw_borrow,job,100,64147,641.47,2000
78,28,owner_retained_4096_parameter_borrows,own_local_view,frame,24,99615,4150.625,41287680
78,29,resource_lifecycle_64_assets_4096_objects,std_shared,cycle,10,590723,59072.3,17203200
78,30,group_setup_then_1_copies,own_local,group,100000,1434939,14.34939,2000000
78,31,owner_retained_4096_parameter_borrows,std_raw_borrow,frame,24,83187,3466.125,41287680
78,32,borrow_read,raw_borrow,read,100000,35333,0.35333,2350000
78,33,copy_read_drop,own_shared,copy,100000,1389543,13.89543,2350000
78,34,async_queue_job_64_local_copies,own_local,job,100,79821,798.21,150400
78,35,share_read_drop,own_shared,handoff,100000,1220211,12.20211,2350000
78,36,async_queue_job_64_local_copies,std_shared,job,100,273539,2735.39,150400
78,37,async_queue_job_64_borrow_reads,std_shared_then_raw_borrow,job,100,66896,668.96,150400
78,38,independent_owner_parameter,own_local,call,100000,111911,1.11911,2350000
78,39,weak_lock_expired,own_shared,lock,100000,87272,0.87272,0
78,40,independent_owner_parameter,own_shared,call,100000,1294675,12.94675,2350000
78,41,async_queue_job_1_borrow_reads,own_shared_then_local_view,job,100,69528,695.28,2000
78,42,weak_lock_expired,std_shared,lock,100000,77221,0.77221,0
78,43,contended_copy_2_workers,std_shared,copy,200000,16650508,83.25254,4700000
78,44,weak_lock_live,std_shared,lock,100000,1697206,16.97206,2350000
78,45,resettable_root_pin_1024_borrow_reads,std_shared_pin_raw_borrow,scope,97,31868,328.536082474,2334208
78,46,group_setup_then_1_copies,std_shared,group,100000,3389442,33.89442,2000000
78,47,async_queue_job_1024_local_copies,std_shared,job,100,2422538,24225.38,2406400
78,48,group_setup_then_1024_copies,std_shared,group,97,1670838,17225.1340206,2334208
78,49,async_queue_job_1024_borrow_reads,std_shared_then_raw_borrow,job,100,114302,1143.02,2406400
78,50,resource_lifecycle_64_assets_4096_objects,own_local,cycle,10,206325,20632.5,17203200
78,51,async_queue_job_1_local_copies,std_shared,job,100,74885,748.85,2000
78,52,owner_retained_4096_draw_borrows,own_local_view,frame,24,50747,2114.45833333,41287680
78,53,frame_4096_draws_64_unique_leases,own_shared,frame,24,92565,3856.875,41287680
78,54,owner_retained_4096_draw_borrows,std_raw_borrow,frame,24,60777,2532.375,41287680
78,55,group_setup_then_1024_copies,own_local,group,97,88520,912.577319588,2334208
79,0,async_queue_job_1_borrow_reads,std_shared_then_raw_borrow,job,100,33559,335.59,2000
79,1,owner_retained_borrow_copy_read,own_local_view,read,100000,30228,0.30228,2350000
79,2,async_queue_job_1_local_copies,own_local,job,100,45544,455.44,2000
79,3,localize_read_drop,std_shared,group,100000,1482592,14.82592,2350000
79,4,async_queue_job_64_local_copies,std_shared,job,100,296684,2966.84,150400
79,5,owner_retained_4096_parameter_borrows,own_local_view,frame,24,77733,3238.875,41287680
79,6,localize_read_drop,own_local,group,100000,1353566,13.53566,2350000
79,7,independent_owner_parameter,std_shared,call,100000,1621302,16.21302,2350000
79,8,resource_lifecycle_64_assets_4096_objects,own_local,cycle,10,199428,19942.8,17203200
79,9,owner_retained_4096_draw_borrows,std_raw_borrow,frame,24,48104,2004.33333333,41287680
79,10,owner_retained_borrow_parameter,own_local_view,call,100000,59958,0.59958,2350000
79,11,group_setup_then_64_copies,std_shared,group,1562,1806791,1156.71638924,2349248
79,12,contended_copy_2_workers,own_shared,copy,200000,4729633,23.648165,4700000
79,13,group_setup_then_8_copies,std_shared,group,12500,1891468,151.31744,2350000
79,14,group_setup_then_1024_copies,std_shared,group,97,1738170,17919.2783505,2334208
79,15,borrow_read,raw_borrow,read,100000,38625,0.38625,2350000
79,16,create_read_destroy,own_shared,asset,100000,1778346,17.78346,65000400000
79,17,async_queue_job_1024_local_copies,std_shared,job,100,2463700,24637,2406400
79,18,async_queue_job_64_borrow_reads,std_shared_then_raw_borrow,job,100,58576,585.76,150400
79,19,group_setup_then_64_copies,own_local,group,1562,283706,181.629961588,2349248
79,20,create_read_destroy,own_local,asset,100000,1912633,19.12633,65000400000
79,21,frame_4096_draws_64_unique_leases,own_shared,frame,24,1972433,82184.7083333,41287680
79,22,group_setup_then_1024_copies,own_local,group,97,98719,1017.72164948,2334208
79,23,async_queue_job_1_borrow_reads,own_shared_then_local_view,job,100,910034,9100.34,2000
79,24,resettable_root_pin_1024_borrow_reads,own_shared_pin_local_view,scope,97,31704,326.845360825,2334208
79,25,resource_lifecycle_64_assets_4096_objects,std_shared,cycle,10,505902,50590.2,17203200
79,26,group_setup_then_1_copies,own_local,group,100000,1408523,14.08523,2000000
79,27,frame_4096_draws_64_unique_leases,std_shared,frame,24,88980,3707.5,41287680
79,28,async_queue_job_1024_borrow_reads,std_shared_then_raw_borrow,job,100,215424,2154.24,2406400
79,29,async_queue_job_1024_borrow_reads,own_shared_then_local_view,job,100,1350382,13503.82,2406400
79,30,resettable_root_pin_1024_borrow_reads,std_shared_pin_raw_borrow,scope,97,49572,511.051546392,2334208
79,31,owner_retained_4096_draw_borrows,own_local_view,frame,24,53640,2235,41287680
79,32,group_setup_then_8_copies,own_local,group,12500,313791,25.10328,2350000
79,33,group_setup_then_1_copies,std_shared,group,100000,3566423,35.66423,2000000
79,34,scene_4096_attachments,own_local,attachment,98304,152213,1.54839070638,98304
79,35,create_read_destroy,std_shared,asset,100000,1211423,12.11423,65000400000
79,36,independent_owner_parameter,own_shared,call,100000,1328346,13.28346,2350000
79,37,owner_retained_borrow_parameter,std_raw_borrow,call,100000,64312,0.64312,2350000
79,38,share_read_drop,std_shared,handoff,100000,1600008,16.00008,2350000
79,39,scene_4096_attachments,std_shared,attachment,98304,1155540,11.7547607422,98304
79,40,async_queue_job_64_borrow_reads,own_shared_then_local_view,job,100,73519,735.19,150400
79,41,async_queue_job_64_local_copies,own_local,job,100,85717,857.17,150400
79,42,owner_retained_4096_parameter_borrows,std_raw_borrow,frame,24,111749,4656.20833333,41287680
79,43,weak_lock_expired,std_shared,lock,100000,114855,1.14855,0
79,44,independent_owner_parameter,own_local,call,100000,206528,2.06528,2350000
79,45,async_queue_job_1_local_copies,std_shared,job,100,97133,971.33,2000
79,46,contended_copy_2_workers,std_shared,copy,200000,3750340,18.7517,4700000
79,47,share_read_drop,own_shared,handoff,100000,1401364,14.01364,2350000
79,48,owner_retained_borrow_copy_read,std_raw_borrow,read,100000,52077,0.52077,2350000
79,49,weak_lock_expired,own_shared,lock,100000,128067,1.28067,0
79,50,weak_lock_live,own_shared,lock,100000,1753539,17.53539,2350000
79,51,weak_lock_live,std_shared,lock,100000,2107002,21.07002,2350000
79,52,async_queue_job_1024_local_copies,own_local,job,100,1654437,16544.37,2406400
79,53,copy_read_drop,own_local,copy,100000,210866,2.10866,2350000
79,54,copy_read_drop,own_shared,copy,100000,1582049,15.82049,2350000
79,55,copy_read_drop,std_shared,copy,100000,1608546,16.08546,2350000
80,0,async_queue_job_64_borrow_reads,own_shared_then_local_view,job,100,1665428,16654.28,150400
80,1,frame_4096_draws_64_unique_leases,own_shared,frame,24,91878,3828.25,41287680
80,2,localize_read_drop,std_shared,group,100000,1471007,14.71007,2350000
80,3,async_queue_job_64_local_copies,own_local,job,100,66720,667.2,150400
80,4,resource_lifecycle_64_assets_4096_objects,own_local,cycle,10,203511,20351.1,17203200
80,5,group_setup_then_1024_copies,own_local,group,97,92245,950.979381443,2334208
80,6,async_queue_job_1_borrow_reads,own_shared_then_local_view,job,100,63557,635.57,2000
80,7,owner_retained_4096_parameter_borrows,std_raw_borrow,frame,24,80024,3334.33333333,41287680
80,8,group_setup_then_64_copies,own_local,group,1562,109982,70.4110115237,2349248
80,9,owner_retained_borrow_copy_read,own_local_view,read,100000,31606,0.31606,2350000
80,10,scene_4096_attachments,std_shared,attachment,98304,957952,9.74479166667,98304
80,11,group_setup_then_1024_copies,std_shared,group,97,1670446,17221.0927835,2334208
80,12,weak_lock_live,own_shared,lock,100000,1536559,15.36559,2350000
80,13,scene_4096_attachments,own_local,attachment,98304,144219,1.4670715332,98304
80,14,independent_owner_parameter,own_local,call,100000,112665,1.12665,2350000
80,15,owner_retained_borrow_copy_read,std_raw_borrow,read,100000,30040,0.3004,2350000
80,16,copy_read_drop,own_local,copy,100000,105899,1.05899,2350000
80,17,group_setup_then_64_copies,std_shared,group,1562,1643874,1052.41613316,2349248
80,18,group_setup_then_1_copies,own_local,group,100000,1659854,16.59854,2000000
80,19,borrow_read,raw_borrow,read,100000,67410,0.6741,2350000
80,20,weak_lock_live,std_shared,lock,100000,2197454,21.97454,2350000
80,21,create_read_destroy,own_shared,asset,100000,2235326,22.35326,65000400000
80,22,localize_read_drop,own_local,group,100000,1582511,15.82511,2350000
80,23,create_read_destroy,std_shared,asset,100000,1260661,12.60661,65000400000
80,24,group_setup_then_8_copies,std_shared,group,12500,1875535,150.0428,2350000
80,25,owner_retained_borrow_parameter,own_local_view,call,100000,61855,0.61855,2350000
80,26,async_queue_job_1024_local_copies,own_local,job,100,319446,3194.46,2406400
80,27,async_queue_job_1024_borrow_reads,std_shared_then_raw_borrow,job,100,147562,1475.62,2406400
80,28,share_read_drop,own_shared,handoff,100000,1119864,11.19864,2350000
80,29,async_queue_job_1_local_copies,own_local,job,100,83442,834.42,2000
80,30,frame_4096_draws_64_unique_leases,std_shared,frame,24,88325,3680.20833333,41287680
80,31,weak_lock_expired,own_shared,lock,100000,70674,0.70674,0
80,32,group_setup_then_8_copies,own_local,group,12500,262814,21.02512,2350000
80,33,create_read_destroy,own_local,asset,100000,2066130,20.6613,65000400000
80,34,independent_owner_parameter,std_shared,call,100000,1804948,18.04948,2350000
80,35,independent_owner_parameter,own_shared,call,100000,1297528,12.97528,2350000
80,36,resettable_root_pin_1024_borrow_reads,std_shared_pin_raw_borrow,scope,97,31266,322.329896907,2334208
80,37,group_setup_then_1_copies,std_shared,group,100000,3382769,33.82769,2000000
80,38,async_queue_job_1024_local_copies,std_shared,job,100,2426980,24269.8,2406400
80,39,resource_lifecycle_64_assets_4096_objects,std_shared,cycle,10,584549,58454.9,17203200
80,40,owner_retained_4096_draw_borrows,own_local_view,frame,24,48033,2001.375,41287680
80,41,owner_retained_4096_parameter_borrows,own_local_view,frame,24,72282,3011.75,41287680
80,42,owner_retained_4096_draw_borrows,std_raw_borrow,frame,24,47800,1991.66666667,41287680
80,43,copy_read_drop,std_shared,copy,100000,1572876,15.72876,2350000
80,44,async_queue_job_64_borrow_reads,std_shared_then_raw_borrow,job,100,95674,956.74,150400
80,45,contended_copy_2_workers,own_shared,copy,200000,2401978,12.00989,4700000
80,46,weak_lock_expired,std_shared,lock,100000,77232,0.77232,0
80,47,resettable_root_pin_1024_borrow_reads,own_shared_pin_local_view,scope,97,31269,322.360824742,2334208
80,48,share_read_drop,std_shared,handoff,100000,1535932,15.35932,2350000
80,49,contended_copy_2_workers,std_shared,copy,200000,3529318,17.64659,4700000
80,50,async_queue_job_1024_borrow_reads,own_shared_then_local_view,job,100,106651,1066.51,2406400
80,51,copy_read_drop,own_shared,copy,100000,1353543,13.53543,2350000
80,52,owner_retained_borrow_parameter,std_raw_borrow,call,100000,64589,0.64589,2350000
80,53,async_queue_job_64_local_copies,std_shared,job,100,254639,2546.39,150400
80,54,async_queue_job_1_local_copies,std_shared,job,100,53436,534.36,2000
80,55,async_queue_job_1_borrow_reads,std_shared_then_raw_borrow,job,100,70752,707.52,2000
81,0,group_setup_then_8_copies,own_local,group,12500,227205,18.1764,2350000
81,1,copy_read_drop,own_shared,copy,100000,1314597,13.14597,2350000
81,2,async_queue_job_1024_borrow_reads,own_shared_then_local_view,job,100,93068,930.68,2406400
81,3,async_queue_job_1_borrow_reads,own_shared_then_local_view,job,100,36623,366.23,2000
81,4,async_queue_job_64_borrow_reads,own_shared_then_local_view,job,100,49354,493.54,150400
81,5,owner_retained_4096_parameter_borrows,std_raw_borrow,frame,24,78182,3257.58333333,41287680
81,6,group_setup_then_1024_copies,own_local,group,97,87991,907.12371134,2334208
81,7,owner_retained_borrow_parameter,std_raw_borrow,call,100000,64286,0.64286,2350000
81,8,scene_4096_attachments,std_shared,attachment,98304,943870,9.60154215495,98304
81,9,contended_copy_2_workers,std_shared,copy,200000,16987529,84.937645,4700000
81,10,create_read_destroy,std_shared,asset,100000,1206843,12.06843,65000400000
81,11,create_read_destroy,own_local,asset,100000,1911222,19.11222,65000400000
81,12,scene_4096_attachments,own_local,attachment,98304,166832,1.69710286458,98304
81,13,share_read_drop,std_shared,handoff,100000,1582062,15.82062,2350000
81,14,group_setup_then_1024_copies,std_shared,group,97,1747040,18010.7216495,2334208
81,15,create_read_destroy,own_shared,asset,100000,1838490,18.3849,65000400000
81,16,async_queue_job_64_borrow_reads,std_shared_then_raw_borrow,job,100,67168,671.68,150400
81,17,resource_lifecycle_64_assets_4096_objects,own_local,cycle,10,204501,20450.1,17203200
81,18,async_queue_job_64_local_copies,std_shared,job,100,291926,2919.26,150400
81,19,contended_copy_2_workers,own_shared,copy,200000,9168808,45.84404,4700000
81,20,group_setup_then_8_copies,std_shared,group,12500,1926103,154.08824,2350000
81,21,independent_owner_parameter,std_shared,call,100000,1702868,17.02868,2350000
81,22,resettable_root_pin_1024_borrow_reads,own_shared_pin_local_view,scope,97,31399,323.701030928,2334208
81,23,group_setup_then_1_copies,own_local,group,100000,1398925,13.98925,2000000
81,24,async_queue_job_1_borrow_reads,std_shared_then_raw_borrow,job,100,57623,576.23,2000
81,25,localize_read_drop,own_local,group,100000,1293833,12.93833,2350000
81,26,frame_4096_draws_64_unique_leases,own_shared,frame,24,90668,3777.83333333,41287680
81,27,async_queue_job_1024_local_copies,std_shared,job,100,2427103,24271.03,2406400
81,28,resource_lifecycle_64_assets_4096_objects,std_shared,cycle,10,535331,53533.1,17203200
81,29,weak_lock_live,own_shared,lock,100000,1478033,14.78033,2350000
81,30,owner_retained_4096_draw_borrows,std_raw_borrow,frame,24,49982,2082.58333333,41287680
81,31,weak_lock_expired,own_shared,lock,100000,70700,0.707,0
81,32,owner_retained_4096_parameter_borrows,own_local_view,frame,24,78595,3274.79166667,41287680
81,33,localize_read_drop,std_shared,group,100000,1550789,15.50789,2350000
81,34,frame_4096_draws_64_unique_leases,std_shared,frame,24,87814,3658.91666667,41287680
81,35,async_queue_job_1024_borrow_reads,std_shared_then_raw_borrow,job,100,100113,1001.13,2406400
81,36,weak_lock_live,std_shared,lock,100000,1711094,17.11094,2350000
81,37,owner_retained_borrow_copy_read,std_raw_borrow,read,100000,30508,0.30508,2350000
81,38,group_setup_then_64_copies,own_local,group,1562,112228,71.8489116517,2349248
81,39,share_read_drop,own_shared,handoff,100000,1122910,11.2291,2350000
81,40,copy_read_drop,std_shared,copy,100000,1675574,16.75574,2350000
81,41,async_queue_job_64_local_copies,own_local,job,100,107836,1078.36,150400
81,42,async_queue_job_1_local_copies,std_shared,job,100,70694,706.94,2000
81,43,owner_retained_borrow_copy_read,own_local_view,read,100000,35425,0.35425,2350000
81,44,resettable_root_pin_1024_borrow_reads,std_shared_pin_raw_borrow,scope,97,52921,545.577319588,2334208
81,45,group_setup_then_64_copies,std_shared,group,1562,1565334,1002.13444302,2349248
81,46,owner_retained_borrow_parameter,own_local_view,call,100000,78125,0.78125,2350000
81,47,copy_read_drop,own_local,copy,100000,126722,1.26722,2350000
81,48,independent_owner_parameter,own_shared,call,100000,1557633,15.57633,2350000
81,49,weak_lock_expired,std_shared,lock,100000,111012,1.11012,0
81,50,async_queue_job_1_local_copies,own_local,job,100,1046057,10460.57,2000
81,51,borrow_read,raw_borrow,read,100000,35470,0.3547,2350000
81,52,group_setup_then_1_copies,std_shared,group,100000,3420468,34.20468,2000000
81,53,independent_owner_parameter,own_local,call,100000,112132,1.12132,2350000
81,54,async_queue_job_1024_local_copies,own_local,job,100,297608,2976.08,2406400
81,55,owner_retained_4096_draw_borrows,own_local_view,frame,24,84332,3513.83333333,41287680
82,0,group_setup_then_1024_copies,std_shared,group,97,1651362,17024.3505155,2334208
82,1,scene_4096_attachments,std_shared,attachment,98304,934882,9.51011149089,98304
82,2,create_read_destroy,own_shared,asset,100000,1868451,18.68451,65000400000
82,3,copy_read_drop,own_shared,copy,100000,1305078,13.05078,2350000
82,4,async_queue_job_64_local_copies,std_shared,job,100,348954,3489.54,150400
82,5,async_queue_job_1_borrow_reads,own_shared_then_local_view,job,100,61754,617.54,2000
82,6,async_queue_job_64_borrow_reads,own_shared_then_local_view,job,100,59145,591.45,150400
82,7,contended_copy_2_workers,own_shared,copy,200000,4202718,21.01359,4700000
82,8,owner_retained_borrow_copy_read,std_raw_borrow,read,100000,41475,0.41475,2350000
82,9,owner_retained_4096_parameter_borrows,std_raw_borrow,frame,24,106494,4437.25,41287680
82,10,group_setup_then_8_copies,std_shared,group,12500,1929881,154.39048,2350000
82,11,contended_copy_2_workers,std_shared,copy,200000,14635103,73.175515,4700000
82,12,group_setup_then_8_copies,own_local,group,12500,255353,20.42824,2350000
82,13,async_queue_job_64_local_copies,own_local,job,100,96355,963.55,150400
82,14,async_queue_job_1024_borrow_reads,std_shared_then_raw_borrow,job,100,164523,1645.23,2406400
82,15,copy_read_drop,own_local,copy,100000,106009,1.06009,2350000
82,16,group_setup_then_1_copies,own_local,group,100000,1372152,13.72152,2000000
82,17,frame_4096_draws_64_unique_leases,std_shared,frame,24,88036,3668.16666667,41287680
82,18,async_queue_job_1024_local_copies,own_local,job,100,389070,3890.7,2406400
82,19,weak_lock_live,own_shared,lock,100000,1586385,15.86385,2350000
82,20,independent_owner_parameter,own_local,call,100000,112648,1.12648,2350000
82,21,weak_lock_expired,own_shared,lock,100000,70707,0.70707,0
82,22,resettable_root_pin_1024_borrow_reads,own_shared_pin_local_view,scope,97,31263,322.298969072,2334208
82,23,group_setup_then_64_copies,std_shared,group,1562,1698262,1087.23559539,2349248
82,24,weak_lock_expired,std_shared,lock,100000,77187,0.77187,0
82,25,create_read_destroy,own_local,asset,100000,1945893,19.45893,65000400000
82,26,weak_lock_live,std_shared,lock,100000,1669172,16.69172,2350000
82,27,borrow_read,raw_borrow,read,100000,35317,0.35317,2350000
82,28,group_setup_then_1024_copies,own_local,group,97,90901,937.12371134,2334208
82,29,localize_read_drop,std_shared,group,100000,1468438,14.68438,2350000
82,30,owner_retained_4096_parameter_borrows,own_local_view,frame,24,78631,3276.29166667,41287680
82,31,independent_owner_parameter,own_shared,call,100000,1354077,13.54077,2350000
82,32,create_read_destroy,std_shared,asset,100000,1165238,11.65238,65000400000
82,33,frame_4096_draws_64_unique_leases,own_shared,frame,24,93867,3911.125,41287680
82,34,owner_retained_borrow_parameter,own_local_view,call,100000,63102,0.63102,2350000
82,35,resettable_root_pin_1024_borrow_reads,std_shared_pin_raw_borrow,scope,97,32029,330.195876289,2334208
82,36,async_queue_job_1_local_copies,std_shared,job,100,74642,746.42,2000
82,37,async_queue_job_1024_local_copies,std_shared,job,100,2560720,25607.2,2406400
82,38,owner_retained_borrow_copy_read,own_local_view,read,100000,30247,0.30247,2350000
82,39,group_setup_then_64_copies,own_local,group,1562,111482,71.371318822,2349248
82,40,async_queue_job_1024_borrow_reads,own_shared_then_local_view,job,100,114287,1142.87,2406400
82,41,copy_read_drop,std_shared,copy,100000,1626623,16.26623,2350000
82,42,async_queue_job_1_borrow_reads,std_shared_then_raw_borrow,job,100,62451,624.51,2000
82,43,group_setup_then_1_copies,std_shared,group,100000,3339357,33.39357,2000000
82,44,localize_read_drop,own_local,group,100000,1273273,12.73273,2350000
82,45,share_read_drop,std_shared,handoff,100000,1515514,15.15514,2350000
82,46,async_queue_job_64_borrow_reads,std_shared_then_raw_borrow,job,100,123418,1234.18,150400
82,47,scene_4096_attachments,own_local,attachment,98304,144942,1.47442626953,98304
82,48,owner_retained_4096_draw_borrows,std_raw_borrow,frame,24,49043,2043.45833333,41287680
82,49,async_queue_job_1_local_copies,own_local,job,100,80203,802.03,2000
82,50,owner_retained_borrow_parameter,std_raw_borrow,call,100000,60158,0.60158,2350000
82,51,independent_owner_parameter,std_shared,call,100000,1587841,15.87841,2350000
82,52,resource_lifecycle_64_assets_4096_objects,std_shared,cycle,10,606254,60625.4,17203200
82,53,owner_retained_4096_draw_borrows,own_local_view,frame,24,49222,2050.91666667,41287680
82,54,resource_lifecycle_64_assets_4096_objects,own_local,cycle,10,226495,22649.5,17203200
82,55,share_read_drop,own_shared,handoff,100000,1114818,11.14818,2350000
83,0,resettable_root_pin_1024_borrow_reads,own_shared_pin_local_view,scope,97,31223,321.886597938,2334208
83,1,owner_retained_4096_draw_borrows,own_local_view,frame,24,46841,1951.70833333,41287680
83,2,independent_owner_parameter,std_shared,call,100000,3658250,36.5825,2350000
83,3,owner_retained_borrow_copy_read,std_raw_borrow,read,100000,48986,0.48986,2350000
83,4,group_setup_then_1024_copies,std_shared,group,97,3690722,38048.6804124,2334208
83,5,copy_read_drop,std_shared,copy,100000,3679034,36.79034,2350000
83,6,weak_lock_live,own_shared,lock,100000,1487313,14.87313,2350000
83,7,create_read_destroy,own_local,asset,100000,4727483,47.27483,65000400000
83,8,independent_owner_parameter,own_local,call,100000,272490,2.7249,2350000
83,9,copy_read_drop,own_shared,copy,100000,6581227,65.81227,2350000
83,10,contended_copy_2_workers,std_shared,copy,200000,18733411,93.667055,4700000
83,11,localize_read_drop,own_local,group,100000,1281266,12.81266,2350000
83,12,scene_4096_attachments,std_shared,attachment,98304,3108823,31.6245829264,98304
83,13,weak_lock_expired,std_shared,lock,100000,86009,0.86009,0
83,14,async_queue_job_1024_borrow_reads,std_shared_then_raw_borrow,job,100,175439,1754.39,2406400
83,15,frame_4096_draws_64_unique_leases,own_shared,frame,24,117150,4881.25,41287680
83,16,borrow_read,raw_borrow,read,100000,39976,0.39976,2350000
83,17,contended_copy_2_workers,own_shared,copy,200000,6362543,31.812715,4700000
83,18,localize_read_drop,std_shared,group,100000,1478892,14.78892,2350000
83,19,group_setup_then_1024_copies,own_local,group,97,103329,1065.24742268,2334208
83,20,group_setup_then_8_copies,own_local,group,12500,284323,22.74584,2350000
83,21,async_queue_job_64_borrow_reads,std_shared_then_raw_borrow,job,100,44098,440.98,150400
83,22,group_setup_then_8_copies,std_shared,group,12500,1881371,150.50968,2350000
83,23,copy_read_drop,own_local,copy,100000,103811,1.03811,2350000
83,24,owner_retained_4096_draw_borrows,std_raw_borrow,frame,24,48800,2033.33333333,41287680
83,25,owner_retained_4096_parameter_borrows,own_local_view,frame,24,79787,3324.45833333,41287680
83,26,owner_retained_borrow_parameter,std_raw_borrow,call,100000,60040,0.6004,2350000
83,27,async_queue_job_64_local_copies,own_local,job,100,66476,664.76,150400
83,28,async_queue_job_1_borrow_reads,own_shared_then_local_view,job,100,50394,503.94,2000
83,29,share_read_drop,std_shared,handoff,100000,1539817,15.39817,2350000
83,30,independent_owner_parameter,own_shared,call,100000,1296886,12.96886,2350000
83,31,weak_lock_expired,own_shared,lock,100000,70732,0.70732,0
83,32,owner_retained_4096_parameter_borrows,std_raw_borrow,frame,24,76692,3195.5,41287680
83,33,scene_4096_attachments,own_local,attachment,98304,134882,1.37209065755,98304
83,34,owner_retained_borrow_parameter,own_local_view,call,100000,59967,0.59967,2350000
83,35,group_setup_then_64_copies,own_local,group,1562,111271,71.2362355954,2349248
83,36,async_queue_job_64_borrow_reads,own_shared_then_local_view,job,100,93388,933.88,150400
83,37,share_read_drop,own_shared,handoff,100000,1163324,11.63324,2350000
83,38,create_read_destroy,own_shared,asset,100000,1780448,17.80448,65000400000
83,39,resource_lifecycle_64_assets_4096_objects,own_local,cycle,10,210419,21041.9,17203200
83,40,frame_4096_draws_64_unique_leases,std_shared,frame,24,92106,3837.75,41287680
83,41,owner_retained_borrow_copy_read,own_local_view,read,100000,30121,0.30121,2350000
83,42,async_queue_job_64_local_copies,std_shared,job,100,311880,3118.8,150400
83,43,async_queue_job_1024_borrow_reads,own_shared_then_local_view,job,100,195958,1959.58,2406400
83,44,async_queue_job_1024_local_copies,own_local,job,100,328229,3282.29,2406400
83,45,create_read_destroy,std_shared,asset,100000,1250458,12.50458,65000400000
83,46,async_queue_job_1_local_copies,std_shared,job,100,73874,738.74,2000
83,47,weak_lock_live,std_shared,lock,100000,1673989,16.73989,2350000
83,48,async_queue_job_1_local_copies,own_local,job,100,68425,684.25,2000
83,49,group_setup_then_64_copies,std_shared,group,1562,1699417,1087.97503201,2349248
83,50,async_queue_job_1_borrow_reads,std_shared_then_raw_borrow,job,100,69302,693.02,2000
83,51,async_queue_job_1024_local_copies,std_shared,job,100,2444646,24446.46,2406400
83,52,resettable_root_pin_1024_borrow_reads,std_shared_pin_raw_borrow,scope,97,31394,323.649484536,2334208
83,53,resource_lifecycle_64_assets_4096_objects,std_shared,cycle,10,518932,51893.2,17203200
83,54,group_setup_then_1_copies,own_local,group,100000,1361466,13.61466,2000000
83,55,group_setup_then_1_copies,std_shared,group,100000,3336083,33.36083,2000000
84,0,async_queue_job_1024_borrow_reads,std_shared_then_raw_borrow,job,100,118271,1182.71,2406400
84,1,resettable_root_pin_1024_borrow_reads,own_shared_pin_local_view,scope,97,31457,324.298969072,2334208
84,2,share_read_drop,std_shared,handoff,100000,1468637,14.68637,2350000
84,3,weak_lock_live,std_shared,lock,100000,1683950,16.8395,2350000
84,4,owner_retained_4096_parameter_borrows,std_raw_borrow,frame,24,77119,3213.29166667,41287680
84,5,contended_copy_2_workers,own_shared,copy,200000,8212795,41.063975,4700000
84,6,resource_lifecycle_64_assets_4096_objects,std_shared,cycle,10,533767,53376.7,17203200
84,7,async_queue_job_1_local_copies,std_shared,job,100,82982,829.82,2000
84,8,weak_lock_expired,own_shared,lock,100000,68673,0.68673,0
84,9,async_queue_job_1024_borrow_reads,own_shared_then_local_view,job,100,142085,1420.85,2406400
84,10,resettable_root_pin_1024_borrow_reads,std_shared_pin_raw_borrow,scope,97,31935,329.226804124,2334208
84,11,weak_lock_live,own_shared,lock,100000,1479462,14.79462,2350000
84,12,async_queue_job_1_borrow_reads,own_shared_then_local_view,job,100,56719,567.19,2000
84,13,owner_retained_borrow_copy_read,own_local_view,read,100000,32402,0.32402,2350000
84,14,group_setup_then_8_copies,std_shared,group,12500,1873399,149.87192,2350000
84,15,async_queue_job_64_borrow_reads,own_shared_then_local_view,job,100,81022,810.22,150400
84,16,owner_retained_4096_draw_borrows,own_local_view,frame,24,48122,2005.08333333,41287680
84,17,localize_read_drop,std_shared,group,100000,1505515,15.05515,2350000
84,18,resource_lifecycle_64_assets_4096_objects,own_local,cycle,10,196875,19687.5,17203200
84,19,group_setup_then_64_copies,std_shared,group,1562,1687100,1080.08962868,2349248
84,20,async_queue_job_1024_local_copies,own_local,job,100,296920,2969.2,2406400
84,21,async_queue_job_64_borrow_reads,std_shared_then_raw_borrow,job,100,75110,751.1,150400
84,22,independent_owner_parameter,own_shared,call,100000,1518232,15.18232,2350000
84,23,weak_lock_expired,std_shared,lock,100000,92720,0.9272,0
84,24,async_queue_job_1024_local_copies,std_shared,job,100,2415376,24153.76,2406400
84,25,async_queue_job_64_local_copies,own_local,job,100,104232,1042.32,150400
84,26,group_setup_then_64_copies,own_local,group,1562,111380,71.3060179257,2349248
84,27,owner_retained_4096_draw_borrows,std_raw_borrow,frame,24,71513,2979.70833333,41287680
84,28,independent_owner_parameter,own_local,call,100000,125505,1.25505,2350000
84,29,async_queue_job_64_local_copies,std_shared,job,100,358643,3586.43,150400
84,30,frame_4096_draws_64_unique_leases,std_shared,frame,24,90848,3785.33333333,41287680
84,31,group_setup_then_1_copies,std_shared,group,100000,3398626,33.98626,2000000
84,32,create_read_destroy,std_shared,asset,100000,1243903,12.43903,65000400000
84,33,owner_retained_borrow_parameter,own_local_view,call,100000,62058,0.62058,2350000
84,34,copy_read_drop,std_shared,copy,100000,1522230,15.2223,2350000
84,35,share_read_drop,own_shared,handoff,100000,1189821,11.89821,2350000
84,36,borrow_read,raw_borrow,read,100000,46683,0.46683,2350000
84,37,copy_read_drop,own_local,copy,100000,105952,1.05952,2350000
84,38,group_setup_then_8_copies,own_local,group,12500,277911,22.23288,2350000
84,39,group_setup_then_1_copies,own_local,group,100000,1478837,14.78837,2000000
84,40,group_setup_then_1024_copies,std_shared,group,97,1812141,18681.8659794,2334208
84,41,async_queue_job_1_local_copies,own_local,job,100,56944,569.44,2000
84,42,contended_copy_2_workers,std_shared,copy,200000,13469928,67.34964,4700000
84,43,frame_4096_draws_64_unique_leases,own_shared,frame,24,95585,3982.70833333,41287680
84,44,localize_read_drop,own_local,group,100000,1362952,13.62952,2350000
84,45,scene_4096_attachments,own_local,attachment,98304,143374,1.4584757487,98304
84,46,create_read_destroy,own_shared,asset,100000,1815399,18.15399,65000400000
84,47,scene_4096_attachments,std_shared,attachment,98304,949995,9.66384887695,98304
84,48,owner_retained_borrow_parameter,std_raw_borrow,call,100000,63900,0.639,2350000
84,49,owner_retained_4096_parameter_borrows,own_local_view,frame,24,77918,3246.58333333,41287680
84,50,create_read_destroy,own_local,asset,100000,1920348,19.20348,65000400000
84,51,group_setup_then_1024_copies,own_local,group,97,118936,1226.1443299,2334208
84,52,async_queue_job_1_borrow_reads,std_shared_then_raw_borrow,job,100,57501,575.01,2000
84,53,copy_read_drop,own_shared,copy,100000,1363637,13.63637,2350000
84,54,independent_owner_parameter,std_shared,call,100000,1674143,16.74143,2350000
84,55,owner_retained_borrow_copy_read,std_raw_borrow,read,100000,30154,0.30154,2350000
85,0,owner_retained_4096_draw_borrows,std_raw_borrow,frame,24,81656,3402.33333333,41287680
85,1,contended_copy_2_workers,own_shared,copy,200000,7189276,35.94638,4700000
85,2,group_setup_then_1_copies,own_local,group,100000,1366482,13.66482,2000000
85,3,async_queue_job_1024_borrow_reads,std_shared_then_raw_borrow,job,100,86739,867.39,2406400
85,4,localize_read_drop,own_local,group,100000,1385107,13.85107,2350000
85,5,localize_read_drop,std_shared,group,100000,1569779,15.69779,2350000
85,6,owner_retained_borrow_copy_read,own_local_view,read,100000,123644,1.23644,2350000
85,7,owner_retained_4096_draw_borrows,own_local_view,frame,24,48780,2032.5,41287680
85,8,async_queue_job_1024_borrow_reads,own_shared_then_local_view,job,100,106915,1069.15,2406400
85,9,independent_owner_parameter,own_local,call,100000,131321,1.31321,2350000
85,10,copy_read_drop,own_local,copy,100000,105360,1.0536,2350000
85,11,group_setup_then_64_copies,own_local,group,1562,129667,83.0134443022,2349248
85,12,contended_copy_2_workers,std_shared,copy,200000,13549099,67.745495,4700000
85,13,resource_lifecycle_64_assets_4096_objects,own_local,cycle,10,225890,22589,17203200
85,14,frame_4096_draws_64_unique_leases,own_shared,frame,24,93392,3891.33333333,41287680
85,15,async_queue_job_1_borrow_reads,std_shared_then_raw_borrow,job,100,47899,478.99,2000
85,16,async_queue_job_1_borrow_reads,own_shared_then_local_view,job,100,49738,497.38,2000
85,17,scene_4096_attachments,std_shared,attachment,98304,938709,9.54904174805,98304
85,18,copy_read_drop,own_shared,copy,100000,1292798,12.92798,2350000
85,19,group_setup_then_64_copies,std_shared,group,1562,1721524,1102.12804097,2349248
85,20,group_setup_then_1024_copies,own_local,group,97,87822,905.381443299,2334208
85,21,owner_retained_borrow_parameter,std_raw_borrow,call,100000,64330,0.6433,2350000
85,22,resettable_root_pin_1024_borrow_reads,std_shared_pin_raw_borrow,scope,97,31629,326.072164948,2334208
85,23,resource_lifecycle_64_assets_4096_objects,std_shared,cycle,10,505650,50565,17203200
85,24,owner_retained_borrow_copy_read,std_raw_borrow,read,100000,30076,0.30076,2350000
85,25,group_setup_then_1_copies,std_shared,group,100000,3366184,33.66184,2000000
85,26,owner_retained_borrow_parameter,own_local_view,call,100000,59972,0.59972,2350000
85,27,weak_lock_live,std_shared,lock,100000,1682489,16.82489,2350000
85,28,create_read_destroy,own_local,asset,100000,1961261,19.61261,65000400000
85,29,independent_owner_parameter,own_shared,call,100000,1293851,12.93851,2350000
85,30,async_queue_job_1_local_copies,own_local,job,100,67627,676.27,2000
85,31,async_queue_job_64_borrow_reads,own_shared_then_local_view,job,100,65200,652,150400
85,32,async_queue_job_64_local_copies,std_shared,job,100,304886,3048.86,150400
85,33,independent_owner_parameter,std_shared,call,100000,1672899,16.72899,2350000
85,34,async_queue_job_1_local_copies,std_shared,job,100,56221,562.21,2000
85,35,weak_lock_expired,std_shared,lock,100000,77199,0.77199,0
85,36,resettable_root_pin_1024_borrow_reads,own_shared_pin_local_view,scope,97,31456,324.288659794,2334208
85,37,share_read_drop,own_shared,handoff,100000,1248856,12.48856,2350000
85,38,group_setup_then_8_copies,std_shared,group,12500,1892146,151.37168,2350000
85,39,group_setup_then_1024_copies,std_shared,group,97,1669262,17208.8865979,2334208
85,40,async_queue_job_64_borrow_reads,std_shared_then_raw_borrow,job,100,58842,588.42,150400
85,41,create_read_destroy,own_shared,asset,100000,1798382,17.98382,65000400000
85,42,frame_4096_draws_64_unique_leases,std_shared,frame,24,90041,3751.70833333,41287680
85,43,owner_retained_4096_parameter_borrows,own_local_view,frame,24,78526,3271.91666667,41287680
85,44,async_queue_job_1024_local_copies,std_shared,job,100,2597950,25979.5,2406400
85,45,owner_retained_4096_parameter_borrows,std_raw_borrow,frame,24,77409,3225.375,41287680
85,46,share_read_drop,std_shared,handoff,100000,1472914,14.72914,2350000
85,47,group_setup_then_8_copies,own_local,group,12500,306981,24.55848,2350000
85,48,weak_lock_expired,own_shared,lock,100000,70727,0.70727,0
85,49,create_read_destroy,std_shared,asset,100000,1140763,11.40763,65000400000
85,50,async_queue_job_64_local_copies,own_local,job,100,114178,1141.78,150400
85,51,scene_4096_attachments,own_local,attachment,98304,141170,1.4360555013,98304
85,52,async_queue_job_1024_local_copies,own_local,job,100,346808,3468.08,2406400
85,53,weak_lock_live,own_shared,lock,100000,1499276,14.99276,2350000
85,54,copy_read_drop,std_shared,copy,100000,1674609,16.74609,2350000
85,55,borrow_read,raw_borrow,read,100000,35323,0.35323,2350000
86,0,async_queue_job_1024_borrow_reads,own_shared_then_local_view,job,100,286895,2868.95,2406400
86,1,async_queue_job_64_borrow_reads,std_shared_then_raw_borrow,job,100,88060,880.6,150400
86,2,owner_retained_4096_parameter_borrows,own_local_view,frame,24,76330,3180.41666667,41287680
86,3,group_setup_then_1_copies,own_local,group,100000,1347400,13.474,2000000
86,4,owner_retained_4096_draw_borrows,own_local_view,frame,24,46968,1957,41287680
86,5,resource_lifecycle_64_assets_4096_objects,own_local,cycle,10,213429,21342.9,17203200
86,6,owner_retained_borrow_copy_read,own_local_view,read,100000,30985,0.30985,2350000
86,7,independent_owner_parameter,std_shared,call,100000,1658159,16.58159,2350000
86,8,async_queue_job_1_local_copies,std_shared,job,100,58329,583.29,2000
86,9,group_setup_then_64_copies,std_shared,group,1562,1701590,1089.36619718,2349248
86,10,weak_lock_live,std_shared,lock,100000,1692062,16.92062,2350000
86,11,localize_read_drop,own_local,group,100000,1281655,12.81655,2350000
86,12,resource_lifecycle_64_assets_4096_objects,std_shared,cycle,10,531885,53188.5,17203200
86,13,owner_retained_borrow_parameter,own_local_view,call,100000,59985,0.59985,2350000
86,14,group_setup_then_1024_copies,own_local,group,97,87331,900.319587629,2334208
86,15,copy_read_drop,std_shared,copy,100000,1648319,16.48319,2350000
86,16,contended_copy_2_workers,own_shared,copy,200000,6393128,31.96564,4700000
86,17,async_queue_job_1_local_copies,own_local,job,100,71304,713.04,2000
86,18,localize_read_drop,std_shared,group,100000,1474932,14.74932,2350000
86,19,group_setup_then_1_copies,std_shared,group,100000,3325455,33.25455,2000000
86,20,scene_4096_attachments,own_local,attachment,98304,132699,1.3498840332,98304
86,21,frame_4096_draws_64_unique_leases,own_shared,frame,24,85539,3564.125,41287680
86,22,owner_retained_4096_draw_borrows,std_raw_borrow,frame,24,48250,2010.41666667,41287680
86,23,copy_read_drop,own_local,copy,100000,105840,1.0584,2350000
86,24,owner_retained_4096_parameter_borrows,std_raw_borrow,frame,24,76123,3171.79166667,41287680
86,25,copy_read_drop,own_shared,copy,100000,1337224,13.37224,2350000
86,26,independent_owner_parameter,own_local,call,100000,124606,1.24606,2350000
86,27,create_read_destroy,std_shared,asset,100000,1184503,11.84503,65000400000
86,28,create_read_destroy,own_shared,asset,100000,1780657,17.80657,65000400000
86,29,async_queue_job_1024_borrow_reads,std_shared_then_raw_borrow,job,100,105466,1054.66,2406400
86,30,owner_retained_borrow_copy_read,std_raw_borrow,read,100000,30530,0.3053,2350000
86,31,share_read_drop,std_shared,handoff,100000,1458447,14.58447,2350000
86,32,create_read_destroy,own_local,asset,100000,1898421,18.98421,65000400000
86,33,group_setup_then_1024_copies,std_shared,group,97,1666965,17185.2061856,2334208
86,34,async_queue_job_64_borrow_reads,own_shared_then_local_view,job,100,93391,933.91,150400
86,35,async_queue_job_1024_local_copies,own_local,job,100,314555,3145.55,2406400
86,36,async_queue_job_64_local_copies,std_shared,job,100,301621,3016.21,150400
86,37,weak_lock_live,own_shared,lock,100000,1489264,14.89264,2350000
86,38,weak_lock_expired,std_shared,lock,100000,77283,0.77283,0
86,39,async_queue_job_1024_local_copies,std_shared,job,100,2457750,24577.5,2406400
86,40,resettable_root_pin_1024_borrow_reads,own_shared_pin_local_view,scope,97,42733,440.546391753,2334208
86,41,borrow_read,raw_borrow,read,100000,35544,0.35544,2350000
86,42,scene_4096_attachments,std_shared,attachment,98304,919694,9.35561116536,98304
86,43,resettable_root_pin_1024_borrow_reads,std_shared_pin_raw_borrow,scope,97,44237,456.051546392,2334208
86,44,independent_owner_parameter,own_shared,call,100000,1310209,13.10209,2350000
86,45,async_queue_job_1_borrow_reads,std_shared_then_raw_borrow,job,100,51850,518.5,2000
86,46,async_queue_job_1_borrow_reads,own_shared_then_local_view,job,100,65963,659.63,2000
86,47,group_setup_then_64_copies,own_local,group,1562,112576,72.0717029449,2349248
86,48,async_queue_job_64_local_copies,own_local,job,100,68441,684.41,150400
86,49,frame_4096_draws_64_unique_leases,std_shared,frame,24,84318,3513.25,41287680
86,50,contended_copy_2_workers,std_shared,copy,200000,12170057,60.850285,4700000
86,51,owner_retained_borrow_parameter,std_raw_borrow,call,100000,64527,0.64527,2350000
86,52,group_setup_then_8_copies,std_shared,group,12500,1867788,149.42304,2350000
86,53,group_setup_then_8_copies,own_local,group,12500,293232,23.45856,2350000
86,54,share_read_drop,own_shared,handoff,100000,1135554,11.35554,2350000
86,55,weak_lock_expired,own_shared,lock,100000,74810,0.7481,0
87,0,async_queue_job_1_borrow_reads,std_shared_then_raw_borrow,job,100,49934,499.34,2000
87,1,frame_4096_draws_64_unique_leases,std_shared,frame,24,86148,3589.5,41287680
87,2,async_queue_job_1_borrow_reads,own_shared_then_local_view,job,100,59934,599.34,2000
87,3,owner_retained_borrow_copy_read,std_raw_borrow,read,100000,30230,0.3023,2350000
87,4,create_read_destroy,own_local,asset,100000,1927576,19.27576,65000400000
87,5,owner_retained_borrow_parameter,std_raw_borrow,call,100000,59934,0.59934,2350000
87,6,share_read_drop,std_shared,handoff,100000,1502016,15.02016,2350000
87,7,resource_lifecycle_64_assets_4096_objects,own_local,cycle,10,208722,20872.2,17203200
87,8,resettable_root_pin_1024_borrow_reads,own_shared_pin_local_view,scope,97,31482,324.556701031,2334208
87,9,weak_lock_live,own_shared,lock,100000,1484376,14.84376,2350000
87,10,async_queue_job_1_local_copies,own_local,job,100,64629,646.29,2000
87,11,independent_owner_parameter,own_local,call,100000,125129,1.25129,2350000
87,12,async_queue_job_64_local_copies,own_local,job,100,83745,837.45,150400
87,13,async_queue_job_64_borrow_reads,own_shared_then_local_view,job,100,72528,725.28,150400
87,14,localize_read_drop,own_local,group,100000,1286419,12.86419,2350000
87,15,weak_lock_expired,std_shared,lock,100000,77096,0.77096,0
87,16,group_setup_then_1_copies,std_shared,group,100000,3340480,33.4048,2000000
87,17,frame_4096_draws_64_unique_leases,own_shared,frame,24,89961,3748.375,41287680
87,18,owner_retained_4096_parameter_borrows,own_local_view,frame,24,88496,3687.33333333,41287680
87,19,group_setup_then_8_copies,std_shared,group,12500,1873295,149.8636,2350000
87,20,owner_retained_4096_draw_borrows,own_local_view,frame,24,58649,2443.70833333,41287680
87,21,resettable_root_pin_1024_borrow_reads,std_shared_pin_raw_borrow,scope,97,32445,334.484536082,2334208
87,22,group_setup_then_1_copies,own_local,group,100000,1346124,13.46124,2000000
87,23,borrow_read,raw_borrow,read,100000,34998,0.34998,2350000
87,24,copy_read_drop,own_local,copy,100000,110056,1.10056,2350000
87,25,group_setup_then_1024_copies,own_local,group,97,86600,892.783505155,2334208
87,26,weak_lock_live,std_shared,lock,100000,1684711,16.84711,2350000
87,27,scene_4096_attachments,std_shared,attachment,98304,930000,9.46044921875,98304
87,28,async_queue_job_1024_borrow_reads,std_shared_then_raw_borrow,job,100,118941,1189.41,2406400
87,29,create_read_destroy,own_shared,asset,100000,1781412,17.81412,65000400000
87,30,async_queue_job_1_local_copies,std_shared,job,100,75406,754.06,2000
87,31,scene_4096_attachments,own_local,attachment,98304,143472,1.45947265625,98304
87,32,group_setup_then_8_copies,own_local,group,12500,225105,18.0084,2350000
87,33,localize_read_drop,std_shared,group,100000,1485331,14.85331,2350000
87,34,group_setup_then_1024_copies,std_shared,group,97,1641785,16925.6185567,2334208
87,35,owner_retained_4096_draw_borrows,std_raw_borrow,frame,24,49970,2082.08333333,41287680
87,36,async_queue_job_1024_local_copies,std_shared,job,100,2477063,24770.63,2406400
87,37,copy_read_drop,own_shared,copy,100000,1642488,16.42488,2350000
87,38,group_setup_then_64_copies,own_local,group,1562,167093,106.973751601,2349248
87,39,contended_copy_2_workers,own_shared,copy,200000,9721450,48.60725,4700000
87,40,async_queue_job_1024_borrow_reads,own_shared_then_local_view,job,100,137953,1379.53,2406400
87,41,group_setup_then_64_copies,std_shared,group,1562,1674376,1071.94366197,2349248
87,42,create_read_destroy,std_shared,asset,100000,1629616,16.29616,65000400000
87,43,owner_retained_borrow_copy_read,own_local_view,read,100000,44778,0.44778,2350000
87,44,async_queue_job_64_local_copies,std_shared,job,100,257099,2570.99,150400
87,45,owner_retained_4096_parameter_borrows,std_raw_borrow,frame,24,166615,6942.29166667,41287680
87,46,independent_owner_parameter,std_shared,call,100000,1928804,19.28804,2350000
87,47,async_queue_job_1024_local_copies,own_local,job,100,277651,2776.51,2406400
87,48,contended_copy_2_workers,std_shared,copy,200000,17885895,89.429475,4700000
87,49,owner_retained_borrow_parameter,own_local_view,call,100000,107537,1.07537,2350000
87,50,async_queue_job_64_borrow_reads,std_shared_then_raw_borrow,job,100,74594,745.94,150400
87,51,copy_read_drop,std_shared,copy,100000,1709393,17.09393,2350000
87,52,weak_lock_expired,own_shared,lock,100000,101610,1.0161,0
87,53,independent_owner_parameter,own_shared,call,100000,1784229,17.84229,2350000
87,54,share_read_drop,own_shared,handoff,100000,1579630,15.7963,2350000
87,55,resource_lifecycle_64_assets_4096_objects,std_shared,cycle,10,676572,67657.2,17203200
88,0,weak_lock_expired,own_shared,lock,100000,122671,1.22671,0
88,1,independent_owner_parameter,std_shared,call,100000,1632187,16.32187,2350000
88,2,resettable_root_pin_1024_borrow_reads,own_shared_pin_local_view,scope,97,49207,507.288659794,2334208
88,3,weak_lock_live,std_shared,lock,100000,2237443,22.37443,2350000
88,4,group_setup_then_64_copies,own_local,group,1562,153038,97.9756722151,2349248
88,5,create_read_destroy,own_local,asset,100000,2898187,28.98187,65000400000
88,6,async_queue_job_1_local_copies,std_shared,job,100,93623,936.23,2000
88,7,create_read_destroy,own_shared,asset,100000,2675180,26.7518,65000400000
88,8,copy_read_drop,own_local,copy,100000,171048,1.71048,2350000
88,9,group_setup_then_8_copies,own_local,group,12500,361544,28.92352,2350000
88,10,independent_owner_parameter,own_shared,call,100000,1719463,17.19463,2350000
88,11,async_queue_job_1_local_copies,own_local,job,100,65960,659.6,2000
88,12,async_queue_job_1_borrow_reads,std_shared_then_raw_borrow,job,100,37424,374.24,2000
88,13,group_setup_then_1024_copies,own_local,group,97,128596,1325.73195876,2334208
88,14,async_queue_job_64_local_copies,std_shared,job,100,254990,2549.9,150400
88,15,async_queue_job_1024_borrow_reads,own_shared_then_local_view,job,100,184143,1841.43,2406400
88,16,weak_lock_expired,std_shared,lock,100000,174884,1.74884,0
88,17,independent_owner_parameter,own_local,call,100000,229980,2.2998,2350000
88,18,borrow_read,raw_borrow,read,100000,90538,0.90538,2350000
88,19,copy_read_drop,own_shared,copy,100000,1983881,19.83881,2350000
88,20,contended_copy_2_workers,own_shared,copy,200000,9146538,45.73269,4700000
88,21,localize_read_drop,std_shared,group,100000,2000937,20.00937,2350000
88,22,async_queue_job_1024_local_copies,std_shared,job,100,2497989,24979.89,2406400
88,23,async_queue_job_1024_local_copies,own_local,job,100,310763,3107.63,2406400
88,24,scene_4096_attachments,std_shared,attachment,98304,1182281,12.0267842611,98304
88,25,owner_retained_4096_parameter_borrows,std_raw_borrow,frame,24,153444,6393.5,41287680
88,26,localize_read_drop,own_local,group,100000,1782305,17.82305,2350000
88,27,owner_retained_borrow_parameter,own_local_view,call,100000,89903,0.89903,2350000
88,28,copy_read_drop,std_shared,copy,100000,1916951,19.16951,2350000
88,29,share_read_drop,own_shared,handoff,100000,1495829,14.95829,2350000
88,30,owner_retained_4096_draw_borrows,own_local_view,frame,24,122157,5089.875,41287680
88,31,weak_lock_live,own_shared,lock,100000,1814870,18.1487,2350000
88,32,resource_lifecycle_64_assets_4096_objects,own_local,cycle,10,335021,33502.1,17203200
88,33,share_read_drop,std_shared,handoff,100000,1948816,19.48816,2350000
88,34,create_read_destroy,std_shared,asset,100000,1545327,15.45327,65000400000
88,35,owner_retained_4096_draw_borrows,std_raw_borrow,frame,24,79789,3324.54166667,41287680
88,36,owner_retained_borrow_copy_read,own_local_view,read,100000,64242,0.64242,2350000
88,37,owner_retained_4096_parameter_borrows,own_local_view,frame,24,125107,5212.79166667,41287680
88,38,group_setup_then_1_copies,std_shared,group,100000,3573770,35.7377,2000000
88,39,async_queue_job_1_borrow_reads,own_shared_then_local_view,job,100,70251,702.51,2000
88,40,group_setup_then_1_copies,own_local,group,100000,1832492,18.32492,2000000
88,41,resource_lifecycle_64_assets_4096_objects,std_shared,cycle,10,850144,85014.4,17203200
88,42,async_queue_job_64_local_copies,own_local,job,100,96077,960.77,150400
88,43,frame_4096_draws_64_unique_leases,own_shared,frame,24,248093,10337.2083333,41287680
88,44,frame_4096_draws_64_unique_leases,std_shared,frame,24,231472,9644.66666667,41287680
88,45,scene_4096_attachments,own_local,attachment,98304,312943,3.18342081706,98304
88,46,owner_retained_borrow_parameter,std_raw_borrow,call,100000,129839,1.29839,2350000
88,47,async_queue_job_1024_borrow_reads,std_shared_then_raw_borrow,job,100,180458,1804.58,2406400
88,48,group_setup_then_8_copies,std_shared,group,12500,2376278,190.10224,2350000
88,49,async_queue_job_64_borrow_reads,own_shared_then_local_view,job,100,69423,694.23,150400
88,50,group_setup_then_64_copies,std_shared,group,1562,2091616,1339.06274008,2349248
88,51,contended_copy_2_workers,std_shared,copy,200000,17285206,86.42603,4700000
88,52,async_queue_job_64_borrow_reads,std_shared_then_raw_borrow,job,100,96788,967.88,150400
88,53,owner_retained_borrow_copy_read,std_raw_borrow,read,100000,41351,0.41351,2350000
88,54,group_setup_then_1024_copies,std_shared,group,97,1691138,17434.4123711,2334208
88,55,resettable_root_pin_1024_borrow_reads,std_shared_pin_raw_borrow,scope,97,50212,517.649484536,2334208
89,0,async_queue_job_1_borrow_reads,std_shared_then_raw_borrow,job,100,69215,692.15,2000
89,1,owner_retained_4096_parameter_borrows,own_local_view,frame,24,112524,4688.5,41287680
89,2,weak_lock_live,own_shared,lock,100000,1932197,19.32197,2350000
89,3,owner_retained_borrow_copy_read,own_local_view,read,100000,41400,0.414,2350000
89,4,async_queue_job_1024_local_copies,own_local,job,100,302559,3025.59,2406400
89,5,contended_copy_2_workers,own_shared,copy,200000,9573398,47.86699,4700000
89,6,contended_copy_2_workers,std_shared,copy,200000,17860508,89.30254,4700000
89,7,weak_lock_expired,own_shared,lock,100000,133210,1.3321,0
89,8,async_queue_job_1_local_copies,own_local,job,100,104617,1046.17,2000
89,9,owner_retained_4096_draw_borrows,own_local_view,frame,24,78386,3266.08333333,41287680
89,10,scene_4096_attachments,own_local,attachment,98304,201167,2.04637654622,98304
89,11,group_setup_then_1024_copies,own_local,group,97,128425,1323.96907216,2334208
89,12,independent_owner_parameter,std_shared,call,100000,1636084,16.36084,2350000
89,13,borrow_read,raw_borrow,read,100000,52372,0.52372,2350000
89,14,create_read_destroy,own_shared,asset,100000,2633077,26.33077,65000400000
89,15,owner_retained_borrow_copy_read,std_raw_borrow,read,100000,41279,0.41279,2350000
89,16,resettable_root_pin_1024_borrow_reads,own_shared_pin_local_view,scope,97,45258,466.577319588,2334208
89,17,owner_retained_4096_parameter_borrows,std_raw_borrow,frame,24,126281,5261.70833333,41287680
89,18,group_setup_then_1_copies,std_shared,group,100000,3427495,34.27495,2000000
89,19,resource_lifecycle_64_assets_4096_objects,own_local,cycle,10,574927,57492.7,17203200
89,20,frame_4096_draws_64_unique_leases,own_shared,frame,24,162973,6790.54166667,41287680
89,21,share_read_drop,own_shared,handoff,100000,1496527,14.96527,2350000
89,22,owner_retained_4096_draw_borrows,std_raw_borrow,frame,24,80387,3349.45833333,41287680
89,23,group_setup_then_64_copies,own_local,group,1562,153826,98.4801536492,2349248
89,24,create_read_destroy,own_local,asset,100000,2906807,29.06807,65000400000
89,25,async_queue_job_1024_borrow_reads,own_shared_then_local_view,job,100,136074,1360.74,2406400
89,26,async_queue_job_64_local_copies,own_local,job,100,78413,784.13,150400
89,27,resettable_root_pin_1024_borrow_reads,std_shared_pin_raw_borrow,scope,97,47239,487,2334208
89,28,weak_lock_live,std_shared,lock,100000,2088157,20.88157,2350000
89,29,owner_retained_borrow_parameter,own_local_view,call,100000,85340,0.8534,2350000
89,30,localize_read_drop,std_shared,group,100000,1799723,17.99723,2350000
89,31,async_queue_job_1024_local_copies,std_shared,job,100,4039094,40390.94,2406400
89,32,copy_read_drop,own_local,copy,100000,117698,1.17698,2350000
89,33,group_setup_then_8_copies,own_local,group,12500,268417,21.47336,2350000
89,34,async_queue_job_1_local_copies,std_shared,job,100,99420,994.2,2000
89,35,group_setup_then_1_copies,own_local,group,100000,1462655,14.62655,2000000
89,36,frame_4096_draws_64_unique_leases,std_shared,frame,24,113437,4726.54166667,41287680
89,37,copy_read_drop,own_shared,copy,100000,1429879,14.29879,2350000
89,38,async_queue_job_1_borrow_reads,own_shared_then_local_view,job,100,54358,543.58,2000
89,39,copy_read_drop,std_shared,copy,100000,1711296,17.11296,2350000
89,40,independent_owner_parameter,own_shared,call,100000,1307135,13.07135,2350000
89,41,independent_owner_parameter,own_local,call,100000,112404,1.12404,2350000
89,42,weak_lock_expired,std_shared,lock,100000,100551,1.00551,0
89,43,scene_4096_attachments,std_shared,attachment,98304,930648,9.46704101562,98304
89,44,resource_lifecycle_64_assets_4096_objects,std_shared,cycle,10,530142,53014.2,17203200
89,45,async_queue_job_64_borrow_reads,own_shared_then_local_view,job,100,67929,679.29,150400
89,46,share_read_drop,std_shared,handoff,100000,1459254,14.59254,2350000
89,47,owner_retained_borrow_parameter,std_raw_borrow,call,100000,60076,0.60076,2350000
89,48,async_queue_job_64_borrow_reads,std_shared_then_raw_borrow,job,100,62364,623.64,150400
89,49,create_read_destroy,std_shared,asset,100000,1225311,12.25311,65000400000
89,50,group_setup_then_64_copies,std_shared,group,1562,1744576,1116.88604353,2349248
89,51,async_queue_job_1024_borrow_reads,std_shared_then_raw_borrow,job,100,188099,1880.99,2406400
89,52,localize_read_drop,own_local,group,100000,1280646,12.80646,2350000
89,53,async_queue_job_64_local_copies,std_shared,job,100,200437,2004.37,150400
89,54,group_setup_then_1024_copies,std_shared,group,97,1680426,17323.9793814,2334208
89,55,group_setup_then_8_copies,std_shared,group,12500,1893246,151.45968,2350000
90,0,weak_lock_live,std_shared,lock,100000,1689107,16.89107,2350000
90,1,owner_retained_4096_draw_borrows,own_local_view,frame,24,51841,2160.04166667,41287680
90,2,localize_read_drop,std_shared,group,100000,1470367,14.70367,2350000
90,3,resource_lifecycle_64_assets_4096_objects,own_local,cycle,10,199521,19952.1,17203200
90,4,copy_read_drop,own_local,copy,100000,99044,0.99044,2350000
90,5,async_queue_job_1024_local_copies,own_local,job,100,374142,3741.42,2406400
90,6,resource_lifecycle_64_assets_4096_objects,std_shared,cycle,10,551681,55168.1,17203200
90,7,localize_read_drop,own_local,group,100000,1398809,13.98809,2350000
90,8,group_setup_then_1024_copies,own_local,group,97,95182,981.257731959,2334208
90,9,frame_4096_draws_64_unique_leases,std_shared,frame,24,94078,3919.91666667,41287680
90,10,owner_retained_borrow_parameter,std_raw_borrow,call,100000,69569,0.69569,2350000
90,11,async_queue_job_64_borrow_reads,own_shared_then_local_view,job,100,107456,1074.56,150400
90,12,create_read_destroy,own_shared,asset,100000,1879031,18.79031,65000400000
90,13,owner_retained_4096_parameter_borrows,std_raw_borrow,frame,24,83150,3464.58333333,41287680
90,14,async_queue_job_1_local_copies,std_shared,job,100,69270,692.7,2000
90,15,group_setup_then_1_copies,std_shared,group,100000,3372034,33.72034,2000000
90,16,weak_lock_live,own_shared,lock,100000,1513145,15.13145,2350000
90,17,async_queue_job_1_local_copies,own_local,job,100,53995,539.95,2000
90,18,frame_4096_draws_64_unique_leases,own_shared,frame,24,94571,3940.45833333,41287680
90,19,independent_owner_parameter,own_shared,call,100000,1294759,12.94759,2350000
90,20,owner_retained_4096_parameter_borrows,own_local_view,frame,24,77867,3244.45833333,41287680
90,21,group_setup_then_1024_copies,std_shared,group,97,1957140,20176.7010309,2334208
90,22,async_queue_job_1024_borrow_reads,std_shared_then_raw_borrow,job,100,130078,1300.78,2406400
90,23,weak_lock_expired,std_shared,lock,100000,90630,0.9063,0
90,24,copy_read_drop,own_shared,copy,100000,1346684,13.46684,2350000
90,25,owner_retained_borrow_copy_read,own_local_view,read,100000,31374,0.31374,2350000
90,26,async_queue_job_1_borrow_reads,std_shared_then_raw_borrow,job,100,147559,1475.59,2000
90,27,group_setup_then_64_copies,own_local,group,1562,110069,70.466709347,2349248
90,28,share_read_drop,own_shared,handoff,100000,1119650,11.1965,2350000
90,29,async_queue_job_1_borrow_reads,own_shared_then_local_view,job,100,57448,574.48,2000
90,30,create_read_destroy,std_shared,asset,100000,1249586,12.49586,65000400000
90,31,async_queue_job_64_local_copies,std_shared,job,100,341560,3415.6,150400
90,32,group_setup_then_8_copies,own_local,group,12500,272365,21.7892,2350000
90,33,independent_owner_parameter,std_shared,call,100000,1790739,17.90739,2350000
90,34,owner_retained_borrow_parameter,own_local_view,call,100000,69597,0.69597,2350000
90,35,borrow_read,raw_borrow,read,100000,38213,0.38213,2350000
90,36,group_setup_then_64_copies,std_shared,group,1562,1865603,1194.3681178,2349248
90,37,weak_lock_expired,own_shared,lock,100000,76590,0.7659,0
90,38,async_queue_job_64_local_copies,own_local,job,100,76411,764.11,150400
90,39,async_queue_job_64_borrow_reads,std_shared_then_raw_borrow,job,100,58187,581.87,150400
90,40,contended_copy_2_workers,own_shared,copy,200000,8572258,42.86129,4700000
90,41,async_queue_job_1024_local_copies,std_shared,job,100,2465079,24650.79,2406400
90,42,contended_copy_2_workers,std_shared,copy,200000,17016785,85.083925,4700000
90,43,group_setup_then_8_copies,std_shared,group,12500,1880160,150.4128,2350000
90,44,copy_read_drop,std_shared,copy,100000,1656558,16.56558,2350000
90,45,independent_owner_parameter,own_local,call,100000,111908,1.11908,2350000
90,46,resettable_root_pin_1024_borrow_reads,std_shared_pin_raw_borrow,scope,97,31593,325.701030928,2334208
90,47,async_queue_job_1024_borrow_reads,own_shared_then_local_view,job,100,1707640,17076.4,2406400
90,48,resettable_root_pin_1024_borrow_reads,own_shared_pin_local_view,scope,97,51073,526.525773196,2334208
90,49,scene_4096_attachments,own_local,attachment,98304,148685,1.51250203451,98304
90,50,share_read_drop,std_shared,handoff,100000,1523543,15.23543,2350000
90,51,create_read_destroy,own_local,asset,100000,1939670,19.3967,65000400000
90,52,scene_4096_attachments,std_shared,attachment,98304,937975,9.54157511393,98304
90,53,owner_retained_borrow_copy_read,std_raw_borrow,read,100000,30189,0.30189,2350000
90,54,owner_retained_4096_draw_borrows,std_raw_borrow,frame,24,51072,2128,41287680
90,55,group_setup_then_1_copies,own_local,group,100000,1380754,13.80754,2000000
91,0,group_setup_then_64_copies,own_local,group,1562,112262,71.8706786172,2349248
91,1,group_setup_then_64_copies,std_shared,group,1562,1714295,1097.5,2349248
91,2,contended_copy_2_workers,std_shared,copy,200000,17129630,85.64815,4700000
91,3,async_queue_job_64_borrow_reads,std_shared_then_raw_borrow,job,100,65101,651.01,150400
91,4,group_setup_then_8_copies,std_shared,group,12500,1883002,150.64016,2350000
91,5,owner_retained_borrow_parameter,std_raw_borrow,call,100000,78398,0.78398,2350000
91,6,async_queue_job_64_local_copies,std_shared,job,100,279333,2793.33,150400
91,7,resettable_root_pin_1024_borrow_reads,own_shared_pin_local_view,scope,97,31317,322.855670103,2334208
91,8,owner_retained_borrow_copy_read,std_raw_borrow,read,100000,30690,0.3069,2350000
91,9,owner_retained_4096_parameter_borrows,own_local_view,frame,24,81606,3400.25,41287680
91,10,independent_owner_parameter,own_shared,call,100000,1324026,13.24026,2350000
91,11,borrow_read,raw_borrow,read,100000,35480,0.3548,2350000
91,12,scene_4096_attachments,std_shared,attachment,98304,1003551,10.2086486816,98304
91,13,owner_retained_borrow_copy_read,own_local_view,read,100000,31665,0.31665,2350000
91,14,copy_read_drop,own_local,copy,100000,105111,1.05111,2350000
91,15,group_setup_then_1_copies,std_shared,group,100000,3233413,32.33413,2000000
91,16,async_queue_job_1_local_copies,own_local,job,100,73920,739.2,2000
91,17,group_setup_then_1024_copies,std_shared,group,97,1676799,17286.5876289,2334208
91,18,weak_lock_expired,own_shared,lock,100000,68766,0.68766,0
91,19,group_setup_then_1024_copies,own_local,group,97,88569,913.082474227,2334208
91,20,resource_lifecycle_64_assets_4096_objects,own_local,cycle,10,212703,21270.3,17203200
91,21,async_queue_job_64_borrow_reads,own_shared_then_local_view,job,100,56311,563.11,150400
91,22,async_queue_job_1024_borrow_reads,std_shared_then_raw_borrow,job,100,120453,1204.53,2406400
91,23,resource_lifecycle_64_assets_4096_objects,std_shared,cycle,10,514575,51457.5,17203200
91,24,independent_owner_parameter,std_shared,call,100000,1658715,16.58715,2350000
91,25,async_queue_job_1024_local_copies,own_local,job,100,371948,3719.48,2406400
91,26,async_queue_job_1_borrow_reads,own_shared_then_local_view,job,100,41936,419.36,2000
91,27,group_setup_then_8_copies,own_local,group,12500,274408,21.95264,2350000
91,28,independent_owner_parameter,own_local,call,100000,116479,1.16479,2350000
91,29,copy_read_drop,own_shared,copy,100000,1307634,13.07634,2350000
91,30,async_queue_job_1024_local_copies,std_shared,job,100,2435389,24353.89,2406400
91,31,async_queue_job_1024_borrow_reads,own_shared_then_local_view,job,100,123539,1235.39,2406400
91,32,async_queue_job_64_local_copies,own_local,job,100,87783,877.83,150400
91,33,owner_retained_borrow_parameter,own_local_view,call,100000,64283,0.64283,2350000
91,34,create_read_destroy,own_local,asset,100000,1895344,18.95344,65000400000
91,35,frame_4096_draws_64_unique_leases,std_shared,frame,24,84595,3524.79166667,41287680
91,36,contended_copy_2_workers,own_shared,copy,200000,9253582,46.26791,4700000
91,37,weak_lock_live,std_shared,lock,100000,1675002,16.75002,2350000
91,38,weak_lock_live,own_shared,lock,100000,1498770,14.9877,2350000
91,39,owner_retained_4096_draw_borrows,std_raw_borrow,frame,24,51026,2126.08333333,41287680
91,40,owner_retained_4096_draw_borrows,own_local_view,frame,24,48635,2026.45833333,41287680
91,41,localize_read_drop,std_shared,group,100000,1482624,14.82624,2350000
91,42,share_read_drop,own_shared,handoff,100000,1137311,11.37311,2350000
91,43,frame_4096_draws_64_unique_leases,own_shared,frame,24,103396,4308.16666667,41287680
91,44,async_queue_job_1_local_copies,std_shared,job,100,63320,633.2,2000
91,45,copy_read_drop,std_shared,copy,100000,1654556,16.54556,2350000
91,46,create_read_destroy,std_shared,asset,100000,1224420,12.2442,65000400000
91,47,weak_lock_expired,std_shared,lock,100000,77070,0.7707,0
91,48,group_setup_then_1_copies,own_local,group,100000,1344235,13.44235,2000000
91,49,owner_retained_4096_parameter_borrows,std_raw_borrow,frame,24,76417,3184.04166667,41287680
91,50,localize_read_drop,own_local,group,100000,1296201,12.96201,2350000
91,51,async_queue_job_1_borrow_reads,std_shared_then_raw_borrow,job,100,49642,496.42,2000
91,52,scene_4096_attachments,own_local,attachment,98304,156757,1.59461466471,98304
91,53,share_read_drop,std_shared,handoff,100000,1458520,14.5852,2350000
91,54,resettable_root_pin_1024_borrow_reads,std_shared_pin_raw_borrow,scope,97,31917,329.041237113,2334208
91,55,create_read_destroy,own_shared,asset,100000,1772927,17.72927,65000400000
92,0,async_queue_job_1_borrow_reads,std_shared_then_raw_borrow,job,100,50987,509.87,2000
92,1,share_read_drop,own_shared,handoff,100000,1130832,11.30832,2350000
92,2,async_queue_job_1024_borrow_reads,own_shared_then_local_view,job,100,123934,1239.34,2406400
92,3,async_queue_job_1024_borrow_reads,std_shared_then_raw_borrow,job,100,118445,1184.45,2406400
92,4,group_setup_then_1_copies,std_shared,group,100000,3391630,33.9163,2000000
92,5,copy_read_drop,own_local,copy,100000,105165,1.05165,2350000
92,6,weak_lock_live,own_shared,lock,100000,1485460,14.8546,2350000
92,7,localize_read_drop,std_shared,group,100000,1469820,14.6982,2350000
92,8,group_setup_then_8_copies,std_shared,group,12500,1886310,150.9048,2350000
92,9,group_setup_then_1024_copies,std_shared,group,97,1641491,16922.5876289,2334208
92,10,owner_retained_borrow_copy_read,std_raw_borrow,read,100000,30044,0.30044,2350000
92,11,async_queue_job_64_local_copies,std_shared,job,100,353837,3538.37,150400
92,12,contended_copy_2_workers,std_shared,copy,200000,14015717,70.078585,4700000
92,13,create_read_destroy,own_local,asset,100000,1922129,19.22129,65000400000
92,14,owner_retained_4096_parameter_borrows,own_local_view,frame,24,79298,3304.08333333,41287680
92,15,async_queue_job_64_borrow_reads,std_shared_then_raw_borrow,job,100,133776,1337.76,150400
92,16,group_setup_then_8_copies,own_local,group,12500,271183,21.69464,2350000
92,17,resource_lifecycle_64_assets_4096_objects,own_local,cycle,10,243669,24366.9,17203200
92,18,async_queue_job_1_local_copies,own_local,job,100,71774,717.74,2000
92,19,owner_retained_borrow_parameter,own_local_view,call,100000,64929,0.64929,2350000
92,20,frame_4096_draws_64_unique_leases,std_shared,frame,24,110655,4610.625,41287680
92,21,scene_4096_attachments,std_shared,attachment,98304,1010849,10.2828877767,98304
92,22,create_read_destroy,own_shared,asset,100000,1998800,19.988,65000400000
92,23,resettable_root_pin_1024_borrow_reads,own_shared_pin_local_view,scope,97,34306,353.670103093,2334208
92,24,frame_4096_draws_64_unique_leases,own_shared,frame,24,98432,4101.33333333,41287680
92,25,group_setup_then_64_copies,own_local,group,1562,121940,78.066581306,2349248
92,26,async_queue_job_1024_local_copies,own_local,job,100,357197,3571.97,2406400
92,27,weak_lock_live,std_shared,lock,100000,1702238,17.02238,2350000
92,28,group_setup_then_64_copies,std_shared,group,1562,1687554,1080.38028169,2349248
92,29,independent_owner_parameter,own_local,call,100000,112720,1.1272,2350000
92,30,contended_copy_2_workers,own_shared,copy,200000,8779158,43.89579,4700000
92,31,copy_read_drop,std_shared,copy,100000,1622378,16.22378,2350000
92,32,owner_retained_borrow_copy_read,own_local_view,read,100000,32383,0.32383,2350000
92,33,group_setup_then_1024_copies,own_local,group,97,86879,895.659793814,2334208
92,34,share_read_drop,std_shared,handoff,100000,1476094,14.76094,2350000
92,35,async_queue_job_1024_local_copies,std_shared,job,100,2431687,24316.87,2406400
92,36,copy_read_drop,own_shared,copy,100000,1348323,13.48323,2350000
92,37,async_queue_job_1_borrow_reads,own_shared_then_local_view,job,100,225190,2251.9,2000
92,38,async_queue_job_64_local_copies,own_local,job,100,177945,1779.45,150400
92,39,weak_lock_expired,own_shared,lock,100000,68757,0.68757,0
92,40,owner_retained_4096_draw_borrows,std_raw_borrow,frame,24,50100,2087.5,41287680
92,41,localize_read_drop,own_local,group,100000,1304061,13.04061,2350000
92,42,independent_owner_parameter,own_shared,call,100000,1306232,13.06232,2350000
92,43,owner_retained_4096_parameter_borrows,std_raw_borrow,frame,24,76247,3176.95833333,41287680
92,44,async_queue_job_1_local_copies,std_shared,job,100,99733,997.33,2000
92,45,owner_retained_borrow_parameter,std_raw_borrow,call,100000,64291,0.64291,2350000
92,46,owner_retained_4096_draw_borrows,own_local_view,frame,24,47750,1989.58333333,41287680
92,47,resettable_root_pin_1024_borrow_reads,std_shared_pin_raw_borrow,scope,97,31890,328.762886598,2334208
92,48,independent_owner_parameter,std_shared,call,100000,1678103,16.78103,2350000
92,49,borrow_read,raw_borrow,read,100000,35279,0.35279,2350000
92,50,create_read_destroy,std_shared,asset,100000,1211534,12.11534,65000400000
92,51,group_setup_then_1_copies,own_local,group,100000,1345912,13.45912,2000000
92,52,resource_lifecycle_64_assets_4096_objects,std_shared,cycle,10,518560,51856,17203200
92,53,weak_lock_expired,std_shared,lock,100000,77115,0.77115,0
92,54,scene_4096_attachments,own_local,attachment,98304,133517,1.35820515951,98304
92,55,async_queue_job_64_borrow_reads,own_shared_then_local_view,job,100,52090,520.9,150400
93,0,group_setup_then_8_copies,std_shared,group,12500,1939058,155.12464,2350000
93,1,resource_lifecycle_64_assets_4096_objects,own_local,cycle,10,194220,19422,17203200
93,2,async_queue_job_1024_borrow_reads,own_shared_then_local_view,job,100,137907,1379.07,2406400
93,3,owner_retained_borrow_copy_read,own_local_view,read,100000,30923,0.30923,2350000
93,4,owner_retained_4096_draw_borrows,std_raw_borrow,frame,24,47133,1963.875,41287680
93,5,group_setup_then_1_copies,std_shared,group,100000,3370370,33.7037,2000000
93,6,async_queue_job_1024_local_copies,std_shared,job,100,2520850,25208.5,2406400
93,7,frame_4096_draws_64_unique_leases,own_shared,frame,24,86558,3606.58333333,41287680
93,8,group_setup_then_8_copies,own_local,group,12500,285526,22.84208,2350000
93,9,copy_read_drop,own_local,copy,100000,96910,0.9691,2350000
93,10,create_read_destroy,own_local,asset,100000,2110790,21.1079,65000400000
93,11,resettable_root_pin_1024_borrow_reads,own_shared_pin_local_view,scope,97,33870,349.175257732,2334208
93,12,scene_4096_attachments,own_local,attachment,98304,155494,1.58176676432,98304
93,13,weak_lock_live,std_shared,lock,100000,1833706,18.33706,2350000
93,14,group_setup_then_1024_copies,own_local,group,97,88193,909.206185567,2334208
93,15,owner_retained_4096_draw_borrows,own_local_view,frame,24,47040,1960,41287680
93,16,resettable_root_pin_1024_borrow_reads,std_shared_pin_raw_borrow,scope,97,31740,327.216494845,2334208
93,17,contended_copy_2_workers,std_shared,copy,200000,16715396,83.57698,4700000
93,18,independent_owner_parameter,std_shared,call,100000,1804375,18.04375,2350000
93,19,async_queue_job_1_local_copies,own_local,job,100,67723,677.23,2000
93,20,scene_4096_attachments,std_shared,attachment,98304,979404,9.96301269531,98304
93,21,copy_read_drop,own_shared,copy,100000,1346866,13.46866,2350000
93,22,weak_lock_live,own_shared,lock,100000,1516318,15.16318,2350000
93,23,async_queue_job_1_local_copies,std_shared,job,100,83122,831.22,2000
93,24,async_queue_job_1_borrow_reads,std_shared_then_raw_borrow,job,100,70323,703.23,2000
93,25,owner_retained_4096_parameter_borrows,std_raw_borrow,frame,24,82470,3436.25,41287680
93,26,frame_4096_draws_64_unique_leases,std_shared,frame,24,87931,3663.79166667,41287680
93,27,async_queue_job_1024_borrow_reads,std_shared_then_raw_borrow,job,100,126490,1264.9,2406400
93,28,independent_owner_parameter,own_shared,call,100000,1336203,13.36203,2350000
93,29,owner_retained_borrow_parameter,std_raw_borrow,call,100000,61760,0.6176,2350000
93,30,owner_retained_borrow_parameter,own_local_view,call,100000,75319,0.75319,2350000
93,31,independent_owner_parameter,own_local,call,100000,115805,1.15805,2350000
93,32,group_setup_then_1_copies,own_local,group,100000,1362692,13.62692,2000000
93,33,borrow_read,raw_borrow,read,100000,35553,0.35553,2350000
93,34,localize_read_drop,own_local,group,100000,1326516,13.26516,2350000
93,35,weak_lock_expired,std_shared,lock,100000,77195,0.77195,0
93,36,localize_read_drop,std_shared,group,100000,1508702,15.08702,2350000
93,37,async_queue_job_64_local_copies,std_shared,job,100,304411,3044.11,150400
93,38,owner_retained_borrow_copy_read,std_raw_borrow,read,100000,30599,0.30599,2350000
93,39,async_queue_job_64_borrow_reads,own_shared_then_local_view,job,100,66864,668.64,150400
93,40,async_queue_job_64_local_copies,own_local,job,100,63257,632.57,150400
93,41,group_setup_then_1024_copies,std_shared,group,97,1663210,17146.4948454,2334208
93,42,async_queue_job_1_borrow_reads,own_shared_then_local_view,job,100,45711,457.11,2000
93,43,share_read_drop,std_shared,handoff,100000,1492523,14.92523,2350000
93,44,share_read_drop,own_shared,handoff,100000,1157482,11.57482,2350000
93,45,group_setup_then_64_copies,std_shared,group,1562,1729607,1107.3028169,2349248
93,46,create_read_destroy,std_shared,asset,100000,1247333,12.47333,65000400000
93,47,resource_lifecycle_64_assets_4096_objects,std_shared,cycle,10,505229,50522.9,17203200
93,48,owner_retained_4096_parameter_borrows,own_local_view,frame,24,79801,3325.04166667,41287680
93,49,async_queue_job_1024_local_copies,own_local,job,100,303205,3032.05,2406400
93,50,async_queue_job_64_borrow_reads,std_shared_then_raw_borrow,job,100,97470,974.7,150400
93,51,contended_copy_2_workers,own_shared,copy,200000,9876448,49.38224,4700000
93,52,copy_read_drop,std_shared,copy,100000,1654943,16.54943,2350000
93,53,weak_lock_expired,own_shared,lock,100000,70789,0.70789,0
93,54,create_read_destroy,own_shared,asset,100000,1772580,17.7258,65000400000
93,55,group_setup_then_64_copies,own_local,group,1562,136383,87.3130601793,2349248
94,0,resource_lifecycle_64_assets_4096_objects,std_shared,cycle,10,518806,51880.6,17203200
94,1,resource_lifecycle_64_assets_4096_objects,own_local,cycle,10,192524,19252.4,17203200
94,2,weak_lock_expired,own_shared,lock,100000,68440,0.6844,0
94,3,owner_retained_borrow_copy_read,own_local_view,read,100000,31552,0.31552,2350000
94,4,group_setup_then_1_copies,std_shared,group,100000,3340433,33.40433,2000000
94,5,async_queue_job_1024_borrow_reads,own_shared_then_local_view,job,100,168523,1685.23,2406400
94,6,share_read_drop,std_shared,handoff,100000,1465434,14.65434,2350000
94,7,async_queue_job_1_borrow_reads,own_shared_then_local_view,job,100,58368,583.68,2000
94,8,async_queue_job_64_local_copies,std_shared,job,100,291699,2916.99,150400
94,9,share_read_drop,own_shared,handoff,100000,1151696,11.51696,2350000
94,10,group_setup_then_1024_copies,own_local,group,97,87972,906.927835052,2334208
94,11,owner_retained_4096_parameter_borrows,own_local_view,frame,24,77861,3244.20833333,41287680
94,12,localize_read_drop,own_local,group,100000,1300551,13.00551,2350000
94,13,weak_lock_live,own_shared,lock,100000,1496597,14.96597,2350000
94,14,owner_retained_borrow_copy_read,std_raw_borrow,read,100000,30180,0.3018,2350000
94,15,async_queue_job_64_borrow_reads,std_shared_then_raw_borrow,job,100,501114,5011.14,150400
94,16,async_queue_job_1024_local_copies,std_shared,job,100,2764356,27643.56,2406400
94,17,copy_read_drop,own_shared,copy,100000,1312516,13.12516,2350000
94,18,weak_lock_live,std_shared,lock,100000,1869622,18.69622,2350000
94,19,independent_owner_parameter,own_shared,call,100000,1390393,13.90393,2350000
94,20,owner_retained_4096_draw_borrows,std_raw_borrow,frame,24,63585,2649.375,41287680
94,21,resettable_root_pin_1024_borrow_reads,std_shared_pin_raw_borrow,scope,97,31599,325.762886598,2334208
94,22,create_read_destroy,own_local,asset,100000,1924291,19.24291,65000400000
94,23,borrow_read,raw_borrow,read,100000,35012,0.35012,2350000
94,24,copy_read_drop,own_local,copy,100000,103181,1.03181,2350000
94,25,frame_4096_draws_64_unique_leases,std_shared,frame,24,89478,3728.25,41287680
94,26,async_queue_job_1_local_copies,own_local,job,100,71549,715.49,2000
94,27,create_read_destroy,own_shared,asset,100000,1768888,17.68888,65000400000
94,28,independent_owner_parameter,own_local,call,100000,111921,1.11921,2350000
94,29,create_read_destroy,std_shared,asset,100000,1193656,11.93656,65000400000
94,30,owner_retained_4096_parameter_borrows,std_raw_borrow,frame,24,76151,3172.95833333,41287680
94,31,async_queue_job_1_local_copies,std_shared,job,100,57816,578.16,2000
94,32,group_setup_then_8_copies,own_local,group,12500,291098,23.28784,2350000
94,33,async_queue_job_64_borrow_reads,own_shared_then_local_view,job,100,65915,659.15,150400
94,34,copy_read_drop,std_shared,copy,100000,1790771,17.90771,2350000
94,35,group_setup_then_8_copies,std_shared,group,12500,2071679,165.73432,2350000
94,36,owner_retained_borrow_parameter,std_raw_borrow,call,100000,64277,0.64277,2350000
94,37,async_queue_job_64_local_copies,own_local,job,100,85859,858.59,150400
94,38,async_queue_job_1_borrow_reads,std_shared_then_raw_borrow,job,100,53729,537.29,2000
94,39,async_queue_job_1024_borrow_reads,std_shared_then_raw_borrow,job,100,136676,1366.76,2406400
94,40,group_setup_then_1024_copies,std_shared,group,97,1646665,16975.9278351,2334208
94,41,frame_4096_draws_64_unique_leases,own_shared,frame,24,92414,3850.58333333,41287680
94,42,owner_retained_4096_draw_borrows,own_local_view,frame,24,47536,1980.66666667,41287680
94,43,group_setup_then_1_copies,own_local,group,100000,1384977,13.84977,2000000
94,44,contended_copy_2_workers,own_shared,copy,200000,9941435,49.707175,4700000
94,45,independent_owner_parameter,std_shared,call,100000,1769043,17.69043,2350000
94,46,scene_4096_attachments,own_local,attachment,98304,145578,1.48089599609,98304
94,47,weak_lock_expired,std_shared,lock,100000,77352,0.77352,0
94,48,resettable_root_pin_1024_borrow_reads,own_shared_pin_local_view,scope,97,35026,361.092783505,2334208
94,49,async_queue_job_1024_local_copies,own_local,job,100,331344,3313.44,2406400
94,50,owner_retained_borrow_parameter,own_local_view,call,100000,61794,0.61794,2350000
94,51,contended_copy_2_workers,std_shared,copy,200000,17562482,87.81241,4700000
94,52,localize_read_drop,std_shared,group,100000,1456013,14.56013,2350000
94,53,group_setup_then_64_copies,own_local,group,1562,111088,71.119078105,2349248
94,54,scene_4096_attachments,std_shared,attachment,98304,949534,9.65915934245,98304
94,55,group_setup_then_64_copies,std_shared,group,1562,1700290,1088.53393086,2349248
95,0,localize_read_drop,own_local,group,100000,1395622,13.95622,2350000
95,1,owner_retained_4096_draw_borrows,std_raw_borrow,frame,24,48934,2038.91666667,41287680
95,2,weak_lock_live,own_shared,lock,100000,1517245,15.17245,2350000
95,3,owner_retained_4096_parameter_borrows,std_raw_borrow,frame,24,76302,3179.25,41287680
95,4,group_setup_then_1024_copies,own_local,group,97,93351,962.381443299,2334208
95,5,independent_owner_parameter,own_shared,call,100000,1304458,13.04458,2350000
95,6,copy_read_drop,own_shared,copy,100000,1315949,13.15949,2350000
95,7,owner_retained_4096_parameter_borrows,own_local_view,frame,24,77184,3216,41287680
95,8,group_setup_then_1_copies,std_shared,group,100000,3350061,33.50061,2000000
95,9,async_queue_job_1024_borrow_reads,own_shared_then_local_view,job,100,111167,1111.67,2406400
95,10,owner_retained_borrow_parameter,own_local_view,call,100000,64253,0.64253,2350000
95,11,scene_4096_attachments,own_local,attachment,98304,158229,1.60958862305,98304
95,12,weak_lock_expired,std_shared,lock,100000,77157,0.77157,0
95,13,contended_copy_2_workers,own_shared,copy,200000,11735341,58.676705,4700000
95,14,resource_lifecycle_64_assets_4096_objects,std_shared,cycle,10,576692,57669.2,17203200
95,15,frame_4096_draws_64_unique_leases,own_shared,frame,24,86768,3615.33333333,41287680
95,16,group_setup_then_64_copies,own_local,group,1562,151696,97.1165172855,2349248
95,17,async_queue_job_1024_borrow_reads,std_shared_then_raw_borrow,job,100,133566,1335.66,2406400
95,18,group_setup_then_1024_copies,std_shared,group,97,1663134,17145.7113402,2334208
95,19,async_queue_job_64_borrow_reads,own_shared_then_local_view,job,100,84637,846.37,150400
95,20,independent_owner_parameter,own_local,call,100000,111707,1.11707,2350000
95,21,share_read_drop,own_shared,handoff,100000,1124696,11.24696,2350000
95,22,async_queue_job_1024_local_copies,own_local,job,100,365927,3659.27,2406400
95,23,async_queue_job_1024_local_copies,std_shared,job,100,2501766,25017.66,2406400
95,24,async_queue_job_64_local_copies,std_shared,job,100,380857,3808.57,150400
95,25,copy_read_drop,std_shared,copy,100000,1640667,16.40667,2350000
95,26,borrow_read,raw_borrow,read,100000,57233,0.57233,2350000
95,27,group_setup_then_8_copies,std_shared,group,12500,1902238,152.17904,2350000
95,28,copy_read_drop,own_local,copy,100000,105950,1.0595,2350000
95,29,weak_lock_expired,own_shared,lock,100000,68655,0.68655,0
95,30,owner_retained_4096_draw_borrows,own_local_view,frame,24,48162,2006.75,41287680
95,31,resource_lifecycle_64_assets_4096_objects,own_local,cycle,10,207600,20760,17203200
95,32,async_queue_job_64_local_copies,own_local,job,100,91230,912.3,150400
95,33,create_read_destroy,std_shared,asset,100000,1183334,11.83334,65000400000
95,34,async_queue_job_64_borrow_reads,std_shared_then_raw_borrow,job,100,70828,708.28,150400
95,35,weak_lock_live,std_shared,lock,100000,1703600,17.036,2350000
95,36,owner_retained_borrow_copy_read,own_local_view,read,100000,30097,0.30097,2350000
95,37,create_read_destroy,own_local,asset,100000,1902996,19.02996,65000400000
95,38,resettable_root_pin_1024_borrow_reads,std_shared_pin_raw_borrow,scope,97,31919,329.06185567,2334208
95,39,group_setup_then_1_copies,own_local,group,100000,1378789,13.78789,2000000
95,40,owner_retained_borrow_copy_read,std_raw_borrow,read,100000,29996,0.29996,2350000
95,41,async_queue_job_1_local_copies,std_shared,job,100,66918,669.18,2000
95,42,independent_owner_parameter,std_shared,call,100000,1665571,16.65571,2350000
95,43,contended_copy_2_workers,std_shared,copy,200000,19863532,99.31766,4700000
95,44,async_queue_job_1_borrow_reads,std_shared_then_raw_borrow,job,100,51826,518.26,2000
95,45,scene_4096_attachments,std_shared,attachment,98304,937134,9.53302001953,98304
95,46,group_setup_then_64_copies,std_shared,group,1562,1722436,1102.71190781,2349248
95,47,localize_read_drop,std_shared,group,100000,1469902,14.69902,2350000
95,48,share_read_drop,std_shared,handoff,100000,1487037,14.87037,2350000
95,49,frame_4096_draws_64_unique_leases,std_shared,frame,24,84240,3510,41287680
95,50,create_read_destroy,own_shared,asset,100000,1780463,17.80463,65000400000
95,51,async_queue_job_1_borrow_reads,own_shared_then_local_view,job,100,65006,650.06,2000
95,52,group_setup_then_8_copies,own_local,group,12500,304329,24.34632,2350000
95,53,owner_retained_borrow_parameter,std_raw_borrow,call,100000,69645,0.69645,2350000
95,54,resettable_root_pin_1024_borrow_reads,own_shared_pin_local_view,scope,97,33861,349.082474227,2334208
95,55,async_queue_job_1_local_copies,own_local,job,100,49161,491.61,2000
96,0,async_queue_job_1_borrow_reads,own_shared_then_local_view,job,100,65621,656.21,2000
96,1,localize_read_drop,own_local,group,100000,1381152,13.81152,2350000
96,2,group_setup_then_64_copies,own_local,group,1562,168297,107.744558259,2349248
96,3,async_queue_job_1_local_copies,std_shared,job,100,76334,763.34,2000
96,4,owner_retained_borrow_copy_read,std_raw_borrow,read,100000,32648,0.32648,2350000
96,5,group_setup_then_1024_copies,std_shared,group,97,1843685,19007.0618557,2334208
96,6,group_setup_then_1_copies,own_local,group,100000,1381019,13.81019,2000000
96,7,weak_lock_live,own_shared,lock,100000,1491751,14.91751,2350000
96,8,async_queue_job_64_borrow_reads,std_shared_then_raw_borrow,job,100,73089,730.89,150400
96,9,contended_copy_2_workers,own_shared,copy,200000,11956880,59.7844,4700000
96,10,async_queue_job_1024_local_copies,std_shared,job,100,2765663,27656.63,2406400
96,11,async_queue_job_64_borrow_reads,own_shared_then_local_view,job,100,48245,482.45,150400
96,12,owner_retained_borrow_parameter,own_local_view,call,100000,64249,0.64249,2350000
96,13,create_read_destroy,std_shared,asset,100000,1261503,12.61503,65000400000
96,14,group_setup_then_8_copies,own_local,group,12500,283475,22.678,2350000
96,15,copy_read_drop,std_shared,copy,100000,1928378,19.28378,2350000
96,16,group_setup_then_1_copies,std_shared,group,100000,3542893,35.42893,2000000
96,17,resource_lifecycle_64_assets_4096_objects,std_shared,cycle,10,526684,52668.4,17203200
96,18,async_queue_job_1024_local_copies,own_local,job,100,347838,3478.38,2406400
96,19,async_queue_job_1024_borrow_reads,own_shared_then_local_view,job,100,131363,1313.63,2406400
96,20,resettable_root_pin_1024_borrow_reads,std_shared_pin_raw_borrow,scope,97,31869,328.546391753,2334208
96,21,weak_lock_live,std_shared,lock,100000,1716805,17.16805,2350000
96,22,share_read_drop,std_shared,handoff,100000,1479407,14.79407,2350000
96,23,async_queue_job_64_local_copies,own_local,job,100,78058,780.58,150400
96,24,async_queue_job_64_local_copies,std_shared,job,100,246979,2469.79,150400
96,25,scene_4096_attachments,own_local,attachment,98304,143625,1.46102905273,98304
96,26,owner_retained_4096_draw_borrows,own_local_view,frame,24,47515,1979.79166667,41287680
96,27,group_setup_then_1024_copies,own_local,group,97,96930,999.278350515,2334208
96,28,copy_read_drop,own_shared,copy,100000,1375102,13.75102,2350000
96,29,async_queue_job_1_local_copies,own_local,job,100,56669,566.69,2000
96,30,weak_lock_expired,std_shared,lock,100000,96548,0.96548,0
96,31,owner_retained_4096_draw_borrows,std_raw_borrow,frame,24,49716,2071.5,41287680
96,32,group_setup_then_64_copies,std_shared,group,1562,1690678,1082.38028169,2349248
96,33,async_queue_job_1_borrow_reads,std_shared_then_raw_borrow,job,100,64147,641.47,2000
96,34,async_queue_job_1024_borrow_reads,std_shared_then_raw_borrow,job,100,181808,1818.08,2406400
96,35,share_read_drop,own_shared,handoff,100000,1146162,11.46162,2350000
96,36,localize_read_drop,std_shared,group,100000,1507331,15.07331,2350000
96,37,resettable_root_pin_1024_borrow_reads,own_shared_pin_local_view,scope,97,31252,322.18556701,2334208
96,38,independent_owner_parameter,std_shared,call,100000,1696032,16.96032,2350000
96,39,group_setup_then_8_copies,std_shared,group,12500,1930955,154.4764,2350000
96,40,frame_4096_draws_64_unique_leases,std_shared,frame,24,85613,3567.20833333,41287680
96,41,copy_read_drop,own_local,copy,100000,109664,1.09664,2350000
96,42,borrow_read,raw_borrow,read,100000,39083,0.39083,2350000
96,43,owner_retained_borrow_parameter,std_raw_borrow,call,100000,67436,0.67436,2350000
96,44,contended_copy_2_workers,std_shared,copy,200000,20712038,103.56019,4700000
96,45,scene_4096_attachments,std_shared,attachment,98304,946972,9.63309733073,98304
96,46,owner_retained_4096_parameter_borrows,std_raw_borrow,frame,24,83191,3466.29166667,41287680
96,47,owner_retained_4096_parameter_borrows,own_local_view,frame,24,77658,3235.75,41287680
96,48,resource_lifecycle_64_assets_4096_objects,own_local,cycle,10,224242,22424.2,17203200
96,49,create_read_destroy,own_local,asset,100000,1899673,18.99673,65000400000
96,50,independent_owner_parameter,own_local,call,100000,112535,1.12535,2350000
96,51,create_read_destroy,own_shared,asset,100000,1772835,17.72835,65000400000
96,52,owner_retained_borrow_copy_read,own_local_view,read,100000,32251,0.32251,2350000
96,53,weak_lock_expired,own_shared,lock,100000,70757,0.70757,0
96,54,frame_4096_draws_64_unique_leases,own_shared,frame,24,119283,4970.125,41287680
96,55,independent_owner_parameter,own_shared,call,100000,1306841,13.06841,2350000
97,0,async_queue_job_64_local_copies,std_shared,job,100,304601,3046.01,150400
97,1,contended_copy_2_workers,own_shared,copy,200000,11550544,57.75272,4700000
97,2,async_queue_job_1_local_copies,std_shared,job,100,83859,838.59,2000
97,3,independent_owner_parameter,std_shared,call,100000,1666075,16.66075,2350000
97,4,group_setup_then_64_copies,own_local,group,1562,135630,86.8309859155,2349248
97,5,share_read_drop,std_shared,handoff,100000,1484942,14.84942,2350000
97,6,scene_4096_attachments,std_shared,attachment,98304,934917,9.5104675293,98304
97,7,group_setup_then_8_copies,own_local,group,12500,240729,19.25832,2350000
97,8,group_setup_then_1024_copies,std_shared,group,97,1662589,17140.0927835,2334208
97,9,async_queue_job_1024_local_copies,std_shared,job,100,2435887,24358.87,2406400
97,10,async_queue_job_1_local_copies,own_local,job,100,57231,572.31,2000
97,11,owner_retained_4096_parameter_borrows,own_local_view,frame,24,76408,3183.66666667,41287680
97,12,group_setup_then_8_copies,std_shared,group,12500,1880861,150.46888,2350000
97,13,group_setup_then_64_copies,std_shared,group,1562,1735718,1111.21510883,2349248
97,14,localize_read_drop,own_local,group,100000,1285980,12.8598,2350000
97,15,async_queue_job_64_borrow_reads,std_shared_then_raw_borrow,job,100,65220,652.2,150400
97,16,resettable_root_pin_1024_borrow_reads,own_shared_pin_local_view,scope,97,31332,323.010309278,2334208
97,17,async_queue_job_1_borrow_reads,own_shared_then_local_view,job,100,65795,657.95,2000
97,18,weak_lock_expired,own_shared,lock,100000,68656,0.68656,0
97,19,create_read_destroy,own_shared,asset,100000,1815979,18.15979,65000400000
97,20,weak_lock_live,own_shared,lock,100000,1505259,15.05259,2350000
97,21,async_queue_job_64_borrow_reads,own_shared_then_local_view,job,100,80106,801.06,150400
97,22,async_queue_job_64_local_copies,own_local,job,100,80675,806.75,150400
97,23,async_queue_job_1024_borrow_reads,std_shared_then_raw_borrow,job,100,125139,1251.39,2406400
97,24,copy_read_drop,own_local,copy,100000,105580,1.0558,2350000
97,25,resource_lifecycle_64_assets_4096_objects,std_shared,cycle,10,525758,52575.8,17203200
97,26,create_read_destroy,std_shared,asset,100000,1236511,12.36511,65000400000
97,27,copy_read_drop,std_shared,copy,100000,1715896,17.15896,2350000
97,28,owner_retained_borrow_parameter,own_local_view,call,100000,61679,0.61679,2350000
97,29,weak_lock_expired,std_shared,lock,100000,80556,0.80556,0
97,30,group_setup_then_1_copies,std_shared,group,100000,3359931,33.59931,2000000
97,31,independent_owner_parameter,own_shared,call,100000,1309878,13.09878,2350000
97,32,group_setup_then_1024_copies,own_local,group,97,100788,1039.05154639,2334208
97,33,owner_retained_4096_draw_borrows,std_raw_borrow,frame,24,48977,2040.70833333,41287680
97,34,frame_4096_draws_64_unique_leases,own_shared,frame,24,90842,3785.08333333,41287680
97,35,owner_retained_4096_parameter_borrows,std_raw_borrow,frame,24,76272,3178,41287680
97,36,weak_lock_live,std_shared,lock,100000,1691516,16.91516,2350000
97,37,async_queue_job_1024_local_copies,own_local,job,100,343141,3431.41,2406400
97,38,share_read_drop,own_shared,handoff,100000,1129585,11.29585,2350000
97,39,scene_4096_attachments,own_local,attachment,98304,146254,1.4877726237,98304
97,40,borrow_read,raw_borrow,read,100000,35115,0.35115,2350000
97,41,async_queue_job_1_borrow_reads,std_shared_then_raw_borrow,job,100,53787,537.87,2000
97,42,copy_read_drop,own_shared,copy,100000,1350205,13.50205,2350000
97,43,owner_retained_borrow_copy_read,std_raw_borrow,read,100000,30124,0.30124,2350000
97,44,contended_copy_2_workers,std_shared,copy,200000,9534740,47.6737,4700000
97,45,frame_4096_draws_64_unique_leases,std_shared,frame,24,86577,3607.375,41287680
97,46,async_queue_job_1024_borrow_reads,own_shared_then_local_view,job,100,113013,1130.13,2406400
97,47,owner_retained_borrow_copy_read,own_local_view,read,100000,30107,0.30107,2350000
97,48,group_setup_then_1_copies,own_local,group,100000,1418270,14.1827,2000000
97,49,resettable_root_pin_1024_borrow_reads,std_shared_pin_raw_borrow,scope,97,31720,327.010309278,2334208
97,50,resource_lifecycle_64_assets_4096_objects,own_local,cycle,10,196498,19649.8,17203200
97,51,independent_owner_parameter,own_local,call,100000,111988,1.11988,2350000
97,52,localize_read_drop,std_shared,group,100000,1504056,15.04056,2350000
97,53,create_read_destroy,own_local,asset,100000,1901637,19.01637,65000400000
97,54,owner_retained_borrow_parameter,std_raw_borrow,call,100000,64293,0.64293,2350000
97,55,owner_retained_4096_draw_borrows,own_local_view,frame,24,47774,1990.58333333,41287680
98,0,independent_owner_parameter,own_local,call,100000,111611,1.11611,2350000
98,1,owner_retained_borrow_copy_read,own_local_view,read,100000,51332,0.51332,2350000
98,2,owner_retained_4096_draw_borrows,own_local_view,frame,24,46816,1950.66666667,41287680
98,3,weak_lock_expired,own_shared,lock,100000,70774,0.70774,0
98,4,weak_lock_expired,std_shared,lock,100000,77042,0.77042,0
98,5,frame_4096_draws_64_unique_leases,own_shared,frame,24,89288,3720.33333333,41287680
98,6,async_queue_job_1_borrow_reads,own_shared_then_local_view,job,100,54441,544.41,2000
98,7,resource_lifecycle_64_assets_4096_objects,own_local,cycle,10,220001,22000.1,17203200
98,8,async_queue_job_1024_borrow_reads,std_shared_then_raw_borrow,job,100,142696,1426.96,2406400
98,9,owner_retained_borrow_parameter,std_raw_borrow,call,100000,64529,0.64529,2350000
98,10,async_queue_job_1_local_copies,own_local,job,100,58529,585.29,2000
98,11,create_read_destroy,std_shared,asset,100000,1176538,11.76538,65000400000
98,12,owner_retained_borrow_parameter,own_local_view,call,100000,64258,0.64258,2350000
98,13,independent_owner_parameter,own_shared,call,100000,1300930,13.0093,2350000
98,14,async_queue_job_1024_borrow_reads,own_shared_then_local_view,job,100,101118,1011.18,2406400
98,15,localize_read_drop,std_shared,group,100000,1485366,14.85366,2350000
98,16,resettable_root_pin_1024_borrow_reads,std_shared_pin_raw_borrow,scope,97,52513,541.371134021,2334208
98,17,async_queue_job_64_borrow_reads,std_shared_then_raw_borrow,job,100,76549,765.49,150400
98,18,async_queue_job_1_borrow_reads,std_shared_then_raw_borrow,job,100,39672,396.72,2000
98,19,group_setup_then_8_copies,own_local,group,12500,271173,21.69384,2350000
98,20,group_setup_then_8_copies,std_shared,group,12500,1893632,151.49056,2350000
98,21,group_setup_then_1024_copies,own_local,group,97,92060,949.072164948,2334208
98,22,group_setup_then_64_copies,own_local,group,1562,140729,90.095390525,2349248
98,23,async_queue_job_1_local_copies,std_shared,job,100,96451,964.51,2000
98,24,group_setup_then_1_copies,std_shared,group,100000,3342766,33.42766,2000000
98,25,resource_lifecycle_64_assets_4096_objects,std_shared,cycle,10,501806,50180.6,17203200
98,26,create_read_destroy,own_local,asset,100000,1965475,19.65475,65000400000
98,27,async_queue_job_64_local_copies,std_shared,job,100,339822,3398.22,150400
98,28,contended_copy_2_workers,own_shared,copy,200000,8246789,41.233945,4700000
98,29,async_queue_job_1024_local_copies,std_shared,job,100,3119285,31192.85,2406400
98,30,async_queue_job_1024_local_copies,own_local,job,100,522645,5226.45,2406400
98,31,group_setup_then_1_copies,own_local,group,100000,1363806,13.63806,2000000
98,32,localize_read_drop,own_local,group,100000,1298554,12.98554,2350000
98,33,copy_read_drop,std_shared,copy,100000,1650130,16.5013,2350000
98,34,group_setup_then_1024_copies,std_shared,group,97,1658223,17095.0824742,2334208
98,35,create_read_destroy,own_shared,asset,100000,1804925,18.04925,65000400000
98,36,scene_4096_attachments,std_shared,attachment,98304,941090,9.57326253255,98304
98,37,share_read_drop,std_shared,handoff,100000,1480190,14.8019,2350000
98,38,resettable_root_pin_1024_borrow_reads,own_shared_pin_local_view,scope,97,31262,322.288659794,2334208
98,39,async_queue_job_64_borrow_reads,own_shared_then_local_view,job,100,75557,755.57,150400
98,40,scene_4096_attachments,own_local,attachment,98304,145593,1.48104858398,98304
98,41,independent_owner_parameter,std_shared,call,100000,1666040,16.6604,2350000
98,42,copy_read_drop,own_local,copy,100000,111181,1.11181,2350000
98,43,owner_retained_borrow_copy_read,std_raw_borrow,read,100000,30086,0.30086,2350000
98,44,owner_retained_4096_parameter_borrows,std_raw_borrow,frame,24,79056,3294,41287680
98,45,frame_4096_draws_64_unique_leases,std_shared,frame,24,83763,3490.125,41287680
98,46,share_read_drop,own_shared,handoff,100000,1146981,11.46981,2350000
98,47,async_queue_job_64_local_copies,own_local,job,100,83364,833.64,150400
98,48,group_setup_then_64_copies,std_shared,group,1562,1709274,1094.28553137,2349248
98,49,owner_retained_4096_draw_borrows,std_raw_borrow,frame,24,47184,1966,41287680
98,50,owner_retained_4096_parameter_borrows,own_local_view,frame,24,76545,3189.375,41287680
98,51,borrow_read,raw_borrow,read,100000,35046,0.35046,2350000
98,52,weak_lock_live,own_shared,lock,100000,1489052,14.89052,2350000
98,53,copy_read_drop,own_shared,copy,100000,1298365,12.98365,2350000
98,54,contended_copy_2_workers,std_shared,copy,200000,10891092,54.45546,4700000
98,55,weak_lock_live,std_shared,lock,100000,1702602,17.02602,2350000
99,0,create_read_destroy,own_shared,asset,100000,1819505,18.19505,65000400000
99,1,owner_retained_4096_draw_borrows,own_local_view,frame,24,48125,2005.20833333,41287680
99,2,frame_4096_draws_64_unique_leases,own_shared,frame,24,99989,4166.20833333,41287680
99,3,scene_4096_attachments,std_shared,attachment,98304,920552,9.36433919271,98304
99,4,copy_read_drop,std_shared,copy,100000,1669341,16.69341,2350000
99,5,resettable_root_pin_1024_borrow_reads,own_shared_pin_local_view,scope,97,31930,329.175257732,2334208
99,6,group_setup_then_8_copies,own_local,group,12500,302826,24.22608,2350000
99,7,borrow_read,raw_borrow,read,100000,51554,0.51554,2350000
99,8,contended_copy_2_workers,std_shared,copy,200000,15106367,75.531835,4700000
99,9,owner_retained_4096_parameter_borrows,std_raw_borrow,frame,24,78764,3281.83333333,41287680
99,10,group_setup_then_1024_copies,own_local,group,97,92671,955.371134021,2334208
99,11,group_setup_then_1024_copies,std_shared,group,97,1688826,17410.5773196,2334208
99,12,share_read_drop,std_shared,handoff,100000,1477488,14.77488,2350000
99,13,localize_read_drop,std_shared,group,100000,1500120,15.0012,2350000
99,14,owner_retained_borrow_parameter,std_raw_borrow,call,100000,93254,0.93254,2350000
99,15,group_setup_then_1_copies,std_shared,group,100000,3124959,31.24959,2000000
99,16,async_queue_job_1_local_copies,own_local,job,100,61804,618.04,2000
99,17,group_setup_then_64_copies,own_local,group,1562,262705,168.185019206,2349248
99,18,weak_lock_expired,own_shared,lock,100000,70795,0.70795,0
99,19,copy_read_drop,own_local,copy,100000,105019,1.05019,2350000
99,20,async_queue_job_1_borrow_reads,std_shared_then_raw_borrow,job,100,59103,591.03,2000
99,21,async_queue_job_1_borrow_reads,own_shared_then_local_view,job,100,69548,695.48,2000
99,22,async_queue_job_64_borrow_reads,std_shared_then_raw_borrow,job,100,68278,682.78,150400
99,23,async_queue_job_64_local_copies,std_shared,job,100,336710,3367.1,150400
99,24,contended_copy_2_workers,own_shared,copy,200000,8823454,44.11727,4700000
99,25,localize_read_drop,own_local,group,100000,1283552,12.83552,2350000
99,26,resource_lifecycle_64_assets_4096_objects,std_shared,cycle,10,526894,52689.4,17203200
99,27,group_setup_then_64_copies,std_shared,group,1562,1691797,1083.09667093,2349248
99,28,async_queue_job_64_borrow_reads,own_shared_then_local_view,job,100,61369,613.69,150400
99,29,weak_lock_expired,std_shared,lock,100000,77202,0.77202,0
99,30,copy_read_drop,own_shared,copy,100000,1303383,13.03383,2350000
99,31,resource_lifecycle_64_assets_4096_objects,own_local,cycle,10,191304,19130.4,17203200
99,32,create_read_destroy,own_local,asset,100000,1918782,19.18782,65000400000
99,33,owner_retained_borrow_parameter,own_local_view,call,100000,60087,0.60087,2350000
99,34,async_queue_job_1024_borrow_reads,std_shared_then_raw_borrow,job,100,98932,989.32,2406400
99,35,scene_4096_attachments,own_local,attachment,98304,146222,1.48744710286,98304
99,36,share_read_drop,own_shared,handoff,100000,1114883,11.14883,2350000
99,37,weak_lock_live,own_shared,lock,100000,1502637,15.02637,2350000
99,38,weak_lock_live,std_shared,lock,100000,1666582,16.66582,2350000
99,39,owner_retained_4096_draw_borrows,std_raw_borrow,frame,24,48402,2016.75,41287680
99,40,async_queue_job_1024_local_copies,std_shared,job,100,2471092,24710.92,2406400
99,41,owner_retained_borrow_copy_read,own_local_view,read,100000,30053,0.30053,2350000
99,42,owner_retained_4096_parameter_borrows,own_local_view,frame,24,76757,3198.20833333,41287680
99,43,async_queue_job_1_local_copies,std_shared,job,100,54511,545.11,2000
99,44,async_queue_job_1024_local_copies,own_local,job,100,259913,2599.13,2406400
99,45,create_read_destroy,std_shared,asset,100000,1185259,11.85259,65000400000
99,46,independent_owner_parameter,own_local,call,100000,124927,1.24927,2350000
99,47,async_queue_job_64_local_copies,own_local,job,100,86472,864.72,150400
99,48,group_setup_then_1_copies,own_local,group,100000,1356879,13.56879,2000000
99,49,independent_owner_parameter,std_shared,call,100000,1676613,16.76613,2350000
99,50,group_setup_then_8_copies,std_shared,group,12500,1856179,148.49432,2350000
99,51,independent_owner_parameter,own_shared,call,100000,1328336,13.28336,2350000
99,52,async_queue_job_1024_borrow_reads,own_shared_then_local_view,job,100,138445,1384.45,2406400
99,53,resettable_root_pin_1024_borrow_reads,std_shared_pin_raw_borrow,scope,97,32128,331.216494845,2334208
99,54,owner_retained_borrow_copy_read,std_raw_borrow,read,100000,30011,0.30011,2350000
99,55,frame_4096_draws_64_unique_leases,std_shared,frame,24,85011,3542.125,41287680
100,0,borrow_read,raw_borrow,read,100000,34932,0.34932,2350000
100,1,group_setup_then_8_copies,own_local,group,12500,274028,21.92224,2350000
100,2,frame_4096_draws_64_unique_leases,own_shared,frame,24,105264,4386,41287680
100,3,contended_copy_2_workers,std_shared,copy,200000,13945815,69.729075,4700000
100,4,create_read_destroy,own_shared,asset,100000,1781587,17.81587,65000400000
100,5,async_queue_job_1024_borrow_reads,own_shared_then_local_view,job,100,144261,1442.61,2406400
100,6,share_read_drop,own_shared,handoff,100000,1126068,11.26068,2350000
100,7,group_setup_then_8_copies,std_shared,group,12500,1883206,150.65648,2350000
100,8,frame_4096_draws_64_unique_leases,std_shared,frame,24,95367,3973.625,41287680
100,9,async_queue_job_64_local_copies,std_shared,job,100,300946,3009.46,150400
100,10,weak_lock_live,own_shared,lock,100000,1484319,14.84319,2350000
100,11,owner_retained_borrow_parameter,own_local_view,call,100000,59925,0.59925,2350000
100,12,async_queue_job_1_borrow_reads,own_shared_then_local_view,job,100,84041,840.41,2000
100,13,localize_read_drop,own_local,group,100000,1278740,12.7874,2350000
100,14,share_read_drop,std_shared,handoff,100000,1632655,16.32655,2350000
100,15,group_setup_then_1_copies,own_local,group,100000,1356975,13.56975,2000000
100,16,async_queue_job_64_borrow_reads,std_shared_then_raw_borrow,job,100,72190,721.9,150400
100,17,independent_owner_parameter,own_local,call,100000,111641,1.11641,2350000
100,18,group_setup_then_64_copies,own_local,group,1562,140544,89.9769526248,2349248
100,19,contended_copy_2_workers,own_shared,copy,200000,10140355,50.701775,4700000
100,20,async_queue_job_1024_local_copies,own_local,job,100,463270,4632.7,2406400
100,21,weak_lock_expired,own_shared,lock,100000,70724,0.70724,0
100,22,localize_read_drop,std_shared,group,100000,1463579,14.63579,2350000
100,23,group_setup_then_1024_copies,std_shared,group,97,1670427,17220.8969072,2334208
100,24,independent_owner_parameter,own_shared,call,100000,1294726,12.94726,2350000
100,25,resettable_root_pin_1024_borrow_reads,std_shared_pin_raw_borrow,scope,97,32020,330.103092784,2334208
100,26,async_queue_job_64_local_copies,own_local,job,100,113029,1130.29,150400
100,27,async_queue_job_1024_borrow_reads,std_shared_then_raw_borrow,job,100,99355,993.55,2406400
100,28,async_queue_job_1_borrow_reads,std_shared_then_raw_borrow,job,100,61556,615.56,2000
100,29,resettable_root_pin_1024_borrow_reads,own_shared_pin_local_view,scope,97,35400,364.948453608,2334208
100,30,copy_read_drop,own_shared,copy,100000,1302967,13.02967,2350000
100,31,async_queue_job_1_local_copies,std_shared,job,100,72873,728.73,2000
100,32,owner_retained_borrow_copy_read,std_raw_borrow,read,100000,30138,0.30138,2350000
100,33,independent_owner_parameter,std_shared,call,100000,1675486,16.75486,2350000
100,34,create_read_destroy,std_shared,asset,100000,1225911,12.25911,65000400000
100,35,weak_lock_live,std_shared,lock,100000,1815477,18.15477,2350000
100,36,async_queue_job_64_borrow_reads,own_shared_then_local_view,job,100,114063,1140.63,150400
100,37,owner_retained_4096_draw_borrows,std_raw_borrow,frame,24,49134,2047.25,41287680
100,38,group_setup_then_64_copies,std_shared,group,1562,1693228,1084.0128041,2349248
100,39,owner_retained_borrow_parameter,std_raw_borrow,call,100000,64364,0.64364,2350000
100,40,owner_retained_4096_draw_borrows,own_local_view,frame,24,47847,1993.625,41287680
100,41,copy_read_drop,own_local,copy,100000,105878,1.05878,2350000
100,42,resource_lifecycle_64_assets_4096_objects,std_shared,cycle,10,509834,50983.4,17203200
100,43,owner_retained_4096_parameter_borrows,std_raw_borrow,frame,24,76139,3172.45833333,41287680
100,44,copy_read_drop,std_shared,copy,100000,1654253,16.54253,2350000
100,45,async_queue_job_1_local_copies,own_local,job,100,73640,736.4,2000
100,46,weak_lock_expired,std_shared,lock,100000,77060,0.7706,0
100,47,scene_4096_attachments,own_local,attachment,98304,142861,1.45325724284,98304
100,48,async_queue_job_1024_local_copies,std_shared,job,100,2415837,24158.37,2406400
100,49,group_setup_then_1024_copies,own_local,group,97,88415,911.494845361,2334208
100,50,owner_retained_4096_parameter_borrows,own_local_view,frame,24,76340,3180.83333333,41287680
100,51,create_read_destroy,own_local,asset,100000,1920540,19.2054,65000400000
100,52,resource_lifecycle_64_assets_4096_objects,own_local,cycle,10,195002,19500.2,17203200
100,53,scene_4096_attachments,std_shared,attachment,98304,937703,9.53880818685,98304
100,54,group_setup_then_1_copies,std_shared,group,100000,3335182,33.35182,2000000
100,55,owner_retained_borrow_copy_read,own_local_view,read,100000,51370,0.5137,2350000
