round,order,case,implementation,unit,operations,elapsed_ns,ns_per_operation,checksum
0,0,weak_lock_live,own_shared,lock,100000,1493625,14.93625,2350000
0,1,localize_read_drop,own_local,group,100000,1277215,12.77215,2350000
0,2,async_queue_job_1_local_copies,std_shared,job,100,88698,886.98,2000
0,3,async_queue_job_64_borrow_reads,std_shared_then_raw_borrow,job,100,56621,566.21,150400
0,4,async_queue_job_64_local_copies,own_local,job,100,83900,839,150400
0,5,async_queue_job_1024_borrow_reads,std_shared_then_raw_borrow,job,100,167908,1679.08,2406400
0,6,async_queue_job_1024_borrow_reads,own_shared_then_local_view,job,100,180771,1807.71,2406400
0,7,group_setup_then_1_copies,std_shared,group,100000,3325939,33.25939,2000000
0,8,localize_read_drop,std_shared,group,100000,1486182,14.86182,2350000
0,9,weak_lock_live,std_shared,lock,100000,1659040,16.5904,2350000
0,10,group_setup_then_1024_copies,std_shared,group,97,1675887,17277.185567,2334208
0,11,group_setup_then_64_copies,std_shared,group,1562,1693091,1083.92509603,2349248
0,12,async_queue_job_64_local_copies,std_shared,job,100,290078,2900.78,150400
0,13,scene_4096_attachments,own_local,attachment,98304,132065,1.34343465169,98304
0,14,resource_lifecycle_64_assets_4096_objects,own_local,cycle,10,257832,25783.2,17203200
0,15,resource_lifecycle_64_assets_4096_objects,std_shared,cycle,10,516319,51631.9,17203200
0,16,owner_retained_borrow_parameter,own_local_view,call,100000,63063,0.63063,2350000
0,17,async_queue_job_1_borrow_reads,own_shared_then_local_view,job,100,75161,751.61,2000
0,18,share_read_drop,own_shared,handoff,100000,1141198,11.41198,2350000
0,19,contended_copy_2_workers,own_shared,copy,200000,9156583,45.782915,4700000
0,20,independent_owner_parameter,own_local,call,100000,112041,1.12041,2350000
0,21,share_read_drop,std_shared,handoff,100000,1475357,14.75357,2350000
0,22,independent_owner_parameter,own_shared,call,100000,1583621,15.83621,2350000
0,23,owner_retained_4096_parameter_borrows,own_local_view,frame,24,109586,4566.08333333,41287680
0,24,owner_retained_4096_draw_borrows,own_local_view,frame,24,65379,2724.125,41287680
0,25,group_setup_then_64_copies,own_local,group,1562,136249,87.2272727273,2349248
0,26,group_setup_then_8_copies,own_local,group,12500,279547,22.36376,2350000
0,27,resettable_root_pin_1024_borrow_reads,own_shared_pin_local_view,scope,97,47213,486.731958763,2334208
0,28,async_queue_job_1024_local_copies,own_local,job,100,230698,2306.98,2406400
0,29,create_read_destroy,own_local,asset,100000,1923250,19.2325,65000400000
0,30,group_setup_then_1024_copies,own_local,group,97,87517,902.237113402,2334208
0,31,owner_retained_4096_draw_borrows,std_raw_borrow,frame,24,51912,2163,41287680
0,32,copy_read_drop,own_shared,copy,100000,1309362,13.09362,2350000
0,33,async_queue_job_1_borrow_reads,std_shared_then_raw_borrow,job,100,60037,600.37,2000
0,34,copy_read_drop,own_local,copy,100000,105246,1.05246,2350000
0,35,independent_owner_parameter,std_shared,call,100000,1656437,16.56437,2350000
0,36,async_queue_job_1024_local_copies,std_shared,job,100,2475545,24755.45,2406400
0,37,frame_4096_draws_64_unique_leases,own_shared,frame,24,93647,3901.95833333,41287680
0,38,copy_read_drop,std_shared,copy,100000,1644727,16.44727,2350000
0,39,contended_copy_2_workers,std_shared,copy,200000,16420864,82.10432,4700000
0,40,frame_4096_draws_64_unique_leases,std_shared,frame,24,109398,4558.25,41287680
0,41,group_setup_then_1_copies,own_local,group,100000,1367986,13.67986,2000000
0,42,async_queue_job_64_borrow_reads,own_shared_then_local_view,job,100,76140,761.4,150400
0,43,owner_retained_borrow_copy_read,own_local_view,read,100000,32409,0.32409,2350000
0,44,scene_4096_attachments,std_shared,attachment,98304,936490,9.52646891276,98304
0,45,owner_retained_4096_parameter_borrows,std_raw_borrow,frame,24,78970,3290.41666667,41287680
0,46,resettable_root_pin_1024_borrow_reads,std_shared_pin_raw_borrow,scope,97,31524,324.989690722,2334208
0,47,group_setup_then_8_copies,std_shared,group,12500,1893168,151.45344,2350000
0,48,async_queue_job_1_local_copies,own_local,job,100,61182,611.82,2000
0,49,create_read_destroy,own_shared,asset,100000,1766086,17.66086,65000400000
0,50,weak_lock_expired,own_shared,lock,100000,70800,0.708,0
0,51,weak_lock_expired,std_shared,lock,100000,77148,0.77148,0
0,52,owner_retained_borrow_parameter,std_raw_borrow,call,100000,61646,0.61646,2350000
0,53,create_read_destroy,std_shared,asset,100000,1204457,12.04457,65000400000
0,54,owner_retained_borrow_copy_read,std_raw_borrow,read,100000,30116,0.30116,2350000
0,55,borrow_read,raw_borrow,read,100000,35454,0.35454,2350000
1,0,resettable_root_pin_1024_borrow_reads,std_shared_pin_raw_borrow,scope,97,31380,323.505154639,2334208
1,1,group_setup_then_8_copies,std_shared,group,12500,1888266,151.06128,2350000
1,2,async_queue_job_1024_borrow_reads,std_shared_then_raw_borrow,job,100,98970,989.7,2406400
1,3,group_setup_then_1024_copies,std_shared,group,97,1652536,17036.4536082,2334208
1,4,group_setup_then_1_copies,std_shared,group,100000,3328314,33.28314,2000000
1,5,async_queue_job_1_local_copies,own_local,job,100,71055,710.55,2000
1,6,owner_retained_4096_draw_borrows,std_raw_borrow,frame,24,47448,1977,41287680
1,7,copy_read_drop,std_shared,copy,100000,1716689,17.16689,2350000
1,8,localize_read_drop,own_local,group,100000,1278087,12.78087,2350000
1,9,create_read_destroy,own_shared,asset,100000,1775593,17.75593,65000400000
1,10,group_setup_then_8_copies,own_local,group,12500,282866,22.62928,2350000
1,11,owner_retained_4096_parameter_borrows,std_raw_borrow,frame,24,76085,3170.20833333,41287680
1,12,share_read_drop,own_shared,handoff,100000,1115958,11.15958,2350000
1,13,copy_read_drop,own_shared,copy,100000,1302624,13.02624,2350000
1,14,frame_4096_draws_64_unique_leases,own_shared,frame,24,90904,3787.66666667,41287680
1,15,group_setup_then_1024_copies,own_local,group,97,91118,939.360824742,2334208
1,16,frame_4096_draws_64_unique_leases,std_shared,frame,24,84193,3508.04166667,41287680
1,17,group_setup_then_1_copies,own_local,group,100000,1362682,13.62682,2000000
1,18,async_queue_job_1024_local_copies,std_shared,job,100,2421828,24218.28,2406400
1,19,weak_lock_expired,std_shared,lock,100000,77209,0.77209,0
1,20,scene_4096_attachments,std_shared,attachment,98304,931224,9.47290039062,98304
1,21,resettable_root_pin_1024_borrow_reads,own_shared_pin_local_view,scope,97,31462,324.350515464,2334208
1,22,async_queue_job_1024_borrow_reads,own_shared_then_local_view,job,100,128437,1284.37,2406400
1,23,borrow_read,raw_borrow,read,100000,35012,0.35012,2350000
1,24,independent_owner_parameter,std_shared,call,100000,1666253,16.66253,2350000
1,25,contended_copy_2_workers,own_shared,copy,200000,8746101,43.730505,4700000
1,26,contended_copy_2_workers,std_shared,copy,200000,16349683,81.748415,4700000
1,27,group_setup_then_64_copies,std_shared,group,1562,1711214,1095.52752881,2349248
1,28,create_read_destroy,std_shared,asset,100000,1220242,12.20242,65000400000
1,29,independent_owner_parameter,own_shared,call,100000,1294660,12.9466,2350000
1,30,async_queue_job_1_local_copies,std_shared,job,100,58368,583.68,2000
1,31,independent_owner_parameter,own_local,call,100000,112230,1.1223,2350000
1,32,owner_retained_borrow_copy_read,std_raw_borrow,read,100000,30944,0.30944,2350000
1,33,owner_retained_borrow_parameter,own_local_view,call,100000,65347,0.65347,2350000
1,34,weak_lock_live,own_shared,lock,100000,1517409,15.17409,2350000
1,35,create_read_destroy,own_local,asset,100000,1894052,18.94052,65000400000
1,36,resource_lifecycle_64_assets_4096_objects,std_shared,cycle,10,515740,51574,17203200
1,37,async_queue_job_1_borrow_reads,own_shared_then_local_view,job,100,91960,919.6,2000
1,38,weak_lock_live,std_shared,lock,100000,1686649,16.86649,2350000
1,39,async_queue_job_64_local_copies,std_shared,job,100,312663,3126.63,150400
1,40,localize_read_drop,std_shared,group,100000,2522050,25.2205,2350000
1,41,copy_read_drop,own_local,copy,100000,106359,1.06359,2350000
1,42,scene_4096_attachments,own_local,attachment,98304,138948,1.41345214844,98304
1,43,owner_retained_4096_parameter_borrows,own_local_view,frame,24,104947,4372.79166667,41287680
1,44,async_queue_job_64_borrow_reads,own_shared_then_local_view,job,100,60343,603.43,150400
1,45,async_queue_job_1024_local_copies,own_local,job,100,353166,3531.66,2406400
1,46,async_queue_job_64_borrow_reads,std_shared_then_raw_borrow,job,100,63441,634.41,150400
1,47,share_read_drop,std_shared,handoff,100000,1528944,15.28944,2350000
1,48,async_queue_job_1_borrow_reads,std_shared_then_raw_borrow,job,100,76280,762.8,2000
1,49,async_queue_job_64_local_copies,own_local,job,100,67558,675.58,150400
1,50,weak_lock_expired,own_shared,lock,100000,68878,0.68878,0
1,51,owner_retained_borrow_copy_read,own_local_view,read,100000,32504,0.32504,2350000
1,52,resource_lifecycle_64_assets_4096_objects,own_local,cycle,10,206322,20632.2,17203200
1,53,owner_retained_borrow_parameter,std_raw_borrow,call,100000,64352,0.64352,2350000
1,54,group_setup_then_64_copies,own_local,group,1562,112325,71.9110115237,2349248
1,55,owner_retained_4096_draw_borrows,own_local_view,frame,24,47964,1998.5,41287680
2,0,async_queue_job_1024_borrow_reads,own_shared_then_local_view,job,100,110122,1101.22,2406400
2,1,create_read_destroy,own_local,asset,100000,1914164,19.14164,65000400000
2,2,independent_owner_parameter,own_shared,call,100000,1295883,12.95883,2350000
2,3,copy_read_drop,own_local,copy,100000,105336,1.05336,2350000
2,4,group_setup_then_1_copies,own_local,group,100000,1359603,13.59603,2000000
2,5,owner_retained_borrow_copy_read,own_local_view,read,100000,51333,0.51333,2350000
2,6,resettable_root_pin_1024_borrow_reads,std_shared_pin_raw_borrow,scope,97,31872,328.577319588,2334208
2,7,localize_read_drop,std_shared,group,100000,1474003,14.74003,2350000
2,8,copy_read_drop,own_shared,copy,100000,1308047,13.08047,2350000
2,9,owner_retained_borrow_parameter,std_raw_borrow,call,100000,64023,0.64023,2350000
2,10,copy_read_drop,std_shared,copy,100000,1587452,15.87452,2350000
2,11,owner_retained_4096_draw_borrows,std_raw_borrow,frame,24,71465,2977.70833333,41287680
2,12,create_read_destroy,own_shared,asset,100000,1807537,18.07537,65000400000
2,13,scene_4096_attachments,std_shared,attachment,98304,934762,9.50889078776,98304
2,14,independent_owner_parameter,std_shared,call,100000,1665397,16.65397,2350000
2,15,async_queue_job_1024_local_copies,std_shared,job,100,2409714,24097.14,2406400
2,16,owner_retained_4096_parameter_borrows,own_local_view,frame,24,80022,3334.25,41287680
2,17,weak_lock_live,own_shared,lock,100000,1503775,15.03775,2350000
2,18,contended_copy_2_workers,own_shared,copy,200000,9017970,45.08985,4700000
2,19,owner_retained_4096_draw_borrows,own_local_view,frame,24,50328,2097,41287680
2,20,borrow_read,raw_borrow,read,100000,35578,0.35578,2350000
2,21,async_queue_job_64_borrow_reads,own_shared_then_local_view,job,100,77809,778.09,150400
2,22,async_queue_job_1_local_copies,own_local,job,100,56527,565.27,2000
2,23,group_setup_then_1024_copies,std_shared,group,97,1655190,17063.814433,2334208
2,24,async_queue_job_64_local_copies,std_shared,job,100,307203,3072.03,150400
2,25,group_setup_then_64_copies,own_local,group,1562,112886,72.2701664533,2349248
2,26,frame_4096_draws_64_unique_leases,std_shared,frame,24,154966,6456.91666667,41287680
2,27,weak_lock_expired,own_shared,lock,100000,88657,0.88657,0
2,28,async_queue_job_1024_local_copies,own_local,job,100,334196,3341.96,2406400
2,29,weak_lock_live,std_shared,lock,100000,1681747,16.81747,2350000
2,30,share_read_drop,std_shared,handoff,100000,1483775,14.83775,2350000
2,31,create_read_destroy,std_shared,asset,100000,1205516,12.05516,65000400000
2,32,scene_4096_attachments,own_local,attachment,98304,137411,1.39781697591,98304
2,33,contended_copy_2_workers,std_shared,copy,200000,16405607,82.028035,4700000
2,34,frame_4096_draws_64_unique_leases,own_shared,frame,24,90511,3771.29166667,41287680
2,35,async_queue_job_1024_borrow_reads,std_shared_then_raw_borrow,job,100,115064,1150.64,2406400
2,36,async_queue_job_1_borrow_reads,own_shared_then_local_view,job,100,45329,453.29,2000
2,37,owner_retained_borrow_copy_read,std_raw_borrow,read,100000,30864,0.30864,2350000
2,38,owner_retained_4096_parameter_borrows,std_raw_borrow,frame,24,79998,3333.25,41287680
2,39,owner_retained_borrow_parameter,own_local_view,call,100000,60034,0.60034,2350000
2,40,group_setup_then_8_copies,own_local,group,12500,265669,21.25352,2350000
2,41,resettable_root_pin_1024_borrow_reads,own_shared_pin_local_view,scope,97,34003,350.546391753,2334208
2,42,independent_owner_parameter,own_local,call,100000,134839,1.34839,2350000
2,43,async_queue_job_1_local_copies,std_shared,job,100,78708,787.08,2000
2,44,group_setup_then_8_copies,std_shared,group,12500,2046167,163.69336,2350000
2,45,share_read_drop,own_shared,handoff,100000,1206380,12.0638,2350000
2,46,async_queue_job_1_borrow_reads,std_shared_then_raw_borrow,job,100,65031,650.31,2000
2,47,async_queue_job_64_borrow_reads,std_shared_then_raw_borrow,job,100,43283,432.83,150400
2,48,resource_lifecycle_64_assets_4096_objects,own_local,cycle,10,221479,22147.9,17203200
2,49,resource_lifecycle_64_assets_4096_objects,std_shared,cycle,10,532574,53257.4,17203200
2,50,async_queue_job_64_local_copies,own_local,job,100,87507,875.07,150400
2,51,group_setup_then_1024_copies,own_local,group,97,88098,908.226804124,2334208
2,52,group_setup_then_1_copies,std_shared,group,100000,3344833,33.44833,2000000
2,53,weak_lock_expired,std_shared,lock,100000,77493,0.77493,0
2,54,group_setup_then_64_copies,std_shared,group,1562,1691046,1082.61587708,2349248
2,55,localize_read_drop,own_local,group,100000,1288266,12.88266,2350000
3,0,async_queue_job_1_local_copies,own_local,job,100,62099,620.99,2000
3,1,frame_4096_draws_64_unique_leases,own_shared,frame,24,107947,4497.79166667,41287680
3,2,frame_4096_draws_64_unique_leases,std_shared,frame,24,90866,3786.08333333,41287680
3,3,share_read_drop,std_shared,handoff,100000,1464037,14.64037,2350000
3,4,owner_retained_borrow_copy_read,std_raw_borrow,read,100000,30557,0.30557,2350000
3,5,group_setup_then_8_copies,std_shared,group,12500,1887007,150.96056,2350000
3,6,resettable_root_pin_1024_borrow_reads,std_shared_pin_raw_borrow,scope,97,31901,328.87628866,2334208
3,7,create_read_destroy,own_shared,asset,100000,1770272,17.70272,65000400000
3,8,async_queue_job_1_local_copies,std_shared,job,100,84838,848.38,2000
3,9,copy_read_drop,own_local,copy,100000,104854,1.04854,2350000
3,10,async_queue_job_1_borrow_reads,std_shared_then_raw_borrow,job,100,67225,672.25,2000
3,11,create_read_destroy,own_local,asset,100000,1932937,19.32937,65000400000
3,12,weak_lock_live,std_shared,lock,100000,1671887,16.71887,2350000
3,13,group_setup_then_64_copies,std_shared,group,1562,1693179,1083.98143406,2349248
3,14,async_queue_job_1024_local_copies,std_shared,job,100,2357963,23579.63,2406400
3,15,independent_owner_parameter,own_shared,call,100000,1995409,19.95409,2350000
3,16,weak_lock_live,own_shared,lock,100000,1545181,15.45181,2350000
3,17,async_queue_job_64_local_copies,std_shared,job,100,355917,3559.17,150400
3,18,contended_copy_2_workers,own_shared,copy,200000,9320579,46.602895,4700000
3,19,async_queue_job_1024_local_copies,own_local,job,100,366055,3660.55,2406400
3,20,owner_retained_borrow_parameter,std_raw_borrow,call,100000,64437,0.64437,2350000
3,21,owner_retained_4096_draw_borrows,own_local_view,frame,24,64088,2670.33333333,41287680
3,22,group_setup_then_1_copies,std_shared,group,100000,3326019,33.26019,2000000
3,23,owner_retained_borrow_copy_read,own_local_view,read,100000,30271,0.30271,2350000
3,24,async_queue_job_1024_borrow_reads,std_shared_then_raw_borrow,job,100,143992,1439.92,2406400
3,25,resource_lifecycle_64_assets_4096_objects,std_shared,cycle,10,549751,54975.1,17203200
3,26,group_setup_then_1024_copies,std_shared,group,97,1642919,16937.3092784,2334208
3,27,borrow_read,raw_borrow,read,100000,35425,0.35425,2350000
3,28,share_read_drop,own_shared,handoff,100000,1117888,11.17888,2350000
3,29,independent_owner_parameter,std_shared,call,100000,1677150,16.7715,2350000
3,30,owner_retained_4096_parameter_borrows,std_raw_borrow,frame,24,79898,3329.08333333,41287680
3,31,localize_read_drop,std_shared,group,100000,1473723,14.73723,2350000
3,32,copy_read_drop,own_shared,copy,100000,1350576,13.50576,2350000
3,33,owner_retained_4096_parameter_borrows,own_local_view,frame,24,77291,3220.45833333,41287680
3,34,async_queue_job_64_borrow_reads,std_shared_then_raw_borrow,job,100,72311,723.11,150400
3,35,independent_owner_parameter,own_local,call,100000,128323,1.28323,2350000
3,36,create_read_destroy,std_shared,asset,100000,1183010,11.8301,65000400000
3,37,contended_copy_2_workers,std_shared,copy,200000,16561528,82.80764,4700000
3,38,group_setup_then_64_copies,own_local,group,1562,111047,71.0928297055,2349248
3,39,group_setup_then_8_copies,own_local,group,12500,226115,18.0892,2350000
3,40,async_queue_job_64_borrow_reads,own_shared_then_local_view,job,100,120143,1201.43,150400
3,41,owner_retained_borrow_parameter,own_local_view,call,100000,60134,0.60134,2350000
3,42,scene_4096_attachments,own_local,attachment,98304,137114,1.39479573568,98304
3,43,async_queue_job_1024_borrow_reads,own_shared_then_local_view,job,100,127730,1277.3,2406400
3,44,copy_read_drop,std_shared,copy,100000,1729662,17.29662,2350000
3,45,scene_4096_attachments,std_shared,attachment,98304,934430,9.50551350911,98304
3,46,async_queue_job_64_local_copies,own_local,job,100,83329,833.29,150400
3,47,localize_read_drop,own_local,group,100000,1274416,12.74416,2350000
3,48,weak_lock_expired,own_shared,lock,100000,70915,0.70915,0
3,49,async_queue_job_1_borrow_reads,own_shared_then_local_view,job,100,65240,652.4,2000
3,50,owner_retained_4096_draw_borrows,std_raw_borrow,frame,24,51553,2148.04166667,41287680
3,51,resource_lifecycle_64_assets_4096_objects,own_local,cycle,10,205494,20549.4,17203200
3,52,resettable_root_pin_1024_borrow_reads,own_shared_pin_local_view,scope,97,31389,323.597938144,2334208
3,53,group_setup_then_1024_copies,own_local,group,97,90877,936.87628866,2334208
3,54,group_setup_then_1_copies,own_local,group,100000,1605782,16.05782,2000000
3,55,weak_lock_expired,std_shared,lock,100000,77079,0.77079,0
4,0,scene_4096_attachments,std_shared,attachment,98304,973491,9.90286254883,98304
4,1,resettable_root_pin_1024_borrow_reads,std_shared_pin_raw_borrow,scope,97,31930,329.175257732,2334208
4,2,owner_retained_4096_parameter_borrows,std_raw_borrow,frame,24,77561,3231.70833333,41287680
4,3,owner_retained_4096_draw_borrows,own_local_view,frame,24,49680,2070,41287680
4,4,weak_lock_expired,own_shared,lock,100000,70926,0.70926,0
4,5,resource_lifecycle_64_assets_4096_objects,std_shared,cycle,10,514741,51474.1,17203200
4,6,copy_read_drop,own_local,copy,100000,105735,1.05735,2350000
4,7,borrow_read,raw_borrow,read,100000,35390,0.3539,2350000
4,8,async_queue_job_64_local_copies,std_shared,job,100,288589,2885.89,150400
4,9,copy_read_drop,own_shared,copy,100000,1321182,13.21182,2350000
4,10,weak_lock_live,own_shared,lock,100000,1477074,14.77074,2350000
4,11,async_queue_job_1024_borrow_reads,std_shared_then_raw_borrow,job,100,135668,1356.68,2406400
4,12,frame_4096_draws_64_unique_leases,std_shared,frame,24,85289,3553.70833333,41287680
4,13,async_queue_job_1_local_copies,own_local,job,100,62595,625.95,2000
4,14,async_queue_job_1_borrow_reads,own_shared_then_local_view,job,100,56565,565.65,2000
4,15,weak_lock_live,std_shared,lock,100000,1669440,16.6944,2350000
4,16,async_queue_job_1024_local_copies,std_shared,job,100,2417042,24170.42,2406400
4,17,independent_owner_parameter,std_shared,call,100000,1639345,16.39345,2350000
4,18,group_setup_then_1_copies,std_shared,group,100000,3343197,33.43197,2000000
4,19,copy_read_drop,std_shared,copy,100000,1657122,16.57122,2350000
4,20,scene_4096_attachments,own_local,attachment,98304,138025,1.4040629069,98304
4,21,contended_copy_2_workers,own_shared,copy,200000,8947642,44.73821,4700000
4,22,create_read_destroy,own_local,asset,100000,1902985,19.02985,65000400000
4,23,async_queue_job_64_borrow_reads,own_shared_then_local_view,job,100,79804,798.04,150400
4,24,async_queue_job_64_local_copies,own_local,job,100,104579,1045.79,150400
4,25,resettable_root_pin_1024_borrow_reads,own_shared_pin_local_view,scope,97,31765,327.474226804,2334208
4,26,owner_retained_borrow_copy_read,std_raw_borrow,read,100000,30918,0.30918,2350000
4,27,owner_retained_4096_draw_borrows,std_raw_borrow,frame,24,49719,2071.625,41287680
4,28,owner_retained_borrow_copy_read,own_local_view,read,100000,30067,0.30067,2350000
4,29,owner_retained_borrow_parameter,own_local_view,call,100000,59956,0.59956,2350000
4,30,async_queue_job_64_borrow_reads,std_shared_then_raw_borrow,job,100,58695,586.95,150400
4,31,group_setup_then_64_copies,std_shared,group,1562,1666786,1067.08450704,2349248
4,32,owner_retained_borrow_parameter,std_raw_borrow,call,100000,59977,0.59977,2350000
4,33,independent_owner_parameter,own_shared,call,100000,1307404,13.07404,2350000
4,34,group_setup_then_1_copies,own_local,group,100000,1380254,13.80254,2000000
4,35,independent_owner_parameter,own_local,call,100000,112191,1.12191,2350000
4,36,weak_lock_expired,std_shared,lock,100000,77330,0.7733,0
4,37,group_setup_then_8_copies,own_local,group,12500,275510,22.0408,2350000
4,38,frame_4096_draws_64_unique_leases,own_shared,frame,24,97863,4077.625,41287680
4,39,group_setup_then_8_copies,std_shared,group,12500,2022823,161.82584,2350000
4,40,owner_retained_4096_parameter_borrows,own_local_view,frame,24,84780,3532.5,41287680
4,41,share_read_drop,std_shared,handoff,100000,1585101,15.85101,2350000
4,42,localize_read_drop,std_shared,group,100000,1469625,14.69625,2350000
4,43,async_queue_job_1_borrow_reads,std_shared_then_raw_borrow,job,100,53426,534.26,2000
4,44,resource_lifecycle_64_assets_4096_objects,own_local,cycle,10,202883,20288.3,17203200
4,45,contended_copy_2_workers,std_shared,copy,200000,15836992,79.18496,4700000
4,46,create_read_destroy,std_shared,asset,100000,1224230,12.2423,65000400000
4,47,async_queue_job_1024_borrow_reads,own_shared_then_local_view,job,100,169321,1693.21,2406400
4,48,group_setup_then_64_copies,own_local,group,1562,140920,90.2176696543,2349248
4,49,create_read_destroy,own_shared,asset,100000,1783014,17.83014,65000400000
4,50,share_read_drop,own_shared,handoff,100000,1119747,11.19747,2350000
4,51,group_setup_then_1024_copies,std_shared,group,97,1674574,17263.6494845,2334208
4,52,async_queue_job_1024_local_copies,own_local,job,100,301283,3012.83,2406400
4,53,group_setup_then_1024_copies,own_local,group,97,87196,898.927835052,2334208
4,54,localize_read_drop,own_local,group,100000,1293739,12.93739,2350000
4,55,async_queue_job_1_local_copies,std_shared,job,100,69643,696.43,2000
5,0,localize_read_drop,own_local,group,100000,1279245,12.79245,2350000
5,1,async_queue_job_1024_local_copies,own_local,job,100,294571,2945.71,2406400
5,2,share_read_drop,std_shared,handoff,100000,1545060,15.4506,2350000
5,3,share_read_drop,own_shared,handoff,100000,1119202,11.19202,2350000
5,4,async_queue_job_64_borrow_reads,own_shared_then_local_view,job,100,92190,921.9,150400
5,5,resource_lifecycle_64_assets_4096_objects,own_local,cycle,10,205884,20588.4,17203200
5,6,contended_copy_2_workers,std_shared,copy,200000,15359481,76.797405,4700000
5,7,borrow_read,raw_borrow,read,100000,35776,0.35776,2350000
5,8,group_setup_then_64_copies,own_local,group,1562,110758,70.9078104994,2349248
5,9,independent_owner_parameter,own_shared,call,100000,1301297,13.01297,2350000
5,10,async_queue_job_64_borrow_reads,std_shared_then_raw_borrow,job,100,111920,1119.2,150400
5,11,copy_read_drop,std_shared,copy,100000,1729649,17.29649,2350000
5,12,async_queue_job_1024_local_copies,std_shared,job,100,2469955,24699.55,2406400
5,13,group_setup_then_64_copies,std_shared,group,1562,1684073,1078.15172855,2349248
5,14,owner_retained_borrow_parameter,own_local_view,call,100000,64393,0.64393,2350000
5,15,resettable_root_pin_1024_borrow_reads,own_shared_pin_local_view,scope,97,31690,326.701030928,2334208
5,16,create_read_destroy,own_shared,asset,100000,1811643,18.11643,65000400000
5,17,copy_read_drop,own_shared,copy,100000,1339540,13.3954,2350000
5,18,async_queue_job_1_local_copies,std_shared,job,100,80506,805.06,2000
5,19,copy_read_drop,own_local,copy,100000,107853,1.07853,2350000
5,20,async_queue_job_1_borrow_reads,own_shared_then_local_view,job,100,69639,696.39,2000
5,21,resettable_root_pin_1024_borrow_reads,std_shared_pin_raw_borrow,scope,97,34149,352.051546392,2334208
5,22,async_queue_job_1024_borrow_reads,own_shared_then_local_view,job,100,119016,1190.16,2406400
5,23,weak_lock_expired,own_shared,lock,100000,74575,0.74575,0
5,24,owner_retained_4096_draw_borrows,own_local_view,frame,24,55842,2326.75,41287680
5,25,resource_lifecycle_64_assets_4096_objects,std_shared,cycle,10,581894,58189.4,17203200
5,26,owner_retained_4096_draw_borrows,std_raw_borrow,frame,24,55285,2303.54166667,41287680
5,27,owner_retained_borrow_copy_read,std_raw_borrow,read,100000,32667,0.32667,2350000
5,28,owner_retained_4096_parameter_borrows,std_raw_borrow,frame,24,86134,3588.91666667,41287680
5,29,weak_lock_expired,std_shared,lock,100000,83600,0.836,0
5,30,group_setup_then_8_copies,std_shared,group,12500,2048995,163.9196,2350000
5,31,group_setup_then_1_copies,own_local,group,100000,1411226,14.11226,2000000
5,32,group_setup_then_1024_copies,own_local,group,97,92302,951.567010309,2334208
5,33,async_queue_job_1024_borrow_reads,std_shared_then_raw_borrow,job,100,120274,1202.74,2406400
5,34,scene_4096_attachments,std_shared,attachment,98304,938215,9.54401652018,98304
5,35,frame_4096_draws_64_unique_leases,std_shared,frame,24,83520,3480,41287680
5,36,async_queue_job_64_local_copies,own_local,job,100,91598,915.98,150400
5,37,weak_lock_live,std_shared,lock,100000,1676210,16.7621,2350000
5,38,owner_retained_4096_parameter_borrows,own_local_view,frame,24,76433,3184.70833333,41287680
5,39,async_queue_job_64_local_copies,std_shared,job,100,311234,3112.34,150400
5,40,weak_lock_live,own_shared,lock,100000,1517960,15.1796,2350000
5,41,frame_4096_draws_64_unique_leases,own_shared,frame,24,91857,3827.375,41287680
5,42,owner_retained_borrow_parameter,std_raw_borrow,call,100000,64294,0.64294,2350000
5,43,owner_retained_borrow_copy_read,own_local_view,read,100000,43268,0.43268,2350000
5,44,async_queue_job_1_borrow_reads,std_shared_then_raw_borrow,job,100,64167,641.67,2000
5,45,group_setup_then_8_copies,own_local,group,12500,250050,20.004,2350000
5,46,scene_4096_attachments,own_local,attachment,98304,131676,1.33947753906,98304
5,47,contended_copy_2_workers,own_shared,copy,200000,8741316,43.70658,4700000
5,48,create_read_destroy,own_local,asset,100000,1900334,19.00334,65000400000
5,49,independent_owner_parameter,own_local,call,100000,112033,1.12033,2350000
5,50,localize_read_drop,std_shared,group,100000,1466876,14.66876,2350000
5,51,async_queue_job_1_local_copies,own_local,job,100,98297,982.97,2000
5,52,independent_owner_parameter,std_shared,call,100000,1655080,16.5508,2350000
5,53,group_setup_then_1_copies,std_shared,group,100000,4457716,44.57716,2000000
5,54,create_read_destroy,std_shared,asset,100000,1226921,12.26921,65000400000
5,55,group_setup_then_1024_copies,std_shared,group,97,1672315,17240.3608247,2334208
6,0,async_queue_job_64_borrow_reads,own_shared_then_local_view,job,100,101775,1017.75,150400
6,1,async_queue_job_64_local_copies,own_local,job,100,100532,1005.32,150400
6,2,weak_lock_expired,own_shared,lock,100000,68801,0.68801,0
6,3,frame_4096_draws_64_unique_leases,std_shared,frame,24,90221,3759.20833333,41287680
6,4,async_queue_job_1024_local_copies,own_local,job,100,305076,3050.76,2406400
6,5,create_read_destroy,std_shared,asset,100000,1195099,11.95099,65000400000
6,6,weak_lock_live,own_shared,lock,100000,1511788,15.11788,2350000
6,7,frame_4096_draws_64_unique_leases,own_shared,frame,24,94828,3951.16666667,41287680
6,8,independent_owner_parameter,own_local,call,100000,111997,1.11997,2350000
6,9,async_queue_job_1_borrow_reads,own_shared_then_local_view,job,100,66748,667.48,2000
6,10,weak_lock_live,std_shared,lock,100000,1941752,19.41752,2350000
6,11,copy_read_drop,own_local,copy,100000,156988,1.56988,2350000
6,12,async_queue_job_64_borrow_reads,std_shared_then_raw_borrow,job,100,176168,1761.68,150400
6,13,async_queue_job_1_local_copies,own_local,job,100,49002,490.02,2000
6,14,localize_read_drop,std_shared,group,100000,2069537,20.69537,2350000
6,15,weak_lock_expired,std_shared,lock,100000,88381,0.88381,0
6,16,create_read_destroy,own_shared,asset,100000,1760877,17.60877,65000400000
6,17,scene_4096_attachments,own_local,attachment,98304,139690,1.42100016276,98304
6,18,owner_retained_borrow_parameter,own_local_view,call,100000,72507,0.72507,2350000
6,19,group_setup_then_8_copies,std_shared,group,12500,1918035,153.4428,2350000
6,20,independent_owner_parameter,own_shared,call,100000,1304750,13.0475,2350000
6,21,group_setup_then_64_copies,own_local,group,1562,142886,91.47631242,2349248
6,22,async_queue_job_1_borrow_reads,std_shared_then_raw_borrow,job,100,89214,892.14,2000
6,23,async_queue_job_1024_borrow_reads,std_shared_then_raw_borrow,job,100,124309,1243.09,2406400
6,24,group_setup_then_1_copies,own_local,group,100000,1375649,13.75649,2000000
6,25,resource_lifecycle_64_assets_4096_objects,own_local,cycle,10,205664,20566.4,17203200
6,26,group_setup_then_1024_copies,own_local,group,97,96011,989.804123711,2334208
6,27,owner_retained_4096_parameter_borrows,std_raw_borrow,frame,24,80328,3347,41287680
6,28,share_read_drop,own_shared,handoff,100000,1128178,11.28178,2350000
6,29,owner_retained_borrow_copy_read,own_local_view,read,100000,31160,0.3116,2350000
6,30,contended_copy_2_workers,own_shared,copy,200000,8938254,44.69127,4700000
6,31,localize_read_drop,own_local,group,100000,1393568,13.93568,2350000
6,32,owner_retained_4096_parameter_borrows,own_local_view,frame,24,80153,3339.70833333,41287680
6,33,owner_retained_borrow_parameter,std_raw_borrow,call,100000,60336,0.60336,2350000
6,34,owner_retained_4096_draw_borrows,own_local_view,frame,24,47131,1963.79166667,41287680
6,35,share_read_drop,std_shared,handoff,100000,1517823,15.17823,2350000
6,36,async_queue_job_64_local_copies,std_shared,job,100,374639,3746.39,150400
6,37,group_setup_then_64_copies,std_shared,group,1562,1680485,1075.8546735,2349248
6,38,borrow_read,raw_borrow,read,100000,60056,0.60056,2350000
6,39,scene_4096_attachments,std_shared,attachment,98304,933049,9.49146525065,98304
6,40,async_queue_job_1_local_copies,std_shared,job,100,63661,636.61,2000
6,41,async_queue_job_1024_local_copies,std_shared,job,100,2492829,24928.29,2406400
6,42,resettable_root_pin_1024_borrow_reads,std_shared_pin_raw_borrow,scope,97,31490,324.639175258,2334208
6,43,resource_lifecycle_64_assets_4096_objects,std_shared,cycle,10,531877,53187.7,17203200
6,44,independent_owner_parameter,std_shared,call,100000,1651015,16.51015,2350000
6,45,create_read_destroy,own_local,asset,100000,1895010,18.9501,65000400000
6,46,contended_copy_2_workers,std_shared,copy,200000,14578317,72.891585,4700000
6,47,copy_read_drop,std_shared,copy,100000,1644247,16.44247,2350000
6,48,resettable_root_pin_1024_borrow_reads,own_shared_pin_local_view,scope,97,31620,325.979381443,2334208
6,49,group_setup_then_8_copies,own_local,group,12500,278094,22.24752,2350000
6,50,async_queue_job_1024_borrow_reads,own_shared_then_local_view,job,100,128391,1283.91,2406400
6,51,owner_retained_4096_draw_borrows,std_raw_borrow,frame,24,55124,2296.83333333,41287680
6,52,owner_retained_borrow_copy_read,std_raw_borrow,read,100000,32488,0.32488,2350000
6,53,group_setup_then_1024_copies,std_shared,group,97,1785091,18403,2334208
6,54,group_setup_then_1_copies,std_shared,group,100000,4370918,43.70918,2000000
6,55,copy_read_drop,own_shared,copy,100000,1297845,12.97845,2350000
7,0,resource_lifecycle_64_assets_4096_objects,own_local,cycle,10,217822,21782.2,17203200
7,1,share_read_drop,std_shared,handoff,100000,1475430,14.7543,2350000
7,2,owner_retained_4096_draw_borrows,own_local_view,frame,24,49666,2069.41666667,41287680
7,3,weak_lock_expired,std_shared,lock,100000,77251,0.77251,0
7,4,async_queue_job_1_borrow_reads,own_shared_then_local_view,job,100,62456,624.56,2000
7,5,async_queue_job_1024_local_copies,std_shared,job,100,2396747,23967.47,2406400
7,6,resource_lifecycle_64_assets_4096_objects,std_shared,cycle,10,519758,51975.8,17203200
7,7,frame_4096_draws_64_unique_leases,own_shared,frame,24,92384,3849.33333333,41287680
7,8,group_setup_then_1024_copies,std_shared,group,97,1661444,17128.2886598,2334208
7,9,weak_lock_live,own_shared,lock,100000,1485820,14.8582,2350000
7,10,resettable_root_pin_1024_borrow_reads,std_shared_pin_raw_borrow,scope,97,32220,332.164948454,2334208
7,11,copy_read_drop,own_local,copy,100000,127629,1.27629,2350000
7,12,async_queue_job_1_borrow_reads,std_shared_then_raw_borrow,job,100,90145,901.45,2000
7,13,share_read_drop,own_shared,handoff,100000,1131326,11.31326,2350000
7,14,group_setup_then_64_copies,std_shared,group,1562,1693663,1084.29129321,2349248
7,15,group_setup_then_1_copies,std_shared,group,100000,3345055,33.45055,2000000
7,16,resettable_root_pin_1024_borrow_reads,own_shared_pin_local_view,scope,97,31391,323.618556701,2334208
7,17,create_read_destroy,own_local,asset,100000,1921767,19.21767,65000400000
7,18,independent_owner_parameter,own_shared,call,100000,1297199,12.97199,2350000
7,19,async_queue_job_64_borrow_reads,own_shared_then_local_view,job,100,86191,861.91,150400
7,20,independent_owner_parameter,own_local,call,100000,112332,1.12332,2350000
7,21,independent_owner_parameter,std_shared,call,100000,1660684,16.60684,2350000
7,22,group_setup_then_8_copies,own_local,group,12500,267886,21.43088,2350000
7,23,localize_read_drop,own_local,group,100000,1568597,15.68597,2350000
7,24,group_setup_then_8_copies,std_shared,group,12500,2032786,162.62288,2350000
7,25,async_queue_job_1_local_copies,std_shared,job,100,75192,751.92,2000
7,26,group_setup_then_1_copies,own_local,group,100000,1398753,13.98753,2000000
7,27,localize_read_drop,std_shared,group,100000,1492109,14.92109,2350000
7,28,create_read_destroy,std_shared,asset,100000,1212721,12.12721,65000400000
7,29,owner_retained_borrow_parameter,std_raw_borrow,call,100000,67203,0.67203,2350000
7,30,owner_retained_4096_parameter_borrows,std_raw_borrow,frame,24,80740,3364.16666667,41287680
7,31,async_queue_job_64_borrow_reads,std_shared_then_raw_borrow,job,100,2722012,27220.12,150400
7,32,async_queue_job_1024_local_copies,own_local,job,100,400678,4006.78,2406400
7,33,owner_retained_borrow_copy_read,own_local_view,read,100000,32689,0.32689,2350000
7,34,borrow_read,raw_borrow,read,100000,44450,0.4445,2350000
7,35,async_queue_job_1024_borrow_reads,own_shared_then_local_view,job,100,143153,1431.53,2406400
7,36,owner_retained_4096_draw_borrows,std_raw_borrow,frame,24,52256,2177.33333333,41287680
7,37,scene_4096_attachments,std_shared,attachment,98304,967288,9.83976236979,98304
7,38,group_setup_then_1024_copies,own_local,group,97,94512,974.350515464,2334208
7,39,scene_4096_attachments,own_local,attachment,98304,152680,1.55314127604,98304
7,40,owner_retained_4096_parameter_borrows,own_local_view,frame,24,77558,3231.58333333,41287680
7,41,async_queue_job_1_local_copies,own_local,job,100,89515,895.15,2000
7,42,group_setup_then_64_copies,own_local,group,1562,118887,76.1120358515,2349248
7,43,contended_copy_2_workers,std_shared,copy,200000,15939053,79.695265,4700000
7,44,copy_read_drop,std_shared,copy,100000,1662104,16.62104,2350000
7,45,async_queue_job_64_local_copies,own_local,job,100,110347,1103.47,150400
7,46,async_queue_job_64_local_copies,std_shared,job,100,364511,3645.11,150400
7,47,owner_retained_borrow_parameter,own_local_view,call,100000,64652,0.64652,2350000
7,48,owner_retained_borrow_copy_read,std_raw_borrow,read,100000,30669,0.30669,2350000
7,49,copy_read_drop,own_shared,copy,100000,1339614,13.39614,2350000
7,50,create_read_destroy,own_shared,asset,100000,1794516,17.94516,65000400000
7,51,contended_copy_2_workers,own_shared,copy,200000,9054719,45.273595,4700000
7,52,weak_lock_expired,own_shared,lock,100000,70155,0.70155,0
7,53,weak_lock_live,std_shared,lock,100000,1691385,16.91385,2350000
7,54,async_queue_job_1024_borrow_reads,std_shared_then_raw_borrow,job,100,134228,1342.28,2406400
7,55,frame_4096_draws_64_unique_leases,std_shared,frame,24,87749,3656.20833333,41287680
8,0,share_read_drop,std_shared,handoff,100000,1476905,14.76905,2350000
8,1,localize_read_drop,std_shared,group,100000,1480234,14.80234,2350000
8,2,async_queue_job_1_local_copies,own_local,job,100,46570,465.7,2000
8,3,async_queue_job_1_borrow_reads,std_shared_then_raw_borrow,job,100,45810,458.1,2000
8,4,contended_copy_2_workers,std_shared,copy,200000,15491269,77.456345,4700000
8,5,resettable_root_pin_1024_borrow_reads,own_shared_pin_local_view,scope,97,31740,327.216494845,2334208
8,6,async_queue_job_1_borrow_reads,own_shared_then_local_view,job,100,70187,701.87,2000
8,7,owner_retained_borrow_copy_read,std_raw_borrow,read,100000,30677,0.30677,2350000
8,8,group_setup_then_64_copies,own_local,group,1562,109218,69.9218950064,2349248
8,9,frame_4096_draws_64_unique_leases,own_shared,frame,24,89722,3738.41666667,41287680
8,10,group_setup_then_1_copies,std_shared,group,100000,3354613,33.54613,2000000
8,11,group_setup_then_1024_copies,own_local,group,97,87043,897.350515464,2334208
8,12,owner_retained_4096_parameter_borrows,std_raw_borrow,frame,24,79185,3299.375,41287680
8,13,weak_lock_expired,own_shared,lock,100000,68788,0.68788,0
8,14,copy_read_drop,own_local,copy,100000,110972,1.10972,2350000
8,15,async_queue_job_1024_borrow_reads,std_shared_then_raw_borrow,job,100,123578,1235.78,2406400
8,16,create_read_destroy,own_shared,asset,100000,1944109,19.44109,65000400000
8,17,resource_lifecycle_64_assets_4096_objects,own_local,cycle,10,220870,22087,17203200
8,18,owner_retained_borrow_copy_read,own_local_view,read,100000,32587,0.32587,2350000
8,19,owner_retained_4096_parameter_borrows,own_local_view,frame,24,83385,3474.375,41287680
8,20,weak_lock_expired,std_shared,lock,100000,83718,0.83718,0
8,21,independent_owner_parameter,own_local,call,100000,133285,1.33285,2350000
8,22,weak_lock_live,std_shared,lock,100000,1803684,18.03684,2350000
8,23,group_setup_then_1_copies,own_local,group,100000,1358910,13.5891,2000000
8,24,frame_4096_draws_64_unique_leases,std_shared,frame,24,85057,3544.04166667,41287680
8,25,borrow_read,raw_borrow,read,100000,35026,0.35026,2350000
8,26,async_queue_job_1024_borrow_reads,own_shared_then_local_view,job,100,117179,1171.79,2406400
8,27,owner_retained_borrow_parameter,std_raw_borrow,call,100000,61619,0.61619,2350000
8,28,owner_retained_4096_draw_borrows,std_raw_borrow,frame,24,47620,1984.16666667,41287680
8,29,resettable_root_pin_1024_borrow_reads,std_shared_pin_raw_borrow,scope,97,32105,330.979381443,2334208
8,30,create_read_destroy,std_shared,asset,100000,1184487,11.84487,65000400000
8,31,async_queue_job_1024_local_copies,own_local,job,100,298503,2985.03,2406400
8,32,weak_lock_live,own_shared,lock,100000,1492086,14.92086,2350000
8,33,group_setup_then_64_copies,std_shared,group,1562,2128112,1362.42765685,2349248
8,34,async_queue_job_1024_local_copies,std_shared,job,100,2406751,24067.51,2406400
8,35,group_setup_then_8_copies,std_shared,group,12500,1863405,149.0724,2350000
8,36,async_queue_job_1_local_copies,std_shared,job,100,69451,694.51,2000
8,37,copy_read_drop,own_shared,copy,100000,1630962,16.30962,2350000
8,38,async_queue_job_64_borrow_reads,std_shared_then_raw_borrow,job,100,80451,804.51,150400
8,39,async_queue_job_64_borrow_reads,own_shared_then_local_view,job,100,74123,741.23,150400
8,40,resource_lifecycle_64_assets_4096_objects,std_shared,cycle,10,679709,67970.9,17203200
8,41,contended_copy_2_workers,own_shared,copy,200000,7567010,37.83505,4700000
8,42,async_queue_job_64_local_copies,own_local,job,100,55327,553.27,150400
8,43,create_read_destroy,own_local,asset,100000,2706986,27.06986,65000400000
8,44,independent_owner_parameter,std_shared,call,100000,1671781,16.71781,2350000
8,45,share_read_drop,own_shared,handoff,100000,1475592,14.75592,2350000
8,46,group_setup_then_8_copies,own_local,group,12500,370324,29.62592,2350000
8,47,owner_retained_borrow_parameter,own_local_view,call,100000,111086,1.11086,2350000
8,48,owner_retained_4096_draw_borrows,own_local_view,frame,24,153446,6393.58333333,41287680
8,49,copy_read_drop,std_shared,copy,100000,1671670,16.7167,2350000
8,50,scene_4096_attachments,own_local,attachment,98304,226617,2.30526733398,98304
8,51,async_queue_job_64_local_copies,std_shared,job,100,247914,2479.14,150400
8,52,independent_owner_parameter,own_shared,call,100000,1609491,16.09491,2350000
8,53,localize_read_drop,own_local,group,100000,1686060,16.8606,2350000
8,54,group_setup_then_1024_copies,std_shared,group,97,1658557,17098.5257732,2334208
8,55,scene_4096_attachments,std_shared,attachment,98304,1249412,12.7096761068,98304
9,0,async_queue_job_1024_borrow_reads,own_shared_then_local_view,job,100,161680,1616.8,2406400
9,1,group_setup_then_1024_copies,own_local,group,97,166462,1716.10309278,2334208
9,2,async_queue_job_64_borrow_reads,std_shared_then_raw_borrow,job,100,57690,576.9,150400
9,3,group_setup_then_1024_copies,std_shared,group,97,1702652,17553.1134021,2334208
9,4,create_read_destroy,std_shared,asset,100000,1963381,19.63381,65000400000
9,5,create_read_destroy,own_shared,asset,100000,2417863,24.17863,65000400000
9,6,resettable_root_pin_1024_borrow_reads,std_shared_pin_raw_borrow,scope,97,63557,655.226804124,2334208
9,7,resource_lifecycle_64_assets_4096_objects,std_shared,cycle,10,700642,70064.2,17203200
9,8,group_setup_then_8_copies,std_shared,group,12500,1947367,155.78936,2350000
9,9,owner_retained_borrow_parameter,own_local_view,call,100000,88605,0.88605,2350000
9,10,owner_retained_4096_draw_borrows,std_raw_borrow,frame,24,99695,4153.95833333,41287680
9,11,weak_lock_live,own_shared,lock,100000,1781722,17.81722,2350000
9,12,copy_read_drop,std_shared,copy,100000,1704552,17.04552,2350000
9,13,group_setup_then_8_copies,own_local,group,12500,367142,29.37136,2350000
9,14,async_queue_job_64_local_copies,own_local,job,100,87776,877.76,150400
9,15,copy_read_drop,own_shared,copy,100000,1608399,16.08399,2350000
9,16,owner_retained_4096_draw_borrows,own_local_view,frame,24,95085,3961.875,41287680
9,17,async_queue_job_1_local_copies,std_shared,job,100,66707,667.07,2000
9,18,group_setup_then_64_copies,std_shared,group,1562,1794280,1148.70678617,2349248
9,19,async_queue_job_64_borrow_reads,own_shared_then_local_view,job,100,59830,598.3,150400
9,20,owner_retained_borrow_copy_read,std_raw_borrow,read,100000,52897,0.52897,2350000
9,21,weak_lock_expired,own_shared,lock,100000,148468,1.48468,0
9,22,scene_4096_attachments,own_local,attachment,98304,213583,2.17267862956,98304
9,23,async_queue_job_1_borrow_reads,own_shared_then_local_view,job,100,208224,2082.24,2000
9,24,frame_4096_draws_64_unique_leases,own_shared,frame,24,167252,6968.83333333,41287680
9,25,async_queue_job_1024_local_copies,std_shared,job,100,2417115,24171.15,2406400
9,26,localize_read_drop,own_local,group,100000,1634642,16.34642,2350000
9,27,async_queue_job_64_local_copies,std_shared,job,100,249150,2491.5,150400
9,28,async_queue_job_1024_local_copies,own_local,job,100,289998,2899.98,2406400
9,29,independent_owner_parameter,std_shared,call,100000,1715045,17.15045,2350000
9,30,frame_4096_draws_64_unique_leases,std_shared,frame,24,151546,6314.41666667,41287680
9,31,weak_lock_live,std_shared,lock,100000,2092898,20.92898,2350000
9,32,weak_lock_expired,std_shared,lock,100000,145420,1.4542,0
9,33,scene_4096_attachments,std_shared,attachment,98304,1261457,12.8322041829,98304
9,34,owner_retained_borrow_copy_read,own_local_view,read,100000,48697,0.48697,2350000
9,35,contended_copy_2_workers,std_shared,copy,200000,15802634,79.01317,4700000
9,36,share_read_drop,own_shared,handoff,100000,1439607,14.39607,2350000
9,37,owner_retained_4096_parameter_borrows,std_raw_borrow,frame,24,141315,5888.125,41287680
9,38,group_setup_then_1_copies,std_shared,group,100000,3495334,34.95334,2000000
9,39,async_queue_job_1024_borrow_reads,std_shared_then_raw_borrow,job,100,136557,1365.57,2406400
9,40,async_queue_job_1_local_copies,own_local,job,100,61822,618.22,2000
9,41,share_read_drop,std_shared,handoff,100000,1830156,18.30156,2350000
9,42,localize_read_drop,std_shared,group,100000,1873450,18.7345,2350000
9,43,independent_owner_parameter,own_shared,call,100000,1571878,15.71878,2350000
9,44,group_setup_then_1_copies,own_local,group,100000,1825914,18.25914,2000000
9,45,group_setup_then_64_copies,own_local,group,1562,194298,124.390524968,2349248
9,46,resettable_root_pin_1024_borrow_reads,own_shared_pin_local_view,scope,97,57600,593.81443299,2334208
9,47,independent_owner_parameter,own_local,call,100000,202003,2.02003,2350000
9,48,async_queue_job_1_borrow_reads,std_shared_then_raw_borrow,job,100,89304,893.04,2000
9,49,create_read_destroy,own_local,asset,100000,2596639,25.96639,65000400000
9,50,copy_read_drop,own_local,copy,100000,229969,2.29969,2350000
9,51,resource_lifecycle_64_assets_4096_objects,own_local,cycle,10,341046,34104.6,17203200
9,52,contended_copy_2_workers,own_shared,copy,200000,8953704,44.76852,4700000
9,53,borrow_read,raw_borrow,read,100000,60222,0.60222,2350000
9,54,owner_retained_borrow_parameter,std_raw_borrow,call,100000,111555,1.11555,2350000
9,55,owner_retained_4096_parameter_borrows,own_local_view,frame,24,134429,5601.20833333,41287680
10,0,weak_lock_live,own_shared,lock,100000,1785931,17.85931,2350000
10,1,borrow_read,raw_borrow,read,100000,65970,0.6597,2350000
10,2,group_setup_then_8_copies,own_local,group,12500,423297,33.86376,2350000
10,3,scene_4096_attachments,std_shared,attachment,98304,1224587,12.4571431478,98304
10,4,async_queue_job_1_local_copies,std_shared,job,100,77304,773.04,2000
10,5,create_read_destroy,std_shared,asset,100000,1901456,19.01456,65000400000
10,6,scene_4096_attachments,own_local,attachment,98304,208662,2.12261962891,98304
10,7,owner_retained_4096_draw_borrows,std_raw_borrow,frame,24,100739,4197.45833333,41287680
10,8,localize_read_drop,std_shared,group,100000,1870695,18.70695,2350000
10,9,weak_lock_expired,own_shared,lock,100000,137995,1.37995,0
10,10,resettable_root_pin_1024_borrow_reads,std_shared_pin_raw_borrow,scope,97,63274,652.309278351,2334208
10,11,frame_4096_draws_64_unique_leases,own_shared,frame,24,153418,6392.41666667,41287680
10,12,share_read_drop,own_shared,handoff,100000,1483384,14.83384,2350000
10,13,independent_owner_parameter,own_local,call,100000,213293,2.13293,2350000
10,14,copy_read_drop,own_local,copy,100000,190481,1.90481,2350000
10,15,resettable_root_pin_1024_borrow_reads,own_shared_pin_local_view,scope,97,56345,580.87628866,2334208
10,16,owner_retained_4096_parameter_borrows,own_local_view,frame,24,150694,6278.91666667,41287680
10,17,async_queue_job_1_borrow_reads,std_shared_then_raw_borrow,job,100,1250521,12505.21,2000
10,18,async_queue_job_64_local_copies,std_shared,job,100,283540,2835.4,150400
10,19,async_queue_job_1024_local_copies,std_shared,job,100,2967610,29676.1,2406400
10,20,contended_copy_2_workers,std_shared,copy,200000,11508105,57.540525,4700000
10,21,async_queue_job_1_local_copies,own_local,job,100,60423,604.23,2000
10,22,independent_owner_parameter,own_shared,call,100000,1562151,15.62151,2350000
10,23,async_queue_job_1_borrow_reads,own_shared_then_local_view,job,100,83854,838.54,2000
10,24,group_setup_then_1024_copies,std_shared,group,97,1640049,16907.7216495,2334208
10,25,async_queue_job_1024_borrow_reads,own_shared_then_local_view,job,100,137184,1371.84,2406400
10,26,async_queue_job_1024_borrow_reads,std_shared_then_raw_borrow,job,100,150464,1504.64,2406400
10,27,create_read_destroy,own_local,asset,100000,2603404,26.03404,65000400000
10,28,group_setup_then_8_copies,std_shared,group,12500,1953821,156.30568,2350000
10,29,async_queue_job_1024_local_copies,own_local,job,100,388299,3882.99,2406400
10,30,copy_read_drop,own_shared,copy,100000,1609058,16.09058,2350000
10,31,owner_retained_borrow_copy_read,std_raw_borrow,read,100000,48825,0.48825,2350000
10,32,contended_copy_2_workers,own_shared,copy,200000,4203243,21.016215,4700000
10,33,copy_read_drop,std_shared,copy,100000,1712642,17.12642,2350000
10,34,group_setup_then_1_copies,own_local,group,100000,1754858,17.54858,2000000
10,35,weak_lock_live,std_shared,lock,100000,2147944,21.47944,2350000
10,36,owner_retained_4096_parameter_borrows,std_raw_borrow,frame,24,154977,6457.375,41287680
10,37,async_queue_job_64_borrow_reads,own_shared_then_local_view,job,100,654383,6543.83,150400
10,38,async_queue_job_64_borrow_reads,std_shared_then_raw_borrow,job,100,87292,872.92,150400
10,39,owner_retained_borrow_parameter,own_local_view,call,100000,106774,1.06774,2350000
10,40,owner_retained_borrow_copy_read,own_local_view,read,100000,63720,0.6372,2350000
10,41,group_setup_then_1_copies,std_shared,group,100000,3410584,34.10584,2000000
10,42,resource_lifecycle_64_assets_4096_objects,own_local,cycle,10,209344,20934.4,17203200
10,43,independent_owner_parameter,std_shared,call,100000,1659369,16.59369,2350000
10,44,group_setup_then_64_copies,std_shared,group,1562,1706490,1092.50320102,2349248
10,45,group_setup_then_1024_copies,own_local,group,97,88554,912.927835052,2334208
10,46,share_read_drop,std_shared,handoff,100000,1492951,14.92951,2350000
10,47,owner_retained_borrow_parameter,std_raw_borrow,call,100000,64368,0.64368,2350000
10,48,resource_lifecycle_64_assets_4096_objects,std_shared,cycle,10,512661,51266.1,17203200
10,49,owner_retained_4096_draw_borrows,own_local_view,frame,24,50891,2120.45833333,41287680
10,50,group_setup_then_64_copies,own_local,group,1562,110813,70.943021767,2349248
10,51,frame_4096_draws_64_unique_leases,std_shared,frame,24,92696,3862.33333333,41287680
10,52,create_read_destroy,own_shared,asset,100000,1781586,17.81586,65000400000
10,53,localize_read_drop,own_local,group,100000,1273672,12.73672,2350000
10,54,weak_lock_expired,std_shared,lock,100000,77149,0.77149,0
10,55,async_queue_job_64_local_copies,own_local,job,100,82294,822.94,150400
11,0,async_queue_job_64_borrow_reads,std_shared_then_raw_borrow,job,100,71522,715.22,150400
11,1,owner_retained_borrow_copy_read,own_local_view,read,100000,30161,0.30161,2350000
11,2,weak_lock_live,std_shared,lock,100000,1673314,16.73314,2350000
11,3,owner_retained_borrow_parameter,std_raw_borrow,call,100000,66475,0.66475,2350000
11,4,create_read_destroy,own_local,asset,100000,1924997,19.24997,65000400000
11,5,resource_lifecycle_64_assets_4096_objects,own_local,cycle,10,190495,19049.5,17203200
11,6,group_setup_then_1_copies,own_local,group,100000,1366256,13.66256,2000000
11,7,group_setup_then_1_copies,std_shared,group,100000,3337365,33.37365,2000000
11,8,group_setup_then_8_copies,std_shared,group,12500,1892324,151.38592,2350000
11,9,async_queue_job_1_borrow_reads,std_shared_then_raw_borrow,job,100,89612,896.12,2000
11,10,copy_read_drop,std_shared,copy,100000,1643742,16.43742,2350000
11,11,owner_retained_4096_parameter_borrows,own_local_view,frame,24,77006,3208.58333333,41287680
11,12,group_setup_then_64_copies,std_shared,group,1562,1692815,1083.74839949,2349248
11,13,create_read_destroy,own_shared,asset,100000,1863623,18.63623,65000400000
11,14,weak_lock_expired,std_shared,lock,100000,80489,0.80489,0
11,15,resettable_root_pin_1024_borrow_reads,std_shared_pin_raw_borrow,scope,97,35142,362.288659794,2334208
11,16,owner_retained_4096_parameter_borrows,std_raw_borrow,frame,24,83880,3495,41287680
11,17,share_read_drop,own_shared,handoff,100000,1161540,11.6154,2350000
11,18,scene_4096_attachments,std_shared,attachment,98304,994975,10.1214090983,98304
11,19,contended_copy_2_workers,own_shared,copy,200000,4702069,23.510345,4700000
11,20,copy_read_drop,own_local,copy,100000,113280,1.1328,2350000
11,21,localize_read_drop,own_local,group,100000,1349955,13.49955,2350000
11,22,async_queue_job_1_local_copies,own_local,job,100,67131,671.31,2000
11,23,copy_read_drop,own_shared,copy,100000,1377954,13.77954,2350000
11,24,frame_4096_draws_64_unique_leases,std_shared,frame,24,118193,4924.70833333,41287680
11,25,weak_lock_expired,own_shared,lock,100000,68707,0.68707,0
11,26,resource_lifecycle_64_assets_4096_objects,std_shared,cycle,10,553594,55359.4,17203200
11,27,owner_retained_4096_draw_borrows,own_local_view,frame,24,47599,1983.29166667,41287680
11,28,async_queue_job_1024_local_copies,std_shared,job,100,2653481,26534.81,2406400
11,29,async_queue_job_64_borrow_reads,own_shared_then_local_view,job,100,98134,981.34,150400
11,30,owner_retained_4096_draw_borrows,std_raw_borrow,frame,24,55024,2292.66666667,41287680
11,31,localize_read_drop,std_shared,group,100000,1488981,14.88981,2350000
11,32,group_setup_then_8_copies,own_local,group,12500,275027,22.00216,2350000
11,33,group_setup_then_1024_copies,std_shared,group,97,1695685,17481.2886598,2334208
11,34,contended_copy_2_workers,std_shared,copy,200000,15945218,79.72609,4700000
11,35,weak_lock_live,own_shared,lock,100000,1505906,15.05906,2350000
11,36,async_queue_job_1024_borrow_reads,own_shared_then_local_view,job,100,124943,1249.43,2406400
11,37,create_read_destroy,std_shared,asset,100000,1205370,12.0537,65000400000
11,38,async_queue_job_1024_borrow_reads,std_shared_then_raw_borrow,job,100,191495,1914.95,2406400
11,39,async_queue_job_1_borrow_reads,own_shared_then_local_view,job,100,67609,676.09,2000
11,40,share_read_drop,std_shared,handoff,100000,1480882,14.80882,2350000
11,41,async_queue_job_64_local_copies,own_local,job,100,72220,722.2,150400
11,42,frame_4096_draws_64_unique_leases,own_shared,frame,24,92851,3868.79166667,41287680
11,43,scene_4096_attachments,own_local,attachment,98304,127728,1.29931640625,98304
11,44,independent_owner_parameter,std_shared,call,100000,1675501,16.75501,2350000
11,45,independent_owner_parameter,own_local,call,100000,112185,1.12185,2350000
11,46,owner_retained_borrow_parameter,own_local_view,call,100000,62023,0.62023,2350000
11,47,group_setup_then_1024_copies,own_local,group,97,91251,940.731958763,2334208
11,48,resettable_root_pin_1024_borrow_reads,own_shared_pin_local_view,scope,97,31610,325.87628866,2334208
11,49,async_queue_job_1024_local_copies,own_local,job,100,319911,3199.11,2406400
11,50,group_setup_then_64_copies,own_local,group,1562,121824,77.9923175416,2349248
11,51,independent_owner_parameter,own_shared,call,100000,1299607,12.99607,2350000
11,52,borrow_read,raw_borrow,read,100000,35462,0.35462,2350000
11,53,owner_retained_borrow_copy_read,std_raw_borrow,read,100000,29973,0.29973,2350000
11,54,async_queue_job_64_local_copies,std_shared,job,100,286684,2866.84,150400
11,55,async_queue_job_1_local_copies,std_shared,job,100,72954,729.54,2000
12,0,owner_retained_4096_draw_borrows,std_raw_borrow,frame,24,47614,1983.91666667,41287680
12,1,create_read_destroy,std_shared,asset,100000,1193298,11.93298,65000400000
12,2,group_setup_then_1_copies,own_local,group,100000,1346232,13.46232,2000000
12,3,copy_read_drop,own_local,copy,100000,104991,1.04991,2350000
12,4,copy_read_drop,own_shared,copy,100000,1319774,13.19774,2350000
12,5,group_setup_then_64_copies,own_local,group,1562,109635,70.1888604353,2349248
12,6,owner_retained_borrow_parameter,own_local_view,call,100000,79967,0.79967,2350000
12,7,share_read_drop,std_shared,handoff,100000,1458921,14.58921,2350000
12,8,owner_retained_borrow_parameter,std_raw_borrow,call,100000,64261,0.64261,2350000
12,9,weak_lock_expired,std_shared,lock,100000,77072,0.77072,0
12,10,async_queue_job_1024_local_copies,own_local,job,100,340057,3400.57,2406400
12,11,async_queue_job_64_local_copies,std_shared,job,100,273841,2738.41,150400
12,12,resource_lifecycle_64_assets_4096_objects,own_local,cycle,10,193679,19367.9,17203200
12,13,share_read_drop,own_shared,handoff,100000,1115098,11.15098,2350000
12,14,scene_4096_attachments,std_shared,attachment,98304,953555,9.70006306966,98304
12,15,localize_read_drop,std_shared,group,100000,1458473,14.58473,2350000
12,16,async_queue_job_64_local_copies,own_local,job,100,77555,775.55,150400
12,17,independent_owner_parameter,own_local,call,100000,111667,1.11667,2350000
12,18,localize_read_drop,own_local,group,100000,1273474,12.73474,2350000
12,19,scene_4096_attachments,own_local,attachment,98304,130827,1.33084106445,98304
12,20,group_setup_then_8_copies,std_shared,group,12500,1886099,150.88792,2350000
12,21,async_queue_job_1024_borrow_reads,own_shared_then_local_view,job,100,155933,1559.33,2406400
12,22,group_setup_then_1024_copies,own_local,group,97,91410,942.371134021,2334208
12,23,async_queue_job_1_borrow_reads,own_shared_then_local_view,job,100,46071,460.71,2000
12,24,weak_lock_live,own_shared,lock,100000,1495912,14.95912,2350000
12,25,group_setup_then_8_copies,own_local,group,12500,257973,20.63784,2350000
12,26,frame_4096_draws_64_unique_leases,std_shared,frame,24,84123,3505.125,41287680
12,27,owner_retained_4096_draw_borrows,own_local_view,frame,24,48113,2004.70833333,41287680
12,28,group_setup_then_1_copies,std_shared,group,100000,3335981,33.35981,2000000
12,29,resettable_root_pin_1024_borrow_reads,own_shared_pin_local_view,scope,97,43016,443.463917526,2334208
12,30,async_queue_job_1024_local_copies,std_shared,job,100,2448274,24482.74,2406400
12,31,create_read_destroy,own_local,asset,100000,1895443,18.95443,65000400000
12,32,async_queue_job_1_local_copies,own_local,job,100,63000,630,2000
12,33,group_setup_then_1024_copies,std_shared,group,97,1676735,17285.9278351,2334208
12,34,borrow_read,raw_borrow,read,100000,34942,0.34942,2350000
12,35,owner_retained_borrow_copy_read,own_local_view,read,100000,30034,0.30034,2350000
12,36,copy_read_drop,std_shared,copy,100000,1631970,16.3197,2350000
12,37,async_queue_job_1024_borrow_reads,std_shared_then_raw_borrow,job,100,211671,2116.71,2406400
12,38,create_read_destroy,own_shared,asset,100000,1779608,17.79608,65000400000
12,39,contended_copy_2_workers,std_shared,copy,200000,5847163,29.235815,4700000
12,40,independent_owner_parameter,own_shared,call,100000,1332000,13.32,2350000
12,41,async_queue_job_64_borrow_reads,own_shared_then_local_view,job,100,120975,1209.75,150400
12,42,contended_copy_2_workers,own_shared,copy,200000,10416124,52.08062,4700000
12,43,owner_retained_4096_parameter_borrows,own_local_view,frame,24,77127,3213.625,41287680
12,44,resource_lifecycle_64_assets_4096_objects,std_shared,cycle,10,517114,51711.4,17203200
12,45,owner_retained_4096_parameter_borrows,std_raw_borrow,frame,24,76998,3208.25,41287680
12,46,group_setup_then_64_copies,std_shared,group,1562,1692745,1083.70358515,2349248
12,47,resettable_root_pin_1024_borrow_reads,std_shared_pin_raw_borrow,scope,97,43059,443.907216495,2334208
12,48,async_queue_job_1_borrow_reads,std_shared_then_raw_borrow,job,100,50803,508.03,2000
12,49,async_queue_job_64_borrow_reads,std_shared_then_raw_borrow,job,100,71595,715.95,150400
12,50,weak_lock_expired,own_shared,lock,100000,71002,0.71002,0
12,51,independent_owner_parameter,std_shared,call,100000,1638708,16.38708,2350000
12,52,weak_lock_live,std_shared,lock,100000,1691590,16.9159,2350000
12,53,owner_retained_borrow_copy_read,std_raw_borrow,read,100000,30037,0.30037,2350000
12,54,async_queue_job_1_local_copies,std_shared,job,100,63074,630.74,2000
12,55,frame_4096_draws_64_unique_leases,own_shared,frame,24,88619,3692.45833333,41287680
13,0,resource_lifecycle_64_assets_4096_objects,own_local,cycle,10,191658,19165.8,17203200
13,1,weak_lock_live,own_shared,lock,100000,1487893,14.87893,2350000
13,2,owner_retained_4096_parameter_borrows,own_local_view,frame,24,76180,3174.16666667,41287680
13,3,async_queue_job_1024_borrow_reads,own_shared_then_local_view,job,100,106170,1061.7,2406400
13,4,scene_4096_attachments,own_local,attachment,98304,128848,1.31070963542,98304
13,5,borrow_read,raw_borrow,read,100000,35138,0.35138,2350000
13,6,share_read_drop,std_shared,handoff,100000,1492117,14.92117,2350000
13,7,group_setup_then_64_copies,std_shared,group,1562,1675716,1072.80153649,2349248
13,8,resource_lifecycle_64_assets_4096_objects,std_shared,cycle,10,513232,51323.2,17203200
13,9,frame_4096_draws_64_unique_leases,std_shared,frame,24,86110,3587.91666667,41287680
13,10,async_queue_job_1_local_copies,own_local,job,100,67686,676.86,2000
13,11,contended_copy_2_workers,std_shared,copy,200000,5675164,28.37582,4700000
13,12,async_queue_job_64_borrow_reads,std_shared_then_raw_borrow,job,100,49147,491.47,150400
13,13,independent_owner_parameter,own_local,call,100000,112812,1.12812,2350000
13,14,independent_owner_parameter,std_shared,call,100000,1663854,16.63854,2350000
13,15,async_queue_job_1_borrow_reads,own_shared_then_local_view,job,100,42177,421.77,2000
13,16,copy_read_drop,std_shared,copy,100000,1649350,16.4935,2350000
13,17,group_setup_then_1024_copies,std_shared,group,97,1654268,17054.3092784,2334208
13,18,independent_owner_parameter,own_shared,call,100000,1293113,12.93113,2350000
13,19,group_setup_then_8_copies,own_local,group,12500,276240,22.0992,2350000
13,20,weak_lock_expired,std_shared,lock,100000,83645,0.83645,0
13,21,create_read_destroy,std_shared,asset,100000,1314902,13.14902,65000400000
13,22,localize_read_drop,std_shared,group,100000,1594359,15.94359,2350000
13,23,share_read_drop,own_shared,handoff,100000,1184537,11.84537,2350000
13,24,copy_read_drop,own_shared,copy,100000,1307110,13.0711,2350000
13,25,owner_retained_borrow_parameter,own_local_view,call,100000,59929,0.59929,2350000
13,26,scene_4096_attachments,std_shared,attachment,98304,932394,9.48480224609,98304
13,27,group_setup_then_1024_copies,own_local,group,97,88412,911.463917526,2334208
13,28,weak_lock_live,std_shared,lock,100000,1673205,16.73205,2350000
13,29,create_read_destroy,own_local,asset,100000,1916565,19.16565,65000400000
13,30,async_queue_job_64_borrow_reads,own_shared_then_local_view,job,100,72045,720.45,150400
13,31,weak_lock_expired,own_shared,lock,100000,68550,0.6855,0
13,32,owner_retained_4096_parameter_borrows,std_raw_borrow,frame,24,77165,3215.20833333,41287680
13,33,owner_retained_borrow_parameter,std_raw_borrow,call,100000,59903,0.59903,2350000
13,34,owner_retained_4096_draw_borrows,std_raw_borrow,frame,24,46811,1950.45833333,41287680
13,35,async_queue_job_64_local_copies,own_local,job,100,84724,847.24,150400
13,36,resettable_root_pin_1024_borrow_reads,std_shared_pin_raw_borrow,scope,97,31576,325.525773196,2334208
13,37,group_setup_then_1_copies,std_shared,group,100000,3351480,33.5148,2000000
13,38,group_setup_then_1_copies,own_local,group,100000,1346868,13.46868,2000000
13,39,owner_retained_borrow_copy_read,std_raw_borrow,read,100000,30020,0.3002,2350000
13,40,owner_retained_4096_draw_borrows,own_local_view,frame,24,47740,1989.16666667,41287680
13,41,group_setup_then_8_copies,std_shared,group,12500,1887873,151.02984,2350000
13,42,async_queue_job_1_borrow_reads,std_shared_then_raw_borrow,job,100,75542,755.42,2000
13,43,async_queue_job_1024_local_copies,std_shared,job,100,2434697,24346.97,2406400
13,44,owner_retained_borrow_copy_read,own_local_view,read,100000,30326,0.30326,2350000
13,45,async_queue_job_1024_local_copies,own_local,job,100,291502,2915.02,2406400
13,46,async_queue_job_1_local_copies,std_shared,job,100,52871,528.71,2000
13,47,localize_read_drop,own_local,group,100000,1366444,13.66444,2350000
13,48,contended_copy_2_workers,own_shared,copy,200000,5843818,29.21909,4700000
13,49,frame_4096_draws_64_unique_leases,own_shared,frame,24,98499,4104.125,41287680
13,50,create_read_destroy,own_shared,asset,100000,1816655,18.16655,65000400000
13,51,resettable_root_pin_1024_borrow_reads,own_shared_pin_local_view,scope,97,31936,329.237113402,2334208
13,52,async_queue_job_64_local_copies,std_shared,job,100,347098,3470.98,150400
13,53,async_queue_job_1024_borrow_reads,std_shared_then_raw_borrow,job,100,112284,1122.84,2406400
13,54,copy_read_drop,own_local,copy,100000,122267,1.22267,2350000
13,55,group_setup_then_64_copies,own_local,group,1562,112827,72.2323943662,2349248
14,0,async_queue_job_1_local_copies,std_shared,job,100,95817,958.17,2000
14,1,owner_retained_4096_draw_borrows,std_raw_borrow,frame,24,50660,2110.83333333,41287680
14,2,copy_read_drop,own_shared,copy,100000,1299209,12.99209,2350000
14,3,localize_read_drop,own_local,group,100000,1388199,13.88199,2350000
14,4,create_read_destroy,own_shared,asset,100000,1770980,17.7098,65000400000
14,5,group_setup_then_1024_copies,std_shared,group,97,1658865,17101.7010309,2334208
14,6,scene_4096_attachments,own_local,attachment,98304,137107,1.39472452799,98304
14,7,async_queue_job_1024_local_copies,own_local,job,100,380877,3808.77,2406400
14,8,owner_retained_4096_parameter_borrows,own_local_view,frame,24,94528,3938.66666667,41287680
14,9,owner_retained_borrow_copy_read,own_local_view,read,100000,31647,0.31647,2350000
14,10,async_queue_job_1024_borrow_reads,own_shared_then_local_view,job,100,155833,1558.33,2406400
14,11,async_queue_job_64_local_copies,own_local,job,100,128496,1284.96,150400
14,12,group_setup_then_1024_copies,own_local,group,97,88701,914.443298969,2334208
14,13,group_setup_then_8_copies,std_shared,group,12500,1963086,157.04688,2350000
14,14,localize_read_drop,std_shared,group,100000,1496276,14.96276,2350000
14,15,frame_4096_draws_64_unique_leases,own_shared,frame,24,101027,4209.45833333,41287680
14,16,async_queue_job_1024_borrow_reads,std_shared_then_raw_borrow,job,100,146838,1468.38,2406400
14,17,group_setup_then_1_copies,own_local,group,100000,1352189,13.52189,2000000
14,18,create_read_destroy,std_shared,asset,100000,1212717,12.12717,65000400000
14,19,owner_retained_borrow_copy_read,std_raw_borrow,read,100000,36459,0.36459,2350000
14,20,weak_lock_expired,std_shared,lock,100000,77098,0.77098,0
14,21,owner_retained_borrow_parameter,std_raw_borrow,call,100000,60060,0.6006,2350000
14,22,group_setup_then_8_copies,own_local,group,12500,279938,22.39504,2350000
14,23,frame_4096_draws_64_unique_leases,std_shared,frame,24,90654,3777.25,41287680
14,24,owner_retained_4096_draw_borrows,own_local_view,frame,24,47847,1993.625,41287680
14,25,async_queue_job_64_local_copies,std_shared,job,100,271012,2710.12,150400
14,26,weak_lock_expired,own_shared,lock,100000,91471,0.91471,0
14,27,weak_lock_live,std_shared,lock,100000,1675054,16.75054,2350000
14,28,copy_read_drop,own_local,copy,100000,111050,1.1105,2350000
14,29,contended_copy_2_workers,std_shared,copy,200000,13028463,65.142315,4700000
14,30,owner_retained_borrow_parameter,own_local_view,call,100000,73307,0.73307,2350000
14,31,share_read_drop,own_shared,handoff,100000,1300996,13.00996,2350000
14,32,group_setup_then_64_copies,std_shared,group,1562,3972736,2543.36491677,2349248
14,33,weak_lock_live,own_shared,lock,100000,1639048,16.39048,2350000
14,34,resource_lifecycle_64_assets_4096_objects,std_shared,cycle,10,574869,57486.9,17203200
14,35,share_read_drop,std_shared,handoff,100000,3583014,35.83014,2350000
14,36,create_read_destroy,own_local,asset,100000,1915090,19.1509,65000400000
14,37,resettable_root_pin_1024_borrow_reads,std_shared_pin_raw_borrow,scope,97,32223,332.195876289,2334208
14,38,independent_owner_parameter,own_shared,call,100000,1342889,13.42889,2350000
14,39,group_setup_then_64_copies,own_local,group,1562,111360,71.2932138284,2349248
14,40,async_queue_job_64_borrow_reads,own_shared_then_local_view,job,100,88841,888.41,150400
14,41,async_queue_job_1_borrow_reads,std_shared_then_raw_borrow,job,100,37892,378.92,2000
14,42,independent_owner_parameter,std_shared,call,100000,1649955,16.49955,2350000
14,43,contended_copy_2_workers,own_shared,copy,200000,11315685,56.578425,4700000
14,44,async_queue_job_64_borrow_reads,std_shared_then_raw_borrow,job,100,50297,502.97,150400
14,45,owner_retained_4096_parameter_borrows,std_raw_borrow,frame,24,81429,3392.875,41287680
14,46,independent_owner_parameter,own_local,call,100000,112842,1.12842,2350000
14,47,group_setup_then_1_copies,std_shared,group,100000,3350980,33.5098,2000000
14,48,resource_lifecycle_64_assets_4096_objects,own_local,cycle,10,223654,22365.4,17203200
14,49,resettable_root_pin_1024_borrow_reads,own_shared_pin_local_view,scope,97,31791,327.742268041,2334208
14,50,async_queue_job_1024_local_copies,std_shared,job,100,2478328,24783.28,2406400
14,51,copy_read_drop,std_shared,copy,100000,1640203,16.40203,2350000
14,52,async_queue_job_1_local_copies,own_local,job,100,49104,491.04,2000
14,53,borrow_read,raw_borrow,read,100000,35468,0.35468,2350000
14,54,async_queue_job_1_borrow_reads,own_shared_then_local_view,job,100,55323,553.23,2000
14,55,scene_4096_attachments,std_shared,attachment,98304,939370,9.55576578776,98304
15,0,async_queue_job_64_borrow_reads,std_shared_then_raw_borrow,job,100,48587,485.87,150400
15,1,localize_read_drop,std_shared,group,100000,1485261,14.85261,2350000
15,2,owner_retained_4096_draw_borrows,own_local_view,frame,24,50712,2113,41287680
15,3,owner_retained_4096_draw_borrows,std_raw_borrow,frame,24,60579,2524.125,41287680
15,4,async_queue_job_1_local_copies,own_local,job,100,66272,662.72,2000
15,5,owner_retained_borrow_parameter,own_local_view,call,100000,60151,0.60151,2350000
15,6,group_setup_then_1024_copies,std_shared,group,97,1663814,17152.7216495,2334208
15,7,weak_lock_live,std_shared,lock,100000,1787683,17.87683,2350000
15,8,independent_owner_parameter,own_local,call,100000,123432,1.23432,2350000
15,9,async_queue_job_1024_local_copies,own_local,job,100,299195,2991.95,2406400
15,10,group_setup_then_64_copies,own_local,group,1562,164811,105.512804097,2349248
15,11,weak_lock_expired,own_shared,lock,100000,80513,0.80513,0
15,12,group_setup_then_1024_copies,own_local,group,97,86873,895.597938144,2334208
15,13,localize_read_drop,own_local,group,100000,1329131,13.29131,2350000
15,14,contended_copy_2_workers,own_shared,copy,200000,11738224,58.69112,4700000
15,15,copy_read_drop,own_local,copy,100000,106986,1.06986,2350000
15,16,group_setup_then_64_copies,std_shared,group,1562,1739069,1113.36043534,2349248
15,17,copy_read_drop,own_shared,copy,100000,1333205,13.33205,2350000
15,18,async_queue_job_1024_borrow_reads,own_shared_then_local_view,job,100,153623,1536.23,2406400
15,19,resettable_root_pin_1024_borrow_reads,own_shared_pin_local_view,scope,97,31583,325.597938144,2334208
15,20,frame_4096_draws_64_unique_leases,std_shared,frame,24,92028,3834.5,41287680
15,21,owner_retained_borrow_copy_read,std_raw_borrow,read,100000,68358,0.68358,2350000
15,22,owner_retained_4096_parameter_borrows,own_local_view,frame,24,80935,3372.29166667,41287680
15,23,group_setup_then_1_copies,own_local,group,100000,1351980,13.5198,2000000
15,24,independent_owner_parameter,std_shared,call,100000,1674398,16.74398,2350000
15,25,async_queue_job_1_local_copies,std_shared,job,100,59568,595.68,2000
15,26,group_setup_then_8_copies,own_local,group,12500,266836,21.34688,2350000
15,27,async_queue_job_1024_local_copies,std_shared,job,100,2795691,27956.91,2406400
15,28,create_read_destroy,own_local,asset,100000,1992727,19.92727,65000400000
15,29,create_read_destroy,std_shared,asset,100000,1193230,11.9323,65000400000
15,30,weak_lock_live,own_shared,lock,100000,1509865,15.09865,2350000
15,31,copy_read_drop,std_shared,copy,100000,1629203,16.29203,2350000
15,32,share_read_drop,std_shared,handoff,100000,1495215,14.95215,2350000
15,33,resettable_root_pin_1024_borrow_reads,std_shared_pin_raw_borrow,scope,97,31513,324.87628866,2334208
15,34,async_queue_job_64_local_copies,std_shared,job,100,290510,2905.1,150400
15,35,contended_copy_2_workers,std_shared,copy,200000,13289915,66.449575,4700000
15,36,async_queue_job_64_borrow_reads,own_shared_then_local_view,job,100,75642,756.42,150400
15,37,async_queue_job_1024_borrow_reads,std_shared_then_raw_borrow,job,100,116482,1164.82,2406400
15,38,independent_owner_parameter,own_shared,call,100000,1313056,13.13056,2350000
15,39,create_read_destroy,own_shared,asset,100000,1788455,17.88455,65000400000
15,40,resource_lifecycle_64_assets_4096_objects,own_local,cycle,10,207786,20778.6,17203200
15,41,borrow_read,raw_borrow,read,100000,35255,0.35255,2350000
15,42,resource_lifecycle_64_assets_4096_objects,std_shared,cycle,10,496438,49643.8,17203200
15,43,scene_4096_attachments,own_local,attachment,98304,137415,1.39785766602,98304
15,44,weak_lock_expired,std_shared,lock,100000,77253,0.77253,0
15,45,group_setup_then_8_copies,std_shared,group,12500,1889355,151.1484,2350000
15,46,async_queue_job_1_borrow_reads,own_shared_then_local_view,job,100,61439,614.39,2000
15,47,owner_retained_4096_parameter_borrows,std_raw_borrow,frame,24,91313,3804.70833333,41287680
15,48,owner_retained_borrow_copy_read,own_local_view,read,100000,32294,0.32294,2350000
15,49,frame_4096_draws_64_unique_leases,own_shared,frame,24,86554,3606.41666667,41287680
15,50,share_read_drop,own_shared,handoff,100000,1114603,11.14603,2350000
15,51,async_queue_job_1_borrow_reads,std_shared_then_raw_borrow,job,100,43763,437.63,2000
15,52,scene_4096_attachments,std_shared,attachment,98304,932897,9.48991902669,98304
15,53,owner_retained_borrow_parameter,std_raw_borrow,call,100000,62276,0.62276,2350000
15,54,async_queue_job_64_local_copies,own_local,job,100,71271,712.71,150400
15,55,group_setup_then_1_copies,std_shared,group,100000,3318192,33.18192,2000000
16,0,async_queue_job_1024_borrow_reads,std_shared_then_raw_borrow,job,100,150216,1502.16,2406400
16,1,async_queue_job_64_borrow_reads,std_shared_then_raw_borrow,job,100,54743,547.43,150400
16,2,async_queue_job_1024_borrow_reads,own_shared_then_local_view,job,100,206570,2065.7,2406400
16,3,group_setup_then_1_copies,own_local,group,100000,1357836,13.57836,2000000
16,4,async_queue_job_1_local_copies,own_local,job,100,72135,721.35,2000
16,5,resource_lifecycle_64_assets_4096_objects,own_local,cycle,10,222339,22233.9,17203200
16,6,copy_read_drop,std_shared,copy,100000,1647657,16.47657,2350000
16,7,scene_4096_attachments,std_shared,attachment,98304,977663,9.94530232747,98304
16,8,contended_copy_2_workers,own_shared,copy,200000,11207117,56.035585,4700000
16,9,contended_copy_2_workers,std_shared,copy,200000,13902162,69.51081,4700000
16,10,async_queue_job_64_local_copies,own_local,job,100,73399,733.99,150400
16,11,create_read_destroy,std_shared,asset,100000,1222183,12.22183,65000400000
16,12,owner_retained_4096_parameter_borrows,std_raw_borrow,frame,24,97140,4047.5,41287680
16,13,weak_lock_live,own_shared,lock,100000,1499732,14.99732,2350000
16,14,async_queue_job_1_borrow_reads,own_shared_then_local_view,job,100,60846,608.46,2000
16,15,async_queue_job_1_borrow_reads,std_shared_then_raw_borrow,job,100,50253,502.53,2000
16,16,localize_read_drop,std_shared,group,100000,1509596,15.09596,2350000
16,17,resettable_root_pin_1024_borrow_reads,std_shared_pin_raw_borrow,scope,97,32261,332.587628866,2334208
16,18,async_queue_job_64_local_copies,std_shared,job,100,280209,2802.09,150400
16,19,scene_4096_attachments,own_local,attachment,98304,137365,1.39734903971,98304
16,20,weak_lock_expired,std_shared,lock,100000,77151,0.77151,0
16,21,resource_lifecycle_64_assets_4096_objects,std_shared,cycle,10,516261,51626.1,17203200
16,22,owner_retained_borrow_parameter,std_raw_borrow,call,100000,60075,0.60075,2350000
16,23,share_read_drop,own_shared,handoff,100000,1114362,11.14362,2350000
16,24,create_read_destroy,own_local,asset,100000,1912010,19.1201,65000400000
16,25,group_setup_then_8_copies,std_shared,group,12500,1867491,149.39928,2350000
16,26,owner_retained_4096_draw_borrows,own_local_view,frame,24,50995,2124.79166667,41287680
16,27,share_read_drop,std_shared,handoff,100000,1459053,14.59053,2350000
16,28,resettable_root_pin_1024_borrow_reads,own_shared_pin_local_view,scope,97,46561,480.010309278,2334208
16,29,async_queue_job_1024_local_copies,std_shared,job,100,2444919,24449.19,2406400
16,30,owner_retained_borrow_parameter,own_local_view,call,100000,60045,0.60045,2350000
16,31,copy_read_drop,own_local,copy,100000,105659,1.05659,2350000
16,32,group_setup_then_64_copies,own_local,group,1562,112416,71.9692701665,2349248
16,33,group_setup_then_1024_copies,std_shared,group,97,1668251,17198.4639175,2334208
16,34,owner_retained_borrow_copy_read,own_local_view,read,100000,30969,0.30969,2350000
16,35,async_queue_job_1024_local_copies,own_local,job,100,338850,3388.5,2406400
16,36,frame_4096_draws_64_unique_leases,own_shared,frame,24,85922,3580.08333333,41287680
16,37,weak_lock_expired,own_shared,lock,100000,70857,0.70857,0
16,38,weak_lock_live,std_shared,lock,100000,1671040,16.7104,2350000
16,39,async_queue_job_64_borrow_reads,own_shared_then_local_view,job,100,305486,3054.86,150400
16,40,copy_read_drop,own_shared,copy,100000,1311969,13.11969,2350000
16,41,localize_read_drop,own_local,group,100000,1283989,12.83989,2350000
16,42,independent_owner_parameter,own_shared,call,100000,1298117,12.98117,2350000
16,43,owner_retained_4096_parameter_borrows,own_local_view,frame,24,76586,3191.08333333,41287680
16,44,async_queue_job_1_local_copies,std_shared,job,100,67060,670.6,2000
16,45,independent_owner_parameter,std_shared,call,100000,1669958,16.69958,2350000
16,46,independent_owner_parameter,own_local,call,100000,111632,1.11632,2350000
16,47,group_setup_then_64_copies,std_shared,group,1562,1694927,1085.10051216,2349248
16,48,group_setup_then_8_copies,own_local,group,12500,261777,20.94216,2350000
16,49,frame_4096_draws_64_unique_leases,std_shared,frame,24,92576,3857.33333333,41287680
16,50,group_setup_then_1_copies,std_shared,group,100000,3340315,33.40315,2000000
16,51,borrow_read,raw_borrow,read,100000,35154,0.35154,2350000
16,52,create_read_destroy,own_shared,asset,100000,1806824,18.06824,65000400000
16,53,owner_retained_4096_draw_borrows,std_raw_borrow,frame,24,48059,2002.45833333,41287680
16,54,group_setup_then_1024_copies,own_local,group,97,87643,903.536082474,2334208
16,55,owner_retained_borrow_copy_read,std_raw_borrow,read,100000,29991,0.29991,2350000
17,0,async_queue_job_64_local_copies,std_shared,job,100,355566,3555.66,150400
17,1,group_setup_then_1_copies,std_shared,group,100000,3333610,33.3361,2000000
17,2,group_setup_then_1024_copies,std_shared,group,97,1680863,17328.4845361,2334208
17,3,independent_owner_parameter,own_shared,call,100000,1294476,12.94476,2350000
17,4,contended_copy_2_workers,own_shared,copy,200000,10849749,54.248745,4700000
17,5,create_read_destroy,own_local,asset,100000,1906320,19.0632,65000400000
17,6,independent_owner_parameter,std_shared,call,100000,1677285,16.77285,2350000
17,7,async_queue_job_1024_local_copies,std_shared,job,100,2494841,24948.41,2406400
17,8,share_read_drop,std_shared,handoff,100000,1509127,15.09127,2350000
17,9,owner_retained_4096_parameter_borrows,own_local_view,frame,24,79626,3317.75,41287680
17,10,contended_copy_2_workers,std_shared,copy,200000,11479649,57.398245,4700000
17,11,scene_4096_attachments,std_shared,attachment,98304,938973,9.55172729492,98304
17,12,resettable_root_pin_1024_borrow_reads,std_shared_pin_raw_borrow,scope,97,32212,332.082474227,2334208
17,13,copy_read_drop,std_shared,copy,100000,1654094,16.54094,2350000
17,14,copy_read_drop,own_shared,copy,100000,1367879,13.67879,2350000
17,15,owner_retained_borrow_copy_read,own_local_view,read,100000,30229,0.30229,2350000
17,16,async_queue_job_64_local_copies,own_local,job,100,81226,812.26,150400
17,17,async_queue_job_1024_borrow_reads,std_shared_then_raw_borrow,job,100,2047449,20474.49,2406400
17,18,group_setup_then_8_copies,own_local,group,12500,275241,22.01928,2350000
17,19,owner_retained_borrow_copy_read,std_raw_borrow,read,100000,33172,0.33172,2350000
17,20,weak_lock_live,own_shared,lock,100000,1633989,16.33989,2350000
17,21,resettable_root_pin_1024_borrow_reads,own_shared_pin_local_view,scope,97,34007,350.587628866,2334208
17,22,share_read_drop,own_shared,handoff,100000,1234734,12.34734,2350000
17,23,async_queue_job_1024_borrow_reads,own_shared_then_local_view,job,100,90202,902.02,2406400
17,24,resource_lifecycle_64_assets_4096_objects,std_shared,cycle,10,551375,55137.5,17203200
17,25,create_read_destroy,own_shared,asset,100000,1844532,18.44532,65000400000
17,26,frame_4096_draws_64_unique_leases,own_shared,frame,24,94833,3951.375,41287680
17,27,scene_4096_attachments,own_local,attachment,98304,129668,1.31905110677,98304
17,28,async_queue_job_1_local_copies,own_local,job,100,58997,589.97,2000
17,29,owner_retained_4096_parameter_borrows,std_raw_borrow,frame,24,80934,3372.25,41287680
17,30,async_queue_job_1024_local_copies,own_local,job,100,389466,3894.66,2406400
17,31,owner_retained_4096_draw_borrows,own_local_view,frame,24,49878,2078.25,41287680
17,32,async_queue_job_64_borrow_reads,std_shared_then_raw_borrow,job,100,79974,799.74,150400
17,33,owner_retained_borrow_parameter,std_raw_borrow,call,100000,61794,0.61794,2350000
17,34,localize_read_drop,own_local,group,100000,1275158,12.75158,2350000
17,35,localize_read_drop,std_shared,group,100000,1484351,14.84351,2350000
17,36,async_queue_job_1_local_copies,std_shared,job,100,80112,801.12,2000
17,37,resource_lifecycle_64_assets_4096_objects,own_local,cycle,10,195552,19555.2,17203200
17,38,group_setup_then_1024_copies,own_local,group,97,90844,936.536082474,2334208
17,39,owner_retained_4096_draw_borrows,std_raw_borrow,frame,24,47302,1970.91666667,41287680
17,40,async_queue_job_1_borrow_reads,std_shared_then_raw_borrow,job,100,48113,481.13,2000
17,41,copy_read_drop,own_local,copy,100000,101107,1.01107,2350000
17,42,async_queue_job_1_borrow_reads,own_shared_then_local_view,job,100,59863,598.63,2000
17,43,owner_retained_borrow_parameter,own_local_view,call,100000,65069,0.65069,2350000
17,44,group_setup_then_64_copies,std_shared,group,1562,1828165,1170.40012804,2349248
17,45,weak_lock_live,std_shared,lock,100000,1835793,18.35793,2350000
17,46,group_setup_then_8_copies,std_shared,group,12500,1964006,157.12048,2350000
17,47,weak_lock_expired,own_shared,lock,100000,70997,0.70997,0
17,48,group_setup_then_64_copies,own_local,group,1562,138580,88.7195902689,2349248
17,49,async_queue_job_64_borrow_reads,own_shared_then_local_view,job,100,82743,827.43,150400
17,50,group_setup_then_1_copies,own_local,group,100000,1372175,13.72175,2000000
17,51,independent_owner_parameter,own_local,call,100000,112793,1.12793,2350000
17,52,borrow_read,raw_borrow,read,100000,35273,0.35273,2350000
17,53,frame_4096_draws_64_unique_leases,std_shared,frame,24,87639,3651.625,41287680
17,54,create_read_destroy,std_shared,asset,100000,1196073,11.96073,65000400000
17,55,weak_lock_expired,std_shared,lock,100000,77148,0.77148,0
18,0,async_queue_job_64_local_copies,std_shared,job,100,301428,3014.28,150400
18,1,async_queue_job_1024_borrow_reads,std_shared_then_raw_borrow,job,100,129528,1295.28,2406400
18,2,group_setup_then_1_copies,std_shared,group,100000,3335352,33.35352,2000000
18,3,copy_read_drop,own_local,copy,100000,100579,1.00579,2350000
18,4,group_setup_then_64_copies,own_local,group,1562,119007,76.1888604353,2349248
18,5,resettable_root_pin_1024_borrow_reads,own_shared_pin_local_view,scope,97,34031,350.835051546,2334208
18,6,group_setup_then_1024_copies,std_shared,group,97,1799715,18553.7628866,2334208
18,7,independent_owner_parameter,own_local,call,100000,139138,1.39138,2350000
18,8,group_setup_then_1024_copies,own_local,group,97,95207,981.515463918,2334208
18,9,group_setup_then_8_copies,std_shared,group,12500,2016217,161.29736,2350000
18,10,weak_lock_live,own_shared,lock,100000,1489357,14.89357,2350000
18,11,independent_owner_parameter,std_shared,call,100000,1896148,18.96148,2350000
18,12,owner_retained_borrow_parameter,own_local_view,call,100000,60100,0.601,2350000
18,13,owner_retained_4096_parameter_borrows,std_raw_borrow,frame,24,79153,3298.04166667,41287680
18,14,async_queue_job_1_borrow_reads,std_shared_then_raw_borrow,job,100,73302,733.02,2000
18,15,async_queue_job_1_local_copies,std_shared,job,100,66930,669.3,2000
18,16,async_queue_job_64_borrow_reads,std_shared_then_raw_borrow,job,100,83802,838.02,150400
18,17,weak_lock_live,std_shared,lock,100000,1748806,17.48806,2350000
18,18,resettable_root_pin_1024_borrow_reads,std_shared_pin_raw_borrow,scope,97,31406,323.773195876,2334208
18,19,frame_4096_draws_64_unique_leases,own_shared,frame,24,91121,3796.70833333,41287680
18,20,create_read_destroy,std_shared,asset,100000,1175787,11.75787,65000400000
18,21,contended_copy_2_workers,std_shared,copy,200000,12758089,63.790445,4700000
18,22,weak_lock_expired,std_shared,lock,100000,77198,0.77198,0
18,23,create_read_destroy,own_local,asset,100000,1966346,19.66346,65000400000
18,24,contended_copy_2_workers,own_shared,copy,200000,11512482,57.56241,4700000
18,25,owner_retained_borrow_copy_read,own_local_view,read,100000,31800,0.318,2350000
18,26,resource_lifecycle_64_assets_4096_objects,own_local,cycle,10,214671,21467.1,17203200
18,27,group_setup_then_8_copies,own_local,group,12500,276601,22.12808,2350000
18,28,share_read_drop,std_shared,handoff,100000,1502827,15.02827,2350000
18,29,owner_retained_borrow_parameter,std_raw_borrow,call,100000,64313,0.64313,2350000
18,30,borrow_read,raw_borrow,read,100000,35229,0.35229,2350000
18,31,async_queue_job_1_local_copies,own_local,job,100,77132,771.32,2000
18,32,owner_retained_borrow_copy_read,std_raw_borrow,read,100000,29991,0.29991,2350000
18,33,localize_read_drop,own_local,group,100000,1350357,13.50357,2350000
18,34,share_read_drop,own_shared,handoff,100000,1153798,11.53798,2350000
18,35,resource_lifecycle_64_assets_4096_objects,std_shared,cycle,10,514293,51429.3,17203200
18,36,group_setup_then_1_copies,own_local,group,100000,1351951,13.51951,2000000
18,37,owner_retained_4096_parameter_borrows,own_local_view,frame,24,79207,3300.29166667,41287680
18,38,owner_retained_4096_draw_borrows,own_local_view,frame,24,46975,1957.29166667,41287680
18,39,group_setup_then_64_copies,std_shared,group,1562,1695385,1085.39372599,2349248
18,40,async_queue_job_1_borrow_reads,own_shared_then_local_view,job,100,106219,1062.19,2000
18,41,copy_read_drop,own_shared,copy,100000,1310511,13.10511,2350000
18,42,create_read_destroy,own_shared,asset,100000,1766095,17.66095,65000400000
18,43,weak_lock_expired,own_shared,lock,100000,70874,0.70874,0
18,44,scene_4096_attachments,std_shared,attachment,98304,933009,9.49105834961,98304
18,45,independent_owner_parameter,own_shared,call,100000,1387264,13.87264,2350000
18,46,async_queue_job_1024_local_copies,own_local,job,100,295487,2954.87,2406400
18,47,scene_4096_attachments,own_local,attachment,98304,136275,1.38626098633,98304
18,48,async_queue_job_64_local_copies,own_local,job,100,78575,785.75,150400
18,49,owner_retained_4096_draw_borrows,std_raw_borrow,frame,24,50216,2092.33333333,41287680
18,50,async_queue_job_64_borrow_reads,own_shared_then_local_view,job,100,90914,909.14,150400
18,51,frame_4096_draws_64_unique_leases,std_shared,frame,24,85739,3572.45833333,41287680
18,52,async_queue_job_1024_local_copies,std_shared,job,100,2472454,24724.54,2406400
18,53,localize_read_drop,std_shared,group,100000,1459414,14.59414,2350000
18,54,copy_read_drop,std_shared,copy,100000,1644849,16.44849,2350000
18,55,async_queue_job_1024_borrow_reads,own_shared_then_local_view,job,100,140263,1402.63,2406400
19,0,async_queue_job_64_borrow_reads,own_shared_then_local_view,job,100,49802,498.02,150400
19,1,frame_4096_draws_64_unique_leases,own_shared,frame,24,88348,3681.16666667,41287680
19,2,async_queue_job_64_local_copies,std_shared,job,100,299720,2997.2,150400
19,3,group_setup_then_1024_copies,own_local,group,97,89606,923.773195876,2334208
19,4,owner_retained_borrow_parameter,std_raw_borrow,call,100000,64344,0.64344,2350000
19,5,create_read_destroy,own_shared,asset,100000,1783520,17.8352,65000400000
19,6,localize_read_drop,std_shared,group,100000,1475818,14.75818,2350000
19,7,async_queue_job_1024_local_copies,std_shared,job,100,2469199,24691.99,2406400
19,8,contended_copy_2_workers,own_shared,copy,200000,9925645,49.628225,4700000
19,9,create_read_destroy,std_shared,asset,100000,1212020,12.1202,65000400000
19,10,async_queue_job_1024_local_copies,own_local,job,100,418285,4182.85,2406400
19,11,resource_lifecycle_64_assets_4096_objects,own_local,cycle,10,201749,20174.9,17203200
19,12,owner_retained_4096_draw_borrows,own_local_view,frame,24,49802,2075.08333333,41287680
19,13,independent_owner_parameter,own_shared,call,100000,1306399,13.06399,2350000
19,14,borrow_read,raw_borrow,read,100000,35167,0.35167,2350000
19,15,share_read_drop,own_shared,handoff,100000,1130532,11.30532,2350000
19,16,async_queue_job_64_borrow_reads,std_shared_then_raw_borrow,job,100,117266,1172.66,150400
19,17,owner_retained_borrow_copy_read,std_raw_borrow,read,100000,30057,0.30057,2350000
19,18,async_queue_job_1_borrow_reads,own_shared_then_local_view,job,100,94277,942.77,2000
19,19,async_queue_job_1_local_copies,std_shared,job,100,66373,663.73,2000
19,20,create_read_destroy,own_local,asset,100000,1904785,19.04785,65000400000
19,21,share_read_drop,std_shared,handoff,100000,1492816,14.92816,2350000
19,22,owner_retained_borrow_parameter,own_local_view,call,100000,63982,0.63982,2350000
19,23,weak_lock_live,own_shared,lock,100000,1504361,15.04361,2350000
19,24,copy_read_drop,own_shared,copy,100000,1297874,12.97874,2350000
19,25,async_queue_job_1_local_copies,own_local,job,100,59448,594.48,2000
19,26,async_queue_job_1_borrow_reads,std_shared_then_raw_borrow,job,100,92603,926.03,2000
19,27,async_queue_job_1024_borrow_reads,own_shared_then_local_view,job,100,168601,1686.01,2406400
19,28,group_setup_then_1024_copies,std_shared,group,97,1676679,17285.3505155,2334208
19,29,resettable_root_pin_1024_borrow_reads,std_shared_pin_raw_borrow,scope,97,32001,329.907216495,2334208
19,30,copy_read_drop,std_shared,copy,100000,1636439,16.36439,2350000
19,31,weak_lock_expired,std_shared,lock,100000,77259,0.77259,0
19,32,localize_read_drop,own_local,group,100000,1376885,13.76885,2350000
19,33,group_setup_then_1_copies,own_local,group,100000,1367447,13.67447,2000000
19,34,weak_lock_live,std_shared,lock,100000,1667410,16.6741,2350000
19,35,scene_4096_attachments,std_shared,attachment,98304,952927,9.69367472331,98304
19,36,group_setup_then_8_copies,std_shared,group,12500,1872837,149.82696,2350000
19,37,scene_4096_attachments,own_local,attachment,98304,134533,1.36854044596,98304
19,38,owner_retained_borrow_copy_read,own_local_view,read,100000,30168,0.30168,2350000
19,39,independent_owner_parameter,own_local,call,100000,125311,1.25311,2350000
19,40,copy_read_drop,own_local,copy,100000,113827,1.13827,2350000
19,41,owner_retained_4096_draw_borrows,std_raw_borrow,frame,24,50164,2090.16666667,41287680
19,42,contended_copy_2_workers,std_shared,copy,200000,13930937,69.654685,4700000
19,43,weak_lock_expired,own_shared,lock,100000,71099,0.71099,0
19,44,group_setup_then_64_copies,own_local,group,1562,137243,87.8636363636,2349248
19,45,owner_retained_4096_parameter_borrows,std_raw_borrow,frame,24,84054,3502.25,41287680
19,46,group_setup_then_64_copies,std_shared,group,1562,1702325,1089.83674776,2349248
19,47,async_queue_job_64_local_copies,own_local,job,100,103265,1032.65,150400
19,48,group_setup_then_8_copies,own_local,group,12500,261854,20.94832,2350000
19,49,group_setup_then_1_copies,std_shared,group,100000,3359196,33.59196,2000000
19,50,resettable_root_pin_1024_borrow_reads,own_shared_pin_local_view,scope,97,31692,326.721649485,2334208
19,51,owner_retained_4096_parameter_borrows,own_local_view,frame,24,79406,3308.58333333,41287680
19,52,resource_lifecycle_64_assets_4096_objects,std_shared,cycle,10,514468,51446.8,17203200
19,53,frame_4096_draws_64_unique_leases,std_shared,frame,24,90952,3789.66666667,41287680
19,54,async_queue_job_1024_borrow_reads,std_shared_then_raw_borrow,job,100,141204,1412.04,2406400
19,55,independent_owner_parameter,std_shared,call,100000,1679584,16.79584,2350000
20,0,copy_read_drop,own_shared,copy,100000,1294789,12.94789,2350000
20,1,async_queue_job_1024_borrow_reads,own_shared_then_local_view,job,100,266566,2665.66,2406400
20,2,weak_lock_expired,own_shared,lock,100000,78318,0.78318,0
20,3,group_setup_then_64_copies,std_shared,group,1562,1814668,1161.75928297,2349248
20,4,async_queue_job_1024_borrow_reads,std_shared_then_raw_borrow,job,100,261044,2610.44,2406400
20,5,frame_4096_draws_64_unique_leases,own_shared,frame,24,93652,3902.16666667,41287680
20,6,owner_retained_4096_draw_borrows,own_local_view,frame,24,49895,2078.95833333,41287680
20,7,resettable_root_pin_1024_borrow_reads,own_shared_pin_local_view,scope,97,31761,327.432989691,2334208
20,8,async_queue_job_1_local_copies,std_shared,job,100,111276,1112.76,2000
20,9,frame_4096_draws_64_unique_leases,std_shared,frame,24,86171,3590.45833333,41287680
20,10,group_setup_then_1_copies,std_shared,group,100000,3400309,34.00309,2000000
20,11,async_queue_job_1024_local_copies,std_shared,job,100,2392939,23929.39,2406400
20,12,async_queue_job_64_borrow_reads,std_shared_then_raw_borrow,job,100,134369,1343.69,150400
20,13,async_queue_job_1_borrow_reads,std_shared_then_raw_borrow,job,100,53853,538.53,2000
20,14,async_queue_job_1_local_copies,own_local,job,100,66428,664.28,2000
20,15,independent_owner_parameter,std_shared,call,100000,1675206,16.75206,2350000
20,16,owner_retained_4096_parameter_borrows,std_raw_borrow,frame,24,80264,3344.33333333,41287680
20,17,resource_lifecycle_64_assets_4096_objects,own_local,cycle,10,204388,20438.8,17203200
20,18,copy_read_drop,own_local,copy,100000,106962,1.06962,2350000
20,19,async_queue_job_64_borrow_reads,own_shared_then_local_view,job,100,99022,990.22,150400
20,20,contended_copy_2_workers,own_shared,copy,200000,9082011,45.410055,4700000
20,21,group_setup_then_1024_copies,own_local,group,97,100177,1032.75257732,2334208
20,22,independent_owner_parameter,own_shared,call,100000,1305079,13.05079,2350000
20,23,owner_retained_borrow_parameter,std_raw_borrow,call,100000,61347,0.61347,2350000
20,24,group_setup_then_1024_copies,std_shared,group,97,1683941,17360.2164948,2334208
20,25,share_read_drop,std_shared,handoff,100000,1478198,14.78198,2350000
20,26,owner_retained_4096_draw_borrows,std_raw_borrow,frame,24,49973,2082.20833333,41287680
20,27,weak_lock_live,own_shared,lock,100000,1513262,15.13262,2350000
20,28,share_read_drop,own_shared,handoff,100000,1127760,11.2776,2350000
20,29,independent_owner_parameter,own_local,call,100000,112364,1.12364,2350000
20,30,async_queue_job_1024_local_copies,own_local,job,100,336856,3368.56,2406400
20,31,group_setup_then_64_copies,own_local,group,1562,109900,70.3585147247,2349248
20,32,weak_lock_expired,std_shared,lock,100000,77206,0.77206,0
20,33,contended_copy_2_workers,std_shared,copy,200000,14340010,71.70005,4700000
20,34,resource_lifecycle_64_assets_4096_objects,std_shared,cycle,10,510767,51076.7,17203200
20,35,group_setup_then_8_copies,own_local,group,12500,292553,23.40424,2350000
20,36,owner_retained_borrow_copy_read,own_local_view,read,100000,35231,0.35231,2350000
20,37,owner_retained_4096_parameter_borrows,own_local_view,frame,24,86029,3584.54166667,41287680
20,38,copy_read_drop,std_shared,copy,100000,1785591,17.85591,2350000
20,39,owner_retained_borrow_copy_read,std_raw_borrow,read,100000,32650,0.3265,2350000
20,40,create_read_destroy,own_local,asset,100000,2066154,20.66154,65000400000
20,41,localize_read_drop,own_local,group,100000,1275861,12.75861,2350000
20,42,borrow_read,raw_borrow,read,100000,35271,0.35271,2350000
20,43,owner_retained_borrow_parameter,own_local_view,call,100000,64426,0.64426,2350000
20,44,group_setup_then_1_copies,own_local,group,100000,1371676,13.71676,2000000
20,45,async_queue_job_1_borrow_reads,own_shared_then_local_view,job,100,67514,675.14,2000
20,46,group_setup_then_8_copies,std_shared,group,12500,1882493,150.59944,2350000
20,47,localize_read_drop,std_shared,group,100000,1478858,14.78858,2350000
20,48,scene_4096_attachments,std_shared,attachment,98304,969158,9.85878499349,98304
20,49,scene_4096_attachments,own_local,attachment,98304,136693,1.39051310221,98304
20,50,weak_lock_live,std_shared,lock,100000,1684042,16.84042,2350000
20,51,async_queue_job_64_local_copies,own_local,job,100,66279,662.79,150400
20,52,create_read_destroy,std_shared,asset,100000,1224168,12.24168,65000400000
20,53,async_queue_job_64_local_copies,std_shared,job,100,286859,2868.59,150400
20,54,create_read_destroy,own_shared,asset,100000,1786306,17.86306,65000400000
20,55,resettable_root_pin_1024_borrow_reads,std_shared_pin_raw_borrow,scope,97,31631,326.092783505,2334208
21,0,owner_retained_4096_draw_borrows,own_local_view,frame,24,48519,2021.625,41287680
21,1,weak_lock_expired,own_shared,lock,100000,70822,0.70822,0
21,2,owner_retained_4096_draw_borrows,std_raw_borrow,frame,24,50026,2084.41666667,41287680
21,3,owner_retained_borrow_copy_read,std_raw_borrow,read,100000,30066,0.30066,2350000
21,4,create_read_destroy,own_local,asset,100000,1896150,18.9615,65000400000
21,5,frame_4096_draws_64_unique_leases,own_shared,frame,24,103582,4315.91666667,41287680
21,6,group_setup_then_1_copies,own_local,group,100000,1376365,13.76365,2000000
21,7,group_setup_then_64_copies,std_shared,group,1562,1677561,1073.98271447,2349248
21,8,localize_read_drop,own_local,group,100000,1297009,12.97009,2350000
21,9,borrow_read,raw_borrow,read,100000,34972,0.34972,2350000
21,10,independent_owner_parameter,std_shared,call,100000,1639187,16.39187,2350000
21,11,weak_lock_live,own_shared,lock,100000,1488194,14.88194,2350000
21,12,owner_retained_4096_parameter_borrows,std_raw_borrow,frame,24,76234,3176.41666667,41287680
21,13,independent_owner_parameter,own_local,call,100000,111629,1.11629,2350000
21,14,async_queue_job_64_borrow_reads,std_shared_then_raw_borrow,job,100,73129,731.29,150400
21,15,independent_owner_parameter,own_shared,call,100000,1338882,13.38882,2350000
21,16,scene_4096_attachments,own_local,attachment,98304,190178,1.93459065755,98304
21,17,async_queue_job_1_local_copies,own_local,job,100,57716,577.16,2000
21,18,async_queue_job_1_local_copies,std_shared,job,100,104248,1042.48,2000
21,19,group_setup_then_1024_copies,std_shared,group,97,1649139,17001.4329897,2334208
21,20,contended_copy_2_workers,own_shared,copy,200000,10131617,50.658085,4700000
21,21,async_queue_job_1024_borrow_reads,own_shared_then_local_view,job,100,166826,1668.26,2406400
21,22,owner_retained_borrow_copy_read,own_local_view,read,100000,32385,0.32385,2350000
21,23,async_queue_job_64_borrow_reads,own_shared_then_local_view,job,100,54006,540.06,150400
21,24,group_setup_then_8_copies,own_local,group,12500,259825,20.786,2350000
21,25,copy_read_drop,std_shared,copy,100000,1639917,16.39917,2350000
21,26,group_setup_then_1_copies,std_shared,group,100000,3356645,33.56645,2000000
21,27,async_queue_job_1_borrow_reads,own_shared_then_local_view,job,100,64667,646.67,2000
21,28,copy_read_drop,own_local,copy,100000,115140,1.1514,2350000
21,29,async_queue_job_1024_borrow_reads,std_shared_then_raw_borrow,job,100,123542,1235.42,2406400
21,30,async_queue_job_64_local_copies,own_local,job,100,103946,1039.46,150400
21,31,owner_retained_borrow_parameter,std_raw_borrow,call,100000,64451,0.64451,2350000
21,32,copy_read_drop,own_shared,copy,100000,1324252,13.24252,2350000
21,33,async_queue_job_1024_local_copies,std_shared,job,100,2442149,24421.49,2406400
21,34,share_read_drop,own_shared,handoff,100000,1183294,11.83294,2350000
21,35,create_read_destroy,own_shared,asset,100000,1764164,17.64164,65000400000
21,36,resettable_root_pin_1024_borrow_reads,std_shared_pin_raw_borrow,scope,97,53375,550.257731959,2334208
21,37,async_queue_job_1_borrow_reads,std_shared_then_raw_borrow,job,100,55957,559.57,2000
21,38,group_setup_then_8_copies,std_shared,group,12500,1892633,151.41064,2350000
21,39,share_read_drop,std_shared,handoff,100000,1477340,14.7734,2350000
21,40,resettable_root_pin_1024_borrow_reads,own_shared_pin_local_view,scope,97,31442,324.144329897,2334208
21,41,create_read_destroy,std_shared,asset,100000,1235573,12.35573,65000400000
21,42,weak_lock_live,std_shared,lock,100000,1692550,16.9255,2350000
21,43,group_setup_then_64_copies,own_local,group,1562,112245,71.8597951344,2349248
21,44,owner_retained_4096_parameter_borrows,own_local_view,frame,24,79381,3307.54166667,41287680
21,45,resource_lifecycle_64_assets_4096_objects,own_local,cycle,10,208761,20876.1,17203200
21,46,group_setup_then_1024_copies,own_local,group,97,87580,902.886597938,2334208
21,47,async_queue_job_1024_local_copies,own_local,job,100,325913,3259.13,2406400
21,48,frame_4096_draws_64_unique_leases,std_shared,frame,24,92669,3861.20833333,41287680
21,49,contended_copy_2_workers,std_shared,copy,200000,13274310,66.37155,4700000
21,50,async_queue_job_64_local_copies,std_shared,job,100,344300,3443,150400
21,51,localize_read_drop,std_shared,group,100000,1494496,14.94496,2350000
21,52,resource_lifecycle_64_assets_4096_objects,std_shared,cycle,10,505756,50575.6,17203200
21,53,scene_4096_attachments,std_shared,attachment,98304,930358,9.46409098307,98304
21,54,owner_retained_borrow_parameter,own_local_view,call,100000,64413,0.64413,2350000
21,55,weak_lock_expired,std_shared,lock,100000,77308,0.77308,0
22,0,async_queue_job_1_local_copies,std_shared,job,100,62348,623.48,2000
22,1,async_queue_job_1024_borrow_reads,own_shared_then_local_view,job,100,186983,1869.83,2406400
22,2,owner_retained_4096_draw_borrows,std_raw_borrow,frame,24,51768,2157,41287680
22,3,share_read_drop,own_shared,handoff,100000,1117917,11.17917,2350000
22,4,group_setup_then_8_copies,std_shared,group,12500,1883196,150.65568,2350000
22,5,group_setup_then_64_copies,std_shared,group,1562,1677134,1073.70934699,2349248
22,6,async_queue_job_1_borrow_reads,own_shared_then_local_view,job,100,73348,733.48,2000
22,7,async_queue_job_1024_local_copies,own_local,job,100,287787,2877.87,2406400
22,8,async_queue_job_64_local_copies,std_shared,job,100,272437,2724.37,150400
22,9,independent_owner_parameter,own_shared,call,100000,1317527,13.17527,2350000
22,10,async_queue_job_1_local_copies,own_local,job,100,61501,615.01,2000
22,11,frame_4096_draws_64_unique_leases,std_shared,frame,24,94489,3937.04166667,41287680
22,12,resettable_root_pin_1024_borrow_reads,std_shared_pin_raw_borrow,scope,97,32213,332.092783505,2334208
22,13,create_read_destroy,std_shared,asset,100000,1178054,11.78054,65000400000
22,14,owner_retained_borrow_copy_read,std_raw_borrow,read,100000,30385,0.30385,2350000
22,15,weak_lock_live,own_shared,lock,100000,1493322,14.93322,2350000
22,16,resource_lifecycle_64_assets_4096_objects,own_local,cycle,10,205033,20503.3,17203200
22,17,async_queue_job_64_local_copies,own_local,job,100,105682,1056.82,150400
22,18,frame_4096_draws_64_unique_leases,own_shared,frame,24,94730,3947.08333333,41287680
22,19,async_queue_job_64_borrow_reads,own_shared_then_local_view,job,100,68957,689.57,150400
22,20,owner_retained_4096_draw_borrows,own_local_view,frame,24,49316,2054.83333333,41287680
22,21,group_setup_then_1_copies,std_shared,group,100000,3325196,33.25196,2000000
22,22,independent_owner_parameter,own_local,call,100000,129254,1.29254,2350000
22,23,owner_retained_4096_parameter_borrows,std_raw_borrow,frame,24,77260,3219.16666667,41287680
22,24,create_read_destroy,own_shared,asset,100000,1789068,17.89068,65000400000
22,25,localize_read_drop,std_shared,group,100000,1482809,14.82809,2350000
22,26,copy_read_drop,own_shared,copy,100000,1313888,13.13888,2350000
22,27,group_setup_then_1024_copies,std_shared,group,97,1652233,17033.3298969,2334208
22,28,group_setup_then_1_copies,own_local,group,100000,1350958,13.50958,2000000
22,29,independent_owner_parameter,std_shared,call,100000,1667701,16.67701,2350000
22,30,async_queue_job_1024_local_copies,std_shared,job,100,2418492,24184.92,2406400
22,31,owner_retained_borrow_parameter,std_raw_borrow,call,100000,64328,0.64328,2350000
22,32,group_setup_then_1024_copies,own_local,group,97,88257,909.865979381,2334208
22,33,weak_lock_live,std_shared,lock,100000,1786175,17.86175,2350000
22,34,weak_lock_expired,std_shared,lock,100000,77541,0.77541,0
22,35,async_queue_job_64_borrow_reads,std_shared_then_raw_borrow,job,100,70143,701.43,150400
22,36,owner_retained_borrow_copy_read,own_local_view,read,100000,32511,0.32511,2350000
22,37,create_read_destroy,own_local,asset,100000,1984923,19.84923,65000400000
22,38,share_read_drop,std_shared,handoff,100000,1488736,14.88736,2350000
22,39,scene_4096_attachments,std_shared,attachment,98304,935250,9.51385498047,98304
22,40,localize_read_drop,own_local,group,100000,1275932,12.75932,2350000
22,41,copy_read_drop,std_shared,copy,100000,1647453,16.47453,2350000
22,42,weak_lock_expired,own_shared,lock,100000,80827,0.80827,0
22,43,borrow_read,raw_borrow,read,100000,35119,0.35119,2350000
22,44,resettable_root_pin_1024_borrow_reads,own_shared_pin_local_view,scope,97,31721,327.020618557,2334208
22,45,owner_retained_4096_parameter_borrows,own_local_view,frame,24,78616,3275.66666667,41287680
22,46,async_queue_job_1_borrow_reads,std_shared_then_raw_borrow,job,100,64881,648.81,2000
22,47,resource_lifecycle_64_assets_4096_objects,std_shared,cycle,10,509868,50986.8,17203200
22,48,scene_4096_attachments,own_local,attachment,98304,156913,1.59620157878,98304
22,49,group_setup_then_64_copies,own_local,group,1562,132430,84.7823303457,2349248
22,50,copy_read_drop,own_local,copy,100000,105973,1.05973,2350000
22,51,group_setup_then_8_copies,own_local,group,12500,226625,18.13,2350000
22,52,async_queue_job_1024_borrow_reads,std_shared_then_raw_borrow,job,100,119752,1197.52,2406400
22,53,contended_copy_2_workers,own_shared,copy,200000,9949302,49.74651,4700000
22,54,owner_retained_borrow_parameter,own_local_view,call,100000,64502,0.64502,2350000
22,55,contended_copy_2_workers,std_shared,copy,200000,14913978,74.56989,4700000
23,0,owner_retained_borrow_copy_read,own_local_view,read,100000,36334,0.36334,2350000
23,1,group_setup_then_8_copies,own_local,group,12500,284440,22.7552,2350000
23,2,contended_copy_2_workers,own_shared,copy,200000,10864918,54.32459,4700000
23,3,async_queue_job_1_local_copies,own_local,job,100,52885,528.85,2000
23,4,group_setup_then_64_copies,own_local,group,1562,140520,89.9615877081,2349248
23,5,resettable_root_pin_1024_borrow_reads,std_shared_pin_raw_borrow,scope,97,32273,332.711340206,2334208
23,6,resource_lifecycle_64_assets_4096_objects,std_shared,cycle,10,526619,52661.9,17203200
23,7,copy_read_drop,own_local,copy,100000,113015,1.13015,2350000
23,8,async_queue_job_1024_local_copies,std_shared,job,100,2481602,24816.02,2406400
23,9,group_setup_then_1_copies,own_local,group,100000,1346446,13.46446,2000000
23,10,independent_owner_parameter,own_shared,call,100000,1327004,13.27004,2350000
23,11,async_queue_job_64_local_copies,std_shared,job,100,297385,2973.85,150400
23,12,weak_lock_live,std_shared,lock,100000,1670008,16.70008,2350000
23,13,localize_read_drop,std_shared,group,100000,1492987,14.92987,2350000
23,14,create_read_destroy,own_local,asset,100000,1897026,18.97026,65000400000
23,15,group_setup_then_64_copies,std_shared,group,1562,1692340,1083.44430218,2349248
23,16,weak_lock_live,own_shared,lock,100000,1491239,14.91239,2350000
23,17,owner_retained_borrow_parameter,std_raw_borrow,call,100000,64310,0.6431,2350000
23,18,create_read_destroy,own_shared,asset,100000,1790287,17.90287,65000400000
23,19,copy_read_drop,std_shared,copy,100000,1653187,16.53187,2350000
23,20,create_read_destroy,std_shared,asset,100000,1170938,11.70938,65000400000
23,21,async_queue_job_64_borrow_reads,own_shared_then_local_view,job,100,71298,712.98,150400
23,22,owner_retained_borrow_copy_read,std_raw_borrow,read,100000,30164,0.30164,2350000
23,23,async_queue_job_64_local_copies,own_local,job,100,112302,1123.02,150400
23,24,share_read_drop,std_shared,handoff,100000,1459725,14.59725,2350000
23,25,async_queue_job_1_borrow_reads,own_shared_then_local_view,job,100,84007,840.07,2000
23,26,contended_copy_2_workers,std_shared,copy,200000,11776805,58.884025,4700000
23,27,async_queue_job_1024_local_copies,own_local,job,100,382029,3820.29,2406400
23,28,share_read_drop,own_shared,handoff,100000,1134730,11.3473,2350000
23,29,independent_owner_parameter,std_shared,call,100000,1643254,16.43254,2350000
23,30,async_queue_job_1_borrow_reads,std_shared_then_raw_borrow,job,100,60793,607.93,2000
23,31,independent_owner_parameter,own_local,call,100000,112692,1.12692,2350000
23,32,group_setup_then_1024_copies,own_local,group,97,100960,1040.82474227,2334208
23,33,weak_lock_expired,own_shared,lock,100000,70973,0.70973,0
23,34,weak_lock_expired,std_shared,lock,100000,77169,0.77169,0
23,35,async_queue_job_1024_borrow_reads,own_shared_then_local_view,job,100,105371,1053.71,2406400
23,36,async_queue_job_64_borrow_reads,std_shared_then_raw_borrow,job,100,51562,515.62,150400
23,37,group_setup_then_8_copies,std_shared,group,12500,1907357,152.58856,2350000
23,38,owner_retained_4096_parameter_borrows,own_local_view,frame,24,78416,3267.33333333,41287680
23,39,group_setup_then_1_copies,std_shared,group,100000,3355887,33.55887,2000000
23,40,scene_4096_attachments,std_shared,attachment,98304,909587,9.25279744466,98304
23,41,owner_retained_4096_draw_borrows,own_local_view,frame,24,46797,1949.875,41287680
23,42,copy_read_drop,own_shared,copy,100000,1260622,12.60622,2350000
23,43,frame_4096_draws_64_unique_leases,std_shared,frame,24,82574,3440.58333333,41287680
23,44,owner_retained_borrow_parameter,own_local_view,call,100000,69671,0.69671,2350000
23,45,group_setup_then_1024_copies,std_shared,group,97,1651879,17029.6804124,2334208
23,46,resettable_root_pin_1024_borrow_reads,own_shared_pin_local_view,scope,97,31371,323.412371134,2334208
23,47,resource_lifecycle_64_assets_4096_objects,own_local,cycle,10,211737,21173.7,17203200
23,48,async_queue_job_1_local_copies,std_shared,job,100,78309,783.09,2000
23,49,owner_retained_4096_draw_borrows,std_raw_borrow,frame,24,52851,2202.125,41287680
23,50,localize_read_drop,own_local,group,100000,1281978,12.81978,2350000
23,51,owner_retained_4096_parameter_borrows,std_raw_borrow,frame,24,76341,3180.875,41287680
23,52,frame_4096_draws_64_unique_leases,own_shared,frame,24,92468,3852.83333333,41287680
23,53,async_queue_job_1024_borrow_reads,std_shared_then_raw_borrow,job,100,152036,1520.36,2406400
23,54,scene_4096_attachments,own_local,attachment,98304,131336,1.33601888021,98304
23,55,borrow_read,raw_borrow,read,100000,35559,0.35559,2350000
24,0,async_queue_job_1_local_copies,std_shared,job,100,61773,617.73,2000
24,1,owner_retained_4096_parameter_borrows,own_local_view,frame,24,260376,10849,41287680
24,2,copy_read_drop,std_shared,copy,100000,1646008,16.46008,2350000
24,3,scene_4096_attachments,own_local,attachment,98304,133830,1.36138916016,98304
24,4,owner_retained_borrow_parameter,std_raw_borrow,call,100000,70967,0.70967,2350000
24,5,group_setup_then_1024_copies,own_local,group,97,88415,911.494845361,2334208
24,6,group_setup_then_64_copies,own_local,group,1562,111476,71.3674775928,2349248
24,7,contended_copy_2_workers,std_shared,copy,200000,15309503,76.547515,4700000
24,8,contended_copy_2_workers,own_shared,copy,200000,10769143,53.845715,4700000
24,9,group_setup_then_8_copies,own_local,group,12500,262807,21.02456,2350000
24,10,share_read_drop,std_shared,handoff,100000,1490667,14.90667,2350000
24,11,scene_4096_attachments,std_shared,attachment,98304,967670,9.84364827474,98304
24,12,async_queue_job_1024_borrow_reads,std_shared_then_raw_borrow,job,100,112663,1126.63,2406400
24,13,frame_4096_draws_64_unique_leases,own_shared,frame,24,96060,4002.5,41287680
24,14,group_setup_then_1_copies,own_local,group,100000,1524003,15.24003,2000000
24,15,localize_read_drop,own_local,group,100000,1295860,12.9586,2350000
24,16,owner_retained_4096_draw_borrows,own_local_view,frame,24,49769,2073.70833333,41287680
24,17,async_queue_job_1024_borrow_reads,own_shared_then_local_view,job,100,105796,1057.96,2406400
24,18,owner_retained_borrow_copy_read,own_local_view,read,100000,33675,0.33675,2350000
24,19,async_queue_job_64_borrow_reads,std_shared_then_raw_borrow,job,100,64064,640.64,150400
24,20,create_read_destroy,own_shared,asset,100000,1812209,18.12209,65000400000
24,21,share_read_drop,own_shared,handoff,100000,1296735,12.96735,2350000
24,22,frame_4096_draws_64_unique_leases,std_shared,frame,24,88586,3691.08333333,41287680
24,23,borrow_read,raw_borrow,read,100000,35202,0.35202,2350000
24,24,group_setup_then_1024_copies,std_shared,group,97,1662029,17134.3195876,2334208
24,25,resettable_root_pin_1024_borrow_reads,own_shared_pin_local_view,scope,97,31670,326.494845361,2334208
24,26,async_queue_job_64_local_copies,std_shared,job,100,330783,3307.83,150400
24,27,async_queue_job_64_borrow_reads,own_shared_then_local_view,job,100,68781,687.81,150400
24,28,resettable_root_pin_1024_borrow_reads,std_shared_pin_raw_borrow,scope,97,31481,324.546391753,2334208
24,29,copy_read_drop,own_shared,copy,100000,1362237,13.62237,2350000
24,30,async_queue_job_1_local_copies,own_local,job,100,53274,532.74,2000
24,31,group_setup_then_8_copies,std_shared,group,12500,1874444,149.95552,2350000
24,32,owner_retained_4096_parameter_borrows,std_raw_borrow,frame,24,80153,3339.70833333,41287680
24,33,independent_owner_parameter,std_shared,call,100000,1650003,16.50003,2350000
24,34,resource_lifecycle_64_assets_4096_objects,std_shared,cycle,10,522883,52288.3,17203200
24,35,async_queue_job_1024_local_copies,std_shared,job,100,2415616,24156.16,2406400
24,36,group_setup_then_1_copies,std_shared,group,100000,3344070,33.4407,2000000
24,37,weak_lock_live,std_shared,lock,100000,1684185,16.84185,2350000
24,38,group_setup_then_64_copies,std_shared,group,1562,1675348,1072.5659411,2349248
24,39,create_read_destroy,own_local,asset,100000,1939845,19.39845,65000400000
24,40,weak_lock_expired,own_shared,lock,100000,72839,0.72839,0
24,41,async_queue_job_1024_local_copies,own_local,job,100,288802,2888.02,2406400
24,42,weak_lock_expired,std_shared,lock,100000,77247,0.77247,0
24,43,async_queue_job_1_borrow_reads,own_shared_then_local_view,job,100,54392,543.92,2000
24,44,owner_retained_borrow_parameter,own_local_view,call,100000,77118,0.77118,2350000
24,45,owner_retained_borrow_copy_read,std_raw_borrow,read,100000,30742,0.30742,2350000
24,46,independent_owner_parameter,own_local,call,100000,111800,1.118,2350000
24,47,weak_lock_live,own_shared,lock,100000,1511582,15.11582,2350000
24,48,independent_owner_parameter,own_shared,call,100000,1416145,14.16145,2350000
24,49,localize_read_drop,std_shared,group,100000,1524243,15.24243,2350000
24,50,create_read_destroy,std_shared,asset,100000,1245104,12.45104,65000400000
24,51,resource_lifecycle_64_assets_4096_objects,own_local,cycle,10,223184,22318.4,17203200
24,52,async_queue_job_64_local_copies,own_local,job,100,70245,702.45,150400
24,53,async_queue_job_1_borrow_reads,std_shared_then_raw_borrow,job,100,53415,534.15,2000
24,54,owner_retained_4096_draw_borrows,std_raw_borrow,frame,24,57026,2376.08333333,41287680
24,55,copy_read_drop,own_local,copy,100000,104829,1.04829,2350000
25,0,async_queue_job_1024_borrow_reads,own_shared_then_local_view,job,100,113229,1132.29,2406400
25,1,async_queue_job_1_local_copies,std_shared,job,100,65117,651.17,2000
25,2,owner_retained_4096_parameter_borrows,std_raw_borrow,frame,24,76203,3175.125,41287680
25,3,weak_lock_live,own_shared,lock,100000,1546930,15.4693,2350000
25,4,independent_owner_parameter,std_shared,call,100000,1685413,16.85413,2350000
25,5,owner_retained_borrow_parameter,std_raw_borrow,call,100000,64230,0.6423,2350000
25,6,async_queue_job_1_borrow_reads,std_shared_then_raw_borrow,job,100,54262,542.62,2000
25,7,async_queue_job_1024_local_copies,std_shared,job,100,2481238,24812.38,2406400
25,8,owner_retained_borrow_copy_read,own_local_view,read,100000,30375,0.30375,2350000
25,9,group_setup_then_8_copies,own_local,group,12500,252386,20.19088,2350000
25,10,group_setup_then_1_copies,std_shared,group,100000,3514194,35.14194,2000000
25,11,weak_lock_live,std_shared,lock,100000,1782275,17.82275,2350000
25,12,frame_4096_draws_64_unique_leases,own_shared,frame,24,99755,4156.45833333,41287680
25,13,share_read_drop,std_shared,handoff,100000,1586949,15.86949,2350000
25,14,owner_retained_4096_parameter_borrows,own_local_view,frame,24,87430,3642.91666667,41287680
25,15,owner_retained_4096_draw_borrows,own_local_view,frame,24,59444,2476.83333333,41287680
25,16,async_queue_job_1_local_copies,own_local,job,100,79818,798.18,2000
25,17,copy_read_drop,std_shared,copy,100000,1634378,16.34378,2350000
25,18,async_queue_job_64_borrow_reads,own_shared_then_local_view,job,100,49055,490.55,150400
25,19,async_queue_job_1_borrow_reads,own_shared_then_local_view,job,100,79878,798.78,2000
25,20,copy_read_drop,own_shared,copy,100000,1316065,13.16065,2350000
25,21,group_setup_then_64_copies,std_shared,group,1562,1692110,1083.29705506,2349248
25,22,create_read_destroy,own_local,asset,100000,1896193,18.96193,65000400000
25,23,weak_lock_expired,own_shared,lock,100000,70859,0.70859,0
25,24,independent_owner_parameter,own_local,call,100000,112351,1.12351,2350000
25,25,resettable_root_pin_1024_borrow_reads,own_shared_pin_local_view,scope,97,43597,449.453608247,2334208
25,26,resettable_root_pin_1024_borrow_reads,std_shared_pin_raw_borrow,scope,97,31386,323.567010309,2334208
25,27,group_setup_then_1024_copies,own_local,group,97,88470,912.06185567,2334208
25,28,owner_retained_borrow_copy_read,std_raw_borrow,read,100000,30326,0.30326,2350000
25,29,frame_4096_draws_64_unique_leases,std_shared,frame,24,91668,3819.5,41287680
25,30,localize_read_drop,own_local,group,100000,1287830,12.8783,2350000
25,31,contended_copy_2_workers,std_shared,copy,200000,12090279,60.451395,4700000
25,32,independent_owner_parameter,own_shared,call,100000,1300615,13.00615,2350000
25,33,async_queue_job_64_borrow_reads,std_shared_then_raw_borrow,job,100,65693,656.93,150400
25,34,group_setup_then_1024_copies,std_shared,group,97,1643254,16940.7628866,2334208
25,35,group_setup_then_64_copies,own_local,group,1562,126029,80.6843790013,2349248
25,36,group_setup_then_1_copies,own_local,group,100000,1363883,13.63883,2000000
25,37,copy_read_drop,own_local,copy,100000,106013,1.06013,2350000
25,38,contended_copy_2_workers,own_shared,copy,200000,10218423,51.092115,4700000
25,39,async_queue_job_1024_local_copies,own_local,job,100,380298,3802.98,2406400
25,40,resource_lifecycle_64_assets_4096_objects,std_shared,cycle,10,509829,50982.9,17203200
25,41,owner_retained_borrow_parameter,own_local_view,call,100000,58651,0.58651,2350000
25,42,scene_4096_attachments,own_local,attachment,98304,129686,1.31923421224,98304
25,43,create_read_destroy,std_shared,asset,100000,1161229,11.61229,65000400000
25,44,async_queue_job_64_local_copies,std_shared,job,100,401759,4017.59,150400
25,45,resource_lifecycle_64_assets_4096_objects,own_local,cycle,10,186803,18680.3,17203200
25,46,owner_retained_4096_draw_borrows,std_raw_borrow,frame,24,49289,2053.70833333,41287680
25,47,create_read_destroy,own_shared,asset,100000,1778806,17.78806,65000400000
25,48,async_queue_job_1024_borrow_reads,std_shared_then_raw_borrow,job,100,146127,1461.27,2406400
25,49,scene_4096_attachments,std_shared,attachment,98304,933447,9.49551391602,98304
25,50,weak_lock_expired,std_shared,lock,100000,77195,0.77195,0
25,51,async_queue_job_64_local_copies,own_local,job,100,100584,1005.84,150400
25,52,borrow_read,raw_borrow,read,100000,35212,0.35212,2350000
25,53,localize_read_drop,std_shared,group,100000,1458840,14.5884,2350000
25,54,group_setup_then_8_copies,std_shared,group,12500,1885312,150.82496,2350000
25,55,share_read_drop,own_shared,handoff,100000,1123999,11.23999,2350000
26,0,localize_read_drop,own_local,group,100000,1286970,12.8697,2350000
26,1,async_queue_job_1024_local_copies,own_local,job,100,282969,2829.69,2406400
26,2,frame_4096_draws_64_unique_leases,own_shared,frame,24,85769,3573.70833333,41287680
26,3,share_read_drop,own_shared,handoff,100000,1130473,11.30473,2350000
26,4,group_setup_then_64_copies,std_shared,group,1562,1688697,1081.11203585,2349248
26,5,create_read_destroy,own_local,asset,100000,1915715,19.15715,65000400000
26,6,weak_lock_live,std_shared,lock,100000,1676019,16.76019,2350000
26,7,copy_read_drop,own_local,copy,100000,101031,1.01031,2350000
26,8,scene_4096_attachments,own_local,attachment,98304,140487,1.42910766602,98304
26,9,async_queue_job_1024_local_copies,std_shared,job,100,2482055,24820.55,2406400
26,10,owner_retained_borrow_parameter,std_raw_borrow,call,100000,67575,0.67575,2350000
26,11,resource_lifecycle_64_assets_4096_objects,own_local,cycle,10,225783,22578.3,17203200
26,12,async_queue_job_64_local_copies,own_local,job,100,95860,958.6,150400
26,13,group_setup_then_8_copies,std_shared,group,12500,1954799,156.38392,2350000
26,14,contended_copy_2_workers,own_shared,copy,200000,9297462,46.48731,4700000
26,15,async_queue_job_64_borrow_reads,std_shared_then_raw_borrow,job,100,67484,674.84,150400
26,16,owner_retained_borrow_parameter,own_local_view,call,100000,64286,0.64286,2350000
26,17,group_setup_then_8_copies,own_local,group,12500,268665,21.4932,2350000
26,18,owner_retained_4096_draw_borrows,std_raw_borrow,frame,24,52883,2203.45833333,41287680
26,19,async_queue_job_1_local_copies,std_shared,job,100,50052,500.52,2000
26,20,owner_retained_4096_draw_borrows,own_local_view,frame,24,54202,2258.41666667,41287680
26,21,group_setup_then_1_copies,own_local,group,100000,1477554,14.77554,2000000
26,22,independent_owner_parameter,own_shared,call,100000,1418006,14.18006,2350000
26,23,async_queue_job_1_borrow_reads,std_shared_then_raw_borrow,job,100,64895,648.95,2000
26,24,localize_read_drop,std_shared,group,100000,1532425,15.32425,2350000
26,25,async_queue_job_64_borrow_reads,own_shared_then_local_view,job,100,66630,666.3,150400
26,26,weak_lock_expired,std_shared,lock,100000,77106,0.77106,0
26,27,copy_read_drop,own_shared,copy,100000,1301794,13.01794,2350000
26,28,owner_retained_4096_parameter_borrows,own_local_view,frame,24,88986,3707.75,41287680
26,29,owner_retained_borrow_copy_read,std_raw_borrow,read,100000,30677,0.30677,2350000
26,30,group_setup_then_1_copies,std_shared,group,100000,3270986,32.70986,2000000
26,31,resettable_root_pin_1024_borrow_reads,std_shared_pin_raw_borrow,scope,97,31833,328.175257732,2334208
26,32,weak_lock_expired,own_shared,lock,100000,70966,0.70966,0
26,33,owner_retained_borrow_copy_read,own_local_view,read,100000,30298,0.30298,2350000
26,34,share_read_drop,std_shared,handoff,100000,1480048,14.80048,2350000
26,35,async_queue_job_64_local_copies,std_shared,job,100,281851,2818.51,150400
26,36,borrow_read,raw_borrow,read,100000,35006,0.35006,2350000
26,37,group_setup_then_1024_copies,own_local,group,97,96090,990.618556701,2334208
26,38,independent_owner_parameter,std_shared,call,100000,1654338,16.54338,2350000
26,39,contended_copy_2_workers,std_shared,copy,200000,11040453,55.202265,4700000
26,40,create_read_destroy,own_shared,asset,100000,1757037,17.57037,65000400000
26,41,scene_4096_attachments,std_shared,attachment,98304,945760,9.62076822917,98304
26,42,owner_retained_4096_parameter_borrows,std_raw_borrow,frame,24,76614,3192.25,41287680
26,43,group_setup_then_64_copies,own_local,group,1562,110700,70.8706786172,2349248
26,44,weak_lock_live,own_shared,lock,100000,1501417,15.01417,2350000
26,45,copy_read_drop,std_shared,copy,100000,1645797,16.45797,2350000
26,46,create_read_destroy,std_shared,asset,100000,1180847,11.80847,65000400000
26,47,async_queue_job_1024_borrow_reads,own_shared_then_local_view,job,100,109528,1095.28,2406400
26,48,frame_4096_draws_64_unique_leases,std_shared,frame,24,88091,3670.45833333,41287680
26,49,async_queue_job_1_local_copies,own_local,job,100,52794,527.94,2000
26,50,async_queue_job_1024_borrow_reads,std_shared_then_raw_borrow,job,100,116381,1163.81,2406400
26,51,resettable_root_pin_1024_borrow_reads,own_shared_pin_local_view,scope,97,31389,323.597938144,2334208
26,52,independent_owner_parameter,own_local,call,100000,112577,1.12577,2350000
26,53,async_queue_job_1_borrow_reads,own_shared_then_local_view,job,100,67298,672.98,2000
26,54,resource_lifecycle_64_assets_4096_objects,std_shared,cycle,10,517477,51747.7,17203200
26,55,group_setup_then_1024_copies,std_shared,group,97,1663483,17149.3092784,2334208
27,0,group_setup_then_8_copies,own_local,group,12500,278013,22.24104,2350000
27,1,copy_read_drop,own_local,copy,100000,105158,1.05158,2350000
27,2,share_read_drop,std_shared,handoff,100000,1487101,14.87101,2350000
27,3,async_queue_job_64_borrow_reads,std_shared_then_raw_borrow,job,100,79450,794.5,150400
27,4,scene_4096_attachments,std_shared,attachment,98304,931395,9.47463989258,98304
27,5,async_queue_job_64_local_copies,own_local,job,100,78345,783.45,150400
27,6,contended_copy_2_workers,std_shared,copy,200000,12247215,61.236075,4700000
27,7,owner_retained_borrow_copy_read,std_raw_borrow,read,100000,30076,0.30076,2350000
27,8,resettable_root_pin_1024_borrow_reads,own_shared_pin_local_view,scope,97,31240,322.06185567,2334208
27,9,async_queue_job_1024_local_copies,own_local,job,100,408715,4087.15,2406400
27,10,owner_retained_borrow_parameter,std_raw_borrow,call,100000,64231,0.64231,2350000
27,11,weak_lock_expired,own_shared,lock,100000,68613,0.68613,0
27,12,weak_lock_live,own_shared,lock,100000,1504140,15.0414,2350000
27,13,copy_read_drop,std_shared,copy,100000,1643101,16.43101,2350000
27,14,group_setup_then_64_copies,std_shared,group,1562,1698476,1087.37259923,2349248
27,15,async_queue_job_1_local_copies,own_local,job,100,43460,434.6,2000
27,16,scene_4096_attachments,own_local,attachment,98304,146219,1.48741658529,98304
27,17,weak_lock_live,std_shared,lock,100000,1665127,16.65127,2350000
27,18,async_queue_job_1024_local_copies,std_shared,job,100,2444310,24443.1,2406400
27,19,independent_owner_parameter,own_local,call,100000,111632,1.11632,2350000
27,20,contended_copy_2_workers,own_shared,copy,200000,10746279,53.731395,4700000
27,21,async_queue_job_1024_borrow_reads,own_shared_then_local_view,job,100,131359,1313.59,2406400
27,22,frame_4096_draws_64_unique_leases,own_shared,frame,24,85473,3561.375,41287680
27,23,copy_read_drop,own_shared,copy,100000,1320469,13.20469,2350000
27,24,async_queue_job_64_borrow_reads,own_shared_then_local_view,job,100,59097,590.97,150400
27,25,share_read_drop,own_shared,handoff,100000,1153095,11.53095,2350000
27,26,owner_retained_borrow_copy_read,own_local_view,read,100000,30059,0.30059,2350000
27,27,group_setup_then_1_copies,own_local,group,100000,1374140,13.7414,2000000
27,28,group_setup_then_1024_copies,own_local,group,97,93659,965.556701031,2334208
27,29,weak_lock_expired,std_shared,lock,100000,77111,0.77111,0
27,30,group_setup_then_1024_copies,std_shared,group,97,1688256,17404.7010309,2334208
27,31,independent_owner_parameter,own_shared,call,100000,1299043,12.99043,2350000
27,32,owner_retained_4096_draw_borrows,own_local_view,frame,24,48638,2026.58333333,41287680
27,33,borrow_read,raw_borrow,read,100000,34912,0.34912,2350000
27,34,localize_read_drop,std_shared,group,100000,1495598,14.95598,2350000
27,35,resource_lifecycle_64_assets_4096_objects,std_shared,cycle,10,520747,52074.7,17203200
27,36,create_read_destroy,own_shared,asset,100000,1793478,17.93478,65000400000
27,37,resettable_root_pin_1024_borrow_reads,std_shared_pin_raw_borrow,scope,97,31786,327.690721649,2334208
27,38,owner_retained_4096_parameter_borrows,own_local_view,frame,24,76263,3177.625,41287680
27,39,owner_retained_4096_draw_borrows,std_raw_borrow,frame,24,52505,2187.70833333,41287680
27,40,group_setup_then_8_copies,std_shared,group,12500,1919902,153.59216,2350000
27,41,async_queue_job_1_borrow_reads,own_shared_then_local_view,job,100,56091,560.91,2000
27,42,owner_retained_4096_parameter_borrows,std_raw_borrow,frame,24,79356,3306.5,41287680
27,43,async_queue_job_1024_borrow_reads,std_shared_then_raw_borrow,job,100,112401,1124.01,2406400
27,44,async_queue_job_64_local_copies,std_shared,job,100,324832,3248.32,150400
27,45,frame_4096_draws_64_unique_leases,std_shared,frame,24,88908,3704.5,41287680
27,46,create_read_destroy,own_local,asset,100000,1918136,19.18136,65000400000
27,47,create_read_destroy,std_shared,asset,100000,1237827,12.37827,65000400000
27,48,independent_owner_parameter,std_shared,call,100000,1685836,16.85836,2350000
27,49,localize_read_drop,own_local,group,100000,1334438,13.34438,2350000
27,50,group_setup_then_64_copies,own_local,group,1562,119476,76.4891165173,2349248
27,51,owner_retained_borrow_parameter,own_local_view,call,100000,64198,0.64198,2350000
27,52,async_queue_job_1_borrow_reads,std_shared_then_raw_borrow,job,100,65510,655.1,2000
27,53,async_queue_job_1_local_copies,std_shared,job,100,73808,738.08,2000
27,54,resource_lifecycle_64_assets_4096_objects,own_local,cycle,10,208069,20806.9,17203200
27,55,group_setup_then_1_copies,std_shared,group,100000,3348851,33.48851,2000000
28,0,group_setup_then_8_copies,own_local,group,12500,261417,20.91336,2350000
28,1,scene_4096_attachments,std_shared,attachment,98304,954089,9.70549519857,98304
28,2,owner_retained_4096_draw_borrows,own_local_view,frame,24,47264,1969.33333333,41287680
28,3,group_setup_then_1024_copies,std_shared,group,97,1705992,17587.5463918,2334208
28,4,async_queue_job_64_local_copies,std_shared,job,100,314755,3147.55,150400
28,5,group_setup_then_8_copies,std_shared,group,12500,1892132,151.37056,2350000
28,6,independent_owner_parameter,own_shared,call,100000,1303413,13.03413,2350000
28,7,create_read_destroy,std_shared,asset,100000,1177722,11.77722,65000400000
28,8,copy_read_drop,std_shared,copy,100000,1670338,16.70338,2350000
28,9,async_queue_job_64_borrow_reads,std_shared_then_raw_borrow,job,100,71897,718.97,150400
28,10,async_queue_job_1_local_copies,own_local,job,100,67491,674.91,2000
28,11,group_setup_then_64_copies,own_local,group,1562,109827,70.3117797695,2349248
28,12,copy_read_drop,own_shared,copy,100000,1312801,13.12801,2350000
28,13,async_queue_job_1024_local_copies,std_shared,job,100,2432540,24325.4,2406400
28,14,async_queue_job_64_local_copies,own_local,job,100,74532,745.32,150400
28,15,async_queue_job_1024_local_copies,own_local,job,100,311326,3113.26,2406400
28,16,weak_lock_expired,std_shared,lock,100000,77033,0.77033,0
28,17,create_read_destroy,own_local,asset,100000,1905134,19.05134,65000400000
28,18,owner_retained_4096_parameter_borrows,own_local_view,frame,24,76473,3186.375,41287680
28,19,frame_4096_draws_64_unique_leases,own_shared,frame,24,97713,4071.375,41287680
28,20,group_setup_then_1_copies,own_local,group,100000,1378321,13.78321,2000000
28,21,async_queue_job_1_local_copies,std_shared,job,100,66598,665.98,2000
28,22,group_setup_then_1_copies,std_shared,group,100000,3347093,33.47093,2000000
28,23,independent_owner_parameter,own_local,call,100000,111484,1.11484,2350000
28,24,create_read_destroy,own_shared,asset,100000,1772132,17.72132,65000400000
28,25,share_read_drop,own_shared,handoff,100000,1113669,11.13669,2350000
28,26,resource_lifecycle_64_assets_4096_objects,std_shared,cycle,10,514808,51480.8,17203200
28,27,resettable_root_pin_1024_borrow_reads,std_shared_pin_raw_borrow,scope,97,32363,333.639175258,2334208
28,28,contended_copy_2_workers,std_shared,copy,200000,11706613,58.533065,4700000
28,29,localize_read_drop,std_shared,group,100000,1480341,14.80341,2350000
28,30,owner_retained_borrow_copy_read,own_local_view,read,100000,32286,0.32286,2350000
28,31,scene_4096_attachments,own_local,attachment,98304,131639,1.3391011556,98304
28,32,frame_4096_draws_64_unique_leases,std_shared,frame,24,86572,3607.16666667,41287680
28,33,async_queue_job_1_borrow_reads,std_shared_then_raw_borrow,job,100,51115,511.15,2000
28,34,owner_retained_borrow_parameter,own_local_view,call,100000,64338,0.64338,2350000
28,35,weak_lock_live,own_shared,lock,100000,1497120,14.9712,2350000
28,36,weak_lock_live,std_shared,lock,100000,1705637,17.05637,2350000
28,37,contended_copy_2_workers,own_shared,copy,200000,10483007,52.415035,4700000
28,38,owner_retained_borrow_copy_read,std_raw_borrow,read,100000,30644,0.30644,2350000
28,39,async_queue_job_64_borrow_reads,own_shared_then_local_view,job,100,74056,740.56,150400
28,40,weak_lock_expired,own_shared,lock,100000,68721,0.68721,0
28,41,group_setup_then_64_copies,std_shared,group,1562,1714951,1097.91997439,2349248
28,42,resource_lifecycle_64_assets_4096_objects,own_local,cycle,10,195190,19519,17203200
28,43,owner_retained_borrow_parameter,std_raw_borrow,call,100000,64182,0.64182,2350000
28,44,resettable_root_pin_1024_borrow_reads,own_shared_pin_local_view,scope,97,31494,324.680412371,2334208
28,45,owner_retained_4096_parameter_borrows,std_raw_borrow,frame,24,77372,3223.83333333,41287680
28,46,async_queue_job_1_borrow_reads,own_shared_then_local_view,job,100,78653,786.53,2000
28,47,owner_retained_4096_draw_borrows,std_raw_borrow,frame,24,47050,1960.41666667,41287680
28,48,async_queue_job_1024_borrow_reads,std_shared_then_raw_borrow,job,100,142726,1427.26,2406400
28,49,independent_owner_parameter,std_shared,call,100000,1640641,16.40641,2350000
28,50,localize_read_drop,own_local,group,100000,1307297,13.07297,2350000
28,51,borrow_read,raw_borrow,read,100000,35154,0.35154,2350000
28,52,copy_read_drop,own_local,copy,100000,106724,1.06724,2350000
28,53,group_setup_then_1024_copies,own_local,group,97,89000,917.525773196,2334208
28,54,async_queue_job_1024_borrow_reads,own_shared_then_local_view,job,100,121634,1216.34,2406400
28,55,share_read_drop,std_shared,handoff,100000,1457713,14.57713,2350000
29,0,owner_retained_borrow_copy_read,own_local_view,read,100000,61920,0.6192,2350000
29,1,async_queue_job_1024_local_copies,own_local,job,100,317347,3173.47,2406400
29,2,group_setup_then_64_copies,std_shared,group,1562,1702886,1090.19590269,2349248
29,3,group_setup_then_8_copies,own_local,group,12500,273934,21.91472,2350000
29,4,weak_lock_live,std_shared,lock,100000,1673230,16.7323,2350000
29,5,independent_owner_parameter,own_shared,call,100000,1292490,12.9249,2350000
29,6,localize_read_drop,std_shared,group,100000,1449687,14.49687,2350000
29,7,async_queue_job_1_borrow_reads,own_shared_then_local_view,job,100,80229,802.29,2000
29,8,owner_retained_4096_draw_borrows,std_raw_borrow,frame,24,45923,1913.45833333,41287680
29,9,async_queue_job_64_local_copies,own_local,job,100,77186,771.86,150400
29,10,scene_4096_attachments,std_shared,attachment,98304,907151,9.22801717122,98304
29,11,create_read_destroy,std_shared,asset,100000,1129460,11.2946,65000400000
29,12,group_setup_then_8_copies,std_shared,group,12500,1860920,148.8736,2350000
29,13,async_queue_job_64_borrow_reads,std_shared_then_raw_borrow,job,100,92859,928.59,150400
29,14,group_setup_then_1_copies,std_shared,group,100000,3339045,33.39045,2000000
29,15,create_read_destroy,own_shared,asset,100000,1773135,17.73135,65000400000
29,16,weak_lock_expired,std_shared,lock,100000,77572,0.77572,0
29,17,resource_lifecycle_64_assets_4096_objects,own_local,cycle,10,194895,19489.5,17203200
29,18,borrow_read,raw_borrow,read,100000,35047,0.35047,2350000
29,19,independent_owner_parameter,std_shared,call,100000,1666123,16.66123,2350000
29,20,async_queue_job_64_local_copies,std_shared,job,100,338408,3384.08,150400
29,21,resettable_root_pin_1024_borrow_reads,own_shared_pin_local_view,scope,97,31423,323.948453608,2334208
29,22,weak_lock_expired,own_shared,lock,100000,70677,0.70677,0
29,23,owner_retained_4096_draw_borrows,own_local_view,frame,24,48425,2017.70833333,41287680
29,24,copy_read_drop,own_shared,copy,100000,1309667,13.09667,2350000
29,25,resettable_root_pin_1024_borrow_reads,std_shared_pin_raw_borrow,scope,97,32045,330.360824742,2334208
29,26,group_setup_then_64_copies,own_local,group,1562,138390,88.5979513444,2349248
29,27,create_read_destroy,own_local,asset,100000,1908112,19.08112,65000400000
29,28,weak_lock_live,own_shared,lock,100000,1489794,14.89794,2350000
29,29,async_queue_job_1_local_copies,own_local,job,100,49163,491.63,2000
29,30,localize_read_drop,own_local,group,100000,1279764,12.79764,2350000
29,31,async_queue_job_1_local_copies,std_shared,job,100,54139,541.39,2000
29,32,owner_retained_4096_parameter_borrows,own_local_view,frame,24,76079,3169.95833333,41287680
29,33,group_setup_then_1_copies,own_local,group,100000,1380264,13.80264,2000000
29,34,contended_copy_2_workers,std_shared,copy,200000,12557796,62.78898,4700000
29,35,async_queue_job_64_borrow_reads,own_shared_then_local_view,job,100,207293,2072.93,150400
29,36,async_queue_job_1024_borrow_reads,std_shared_then_raw_borrow,job,100,143240,1432.4,2406400
29,37,owner_retained_borrow_parameter,own_local_view,call,100000,60141,0.60141,2350000
29,38,resource_lifecycle_64_assets_4096_objects,std_shared,cycle,10,507602,50760.2,17203200
29,39,frame_4096_draws_64_unique_leases,std_shared,frame,24,90009,3750.375,41287680
29,40,owner_retained_borrow_copy_read,std_raw_borrow,read,100000,30180,0.3018,2350000
29,41,async_queue_job_1_borrow_reads,std_shared_then_raw_borrow,job,100,83241,832.41,2000
29,42,owner_retained_borrow_parameter,std_raw_borrow,call,100000,64333,0.64333,2350000
29,43,owner_retained_4096_parameter_borrows,std_raw_borrow,frame,24,79872,3328,41287680
29,44,scene_4096_attachments,own_local,attachment,98304,136027,1.38373819987,98304
29,45,independent_owner_parameter,own_local,call,100000,112373,1.12373,2350000
29,46,copy_read_drop,own_local,copy,100000,106035,1.06035,2350000
29,47,contended_copy_2_workers,own_shared,copy,200000,10365407,51.827035,4700000
29,48,group_setup_then_1024_copies,std_shared,group,97,1658364,17096.5360825,2334208
29,49,share_read_drop,own_shared,handoff,100000,1113699,11.13699,2350000
29,50,share_read_drop,std_shared,handoff,100000,1499222,14.99222,2350000
29,51,copy_read_drop,std_shared,copy,100000,1629921,16.29921,2350000
29,52,async_queue_job_1024_local_copies,std_shared,job,100,2429234,24292.34,2406400
29,53,async_queue_job_1024_borrow_reads,own_shared_then_local_view,job,100,156771,1567.71,2406400
29,54,frame_4096_draws_64_unique_leases,own_shared,frame,24,93114,3879.75,41287680
29,55,group_setup_then_1024_copies,own_local,group,97,88587,913.268041237,2334208
30,0,resource_lifecycle_64_assets_4096_objects,std_shared,cycle,10,522710,52271,17203200
30,1,resettable_root_pin_1024_borrow_reads,own_shared_pin_local_view,scope,97,31610,325.87628866,2334208
30,2,contended_copy_2_workers,std_shared,copy,200000,11275818,56.37909,4700000
30,3,resettable_root_pin_1024_borrow_reads,std_shared_pin_raw_borrow,scope,97,32064,330.556701031,2334208
30,4,owner_retained_borrow_copy_read,std_raw_borrow,read,100000,30145,0.30145,2350000
30,5,async_queue_job_1024_local_copies,own_local,job,100,227425,2274.25,2406400
30,6,create_read_destroy,own_local,asset,100000,2203285,22.03285,65000400000
30,7,async_queue_job_1024_local_copies,std_shared,job,100,2485034,24850.34,2406400
30,8,async_queue_job_1_local_copies,std_shared,job,100,56178,561.78,2000
30,9,share_read_drop,std_shared,handoff,100000,1597838,15.97838,2350000
30,10,group_setup_then_1024_copies,std_shared,group,97,1643181,16940.0103093,2334208
30,11,frame_4096_draws_64_unique_leases,std_shared,frame,24,92766,3865.25,41287680
30,12,group_setup_then_8_copies,own_local,group,12500,282209,22.57672,2350000
30,13,group_setup_then_64_copies,own_local,group,1562,122236,78.2560819462,2349248
30,14,async_queue_job_1024_borrow_reads,own_shared_then_local_view,job,100,162114,1621.14,2406400
30,15,group_setup_then_8_copies,std_shared,group,12500,2047248,163.77984,2350000
30,16,async_queue_job_1_borrow_reads,std_shared_then_raw_borrow,job,100,57667,576.67,2000
30,17,async_queue_job_1_borrow_reads,own_shared_then_local_view,job,100,61660,616.6,2000
30,18,owner_retained_borrow_parameter,std_raw_borrow,call,100000,67011,0.67011,2350000
30,19,scene_4096_attachments,std_shared,attachment,98304,1022836,10.4048258464,98304
30,20,group_setup_then_1024_copies,own_local,group,97,98183,1012.19587629,2334208
30,21,async_queue_job_64_borrow_reads,own_shared_then_local_view,job,100,80956,809.56,150400
30,22,contended_copy_2_workers,own_shared,copy,200000,8977941,44.889705,4700000
30,23,group_setup_then_1_copies,own_local,group,100000,1421659,14.21659,2000000
30,24,resource_lifecycle_64_assets_4096_objects,own_local,cycle,10,212293,21229.3,17203200
30,25,weak_lock_live,std_shared,lock,100000,1679659,16.79659,2350000
30,26,async_queue_job_64_local_copies,std_shared,job,100,352901,3529.01,150400
30,27,independent_owner_parameter,own_local,call,100000,112171,1.12171,2350000
30,28,scene_4096_attachments,own_local,attachment,98304,137901,1.40280151367,98304
30,29,owner_retained_4096_draw_borrows,own_local_view,frame,24,50369,2098.70833333,41287680
30,30,independent_owner_parameter,own_shared,call,100000,1348045,13.48045,2350000
30,31,async_queue_job_64_local_copies,own_local,job,100,74497,744.97,150400
30,32,owner_retained_borrow_copy_read,own_local_view,read,100000,32513,0.32513,2350000
30,33,owner_retained_4096_parameter_borrows,own_local_view,frame,24,76589,3191.20833333,41287680
30,34,localize_read_drop,own_local,group,100000,1391013,13.91013,2350000
30,35,group_setup_then_1_copies,std_shared,group,100000,3361457,33.61457,2000000
30,36,share_read_drop,own_shared,handoff,100000,1141795,11.41795,2350000
30,37,copy_read_drop,own_shared,copy,100000,1308927,13.08927,2350000
30,38,weak_lock_expired,std_shared,lock,100000,94259,0.94259,0
30,39,owner_retained_4096_draw_borrows,std_raw_borrow,frame,24,51213,2133.875,41287680
30,40,localize_read_drop,std_shared,group,100000,1490084,14.90084,2350000
30,41,copy_read_drop,own_local,copy,100000,106151,1.06151,2350000
30,42,independent_owner_parameter,std_shared,call,100000,1660755,16.60755,2350000
30,43,async_queue_job_1_local_copies,own_local,job,100,73018,730.18,2000
30,44,frame_4096_draws_64_unique_leases,own_shared,frame,24,90819,3784.125,41287680
30,45,create_read_destroy,std_shared,asset,100000,1248943,12.48943,65000400000
30,46,async_queue_job_64_borrow_reads,std_shared_then_raw_borrow,job,100,86120,861.2,150400
30,47,weak_lock_expired,own_shared,lock,100000,68952,0.68952,0
30,48,weak_lock_live,own_shared,lock,100000,1520115,15.20115,2350000
30,49,owner_retained_borrow_parameter,own_local_view,call,100000,77513,0.77513,2350000
30,50,owner_retained_4096_parameter_borrows,std_raw_borrow,frame,24,96496,4020.66666667,41287680
30,51,group_setup_then_64_copies,std_shared,group,1562,1683461,1077.75992318,2349248
30,52,copy_read_drop,std_shared,copy,100000,1629587,16.29587,2350000
30,53,borrow_read,raw_borrow,read,100000,38324,0.38324,2350000
30,54,async_queue_job_1024_borrow_reads,std_shared_then_raw_borrow,job,100,168679,1686.79,2406400
30,55,create_read_destroy,own_shared,asset,100000,2363437,23.63437,65000400000
31,0,weak_lock_live,std_shared,lock,100000,1687504,16.87504,2350000
31,1,weak_lock_expired,std_shared,lock,100000,90082,0.90082,0
31,2,async_queue_job_1_local_copies,own_local,job,100,95168,951.68,2000
31,3,owner_retained_borrow_parameter,own_local_view,call,100000,64479,0.64479,2350000
31,4,frame_4096_draws_64_unique_leases,own_shared,frame,24,92746,3864.41666667,41287680
31,5,copy_read_drop,std_shared,copy,100000,1731545,17.31545,2350000
31,6,owner_retained_borrow_copy_read,std_raw_borrow,read,100000,30167,0.30167,2350000
31,7,group_setup_then_1_copies,own_local,group,100000,1376214,13.76214,2000000
31,8,scene_4096_attachments,own_local,attachment,98304,135837,1.38180541992,98304
31,9,scene_4096_attachments,std_shared,attachment,98304,934126,9.5024210612,98304
31,10,async_queue_job_64_borrow_reads,std_shared_then_raw_borrow,job,100,55498,554.98,150400
31,11,independent_owner_parameter,std_shared,call,100000,1714375,17.14375,2350000
31,12,async_queue_job_64_borrow_reads,own_shared_then_local_view,job,100,93204,932.04,150400
31,13,async_queue_job_1_borrow_reads,own_shared_then_local_view,job,100,51416,514.16,2000
31,14,owner_retained_borrow_copy_read,own_local_view,read,100000,32363,0.32363,2350000
31,15,borrow_read,raw_borrow,read,100000,35400,0.354,2350000
31,16,async_queue_job_1024_local_copies,own_local,job,100,296628,2966.28,2406400
31,17,async_queue_job_64_local_copies,own_local,job,100,111437,1114.37,150400
31,18,group_setup_then_1024_copies,std_shared,group,97,1697343,17498.3814433,2334208
31,19,resettable_root_pin_1024_borrow_reads,std_shared_pin_raw_borrow,scope,97,31824,328.082474227,2334208
31,20,async_queue_job_1_borrow_reads,std_shared_then_raw_borrow,job,100,60576,605.76,2000
31,21,copy_read_drop,own_local,copy,100000,109864,1.09864,2350000
31,22,group_setup_then_8_copies,own_local,group,12500,268670,21.4936,2350000
31,23,localize_read_drop,own_local,group,100000,1300402,13.00402,2350000
31,24,resource_lifecycle_64_assets_4096_objects,std_shared,cycle,10,510559,51055.9,17203200
31,25,create_read_destroy,own_local,asset,100000,1957616,19.57616,65000400000
31,26,group_setup_then_8_copies,std_shared,group,12500,1884308,150.74464,2350000
31,27,owner_retained_4096_parameter_borrows,std_raw_borrow,frame,24,80458,3352.41666667,41287680
31,28,weak_lock_live,own_shared,lock,100000,1489444,14.89444,2350000
31,29,resource_lifecycle_64_assets_4096_objects,own_local,cycle,10,192180,19218,17203200
31,30,async_queue_job_1024_borrow_reads,own_shared_then_local_view,job,100,144677,1446.77,2406400
31,31,share_read_drop,std_shared,handoff,100000,1513128,15.13128,2350000
31,32,copy_read_drop,own_shared,copy,100000,1305457,13.05457,2350000
31,33,share_read_drop,own_shared,handoff,100000,1116083,11.16083,2350000
31,34,async_queue_job_1024_local_copies,std_shared,job,100,2477265,24772.65,2406400
31,35,frame_4096_draws_64_unique_leases,std_shared,frame,24,89111,3712.95833333,41287680
31,36,contended_copy_2_workers,std_shared,copy,200000,12215852,61.07926,4700000
31,37,owner_retained_4096_parameter_borrows,own_local_view,frame,24,79699,3320.79166667,41287680
31,38,async_queue_job_1_local_copies,std_shared,job,100,49726,497.26,2000
31,39,resettable_root_pin_1024_borrow_reads,own_shared_pin_local_view,scope,97,31519,324.93814433,2334208
31,40,owner_retained_4096_draw_borrows,std_raw_borrow,frame,24,48269,2011.20833333,41287680
31,41,owner_retained_4096_draw_borrows,own_local_view,frame,24,47034,1959.75,41287680
31,42,group_setup_then_1024_copies,own_local,group,97,87360,900.618556701,2334208
31,43,group_setup_then_64_copies,own_local,group,1562,129000,82.5864276569,2349248
31,44,group_setup_then_64_copies,std_shared,group,1562,1707261,1092.99679898,2349248
31,45,localize_read_drop,std_shared,group,100000,1521460,15.2146,2350000
31,46,create_read_destroy,std_shared,asset,100000,1331819,13.31819,65000400000
31,47,contended_copy_2_workers,own_shared,copy,200000,9783242,48.91621,4700000
31,48,create_read_destroy,own_shared,asset,100000,1799973,17.99973,65000400000
31,49,independent_owner_parameter,own_local,call,100000,112977,1.12977,2350000
31,50,owner_retained_borrow_parameter,std_raw_borrow,call,100000,64470,0.6447,2350000
31,51,weak_lock_expired,own_shared,lock,100000,70176,0.70176,0
31,52,group_setup_then_1_copies,std_shared,group,100000,3344789,33.44789,2000000
31,53,async_queue_job_1024_borrow_reads,std_shared_then_raw_borrow,job,100,130470,1304.7,2406400
31,54,independent_owner_parameter,own_shared,call,100000,1319763,13.19763,2350000
31,55,async_queue_job_64_local_copies,std_shared,job,100,275178,2751.78,150400
32,0,localize_read_drop,own_local,group,100000,1342852,13.42852,2350000
32,1,copy_read_drop,own_shared,copy,100000,1314563,13.14563,2350000
32,2,independent_owner_parameter,own_local,call,100000,112386,1.12386,2350000
32,3,group_setup_then_64_copies,std_shared,group,1562,1696485,1086.09795134,2349248
32,4,async_queue_job_64_borrow_reads,own_shared_then_local_view,job,100,57299,572.99,150400
32,5,owner_retained_borrow_parameter,std_raw_borrow,call,100000,60001,0.60001,2350000
32,6,independent_owner_parameter,std_shared,call,100000,1646343,16.46343,2350000
32,7,owner_retained_4096_draw_borrows,own_local_view,frame,24,51329,2138.70833333,41287680
32,8,scene_4096_attachments,own_local,attachment,98304,138453,1.40841674805,98304
32,9,resettable_root_pin_1024_borrow_reads,own_shared_pin_local_view,scope,97,31403,323.742268041,2334208
32,10,weak_lock_live,std_shared,lock,100000,1671810,16.7181,2350000
32,11,independent_owner_parameter,own_shared,call,100000,1310235,13.10235,2350000
32,12,weak_lock_live,own_shared,lock,100000,1489097,14.89097,2350000
32,13,contended_copy_2_workers,own_shared,copy,200000,9089495,45.447475,4700000
32,14,async_queue_job_1_borrow_reads,std_shared_then_raw_borrow,job,100,52926,529.26,2000
32,15,group_setup_then_1024_copies,std_shared,group,97,1681606,17336.1443299,2334208
32,16,async_queue_job_64_local_copies,std_shared,job,100,356713,3567.13,150400
32,17,owner_retained_4096_parameter_borrows,std_raw_borrow,frame,24,79817,3325.70833333,41287680
32,18,copy_read_drop,own_local,copy,100000,105924,1.05924,2350000
32,19,frame_4096_draws_64_unique_leases,own_shared,frame,24,88691,3695.45833333,41287680
32,20,owner_retained_4096_draw_borrows,std_raw_borrow,frame,24,47379,1974.125,41287680
32,21,async_queue_job_1024_borrow_reads,std_shared_then_raw_borrow,job,100,173380,1733.8,2406400
32,22,group_setup_then_8_copies,std_shared,group,12500,1897225,151.778,2350000
32,23,async_queue_job_1_local_copies,own_local,job,100,56517,565.17,2000
32,24,owner_retained_borrow_copy_read,own_local_view,read,100000,32486,0.32486,2350000
32,25,owner_retained_borrow_copy_read,std_raw_borrow,read,100000,30114,0.30114,2350000
32,26,async_queue_job_1024_local_copies,own_local,job,100,398466,3984.66,2406400
32,27,resettable_root_pin_1024_borrow_reads,std_shared_pin_raw_borrow,scope,97,32057,330.484536082,2334208
32,28,async_queue_job_1024_borrow_reads,own_shared_then_local_view,job,100,183844,1838.44,2406400
32,29,scene_4096_attachments,std_shared,attachment,98304,934281,9.50399780273,98304
32,30,weak_lock_expired,own_shared,lock,100000,70834,0.70834,0
32,31,owner_retained_4096_parameter_borrows,own_local_view,frame,24,78887,3286.95833333,41287680
32,32,async_queue_job_64_local_copies,own_local,job,100,69838,698.38,150400
32,33,weak_lock_expired,std_shared,lock,100000,88590,0.8859,0
32,34,resource_lifecycle_64_assets_4096_objects,std_shared,cycle,10,506006,50600.6,17203200
32,35,group_setup_then_1024_copies,own_local,group,97,87118,898.12371134,2334208
32,36,group_setup_then_64_copies,own_local,group,1562,110863,70.9750320102,2349248
32,37,localize_read_drop,std_shared,group,100000,1489786,14.89786,2350000
32,38,frame_4096_draws_64_unique_leases,std_shared,frame,24,83148,3464.5,41287680
32,39,share_read_drop,own_shared,handoff,100000,1115532,11.15532,2350000
32,40,copy_read_drop,std_shared,copy,100000,1644288,16.44288,2350000
32,41,group_setup_then_1_copies,own_local,group,100000,1455922,14.55922,2000000
32,42,create_read_destroy,own_shared,asset,100000,1788001,17.88001,65000400000
32,43,async_queue_job_1_local_copies,std_shared,job,100,71452,714.52,2000
32,44,create_read_destroy,own_local,asset,100000,1926357,19.26357,65000400000
32,45,group_setup_then_8_copies,own_local,group,12500,250829,20.06632,2350000
32,46,owner_retained_borrow_parameter,own_local_view,call,100000,61874,0.61874,2350000
32,47,share_read_drop,std_shared,handoff,100000,1484940,14.8494,2350000
32,48,resource_lifecycle_64_assets_4096_objects,own_local,cycle,10,203637,20363.7,17203200
32,49,async_queue_job_1_borrow_reads,own_shared_then_local_view,job,100,61537,615.37,2000
32,50,borrow_read,raw_borrow,read,100000,35664,0.35664,2350000
32,51,async_queue_job_64_borrow_reads,std_shared_then_raw_borrow,job,100,64727,647.27,150400
32,52,async_queue_job_1024_local_copies,std_shared,job,100,2440996,24409.96,2406400
32,53,create_read_destroy,std_shared,asset,100000,1199753,11.99753,65000400000
32,54,contended_copy_2_workers,std_shared,copy,200000,16870459,84.352295,4700000
32,55,group_setup_then_1_copies,std_shared,group,100000,3346806,33.46806,2000000
33,0,share_read_drop,own_shared,handoff,100000,1119894,11.19894,2350000
33,1,owner_retained_borrow_copy_read,std_raw_borrow,read,100000,30464,0.30464,2350000
33,2,create_read_destroy,own_shared,asset,100000,1801219,18.01219,65000400000
33,3,resource_lifecycle_64_assets_4096_objects,std_shared,cycle,10,515225,51522.5,17203200
33,4,create_read_destroy,own_local,asset,100000,1921941,19.21941,65000400000
33,5,owner_retained_4096_parameter_borrows,std_raw_borrow,frame,24,81575,3398.95833333,41287680
33,6,independent_owner_parameter,own_shared,call,100000,1305393,13.05393,2350000
33,7,async_queue_job_64_borrow_reads,std_shared_then_raw_borrow,job,100,50106,501.06,150400
33,8,resettable_root_pin_1024_borrow_reads,own_shared_pin_local_view,scope,97,31500,324.742268041,2334208
33,9,weak_lock_expired,own_shared,lock,100000,70756,0.70756,0
33,10,async_queue_job_1024_borrow_reads,std_shared_then_raw_borrow,job,100,113920,1139.2,2406400
33,11,contended_copy_2_workers,std_shared,copy,200000,16131421,80.657105,4700000
33,12,owner_retained_borrow_parameter,std_raw_borrow,call,100000,62006,0.62006,2350000
33,13,group_setup_then_8_copies,std_shared,group,12500,1890281,151.22248,2350000
33,14,owner_retained_4096_draw_borrows,std_raw_borrow,frame,24,51724,2155.16666667,41287680
33,15,owner_retained_4096_parameter_borrows,own_local_view,frame,24,80154,3339.75,41287680
33,16,share_read_drop,std_shared,handoff,100000,1491071,14.91071,2350000
33,17,contended_copy_2_workers,own_shared,copy,200000,10106828,50.53414,4700000
33,18,weak_lock_live,std_shared,lock,100000,1681765,16.81765,2350000
33,19,copy_read_drop,own_local,copy,100000,118542,1.18542,2350000
33,20,scene_4096_attachments,std_shared,attachment,98304,937226,9.53395589193,98304
33,21,owner_retained_borrow_parameter,own_local_view,call,100000,64478,0.64478,2350000
33,22,async_queue_job_1_borrow_reads,std_shared_then_raw_borrow,job,100,47860,478.6,2000
33,23,frame_4096_draws_64_unique_leases,own_shared,frame,24,92823,3867.625,41287680
33,24,independent_owner_parameter,std_shared,call,100000,1697686,16.97686,2350000
33,25,independent_owner_parameter,own_local,call,100000,124188,1.24188,2350000
33,26,async_queue_job_1_local_copies,std_shared,job,100,60360,603.6,2000
33,27,localize_read_drop,std_shared,group,100000,1460639,14.60639,2350000
33,28,owner_retained_4096_draw_borrows,own_local_view,frame,24,50054,2085.58333333,41287680
33,29,async_queue_job_1024_local_copies,own_local,job,100,273847,2738.47,2406400
33,30,async_queue_job_64_local_copies,own_local,job,100,83036,830.36,150400
33,31,group_setup_then_1_copies,own_local,group,100000,1350847,13.50847,2000000
33,32,resettable_root_pin_1024_borrow_reads,std_shared_pin_raw_borrow,scope,97,31313,322.81443299,2334208
33,33,weak_lock_live,own_shared,lock,100000,1518009,15.18009,2350000
33,34,group_setup_then_1024_copies,own_local,group,97,109271,1126.50515464,2334208
33,35,async_queue_job_1024_borrow_reads,own_shared_then_local_view,job,100,157300,1573,2406400
33,36,owner_retained_borrow_copy_read,own_local_view,read,100000,32494,0.32494,2350000
33,37,async_queue_job_64_local_copies,std_shared,job,100,304327,3043.27,150400
33,38,scene_4096_attachments,own_local,attachment,98304,130693,1.32947794596,98304
33,39,copy_read_drop,own_shared,copy,100000,1294962,12.94962,2350000
33,40,group_setup_then_64_copies,own_local,group,1562,122942,78.7080665813,2349248
33,41,frame_4096_draws_64_unique_leases,std_shared,frame,24,84802,3533.41666667,41287680
33,42,copy_read_drop,std_shared,copy,100000,1646867,16.46867,2350000
33,43,borrow_read,raw_borrow,read,100000,35026,0.35026,2350000
33,44,group_setup_then_1024_copies,std_shared,group,97,1653539,17046.7938144,2334208
33,45,async_queue_job_64_borrow_reads,own_shared_then_local_view,job,100,65724,657.24,150400
33,46,weak_lock_expired,std_shared,lock,100000,77090,0.7709,0
33,47,group_setup_then_8_copies,own_local,group,12500,249562,19.96496,2350000
33,48,group_setup_then_1_copies,std_shared,group,100000,3370980,33.7098,2000000
33,49,async_queue_job_1_borrow_reads,own_shared_then_local_view,job,100,49596,495.96,2000
33,50,async_queue_job_1024_local_copies,std_shared,job,100,2495804,24958.04,2406400
33,51,async_queue_job_1_local_copies,own_local,job,100,77190,771.9,2000
33,52,resource_lifecycle_64_assets_4096_objects,own_local,cycle,10,225152,22515.2,17203200
33,53,localize_read_drop,own_local,group,100000,1275084,12.75084,2350000
33,54,create_read_destroy,std_shared,asset,100000,1160535,11.60535,65000400000
33,55,group_setup_then_64_copies,std_shared,group,1562,2044963,1309.19526248,2349248
34,0,borrow_read,raw_borrow,read,100000,40561,0.40561,2350000
34,1,scene_4096_attachments,own_local,attachment,98304,151537,1.54151407878,98304
34,2,contended_copy_2_workers,std_shared,copy,200000,14713872,73.56936,4700000
34,3,group_setup_then_1_copies,std_shared,group,100000,3358396,33.58396,2000000
34,4,weak_lock_live,own_shared,lock,100000,1494151,14.94151,2350000
34,5,copy_read_drop,own_shared,copy,100000,1295474,12.95474,2350000
34,6,owner_retained_borrow_parameter,std_raw_borrow,call,100000,60347,0.60347,2350000
34,7,copy_read_drop,own_local,copy,100000,105945,1.05945,2350000
34,8,group_setup_then_1_copies,own_local,group,100000,3404512,34.04512,2000000
34,9,independent_owner_parameter,std_shared,call,100000,4849803,48.49803,2350000
34,10,localize_read_drop,own_local,group,100000,1572777,15.72777,2350000
34,11,group_setup_then_1024_copies,std_shared,group,97,1691789,17441.1237113,2334208
34,12,async_queue_job_64_local_copies,std_shared,job,100,286724,2867.24,150400
34,13,contended_copy_2_workers,own_shared,copy,200000,9655848,48.27924,4700000
34,14,owner_retained_4096_parameter_borrows,std_raw_borrow,frame,24,81543,3397.625,41287680
34,15,frame_4096_draws_64_unique_leases,own_shared,frame,24,94787,3949.45833333,41287680
34,16,async_queue_job_1024_borrow_reads,std_shared_then_raw_borrow,job,100,256965,2569.65,2406400
34,17,scene_4096_attachments,std_shared,attachment,98304,940022,9.56239827474,98304
34,18,weak_lock_live,std_shared,lock,100000,1689661,16.89661,2350000
34,19,share_read_drop,own_shared,handoff,100000,1135427,11.35427,2350000
34,20,resettable_root_pin_1024_borrow_reads,own_shared_pin_local_view,scope,97,31711,326.917525773,2334208
34,21,weak_lock_expired,own_shared,lock,100000,70767,0.70767,0
34,22,independent_owner_parameter,own_shared,call,100000,1317614,13.17614,2350000
34,23,create_read_destroy,std_shared,asset,100000,1182262,11.82262,65000400000
34,24,owner_retained_4096_draw_borrows,own_local_view,frame,24,55035,2293.125,41287680
34,25,async_queue_job_64_local_copies,own_local,job,100,75873,758.73,150400
34,26,resource_lifecycle_64_assets_4096_objects,std_shared,cycle,10,543328,54332.8,17203200
34,27,weak_lock_expired,std_shared,lock,100000,91261,0.91261,0
34,28,group_setup_then_1024_copies,own_local,group,97,87990,907.113402062,2334208
34,29,owner_retained_borrow_copy_read,std_raw_borrow,read,100000,30623,0.30623,2350000
34,30,async_queue_job_1024_local_copies,own_local,job,100,367101,3671.01,2406400
34,31,frame_4096_draws_64_unique_leases,std_shared,frame,24,84942,3539.25,41287680
34,32,share_read_drop,std_shared,handoff,100000,1470851,14.70851,2350000
34,33,async_queue_job_1024_borrow_reads,own_shared_then_local_view,job,100,194352,1943.52,2406400
34,34,group_setup_then_8_copies,own_local,group,12500,262073,20.96584,2350000
34,35,create_read_destroy,own_local,asset,100000,1919211,19.19211,65000400000
34,36,async_queue_job_1_borrow_reads,own_shared_then_local_view,job,100,46871,468.71,2000
34,37,group_setup_then_64_copies,std_shared,group,1562,1687854,1080.57234315,2349248
34,38,localize_read_drop,std_shared,group,100000,1463550,14.6355,2350000
34,39,group_setup_then_8_copies,std_shared,group,12500,1889139,151.13112,2350000
34,40,owner_retained_borrow_copy_read,own_local_view,read,100000,31141,0.31141,2350000
34,41,group_setup_then_64_copies,own_local,group,1562,110857,70.971190781,2349248
34,42,resource_lifecycle_64_assets_4096_objects,own_local,cycle,10,198548,19854.8,17203200
34,43,async_queue_job_64_borrow_reads,own_shared_then_local_view,job,100,82857,828.57,150400
34,44,async_queue_job_64_borrow_reads,std_shared_then_raw_borrow,job,100,95374,953.74,150400
34,45,create_read_destroy,own_shared,asset,100000,1776656,17.76656,65000400000
34,46,independent_owner_parameter,own_local,call,100000,123178,1.23178,2350000
34,47,resettable_root_pin_1024_borrow_reads,std_shared_pin_raw_borrow,scope,97,31548,325.237113402,2334208
34,48,owner_retained_borrow_parameter,own_local_view,call,100000,63975,0.63975,2350000
34,49,async_queue_job_1_local_copies,own_local,job,100,63453,634.53,2000
34,50,owner_retained_4096_parameter_borrows,own_local_view,frame,24,76525,3188.54166667,41287680
34,51,async_queue_job_1_borrow_reads,std_shared_then_raw_borrow,job,100,41166,411.66,2000
34,52,async_queue_job_1024_local_copies,std_shared,job,100,2536920,25369.2,2406400
34,53,owner_retained_4096_draw_borrows,std_raw_borrow,frame,24,50322,2096.75,41287680
34,54,copy_read_drop,std_shared,copy,100000,1681175,16.81175,2350000
34,55,async_queue_job_1_local_copies,std_shared,job,100,78703,787.03,2000
35,0,borrow_read,raw_borrow,read,100000,35444,0.35444,2350000
35,1,create_read_destroy,own_shared,asset,100000,1776612,17.76612,65000400000
35,2,contended_copy_2_workers,std_shared,copy,200000,9947426,49.73713,4700000
35,3,owner_retained_4096_draw_borrows,std_raw_borrow,frame,24,48660,2027.5,41287680
35,4,owner_retained_borrow_copy_read,std_raw_borrow,read,100000,30088,0.30088,2350000
35,5,independent_owner_parameter,own_shared,call,100000,1299339,12.99339,2350000
35,6,resource_lifecycle_64_assets_4096_objects,own_local,cycle,10,214143,21414.3,17203200
35,7,async_queue_job_1024_local_copies,own_local,job,100,430808,4308.08,2406400
35,8,create_read_destroy,own_local,asset,100000,1921880,19.2188,65000400000
35,9,async_queue_job_64_local_copies,std_shared,job,100,315658,3156.58,150400
35,10,group_setup_then_1_copies,own_local,group,100000,1361483,13.61483,2000000
35,11,group_setup_then_8_copies,std_shared,group,12500,3257517,260.60136,2350000
35,12,async_queue_job_1024_local_copies,std_shared,job,100,2446535,24465.35,2406400
35,13,copy_read_drop,own_local,copy,100000,106120,1.0612,2350000
35,14,async_queue_job_64_local_copies,own_local,job,100,70161,701.61,150400
35,15,async_queue_job_1_local_copies,own_local,job,100,60197,601.97,2000
35,16,create_read_destroy,std_shared,asset,100000,2103083,21.03083,65000400000
35,17,owner_retained_borrow_parameter,own_local_view,call,100000,60329,0.60329,2350000
35,18,group_setup_then_1_copies,std_shared,group,100000,3568730,35.6873,2000000
35,19,weak_lock_live,own_shared,lock,100000,1500739,15.00739,2350000
35,20,owner_retained_4096_draw_borrows,own_local_view,frame,24,51316,2138.16666667,41287680
35,21,async_queue_job_1_borrow_reads,std_shared_then_raw_borrow,job,100,47883,478.83,2000
35,22,frame_4096_draws_64_unique_leases,own_shared,frame,24,95308,3971.16666667,41287680
35,23,independent_owner_parameter,own_local,call,100000,111695,1.11695,2350000
35,24,frame_4096_draws_64_unique_leases,std_shared,frame,24,91166,3798.58333333,41287680
35,25,async_queue_job_64_borrow_reads,own_shared_then_local_view,job,100,108610,1086.1,150400
35,26,weak_lock_live,std_shared,lock,100000,1679077,16.79077,2350000
35,27,async_queue_job_1_local_copies,std_shared,job,100,79512,795.12,2000
35,28,owner_retained_borrow_parameter,std_raw_borrow,call,100000,64492,0.64492,2350000
35,29,group_setup_then_64_copies,std_shared,group,1562,1751240,1121.15236876,2349248
35,30,resettable_root_pin_1024_borrow_reads,own_shared_pin_local_view,scope,97,31449,324.216494845,2334208
35,31,group_setup_then_64_copies,own_local,group,1562,141789,90.7740076825,2349248
35,32,group_setup_then_8_copies,own_local,group,12500,258566,20.68528,2350000
35,33,independent_owner_parameter,std_shared,call,100000,1660622,16.60622,2350000
35,34,contended_copy_2_workers,own_shared,copy,200000,10140770,50.70385,4700000
35,35,owner_retained_4096_parameter_borrows,std_raw_borrow,frame,24,80317,3346.54166667,41287680
35,36,resettable_root_pin_1024_borrow_reads,std_shared_pin_raw_borrow,scope,97,47659,491.329896907,2334208
35,37,weak_lock_expired,std_shared,lock,100000,77353,0.77353,0
35,38,share_read_drop,std_shared,handoff,100000,1471103,14.71103,2350000
35,39,share_read_drop,own_shared,handoff,100000,1119065,11.19065,2350000
35,40,scene_4096_attachments,std_shared,attachment,98304,936384,9.525390625,98304
35,41,localize_read_drop,std_shared,group,100000,1482318,14.82318,2350000
35,42,resource_lifecycle_64_assets_4096_objects,std_shared,cycle,10,532835,53283.5,17203200
35,43,async_queue_job_64_borrow_reads,std_shared_then_raw_borrow,job,100,59168,591.68,150400
35,44,async_queue_job_1_borrow_reads,own_shared_then_local_view,job,100,60146,601.46,2000
35,45,weak_lock_expired,own_shared,lock,100000,70841,0.70841,0
35,46,scene_4096_attachments,own_local,attachment,98304,134665,1.3698832194,98304
35,47,group_setup_then_1024_copies,std_shared,group,97,1655530,17067.3195876,2334208
35,48,async_queue_job_1024_borrow_reads,std_shared_then_raw_borrow,job,100,113982,1139.82,2406400
35,49,localize_read_drop,own_local,group,100000,1294733,12.94733,2350000
35,50,owner_retained_borrow_copy_read,own_local_view,read,100000,30312,0.30312,2350000
35,51,group_setup_then_1024_copies,own_local,group,97,89520,922.886597938,2334208
35,52,async_queue_job_1024_borrow_reads,own_shared_then_local_view,job,100,214087,2140.87,2406400
35,53,copy_read_drop,own_shared,copy,100000,1310631,13.10631,2350000
35,54,copy_read_drop,std_shared,copy,100000,1678788,16.78788,2350000
35,55,owner_retained_4096_parameter_borrows,own_local_view,frame,24,78429,3267.875,41287680
36,0,create_read_destroy,std_shared,asset,100000,1205707,12.05707,65000400000
36,1,owner_retained_borrow_copy_read,own_local_view,read,100000,30072,0.30072,2350000
36,2,independent_owner_parameter,own_shared,call,100000,1295594,12.95594,2350000
36,3,scene_4096_attachments,std_shared,attachment,98304,947779,9.64130655924,98304
36,4,owner_retained_borrow_parameter,own_local_view,call,100000,64477,0.64477,2350000
36,5,weak_lock_expired,own_shared,lock,100000,70710,0.7071,0
36,6,group_setup_then_1024_copies,std_shared,group,97,1663038,17144.7216495,2334208
36,7,frame_4096_draws_64_unique_leases,own_shared,frame,24,86866,3619.41666667,41287680
36,8,group_setup_then_8_copies,std_shared,group,12500,1872109,149.76872,2350000
36,9,owner_retained_borrow_parameter,std_raw_borrow,call,100000,64248,0.64248,2350000
36,10,async_queue_job_1_borrow_reads,own_shared_then_local_view,job,100,62682,626.82,2000
36,11,borrow_read,raw_borrow,read,100000,35027,0.35027,2350000
36,12,group_setup_then_64_copies,std_shared,group,1562,1713536,1097.01408451,2349248
36,13,owner_retained_4096_parameter_borrows,std_raw_borrow,frame,24,77242,3218.41666667,41287680
36,14,contended_copy_2_workers,own_shared,copy,200000,11733174,58.66587,4700000
36,15,owner_retained_borrow_copy_read,std_raw_borrow,read,100000,30522,0.30522,2350000
36,16,resettable_root_pin_1024_borrow_reads,std_shared_pin_raw_borrow,scope,97,31915,329.020618557,2334208
36,17,owner_retained_4096_draw_borrows,own_local_view,frame,24,47491,1978.79166667,41287680
36,18,frame_4096_draws_64_unique_leases,std_shared,frame,24,85244,3551.83333333,41287680
36,19,resource_lifecycle_64_assets_4096_objects,own_local,cycle,10,201966,20196.6,17203200
36,20,weak_lock_live,own_shared,lock,100000,1496613,14.96613,2350000
36,21,independent_owner_parameter,std_shared,call,100000,1659057,16.59057,2350000
36,22,localize_read_drop,own_local,group,100000,1284015,12.84015,2350000
36,23,async_queue_job_1024_borrow_reads,own_shared_then_local_view,job,100,134466,1344.66,2406400
36,24,async_queue_job_64_borrow_reads,std_shared_then_raw_borrow,job,100,67340,673.4,150400
36,25,localize_read_drop,std_shared,group,100000,1482794,14.82794,2350000
36,26,weak_lock_live,std_shared,lock,100000,1675318,16.75318,2350000
36,27,copy_read_drop,own_local,copy,100000,104754,1.04754,2350000
36,28,scene_4096_attachments,own_local,attachment,98304,133355,1.35655721029,98304
36,29,async_queue_job_64_local_copies,own_local,job,100,111349,1113.49,150400
36,30,group_setup_then_1024_copies,own_local,group,97,92363,952.195876289,2334208
36,31,resource_lifecycle_64_assets_4096_objects,std_shared,cycle,10,518843,51884.3,17203200
36,32,share_read_drop,std_shared,handoff,100000,1483451,14.83451,2350000
36,33,async_queue_job_1024_local_copies,std_shared,job,100,2426888,24268.88,2406400
36,34,group_setup_then_1_copies,std_shared,group,100000,3341077,33.41077,2000000
36,35,independent_owner_parameter,own_local,call,100000,112323,1.12323,2350000
36,36,group_setup_then_8_copies,own_local,group,12500,284799,22.78392,2350000
36,37,copy_read_drop,std_shared,copy,100000,1779164,17.79164,2350000
36,38,owner_retained_4096_draw_borrows,std_raw_borrow,frame,24,52225,2176.04166667,41287680
36,39,copy_read_drop,own_shared,copy,100000,1418709,14.18709,2350000
36,40,create_read_destroy,own_shared,asset,100000,1824526,18.24526,65000400000
36,41,async_queue_job_1_local_copies,std_shared,job,100,1275074,12750.74,2000
36,42,group_setup_then_1_copies,own_local,group,100000,1348386,13.48386,2000000
36,43,weak_lock_expired,std_shared,lock,100000,77080,0.7708,0
36,44,async_queue_job_1_borrow_reads,std_shared_then_raw_borrow,job,100,81088,810.88,2000
36,45,async_queue_job_1024_local_copies,own_local,job,100,1020593,10205.93,2406400
36,46,owner_retained_4096_parameter_borrows,own_local_view,frame,24,89690,3737.08333333,41287680
36,47,share_read_drop,own_shared,handoff,100000,1142451,11.42451,2350000
36,48,async_queue_job_64_borrow_reads,own_shared_then_local_view,job,100,87047,870.47,150400
36,49,contended_copy_2_workers,std_shared,copy,200000,14925530,74.62765,4700000
36,50,group_setup_then_64_copies,own_local,group,1562,124807,79.9020486556,2349248
36,51,async_queue_job_64_local_copies,std_shared,job,100,307148,3071.48,150400
36,52,async_queue_job_1024_borrow_reads,std_shared_then_raw_borrow,job,100,304185,3041.85,2406400
36,53,create_read_destroy,own_local,asset,100000,2156233,21.56233,65000400000
36,54,resettable_root_pin_1024_borrow_reads,own_shared_pin_local_view,scope,97,35301,363.927835052,2334208
36,55,async_queue_job_1_local_copies,own_local,job,100,74877,748.77,2000
37,0,owner_retained_4096_draw_borrows,own_local_view,frame,24,70276,2928.16666667,41287680
37,1,resettable_root_pin_1024_borrow_reads,std_shared_pin_raw_borrow,scope,97,35270,363.608247423,2334208
37,2,weak_lock_live,own_shared,lock,100000,1686064,16.86064,2350000
37,3,weak_lock_expired,own_shared,lock,100000,78954,0.78954,0
37,4,frame_4096_draws_64_unique_leases,std_shared,frame,24,102915,4288.125,41287680
37,5,async_queue_job_64_local_copies,own_local,job,100,79139,791.39,150400
37,6,create_read_destroy,std_shared,asset,100000,1326841,13.26841,65000400000
37,7,owner_retained_4096_parameter_borrows,own_local_view,frame,24,82986,3457.75,41287680
37,8,owner_retained_borrow_parameter,own_local_view,call,100000,66960,0.6696,2350000
37,9,share_read_drop,std_shared,handoff,100000,1545120,15.4512,2350000
37,10,copy_read_drop,std_shared,copy,100000,1683233,16.83233,2350000
37,11,frame_4096_draws_64_unique_leases,own_shared,frame,24,92202,3841.75,41287680
37,12,owner_retained_borrow_parameter,std_raw_borrow,call,100000,60060,0.6006,2350000
37,13,async_queue_job_1024_local_copies,std_shared,job,100,2611664,26116.64,2406400
37,14,contended_copy_2_workers,std_shared,copy,200000,14170670,70.85335,4700000
37,15,group_setup_then_1_copies,std_shared,group,100000,3358469,33.58469,2000000
37,16,contended_copy_2_workers,own_shared,copy,200000,12304787,61.523935,4700000
37,17,resource_lifecycle_64_assets_4096_objects,std_shared,cycle,10,544651,54465.1,17203200
37,18,owner_retained_borrow_copy_read,own_local_view,read,100000,30401,0.30401,2350000
37,19,async_queue_job_1024_local_copies,own_local,job,100,984324,9843.24,2406400
37,20,localize_read_drop,std_shared,group,100000,1522739,15.22739,2350000
37,21,async_queue_job_1024_borrow_reads,std_shared_then_raw_borrow,job,100,330786,3307.86,2406400
37,22,async_queue_job_1024_borrow_reads,own_shared_then_local_view,job,100,149490,1494.9,2406400
37,23,weak_lock_live,std_shared,lock,100000,1664783,16.64783,2350000
37,24,scene_4096_attachments,own_local,attachment,98304,150666,1.53265380859,98304
37,25,create_read_destroy,own_shared,asset,100000,1783939,17.83939,65000400000
37,26,async_queue_job_1_local_copies,std_shared,job,100,103421,1034.21,2000
37,27,copy_read_drop,own_shared,copy,100000,1319182,13.19182,2350000
37,28,async_queue_job_64_borrow_reads,own_shared_then_local_view,job,100,81478,814.78,150400
37,29,group_setup_then_64_copies,own_local,group,1562,134976,86.4122919334,2349248
37,30,group_setup_then_64_copies,std_shared,group,1562,1703237,1090.4206146,2349248
37,31,async_queue_job_64_local_copies,std_shared,job,100,541394,5413.94,150400
37,32,owner_retained_borrow_copy_read,std_raw_borrow,read,100000,30610,0.3061,2350000
37,33,independent_owner_parameter,std_shared,call,100000,1655245,16.55245,2350000
37,34,independent_owner_parameter,own_local,call,100000,112565,1.12565,2350000
37,35,group_setup_then_1024_copies,own_local,group,97,92915,957.886597938,2334208
37,36,async_queue_job_1_local_copies,own_local,job,100,75167,751.67,2000
37,37,resource_lifecycle_64_assets_4096_objects,own_local,cycle,10,218139,21813.9,17203200
37,38,copy_read_drop,own_local,copy,100000,105427,1.05427,2350000
37,39,share_read_drop,own_shared,handoff,100000,1135586,11.35586,2350000
37,40,resettable_root_pin_1024_borrow_reads,own_shared_pin_local_view,scope,97,31725,327.06185567,2334208
37,41,scene_4096_attachments,std_shared,attachment,98304,932280,9.48364257812,98304
37,42,async_queue_job_64_borrow_reads,std_shared_then_raw_borrow,job,100,101090,1010.9,150400
37,43,group_setup_then_8_copies,own_local,group,12500,268612,21.48896,2350000
37,44,owner_retained_4096_draw_borrows,std_raw_borrow,frame,24,50945,2122.70833333,41287680
37,45,group_setup_then_1024_copies,std_shared,group,97,1653892,17050.4329897,2334208
37,46,localize_read_drop,own_local,group,100000,1292302,12.92302,2350000
37,47,borrow_read,raw_borrow,read,100000,35303,0.35303,2350000
37,48,async_queue_job_1_borrow_reads,own_shared_then_local_view,job,100,60161,601.61,2000
37,49,owner_retained_4096_parameter_borrows,std_raw_borrow,frame,24,76315,3179.79166667,41287680
37,50,independent_owner_parameter,own_shared,call,100000,1362269,13.62269,2350000
37,51,create_read_destroy,own_local,asset,100000,1925094,19.25094,65000400000
37,52,weak_lock_expired,std_shared,lock,100000,77415,0.77415,0
37,53,group_setup_then_8_copies,std_shared,group,12500,1872444,149.79552,2350000
37,54,group_setup_then_1_copies,own_local,group,100000,1355500,13.555,2000000
37,55,async_queue_job_1_borrow_reads,std_shared_then_raw_borrow,job,100,72234,722.34,2000
38,0,share_read_drop,own_shared,handoff,100000,1131545,11.31545,2350000
38,1,async_queue_job_1024_local_copies,std_shared,job,100,2768229,27682.29,2406400
38,2,weak_lock_live,std_shared,lock,100000,1688383,16.88383,2350000
38,3,async_queue_job_1_borrow_reads,own_shared_then_local_view,job,100,85984,859.84,2000
38,4,resource_lifecycle_64_assets_4096_objects,std_shared,cycle,10,510601,51060.1,17203200
38,5,owner_retained_4096_draw_borrows,std_raw_borrow,frame,24,48210,2008.75,41287680
38,6,weak_lock_expired,std_shared,lock,100000,77005,0.77005,0
38,7,scene_4096_attachments,own_local,attachment,98304,134967,1.37295532227,98304
38,8,resettable_root_pin_1024_borrow_reads,own_shared_pin_local_view,scope,97,31273,322.402061856,2334208
38,9,create_read_destroy,own_shared,asset,100000,1797188,17.97188,65000400000
38,10,copy_read_drop,own_shared,copy,100000,1304369,13.04369,2350000
38,11,resettable_root_pin_1024_borrow_reads,std_shared_pin_raw_borrow,scope,97,31986,329.75257732,2334208
38,12,owner_retained_4096_parameter_borrows,std_raw_borrow,frame,24,76468,3186.16666667,41287680
38,13,independent_owner_parameter,std_shared,call,100000,1703769,17.03769,2350000
38,14,async_queue_job_1024_borrow_reads,std_shared_then_raw_borrow,job,100,283514,2835.14,2406400
38,15,localize_read_drop,own_local,group,100000,1290384,12.90384,2350000
38,16,group_setup_then_1_copies,std_shared,group,100000,4002359,40.02359,2000000
38,17,frame_4096_draws_64_unique_leases,std_shared,frame,24,176369,7348.70833333,41287680
38,18,independent_owner_parameter,own_shared,call,100000,1553911,15.53911,2350000
38,19,group_setup_then_64_copies,own_local,group,1562,203724,130.425096031,2349248
38,20,independent_owner_parameter,own_local,call,100000,235796,2.35796,2350000
38,21,async_queue_job_1_borrow_reads,std_shared_then_raw_borrow,job,100,56114,561.14,2000
38,22,owner_retained_borrow_parameter,own_local_view,call,100000,60290,0.6029,2350000
38,23,async_queue_job_1_local_copies,own_local,job,100,55125,551.25,2000
38,24,async_queue_job_64_local_copies,std_shared,job,100,380781,3807.81,150400
38,25,contended_copy_2_workers,std_shared,copy,200000,12700586,63.50293,4700000
38,26,async_queue_job_64_borrow_reads,own_shared_then_local_view,job,100,75908,759.08,150400
38,27,async_queue_job_1024_borrow_reads,own_shared_then_local_view,job,100,175473,1754.73,2406400
38,28,create_read_destroy,own_local,asset,100000,1937063,19.37063,65000400000
38,29,frame_4096_draws_64_unique_leases,own_shared,frame,24,94116,3921.5,41287680
38,30,owner_retained_borrow_parameter,std_raw_borrow,call,100000,61774,0.61774,2350000
38,31,borrow_read,raw_borrow,read,100000,35420,0.3542,2350000
38,32,async_queue_job_1024_local_copies,own_local,job,100,379243,3792.43,2406400
38,33,copy_read_drop,std_shared,copy,100000,1682591,16.82591,2350000
38,34,share_read_drop,std_shared,handoff,100000,1632066,16.32066,2350000
38,35,scene_4096_attachments,std_shared,attachment,98304,951385,9.67798868815,98304
38,36,resource_lifecycle_64_assets_4096_objects,own_local,cycle,10,213434,21343.4,17203200
38,37,copy_read_drop,own_local,copy,100000,105995,1.05995,2350000
38,38,async_queue_job_1_local_copies,std_shared,job,100,79707,797.07,2000
38,39,owner_retained_4096_parameter_borrows,own_local_view,frame,24,79164,3298.5,41287680
38,40,localize_read_drop,std_shared,group,100000,1517960,15.1796,2350000
38,41,group_setup_then_64_copies,std_shared,group,1562,1684895,1078.67797695,2349248
38,42,group_setup_then_8_copies,own_local,group,12500,276268,22.10144,2350000
38,43,async_queue_job_64_borrow_reads,std_shared_then_raw_borrow,job,100,87982,879.82,150400
38,44,async_queue_job_64_local_copies,own_local,job,100,129598,1295.98,150400
38,45,weak_lock_expired,own_shared,lock,100000,68892,0.68892,0
38,46,create_read_destroy,std_shared,asset,100000,1254992,12.54992,65000400000
38,47,group_setup_then_1024_copies,own_local,group,97,87900,906.18556701,2334208
38,48,owner_retained_4096_draw_borrows,own_local_view,frame,24,49491,2062.125,41287680
38,49,weak_lock_live,own_shared,lock,100000,1494567,14.94567,2350000
38,50,contended_copy_2_workers,own_shared,copy,200000,10489147,52.445735,4700000
38,51,group_setup_then_1024_copies,std_shared,group,97,1699036,17515.8350515,2334208
38,52,group_setup_then_8_copies,std_shared,group,12500,1889561,151.16488,2350000
38,53,group_setup_then_1_copies,own_local,group,100000,1382069,13.82069,2000000
38,54,owner_retained_borrow_copy_read,std_raw_borrow,read,100000,30391,0.30391,2350000
38,55,owner_retained_borrow_copy_read,own_local_view,read,100000,30986,0.30986,2350000
39,0,group_setup_then_1024_copies,std_shared,group,97,1662505,17139.2268041,2334208
39,1,scene_4096_attachments,std_shared,attachment,98304,972587,9.89366658529,98304
39,2,scene_4096_attachments,own_local,attachment,98304,135572,1.37910970052,98304
39,3,owner_retained_4096_draw_borrows,own_local_view,frame,24,50973,2123.875,41287680
39,4,owner_retained_borrow_copy_read,std_raw_borrow,read,100000,29978,0.29978,2350000
39,5,resource_lifecycle_64_assets_4096_objects,own_local,cycle,10,208562,20856.2,17203200
39,6,independent_owner_parameter,std_shared,call,100000,1680066,16.80066,2350000
39,7,async_queue_job_1_borrow_reads,std_shared_then_raw_borrow,job,100,81647,816.47,2000
39,8,owner_retained_borrow_parameter,std_raw_borrow,call,100000,64358,0.64358,2350000
39,9,group_setup_then_1_copies,std_shared,group,100000,3470040,34.7004,2000000
39,10,group_setup_then_1_copies,own_local,group,100000,1371176,13.71176,2000000
39,11,create_read_destroy,own_local,asset,100000,3932831,39.32831,65000400000
39,12,resource_lifecycle_64_assets_4096_objects,std_shared,cycle,10,557614,55761.4,17203200
39,13,contended_copy_2_workers,std_shared,copy,200000,13528221,67.641105,4700000
39,14,contended_copy_2_workers,own_shared,copy,200000,9661092,48.30546,4700000
39,15,async_queue_job_1024_local_copies,std_shared,job,100,4406425,44064.25,2406400
39,16,async_queue_job_1_local_copies,std_shared,job,100,102933,1029.33,2000
39,17,group_setup_then_8_copies,std_shared,group,12500,1900689,152.05512,2350000
39,18,weak_lock_expired,std_shared,lock,100000,126821,1.26821,0
39,19,independent_owner_parameter,own_local,call,100000,192644,1.92644,2350000
39,20,share_read_drop,std_shared,handoff,100000,1884762,18.84762,2350000
39,21,localize_read_drop,std_shared,group,100000,1834751,18.34751,2350000
39,22,owner_retained_4096_parameter_borrows,own_local_view,frame,24,125322,5221.75,41287680
39,23,copy_read_drop,std_shared,copy,100000,1639991,16.39991,2350000
39,24,weak_lock_live,own_shared,lock,100000,1836527,18.36527,2350000
39,25,copy_read_drop,own_local,copy,100000,163510,1.6351,2350000
39,26,localize_read_drop,own_local,group,100000,1644431,16.44431,2350000
39,27,owner_retained_borrow_copy_read,own_local_view,read,100000,31901,0.31901,2350000
39,28,async_queue_job_1_borrow_reads,own_shared_then_local_view,job,100,75262,752.62,2000
39,29,async_queue_job_64_local_copies,std_shared,job,100,269698,2696.98,150400
39,30,weak_lock_expired,own_shared,lock,100000,68819,0.68819,0
39,31,group_setup_then_8_copies,own_local,group,12500,280602,22.44816,2350000
39,32,copy_read_drop,own_shared,copy,100000,1327649,13.27649,2350000
39,33,async_queue_job_1024_local_copies,own_local,job,100,317856,3178.56,2406400
39,34,create_read_destroy,own_shared,asset,100000,1773740,17.7374,65000400000
39,35,resettable_root_pin_1024_borrow_reads,own_shared_pin_local_view,scope,97,31731,327.12371134,2334208
39,36,async_queue_job_1024_borrow_reads,std_shared_then_raw_borrow,job,100,200885,2008.85,2406400
39,37,async_queue_job_64_borrow_reads,std_shared_then_raw_borrow,job,100,63636,636.36,150400
39,38,async_queue_job_64_local_copies,own_local,job,100,116076,1160.76,150400
39,39,frame_4096_draws_64_unique_leases,own_shared,frame,24,95523,3980.125,41287680
39,40,group_setup_then_1024_copies,own_local,group,97,99657,1027.39175258,2334208
39,41,independent_owner_parameter,own_shared,call,100000,1322546,13.22546,2350000
39,42,borrow_read,raw_borrow,read,100000,35579,0.35579,2350000
39,43,owner_retained_4096_draw_borrows,std_raw_borrow,frame,24,51694,2153.91666667,41287680
39,44,async_queue_job_64_borrow_reads,own_shared_then_local_view,job,100,68759,687.59,150400
39,45,async_queue_job_1024_borrow_reads,own_shared_then_local_view,job,100,124443,1244.43,2406400
39,46,frame_4096_draws_64_unique_leases,std_shared,frame,24,90989,3791.20833333,41287680
39,47,group_setup_then_64_copies,std_shared,group,1562,1703161,1090.37195903,2349248
39,48,resettable_root_pin_1024_borrow_reads,std_shared_pin_raw_borrow,scope,97,31373,323.432989691,2334208
39,49,create_read_destroy,std_shared,asset,100000,1234131,12.34131,65000400000
39,50,owner_retained_4096_parameter_borrows,std_raw_borrow,frame,24,78490,3270.41666667,41287680
39,51,share_read_drop,own_shared,handoff,100000,1154182,11.54182,2350000
39,52,owner_retained_borrow_parameter,own_local_view,call,100000,60112,0.60112,2350000
39,53,weak_lock_live,std_shared,lock,100000,1682393,16.82393,2350000
39,54,group_setup_then_64_copies,own_local,group,1562,164615,105.387323944,2349248
39,55,async_queue_job_1_local_copies,own_local,job,100,86335,863.35,2000
40,0,share_read_drop,own_shared,handoff,100000,1624690,16.2469,2350000
40,1,group_setup_then_1_copies,own_local,group,100000,1837651,18.37651,2000000
40,2,independent_owner_parameter,own_local,call,100000,251468,2.51468,2350000
40,3,group_setup_then_1_copies,std_shared,group,100000,3402615,34.02615,2000000
40,4,create_read_destroy,own_shared,asset,100000,2557445,25.57445,65000400000
40,5,owner_retained_borrow_parameter,own_local_view,call,100000,128963,1.28963,2350000
40,6,scene_4096_attachments,own_local,attachment,98304,250720,2.55045572917,98304
40,7,owner_retained_4096_draw_borrows,own_local_view,frame,24,104038,4334.91666667,41287680
40,8,weak_lock_expired,std_shared,lock,100000,152966,1.52966,0
40,9,copy_read_drop,std_shared,copy,100000,1602407,16.02407,2350000
40,10,weak_lock_live,std_shared,lock,100000,2056270,20.5627,2350000
40,11,weak_lock_live,own_shared,lock,100000,1786185,17.86185,2350000
40,12,group_setup_then_64_copies,own_local,group,1562,187080,119.769526248,2349248
40,13,async_queue_job_1_borrow_reads,own_shared_then_local_view,job,100,114331,1143.31,2000
40,14,async_queue_job_1024_borrow_reads,std_shared_then_raw_borrow,job,100,208732,2087.32,2406400
40,15,group_setup_then_64_copies,std_shared,group,1562,1663394,1064.91293214,2349248
40,16,resource_lifecycle_64_assets_4096_objects,own_local,cycle,10,365398,36539.8,17203200
40,17,async_queue_job_1024_borrow_reads,own_shared_then_local_view,job,100,175991,1759.91,2406400
40,18,localize_read_drop,own_local,group,100000,1643617,16.43617,2350000
40,19,async_queue_job_1_local_copies,own_local,job,100,65092,650.92,2000
40,20,owner_retained_borrow_parameter,std_raw_borrow,call,100000,120411,1.20411,2350000
40,21,independent_owner_parameter,std_shared,call,100000,1605104,16.05104,2350000
40,22,async_queue_job_1024_local_copies,own_local,job,100,322607,3226.07,2406400
40,23,share_read_drop,std_shared,handoff,100000,1876150,18.7615,2350000
40,24,frame_4096_draws_64_unique_leases,own_shared,frame,24,149790,6241.25,41287680
40,25,group_setup_then_8_copies,std_shared,group,12500,1856984,148.55872,2350000
40,26,resource_lifecycle_64_assets_4096_objects,std_shared,cycle,10,683821,68382.1,17203200
40,27,async_queue_job_64_borrow_reads,std_shared_then_raw_borrow,job,100,147081,1470.81,150400
40,28,scene_4096_attachments,std_shared,attachment,98304,1226440,12.4759928385,98304
40,29,group_setup_then_8_copies,own_local,group,12500,366151,29.29208,2350000
40,30,create_read_destroy,own_local,asset,100000,2628072,26.28072,65000400000
40,31,owner_retained_borrow_copy_read,own_local_view,read,100000,49296,0.49296,2350000
40,32,owner_retained_4096_parameter_borrows,own_local_view,frame,24,126420,5267.5,41287680
40,33,independent_owner_parameter,own_shared,call,100000,1655520,16.5552,2350000
40,34,resettable_root_pin_1024_borrow_reads,own_shared_pin_local_view,scope,97,48886,503.979381443,2334208
40,35,copy_read_drop,own_shared,copy,100000,1594023,15.94023,2350000
40,36,create_read_destroy,std_shared,asset,100000,1808146,18.08146,65000400000
40,37,copy_read_drop,own_local,copy,100000,168135,1.68135,2350000
40,38,async_queue_job_1024_local_copies,std_shared,job,100,2588372,25883.72,2406400
40,39,owner_retained_4096_draw_borrows,std_raw_borrow,frame,24,67958,2831.58333333,41287680
40,40,contended_copy_2_workers,std_shared,copy,200000,11767717,58.838585,4700000
40,41,group_setup_then_1024_copies,std_shared,group,97,1641184,16919.4226804,2334208
40,42,owner_retained_4096_parameter_borrows,std_raw_borrow,frame,24,146555,6106.45833333,41287680
40,43,localize_read_drop,std_shared,group,100000,1776930,17.7693,2350000
40,44,frame_4096_draws_64_unique_leases,std_shared,frame,24,149571,6232.125,41287680
40,45,group_setup_then_1024_copies,own_local,group,97,197072,2031.67010309,2334208
40,46,async_queue_job_64_borrow_reads,own_shared_then_local_view,job,100,73188,731.88,150400
40,47,async_queue_job_1_local_copies,std_shared,job,100,85532,855.32,2000
40,48,async_queue_job_1_borrow_reads,std_shared_then_raw_borrow,job,100,65842,658.42,2000
40,49,borrow_read,raw_borrow,read,100000,68549,0.68549,2350000
40,50,async_queue_job_64_local_copies,std_shared,job,100,280126,2801.26,150400
40,51,resettable_root_pin_1024_borrow_reads,std_shared_pin_raw_borrow,scope,97,69575,717.268041237,2334208
40,52,async_queue_job_64_local_copies,own_local,job,100,66924,669.24,150400
40,53,weak_lock_expired,own_shared,lock,100000,166520,1.6652,0
40,54,owner_retained_borrow_copy_read,std_raw_borrow,read,100000,61085,0.61085,2350000
40,55,contended_copy_2_workers,own_shared,copy,200000,12032189,60.160945,4700000
41,0,independent_owner_parameter,own_shared,call,100000,1683446,16.83446,2350000
41,1,create_read_destroy,own_local,asset,100000,2151605,21.51605,65000400000
41,2,group_setup_then_1_copies,std_shared,group,100000,3492621,34.92621,2000000
41,3,group_setup_then_1024_copies,std_shared,group,97,1690658,17429.4639175,2334208
41,4,copy_read_drop,own_local,copy,100000,160930,1.6093,2350000
41,5,independent_owner_parameter,own_local,call,100000,185882,1.85882,2350000
41,6,owner_retained_borrow_parameter,own_local_view,call,100000,97338,0.97338,2350000
41,7,owner_retained_borrow_copy_read,std_raw_borrow,read,100000,43127,0.43127,2350000
41,8,async_queue_job_1024_local_copies,std_shared,job,100,2617277,26172.77,2406400
41,9,weak_lock_expired,std_shared,lock,100000,118631,1.18631,0
41,10,async_queue_job_1_borrow_reads,own_shared_then_local_view,job,100,94487,944.87,2000
41,11,resettable_root_pin_1024_borrow_reads,own_shared_pin_local_view,scope,97,54209,558.855670103,2334208
41,12,async_queue_job_64_local_copies,own_local,job,100,74454,744.54,150400
41,13,frame_4096_draws_64_unique_leases,own_shared,frame,24,135656,5652.33333333,41287680
41,14,scene_4096_attachments,std_shared,attachment,98304,1198415,12.1909077962,98304
41,15,contended_copy_2_workers,std_shared,copy,200000,7811526,39.05763,4700000
41,16,async_queue_job_64_borrow_reads,std_shared_then_raw_borrow,job,100,76549,765.49,150400
41,17,independent_owner_parameter,std_shared,call,100000,1621271,16.21271,2350000
41,18,async_queue_job_1_borrow_reads,std_shared_then_raw_borrow,job,100,122183,1221.83,2000
41,19,weak_lock_live,own_shared,lock,100000,1757896,17.57896,2350000
41,20,weak_lock_expired,own_shared,lock,100000,108600,1.086,0
41,21,owner_retained_4096_draw_borrows,own_local_view,frame,24,87226,3634.41666667,41287680
41,22,share_read_drop,own_shared,handoff,100000,1438003,14.38003,2350000
41,23,owner_retained_borrow_parameter,std_raw_borrow,call,100000,102457,1.02457,2350000
41,24,group_setup_then_1024_copies,own_local,group,97,166467,1716.15463918,2334208
41,25,contended_copy_2_workers,own_shared,copy,200000,11674193,58.370965,4700000
41,26,group_setup_then_64_copies,std_shared,group,1562,1680961,1076.15941101,2349248
41,27,weak_lock_live,std_shared,lock,100000,2059031,20.59031,2350000
41,28,async_queue_job_1_local_copies,own_local,job,100,88034,880.34,2000
41,29,async_queue_job_1024_borrow_reads,own_shared_then_local_view,job,100,146959,1469.59,2406400
41,30,create_read_destroy,std_shared,asset,100000,1876652,18.76652,65000400000
41,31,frame_4096_draws_64_unique_leases,std_shared,frame,24,117279,4886.625,41287680
41,32,group_setup_then_8_copies,std_shared,group,12500,1875923,150.07384,2350000
41,33,owner_retained_4096_draw_borrows,std_raw_borrow,frame,24,96522,4021.75,41287680
41,34,borrow_read,raw_borrow,read,100000,60158,0.60158,2350000
41,35,owner_retained_4096_parameter_borrows,own_local_view,frame,24,140064,5836,41287680
41,36,group_setup_then_8_copies,own_local,group,12500,408903,32.71224,2350000
41,37,localize_read_drop,std_shared,group,100000,1601881,16.01881,2350000
41,38,async_queue_job_1024_borrow_reads,std_shared_then_raw_borrow,job,100,106799,1067.99,2406400
41,39,async_queue_job_1024_local_copies,own_local,job,100,362633,3626.33,2406400
41,40,async_queue_job_64_local_copies,std_shared,job,100,323566,3235.66,150400
41,41,localize_read_drop,own_local,group,100000,1274896,12.74896,2350000
41,42,group_setup_then_64_copies,own_local,group,1562,112448,71.9897567222,2349248
41,43,create_read_destroy,own_shared,asset,100000,1785746,17.85746,65000400000
41,44,owner_retained_borrow_copy_read,own_local_view,read,100000,32298,0.32298,2350000
41,45,scene_4096_attachments,own_local,attachment,98304,137293,1.39661661784,98304
41,46,copy_read_drop,std_shared,copy,100000,1641040,16.4104,2350000
41,47,async_queue_job_64_borrow_reads,own_shared_then_local_view,job,100,65381,653.81,150400
41,48,resource_lifecycle_64_assets_4096_objects,std_shared,cycle,10,537118,53711.8,17203200
41,49,resettable_root_pin_1024_borrow_reads,std_shared_pin_raw_borrow,scope,97,32024,330.144329897,2334208
41,50,resource_lifecycle_64_assets_4096_objects,own_local,cycle,10,207893,20789.3,17203200
41,51,copy_read_drop,own_shared,copy,100000,1317542,13.17542,2350000
41,52,async_queue_job_1_local_copies,std_shared,job,100,60891,608.91,2000
41,53,share_read_drop,std_shared,handoff,100000,1458960,14.5896,2350000
41,54,owner_retained_4096_parameter_borrows,std_raw_borrow,frame,24,92148,3839.5,41287680
41,55,group_setup_then_1_copies,own_local,group,100000,1362920,13.6292,2000000
42,0,share_read_drop,std_shared,handoff,100000,1459466,14.59466,2350000
42,1,weak_lock_live,std_shared,lock,100000,1731127,17.31127,2350000
42,2,create_read_destroy,own_shared,asset,100000,1785370,17.8537,65000400000
42,3,owner_retained_4096_parameter_borrows,std_raw_borrow,frame,24,76191,3174.625,41287680
42,4,group_setup_then_1024_copies,own_local,group,97,92638,955.030927835,2334208
42,5,group_setup_then_1_copies,std_shared,group,100000,3384278,33.84278,2000000
42,6,async_queue_job_64_borrow_reads,own_shared_then_local_view,job,100,91110,911.1,150400
42,7,weak_lock_expired,std_shared,lock,100000,77264,0.77264,0
42,8,independent_owner_parameter,std_shared,call,100000,1652403,16.52403,2350000
42,9,group_setup_then_8_copies,own_local,group,12500,278050,22.244,2350000
42,10,group_setup_then_8_copies,std_shared,group,12500,1876964,150.15712,2350000
42,11,contended_copy_2_workers,own_shared,copy,200000,10975330,54.87665,4700000
42,12,group_setup_then_64_copies,own_local,group,1562,144050,92.2215108835,2349248
42,13,async_queue_job_64_borrow_reads,std_shared_then_raw_borrow,job,100,57340,573.4,150400
42,14,resource_lifecycle_64_assets_4096_objects,own_local,cycle,10,209008,20900.8,17203200
42,15,async_queue_job_1024_local_copies,std_shared,job,100,2668686,26686.86,2406400
42,16,resettable_root_pin_1024_borrow_reads,own_shared_pin_local_view,scope,97,73277,755.432989691,2334208
42,17,frame_4096_draws_64_unique_leases,std_shared,frame,24,94497,3937.375,41287680
42,18,scene_4096_attachments,std_shared,attachment,98304,952665,9.69100952148,98304
42,19,owner_retained_4096_draw_borrows,std_raw_borrow,frame,24,54600,2275,41287680
42,20,contended_copy_2_workers,std_shared,copy,200000,13045469,65.227345,4700000
42,21,independent_owner_parameter,own_shared,call,100000,1300554,13.00554,2350000
42,22,async_queue_job_1_borrow_reads,std_shared_then_raw_borrow,job,100,73780,737.8,2000
42,23,resettable_root_pin_1024_borrow_reads,std_shared_pin_raw_borrow,scope,97,36089,372.051546392,2334208
42,24,async_queue_job_1024_borrow_reads,std_shared_then_raw_borrow,job,100,96191,961.91,2406400
42,25,group_setup_then_1_copies,own_local,group,100000,1394303,13.94303,2000000
42,26,frame_4096_draws_64_unique_leases,own_shared,frame,24,91903,3829.29166667,41287680
42,27,weak_lock_live,own_shared,lock,100000,1495766,14.95766,2350000
42,28,create_read_destroy,own_local,asset,100000,1903977,19.03977,65000400000
42,29,async_queue_job_1024_local_copies,own_local,job,100,429223,4292.23,2406400
42,30,owner_retained_borrow_copy_read,own_local_view,read,100000,30587,0.30587,2350000
42,31,owner_retained_borrow_parameter,std_raw_borrow,call,100000,64365,0.64365,2350000
42,32,owner_retained_4096_parameter_borrows,own_local_view,frame,24,79247,3301.95833333,41287680
42,33,owner_retained_borrow_copy_read,std_raw_borrow,read,100000,30120,0.3012,2350000
42,34,localize_read_drop,own_local,group,100000,1708564,17.08564,2350000
42,35,async_queue_job_1_borrow_reads,own_shared_then_local_view,job,100,74572,745.72,2000
42,36,scene_4096_attachments,own_local,attachment,98304,633279,6.44204711914,98304
42,37,group_setup_then_64_copies,std_shared,group,1562,3600908,2305.31882202,2349248
42,38,share_read_drop,own_shared,handoff,100000,1121703,11.21703,2350000
42,39,async_queue_job_64_local_copies,own_local,job,100,83533,835.33,150400
42,40,async_queue_job_1024_borrow_reads,own_shared_then_local_view,job,100,206895,2068.95,2406400
42,41,async_queue_job_1_local_copies,std_shared,job,100,56099,560.99,2000
42,42,borrow_read,raw_borrow,read,100000,35703,0.35703,2350000
42,43,create_read_destroy,std_shared,asset,100000,1214208,12.14208,65000400000
42,44,weak_lock_expired,own_shared,lock,100000,68793,0.68793,0
42,45,copy_read_drop,own_shared,copy,100000,1302313,13.02313,2350000
42,46,localize_read_drop,std_shared,group,100000,1473531,14.73531,2350000
42,47,async_queue_job_1_local_copies,own_local,job,100,66280,662.8,2000
42,48,owner_retained_borrow_parameter,own_local_view,call,100000,73976,0.73976,2350000
42,49,group_setup_then_1024_copies,std_shared,group,97,1641749,16925.2474227,2334208
42,50,copy_read_drop,own_local,copy,100000,110657,1.10657,2350000
42,51,copy_read_drop,std_shared,copy,100000,1644364,16.44364,2350000
42,52,resource_lifecycle_64_assets_4096_objects,std_shared,cycle,10,553127,55312.7,17203200
42,53,async_queue_job_64_local_copies,std_shared,job,100,344490,3444.9,150400
42,54,independent_owner_parameter,own_local,call,100000,112494,1.12494,2350000
42,55,owner_retained_4096_draw_borrows,own_local_view,frame,24,51953,2164.70833333,41287680
43,0,copy_read_drop,std_shared,copy,100000,1654490,16.5449,2350000
43,1,owner_retained_4096_draw_borrows,own_local_view,frame,24,47014,1958.91666667,41287680
43,2,resettable_root_pin_1024_borrow_reads,std_shared_pin_raw_borrow,scope,97,31896,328.824742268,2334208
43,3,share_read_drop,std_shared,handoff,100000,1484539,14.84539,2350000
43,4,async_queue_job_1024_local_copies,std_shared,job,100,2458141,24581.41,2406400
43,5,async_queue_job_64_local_copies,std_shared,job,100,305069,3050.69,150400
43,6,weak_lock_live,std_shared,lock,100000,1686606,16.86606,2350000
43,7,owner_retained_borrow_copy_read,std_raw_borrow,read,100000,30071,0.30071,2350000
43,8,contended_copy_2_workers,own_shared,copy,200000,11683928,58.41964,4700000
43,9,localize_read_drop,own_local,group,100000,1363982,13.63982,2350000
43,10,resource_lifecycle_64_assets_4096_objects,std_shared,cycle,10,521839,52183.9,17203200
43,11,async_queue_job_64_borrow_reads,own_shared_then_local_view,job,100,43443,434.43,150400
43,12,owner_retained_4096_parameter_borrows,std_raw_borrow,frame,24,92984,3874.33333333,41287680
43,13,group_setup_then_1_copies,std_shared,group,100000,3486340,34.8634,2000000
43,14,group_setup_then_1024_copies,std_shared,group,97,1660413,17117.6597938,2334208
43,15,weak_lock_expired,own_shared,lock,100000,68859,0.68859,0
43,16,async_queue_job_1024_borrow_reads,std_shared_then_raw_borrow,job,100,145941,1459.41,2406400
43,17,create_read_destroy,std_shared,asset,100000,1252553,12.52553,65000400000
43,18,resettable_root_pin_1024_borrow_reads,own_shared_pin_local_view,scope,97,31596,325.731958763,2334208
43,19,group_setup_then_64_copies,own_local,group,1562,111308,71.2599231754,2349248
43,20,scene_4096_attachments,own_local,attachment,98304,137392,1.39762369792,98304
43,21,weak_lock_expired,std_shared,lock,100000,88385,0.88385,0
43,22,async_queue_job_1_local_copies,own_local,job,100,70329,703.29,2000
43,23,resource_lifecycle_64_assets_4096_objects,own_local,cycle,10,202732,20273.2,17203200
43,24,owner_retained_borrow_copy_read,own_local_view,read,100000,32363,0.32363,2350000
43,25,copy_read_drop,own_shared,copy,100000,1296121,12.96121,2350000
43,26,create_read_destroy,own_local,asset,100000,1910689,19.10689,65000400000
43,27,async_queue_job_1024_local_copies,own_local,job,100,345708,3457.08,2406400
43,28,weak_lock_live,own_shared,lock,100000,1489157,14.89157,2350000
43,29,async_queue_job_1_borrow_reads,std_shared_then_raw_borrow,job,100,64696,646.96,2000
43,30,owner_retained_4096_draw_borrows,std_raw_borrow,frame,24,49551,2064.625,41287680
43,31,independent_owner_parameter,own_local,call,100000,112145,1.12145,2350000
43,32,group_setup_then_8_copies,std_shared,group,12500,3793887,303.51096,2350000
43,33,async_queue_job_1_borrow_reads,own_shared_then_local_view,job,100,88104,881.04,2000
43,34,async_queue_job_1024_borrow_reads,own_shared_then_local_view,job,100,157738,1577.38,2406400
43,35,async_queue_job_64_local_copies,own_local,job,100,93310,933.1,150400
43,36,owner_retained_4096_parameter_borrows,own_local_view,frame,24,254281,10595.0416667,41287680
43,37,contended_copy_2_workers,std_shared,copy,200000,13166350,65.83175,4700000
43,38,frame_4096_draws_64_unique_leases,std_shared,frame,24,94210,3925.41666667,41287680
43,39,borrow_read,raw_borrow,read,100000,41767,0.41767,2350000
43,40,group_setup_then_1_copies,own_local,group,100000,1365992,13.65992,2000000
43,41,owner_retained_borrow_parameter,std_raw_borrow,call,100000,64404,0.64404,2350000
43,42,group_setup_then_1024_copies,own_local,group,97,90802,936.103092784,2334208
43,43,group_setup_then_64_copies,std_shared,group,1562,1693909,1084.44878361,2349248
43,44,async_queue_job_64_borrow_reads,std_shared_then_raw_borrow,job,100,75227,752.27,150400
43,45,copy_read_drop,own_local,copy,100000,125181,1.25181,2350000
43,46,create_read_destroy,own_shared,asset,100000,1798091,17.98091,65000400000
43,47,owner_retained_borrow_parameter,own_local_view,call,100000,68973,0.68973,2350000
43,48,share_read_drop,own_shared,handoff,100000,1141050,11.4105,2350000
43,49,async_queue_job_1_local_copies,std_shared,job,100,62330,623.3,2000
43,50,localize_read_drop,std_shared,group,100000,1507067,15.07067,2350000
43,51,scene_4096_attachments,std_shared,attachment,98304,941160,9.57397460938,98304
43,52,independent_owner_parameter,own_shared,call,100000,1316315,13.16315,2350000
43,53,frame_4096_draws_64_unique_leases,own_shared,frame,24,94204,3925.16666667,41287680
43,54,group_setup_then_8_copies,own_local,group,12500,267843,21.42744,2350000
43,55,independent_owner_parameter,std_shared,call,100000,1656421,16.56421,2350000
44,0,resource_lifecycle_64_assets_4096_objects,std_shared,cycle,10,537101,53710.1,17203200
44,1,create_read_destroy,own_shared,asset,100000,1833201,18.33201,65000400000
44,2,resettable_root_pin_1024_borrow_reads,std_shared_pin_raw_borrow,scope,97,31790,327.731958763,2334208
44,3,owner_retained_borrow_copy_read,own_local_view,read,100000,30386,0.30386,2350000
44,4,independent_owner_parameter,std_shared,call,100000,1658458,16.58458,2350000
44,5,resettable_root_pin_1024_borrow_reads,own_shared_pin_local_view,scope,97,31202,321.670103093,2334208
44,6,owner_retained_borrow_copy_read,std_raw_borrow,read,100000,30207,0.30207,2350000
44,7,weak_lock_expired,own_shared,lock,100000,71141,0.71141,0
44,8,owner_retained_4096_parameter_borrows,std_raw_borrow,frame,24,93787,3907.79166667,41287680
44,9,independent_owner_parameter,own_local,call,100000,112777,1.12777,2350000
44,10,async_queue_job_64_borrow_reads,std_shared_then_raw_borrow,job,100,86714,867.14,150400
44,11,localize_read_drop,own_local,group,100000,1289175,12.89175,2350000
44,12,resource_lifecycle_64_assets_4096_objects,own_local,cycle,10,201545,20154.5,17203200
44,13,owner_retained_4096_draw_borrows,std_raw_borrow,frame,24,47254,1968.91666667,41287680
44,14,group_setup_then_1024_copies,own_local,group,97,86870,895.567010309,2334208
44,15,independent_owner_parameter,own_shared,call,100000,1345952,13.45952,2350000
44,16,copy_read_drop,own_shared,copy,100000,1309554,13.09554,2350000
44,17,async_queue_job_1_borrow_reads,std_shared_then_raw_borrow,job,100,75005,750.05,2000
44,18,create_read_destroy,own_local,asset,100000,1909328,19.09328,65000400000
44,19,async_queue_job_1024_borrow_reads,std_shared_then_raw_borrow,job,100,132260,1322.6,2406400
44,20,share_read_drop,std_shared,handoff,100000,1491425,14.91425,2350000
44,21,async_queue_job_64_local_copies,std_shared,job,100,321794,3217.94,150400
44,22,async_queue_job_64_local_copies,own_local,job,100,81362,813.62,150400
44,23,copy_read_drop,std_shared,copy,100000,1656230,16.5623,2350000
44,24,weak_lock_live,std_shared,lock,100000,1692879,16.92879,2350000
44,25,localize_read_drop,std_shared,group,100000,1476138,14.76138,2350000
44,26,async_queue_job_1_local_copies,own_local,job,100,80052,800.52,2000
44,27,owner_retained_borrow_parameter,own_local_view,call,100000,66460,0.6646,2350000
44,28,async_queue_job_64_borrow_reads,own_shared_then_local_view,job,100,64685,646.85,150400
44,29,owner_retained_borrow_parameter,std_raw_borrow,call,100000,64179,0.64179,2350000
44,30,contended_copy_2_workers,own_shared,copy,200000,12082854,60.41427,4700000
44,31,group_setup_then_1_copies,own_local,group,100000,1409507,14.09507,2000000
44,32,async_queue_job_1024_local_copies,std_shared,job,100,2646699,26466.99,2406400
44,33,copy_read_drop,own_local,copy,100000,118396,1.18396,2350000
44,34,frame_4096_draws_64_unique_leases,own_shared,frame,24,105776,4407.33333333,41287680
44,35,owner_retained_4096_draw_borrows,own_local_view,frame,24,50712,2113,41287680
44,36,group_setup_then_64_copies,std_shared,group,1562,1701061,1089.02752881,2349248
44,37,group_setup_then_1_copies,std_shared,group,100000,3358926,33.58926,2000000
44,38,share_read_drop,own_shared,handoff,100000,1120721,11.20721,2350000
44,39,group_setup_then_8_copies,std_shared,group,12500,1871385,149.7108,2350000
44,40,borrow_read,raw_borrow,read,100000,35103,0.35103,2350000
44,41,scene_4096_attachments,std_shared,attachment,98304,983448,10.0041503906,98304
44,42,create_read_destroy,std_shared,asset,100000,1212215,12.12215,65000400000
44,43,group_setup_then_64_copies,own_local,group,1562,131375,84.1069142125,2349248
44,44,async_queue_job_1024_local_copies,own_local,job,100,481143,4811.43,2406400
44,45,async_queue_job_1_local_copies,std_shared,job,100,77661,776.61,2000
44,46,weak_lock_expired,std_shared,lock,100000,77255,0.77255,0
44,47,frame_4096_draws_64_unique_leases,std_shared,frame,24,84378,3515.75,41287680
44,48,async_queue_job_1024_borrow_reads,own_shared_then_local_view,job,100,131050,1310.5,2406400
44,49,group_setup_then_1024_copies,std_shared,group,97,1680474,17324.4742268,2334208
44,50,group_setup_then_8_copies,own_local,group,12500,224997,17.99976,2350000
44,51,owner_retained_4096_parameter_borrows,own_local_view,frame,24,78988,3291.16666667,41287680
44,52,scene_4096_attachments,own_local,attachment,98304,133015,1.35309855143,98304
44,53,contended_copy_2_workers,std_shared,copy,200000,13292655,66.463275,4700000
44,54,async_queue_job_1_borrow_reads,own_shared_then_local_view,job,100,67835,678.35,2000
44,55,weak_lock_live,own_shared,lock,100000,1519590,15.1959,2350000
45,0,create_read_destroy,std_shared,asset,100000,1222680,12.2268,65000400000
45,1,async_queue_job_64_borrow_reads,own_shared_then_local_view,job,100,67866,678.66,150400
45,2,group_setup_then_1_copies,own_local,group,100000,1374887,13.74887,2000000
45,3,group_setup_then_64_copies,std_shared,group,1562,1704372,1091.14724712,2349248
45,4,copy_read_drop,own_local,copy,100000,104997,1.04997,2350000
45,5,resource_lifecycle_64_assets_4096_objects,std_shared,cycle,10,543973,54397.3,17203200
45,6,create_read_destroy,own_local,asset,100000,1905458,19.05458,65000400000
45,7,independent_owner_parameter,own_local,call,100000,113542,1.13542,2350000
45,8,contended_copy_2_workers,own_shared,copy,200000,11645910,58.22955,4700000
45,9,group_setup_then_1024_copies,std_shared,group,97,1776591,18315.371134,2334208
45,10,resettable_root_pin_1024_borrow_reads,own_shared_pin_local_view,scope,97,59478,613.175257732,2334208
45,11,weak_lock_live,std_shared,lock,100000,1998966,19.98966,2350000
45,12,share_read_drop,std_shared,handoff,100000,1858134,18.58134,2350000
45,13,group_setup_then_8_copies,own_local,group,12500,357016,28.56128,2350000
45,14,create_read_destroy,own_shared,asset,100000,2460644,24.60644,65000400000
45,15,copy_read_drop,own_shared,copy,100000,1646508,16.46508,2350000
45,16,frame_4096_draws_64_unique_leases,std_shared,frame,24,150073,6253.04166667,41287680
45,17,share_read_drop,own_shared,handoff,100000,1448941,14.48941,2350000
45,18,group_setup_then_8_copies,std_shared,group,12500,1895574,151.64592,2350000
45,19,async_queue_job_1_local_copies,std_shared,job,100,77476,774.76,2000
45,20,owner_retained_borrow_copy_read,std_raw_borrow,read,100000,63878,0.63878,2350000
45,21,owner_retained_borrow_parameter,own_local_view,call,100000,87693,0.87693,2350000
45,22,async_queue_job_64_local_copies,own_local,job,100,75423,754.23,150400
45,23,independent_owner_parameter,std_shared,call,100000,1745343,17.45343,2350000
45,24,async_queue_job_1024_borrow_reads,std_shared_then_raw_borrow,job,100,123613,1236.13,2406400
45,25,scene_4096_attachments,std_shared,attachment,98304,1146155,11.6592915853,98304
45,26,localize_read_drop,own_local,group,100000,1536214,15.36214,2350000
45,27,async_queue_job_1_borrow_reads,std_shared_then_raw_borrow,job,100,50979,509.79,2000
45,28,weak_lock_live,own_shared,lock,100000,1717741,17.17741,2350000
45,29,resource_lifecycle_64_assets_4096_objects,own_local,cycle,10,299830,29983,17203200
45,30,weak_lock_expired,std_shared,lock,100000,151438,1.51438,0
45,31,owner_retained_4096_draw_borrows,own_local_view,frame,24,83247,3468.625,41287680
45,32,async_queue_job_64_local_copies,std_shared,job,100,245278,2452.78,150400
45,33,contended_copy_2_workers,std_shared,copy,200000,12462069,62.310345,4700000
45,34,async_queue_job_1_local_copies,own_local,job,100,54242,542.42,2000
45,35,independent_owner_parameter,own_shared,call,100000,1585720,15.8572,2350000
45,36,group_setup_then_1_copies,std_shared,group,100000,3398006,33.98006,2000000
45,37,owner_retained_borrow_parameter,std_raw_borrow,call,100000,124463,1.24463,2350000
45,38,async_queue_job_1_borrow_reads,own_shared_then_local_view,job,100,80985,809.85,2000
45,39,frame_4096_draws_64_unique_leases,own_shared,frame,24,159479,6644.95833333,41287680
45,40,scene_4096_attachments,own_local,attachment,98304,196167,1.99551391602,98304
45,41,async_queue_job_64_borrow_reads,std_shared_then_raw_borrow,job,100,67958,679.58,150400
45,42,owner_retained_4096_parameter_borrows,own_local_view,frame,24,80746,3364.41666667,41287680
45,43,owner_retained_4096_parameter_borrows,std_raw_borrow,frame,24,81943,3414.29166667,41287680
45,44,resettable_root_pin_1024_borrow_reads,std_shared_pin_raw_borrow,scope,97,31942,329.298969072,2334208
45,45,group_setup_then_64_copies,own_local,group,1562,111237,71.21446863,2349248
45,46,async_queue_job_1024_local_copies,own_local,job,100,373907,3739.07,2406400
45,47,localize_read_drop,std_shared,group,100000,1568087,15.68087,2350000
45,48,group_setup_then_1024_copies,own_local,group,97,88206,909.340206186,2334208
45,49,copy_read_drop,std_shared,copy,100000,1660439,16.60439,2350000
45,50,owner_retained_borrow_copy_read,own_local_view,read,100000,32467,0.32467,2350000
45,51,borrow_read,raw_borrow,read,100000,35322,0.35322,2350000
45,52,async_queue_job_1024_local_copies,std_shared,job,100,2512513,25125.13,2406400
45,53,owner_retained_4096_draw_borrows,std_raw_borrow,frame,24,51151,2131.29166667,41287680
45,54,weak_lock_expired,own_shared,lock,100000,69693,0.69693,0
45,55,async_queue_job_1024_borrow_reads,own_shared_then_local_view,job,100,171994,1719.94,2406400
46,0,owner_retained_borrow_copy_read,std_raw_borrow,read,100000,30445,0.30445,2350000
46,1,copy_read_drop,own_shared,copy,100000,1976681,19.76681,2350000
46,2,async_queue_job_1_local_copies,std_shared,job,100,59351,593.51,2000
46,3,scene_4096_attachments,own_local,attachment,98304,138472,1.40861002604,98304
46,4,resource_lifecycle_64_assets_4096_objects,own_local,cycle,10,210893,21089.3,17203200
46,5,owner_retained_4096_draw_borrows,std_raw_borrow,frame,24,50481,2103.375,41287680
46,6,copy_read_drop,own_local,copy,100000,117727,1.17727,2350000
46,7,weak_lock_live,std_shared,lock,100000,1788351,17.88351,2350000
46,8,contended_copy_2_workers,own_shared,copy,200000,12306955,61.534775,4700000
46,9,resource_lifecycle_64_assets_4096_objects,std_shared,cycle,10,518204,51820.4,17203200
46,10,async_queue_job_1024_borrow_reads,std_shared_then_raw_borrow,job,100,171719,1717.19,2406400
46,11,owner_retained_borrow_parameter,own_local_view,call,100000,62196,0.62196,2350000
46,12,async_queue_job_64_local_copies,std_shared,job,100,354593,3545.93,150400
46,13,independent_owner_parameter,own_local,call,100000,112752,1.12752,2350000
46,14,async_queue_job_64_local_copies,own_local,job,100,143646,1436.46,150400
46,15,group_setup_then_1024_copies,own_local,group,97,88316,910.474226804,2334208
46,16,group_setup_then_1_copies,own_local,group,100000,1388182,13.88182,2000000
46,17,owner_retained_borrow_copy_read,own_local_view,read,100000,30533,0.30533,2350000
46,18,async_queue_job_64_borrow_reads,own_shared_then_local_view,job,100,99252,992.52,150400
46,19,independent_owner_parameter,std_shared,call,100000,1651963,16.51963,2350000
46,20,async_queue_job_1_borrow_reads,own_shared_then_local_view,job,100,45262,452.62,2000
46,21,create_read_destroy,std_shared,asset,100000,1229025,12.29025,65000400000
46,22,weak_lock_live,own_shared,lock,100000,1508631,15.08631,2350000
46,23,owner_retained_4096_parameter_borrows,own_local_view,frame,24,81133,3380.54166667,41287680
46,24,group_setup_then_8_copies,own_local,group,12500,269020,21.5216,2350000
46,25,async_queue_job_1_local_copies,own_local,job,100,74499,744.99,2000
46,26,owner_retained_4096_draw_borrows,own_local_view,frame,24,47208,1967,41287680
46,27,weak_lock_expired,std_shared,lock,100000,77164,0.77164,0
46,28,share_read_drop,own_shared,handoff,100000,1139941,11.39941,2350000
46,29,async_queue_job_64_borrow_reads,std_shared_then_raw_borrow,job,100,75207,752.07,150400
46,30,frame_4096_draws_64_unique_leases,std_shared,frame,24,93871,3911.29166667,41287680
46,31,independent_owner_parameter,own_shared,call,100000,1341566,13.41566,2350000
46,32,owner_retained_borrow_parameter,std_raw_borrow,call,100000,68987,0.68987,2350000
46,33,resettable_root_pin_1024_borrow_reads,std_shared_pin_raw_borrow,scope,97,43354,446.948453608,2334208
46,34,resettable_root_pin_1024_borrow_reads,own_shared_pin_local_view,scope,97,31220,321.855670103,2334208
46,35,async_queue_job_1024_local_copies,own_local,job,100,386222,3862.22,2406400
46,36,owner_retained_4096_parameter_borrows,std_raw_borrow,frame,24,80640,3360,41287680
46,37,weak_lock_expired,own_shared,lock,100000,68886,0.68886,0
46,38,contended_copy_2_workers,std_shared,copy,200000,12540117,62.700585,4700000
46,39,borrow_read,raw_borrow,read,100000,35280,0.3528,2350000
46,40,group_setup_then_64_copies,own_local,group,1562,134855,86.3348271447,2349248
46,41,async_queue_job_1_borrow_reads,std_shared_then_raw_borrow,job,100,39424,394.24,2000
46,42,async_queue_job_1024_borrow_reads,own_shared_then_local_view,job,100,188378,1883.78,2406400
46,43,localize_read_drop,own_local,group,100000,1275711,12.75711,2350000
46,44,group_setup_then_64_copies,std_shared,group,1562,1842701,1179.70614597,2349248
46,45,create_read_destroy,own_shared,asset,100000,1805915,18.05915,65000400000
46,46,group_setup_then_8_copies,std_shared,group,12500,1911003,152.88024,2350000
46,47,share_read_drop,std_shared,handoff,100000,1466960,14.6696,2350000
46,48,scene_4096_attachments,std_shared,attachment,98304,956977,9.73487345378,98304
46,49,localize_read_drop,std_shared,group,100000,1813956,18.13956,2350000
46,50,create_read_destroy,own_local,asset,100000,1958294,19.58294,65000400000
46,51,copy_read_drop,std_shared,copy,100000,1659040,16.5904,2350000
46,52,frame_4096_draws_64_unique_leases,own_shared,frame,24,94920,3955,41287680
46,53,group_setup_then_1_copies,std_shared,group,100000,3316373,33.16373,2000000
46,54,group_setup_then_1024_copies,std_shared,group,97,1685890,17380.3092784,2334208
46,55,async_queue_job_1024_local_copies,std_shared,job,100,2473799,24737.99,2406400
47,0,async_queue_job_64_local_copies,own_local,job,100,61985,619.85,150400
47,1,frame_4096_draws_64_unique_leases,own_shared,frame,24,127971,5332.125,41287680
47,2,weak_lock_live,std_shared,lock,100000,1661061,16.61061,2350000
47,3,create_read_destroy,std_shared,asset,100000,1246986,12.46986,65000400000
47,4,independent_owner_parameter,std_shared,call,100000,1677272,16.77272,2350000
47,5,owner_retained_4096_draw_borrows,own_local_view,frame,24,51407,2141.95833333,41287680
47,6,async_queue_job_1024_borrow_reads,std_shared_then_raw_borrow,job,100,163960,1639.6,2406400
47,7,async_queue_job_1024_local_copies,std_shared,job,100,2433534,24335.34,2406400
47,8,async_queue_job_1_borrow_reads,std_shared_then_raw_borrow,job,100,69000,690,2000
47,9,async_queue_job_64_local_copies,std_shared,job,100,317565,3175.65,150400
47,10,group_setup_then_8_copies,std_shared,group,12500,1895561,151.64488,2350000
47,11,share_read_drop,own_shared,handoff,100000,1122185,11.22185,2350000
47,12,group_setup_then_1024_copies,std_shared,group,97,1693254,17456.2268041,2334208
47,13,async_queue_job_64_borrow_reads,std_shared_then_raw_borrow,job,100,68620,686.2,150400
47,14,share_read_drop,std_shared,handoff,100000,1469483,14.69483,2350000
47,15,owner_retained_borrow_copy_read,own_local_view,read,100000,32333,0.32333,2350000
47,16,resource_lifecycle_64_assets_4096_objects,own_local,cycle,10,224251,22425.1,17203200
47,17,group_setup_then_64_copies,own_local,group,1562,112137,71.790653009,2349248
47,18,copy_read_drop,own_local,copy,100000,104824,1.04824,2350000
47,19,localize_read_drop,own_local,group,100000,1275025,12.75025,2350000
47,20,async_queue_job_1024_borrow_reads,own_shared_then_local_view,job,100,178257,1782.57,2406400
47,21,contended_copy_2_workers,std_shared,copy,200000,13328074,66.64037,4700000
47,22,resource_lifecycle_64_assets_4096_objects,std_shared,cycle,10,515443,51544.3,17203200
47,23,copy_read_drop,std_shared,copy,100000,1643915,16.43915,2350000
47,24,independent_owner_parameter,own_local,call,100000,112140,1.1214,2350000
47,25,frame_4096_draws_64_unique_leases,std_shared,frame,24,91894,3828.91666667,41287680
47,26,async_queue_job_1_borrow_reads,own_shared_then_local_view,job,100,44485,444.85,2000
47,27,owner_retained_borrow_copy_read,std_raw_borrow,read,100000,30201,0.30201,2350000
47,28,borrow_read,raw_borrow,read,100000,35077,0.35077,2350000
47,29,group_setup_then_8_copies,own_local,group,12500,303020,24.2416,2350000
47,30,owner_retained_4096_parameter_borrows,own_local_view,frame,24,85953,3581.375,41287680
47,31,resettable_root_pin_1024_borrow_reads,own_shared_pin_local_view,scope,97,34171,352.278350515,2334208
47,32,localize_read_drop,std_shared,group,100000,1624241,16.24241,2350000
47,33,scene_4096_attachments,std_shared,attachment,98304,1043596,10.616007487,98304
47,34,weak_lock_live,own_shared,lock,100000,1624108,16.24108,2350000
47,35,group_setup_then_1_copies,std_shared,group,100000,3360228,33.60228,2000000
47,36,create_read_destroy,own_local,asset,100000,1906399,19.06399,65000400000
47,37,async_queue_job_1_local_copies,std_shared,job,100,70869,708.69,2000
47,38,group_setup_then_1024_copies,own_local,group,97,88575,913.144329897,2334208
47,39,owner_retained_4096_parameter_borrows,std_raw_borrow,frame,24,81242,3385.08333333,41287680
47,40,async_queue_job_1024_local_copies,own_local,job,100,326802,3268.02,2406400
47,41,copy_read_drop,own_shared,copy,100000,1306561,13.06561,2350000
47,42,group_setup_then_64_copies,std_shared,group,1562,1767766,1131.73239437,2349248
47,43,owner_retained_borrow_parameter,std_raw_borrow,call,100000,60355,0.60355,2350000
47,44,async_queue_job_1_local_copies,own_local,job,100,70496,704.96,2000
47,45,owner_retained_4096_draw_borrows,std_raw_borrow,frame,24,48508,2021.16666667,41287680
47,46,owner_retained_borrow_parameter,own_local_view,call,100000,64303,0.64303,2350000
47,47,async_queue_job_64_borrow_reads,own_shared_then_local_view,job,100,84839,848.39,150400
47,48,group_setup_then_1_copies,own_local,group,100000,1368701,13.68701,2000000
47,49,weak_lock_expired,own_shared,lock,100000,74404,0.74404,0
47,50,create_read_destroy,own_shared,asset,100000,1912543,19.12543,65000400000
47,51,independent_owner_parameter,own_shared,call,100000,1307667,13.07667,2350000
47,52,scene_4096_attachments,own_local,attachment,98304,138829,1.41224161784,98304
47,53,weak_lock_expired,std_shared,lock,100000,77171,0.77171,0
47,54,contended_copy_2_workers,own_shared,copy,200000,13030872,65.15436,4700000
47,55,resettable_root_pin_1024_borrow_reads,std_shared_pin_raw_borrow,scope,97,31995,329.845360825,2334208
48,0,weak_lock_live,std_shared,lock,100000,1702230,17.0223,2350000
48,1,scene_4096_attachments,own_local,attachment,98304,135372,1.37707519531,98304
48,2,owner_retained_borrow_parameter,std_raw_borrow,call,100000,60158,0.60158,2350000
48,3,independent_owner_parameter,std_shared,call,100000,1688038,16.88038,2350000
48,4,async_queue_job_1_local_copies,std_shared,job,100,62402,624.02,2000
48,5,copy_read_drop,own_shared,copy,100000,1334729,13.34729,2350000
48,6,async_queue_job_64_borrow_reads,std_shared_then_raw_borrow,job,100,66452,664.52,150400
48,7,localize_read_drop,own_local,group,100000,1291976,12.91976,2350000
48,8,share_read_drop,own_shared,handoff,100000,1120003,11.20003,2350000
48,9,async_queue_job_1_borrow_reads,std_shared_then_raw_borrow,job,100,61817,618.17,2000
48,10,owner_retained_4096_draw_borrows,std_raw_borrow,frame,24,51875,2161.45833333,41287680
48,11,group_setup_then_8_copies,own_local,group,12500,264613,21.16904,2350000
48,12,group_setup_then_64_copies,std_shared,group,1562,1716378,1098.83354673,2349248
48,13,group_setup_then_1024_copies,std_shared,group,97,1641639,16924.1134021,2334208
48,14,share_read_drop,std_shared,handoff,100000,1510394,15.10394,2350000
48,15,frame_4096_draws_64_unique_leases,own_shared,frame,24,87392,3641.33333333,41287680
48,16,async_queue_job_64_borrow_reads,own_shared_then_local_view,job,100,52361,523.61,150400
48,17,resource_lifecycle_64_assets_4096_objects,own_local,cycle,10,207940,20794,17203200
48,18,owner_retained_borrow_copy_read,own_local_view,read,100000,36213,0.36213,2350000
48,19,owner_retained_borrow_parameter,own_local_view,call,100000,64469,0.64469,2350000
48,20,create_read_destroy,std_shared,asset,100000,1240934,12.40934,65000400000
48,21,group_setup_then_64_copies,own_local,group,1562,110865,70.97631242,2349248
48,22,create_read_destroy,own_local,asset,100000,1924861,19.24861,65000400000
48,23,async_queue_job_1024_borrow_reads,own_shared_then_local_view,job,100,135036,1350.36,2406400
48,24,async_queue_job_1_borrow_reads,own_shared_then_local_view,job,100,45355,453.55,2000
48,25,independent_owner_parameter,own_local,call,100000,111996,1.11996,2350000
48,26,contended_copy_2_workers,own_shared,copy,200000,13282760,66.4138,4700000
48,27,contended_copy_2_workers,std_shared,copy,200000,12551849,62.759245,4700000
48,28,weak_lock_live,own_shared,lock,100000,1507943,15.07943,2350000
48,29,copy_read_drop,std_shared,copy,100000,1657798,16.57798,2350000
48,30,async_queue_job_1024_local_copies,std_shared,job,100,2511354,25113.54,2406400
48,31,owner_retained_4096_parameter_borrows,std_raw_borrow,frame,24,80488,3353.66666667,41287680
48,32,independent_owner_parameter,own_shared,call,100000,1294528,12.94528,2350000
48,33,async_queue_job_64_local_copies,std_shared,job,100,305051,3050.51,150400
48,34,resettable_root_pin_1024_borrow_reads,std_shared_pin_raw_borrow,scope,97,31999,329.886597938,2334208
48,35,async_queue_job_64_local_copies,own_local,job,100,88744,887.44,150400
48,36,borrow_read,raw_borrow,read,100000,35573,0.35573,2350000
48,37,async_queue_job_1024_local_copies,own_local,job,100,337431,3374.31,2406400
48,38,group_setup_then_1_copies,own_local,group,100000,1348219,13.48219,2000000
48,39,copy_read_drop,own_local,copy,100000,104986,1.04986,2350000
48,40,group_setup_then_8_copies,std_shared,group,12500,1894021,151.52168,2350000
48,41,owner_retained_4096_parameter_borrows,own_local_view,frame,24,80096,3337.33333333,41287680
48,42,group_setup_then_1_copies,std_shared,group,100000,3362924,33.62924,2000000
48,43,resettable_root_pin_1024_borrow_reads,own_shared_pin_local_view,scope,97,31726,327.072164948,2334208
48,44,localize_read_drop,std_shared,group,100000,1489837,14.89837,2350000
48,45,weak_lock_expired,own_shared,lock,100000,73379,0.73379,0
48,46,owner_retained_borrow_copy_read,std_raw_borrow,read,100000,30049,0.30049,2350000
48,47,scene_4096_attachments,std_shared,attachment,98304,957565,9.74085489909,98304
48,48,owner_retained_4096_draw_borrows,own_local_view,frame,24,47434,1976.41666667,41287680
48,49,async_queue_job_1024_borrow_reads,std_shared_then_raw_borrow,job,100,120993,1209.93,2406400
48,50,create_read_destroy,own_shared,asset,100000,1767992,17.67992,65000400000
48,51,frame_4096_draws_64_unique_leases,std_shared,frame,24,84357,3514.875,41287680
48,52,weak_lock_expired,std_shared,lock,100000,77073,0.77073,0
48,53,group_setup_then_1024_copies,own_local,group,97,87471,901.762886598,2334208
48,54,resource_lifecycle_64_assets_4096_objects,std_shared,cycle,10,530810,53081,17203200
48,55,async_queue_job_1_local_copies,own_local,job,100,69225,692.25,2000
49,0,contended_copy_2_workers,own_shared,copy,200000,13496329,67.481645,4700000
49,1,weak_lock_expired,own_shared,lock,100000,82707,0.82707,0
49,2,copy_read_drop,std_shared,copy,100000,1637520,16.3752,2350000
49,3,weak_lock_live,std_shared,lock,100000,1698825,16.98825,2350000
49,4,owner_retained_borrow_parameter,std_raw_borrow,call,100000,61810,0.6181,2350000
49,5,resettable_root_pin_1024_borrow_reads,own_shared_pin_local_view,scope,97,31825,328.092783505,2334208
49,6,owner_retained_borrow_copy_read,own_local_view,read,100000,32244,0.32244,2350000
49,7,resource_lifecycle_64_assets_4096_objects,std_shared,cycle,10,547016,54701.6,17203200
49,8,group_setup_then_1_copies,std_shared,group,100000,3443838,34.43838,2000000
49,9,async_queue_job_64_borrow_reads,own_shared_then_local_view,job,100,67585,675.85,150400
49,10,share_read_drop,own_shared,handoff,100000,1142772,11.42772,2350000
49,11,independent_owner_parameter,std_shared,call,100000,1656759,16.56759,2350000
49,12,resettable_root_pin_1024_borrow_reads,std_shared_pin_raw_borrow,scope,97,52875,545.103092784,2334208
49,13,group_setup_then_8_copies,own_local,group,12500,271214,21.69712,2350000
49,14,create_read_destroy,own_shared,asset,100000,1944976,19.44976,65000400000
49,15,owner_retained_4096_parameter_borrows,std_raw_borrow,frame,24,85852,3577.16666667,41287680
49,16,resource_lifecycle_64_assets_4096_objects,own_local,cycle,10,262512,26251.2,17203200
49,17,copy_read_drop,own_shared,copy,100000,1417111,14.17111,2350000
49,18,async_queue_job_1_local_copies,std_shared,job,100,90202,902.02,2000
49,19,async_queue_job_64_local_copies,own_local,job,100,86414,864.14,150400
49,20,frame_4096_draws_64_unique_leases,own_shared,frame,24,98039,4084.95833333,41287680
49,21,owner_retained_4096_draw_borrows,own_local_view,frame,24,50054,2085.58333333,41287680
49,22,weak_lock_expired,std_shared,lock,100000,77218,0.77218,0
49,23,localize_read_drop,own_local,group,100000,1332818,13.32818,2350000
49,24,group_setup_then_1_copies,own_local,group,100000,1373309,13.73309,2000000
49,25,copy_read_drop,own_local,copy,100000,110728,1.10728,2350000
49,26,group_setup_then_8_copies,std_shared,group,12500,1872789,149.82312,2350000
49,27,async_queue_job_1_borrow_reads,std_shared_then_raw_borrow,job,100,45147,451.47,2000
49,28,async_queue_job_64_borrow_reads,std_shared_then_raw_borrow,job,100,74359,743.59,150400
49,29,group_setup_then_1024_copies,std_shared,group,97,1669297,17209.2474227,2334208
49,30,async_queue_job_64_local_copies,std_shared,job,100,375550,3755.5,150400
49,31,group_setup_then_1024_copies,own_local,group,97,88623,913.639175258,2334208
49,32,async_queue_job_1_local_copies,own_local,job,100,65023,650.23,2000
49,33,group_setup_then_64_copies,std_shared,group,1562,1688036,1080.68886044,2349248
49,34,async_queue_job_1024_local_copies,own_local,job,100,346356,3463.56,2406400
49,35,create_read_destroy,own_local,asset,100000,1907944,19.07944,65000400000
49,36,weak_lock_live,own_shared,lock,100000,1519063,15.19063,2350000
49,37,owner_retained_4096_draw_borrows,std_raw_borrow,frame,24,49287,2053.625,41287680
49,38,borrow_read,raw_borrow,read,100000,35073,0.35073,2350000
49,39,independent_owner_parameter,own_local,call,100000,113068,1.13068,2350000
49,40,scene_4096_attachments,std_shared,attachment,98304,958498,9.75034586589,98304
49,41,async_queue_job_1024_borrow_reads,own_shared_then_local_view,job,100,129753,1297.53,2406400
49,42,independent_owner_parameter,own_shared,call,100000,1294050,12.9405,2350000
49,43,group_setup_then_64_copies,own_local,group,1562,138345,88.5691421255,2349248
49,44,share_read_drop,std_shared,handoff,100000,1458502,14.58502,2350000
49,45,owner_retained_borrow_parameter,own_local_view,call,100000,62882,0.62882,2350000
49,46,scene_4096_attachments,own_local,attachment,98304,132143,1.34422810872,98304
49,47,contended_copy_2_workers,std_shared,copy,200000,13498046,67.49023,4700000
49,48,async_queue_job_1024_local_copies,std_shared,job,100,2707416,27074.16,2406400
49,49,async_queue_job_1_borrow_reads,own_shared_then_local_view,job,100,91331,913.31,2000
49,50,frame_4096_draws_64_unique_leases,std_shared,frame,24,88682,3695.08333333,41287680
49,51,create_read_destroy,std_shared,asset,100000,1199671,11.99671,65000400000
49,52,owner_retained_4096_parameter_borrows,own_local_view,frame,24,79142,3297.58333333,41287680
49,53,async_queue_job_1024_borrow_reads,std_shared_then_raw_borrow,job,100,145404,1454.04,2406400
49,54,localize_read_drop,std_shared,group,100000,1493509,14.93509,2350000
49,55,owner_retained_borrow_copy_read,std_raw_borrow,read,100000,30515,0.30515,2350000
50,0,frame_4096_draws_64_unique_leases,std_shared,frame,24,84063,3502.625,41287680
50,1,resettable_root_pin_1024_borrow_reads,own_shared_pin_local_view,scope,97,31318,322.865979381,2334208
50,2,share_read_drop,std_shared,handoff,100000,1496679,14.96679,2350000
50,3,resource_lifecycle_64_assets_4096_objects,own_local,cycle,10,202223,20222.3,17203200
50,4,owner_retained_borrow_parameter,own_local_view,call,100000,64341,0.64341,2350000
50,5,async_queue_job_1_local_copies,own_local,job,100,87765,877.65,2000
50,6,async_queue_job_64_local_copies,own_local,job,100,91044,910.44,150400
50,7,async_queue_job_64_local_copies,std_shared,job,100,317265,3172.65,150400
50,8,async_queue_job_1024_local_copies,std_shared,job,100,2461498,24614.98,2406400
50,9,weak_lock_expired,std_shared,lock,100000,88456,0.88456,0
50,10,copy_read_drop,own_local,copy,100000,105966,1.05966,2350000
50,11,async_queue_job_64_borrow_reads,own_shared_then_local_view,job,100,63664,636.64,150400
50,12,group_setup_then_8_copies,own_local,group,12500,266625,21.33,2350000
50,13,weak_lock_live,std_shared,lock,100000,1810759,18.10759,2350000
50,14,async_queue_job_1_local_copies,std_shared,job,100,64153,641.53,2000
50,15,owner_retained_4096_parameter_borrows,own_local_view,frame,24,83591,3482.95833333,41287680
50,16,create_read_destroy,own_shared,asset,100000,1970722,19.70722,65000400000
50,17,contended_copy_2_workers,std_shared,copy,200000,13668364,68.34182,4700000
50,18,group_setup_then_1_copies,std_shared,group,100000,3426055,34.26055,2000000
50,19,independent_owner_parameter,own_shared,call,100000,1390300,13.903,2350000
50,20,resettable_root_pin_1024_borrow_reads,std_shared_pin_raw_borrow,scope,97,32140,331.340206186,2334208
50,21,async_queue_job_1024_borrow_reads,own_shared_then_local_view,job,100,158740,1587.4,2406400
50,22,group_setup_then_8_copies,std_shared,group,12500,1901208,152.09664,2350000
50,23,weak_lock_expired,own_shared,lock,100000,70837,0.70837,0
50,24,share_read_drop,own_shared,handoff,100000,1499655,14.99655,2350000
50,25,owner_retained_4096_parameter_borrows,std_raw_borrow,frame,24,79734,3322.25,41287680
50,26,scene_4096_attachments,std_shared,attachment,98304,938669,9.54863484701,98304
50,27,resource_lifecycle_64_assets_4096_objects,std_shared,cycle,10,560246,56024.6,17203200
50,28,borrow_read,raw_borrow,read,100000,35280,0.3528,2350000
50,29,contended_copy_2_workers,own_shared,copy,200000,12366111,61.830555,4700000
50,30,group_setup_then_1024_copies,std_shared,group,97,1685205,17373.2474227,2334208
50,31,independent_owner_parameter,std_shared,call,100000,1661507,16.61507,2350000
50,32,owner_retained_borrow_parameter,std_raw_borrow,call,100000,78841,0.78841,2350000
50,33,localize_read_drop,own_local,group,100000,1278015,12.78015,2350000
50,34,frame_4096_draws_64_unique_leases,own_shared,frame,24,93121,3880.04166667,41287680
50,35,copy_read_drop,own_shared,copy,100000,1299992,12.99992,2350000
50,36,owner_retained_4096_draw_borrows,own_local_view,frame,24,49225,2051.04166667,41287680
50,37,async_queue_job_1_borrow_reads,own_shared_then_local_view,job,100,70995,709.95,2000
50,38,owner_retained_4096_draw_borrows,std_raw_borrow,frame,24,50162,2090.08333333,41287680
50,39,create_read_destroy,own_local,asset,100000,1955590,19.5559,65000400000
50,40,group_setup_then_1_copies,own_local,group,100000,1366184,13.66184,2000000
50,41,group_setup_then_64_copies,own_local,group,1562,136511,87.395006402,2349248
50,42,owner_retained_borrow_copy_read,std_raw_borrow,read,100000,30375,0.30375,2350000
50,43,create_read_destroy,std_shared,asset,100000,1196088,11.96088,65000400000
50,44,localize_read_drop,std_shared,group,100000,1578529,15.78529,2350000
50,45,group_setup_then_64_copies,std_shared,group,1562,1687751,1080.50640205,2349248
50,46,weak_lock_live,own_shared,lock,100000,1529747,15.29747,2350000
50,47,scene_4096_attachments,own_local,attachment,98304,133641,1.35946655273,98304
50,48,copy_read_drop,std_shared,copy,100000,1630027,16.30027,2350000
50,49,async_queue_job_1024_local_copies,own_local,job,100,466886,4668.86,2406400
50,50,async_queue_job_64_borrow_reads,std_shared_then_raw_borrow,job,100,69750,697.5,150400
50,51,async_queue_job_1024_borrow_reads,std_shared_then_raw_borrow,job,100,125120,1251.2,2406400
50,52,owner_retained_borrow_copy_read,own_local_view,read,100000,32420,0.3242,2350000
50,53,group_setup_then_1024_copies,own_local,group,97,88070,907.93814433,2334208
50,54,independent_owner_parameter,own_local,call,100000,128641,1.28641,2350000
50,55,async_queue_job_1_borrow_reads,std_shared_then_raw_borrow,job,100,55221,552.21,2000
51,0,group_setup_then_64_copies,own_local,group,1562,110635,70.8290653009,2349248
51,1,resource_lifecycle_64_assets_4096_objects,own_local,cycle,10,209756,20975.6,17203200
51,2,contended_copy_2_workers,std_shared,copy,200000,12850291,64.251455,4700000
51,3,group_setup_then_1_copies,own_local,group,100000,1352471,13.52471,2000000
51,4,owner_retained_borrow_copy_read,own_local_view,read,100000,30093,0.30093,2350000
51,5,create_read_destroy,own_local,asset,100000,1919184,19.19184,65000400000
51,6,contended_copy_2_workers,own_shared,copy,200000,6340952,31.70476,4700000
51,7,share_read_drop,own_shared,handoff,100000,1130617,11.30617,2350000
51,8,owner_retained_borrow_copy_read,std_raw_borrow,read,100000,30651,0.30651,2350000
51,9,group_setup_then_1_copies,std_shared,group,100000,3366358,33.66358,2000000
51,10,owner_retained_4096_draw_borrows,std_raw_borrow,frame,24,51323,2138.45833333,41287680
51,11,owner_retained_borrow_parameter,std_raw_borrow,call,100000,60148,0.60148,2350000
51,12,owner_retained_4096_parameter_borrows,std_raw_borrow,frame,24,79320,3305,41287680
51,13,async_queue_job_64_local_copies,own_local,job,100,70906,709.06,150400
51,14,group_setup_then_8_copies,std_shared,group,12500,1892188,151.37504,2350000
51,15,independent_owner_parameter,own_shared,call,100000,1292460,12.9246,2350000
51,16,share_read_drop,std_shared,handoff,100000,1469931,14.69931,2350000
51,17,borrow_read,raw_borrow,read,100000,35315,0.35315,2350000
51,18,async_queue_job_64_borrow_reads,std_shared_then_raw_borrow,job,100,67714,677.14,150400
51,19,copy_read_drop,own_local,copy,100000,106899,1.06899,2350000
51,20,weak_lock_expired,std_shared,lock,100000,92465,0.92465,0
51,21,owner_retained_4096_parameter_borrows,own_local_view,frame,24,79002,3291.75,41287680
51,22,weak_lock_live,own_shared,lock,100000,1527734,15.27734,2350000
51,23,scene_4096_attachments,std_shared,attachment,98304,940232,9.56453450521,98304
51,24,owner_retained_4096_draw_borrows,own_local_view,frame,24,48321,2013.375,41287680
51,25,localize_read_drop,std_shared,group,100000,1483224,14.83224,2350000
51,26,group_setup_then_1024_copies,own_local,group,97,87066,897.587628866,2334208
51,27,independent_owner_parameter,own_local,call,100000,124450,1.2445,2350000
51,28,localize_read_drop,own_local,group,100000,1273642,12.73642,2350000
51,29,async_queue_job_1_local_copies,own_local,job,100,58168,581.68,2000
51,30,async_queue_job_1_borrow_reads,std_shared_then_raw_borrow,job,100,108787,1087.87,2000
51,31,resource_lifecycle_64_assets_4096_objects,std_shared,cycle,10,527350,52735,17203200
51,32,async_queue_job_1_borrow_reads,own_shared_then_local_view,job,100,46081,460.81,2000
51,33,async_queue_job_1_local_copies,std_shared,job,100,61375,613.75,2000
51,34,resettable_root_pin_1024_borrow_reads,own_shared_pin_local_view,scope,97,31660,326.391752577,2334208
51,35,weak_lock_live,std_shared,lock,100000,1676592,16.76592,2350000
51,36,create_read_destroy,std_shared,asset,100000,1190983,11.90983,65000400000
51,37,scene_4096_attachments,own_local,attachment,98304,137540,1.39912923177,98304
51,38,group_setup_then_64_copies,std_shared,group,1562,1676962,1073.59923175,2349248
51,39,group_setup_then_8_copies,own_local,group,12500,296560,23.7248,2350000
51,40,independent_owner_parameter,std_shared,call,100000,1684251,16.84251,2350000
51,41,copy_read_drop,own_shared,copy,100000,1307608,13.07608,2350000
51,42,async_queue_job_64_local_copies,std_shared,job,100,308126,3081.26,150400
51,43,async_queue_job_64_borrow_reads,own_shared_then_local_view,job,100,67263,672.63,150400
51,44,group_setup_then_1024_copies,std_shared,group,97,1672824,17245.6082474,2334208
51,45,async_queue_job_1024_local_copies,std_shared,job,100,2481650,24816.5,2406400
51,46,owner_retained_borrow_parameter,own_local_view,call,100000,64352,0.64352,2350000
51,47,resettable_root_pin_1024_borrow_reads,std_shared_pin_raw_borrow,scope,97,31738,327.195876289,2334208
51,48,frame_4096_draws_64_unique_leases,std_shared,frame,24,88679,3694.95833333,41287680
51,49,create_read_destroy,own_shared,asset,100000,1784520,17.8452,65000400000
51,50,async_queue_job_1024_borrow_reads,std_shared_then_raw_borrow,job,100,173739,1737.39,2406400
51,51,async_queue_job_1024_borrow_reads,own_shared_then_local_view,job,100,162939,1629.39,2406400
51,52,frame_4096_draws_64_unique_leases,own_shared,frame,24,87912,3663,41287680
51,53,copy_read_drop,std_shared,copy,100000,1631851,16.31851,2350000
51,54,weak_lock_expired,own_shared,lock,100000,95453,0.95453,0
51,55,async_queue_job_1024_local_copies,own_local,job,100,313653,3136.53,2406400
52,0,independent_owner_parameter,std_shared,call,100000,1656652,16.56652,2350000
52,1,owner_retained_borrow_copy_read,own_local_view,read,100000,30327,0.30327,2350000
52,2,create_read_destroy,std_shared,asset,100000,1201668,12.01668,65000400000
52,3,owner_retained_borrow_parameter,std_raw_borrow,call,100000,64231,0.64231,2350000
52,4,resettable_root_pin_1024_borrow_reads,own_shared_pin_local_view,scope,97,31633,326.113402062,2334208
52,5,group_setup_then_1024_copies,std_shared,group,97,1662705,17141.2886598,2334208
52,6,group_setup_then_64_copies,std_shared,group,1562,1704887,1091.47695262,2349248
52,7,async_queue_job_1_borrow_reads,std_shared_then_raw_borrow,job,100,72137,721.37,2000
52,8,resource_lifecycle_64_assets_4096_objects,own_local,cycle,10,200209,20020.9,17203200
52,9,async_queue_job_1024_local_copies,std_shared,job,100,2431130,24311.3,2406400
52,10,contended_copy_2_workers,own_shared,copy,200000,10010598,50.05299,4700000
52,11,independent_owner_parameter,own_shared,call,100000,1299628,12.99628,2350000
52,12,copy_read_drop,own_shared,copy,100000,1338485,13.38485,2350000
52,13,scene_4096_attachments,std_shared,attachment,98304,941968,9.58219401042,98304
52,14,group_setup_then_1024_copies,own_local,group,97,88766,915.113402062,2334208
52,15,group_setup_then_64_copies,own_local,group,1562,123221,78.8866837388,2349248
52,16,share_read_drop,own_shared,handoff,100000,1113611,11.13611,2350000
52,17,async_queue_job_1_borrow_reads,own_shared_then_local_view,job,100,112282,1122.82,2000
52,18,async_queue_job_64_borrow_reads,own_shared_then_local_view,job,100,64641,646.41,150400
52,19,create_read_destroy,own_local,asset,100000,2359834,23.59834,65000400000
52,20,localize_read_drop,own_local,group,100000,1374793,13.74793,2350000
52,21,owner_retained_borrow_parameter,own_local_view,call,100000,60356,0.60356,2350000
52,22,share_read_drop,std_shared,handoff,100000,1489509,14.89509,2350000
52,23,owner_retained_4096_draw_borrows,own_local_view,frame,24,50300,2095.83333333,41287680
52,24,owner_retained_borrow_copy_read,std_raw_borrow,read,100000,30150,0.3015,2350000
52,25,localize_read_drop,std_shared,group,100000,1561459,15.61459,2350000
52,26,async_queue_job_1024_local_copies,own_local,job,100,329226,3292.26,2406400
52,27,scene_4096_attachments,own_local,attachment,98304,136589,1.38945515951,98304
52,28,resource_lifecycle_64_assets_4096_objects,std_shared,cycle,10,530579,53057.9,17203200
52,29,frame_4096_draws_64_unique_leases,own_shared,frame,24,84649,3527.04166667,41287680
52,30,contended_copy_2_workers,std_shared,copy,200000,17374319,86.871595,4700000
52,31,async_queue_job_1024_borrow_reads,own_shared_then_local_view,job,100,198580,1985.8,2406400
52,32,group_setup_then_1_copies,std_shared,group,100000,3327475,33.27475,2000000
52,33,weak_lock_expired,own_shared,lock,100000,68856,0.68856,0
52,34,async_queue_job_64_local_copies,own_local,job,100,91361,913.61,150400
52,35,borrow_read,raw_borrow,read,100000,35384,0.35384,2350000
52,36,frame_4096_draws_64_unique_leases,std_shared,frame,24,90472,3769.66666667,41287680
52,37,weak_lock_live,std_shared,lock,100000,1676661,16.76661,2350000
52,38,owner_retained_4096_parameter_borrows,own_local_view,frame,24,78632,3276.33333333,41287680
52,39,async_queue_job_1024_borrow_reads,std_shared_then_raw_borrow,job,100,158284,1582.84,2406400
52,40,group_setup_then_8_copies,std_shared,group,12500,1881750,150.54,2350000
52,41,async_queue_job_64_borrow_reads,std_shared_then_raw_borrow,job,100,64895,648.95,150400
52,42,weak_lock_live,own_shared,lock,100000,1492558,14.92558,2350000
52,43,copy_read_drop,std_shared,copy,100000,1633542,16.33542,2350000
52,44,copy_read_drop,own_local,copy,100000,122950,1.2295,2350000
52,45,owner_retained_4096_draw_borrows,std_raw_borrow,frame,24,52266,2177.75,41287680
52,46,owner_retained_4096_parameter_borrows,std_raw_borrow,frame,24,76311,3179.625,41287680
52,47,group_setup_then_8_copies,own_local,group,12500,276703,22.13624,2350000
52,48,weak_lock_expired,std_shared,lock,100000,77188,0.77188,0
52,49,create_read_destroy,own_shared,asset,100000,1765615,17.65615,65000400000
52,50,async_queue_job_1_local_copies,own_local,job,100,72782,727.82,2000
52,51,async_queue_job_1_local_copies,std_shared,job,100,61072,610.72,2000
52,52,group_setup_then_1_copies,own_local,group,100000,1362701,13.62701,2000000
52,53,independent_owner_parameter,own_local,call,100000,112116,1.12116,2350000
52,54,async_queue_job_64_local_copies,std_shared,job,100,333223,3332.23,150400
52,55,resettable_root_pin_1024_borrow_reads,std_shared_pin_raw_borrow,scope,97,42639,439.577319588,2334208
53,0,resource_lifecycle_64_assets_4096_objects,own_local,cycle,10,201771,20177.1,17203200
53,1,copy_read_drop,std_shared,copy,100000,1630845,16.30845,2350000
53,2,frame_4096_draws_64_unique_leases,own_shared,frame,24,90909,3787.875,41287680
53,3,async_queue_job_1024_local_copies,own_local,job,100,369607,3696.07,2406400
53,4,borrow_read,raw_borrow,read,100000,35079,0.35079,2350000
53,5,weak_lock_expired,std_shared,lock,100000,77084,0.77084,0
53,6,async_queue_job_1024_local_copies,std_shared,job,100,2456782,24567.82,2406400
53,7,owner_retained_borrow_parameter,std_raw_borrow,call,100000,59981,0.59981,2350000
53,8,localize_read_drop,own_local,group,100000,1302752,13.02752,2350000
53,9,share_read_drop,own_shared,handoff,100000,1131434,11.31434,2350000
53,10,create_read_destroy,own_local,asset,100000,1926887,19.26887,65000400000
53,11,contended_copy_2_workers,std_shared,copy,200000,17051431,85.257155,4700000
53,12,weak_lock_expired,own_shared,lock,100000,73524,0.73524,0
53,13,group_setup_then_8_copies,std_shared,group,12500,1883540,150.6832,2350000
53,14,weak_lock_live,own_shared,lock,100000,1488816,14.88816,2350000
53,15,group_setup_then_8_copies,own_local,group,12500,280014,22.40112,2350000
53,16,owner_retained_4096_draw_borrows,std_raw_borrow,frame,24,55767,2323.625,41287680
53,17,async_queue_job_64_local_copies,std_shared,job,100,283703,2837.03,150400
53,18,contended_copy_2_workers,own_shared,copy,200000,9956745,49.783725,4700000
53,19,owner_retained_borrow_copy_read,std_raw_borrow,read,100000,32957,0.32957,2350000
53,20,async_queue_job_1024_borrow_reads,own_shared_then_local_view,job,100,119107,1191.07,2406400
53,21,independent_owner_parameter,own_shared,call,100000,1317669,13.17669,2350000
53,22,share_read_drop,std_shared,handoff,100000,1472129,14.72129,2350000
53,23,async_queue_job_64_local_copies,own_local,job,100,80529,805.29,150400
53,24,copy_read_drop,own_shared,copy,100000,1465780,14.6578,2350000
53,25,independent_owner_parameter,own_local,call,100000,127418,1.27418,2350000
53,26,async_queue_job_1_local_copies,own_local,job,100,69699,696.99,2000
53,27,resettable_root_pin_1024_borrow_reads,own_shared_pin_local_view,scope,97,31602,325.793814433,2334208
53,28,group_setup_then_1024_copies,own_local,group,97,89116,918.721649485,2334208
53,29,owner_retained_4096_draw_borrows,own_local_view,frame,24,50919,2121.625,41287680
53,30,async_queue_job_1_borrow_reads,own_shared_then_local_view,job,100,47139,471.39,2000
53,31,owner_retained_4096_parameter_borrows,own_local_view,frame,24,76104,3171,41287680
53,32,create_read_destroy,own_shared,asset,100000,1821678,18.21678,65000400000
53,33,weak_lock_live,std_shared,lock,100000,1688116,16.88116,2350000
53,34,create_read_destroy,std_shared,asset,100000,1214756,12.14756,65000400000
53,35,group_setup_then_64_copies,std_shared,group,1562,1695617,1085.54225352,2349248
53,36,independent_owner_parameter,std_shared,call,100000,2822121,28.22121,2350000
53,37,resource_lifecycle_64_assets_4096_objects,std_shared,cycle,10,836275,83627.5,17203200
53,38,owner_retained_4096_parameter_borrows,std_raw_borrow,frame,24,126624,5276,41287680
53,39,group_setup_then_64_copies,own_local,group,1562,205352,131.467349552,2349248
53,40,group_setup_then_1_copies,std_shared,group,100000,4290745,42.90745,2000000
53,41,owner_retained_borrow_parameter,own_local_view,call,100000,74245,0.74245,2350000
53,42,copy_read_drop,own_local,copy,100000,110999,1.10999,2350000
53,43,async_queue_job_1_borrow_reads,std_shared_then_raw_borrow,job,100,92623,926.23,2000
53,44,resettable_root_pin_1024_borrow_reads,std_shared_pin_raw_borrow,scope,97,34759,358.340206186,2334208
53,45,scene_4096_attachments,std_shared,attachment,98304,1075337,10.9388936361,98304
53,46,async_queue_job_1024_borrow_reads,std_shared_then_raw_borrow,job,100,224286,2242.86,2406400
53,47,scene_4096_attachments,own_local,attachment,98304,190326,1.93609619141,98304
53,48,async_queue_job_64_borrow_reads,std_shared_then_raw_borrow,job,100,94772,947.72,150400
53,49,frame_4096_draws_64_unique_leases,std_shared,frame,24,86203,3591.79166667,41287680
53,50,localize_read_drop,std_shared,group,100000,1512268,15.12268,2350000
53,51,group_setup_then_1_copies,own_local,group,100000,1642122,16.42122,2000000
53,52,async_queue_job_1_local_copies,std_shared,job,100,80939,809.39,2000
53,53,async_queue_job_64_borrow_reads,own_shared_then_local_view,job,100,2241204,22412.04,150400
53,54,owner_retained_borrow_copy_read,own_local_view,read,100000,31185,0.31185,2350000
53,55,group_setup_then_1024_copies,std_shared,group,97,1669656,17212.9484536,2334208
54,0,async_queue_job_1_borrow_reads,own_shared_then_local_view,job,100,2272195,22721.95,2000
54,1,async_queue_job_1_local_copies,std_shared,job,100,4009695,40096.95,2000
54,2,weak_lock_live,own_shared,lock,100000,1539954,15.39954,2350000
54,3,localize_read_drop,own_local,group,100000,1291893,12.91893,2350000
54,4,contended_copy_2_workers,std_shared,copy,200000,10582486,52.91243,4700000
54,5,group_setup_then_1_copies,own_local,group,100000,1535533,15.35533,2000000
54,6,copy_read_drop,own_local,copy,100000,118289,1.18289,2350000
54,7,borrow_read,raw_borrow,read,100000,39273,0.39273,2350000
54,8,frame_4096_draws_64_unique_leases,own_shared,frame,24,122805,5116.875,41287680
54,9,group_setup_then_1024_copies,std_shared,group,97,1870246,19280.8865979,2334208
54,10,localize_read_drop,std_shared,group,100000,1658816,16.58816,2350000
54,11,async_queue_job_1024_local_copies,own_local,job,100,416958,4169.58,2406400
54,12,copy_read_drop,own_shared,copy,100000,1457757,14.57757,2350000
54,13,weak_lock_live,std_shared,lock,100000,1723042,17.23042,2350000
54,14,independent_owner_parameter,own_shared,call,100000,1307829,13.07829,2350000
54,15,async_queue_job_64_borrow_reads,own_shared_then_local_view,job,100,19962,199.62,150400
54,16,group_setup_then_8_copies,std_shared,group,12500,1906176,152.49408,2350000
54,17,async_queue_job_64_borrow_reads,std_shared_then_raw_borrow,job,100,78992,789.92,150400
54,18,owner_retained_4096_parameter_borrows,own_local_view,frame,24,81064,3377.66666667,41287680
54,19,resettable_root_pin_1024_borrow_reads,own_shared_pin_local_view,scope,97,31556,325.319587629,2334208
54,20,contended_copy_2_workers,own_shared,copy,200000,10139106,50.69553,4700000
54,21,group_setup_then_64_copies,own_local,group,1562,141681,90.704865557,2349248
54,22,create_read_destroy,std_shared,asset,100000,1209913,12.09913,65000400000
54,23,resettable_root_pin_1024_borrow_reads,std_shared_pin_raw_borrow,scope,97,31785,327.680412371,2334208
54,24,create_read_destroy,own_shared,asset,100000,1764837,17.64837,65000400000
54,25,copy_read_drop,std_shared,copy,100000,1652320,16.5232,2350000
54,26,resource_lifecycle_64_assets_4096_objects,own_local,cycle,10,218796,21879.6,17203200
54,27,independent_owner_parameter,own_local,call,100000,123360,1.2336,2350000
54,28,async_queue_job_1024_borrow_reads,std_shared_then_raw_borrow,job,100,113965,1139.65,2406400
54,29,weak_lock_expired,own_shared,lock,100000,84718,0.84718,0
54,30,owner_retained_4096_draw_borrows,own_local_view,frame,24,66024,2751,41287680
54,31,weak_lock_expired,std_shared,lock,100000,92462,0.92462,0
54,32,resource_lifecycle_64_assets_4096_objects,std_shared,cycle,10,546051,54605.1,17203200
54,33,async_queue_job_64_local_copies,std_shared,job,100,326601,3266.01,150400
54,34,owner_retained_borrow_parameter,std_raw_borrow,call,100000,60183,0.60183,2350000
54,35,async_queue_job_1024_local_copies,std_shared,job,100,2418495,24184.95,2406400
54,36,group_setup_then_8_copies,own_local,group,12500,257662,20.61296,2350000
54,37,async_queue_job_1_borrow_reads,std_shared_then_raw_borrow,job,100,100213,1002.13,2000
54,38,share_read_drop,own_shared,handoff,100000,1119264,11.19264,2350000
54,39,group_setup_then_1024_copies,own_local,group,97,87964,906.845360825,2334208
54,40,independent_owner_parameter,std_shared,call,100000,1660535,16.60535,2350000
54,41,frame_4096_draws_64_unique_leases,std_shared,frame,24,105695,4403.95833333,41287680
54,42,share_read_drop,std_shared,handoff,100000,1459394,14.59394,2350000
54,43,scene_4096_attachments,std_shared,attachment,98304,933578,9.49684651693,98304
54,44,async_queue_job_1_local_copies,own_local,job,100,133599,1335.99,2000
54,45,async_queue_job_64_local_copies,own_local,job,100,159005,1590.05,150400
54,46,owner_retained_4096_parameter_borrows,std_raw_borrow,frame,24,80997,3374.875,41287680
54,47,owner_retained_4096_draw_borrows,std_raw_borrow,frame,24,47280,1970,41287680
54,48,owner_retained_borrow_copy_read,own_local_view,read,100000,30397,0.30397,2350000
54,49,async_queue_job_1024_borrow_reads,own_shared_then_local_view,job,100,159748,1597.48,2406400
54,50,owner_retained_borrow_parameter,own_local_view,call,100000,64409,0.64409,2350000
54,51,group_setup_then_1_copies,std_shared,group,100000,3355535,33.55535,2000000
54,52,owner_retained_borrow_copy_read,std_raw_borrow,read,100000,30267,0.30267,2350000
54,53,group_setup_then_64_copies,std_shared,group,1562,1718261,1100.0390525,2349248
54,54,create_read_destroy,own_local,asset,100000,1908413,19.08413,65000400000
54,55,scene_4096_attachments,own_local,attachment,98304,136783,1.39142862956,98304
55,0,owner_retained_4096_draw_borrows,own_local_view,frame,24,49622,2067.58333333,41287680
55,1,resource_lifecycle_64_assets_4096_objects,own_local,cycle,10,197261,19726.1,17203200
55,2,async_queue_job_64_borrow_reads,std_shared_then_raw_borrow,job,100,87036,870.36,150400
55,3,weak_lock_expired,own_shared,lock,100000,70945,0.70945,0
55,4,create_read_destroy,own_shared,asset,100000,1786381,17.86381,65000400000
55,5,async_queue_job_1024_local_copies,own_local,job,100,681557,6815.57,2406400
55,6,contended_copy_2_workers,std_shared,copy,200000,16938672,84.69336,4700000
55,7,share_read_drop,own_shared,handoff,100000,1199492,11.99492,2350000
55,8,copy_read_drop,std_shared,copy,100000,1716652,17.16652,2350000
55,9,group_setup_then_1_copies,own_local,group,100000,1372723,13.72723,2000000
55,10,scene_4096_attachments,own_local,attachment,98304,139605,1.42013549805,98304
55,11,async_queue_job_1_local_copies,own_local,job,100,101699,1016.99,2000
55,12,borrow_read,raw_borrow,read,100000,39445,0.39445,2350000
55,13,owner_retained_borrow_parameter,std_raw_borrow,call,100000,60238,0.60238,2350000
55,14,resource_lifecycle_64_assets_4096_objects,std_shared,cycle,10,548802,54880.2,17203200
55,15,async_queue_job_1_borrow_reads,std_shared_then_raw_borrow,job,100,64747,647.47,2000
55,16,async_queue_job_1024_local_copies,std_shared,job,100,2570640,25706.4,2406400
55,17,weak_lock_live,std_shared,lock,100000,1717405,17.17405,2350000
55,18,owner_retained_4096_draw_borrows,std_raw_borrow,frame,24,75541,3147.54166667,41287680
55,19,independent_owner_parameter,std_shared,call,100000,1658585,16.58585,2350000
55,20,async_queue_job_1024_borrow_reads,std_shared_then_raw_borrow,job,100,124851,1248.51,2406400
55,21,group_setup_then_64_copies,std_shared,group,1562,1691663,1083.01088348,2349248
55,22,owner_retained_4096_parameter_borrows,std_raw_borrow,frame,24,76329,3180.375,41287680
55,23,resettable_root_pin_1024_borrow_reads,std_shared_pin_raw_borrow,scope,97,31495,324.690721649,2334208
55,24,share_read_drop,std_shared,handoff,100000,1491424,14.91424,2350000
55,25,group_setup_then_1024_copies,std_shared,group,97,1654228,17053.8969072,2334208
55,26,contended_copy_2_workers,own_shared,copy,200000,9658521,48.292605,4700000
55,27,frame_4096_draws_64_unique_leases,own_shared,frame,24,92522,3855.08333333,41287680
55,28,owner_retained_borrow_copy_read,own_local_view,read,100000,32439,0.32439,2350000
55,29,owner_retained_4096_parameter_borrows,own_local_view,frame,24,78162,3256.75,41287680
55,30,group_setup_then_1_copies,std_shared,group,100000,3331196,33.31196,2000000
55,31,resettable_root_pin_1024_borrow_reads,own_shared_pin_local_view,scope,97,31670,326.494845361,2334208
55,32,create_read_destroy,own_local,asset,100000,1936904,19.36904,65000400000
55,33,group_setup_then_8_copies,own_local,group,12500,265316,21.22528,2350000
55,34,independent_owner_parameter,own_local,call,100000,112412,1.12412,2350000
55,35,group_setup_then_64_copies,own_local,group,1562,113473,72.6459667093,2349248
55,36,localize_read_drop,own_local,group,100000,1291724,12.91724,2350000
55,37,async_queue_job_1024_borrow_reads,own_shared_then_local_view,job,100,155523,1555.23,2406400
55,38,scene_4096_attachments,std_shared,attachment,98304,973406,9.90199788411,98304
55,39,group_setup_then_1024_copies,own_local,group,97,89284,920.453608247,2334208
55,40,copy_read_drop,own_local,copy,100000,105850,1.0585,2350000
55,41,create_read_destroy,std_shared,asset,100000,1214511,12.14511,65000400000
55,42,weak_lock_expired,std_shared,lock,100000,77303,0.77303,0
55,43,async_queue_job_64_borrow_reads,own_shared_then_local_view,job,100,59479,594.79,150400
55,44,weak_lock_live,own_shared,lock,100000,1511489,15.11489,2350000
55,45,owner_retained_borrow_parameter,own_local_view,call,100000,60149,0.60149,2350000
55,46,owner_retained_borrow_copy_read,std_raw_borrow,read,100000,30232,0.30232,2350000
55,47,copy_read_drop,own_shared,copy,100000,1314808,13.14808,2350000
55,48,async_queue_job_64_local_copies,std_shared,job,100,309674,3096.74,150400
55,49,async_queue_job_1_local_copies,std_shared,job,100,96350,963.5,2000
55,50,independent_owner_parameter,own_shared,call,100000,1302044,13.02044,2350000
55,51,async_queue_job_64_local_copies,own_local,job,100,105906,1059.06,150400
55,52,frame_4096_draws_64_unique_leases,std_shared,frame,24,96570,4023.75,41287680
55,53,async_queue_job_1_borrow_reads,own_shared_then_local_view,job,100,43769,437.69,2000
55,54,group_setup_then_8_copies,std_shared,group,12500,1890642,151.25136,2350000
55,55,localize_read_drop,std_shared,group,100000,1463525,14.63525,2350000
56,0,weak_lock_expired,std_shared,lock,100000,77039,0.77039,0
56,1,resource_lifecycle_64_assets_4096_objects,std_shared,cycle,10,529417,52941.7,17203200
56,2,async_queue_job_64_borrow_reads,own_shared_then_local_view,job,100,78938,789.38,150400
56,3,owner_retained_4096_draw_borrows,std_raw_borrow,frame,24,53393,2224.70833333,41287680
56,4,group_setup_then_1024_copies,own_local,group,97,88200,909.278350515,2334208
56,5,contended_copy_2_workers,std_shared,copy,200000,16790855,83.954275,4700000
56,6,resource_lifecycle_64_assets_4096_objects,own_local,cycle,10,200696,20069.6,17203200
56,7,owner_retained_borrow_parameter,std_raw_borrow,call,100000,70438,0.70438,2350000
56,8,frame_4096_draws_64_unique_leases,std_shared,frame,24,102952,4289.66666667,41287680
56,9,owner_retained_4096_parameter_borrows,own_local_view,frame,24,96125,4005.20833333,41287680
56,10,resettable_root_pin_1024_borrow_reads,own_shared_pin_local_view,scope,97,38158,393.381443299,2334208
56,11,group_setup_then_64_copies,std_shared,group,1562,1805026,1155.58642766,2349248
56,12,frame_4096_draws_64_unique_leases,own_shared,frame,24,94937,3955.70833333,41287680
56,13,resettable_root_pin_1024_borrow_reads,std_shared_pin_raw_borrow,scope,97,31749,327.309278351,2334208
56,14,create_read_destroy,std_shared,asset,100000,1204883,12.04883,65000400000
56,15,async_queue_job_1024_local_copies,own_local,job,100,665776,6657.76,2406400
56,16,contended_copy_2_workers,own_shared,copy,200000,10165228,50.82614,4700000
56,17,independent_owner_parameter,own_local,call,100000,112680,1.1268,2350000
56,18,group_setup_then_1_copies,std_shared,group,100000,3392311,33.92311,2000000
56,19,group_setup_then_64_copies,own_local,group,1562,122377,78.3463508323,2349248
56,20,async_queue_job_1024_local_copies,std_shared,job,100,2482155,24821.55,2406400
56,21,async_queue_job_64_local_copies,own_local,job,100,132118,1321.18,150400
56,22,share_read_drop,own_shared,handoff,100000,1134605,11.34605,2350000
56,23,group_setup_then_8_copies,own_local,group,12500,227990,18.2392,2350000
56,24,async_queue_job_64_borrow_reads,std_shared_then_raw_borrow,job,100,92309,923.09,150400
56,25,async_queue_job_1_borrow_reads,own_shared_then_local_view,job,100,54248,542.48,2000
56,26,async_queue_job_1_local_copies,own_local,job,100,61514,615.14,2000
56,27,group_setup_then_1024_copies,std_shared,group,97,1683616,17356.8659794,2334208
56,28,create_read_destroy,own_local,asset,100000,1901251,19.01251,65000400000
56,29,owner_retained_borrow_copy_read,std_raw_borrow,read,100000,30294,0.30294,2350000
56,30,copy_read_drop,own_local,copy,100000,105326,1.05326,2350000
56,31,group_setup_then_1_copies,own_local,group,100000,1347494,13.47494,2000000
56,32,async_queue_job_1_borrow_reads,std_shared_then_raw_borrow,job,100,58782,587.82,2000
56,33,async_queue_job_64_local_copies,std_shared,job,100,316622,3166.22,150400
56,34,share_read_drop,std_shared,handoff,100000,1471269,14.71269,2350000
56,35,owner_retained_borrow_copy_read,own_local_view,read,100000,32196,0.32196,2350000
56,36,localize_read_drop,own_local,group,100000,1273319,12.73319,2350000
56,37,async_queue_job_1024_borrow_reads,own_shared_then_local_view,job,100,264753,2647.53,2406400
56,38,borrow_read,raw_borrow,read,100000,46994,0.46994,2350000
56,39,copy_read_drop,std_shared,copy,100000,1637687,16.37687,2350000
56,40,async_queue_job_1024_borrow_reads,std_shared_then_raw_borrow,job,100,137789,1377.89,2406400
56,41,owner_retained_borrow_parameter,own_local_view,call,100000,76534,0.76534,2350000
56,42,scene_4096_attachments,own_local,attachment,98304,149992,1.52579752604,98304
56,43,create_read_destroy,own_shared,asset,100000,1825884,18.25884,65000400000
56,44,scene_4096_attachments,std_shared,attachment,98304,978122,9.94997151693,98304
56,45,owner_retained_4096_parameter_borrows,std_raw_borrow,frame,24,81581,3399.20833333,41287680
56,46,async_queue_job_1_local_copies,std_shared,job,100,99785,997.85,2000
56,47,group_setup_then_8_copies,std_shared,group,12500,1856074,148.48592,2350000
56,48,weak_lock_live,own_shared,lock,100000,1489983,14.89983,2350000
56,49,weak_lock_live,std_shared,lock,100000,1692292,16.92292,2350000
56,50,independent_owner_parameter,std_shared,call,100000,1639261,16.39261,2350000
56,51,weak_lock_expired,own_shared,lock,100000,70783,0.70783,0
56,52,independent_owner_parameter,own_shared,call,100000,1331989,13.31989,2350000
56,53,owner_retained_4096_draw_borrows,own_local_view,frame,24,55802,2325.08333333,41287680
56,54,copy_read_drop,own_shared,copy,100000,1371596,13.71596,2350000
56,55,localize_read_drop,std_shared,group,100000,1470357,14.70357,2350000
57,0,owner_retained_borrow_parameter,std_raw_borrow,call,100000,60091,0.60091,2350000
57,1,async_queue_job_64_borrow_reads,std_shared_then_raw_borrow,job,100,82584,825.84,150400
57,2,group_setup_then_1024_copies,std_shared,group,97,1617831,16678.6701031,2334208
57,3,localize_read_drop,own_local,group,100000,1510019,15.10019,2350000
57,4,async_queue_job_1_local_copies,own_local,job,100,87308,873.08,2000
57,5,group_setup_then_8_copies,own_local,group,12500,339252,27.14016,2350000
57,6,group_setup_then_1_copies,own_local,group,100000,1662732,16.62732,2000000
57,7,create_read_destroy,own_local,asset,100000,1918094,19.18094,65000400000
57,8,async_queue_job_1024_borrow_reads,std_shared_then_raw_borrow,job,100,117803,1178.03,2406400
57,9,independent_owner_parameter,std_shared,call,100000,1670180,16.7018,2350000
57,10,resource_lifecycle_64_assets_4096_objects,std_shared,cycle,10,525399,52539.9,17203200
57,11,group_setup_then_8_copies,std_shared,group,12500,1872517,149.80136,2350000
57,12,weak_lock_live,std_shared,lock,100000,1720757,17.20757,2350000
57,13,localize_read_drop,std_shared,group,100000,1458725,14.58725,2350000
57,14,copy_read_drop,std_shared,copy,100000,1642277,16.42277,2350000
57,15,contended_copy_2_workers,std_shared,copy,200000,18241474,91.20737,4700000
57,16,owner_retained_4096_draw_borrows,own_local_view,frame,24,55636,2318.16666667,41287680
57,17,independent_owner_parameter,own_local,call,100000,140452,1.40452,2350000
57,18,group_setup_then_1024_copies,own_local,group,97,128976,1329.64948454,2334208
57,19,group_setup_then_1_copies,std_shared,group,100000,3302895,33.02895,2000000
57,20,async_queue_job_1_local_copies,std_shared,job,100,68537,685.37,2000
57,21,weak_lock_expired,std_shared,lock,100000,77357,0.77357,0
57,22,owner_retained_borrow_copy_read,own_local_view,read,100000,32420,0.3242,2350000
57,23,create_read_destroy,own_shared,asset,100000,1772663,17.72663,65000400000
57,24,weak_lock_live,own_shared,lock,100000,1512351,15.12351,2350000
57,25,contended_copy_2_workers,own_shared,copy,200000,10478793,52.393965,4700000
57,26,resource_lifecycle_64_assets_4096_objects,own_local,cycle,10,215594,21559.4,17203200
57,27,weak_lock_expired,own_shared,lock,100000,71025,0.71025,0
57,28,share_read_drop,std_shared,handoff,100000,1510391,15.10391,2350000
57,29,owner_retained_borrow_parameter,own_local_view,call,100000,60207,0.60207,2350000
57,30,copy_read_drop,own_shared,copy,100000,1325067,13.25067,2350000
57,31,owner_retained_borrow_copy_read,std_raw_borrow,read,100000,30212,0.30212,2350000
57,32,frame_4096_draws_64_unique_leases,std_shared,frame,24,90832,3784.66666667,41287680
57,33,independent_owner_parameter,own_shared,call,100000,1329656,13.29656,2350000
57,34,create_read_destroy,std_shared,asset,100000,1173794,11.73794,65000400000
57,35,frame_4096_draws_64_unique_leases,own_shared,frame,24,95566,3981.91666667,41287680
57,36,async_queue_job_1024_local_copies,std_shared,job,100,2448236,24482.36,2406400
57,37,owner_retained_4096_parameter_borrows,own_local_view,frame,24,95336,3972.33333333,41287680
57,38,scene_4096_attachments,own_local,attachment,98304,132721,1.35010782878,98304
57,39,async_queue_job_64_local_copies,own_local,job,100,95674,956.74,150400
57,40,resettable_root_pin_1024_borrow_reads,std_shared_pin_raw_borrow,scope,97,31902,328.886597938,2334208
57,41,owner_retained_4096_parameter_borrows,std_raw_borrow,frame,24,80322,3346.75,41287680
57,42,group_setup_then_64_copies,own_local,group,1562,111917,71.6498079385,2349248
57,43,group_setup_then_64_copies,std_shared,group,1562,1680796,1076.05377721,2349248
57,44,copy_read_drop,own_local,copy,100000,119612,1.19612,2350000
57,45,resettable_root_pin_1024_borrow_reads,own_shared_pin_local_view,scope,97,31374,323.443298969,2334208
57,46,share_read_drop,own_shared,handoff,100000,1118116,11.18116,2350000
57,47,async_queue_job_64_borrow_reads,own_shared_then_local_view,job,100,75713,757.13,150400
57,48,borrow_read,raw_borrow,read,100000,35435,0.35435,2350000
57,49,async_queue_job_1_borrow_reads,own_shared_then_local_view,job,100,42306,423.06,2000
57,50,async_queue_job_1024_borrow_reads,own_shared_then_local_view,job,100,163199,1631.99,2406400
57,51,async_queue_job_64_local_copies,std_shared,job,100,280170,2801.7,150400
57,52,owner_retained_4096_draw_borrows,std_raw_borrow,frame,24,48698,2029.08333333,41287680
57,53,async_queue_job_1024_local_copies,own_local,job,100,401885,4018.85,2406400
57,54,async_queue_job_1_borrow_reads,std_shared_then_raw_borrow,job,100,62561,625.61,2000
57,55,scene_4096_attachments,std_shared,attachment,98304,946510,9.6283976237,98304
58,0,async_queue_job_64_local_copies,own_local,job,100,85677,856.77,150400
58,1,async_queue_job_64_borrow_reads,std_shared_then_raw_borrow,job,100,65522,655.22,150400
58,2,owner_retained_4096_draw_borrows,std_raw_borrow,frame,24,64673,2694.70833333,41287680
58,3,resettable_root_pin_1024_borrow_reads,own_shared_pin_local_view,scope,97,39099,403.082474227,2334208
58,4,resettable_root_pin_1024_borrow_reads,std_shared_pin_raw_borrow,scope,97,42158,434.618556701,2334208
58,5,weak_lock_live,own_shared,lock,100000,1536864,15.36864,2350000
58,6,copy_read_drop,std_shared,copy,100000,1656460,16.5646,2350000
58,7,async_queue_job_1_local_copies,std_shared,job,100,74699,746.99,2000
58,8,owner_retained_borrow_parameter,std_raw_borrow,call,100000,61811,0.61811,2350000
58,9,scene_4096_attachments,own_local,attachment,98304,149540,1.52119954427,98304
58,10,group_setup_then_8_copies,own_local,group,12500,262879,21.03032,2350000
58,11,create_read_destroy,std_shared,asset,100000,1206364,12.06364,65000400000
58,12,async_queue_job_1024_borrow_reads,own_shared_then_local_view,job,100,121147,1211.47,2406400
58,13,owner_retained_4096_parameter_borrows,std_raw_borrow,frame,24,77982,3249.25,41287680
58,14,async_queue_job_64_local_copies,std_shared,job,100,323950,3239.5,150400
58,15,create_read_destroy,own_local,asset,100000,1954288,19.54288,65000400000
58,16,contended_copy_2_workers,std_shared,copy,200000,17621526,88.10763,4700000
58,17,localize_read_drop,std_shared,group,100000,1509533,15.09533,2350000
58,18,owner_retained_4096_draw_borrows,own_local_view,frame,24,50249,2093.70833333,41287680
58,19,create_read_destroy,own_shared,asset,100000,1772221,17.72221,65000400000
58,20,frame_4096_draws_64_unique_leases,own_shared,frame,24,95582,3982.58333333,41287680
58,21,async_queue_job_1_borrow_reads,own_shared_then_local_view,job,100,69762,697.62,2000
58,22,group_setup_then_1024_copies,own_local,group,97,87983,907.041237113,2334208
58,23,group_setup_then_1_copies,own_local,group,100000,1359642,13.59642,2000000
58,24,resource_lifecycle_64_assets_4096_objects,std_shared,cycle,10,560101,56010.1,17203200
58,25,async_queue_job_1_borrow_reads,std_shared_then_raw_borrow,job,100,56061,560.61,2000
58,26,group_setup_then_8_copies,std_shared,group,12500,1873884,149.91072,2350000
58,27,weak_lock_live,std_shared,lock,100000,1684148,16.84148,2350000
58,28,group_setup_then_1024_copies,std_shared,group,97,1675142,17269.5051546,2334208
58,29,copy_read_drop,own_local,copy,100000,105871,1.05871,2350000
58,30,independent_owner_parameter,own_shared,call,100000,1298282,12.98282,2350000
58,31,owner_retained_borrow_copy_read,own_local_view,read,100000,31104,0.31104,2350000
58,32,async_queue_job_1024_local_copies,std_shared,job,100,2473433,24734.33,2406400
58,33,async_queue_job_1_local_copies,own_local,job,100,49499,494.99,2000
58,34,group_setup_then_64_copies,own_local,group,1562,111720,71.52368758,2349248
58,35,weak_lock_expired,own_shared,lock,100000,68814,0.68814,0
58,36,copy_read_drop,own_shared,copy,100000,1295073,12.95073,2350000
58,37,frame_4096_draws_64_unique_leases,std_shared,frame,24,105615,4400.625,41287680
58,38,async_queue_job_1024_borrow_reads,std_shared_then_raw_borrow,job,100,192146,1921.46,2406400
58,39,async_queue_job_1024_local_copies,own_local,job,100,314583,3145.83,2406400
58,40,owner_retained_4096_parameter_borrows,own_local_view,frame,24,79258,3302.41666667,41287680
58,41,async_queue_job_64_borrow_reads,own_shared_then_local_view,job,100,96850,968.5,150400
58,42,localize_read_drop,own_local,group,100000,1288046,12.88046,2350000
58,43,borrow_read,raw_borrow,read,100000,35559,0.35559,2350000
58,44,owner_retained_borrow_parameter,own_local_view,call,100000,64321,0.64321,2350000
58,45,independent_owner_parameter,std_shared,call,100000,1638900,16.389,2350000
58,46,resource_lifecycle_64_assets_4096_objects,own_local,cycle,10,212862,21286.2,17203200
58,47,owner_retained_borrow_copy_read,std_raw_borrow,read,100000,29999,0.29999,2350000
58,48,scene_4096_attachments,std_shared,attachment,98304,1063657,10.8200785319,98304
58,49,share_read_drop,own_shared,handoff,100000,1113620,11.1362,2350000
58,50,independent_owner_parameter,own_local,call,100000,113920,1.1392,2350000
58,51,group_setup_then_64_copies,std_shared,group,1562,1688016,1080.67605634,2349248
58,52,weak_lock_expired,std_shared,lock,100000,77118,0.77118,0
58,53,group_setup_then_1_copies,std_shared,group,100000,3386527,33.86527,2000000
58,54,share_read_drop,std_shared,handoff,100000,1479198,14.79198,2350000
58,55,contended_copy_2_workers,own_shared,copy,200000,10181264,50.90632,4700000
59,0,group_setup_then_1024_copies,std_shared,group,97,1679376,17313.1546392,2334208
59,1,frame_4096_draws_64_unique_leases,std_shared,frame,24,106188,4424.5,41287680
59,2,owner_retained_borrow_parameter,std_raw_borrow,call,100000,73957,0.73957,2350000
59,3,contended_copy_2_workers,std_shared,copy,200000,14551891,72.759455,4700000
59,4,resettable_root_pin_1024_borrow_reads,std_shared_pin_raw_borrow,scope,97,32135,331.288659794,2334208
59,5,resource_lifecycle_64_assets_4096_objects,std_shared,cycle,10,536280,53628,17203200
59,6,async_queue_job_64_borrow_reads,std_shared_then_raw_borrow,job,100,72662,726.62,150400
59,7,create_read_destroy,std_shared,asset,100000,1224911,12.24911,65000400000
59,8,async_queue_job_64_borrow_reads,own_shared_then_local_view,job,100,48105,481.05,150400
59,9,group_setup_then_64_copies,own_local,group,1562,113670,72.7720870679,2349248
59,10,localize_read_drop,own_local,group,100000,1284420,12.8442,2350000
59,11,scene_4096_attachments,std_shared,attachment,98304,941826,9.58074951172,98304
59,12,owner_retained_borrow_copy_read,own_local_view,read,100000,31717,0.31717,2350000
59,13,copy_read_drop,own_local,copy,100000,116896,1.16896,2350000
59,14,async_queue_job_64_local_copies,own_local,job,100,76892,768.92,150400
59,15,group_setup_then_8_copies,std_shared,group,12500,1898566,151.88528,2350000
59,16,weak_lock_live,std_shared,lock,100000,1664867,16.64867,2350000
59,17,async_queue_job_1_local_copies,own_local,job,100,71189,711.89,2000
59,18,create_read_destroy,own_local,asset,100000,1921371,19.21371,65000400000
59,19,async_queue_job_1_local_copies,std_shared,job,100,74425,744.25,2000
59,20,owner_retained_4096_parameter_borrows,std_raw_borrow,frame,24,81834,3409.75,41287680
59,21,async_queue_job_1024_local_copies,own_local,job,100,398869,3988.69,2406400
59,22,async_queue_job_64_local_copies,std_shared,job,100,319368,3193.68,150400
59,23,owner_retained_borrow_parameter,own_local_view,call,100000,66004,0.66004,2350000
59,24,async_queue_job_1024_borrow_reads,std_shared_then_raw_borrow,job,100,160929,1609.29,2406400
59,25,frame_4096_draws_64_unique_leases,own_shared,frame,24,95653,3985.54166667,41287680
59,26,group_setup_then_1_copies,std_shared,group,100000,3437588,34.37588,2000000
59,27,weak_lock_expired,std_shared,lock,100000,77392,0.77392,0
59,28,weak_lock_expired,own_shared,lock,100000,70849,0.70849,0
59,29,async_queue_job_1024_local_copies,std_shared,job,100,2222436,22224.36,2406400
59,30,async_queue_job_1024_borrow_reads,own_shared_then_local_view,job,100,136641,1366.41,2406400
59,31,independent_owner_parameter,own_shared,call,100000,1445545,14.45545,2350000
59,32,async_queue_job_1_borrow_reads,std_shared_then_raw_borrow,job,100,75469,754.69,2000
59,33,resettable_root_pin_1024_borrow_reads,own_shared_pin_local_view,scope,97,37245,383.969072165,2334208
59,34,owner_retained_borrow_copy_read,std_raw_borrow,read,100000,34122,0.34122,2350000
59,35,group_setup_then_1024_copies,own_local,group,97,104497,1077.28865979,2334208
59,36,owner_retained_4096_parameter_borrows,own_local_view,frame,24,97635,4068.125,41287680
59,37,owner_retained_4096_draw_borrows,std_raw_borrow,frame,24,51517,2146.54166667,41287680
59,38,async_queue_job_1_borrow_reads,own_shared_then_local_view,job,100,56289,562.89,2000
59,39,borrow_read,raw_borrow,read,100000,35419,0.35419,2350000
59,40,copy_read_drop,std_shared,copy,100000,1655119,16.55119,2350000
59,41,share_read_drop,own_shared,handoff,100000,1163306,11.63306,2350000
59,42,group_setup_then_8_copies,own_local,group,12500,305506,24.44048,2350000
59,43,independent_owner_parameter,std_shared,call,100000,1790522,17.90522,2350000
59,44,weak_lock_live,own_shared,lock,100000,1873864,18.73864,2350000
59,45,create_read_destroy,own_shared,asset,100000,1807765,18.07765,65000400000
59,46,contended_copy_2_workers,own_shared,copy,200000,12855972,64.27986,4700000
59,47,scene_4096_attachments,own_local,attachment,98304,146526,1.49053955078,98304
59,48,independent_owner_parameter,own_local,call,100000,119804,1.19804,2350000
59,49,owner_retained_4096_draw_borrows,own_local_view,frame,24,50201,2091.70833333,41287680
59,50,group_setup_then_1_copies,own_local,group,100000,1449606,14.49606,2000000
59,51,localize_read_drop,std_shared,group,100000,1497189,14.97189,2350000
59,52,copy_read_drop,own_shared,copy,100000,1339021,13.39021,2350000
59,53,resource_lifecycle_64_assets_4096_objects,own_local,cycle,10,232334,23233.4,17203200
59,54,group_setup_then_64_copies,std_shared,group,1562,1688788,1081.17029449,2349248
59,55,share_read_drop,std_shared,handoff,100000,1488438,14.88438,2350000
60,0,async_queue_job_1024_borrow_reads,own_shared_then_local_view,job,100,121066,1210.66,2406400
60,1,borrow_read,raw_borrow,read,100000,35239,0.35239,2350000
60,2,copy_read_drop,own_shared,copy,100000,1322848,13.22848,2350000
60,3,create_read_destroy,std_shared,asset,100000,1372744,13.72744,65000400000
60,4,resettable_root_pin_1024_borrow_reads,std_shared_pin_raw_borrow,scope,97,31704,326.845360825,2334208
60,5,frame_4096_draws_64_unique_leases,own_shared,frame,24,88282,3678.41666667,41287680
60,6,group_setup_then_1024_copies,own_local,group,97,92390,952.474226804,2334208
60,7,owner_retained_4096_draw_borrows,own_local_view,frame,24,53757,2239.875,41287680
60,8,contended_copy_2_workers,std_shared,copy,200000,12035350,60.17675,4700000
60,9,async_queue_job_1_local_copies,std_shared,job,100,64669,646.69,2000
60,10,async_queue_job_64_borrow_reads,std_shared_then_raw_borrow,job,100,100927,1009.27,150400
60,11,owner_retained_borrow_copy_read,std_raw_borrow,read,100000,30406,0.30406,2350000
60,12,owner_retained_4096_parameter_borrows,own_local_view,frame,24,78909,3287.875,41287680
60,13,group_setup_then_8_copies,std_shared,group,12500,1896019,151.68152,2350000
60,14,independent_owner_parameter,std_shared,call,100000,1669270,16.6927,2350000
60,15,owner_retained_4096_draw_borrows,std_raw_borrow,frame,24,50787,2116.125,41287680
60,16,resource_lifecycle_64_assets_4096_objects,std_shared,cycle,10,514888,51488.8,17203200
60,17,create_read_destroy,own_local,asset,100000,1929020,19.2902,65000400000
60,18,share_read_drop,std_shared,handoff,100000,1502034,15.02034,2350000
60,19,scene_4096_attachments,std_shared,attachment,98304,943319,9.5959370931,98304
60,20,async_queue_job_1_local_copies,own_local,job,100,75530,755.3,2000
60,21,share_read_drop,own_shared,handoff,100000,1135605,11.35605,2350000
60,22,weak_lock_expired,own_shared,lock,100000,69616,0.69616,0
60,23,weak_lock_expired,std_shared,lock,100000,77124,0.77124,0
60,24,group_setup_then_64_copies,std_shared,group,1562,1696367,1086.02240717,2349248
60,25,group_setup_then_1_copies,own_local,group,100000,1469526,14.69526,2000000
60,26,owner_retained_borrow_copy_read,own_local_view,read,100000,30989,0.30989,2350000
60,27,async_queue_job_64_borrow_reads,own_shared_then_local_view,job,100,96903,969.03,150400
60,28,frame_4096_draws_64_unique_leases,std_shared,frame,24,87410,3642.08333333,41287680
60,29,resettable_root_pin_1024_borrow_reads,own_shared_pin_local_view,scope,97,31536,325.113402062,2334208
60,30,owner_retained_borrow_parameter,std_raw_borrow,call,100000,64382,0.64382,2350000
60,31,scene_4096_attachments,own_local,attachment,98304,136399,1.38752237956,98304
60,32,async_queue_job_64_local_copies,own_local,job,100,101244,1012.44,150400
60,33,async_queue_job_1_borrow_reads,std_shared_then_raw_borrow,job,100,122013,1220.13,2000
60,34,weak_lock_live,std_shared,lock,100000,1672768,16.72768,2350000
60,35,weak_lock_live,own_shared,lock,100000,1523262,15.23262,2350000
60,36,group_setup_then_1024_copies,std_shared,group,97,1680435,17324.0721649,2334208
60,37,owner_retained_4096_parameter_borrows,std_raw_borrow,frame,24,78806,3283.58333333,41287680
60,38,async_queue_job_1024_local_copies,std_shared,job,100,2454429,24544.29,2406400
60,39,group_setup_then_8_copies,own_local,group,12500,266001,21.28008,2350000
60,40,async_queue_job_1_borrow_reads,own_shared_then_local_view,job,100,67061,670.61,2000
60,41,copy_read_drop,own_local,copy,100000,111620,1.1162,2350000
60,42,async_queue_job_1024_borrow_reads,std_shared_then_raw_borrow,job,100,369287,3692.87,2406400
60,43,resource_lifecycle_64_assets_4096_objects,own_local,cycle,10,214334,21433.4,17203200
60,44,contended_copy_2_workers,own_shared,copy,200000,13109716,65.54858,4700000
60,45,async_queue_job_1024_local_copies,own_local,job,100,418639,4186.39,2406400
60,46,group_setup_then_64_copies,own_local,group,1562,141705,90.7202304738,2349248
60,47,localize_read_drop,own_local,group,100000,1310824,13.10824,2350000
60,48,copy_read_drop,std_shared,copy,100000,1656698,16.56698,2350000
60,49,owner_retained_borrow_parameter,own_local_view,call,100000,61889,0.61889,2350000
60,50,localize_read_drop,std_shared,group,100000,1485347,14.85347,2350000
60,51,group_setup_then_1_copies,std_shared,group,100000,3358721,33.58721,2000000
60,52,create_read_destroy,own_shared,asset,100000,1812335,18.12335,65000400000
60,53,async_queue_job_64_local_copies,std_shared,job,100,270066,2700.66,150400
60,54,independent_owner_parameter,own_local,call,100000,128156,1.28156,2350000
60,55,independent_owner_parameter,own_shared,call,100000,1305019,13.05019,2350000
61,0,resettable_root_pin_1024_borrow_reads,std_shared_pin_raw_borrow,scope,97,31860,328.453608247,2334208
61,1,owner_retained_borrow_parameter,own_local_view,call,100000,59897,0.59897,2350000
61,2,frame_4096_draws_64_unique_leases,own_shared,frame,24,94862,3952.58333333,41287680
61,3,async_queue_job_64_borrow_reads,std_shared_then_raw_borrow,job,100,114451,1144.51,150400
61,4,group_setup_then_8_copies,own_local,group,12500,264771,21.18168,2350000
61,5,weak_lock_live,std_shared,lock,100000,1687765,16.87765,2350000
61,6,owner_retained_borrow_copy_read,std_raw_borrow,read,100000,30587,0.30587,2350000
61,7,contended_copy_2_workers,own_shared,copy,200000,12967310,64.83655,4700000
61,8,group_setup_then_1_copies,std_shared,group,100000,3448453,34.48453,2000000
61,9,async_queue_job_64_local_copies,own_local,job,100,102063,1020.63,150400
61,10,async_queue_job_1_borrow_reads,own_shared_then_local_view,job,100,69886,698.86,2000
61,11,localize_read_drop,own_local,group,100000,1274139,12.74139,2350000
61,12,async_queue_job_64_borrow_reads,own_shared_then_local_view,job,100,59433,594.33,150400
61,13,copy_read_drop,std_shared,copy,100000,1671975,16.71975,2350000
61,14,create_read_destroy,own_shared,asset,100000,1759937,17.59937,65000400000
61,15,owner_retained_4096_draw_borrows,own_local_view,frame,24,50359,2098.29166667,41287680
61,16,independent_owner_parameter,own_shared,call,100000,1981861,19.81861,2350000
61,17,independent_owner_parameter,std_shared,call,100000,1671875,16.71875,2350000
61,18,weak_lock_live,own_shared,lock,100000,1501021,15.01021,2350000
61,19,weak_lock_expired,own_shared,lock,100000,68841,0.68841,0
61,20,group_setup_then_64_copies,std_shared,group,1562,1966335,1258.85723431,2349248
61,21,async_queue_job_1_borrow_reads,std_shared_then_raw_borrow,job,100,105457,1054.57,2000
61,22,resource_lifecycle_64_assets_4096_objects,own_local,cycle,10,213985,21398.5,17203200
61,23,owner_retained_4096_parameter_borrows,std_raw_borrow,frame,24,80224,3342.66666667,41287680
61,24,group_setup_then_64_copies,own_local,group,1562,110666,70.8489116517,2349248
61,25,owner_retained_4096_parameter_borrows,own_local_view,frame,24,84178,3507.41666667,41287680
61,26,independent_owner_parameter,own_local,call,100000,112534,1.12534,2350000
61,27,async_queue_job_1_local_copies,std_shared,job,100,103831,1038.31,2000
61,28,share_read_drop,own_shared,handoff,100000,1128047,11.28047,2350000
61,29,group_setup_then_1024_copies,std_shared,group,97,1664470,17159.4845361,2334208
61,30,scene_4096_attachments,own_local,attachment,98304,141909,1.44357299805,98304
61,31,contended_copy_2_workers,std_shared,copy,200000,8963955,44.819775,4700000
61,32,owner_retained_borrow_parameter,std_raw_borrow,call,100000,62038,0.62038,2350000
61,33,async_queue_job_1024_local_copies,own_local,job,100,410268,4102.68,2406400
61,34,resettable_root_pin_1024_borrow_reads,own_shared_pin_local_view,scope,97,31724,327.051546392,2334208
61,35,async_queue_job_1024_borrow_reads,std_shared_then_raw_borrow,job,100,236022,2360.22,2406400
61,36,create_read_destroy,std_shared,asset,100000,1208198,12.08198,65000400000
61,37,copy_read_drop,own_local,copy,100000,125574,1.25574,2350000
61,38,scene_4096_attachments,std_shared,attachment,98304,936400,9.52555338542,98304
61,39,async_queue_job_1024_local_copies,std_shared,job,100,2686086,26860.86,2406400
61,40,share_read_drop,std_shared,handoff,100000,1513389,15.13389,2350000
61,41,group_setup_then_1_copies,own_local,group,100000,1364979,13.64979,2000000
61,42,owner_retained_4096_draw_borrows,std_raw_borrow,frame,24,52431,2184.625,41287680
61,43,copy_read_drop,own_shared,copy,100000,1313476,13.13476,2350000
61,44,async_queue_job_1_local_copies,own_local,job,100,58797,587.97,2000
61,45,frame_4096_draws_64_unique_leases,std_shared,frame,24,97242,4051.75,41287680
61,46,group_setup_then_8_copies,std_shared,group,12500,1857857,148.62856,2350000
61,47,async_queue_job_1024_borrow_reads,own_shared_then_local_view,job,100,169372,1693.72,2406400
61,48,borrow_read,raw_borrow,read,100000,39197,0.39197,2350000
61,49,create_read_destroy,own_local,asset,100000,2009079,20.09079,65000400000
61,50,async_queue_job_64_local_copies,std_shared,job,100,340560,3405.6,150400
61,51,weak_lock_expired,std_shared,lock,100000,77342,0.77342,0
61,52,localize_read_drop,std_shared,group,100000,1476403,14.76403,2350000
61,53,owner_retained_borrow_copy_read,own_local_view,read,100000,32335,0.32335,2350000
61,54,group_setup_then_1024_copies,own_local,group,97,88621,913.618556701,2334208
61,55,resource_lifecycle_64_assets_4096_objects,std_shared,cycle,10,516991,51699.1,17203200
62,0,async_queue_job_64_local_copies,std_shared,job,100,281689,2816.89,150400
62,1,borrow_read,raw_borrow,read,100000,35295,0.35295,2350000
62,2,contended_copy_2_workers,std_shared,copy,200000,5027469,25.137345,4700000
62,3,frame_4096_draws_64_unique_leases,own_shared,frame,24,95511,3979.625,41287680
62,4,async_queue_job_64_borrow_reads,std_shared_then_raw_borrow,job,100,126045,1260.45,150400
62,5,resettable_root_pin_1024_borrow_reads,std_shared_pin_raw_borrow,scope,97,31942,329.298969072,2334208
62,6,independent_owner_parameter,own_shared,call,100000,1298774,12.98774,2350000
62,7,independent_owner_parameter,own_local,call,100000,111660,1.1166,2350000
62,8,weak_lock_expired,own_shared,lock,100000,70842,0.70842,0
62,9,independent_owner_parameter,std_shared,call,100000,1650876,16.50876,2350000
62,10,async_queue_job_1_local_copies,std_shared,job,100,53012,530.12,2000
62,11,owner_retained_4096_draw_borrows,std_raw_borrow,frame,24,52029,2167.875,41287680
62,12,copy_read_drop,own_local,copy,100000,111371,1.11371,2350000
62,13,async_queue_job_1024_borrow_reads,std_shared_then_raw_borrow,job,100,304738,3047.38,2406400
62,14,owner_retained_4096_parameter_borrows,std_raw_borrow,frame,24,88319,3679.95833333,41287680
62,15,async_queue_job_64_local_copies,own_local,job,100,77146,771.46,150400
62,16,owner_retained_4096_parameter_borrows,own_local_view,frame,24,79830,3326.25,41287680
62,17,localize_read_drop,own_local,group,100000,1274013,12.74013,2350000
62,18,group_setup_then_64_copies,std_shared,group,1562,1687601,1080.41037132,2349248
62,19,owner_retained_borrow_copy_read,own_local_view,read,100000,51339,0.51339,2350000
62,20,owner_retained_4096_draw_borrows,own_local_view,frame,24,47022,1959.25,41287680
62,21,group_setup_then_1024_copies,own_local,group,97,87879,905.969072165,2334208
62,22,group_setup_then_1024_copies,std_shared,group,97,1684673,17367.7628866,2334208
62,23,async_queue_job_1024_local_copies,std_shared,job,100,2442285,24422.85,2406400
62,24,resource_lifecycle_64_assets_4096_objects,own_local,cycle,10,197072,19707.2,17203200
62,25,group_setup_then_1_copies,own_local,group,100000,1385159,13.85159,2000000
62,26,share_read_drop,std_shared,handoff,100000,1458020,14.5802,2350000
62,27,weak_lock_expired,std_shared,lock,100000,77178,0.77178,0
62,28,create_read_destroy,own_local,asset,100000,1908975,19.08975,65000400000
62,29,weak_lock_live,std_shared,lock,100000,1671377,16.71377,2350000
62,30,resettable_root_pin_1024_borrow_reads,own_shared_pin_local_view,scope,97,31636,326.144329897,2334208
62,31,create_read_destroy,own_shared,asset,100000,1786832,17.86832,65000400000
62,32,scene_4096_attachments,own_local,attachment,98304,135780,1.38122558594,98304
62,33,async_queue_job_1024_local_copies,own_local,job,100,424784,4247.84,2406400
62,34,async_queue_job_1_local_copies,own_local,job,100,43559,435.59,2000
62,35,resource_lifecycle_64_assets_4096_objects,std_shared,cycle,10,545098,54509.8,17203200
62,36,create_read_destroy,std_shared,asset,100000,1219376,12.19376,65000400000
62,37,owner_retained_borrow_parameter,own_local_view,call,100000,61907,0.61907,2350000
62,38,copy_read_drop,own_shared,copy,100000,1334192,13.34192,2350000
62,39,localize_read_drop,std_shared,group,100000,1489846,14.89846,2350000
62,40,async_queue_job_64_borrow_reads,own_shared_then_local_view,job,100,74919,749.19,150400
62,41,owner_retained_borrow_parameter,std_raw_borrow,call,100000,64330,0.6433,2350000
62,42,share_read_drop,own_shared,handoff,100000,1117001,11.17001,2350000
62,43,scene_4096_attachments,std_shared,attachment,98304,959429,9.75981648763,98304
62,44,owner_retained_borrow_copy_read,std_raw_borrow,read,100000,30092,0.30092,2350000
62,45,group_setup_then_8_copies,own_local,group,12500,300803,24.06424,2350000
62,46,async_queue_job_1_borrow_reads,own_shared_then_local_view,job,100,67314,673.14,2000
62,47,async_queue_job_1_borrow_reads,std_shared_then_raw_borrow,job,100,113613,1136.13,2000
62,48,group_setup_then_8_copies,std_shared,group,12500,2023070,161.8456,2350000
62,49,copy_read_drop,std_shared,copy,100000,1789755,17.89755,2350000
62,50,contended_copy_2_workers,own_shared,copy,200000,11876880,59.3844,4700000
62,51,group_setup_then_64_copies,own_local,group,1562,134351,86.0121638924,2349248
62,52,group_setup_then_1_copies,std_shared,group,100000,3272040,32.7204,2000000
62,53,weak_lock_live,own_shared,lock,100000,1581967,15.81967,2350000
62,54,async_queue_job_1024_borrow_reads,own_shared_then_local_view,job,100,138655,1386.55,2406400
62,55,frame_4096_draws_64_unique_leases,std_shared,frame,24,107617,4484.04166667,41287680
63,0,copy_read_drop,own_local,copy,100000,105590,1.0559,2350000
63,1,copy_read_drop,own_shared,copy,100000,1295078,12.95078,2350000
63,2,weak_lock_expired,own_shared,lock,100000,70856,0.70856,0
63,3,group_setup_then_1_copies,own_local,group,100000,1388361,13.88361,2000000
63,4,async_queue_job_1024_borrow_reads,own_shared_then_local_view,job,100,218222,2182.22,2406400
63,5,share_read_drop,std_shared,handoff,100000,1465504,14.65504,2350000
63,6,independent_owner_parameter,std_shared,call,100000,1658787,16.58787,2350000
63,7,owner_retained_4096_parameter_borrows,own_local_view,frame,24,79571,3315.45833333,41287680
63,8,borrow_read,raw_borrow,read,100000,35401,0.35401,2350000
63,9,weak_lock_live,own_shared,lock,100000,1499787,14.99787,2350000
63,10,owner_retained_borrow_copy_read,std_raw_borrow,read,100000,32948,0.32948,2350000
63,11,resettable_root_pin_1024_borrow_reads,own_shared_pin_local_view,scope,97,31814,327.979381443,2334208
63,12,create_read_destroy,std_shared,asset,100000,1236446,12.36446,65000400000
63,13,frame_4096_draws_64_unique_leases,own_shared,frame,24,98772,4115.5,41287680
63,14,group_setup_then_64_copies,own_local,group,1562,134689,86.228553137,2349248
63,15,async_queue_job_1024_borrow_reads,std_shared_then_raw_borrow,job,100,326333,3263.33,2406400
63,16,owner_retained_4096_draw_borrows,own_local_view,frame,24,48376,2015.66666667,41287680
63,17,weak_lock_live,std_shared,lock,100000,1694073,16.94073,2350000
63,18,owner_retained_4096_draw_borrows,std_raw_borrow,frame,24,50389,2099.54166667,41287680
63,19,group_setup_then_8_copies,std_shared,group,12500,1921485,153.7188,2350000
63,20,async_queue_job_64_local_copies,std_shared,job,100,359526,3595.26,150400
63,21,independent_owner_parameter,own_local,call,100000,112524,1.12524,2350000
63,22,weak_lock_expired,std_shared,lock,100000,89462,0.89462,0
63,23,owner_retained_borrow_parameter,own_local_view,call,100000,64335,0.64335,2350000
63,24,resource_lifecycle_64_assets_4096_objects,own_local,cycle,10,207566,20756.6,17203200
63,25,contended_copy_2_workers,own_shared,copy,200000,11405396,57.02698,4700000
63,26,scene_4096_attachments,std_shared,attachment,98304,938186,9.54372151693,98304
63,27,async_queue_job_1024_local_copies,std_shared,job,100,2734978,27349.78,2406400
63,28,async_queue_job_1_borrow_reads,own_shared_then_local_view,job,100,68742,687.42,2000
63,29,group_setup_then_1024_copies,std_shared,group,97,1675031,17268.3608247,2334208
63,30,async_queue_job_1_borrow_reads,std_shared_then_raw_borrow,job,100,109801,1098.01,2000
63,31,group_setup_then_1024_copies,own_local,group,97,90616,934.18556701,2334208
63,32,group_setup_then_64_copies,std_shared,group,1562,1689385,1081.5524968,2349248
63,33,localize_read_drop,std_shared,group,100000,1457992,14.57992,2350000
63,34,copy_read_drop,std_shared,copy,100000,1669348,16.69348,2350000
63,35,owner_retained_borrow_parameter,std_raw_borrow,call,100000,64372,0.64372,2350000
63,36,async_queue_job_64_borrow_reads,std_shared_then_raw_borrow,job,100,131063,1310.63,150400
63,37,scene_4096_attachments,own_local,attachment,98304,137290,1.39658610026,98304
63,38,group_setup_then_1_copies,std_shared,group,100000,3601976,36.01976,2000000
63,39,async_queue_job_1_local_copies,std_shared,job,100,71849,718.49,2000
63,40,async_queue_job_64_local_copies,own_local,job,100,80692,806.92,150400
63,41,contended_copy_2_workers,std_shared,copy,200000,13954902,69.77451,4700000
63,42,create_read_destroy,own_shared,asset,100000,1794630,17.9463,65000400000
63,43,resettable_root_pin_1024_borrow_reads,std_shared_pin_raw_borrow,scope,97,32093,330.855670103,2334208
63,44,share_read_drop,own_shared,handoff,100000,1123748,11.23748,2350000
63,45,localize_read_drop,own_local,group,100000,1288930,12.8893,2350000
63,46,owner_retained_4096_parameter_borrows,std_raw_borrow,frame,24,79415,3308.95833333,41287680
63,47,owner_retained_borrow_copy_read,own_local_view,read,100000,30325,0.30325,2350000
63,48,resource_lifecycle_64_assets_4096_objects,std_shared,cycle,10,556739,55673.9,17203200
63,49,async_queue_job_64_borrow_reads,own_shared_then_local_view,job,100,58502,585.02,150400
63,50,independent_owner_parameter,own_shared,call,100000,1329978,13.29978,2350000
63,51,frame_4096_draws_64_unique_leases,std_shared,frame,24,134469,5602.875,41287680
63,52,async_queue_job_1024_local_copies,own_local,job,100,351137,3511.37,2406400
63,53,group_setup_then_8_copies,own_local,group,12500,286878,22.95024,2350000
63,54,create_read_destroy,own_local,asset,100000,1930551,19.30551,65000400000
63,55,async_queue_job_1_local_copies,own_local,job,100,52958,529.58,2000
64,0,independent_owner_parameter,own_local,call,100000,111831,1.11831,2350000
64,1,create_read_destroy,own_local,asset,100000,1899248,18.99248,65000400000
64,2,frame_4096_draws_64_unique_leases,own_shared,frame,24,92480,3853.33333333,41287680
64,3,group_setup_then_1_copies,std_shared,group,100000,3336229,33.36229,2000000
64,4,group_setup_then_1024_copies,own_local,group,97,92935,958.092783505,2334208
64,5,weak_lock_live,own_shared,lock,100000,1499521,14.99521,2350000
64,6,contended_copy_2_workers,own_shared,copy,200000,10955428,54.77714,4700000
64,7,independent_owner_parameter,std_shared,call,100000,1669240,16.6924,2350000
64,8,create_read_destroy,own_shared,asset,100000,1760300,17.603,65000400000
64,9,async_queue_job_1024_local_copies,own_local,job,100,342780,3427.8,2406400
64,10,share_read_drop,std_shared,handoff,100000,1464253,14.64253,2350000
64,11,copy_read_drop,std_shared,copy,100000,1668543,16.68543,2350000
64,12,owner_retained_borrow_copy_read,std_raw_borrow,read,100000,30489,0.30489,2350000
64,13,async_queue_job_1_local_copies,std_shared,job,100,57400,574,2000
64,14,frame_4096_draws_64_unique_leases,std_shared,frame,24,88707,3696.125,41287680
64,15,async_queue_job_1_borrow_reads,own_shared_then_local_view,job,100,71944,719.44,2000
64,16,async_queue_job_64_borrow_reads,own_shared_then_local_view,job,100,91754,917.54,150400
64,17,localize_read_drop,std_shared,group,100000,1474887,14.74887,2350000
64,18,owner_retained_borrow_parameter,own_local_view,call,100000,64212,0.64212,2350000
64,19,copy_read_drop,own_local,copy,100000,105769,1.05769,2350000
64,20,contended_copy_2_workers,std_shared,copy,200000,13904959,69.524795,4700000
64,21,async_queue_job_64_local_copies,std_shared,job,100,298377,2983.77,150400
64,22,weak_lock_live,std_shared,lock,100000,1672952,16.72952,2350000
64,23,share_read_drop,own_shared,handoff,100000,1139269,11.39269,2350000
64,24,copy_read_drop,own_shared,copy,100000,1302140,13.0214,2350000
64,25,owner_retained_4096_parameter_borrows,std_raw_borrow,frame,24,80717,3363.20833333,41287680
64,26,async_queue_job_1_local_copies,own_local,job,100,69500,695,2000
64,27,async_queue_job_64_local_copies,own_local,job,100,116331,1163.31,150400
64,28,owner_retained_4096_parameter_borrows,own_local_view,frame,24,91949,3831.20833333,41287680
64,29,resettable_root_pin_1024_borrow_reads,own_shared_pin_local_view,scope,97,31702,326.824742268,2334208
64,30,weak_lock_expired,std_shared,lock,100000,77480,0.7748,0
64,31,owner_retained_4096_draw_borrows,own_local_view,frame,24,47046,1960.25,41287680
64,32,independent_owner_parameter,own_shared,call,100000,1299744,12.99744,2350000
64,33,owner_retained_borrow_copy_read,own_local_view,read,100000,30968,0.30968,2350000
64,34,scene_4096_attachments,std_shared,attachment,98304,955892,9.72383626302,98304
64,35,async_queue_job_1024_borrow_reads,own_shared_then_local_view,job,100,124734,1247.34,2406400
64,36,resource_lifecycle_64_assets_4096_objects,own_local,cycle,10,233144,23314.4,17203200
64,37,group_setup_then_64_copies,std_shared,group,1562,1690161,1082.04929577,2349248
64,38,async_queue_job_1024_local_copies,std_shared,job,100,2451527,24515.27,2406400
64,39,group_setup_then_1024_copies,std_shared,group,97,1657630,17088.9690722,2334208
64,40,localize_read_drop,own_local,group,100000,1314093,13.14093,2350000
64,41,group_setup_then_8_copies,own_local,group,12500,237106,18.96848,2350000
64,42,owner_retained_4096_draw_borrows,std_raw_borrow,frame,24,48460,2019.16666667,41287680
64,43,group_setup_then_1_copies,own_local,group,100000,1385230,13.8523,2000000
64,44,weak_lock_expired,own_shared,lock,100000,70918,0.70918,0
64,45,group_setup_then_8_copies,std_shared,group,12500,1879917,150.39336,2350000
64,46,scene_4096_attachments,own_local,attachment,98304,164267,1.67101033529,98304
64,47,owner_retained_borrow_parameter,std_raw_borrow,call,100000,60246,0.60246,2350000
64,48,resource_lifecycle_64_assets_4096_objects,std_shared,cycle,10,528773,52877.3,17203200
64,49,async_queue_job_64_borrow_reads,std_shared_then_raw_borrow,job,100,109974,1099.74,150400
64,50,borrow_read,raw_borrow,read,100000,35462,0.35462,2350000
64,51,async_queue_job_1_borrow_reads,std_shared_then_raw_borrow,job,100,76168,761.68,2000
64,52,async_queue_job_1024_borrow_reads,std_shared_then_raw_borrow,job,100,290047,2900.47,2406400
64,53,group_setup_then_64_copies,own_local,group,1562,151643,97.0825864277,2349248
64,54,resettable_root_pin_1024_borrow_reads,std_shared_pin_raw_borrow,scope,97,31769,327.515463918,2334208
64,55,create_read_destroy,std_shared,asset,100000,1216684,12.16684,65000400000
65,0,independent_owner_parameter,std_shared,call,100000,1653770,16.5377,2350000
65,1,owner_retained_4096_draw_borrows,std_raw_borrow,frame,24,59085,2461.875,41287680
65,2,localize_read_drop,own_local,group,100000,1284849,12.84849,2350000
65,3,scene_4096_attachments,own_local,attachment,98304,137506,1.39878336589,98304
65,4,group_setup_then_64_copies,std_shared,group,1562,1686815,1079.90717029,2349248
65,5,share_read_drop,std_shared,handoff,100000,1482398,14.82398,2350000
65,6,create_read_destroy,std_shared,asset,100000,1231558,12.31558,65000400000
65,7,resource_lifecycle_64_assets_4096_objects,own_local,cycle,10,219320,21932,17203200
65,8,borrow_read,raw_borrow,read,100000,35273,0.35273,2350000
65,9,group_setup_then_1_copies,std_shared,group,100000,3341551,33.41551,2000000
65,10,independent_owner_parameter,own_local,call,100000,112117,1.12117,2350000
65,11,group_setup_then_1024_copies,std_shared,group,97,1660144,17114.8865979,2334208
65,12,async_queue_job_1024_borrow_reads,std_shared_then_raw_borrow,job,100,310059,3100.59,2406400
65,13,weak_lock_live,std_shared,lock,100000,1700348,17.00348,2350000
65,14,async_queue_job_64_local_copies,own_local,job,100,111937,1119.37,150400
65,15,copy_read_drop,own_local,copy,100000,106289,1.06289,2350000
65,16,scene_4096_attachments,std_shared,attachment,98304,934770,9.50897216797,98304
65,17,frame_4096_draws_64_unique_leases,std_shared,frame,24,83357,3473.20833333,41287680
65,18,async_queue_job_1_local_copies,own_local,job,100,58811,588.11,2000
65,19,resettable_root_pin_1024_borrow_reads,own_shared_pin_local_view,scope,97,31382,323.525773196,2334208
65,20,create_read_destroy,own_local,asset,100000,2001737,20.01737,65000400000
65,21,copy_read_drop,own_shared,copy,100000,1299164,12.99164,2350000
65,22,async_queue_job_1024_local_copies,std_shared,job,100,2469407,24694.07,2406400
65,23,group_setup_then_8_copies,own_local,group,12500,262135,20.9708,2350000
65,24,async_queue_job_1024_local_copies,own_local,job,100,310979,3109.79,2406400
65,25,copy_read_drop,std_shared,copy,100000,1652135,16.52135,2350000
65,26,localize_read_drop,std_shared,group,100000,1486631,14.86631,2350000
65,27,owner_retained_borrow_copy_read,std_raw_borrow,read,100000,30588,0.30588,2350000
65,28,weak_lock_expired,own_shared,lock,100000,68812,0.68812,0
65,29,async_queue_job_64_borrow_reads,std_shared_then_raw_borrow,job,100,132916,1329.16,150400
65,30,owner_retained_4096_draw_borrows,own_local_view,frame,24,51292,2137.16666667,41287680
65,31,frame_4096_draws_64_unique_leases,own_shared,frame,24,91648,3818.66666667,41287680
65,32,share_read_drop,own_shared,handoff,100000,1113707,11.13707,2350000
65,33,async_queue_job_1_local_copies,std_shared,job,100,66881,668.81,2000
65,34,owner_retained_4096_parameter_borrows,own_local_view,frame,24,76163,3173.45833333,41287680
65,35,resource_lifecycle_64_assets_4096_objects,std_shared,cycle,10,531556,53155.6,17203200
65,36,owner_retained_4096_parameter_borrows,std_raw_borrow,frame,24,79236,3301.5,41287680
65,37,independent_owner_parameter,own_shared,call,100000,1295742,12.95742,2350000
65,38,async_queue_job_64_local_copies,std_shared,job,100,309319,3093.19,150400
65,39,group_setup_then_64_copies,own_local,group,1562,122108,78.1741357234,2349248
65,40,weak_lock_live,own_shared,lock,100000,1486159,14.86159,2350000
65,41,create_read_destroy,own_shared,asset,100000,1771606,17.71606,65000400000
65,42,group_setup_then_8_copies,std_shared,group,12500,1898625,151.89,2350000
65,43,resettable_root_pin_1024_borrow_reads,std_shared_pin_raw_borrow,scope,97,31675,326.546391753,2334208
65,44,async_queue_job_1_borrow_reads,own_shared_then_local_view,job,100,58231,582.31,2000
65,45,owner_retained_borrow_copy_read,own_local_view,read,100000,32293,0.32293,2350000
65,46,group_setup_then_1_copies,own_local,group,100000,1399553,13.99553,2000000
65,47,weak_lock_expired,std_shared,lock,100000,77103,0.77103,0
65,48,owner_retained_borrow_parameter,own_local_view,call,100000,74214,0.74214,2350000
65,49,group_setup_then_1024_copies,own_local,group,97,99455,1025.30927835,2334208
65,50,contended_copy_2_workers,std_shared,copy,200000,11040928,55.20464,4700000
65,51,async_queue_job_1024_borrow_reads,own_shared_then_local_view,job,100,137233,1372.33,2406400
65,52,async_queue_job_64_borrow_reads,own_shared_then_local_view,job,100,51632,516.32,150400
65,53,async_queue_job_1_borrow_reads,std_shared_then_raw_borrow,job,100,71089,710.89,2000
65,54,contended_copy_2_workers,own_shared,copy,200000,11457144,57.28572,4700000
65,55,owner_retained_borrow_parameter,std_raw_borrow,call,100000,64368,0.64368,2350000
66,0,owner_retained_borrow_copy_read,own_local_view,read,100000,32430,0.3243,2350000
66,1,independent_owner_parameter,std_shared,call,100000,1650571,16.50571,2350000
66,2,create_read_destroy,own_shared,asset,100000,1790711,17.90711,65000400000
66,3,contended_copy_2_workers,own_shared,copy,200000,11115755,55.578775,4700000
66,4,resettable_root_pin_1024_borrow_reads,std_shared_pin_raw_borrow,scope,97,32038,330.288659794,2334208
66,5,group_setup_then_1024_copies,own_local,group,97,88053,907.762886598,2334208
66,6,group_setup_then_1_copies,std_shared,group,100000,3337276,33.37276,2000000
66,7,share_read_drop,std_shared,handoff,100000,1478209,14.78209,2350000
66,8,group_setup_then_64_copies,std_shared,group,1562,1695735,1085.6177977,2349248
66,9,contended_copy_2_workers,std_shared,copy,200000,12958106,64.79053,4700000
66,10,async_queue_job_64_borrow_reads,std_shared_then_raw_borrow,job,100,61532,615.32,150400
66,11,owner_retained_borrow_parameter,std_raw_borrow,call,100000,64514,0.64514,2350000
66,12,group_setup_then_8_copies,own_local,group,12500,252321,20.18568,2350000
66,13,async_queue_job_1_borrow_reads,std_shared_then_raw_borrow,job,100,43142,431.42,2000
66,14,async_queue_job_1024_borrow_reads,own_shared_then_local_view,job,100,131270,1312.7,2406400
66,15,owner_retained_4096_draw_borrows,own_local_view,frame,24,50966,2123.58333333,41287680
66,16,owner_retained_borrow_parameter,own_local_view,call,100000,60038,0.60038,2350000
66,17,owner_retained_4096_parameter_borrows,own_local_view,frame,24,76067,3169.45833333,41287680
66,18,localize_read_drop,std_shared,group,100000,1520471,15.20471,2350000
66,19,owner_retained_4096_parameter_borrows,std_raw_borrow,frame,24,79889,3328.70833333,41287680
66,20,async_queue_job_1_borrow_reads,own_shared_then_local_view,job,100,49189,491.89,2000
66,21,create_read_destroy,own_local,asset,100000,1925963,19.25963,65000400000
66,22,resource_lifecycle_64_assets_4096_objects,own_local,cycle,10,211429,21142.9,17203200
66,23,create_read_destroy,std_shared,asset,100000,1195782,11.95782,65000400000
66,24,async_queue_job_64_local_copies,std_shared,job,100,363863,3638.63,150400
66,25,scene_4096_attachments,std_shared,attachment,98304,937346,9.53517659505,98304
66,26,group_setup_then_64_copies,own_local,group,1562,128600,82.3303457106,2349248
66,27,async_queue_job_64_borrow_reads,own_shared_then_local_view,job,100,75459,754.59,150400
66,28,group_setup_then_8_copies,std_shared,group,12500,1905190,152.4152,2350000
66,29,async_queue_job_1024_local_copies,own_local,job,100,384261,3842.61,2406400
66,30,async_queue_job_1_local_copies,own_local,job,100,47967,479.67,2000
66,31,async_queue_job_1024_local_copies,std_shared,job,100,2436518,24365.18,2406400
66,32,async_queue_job_1024_borrow_reads,std_shared_then_raw_borrow,job,100,183388,1833.88,2406400
66,33,copy_read_drop,own_shared,copy,100000,1298028,12.98028,2350000
66,34,scene_4096_attachments,own_local,attachment,98304,136769,1.39128621419,98304
66,35,weak_lock_expired,own_shared,lock,100000,79687,0.79687,0
66,36,frame_4096_draws_64_unique_leases,own_shared,frame,24,101217,4217.375,41287680
66,37,async_queue_job_1_local_copies,std_shared,job,100,82320,823.2,2000
66,38,weak_lock_live,own_shared,lock,100000,1479068,14.79068,2350000
66,39,copy_read_drop,own_local,copy,100000,105150,1.0515,2350000
66,40,share_read_drop,own_shared,handoff,100000,1149636,11.49636,2350000
66,41,resource_lifecycle_64_assets_4096_objects,std_shared,cycle,10,530287,53028.7,17203200
66,42,group_setup_then_1024_copies,std_shared,group,97,1643054,16938.7010309,2334208
66,43,owner_retained_borrow_copy_read,std_raw_borrow,read,100000,41033,0.41033,2350000
66,44,independent_owner_parameter,own_local,call,100000,112386,1.12386,2350000
66,45,copy_read_drop,std_shared,copy,100000,1648502,16.48502,2350000
66,46,frame_4096_draws_64_unique_leases,std_shared,frame,24,87557,3648.20833333,41287680
66,47,weak_lock_live,std_shared,lock,100000,1679542,16.79542,2350000
66,48,borrow_read,raw_borrow,read,100000,35222,0.35222,2350000
66,49,group_setup_then_1_copies,own_local,group,100000,1500600,15.006,2000000
66,50,localize_read_drop,own_local,group,100000,1278896,12.78896,2350000
66,51,weak_lock_expired,std_shared,lock,100000,77185,0.77185,0
66,52,independent_owner_parameter,own_shared,call,100000,1298737,12.98737,2350000
66,53,resettable_root_pin_1024_borrow_reads,own_shared_pin_local_view,scope,97,31518,324.927835052,2334208
66,54,async_queue_job_64_local_copies,own_local,job,100,99486,994.86,150400
66,55,owner_retained_4096_draw_borrows,std_raw_borrow,frame,24,50794,2116.41666667,41287680
67,0,async_queue_job_1024_borrow_reads,own_shared_then_local_view,job,100,121058,1210.58,2406400
67,1,resettable_root_pin_1024_borrow_reads,std_shared_pin_raw_borrow,scope,97,32476,334.804123711,2334208
67,2,group_setup_then_1024_copies,own_local,group,97,88885,916.340206186,2334208
67,3,independent_owner_parameter,own_shared,call,100000,1312438,13.12438,2350000
67,4,borrow_read,raw_borrow,read,100000,35664,0.35664,2350000
67,5,resettable_root_pin_1024_borrow_reads,own_shared_pin_local_view,scope,97,31470,324.432989691,2334208
67,6,independent_owner_parameter,std_shared,call,100000,1650356,16.50356,2350000
67,7,owner_retained_borrow_copy_read,std_raw_borrow,read,100000,30228,0.30228,2350000
67,8,frame_4096_draws_64_unique_leases,own_shared,frame,24,92598,3858.25,41287680
67,9,owner_retained_4096_parameter_borrows,own_local_view,frame,24,80662,3360.91666667,41287680
67,10,group_setup_then_8_copies,std_shared,group,12500,1979866,158.38928,2350000
67,11,async_queue_job_1_local_copies,std_shared,job,100,67775,677.75,2000
67,12,owner_retained_4096_draw_borrows,std_raw_borrow,frame,24,48489,2020.375,41287680
67,13,localize_read_drop,std_shared,group,100000,1473665,14.73665,2350000
67,14,contended_copy_2_workers,std_shared,copy,200000,14519377,72.596885,4700000
67,15,localize_read_drop,own_local,group,100000,1279519,12.79519,2350000
67,16,async_queue_job_64_borrow_reads,std_shared_then_raw_borrow,job,100,61541,615.41,150400
67,17,frame_4096_draws_64_unique_leases,std_shared,frame,24,92467,3852.79166667,41287680
67,18,owner_retained_borrow_copy_read,own_local_view,read,100000,43683,0.43683,2350000
67,19,group_setup_then_64_copies,std_shared,group,1562,1680619,1075.94046095,2349248
67,20,async_queue_job_64_local_copies,own_local,job,100,118217,1182.17,150400
67,21,resource_lifecycle_64_assets_4096_objects,std_shared,cycle,10,532672,53267.2,17203200
67,22,group_setup_then_1_copies,std_shared,group,100000,3316953,33.16953,2000000
67,23,async_queue_job_64_local_copies,std_shared,job,100,338163,3381.63,150400
67,24,owner_retained_borrow_parameter,own_local_view,call,100000,60404,0.60404,2350000
67,25,resource_lifecycle_64_assets_4096_objects,own_local,cycle,10,197723,19772.3,17203200
67,26,async_queue_job_1_borrow_reads,std_shared_then_raw_borrow,job,100,51826,518.26,2000
67,27,group_setup_then_8_copies,own_local,group,12500,257561,20.60488,2350000
67,28,async_queue_job_1_local_copies,own_local,job,100,45493,454.93,2000
67,29,weak_lock_live,own_shared,lock,100000,1625404,16.25404,2350000
67,30,scene_4096_attachments,std_shared,attachment,98304,1013575,10.3106180827,98304
67,31,create_read_destroy,std_shared,asset,100000,1324478,13.24478,65000400000
67,32,owner_retained_4096_parameter_borrows,std_raw_borrow,frame,24,76981,3207.54166667,41287680
67,33,weak_lock_expired,own_shared,lock,100000,70804,0.70804,0
67,34,copy_read_drop,own_shared,copy,100000,1308523,13.08523,2350000
67,35,create_read_destroy,own_local,asset,100000,1919431,19.19431,65000400000
67,36,create_read_destroy,own_shared,asset,100000,1754111,17.54111,65000400000
67,37,group_setup_then_64_copies,own_local,group,1562,113711,72.7983354673,2349248
67,38,share_read_drop,own_shared,handoff,100000,1124588,11.24588,2350000
67,39,contended_copy_2_workers,own_shared,copy,200000,11541225,57.706125,4700000
67,40,async_queue_job_1_borrow_reads,own_shared_then_local_view,job,100,67234,672.34,2000
67,41,scene_4096_attachments,own_local,attachment,98304,136821,1.39181518555,98304
67,42,independent_owner_parameter,own_local,call,100000,112573,1.12573,2350000
67,43,owner_retained_borrow_parameter,std_raw_borrow,call,100000,61943,0.61943,2350000
67,44,async_queue_job_1024_local_copies,std_shared,job,100,2678668,26786.68,2406400
67,45,owner_retained_4096_draw_borrows,own_local_view,frame,24,48207,2008.625,41287680
67,46,share_read_drop,std_shared,handoff,100000,1476590,14.7659,2350000
67,47,group_setup_then_1024_copies,std_shared,group,97,1673227,17249.7628866,2334208
67,48,copy_read_drop,own_local,copy,100000,106267,1.06267,2350000
67,49,copy_read_drop,std_shared,copy,100000,1655610,16.5561,2350000
67,50,weak_lock_live,std_shared,lock,100000,1694221,16.94221,2350000
67,51,weak_lock_expired,std_shared,lock,100000,77090,0.7709,0
67,52,async_queue_job_1024_borrow_reads,std_shared_then_raw_borrow,job,100,118949,1189.49,2406400
67,53,async_queue_job_64_borrow_reads,own_shared_then_local_view,job,100,32840,328.4,150400
67,54,group_setup_then_1_copies,own_local,group,100000,1354544,13.54544,2000000
67,55,async_queue_job_1024_local_copies,own_local,job,100,430234,4302.34,2406400
68,0,async_queue_job_1_borrow_reads,own_shared_then_local_view,job,100,54274,542.74,2000
68,1,frame_4096_draws_64_unique_leases,own_shared,frame,24,88226,3676.08333333,41287680
68,2,independent_owner_parameter,own_shared,call,100000,1309616,13.09616,2350000
68,3,weak_lock_live,std_shared,lock,100000,1704630,17.0463,2350000
68,4,copy_read_drop,std_shared,copy,100000,1659821,16.59821,2350000
68,5,async_queue_job_64_local_copies,std_shared,job,100,269275,2692.75,150400
68,6,async_queue_job_1024_borrow_reads,own_shared_then_local_view,job,100,107812,1078.12,2406400
68,7,group_setup_then_1024_copies,std_shared,group,97,1673958,17257.2989691,2334208
68,8,resettable_root_pin_1024_borrow_reads,std_shared_pin_raw_borrow,scope,97,31565,325.412371134,2334208
68,9,weak_lock_live,own_shared,lock,100000,1490372,14.90372,2350000
68,10,copy_read_drop,own_local,copy,100000,106049,1.06049,2350000
68,11,owner_retained_borrow_copy_read,own_local_view,read,100000,31046,0.31046,2350000
68,12,scene_4096_attachments,own_local,attachment,98304,143893,1.46375528971,98304
68,13,async_queue_job_1_borrow_reads,std_shared_then_raw_borrow,job,100,70409,704.09,2000
68,14,async_queue_job_1024_local_copies,std_shared,job,100,2457297,24572.97,2406400
68,15,group_setup_then_1_copies,own_local,group,100000,1353820,13.5382,2000000
68,16,independent_owner_parameter,std_shared,call,100000,1671796,16.71796,2350000
68,17,resource_lifecycle_64_assets_4096_objects,own_local,cycle,10,210523,21052.3,17203200
68,18,share_read_drop,own_shared,handoff,100000,1138926,11.38926,2350000
68,19,owner_retained_borrow_parameter,std_raw_borrow,call,100000,75270,0.7527,2350000
68,20,async_queue_job_64_borrow_reads,own_shared_then_local_view,job,100,69208,692.08,150400
68,21,create_read_destroy,own_shared,asset,100000,1785712,17.85712,65000400000
68,22,group_setup_then_8_copies,std_shared,group,12500,1878139,150.25112,2350000
68,23,contended_copy_2_workers,std_shared,copy,200000,14663230,73.31615,4700000
68,24,localize_read_drop,std_shared,group,100000,1466504,14.66504,2350000
68,25,contended_copy_2_workers,own_shared,copy,200000,11456814,57.28407,4700000
68,26,group_setup_then_1_copies,std_shared,group,100000,3352895,33.52895,2000000
68,27,group_setup_then_8_copies,own_local,group,12500,285432,22.83456,2350000
68,28,async_queue_job_64_borrow_reads,std_shared_then_raw_borrow,job,100,54577,545.77,150400
68,29,share_read_drop,std_shared,handoff,100000,1464820,14.6482,2350000
68,30,owner_retained_4096_parameter_borrows,own_local_view,frame,24,79958,3331.58333333,41287680
68,31,owner_retained_4096_draw_borrows,own_local_view,frame,24,47125,1963.54166667,41287680
68,32,owner_retained_4096_draw_borrows,std_raw_borrow,frame,24,52788,2199.5,41287680
68,33,scene_4096_attachments,std_shared,attachment,98304,958118,9.74648030599,98304
68,34,copy_read_drop,own_shared,copy,100000,1344607,13.44607,2350000
68,35,async_queue_job_64_local_copies,own_local,job,100,84924,849.24,150400
68,36,owner_retained_4096_parameter_borrows,std_raw_borrow,frame,24,76350,3181.25,41287680
68,37,resource_lifecycle_64_assets_4096_objects,std_shared,cycle,10,516534,51653.4,17203200
68,38,weak_lock_expired,own_shared,lock,100000,68767,0.68767,0
68,39,create_read_destroy,own_local,asset,100000,1923440,19.2344,65000400000
68,40,async_queue_job_1024_borrow_reads,std_shared_then_raw_borrow,job,100,151933,1519.33,2406400
68,41,async_queue_job_1_local_copies,own_local,job,100,61402,614.02,2000
68,42,resettable_root_pin_1024_borrow_reads,own_shared_pin_local_view,scope,97,42779,441.020618557,2334208
68,43,group_setup_then_64_copies,own_local,group,1562,111502,71.3841229193,2349248
68,44,localize_read_drop,own_local,group,100000,1273208,12.73208,2350000
68,45,owner_retained_borrow_parameter,own_local_view,call,100000,61752,0.61752,2350000
68,46,create_read_destroy,std_shared,asset,100000,1169086,11.69086,65000400000
68,47,owner_retained_borrow_copy_read,std_raw_borrow,read,100000,30618,0.30618,2350000
68,48,group_setup_then_1024_copies,own_local,group,97,89580,923.505154639,2334208
68,49,frame_4096_draws_64_unique_leases,std_shared,frame,24,84011,3500.45833333,41287680
68,50,weak_lock_expired,std_shared,lock,100000,77037,0.77037,0
68,51,async_queue_job_1_local_copies,std_shared,job,100,59433,594.33,2000
68,52,group_setup_then_64_copies,std_shared,group,1562,1721895,1102.36555698,2349248
68,53,borrow_read,raw_borrow,read,100000,35193,0.35193,2350000
68,54,independent_owner_parameter,own_local,call,100000,111948,1.11948,2350000
68,55,async_queue_job_1024_local_copies,own_local,job,100,428408,4284.08,2406400
69,0,owner_retained_borrow_parameter,std_raw_borrow,call,100000,60040,0.6004,2350000
69,1,share_read_drop,std_shared,handoff,100000,1576459,15.76459,2350000
69,2,resource_lifecycle_64_assets_4096_objects,own_local,cycle,10,209745,20974.5,17203200
69,3,group_setup_then_1_copies,own_local,group,100000,1414242,14.14242,2000000
69,4,async_queue_job_1024_borrow_reads,std_shared_then_raw_borrow,job,100,190335,1903.35,2406400
69,5,resettable_root_pin_1024_borrow_reads,std_shared_pin_raw_borrow,scope,97,31670,326.494845361,2334208
69,6,async_queue_job_1024_local_copies,std_shared,job,100,2371588,23715.88,2406400
69,7,resettable_root_pin_1024_borrow_reads,own_shared_pin_local_view,scope,97,30582,315.278350515,2334208
69,8,async_queue_job_64_borrow_reads,std_shared_then_raw_borrow,job,100,60539,605.39,150400
69,9,localize_read_drop,std_shared,group,100000,1444737,14.44737,2350000
69,10,async_queue_job_1024_local_copies,own_local,job,100,406880,4068.8,2406400
69,11,async_queue_job_64_local_copies,std_shared,job,100,293709,2937.09,150400
69,12,create_read_destroy,std_shared,asset,100000,1167396,11.67396,65000400000
69,13,share_read_drop,own_shared,handoff,100000,1125553,11.25553,2350000
69,14,weak_lock_live,own_shared,lock,100000,1523625,15.23625,2350000
69,15,group_setup_then_1024_copies,std_shared,group,97,1645920,16968.2474227,2334208
69,16,weak_lock_expired,std_shared,lock,100000,81163,0.81163,0
69,17,weak_lock_live,std_shared,lock,100000,1693678,16.93678,2350000
69,18,independent_owner_parameter,own_shared,call,100000,1294449,12.94449,2350000
69,19,async_queue_job_1_borrow_reads,own_shared_then_local_view,job,100,115494,1154.94,2000
69,20,owner_retained_borrow_parameter,own_local_view,call,100000,60051,0.60051,2350000
69,21,frame_4096_draws_64_unique_leases,own_shared,frame,24,94080,3920,41287680
69,22,group_setup_then_8_copies,std_shared,group,12500,1882148,150.57184,2350000
69,23,weak_lock_expired,own_shared,lock,100000,70825,0.70825,0
69,24,async_queue_job_1_local_copies,own_local,job,100,77751,777.51,2000
69,25,owner_retained_4096_draw_borrows,own_local_view,frame,24,50080,2086.66666667,41287680
69,26,group_setup_then_1024_copies,own_local,group,97,87934,906.536082474,2334208
69,27,create_read_destroy,own_local,asset,100000,1967437,19.67437,65000400000
69,28,group_setup_then_8_copies,own_local,group,12500,280543,22.44344,2350000
69,29,scene_4096_attachments,own_local,attachment,98304,135731,1.38072713216,98304
69,30,group_setup_then_64_copies,own_local,group,1562,111781,71.5627400768,2349248
69,31,owner_retained_4096_parameter_borrows,own_local_view,frame,24,79443,3310.125,41287680
69,32,resource_lifecycle_64_assets_4096_objects,std_shared,cycle,10,531478,53147.8,17203200
69,33,owner_retained_4096_parameter_borrows,std_raw_borrow,frame,24,79827,3326.125,41287680
69,34,scene_4096_attachments,std_shared,attachment,98304,974367,9.91177368164,98304
69,35,borrow_read,raw_borrow,read,100000,35243,0.35243,2350000
69,36,async_queue_job_1_borrow_reads,std_shared_then_raw_borrow,job,100,79904,799.04,2000
69,37,copy_read_drop,std_shared,copy,100000,1645591,16.45591,2350000
69,38,independent_owner_parameter,own_local,call,100000,113087,1.13087,2350000
69,39,create_read_destroy,own_shared,asset,100000,2263119,22.63119,65000400000
69,40,owner_retained_borrow_copy_read,own_local_view,read,100000,32313,0.32313,2350000
69,41,async_queue_job_64_borrow_reads,own_shared_then_local_view,job,100,57279,572.79,150400
69,42,owner_retained_4096_draw_borrows,std_raw_borrow,frame,24,50922,2121.75,41287680
69,43,frame_4096_draws_64_unique_leases,std_shared,frame,24,101851,4243.79166667,41287680
69,44,async_queue_job_1_local_copies,std_shared,job,100,70757,707.57,2000
69,45,async_queue_job_1024_borrow_reads,own_shared_then_local_view,job,100,213244,2132.44,2406400
69,46,copy_read_drop,own_shared,copy,100000,1294256,12.94256,2350000
69,47,contended_copy_2_workers,own_shared,copy,200000,11079159,55.395795,4700000
69,48,contended_copy_2_workers,std_shared,copy,200000,14326504,71.63252,4700000
69,49,group_setup_then_64_copies,std_shared,group,1562,1696297,1085.97759283,2349248
69,50,localize_read_drop,own_local,group,100000,1290909,12.90909,2350000
69,51,independent_owner_parameter,std_shared,call,100000,1660108,16.60108,2350000
69,52,owner_retained_borrow_copy_read,std_raw_borrow,read,100000,30747,0.30747,2350000
69,53,async_queue_job_64_local_copies,own_local,job,100,85422,854.22,150400
69,54,copy_read_drop,own_local,copy,100000,104160,1.0416,2350000
69,55,group_setup_then_1_copies,std_shared,group,100000,3360703,33.60703,2000000
70,0,group_setup_then_64_copies,std_shared,group,1562,1680696,1075.98975672,2349248
70,1,async_queue_job_64_local_copies,std_shared,job,100,314005,3140.05,150400
70,2,group_setup_then_1_copies,own_local,group,100000,1347737,13.47737,2000000
70,3,weak_lock_live,own_shared,lock,100000,1546021,15.46021,2350000
70,4,async_queue_job_64_local_copies,own_local,job,100,109396,1093.96,150400
70,5,owner_retained_borrow_copy_read,std_raw_borrow,read,100000,30115,0.30115,2350000
70,6,owner_retained_4096_parameter_borrows,std_raw_borrow,frame,24,78943,3289.29166667,41287680
70,7,owner_retained_4096_draw_borrows,std_raw_borrow,frame,24,46902,1954.25,41287680
70,8,frame_4096_draws_64_unique_leases,own_shared,frame,24,92478,3853.25,41287680
70,9,owner_retained_borrow_copy_read,own_local_view,read,100000,30052,0.30052,2350000
70,10,async_queue_job_1024_borrow_reads,std_shared_then_raw_borrow,job,100,166521,1665.21,2406400
70,11,owner_retained_4096_parameter_borrows,own_local_view,frame,24,79341,3305.875,41287680
70,12,async_queue_job_1_borrow_reads,own_shared_then_local_view,job,100,50592,505.92,2000
70,13,independent_owner_parameter,own_local,call,100000,112538,1.12538,2350000
70,14,scene_4096_attachments,own_local,attachment,98304,142583,1.4504292806,98304
70,15,resettable_root_pin_1024_borrow_reads,own_shared_pin_local_view,scope,97,31312,322.804123711,2334208
70,16,async_queue_job_1024_local_copies,own_local,job,100,448729,4487.29,2406400
70,17,async_queue_job_64_borrow_reads,std_shared_then_raw_borrow,job,100,52969,529.69,150400
70,18,independent_owner_parameter,std_shared,call,100000,1629905,16.29905,2350000
70,19,create_read_destroy,own_local,asset,100000,1900223,19.00223,65000400000
70,20,localize_read_drop,own_local,group,100000,1278032,12.78032,2350000
70,21,create_read_destroy,std_shared,asset,100000,1208807,12.08807,65000400000
70,22,resource_lifecycle_64_assets_4096_objects,std_shared,cycle,10,532123,53212.3,17203200
70,23,create_read_destroy,own_shared,asset,100000,1788737,17.88737,65000400000
70,24,weak_lock_live,std_shared,lock,100000,1689455,16.89455,2350000
70,25,owner_retained_4096_draw_borrows,own_local_view,frame,24,49893,2078.875,41287680
70,26,share_read_drop,own_shared,handoff,100000,1119240,11.1924,2350000
70,27,resource_lifecycle_64_assets_4096_objects,own_local,cycle,10,203393,20339.3,17203200
70,28,async_queue_job_1_borrow_reads,std_shared_then_raw_borrow,job,100,49605,496.05,2000
70,29,group_setup_then_64_copies,own_local,group,1562,112554,72.0576184379,2349248
70,30,async_queue_job_64_borrow_reads,own_shared_then_local_view,job,100,70698,706.98,150400
70,31,group_setup_then_8_copies,std_shared,group,12500,1887735,151.0188,2350000
70,32,group_setup_then_1_copies,std_shared,group,100000,3343658,33.43658,2000000
70,33,contended_copy_2_workers,std_shared,copy,200000,14870468,74.35234,4700000
70,34,frame_4096_draws_64_unique_leases,std_shared,frame,24,92713,3863.04166667,41287680
70,35,group_setup_then_8_copies,own_local,group,12500,225096,18.00768,2350000
70,36,async_queue_job_1024_local_copies,std_shared,job,100,2717641,27176.41,2406400
70,37,copy_read_drop,own_shared,copy,100000,1302439,13.02439,2350000
70,38,weak_lock_expired,std_shared,lock,100000,77302,0.77302,0
70,39,group_setup_then_1024_copies,own_local,group,97,88416,911.505154639,2334208
70,40,resettable_root_pin_1024_borrow_reads,std_shared_pin_raw_borrow,scope,97,43740,450.927835052,2334208
70,41,group_setup_then_1024_copies,std_shared,group,97,1667463,17190.3402062,2334208
70,42,borrow_read,raw_borrow,read,100000,35422,0.35422,2350000
70,43,scene_4096_attachments,std_shared,attachment,98304,937095,9.53262329102,98304
70,44,independent_owner_parameter,own_shared,call,100000,1298440,12.9844,2350000
70,45,owner_retained_borrow_parameter,std_raw_borrow,call,100000,71145,0.71145,2350000
70,46,contended_copy_2_workers,own_shared,copy,200000,11044695,55.223475,4700000
70,47,owner_retained_borrow_parameter,own_local_view,call,100000,62064,0.62064,2350000
70,48,async_queue_job_1_local_copies,std_shared,job,100,55963,559.63,2000
70,49,localize_read_drop,std_shared,group,100000,1462523,14.62523,2350000
70,50,weak_lock_expired,own_shared,lock,100000,85224,0.85224,0
70,51,copy_read_drop,std_shared,copy,100000,1650188,16.50188,2350000
70,52,copy_read_drop,own_local,copy,100000,110669,1.10669,2350000
70,53,share_read_drop,std_shared,handoff,100000,1463631,14.63631,2350000
70,54,async_queue_job_1_local_copies,own_local,job,100,62375,623.75,2000
70,55,async_queue_job_1024_borrow_reads,own_shared_then_local_view,job,100,161801,1618.01,2406400
71,0,borrow_read,raw_borrow,read,100000,35121,0.35121,2350000
71,1,group_setup_then_1024_copies,own_local,group,97,87531,902.381443299,2334208
71,2,independent_owner_parameter,std_shared,call,100000,1715787,17.15787,2350000
71,3,async_queue_job_64_borrow_reads,std_shared_then_raw_borrow,job,100,68657,686.57,150400
71,4,independent_owner_parameter,own_shared,call,100000,1300458,13.00458,2350000
71,5,owner_retained_4096_draw_borrows,own_local_view,frame,24,51230,2134.58333333,41287680
71,6,owner_retained_borrow_parameter,own_local_view,call,100000,63626,0.63626,2350000
71,7,scene_4096_attachments,own_local,attachment,98304,138903,1.41299438477,98304
71,8,owner_retained_4096_parameter_borrows,std_raw_borrow,frame,24,80430,3351.25,41287680
71,9,async_queue_job_1024_borrow_reads,std_shared_then_raw_borrow,job,100,120644,1206.44,2406400
71,10,group_setup_then_8_copies,std_shared,group,12500,1882745,150.6196,2350000
71,11,localize_read_drop,std_shared,group,100000,1469182,14.69182,2350000
71,12,resettable_root_pin_1024_borrow_reads,own_shared_pin_local_view,scope,97,31389,323.597938144,2334208
71,13,async_queue_job_64_local_copies,own_local,job,100,125455,1254.55,150400
71,14,async_queue_job_64_local_copies,std_shared,job,100,276874,2768.74,150400
71,15,frame_4096_draws_64_unique_leases,own_shared,frame,24,86068,3586.16666667,41287680
71,16,owner_retained_4096_parameter_borrows,own_local_view,frame,24,76177,3174.04166667,41287680
71,17,group_setup_then_1024_copies,std_shared,group,97,1668360,17199.5876289,2334208
71,18,async_queue_job_1_borrow_reads,std_shared_then_raw_borrow,job,100,61027,610.27,2000
71,19,owner_retained_borrow_parameter,std_raw_borrow,call,100000,64335,0.64335,2350000
71,20,group_setup_then_1_copies,own_local,group,100000,1363267,13.63267,2000000
71,21,contended_copy_2_workers,std_shared,copy,200000,14850650,74.25325,4700000
71,22,owner_retained_borrow_copy_read,own_local_view,read,100000,34239,0.34239,2350000
71,23,localize_read_drop,own_local,group,100000,1331541,13.31541,2350000
71,24,group_setup_then_64_copies,own_local,group,1562,123160,78.847631242,2349248
71,25,resource_lifecycle_64_assets_4096_objects,own_local,cycle,10,262224,26222.4,17203200
71,26,weak_lock_expired,own_shared,lock,100000,104798,1.04798,0
71,27,async_queue_job_1024_local_copies,std_shared,job,100,2756796,27567.96,2406400
71,28,weak_lock_live,own_shared,lock,100000,1504814,15.04814,2350000
71,29,resettable_root_pin_1024_borrow_reads,std_shared_pin_raw_borrow,scope,97,31975,329.639175258,2334208
71,30,group_setup_then_8_copies,own_local,group,12500,258410,20.6728,2350000
71,31,independent_owner_parameter,own_local,call,100000,122540,1.2254,2350000
71,32,group_setup_then_64_copies,std_shared,group,1562,1852967,1186.27848912,2349248
71,33,frame_4096_draws_64_unique_leases,std_shared,frame,24,100195,4174.79166667,41287680
71,34,async_queue_job_1_local_copies,std_shared,job,100,67173,671.73,2000
71,35,owner_retained_borrow_copy_read,std_raw_borrow,read,100000,32637,0.32637,2350000
71,36,create_read_destroy,own_shared,asset,100000,1897478,18.97478,65000400000
71,37,async_queue_job_1_borrow_reads,own_shared_then_local_view,job,100,75169,751.69,2000
71,38,copy_read_drop,own_local,copy,100000,106726,1.06726,2350000
71,39,weak_lock_expired,std_shared,lock,100000,77305,0.77305,0
71,40,resource_lifecycle_64_assets_4096_objects,std_shared,cycle,10,554519,55451.9,17203200
71,41,create_read_destroy,own_local,asset,100000,1894548,18.94548,65000400000
71,42,async_queue_job_1024_local_copies,own_local,job,100,417694,4176.94,2406400
71,43,create_read_destroy,std_shared,asset,100000,1208885,12.08885,65000400000
71,44,group_setup_then_1_copies,std_shared,group,100000,3336157,33.36157,2000000
71,45,share_read_drop,own_shared,handoff,100000,1211566,12.11566,2350000
71,46,async_queue_job_1024_borrow_reads,own_shared_then_local_view,job,100,170714,1707.14,2406400
71,47,async_queue_job_64_borrow_reads,own_shared_then_local_view,job,100,43781,437.81,150400
71,48,share_read_drop,std_shared,handoff,100000,1475126,14.75126,2350000
71,49,contended_copy_2_workers,own_shared,copy,200000,11255666,56.27833,4700000
71,50,copy_read_drop,own_shared,copy,100000,1262551,12.62551,2350000
71,51,async_queue_job_1_local_copies,own_local,job,100,61378,613.78,2000
71,52,scene_4096_attachments,std_shared,attachment,98304,938444,9.54634602865,98304
71,53,weak_lock_live,std_shared,lock,100000,1695888,16.95888,2350000
71,54,owner_retained_4096_draw_borrows,std_raw_borrow,frame,24,52801,2200.04166667,41287680
71,55,copy_read_drop,std_shared,copy,100000,1631064,16.31064,2350000
72,0,async_queue_job_64_borrow_reads,std_shared_then_raw_borrow,job,100,73654,736.54,150400
72,1,resettable_root_pin_1024_borrow_reads,std_shared_pin_raw_borrow,scope,97,32231,332.278350515,2334208
72,2,owner_retained_4096_draw_borrows,own_local_view,frame,24,50689,2112.04166667,41287680
72,3,async_queue_job_1_borrow_reads,own_shared_then_local_view,job,100,80102,801.02,2000
72,4,localize_read_drop,std_shared,group,100000,1482991,14.82991,2350000
72,5,independent_owner_parameter,own_shared,call,100000,1294013,12.94013,2350000
72,6,async_queue_job_1_local_copies,own_local,job,100,49283,492.83,2000
72,7,async_queue_job_64_local_copies,own_local,job,100,73657,736.57,150400
72,8,group_setup_then_1024_copies,own_local,group,97,93737,966.360824742,2334208
72,9,owner_retained_borrow_parameter,own_local_view,call,100000,60368,0.60368,2350000
72,10,group_setup_then_1_copies,own_local,group,100000,1353902,13.53902,2000000
72,11,async_queue_job_1024_local_copies,std_shared,job,100,2441156,24411.56,2406400
72,12,localize_read_drop,own_local,group,100000,1275460,12.7546,2350000
72,13,contended_copy_2_workers,std_shared,copy,200000,13009262,65.04631,4700000
72,14,group_setup_then_1_copies,std_shared,group,100000,3323457,33.23457,2000000
72,15,weak_lock_expired,own_shared,lock,100000,69106,0.69106,0
72,16,scene_4096_attachments,own_local,attachment,98304,139794,1.42205810547,98304
72,17,copy_read_drop,std_shared,copy,100000,1647206,16.47206,2350000
72,18,group_setup_then_8_copies,std_shared,group,12500,1888506,151.08048,2350000
72,19,weak_lock_live,std_shared,lock,100000,1698410,16.9841,2350000
72,20,independent_owner_parameter,own_local,call,100000,111955,1.11955,2350000
72,21,contended_copy_2_workers,own_shared,copy,200000,10881122,54.40561,4700000
72,22,borrow_read,raw_borrow,read,100000,35783,0.35783,2350000
72,23,weak_lock_live,own_shared,lock,100000,1483825,14.83825,2350000
72,24,weak_lock_expired,std_shared,lock,100000,77814,0.77814,0
72,25,async_queue_job_1_local_copies,std_shared,job,100,58656,586.56,2000
72,26,owner_retained_borrow_copy_read,own_local_view,read,100000,30185,0.30185,2350000
72,27,async_queue_job_1024_local_copies,own_local,job,100,335606,3356.06,2406400
72,28,group_setup_then_1024_copies,std_shared,group,97,1661880,17132.7835052,2334208
72,29,resource_lifecycle_64_assets_4096_objects,own_local,cycle,10,228237,22823.7,17203200
72,30,share_read_drop,std_shared,handoff,100000,1463181,14.63181,2350000
72,31,owner_retained_4096_draw_borrows,std_raw_borrow,frame,24,52683,2195.125,41287680
72,32,group_setup_then_64_copies,std_shared,group,1562,1690463,1082.24263764,2349248
72,33,owner_retained_4096_parameter_borrows,std_raw_borrow,frame,24,79456,3310.66666667,41287680
72,34,create_read_destroy,own_shared,asset,100000,1795242,17.95242,65000400000
72,35,resource_lifecycle_64_assets_4096_objects,std_shared,cycle,10,507625,50762.5,17203200
72,36,async_queue_job_1024_borrow_reads,own_shared_then_local_view,job,100,160400,1604,2406400
72,37,owner_retained_borrow_parameter,std_raw_borrow,call,100000,63718,0.63718,2350000
72,38,copy_read_drop,own_local,copy,100000,118376,1.18376,2350000
72,39,async_queue_job_1_borrow_reads,std_shared_then_raw_borrow,job,100,67705,677.05,2000
72,40,scene_4096_attachments,std_shared,attachment,98304,944608,9.60904947917,98304
72,41,independent_owner_parameter,std_shared,call,100000,1663089,16.63089,2350000
72,42,async_queue_job_64_borrow_reads,own_shared_then_local_view,job,100,55570,555.7,150400
72,43,resettable_root_pin_1024_borrow_reads,own_shared_pin_local_view,scope,97,31626,326.041237113,2334208
72,44,async_queue_job_1024_borrow_reads,std_shared_then_raw_borrow,job,100,184728,1847.28,2406400
72,45,copy_read_drop,own_shared,copy,100000,1302819,13.02819,2350000
72,46,frame_4096_draws_64_unique_leases,std_shared,frame,24,84221,3509.20833333,41287680
72,47,share_read_drop,own_shared,handoff,100000,1114038,11.14038,2350000
72,48,create_read_destroy,std_shared,asset,100000,1203503,12.03503,65000400000
72,49,frame_4096_draws_64_unique_leases,own_shared,frame,24,95931,3997.125,41287680
72,50,owner_retained_borrow_copy_read,std_raw_borrow,read,100000,30151,0.30151,2350000
72,51,group_setup_then_8_copies,own_local,group,12500,255470,20.4376,2350000
72,52,owner_retained_4096_parameter_borrows,own_local_view,frame,24,80166,3340.25,41287680
72,53,group_setup_then_64_copies,own_local,group,1562,111688,71.5032010243,2349248
72,54,create_read_destroy,own_local,asset,100000,1904067,19.04067,65000400000
72,55,async_queue_job_64_local_copies,std_shared,job,100,392027,3920.27,150400
73,0,resource_lifecycle_64_assets_4096_objects,own_local,cycle,10,209073,20907.3,17203200
73,1,async_queue_job_1024_local_copies,own_local,job,100,367803,3678.03,2406400
73,2,async_queue_job_64_borrow_reads,own_shared_then_local_view,job,100,53624,536.24,150400
73,3,group_setup_then_8_copies,own_local,group,12500,262710,21.0168,2350000
73,4,scene_4096_attachments,std_shared,attachment,98304,1008853,10.2625834147,98304
73,5,owner_retained_borrow_parameter,std_raw_borrow,call,100000,69746,0.69746,2350000
73,6,async_queue_job_64_local_copies,std_shared,job,100,321848,3218.48,150400
73,7,owner_retained_borrow_parameter,own_local_view,call,100000,79633,0.79633,2350000
73,8,create_read_destroy,std_shared,asset,100000,1300557,13.00557,65000400000
73,9,owner_retained_4096_parameter_borrows,own_local_view,frame,24,83096,3462.33333333,41287680
73,10,contended_copy_2_workers,std_shared,copy,200000,13463506,67.31753,4700000
73,11,group_setup_then_1024_copies,own_local,group,97,87372,900.742268041,2334208
73,12,contended_copy_2_workers,own_shared,copy,200000,11935985,59.679925,4700000
73,13,group_setup_then_1024_copies,std_shared,group,97,1662107,17135.1237113,2334208
73,14,async_queue_job_1_borrow_reads,std_shared_then_raw_borrow,job,100,64493,644.93,2000
73,15,independent_owner_parameter,std_shared,call,100000,1675080,16.7508,2350000
73,16,independent_owner_parameter,own_local,call,100000,113198,1.13198,2350000
73,17,async_queue_job_1024_borrow_reads,std_shared_then_raw_borrow,job,100,147970,1479.7,2406400
73,18,async_queue_job_64_borrow_reads,std_shared_then_raw_borrow,job,100,54981,549.81,150400
73,19,frame_4096_draws_64_unique_leases,std_shared,frame,24,90042,3751.75,41287680
73,20,group_setup_then_64_copies,own_local,group,1562,112215,71.8405889885,2349248
73,21,resettable_root_pin_1024_borrow_reads,std_shared_pin_raw_borrow,scope,97,31753,327.350515464,2334208
73,22,async_queue_job_1024_borrow_reads,own_shared_then_local_view,job,100,184179,1841.79,2406400
73,23,owner_retained_4096_draw_borrows,std_raw_borrow,frame,24,51034,2126.41666667,41287680
73,24,group_setup_then_1_copies,std_shared,group,100000,3359493,33.59493,2000000
73,25,localize_read_drop,own_local,group,100000,1278005,12.78005,2350000
73,26,weak_lock_expired,std_shared,lock,100000,77367,0.77367,0
73,27,share_read_drop,own_shared,handoff,100000,1140202,11.40202,2350000
73,28,weak_lock_live,std_shared,lock,100000,1675266,16.75266,2350000
73,29,localize_read_drop,std_shared,group,100000,1469904,14.69904,2350000
73,30,weak_lock_live,own_shared,lock,100000,1477512,14.77512,2350000
73,31,weak_lock_expired,own_shared,lock,100000,85206,0.85206,0
73,32,resettable_root_pin_1024_borrow_reads,own_shared_pin_local_view,scope,97,31233,321.989690722,2334208
73,33,borrow_read,raw_borrow,read,100000,35323,0.35323,2350000
73,34,async_queue_job_1_local_copies,std_shared,job,100,76632,766.32,2000
73,35,resource_lifecycle_64_assets_4096_objects,std_shared,cycle,10,530937,53093.7,17203200
73,36,create_read_destroy,own_local,asset,100000,1911540,19.1154,65000400000
73,37,async_queue_job_1_local_copies,own_local,job,100,70937,709.37,2000
73,38,group_setup_then_8_copies,std_shared,group,12500,1882621,150.60968,2350000
73,39,scene_4096_attachments,own_local,attachment,98304,136828,1.39188639323,98304
73,40,async_queue_job_1024_local_copies,std_shared,job,100,2426802,24268.02,2406400
73,41,owner_retained_borrow_copy_read,std_raw_borrow,read,100000,30236,0.30236,2350000
73,42,create_read_destroy,own_shared,asset,100000,1787198,17.87198,65000400000
73,43,copy_read_drop,own_local,copy,100000,101099,1.01099,2350000
73,44,frame_4096_draws_64_unique_leases,own_shared,frame,24,93372,3890.5,41287680
73,45,group_setup_then_64_copies,std_shared,group,1562,1830486,1171.88604353,2349248
73,46,async_queue_job_1_borrow_reads,own_shared_then_local_view,job,100,71534,715.34,2000
73,47,group_setup_then_1_copies,own_local,group,100000,1490845,14.90845,2000000
73,48,owner_retained_4096_draw_borrows,own_local_view,frame,24,53303,2220.95833333,41287680
73,49,owner_retained_4096_parameter_borrows,std_raw_borrow,frame,24,84628,3526.16666667,41287680
73,50,independent_owner_parameter,own_shared,call,100000,1326258,13.26258,2350000
73,51,share_read_drop,std_shared,handoff,100000,1512491,15.12491,2350000
73,52,async_queue_job_64_local_copies,own_local,job,100,68746,687.46,150400
73,53,copy_read_drop,std_shared,copy,100000,1661808,16.61808,2350000
73,54,copy_read_drop,own_shared,copy,100000,1299584,12.99584,2350000
73,55,owner_retained_borrow_copy_read,own_local_view,read,100000,31217,0.31217,2350000
74,0,borrow_read,raw_borrow,read,100000,35258,0.35258,2350000
74,1,weak_lock_live,std_shared,lock,100000,1693520,16.9352,2350000
74,2,create_read_destroy,own_shared,asset,100000,1759780,17.5978,65000400000
74,3,independent_owner_parameter,own_local,call,100000,112295,1.12295,2350000
74,4,resource_lifecycle_64_assets_4096_objects,own_local,cycle,10,211753,21175.3,17203200
74,5,async_queue_job_64_borrow_reads,std_shared_then_raw_borrow,job,100,91073,910.73,150400
74,6,async_queue_job_64_borrow_reads,own_shared_then_local_view,job,100,65687,656.87,150400
74,7,weak_lock_expired,own_shared,lock,100000,68879,0.68879,0
74,8,resettable_root_pin_1024_borrow_reads,own_shared_pin_local_view,scope,97,31600,325.773195876,2334208
74,9,group_setup_then_64_copies,own_local,group,1562,112730,72.1702944942,2349248
74,10,group_setup_then_1_copies,std_shared,group,100000,3336585,33.36585,2000000
74,11,async_queue_job_1_borrow_reads,std_shared_then_raw_borrow,job,100,67747,677.47,2000
74,12,group_setup_then_1024_copies,std_shared,group,97,1600207,16496.9793814,2334208
74,13,frame_4096_draws_64_unique_leases,own_shared,frame,24,92626,3859.41666667,41287680
74,14,copy_read_drop,own_shared,copy,100000,1345908,13.45908,2350000
74,15,resource_lifecycle_64_assets_4096_objects,std_shared,cycle,10,520705,52070.5,17203200
74,16,localize_read_drop,own_local,group,100000,1243915,12.43915,2350000
74,17,owner_retained_4096_draw_borrows,own_local_view,frame,24,49142,2047.58333333,41287680
74,18,async_queue_job_64_local_copies,own_local,job,100,118166,1181.66,150400
74,19,localize_read_drop,std_shared,group,100000,1448779,14.48779,2350000
74,20,create_read_destroy,own_local,asset,100000,1885646,18.85646,65000400000
74,21,independent_owner_parameter,std_shared,call,100000,1653302,16.53302,2350000
74,22,async_queue_job_64_local_copies,std_shared,job,100,321556,3215.56,150400
74,23,async_queue_job_1024_borrow_reads,own_shared_then_local_view,job,100,94651,946.51,2406400
74,24,contended_copy_2_workers,own_shared,copy,200000,11650561,58.252805,4700000
74,25,owner_retained_4096_parameter_borrows,own_local_view,frame,24,77556,3231.5,41287680
74,26,async_queue_job_1024_borrow_reads,std_shared_then_raw_borrow,job,100,185825,1858.25,2406400
74,27,owner_retained_4096_draw_borrows,std_raw_borrow,frame,24,50964,2123.5,41287680
74,28,copy_read_drop,std_shared,copy,100000,1684093,16.84093,2350000
74,29,scene_4096_attachments,std_shared,attachment,98304,924303,9.40249633789,98304
74,30,owner_retained_borrow_parameter,std_raw_borrow,call,100000,74594,0.74594,2350000
74,31,async_queue_job_1024_local_copies,std_shared,job,100,2689206,26892.06,2406400
74,32,async_queue_job_1024_local_copies,own_local,job,100,405338,4053.38,2406400
74,33,owner_retained_borrow_copy_read,own_local_view,read,100000,32537,0.32537,2350000
74,34,async_queue_job_1_borrow_reads,own_shared_then_local_view,job,100,205846,2058.46,2000
74,35,async_queue_job_1_local_copies,std_shared,job,100,95976,959.76,2000
74,36,scene_4096_attachments,own_local,attachment,98304,134774,1.37099202474,98304
74,37,frame_4096_draws_64_unique_leases,std_shared,frame,24,118746,4947.75,41287680
74,38,group_setup_then_1_copies,own_local,group,100000,1394500,13.945,2000000
74,39,async_queue_job_1_local_copies,own_local,job,100,137128,1371.28,2000
74,40,owner_retained_borrow_copy_read,std_raw_borrow,read,100000,30272,0.30272,2350000
74,41,copy_read_drop,own_local,copy,100000,106271,1.06271,2350000
74,42,group_setup_then_1024_copies,own_local,group,97,92728,955.958762887,2334208
74,43,group_setup_then_8_copies,own_local,group,12500,273170,21.8536,2350000
74,44,owner_retained_4096_parameter_borrows,std_raw_borrow,frame,24,84922,3538.41666667,41287680
74,45,weak_lock_live,own_shared,lock,100000,1617642,16.17642,2350000
74,46,contended_copy_2_workers,std_shared,copy,200000,12631368,63.15684,4700000
74,47,create_read_destroy,std_shared,asset,100000,1202623,12.02623,65000400000
74,48,weak_lock_expired,std_shared,lock,100000,77230,0.7723,0
74,49,resettable_root_pin_1024_borrow_reads,std_shared_pin_raw_borrow,scope,97,32084,330.762886598,2334208
74,50,owner_retained_borrow_parameter,own_local_view,call,100000,61799,0.61799,2350000
74,51,share_read_drop,own_shared,handoff,100000,1120422,11.20422,2350000
74,52,share_read_drop,std_shared,handoff,100000,1482639,14.82639,2350000
74,53,independent_owner_parameter,own_shared,call,100000,1448132,14.48132,2350000
74,54,group_setup_then_8_copies,std_shared,group,12500,1870986,149.67888,2350000
74,55,group_setup_then_64_copies,std_shared,group,1562,1705305,1091.74455826,2349248
75,0,independent_owner_parameter,own_local,call,100000,111838,1.11838,2350000
75,1,async_queue_job_1_local_copies,own_local,job,100,61961,619.61,2000
75,2,owner_retained_4096_parameter_borrows,std_raw_borrow,frame,24,78977,3290.70833333,41287680
75,3,weak_lock_expired,std_shared,lock,100000,77286,0.77286,0
75,4,scene_4096_attachments,std_shared,attachment,98304,936868,9.5303141276,98304
75,5,async_queue_job_64_borrow_reads,own_shared_then_local_view,job,100,77100,771,150400
75,6,frame_4096_draws_64_unique_leases,own_shared,frame,24,97839,4076.625,41287680
75,7,copy_read_drop,std_shared,copy,100000,1643827,16.43827,2350000
75,8,async_queue_job_1_local_copies,std_shared,job,100,69052,690.52,2000
75,9,async_queue_job_1_borrow_reads,own_shared_then_local_view,job,100,48068,480.68,2000
75,10,async_queue_job_1024_local_copies,std_shared,job,100,2448220,24482.2,2406400
75,11,resettable_root_pin_1024_borrow_reads,own_shared_pin_local_view,scope,97,31577,325.536082474,2334208
75,12,owner_retained_borrow_parameter,own_local_view,call,100000,61074,0.61074,2350000
75,13,owner_retained_4096_draw_borrows,std_raw_borrow,frame,24,59081,2461.70833333,41287680
75,14,independent_owner_parameter,own_shared,call,100000,1320624,13.20624,2350000
75,15,weak_lock_live,std_shared,lock,100000,1694990,16.9499,2350000
75,16,weak_lock_expired,own_shared,lock,100000,68845,0.68845,0
75,17,owner_retained_borrow_copy_read,std_raw_borrow,read,100000,30281,0.30281,2350000
75,18,resource_lifecycle_64_assets_4096_objects,own_local,cycle,10,209140,20914,17203200
75,19,group_setup_then_64_copies,own_local,group,1562,138536,88.6914212548,2349248
75,20,group_setup_then_1_copies,own_local,group,100000,1360039,13.60039,2000000
75,21,async_queue_job_1024_borrow_reads,std_shared_then_raw_borrow,job,100,187698,1876.98,2406400
75,22,contended_copy_2_workers,std_shared,copy,200000,14678459,73.392295,4700000
75,23,owner_retained_4096_draw_borrows,own_local_view,frame,24,50546,2106.08333333,41287680
75,24,contended_copy_2_workers,own_shared,copy,200000,11884802,59.42401,4700000
75,25,independent_owner_parameter,std_shared,call,100000,1653528,16.53528,2350000
75,26,scene_4096_attachments,own_local,attachment,98304,135086,1.37416585286,98304
75,27,async_queue_job_1_borrow_reads,std_shared_then_raw_borrow,job,100,59519,595.19,2000
75,28,share_read_drop,std_shared,handoff,100000,1484402,14.84402,2350000
75,29,owner_retained_borrow_copy_read,own_local_view,read,100000,32463,0.32463,2350000
75,30,async_queue_job_64_borrow_reads,std_shared_then_raw_borrow,job,100,67306,673.06,150400
75,31,async_queue_job_64_local_copies,std_shared,job,100,613481,6134.81,150400
75,32,group_setup_then_1024_copies,std_shared,group,97,1662111,17135.1649485,2334208
75,33,resource_lifecycle_64_assets_4096_objects,std_shared,cycle,10,540313,54031.3,17203200
75,34,async_queue_job_1024_borrow_reads,own_shared_then_local_view,job,100,170935,1709.35,2406400
75,35,weak_lock_live,own_shared,lock,100000,1494282,14.94282,2350000
75,36,owner_retained_4096_parameter_borrows,own_local_view,frame,24,87984,3666,41287680
75,37,copy_read_drop,own_shared,copy,100000,1376651,13.76651,2350000
75,38,group_setup_then_8_copies,own_local,group,12500,259589,20.76712,2350000
75,39,create_read_destroy,own_local,asset,100000,1933460,19.3346,65000400000
75,40,async_queue_job_1024_local_copies,own_local,job,100,424110,4241.1,2406400
75,41,async_queue_job_64_local_copies,own_local,job,100,92262,922.62,150400
75,42,frame_4096_draws_64_unique_leases,std_shared,frame,24,92329,3847.04166667,41287680
75,43,share_read_drop,own_shared,handoff,100000,1137100,11.371,2350000
75,44,group_setup_then_8_copies,std_shared,group,12500,1873398,149.87184,2350000
75,45,create_read_destroy,own_shared,asset,100000,1769890,17.6989,65000400000
75,46,copy_read_drop,own_local,copy,100000,105996,1.05996,2350000
75,47,borrow_read,raw_borrow,read,100000,35418,0.35418,2350000
75,48,create_read_destroy,std_shared,asset,100000,1220065,12.20065,65000400000
75,49,localize_read_drop,std_shared,group,100000,1462913,14.62913,2350000
75,50,group_setup_then_1_copies,std_shared,group,100000,3342658,33.42658,2000000
75,51,group_setup_then_64_copies,std_shared,group,1562,1687532,1080.36619718,2349248
75,52,resettable_root_pin_1024_borrow_reads,std_shared_pin_raw_borrow,scope,97,31728,327.092783505,2334208
75,53,localize_read_drop,own_local,group,100000,1310064,13.10064,2350000
75,54,owner_retained_borrow_parameter,std_raw_borrow,call,100000,77421,0.77421,2350000
75,55,group_setup_then_1024_copies,own_local,group,97,87031,897.226804124,2334208
76,0,async_queue_job_64_local_copies,std_shared,job,100,365489,3654.89,150400
76,1,share_read_drop,std_shared,handoff,100000,1466595,14.66595,2350000
76,2,weak_lock_expired,std_shared,lock,100000,91834,0.91834,0
76,3,localize_read_drop,own_local,group,100000,1281361,12.81361,2350000
76,4,resettable_root_pin_1024_borrow_reads,own_shared_pin_local_view,scope,97,31543,325.18556701,2334208
76,5,weak_lock_live,std_shared,lock,100000,2216991,22.16991,2350000
76,6,create_read_destroy,std_shared,asset,100000,2028982,20.28982,65000400000
76,7,group_setup_then_1_copies,std_shared,group,100000,3581970,35.8197,2000000
76,8,group_setup_then_8_copies,std_shared,group,12500,2068051,165.44408,2350000
76,9,resource_lifecycle_64_assets_4096_objects,std_shared,cycle,10,974878,97487.8,17203200
76,10,scene_4096_attachments,std_shared,attachment,98304,1371870,13.9553833008,98304
76,11,independent_owner_parameter,own_local,call,100000,237471,2.37471,2350000
76,12,frame_4096_draws_64_unique_leases,std_shared,frame,24,134214,5592.25,41287680
76,13,independent_owner_parameter,own_shared,call,100000,1569203,15.69203,2350000
76,14,async_queue_job_1024_local_copies,own_local,job,100,446773,4467.73,2406400
76,15,independent_owner_parameter,std_shared,call,100000,1620178,16.20178,2350000
76,16,owner_retained_borrow_copy_read,own_local_view,read,100000,41646,0.41646,2350000
76,17,share_read_drop,own_shared,handoff,100000,1543656,15.43656,2350000
76,18,weak_lock_live,own_shared,lock,100000,1754463,17.54463,2350000
76,19,owner_retained_4096_parameter_borrows,std_raw_borrow,frame,24,181733,7572.20833333,41287680
76,20,contended_copy_2_workers,std_shared,copy,200000,11232763,56.163815,4700000
76,21,weak_lock_expired,own_shared,lock,100000,111076,1.11076,0
76,22,async_queue_job_64_local_copies,own_local,job,100,76791,767.91,150400
76,23,contended_copy_2_workers,own_shared,copy,200000,9282393,46.411965,4700000
76,24,group_setup_then_8_copies,own_local,group,12500,367138,29.37104,2350000
76,25,group_setup_then_1024_copies,own_local,group,97,128890,1328.7628866,2334208
76,26,owner_retained_borrow_parameter,std_raw_borrow,call,100000,93502,0.93502,2350000
76,27,group_setup_then_1_copies,own_local,group,100000,1812387,18.12387,2000000
76,28,copy_read_drop,own_shared,copy,100000,1738049,17.38049,2350000
76,29,async_queue_job_64_borrow_reads,std_shared_then_raw_borrow,job,100,104492,1044.92,150400
76,30,async_queue_job_1_local_copies,std_shared,job,100,90888,908.88,2000
76,31,owner_retained_4096_draw_borrows,own_local_view,frame,24,90655,3777.29166667,41287680
76,32,async_queue_job_1_borrow_reads,own_shared_then_local_view,job,100,58028,580.28,2000
76,33,create_read_destroy,own_local,asset,100000,3015299,30.15299,65000400000
76,34,async_queue_job_64_borrow_reads,own_shared_then_local_view,job,100,154099,1540.99,150400
76,35,async_queue_job_1024_borrow_reads,std_shared_then_raw_borrow,job,100,138716,1387.16,2406400
76,36,owner_retained_4096_parameter_borrows,own_local_view,frame,24,194131,8088.79166667,41287680
76,37,group_setup_then_1024_copies,std_shared,group,97,2016453,20788.1752577,2334208
76,38,async_queue_job_1024_borrow_reads,own_shared_then_local_view,job,100,173854,1738.54,2406400
76,39,copy_read_drop,std_shared,copy,100000,1964701,19.64701,2350000
76,40,create_read_destroy,own_shared,asset,100000,3051257,30.51257,65000400000
76,41,owner_retained_borrow_copy_read,std_raw_borrow,read,100000,68190,0.6819,2350000
76,42,borrow_read,raw_borrow,read,100000,93477,0.93477,2350000
76,43,copy_read_drop,own_local,copy,100000,301401,3.01401,2350000
76,44,resource_lifecycle_64_assets_4096_objects,own_local,cycle,10,477141,47714.1,17203200
76,45,async_queue_job_1_local_copies,own_local,job,100,94153,941.53,2000
76,46,resettable_root_pin_1024_borrow_reads,std_shared_pin_raw_borrow,scope,97,81784,843.134020619,2334208
76,47,group_setup_then_64_copies,own_local,group,1562,223733,143.234955186,2349248
76,48,async_queue_job_1_borrow_reads,std_shared_then_raw_borrow,job,100,64537,645.37,2000
76,49,localize_read_drop,std_shared,group,100000,2175571,21.75571,2350000
76,50,frame_4096_draws_64_unique_leases,own_shared,frame,24,201586,8399.41666667,41287680
76,51,group_setup_then_64_copies,std_shared,group,1562,1920446,1229.47887324,2349248
76,52,scene_4096_attachments,own_local,attachment,98304,176434,1.79477945964,98304
76,53,owner_retained_4096_draw_borrows,std_raw_borrow,frame,24,79504,3312.66666667,41287680
76,54,async_queue_job_1024_local_copies,std_shared,job,100,2487434,24874.34,2406400
76,55,owner_retained_borrow_parameter,own_local_view,call,100000,88479,0.88479,2350000
77,0,resource_lifecycle_64_assets_4096_objects,std_shared,cycle,10,652464,65246.4,17203200
77,1,async_queue_job_1024_borrow_reads,std_shared_then_raw_borrow,job,100,131967,1319.67,2406400
77,2,localize_read_drop,std_shared,group,100000,1766911,17.66911,2350000
77,3,owner_retained_4096_draw_borrows,own_local_view,frame,24,76141,3172.54166667,41287680
77,4,share_read_drop,std_shared,handoff,100000,1854309,18.54309,2350000
77,5,async_queue_job_1024_local_copies,own_local,job,100,290285,2902.85,2406400
77,6,resettable_root_pin_1024_borrow_reads,std_shared_pin_raw_borrow,scope,97,49074,505.917525773,2334208
77,7,owner_retained_4096_draw_borrows,std_raw_borrow,frame,24,122207,5091.95833333,41287680
77,8,group_setup_then_64_copies,std_shared,group,1562,1687543,1080.37323944,2349248
77,9,create_read_destroy,std_shared,asset,100000,1240312,12.40312,65000400000
77,10,weak_lock_expired,own_shared,lock,100000,70956,0.70956,0
77,11,contended_copy_2_workers,own_shared,copy,200000,9364973,46.824865,4700000
77,12,borrow_read,raw_borrow,read,100000,35322,0.35322,2350000
77,13,async_queue_job_1_local_copies,std_shared,job,100,68216,682.16,2000
77,14,create_read_destroy,own_local,asset,100000,1908313,19.08313,65000400000
77,15,group_setup_then_64_copies,own_local,group,1562,110049,70.4539052497,2349248
77,16,async_queue_job_64_borrow_reads,std_shared_then_raw_borrow,job,100,70043,700.43,150400
77,17,owner_retained_borrow_copy_read,own_local_view,read,100000,30147,0.30147,2350000
77,18,owner_retained_borrow_parameter,own_local_view,call,100000,74562,0.74562,2350000
77,19,owner_retained_4096_parameter_borrows,own_local_view,frame,24,78585,3274.375,41287680
77,20,independent_owner_parameter,std_shared,call,100000,1651962,16.51962,2350000
77,21,async_queue_job_64_local_copies,own_local,job,100,118932,1189.32,150400
77,22,async_queue_job_1_borrow_reads,std_shared_then_raw_borrow,job,100,63420,634.2,2000
77,23,owner_retained_4096_parameter_borrows,std_raw_borrow,frame,24,76198,3174.91666667,41287680
77,24,group_setup_then_1024_copies,std_shared,group,97,1652916,17040.371134,2334208
77,25,scene_4096_attachments,std_shared,attachment,98304,954792,9.71264648438,98304
77,26,weak_lock_expired,std_shared,lock,100000,77211,0.77211,0
77,27,async_queue_job_64_local_copies,std_shared,job,100,370583,3705.83,150400
77,28,copy_read_drop,own_shared,copy,100000,1303858,13.03858,2350000
77,29,independent_owner_parameter,own_shared,call,100000,1295862,12.95862,2350000
77,30,localize_read_drop,own_local,group,100000,1292531,12.92531,2350000
77,31,copy_read_drop,std_shared,copy,100000,1642793,16.42793,2350000
77,32,frame_4096_draws_64_unique_leases,own_shared,frame,24,93596,3899.83333333,41287680
77,33,weak_lock_live,own_shared,lock,100000,1497185,14.97185,2350000
77,34,copy_read_drop,own_local,copy,100000,117207,1.17207,2350000
77,35,create_read_destroy,own_shared,asset,100000,1754305,17.54305,65000400000
77,36,group_setup_then_8_copies,own_local,group,12500,286697,22.93576,2350000
77,37,weak_lock_live,std_shared,lock,100000,1815598,18.15598,2350000
77,38,owner_retained_borrow_parameter,std_raw_borrow,call,100000,78995,0.78995,2350000
77,39,resource_lifecycle_64_assets_4096_objects,own_local,cycle,10,224677,22467.7,17203200
77,40,group_setup_then_8_copies,std_shared,group,12500,2008262,160.66096,2350000
77,41,share_read_drop,own_shared,handoff,100000,1114397,11.14397,2350000
77,42,owner_retained_borrow_copy_read,std_raw_borrow,read,100000,30025,0.30025,2350000
77,43,group_setup_then_1024_copies,own_local,group,97,90903,937.144329897,2334208
77,44,independent_owner_parameter,own_local,call,100000,113014,1.13014,2350000
77,45,resettable_root_pin_1024_borrow_reads,own_shared_pin_local_view,scope,97,31233,321.989690722,2334208
77,46,scene_4096_attachments,own_local,attachment,98304,144600,1.47094726562,98304
77,47,async_queue_job_1024_borrow_reads,own_shared_then_local_view,job,100,191873,1918.73,2406400
77,48,async_queue_job_1_borrow_reads,own_shared_then_local_view,job,100,57373,573.73,2000
77,49,group_setup_then_1_copies,std_shared,group,100000,3333002,33.33002,2000000
77,50,group_setup_then_1_copies,own_local,group,100000,1368818,13.68818,2000000
77,51,frame_4096_draws_64_unique_leases,std_shared,frame,24,84802,3533.41666667,41287680
77,52,async_queue_job_1_local_copies,own_local,job,100,89727,897.27,2000
77,53,async_queue_job_64_borrow_reads,own_shared_then_local_view,job,100,80470,804.7,150400
77,54,contended_copy_2_workers,std_shared,copy,200000,9111817,45.559085,4700000
77,55,async_queue_job_1024_local_copies,std_shared,job,100,2709909,27099.09,2406400
78,0,group_setup_then_8_copies,own_local,group,12500,260700,20.856,2350000
78,1,create_read_destroy,own_shared,asset,100000,1764655,17.64655,65000400000
78,2,owner_retained_borrow_copy_read,std_raw_borrow,read,100000,30094,0.30094,2350000
78,3,async_queue_job_1024_borrow_reads,own_shared_then_local_view,job,100,154956,1549.56,2406400
78,4,scene_4096_attachments,own_local,attachment,98304,129831,1.32070922852,98304
78,5,owner_retained_borrow_parameter,std_raw_borrow,call,100000,64209,0.64209,2350000
78,6,create_read_destroy,own_local,asset,100000,1920718,19.20718,65000400000
78,7,frame_4096_draws_64_unique_leases,std_shared,frame,24,83565,3481.875,41287680
78,8,create_read_destroy,std_shared,asset,100000,1179807,11.79807,65000400000
78,9,copy_read_drop,own_local,copy,100000,105459,1.05459,2350000
78,10,owner_retained_borrow_parameter,own_local_view,call,100000,60047,0.60047,2350000
78,11,owner_retained_borrow_copy_read,own_local_view,read,100000,30020,0.3002,2350000
78,12,group_setup_then_64_copies,std_shared,group,1562,1709156,1094.2099872,2349248
78,13,copy_read_drop,std_shared,copy,100000,1637249,16.37249,2350000
78,14,localize_read_drop,own_local,group,100000,1274124,12.74124,2350000
78,15,async_queue_job_1024_local_copies,own_local,job,100,302673,3026.73,2406400
78,16,contended_copy_2_workers,own_shared,copy,200000,7702585,38.512925,4700000
78,17,async_queue_job_1_local_copies,own_local,job,100,73680,736.8,2000
78,18,localize_read_drop,std_shared,group,100000,1473068,14.73068,2350000
78,19,resettable_root_pin_1024_borrow_reads,own_shared_pin_local_view,scope,97,31376,323.463917526,2334208
78,20,group_setup_then_64_copies,own_local,group,1562,168803,108.068501921,2349248
78,21,independent_owner_parameter,std_shared,call,100000,1645727,16.45727,2350000
78,22,group_setup_then_8_copies,std_shared,group,12500,1888923,151.11384,2350000
78,23,share_read_drop,std_shared,handoff,100000,1469782,14.69782,2350000
78,24,async_queue_job_64_borrow_reads,own_shared_then_local_view,job,100,89101,891.01,150400
78,25,weak_lock_live,own_shared,lock,100000,1477721,14.77721,2350000
78,26,scene_4096_attachments,std_shared,attachment,98304,948343,9.64704386393,98304
78,27,async_queue_job_1_borrow_reads,std_shared_then_raw_borrow,job,100,445418,4454.18,2000
78,28,owner_retained_4096_parameter_borrows,own_local_view,frame,24,77971,3248.79166667,41287680
78,29,resource_lifecycle_64_assets_4096_objects,std_shared,cycle,10,513212,51321.2,17203200
78,30,group_setup_then_1_copies,own_local,group,100000,1374748,13.74748,2000000
78,31,owner_retained_4096_parameter_borrows,std_raw_borrow,frame,24,76885,3203.54166667,41287680
78,32,borrow_read,raw_borrow,read,100000,35521,0.35521,2350000
78,33,copy_read_drop,own_shared,copy,100000,1311747,13.11747,2350000
78,34,async_queue_job_64_local_copies,own_local,job,100,90724,907.24,150400
78,35,share_read_drop,own_shared,handoff,100000,1118888,11.18888,2350000
78,36,async_queue_job_64_local_copies,std_shared,job,100,307526,3075.26,150400
78,37,async_queue_job_64_borrow_reads,std_shared_then_raw_borrow,job,100,91883,918.83,150400
78,38,independent_owner_parameter,own_local,call,100000,111935,1.11935,2350000
78,39,weak_lock_expired,own_shared,lock,100000,68589,0.68589,0
78,40,independent_owner_parameter,own_shared,call,100000,1299708,12.99708,2350000
78,41,async_queue_job_1_borrow_reads,own_shared_then_local_view,job,100,68299,682.99,2000
78,42,weak_lock_expired,std_shared,lock,100000,92380,0.9238,0
78,43,contended_copy_2_workers,std_shared,copy,200000,8933890,44.66945,4700000
78,44,weak_lock_live,std_shared,lock,100000,1673185,16.73185,2350000
78,45,resettable_root_pin_1024_borrow_reads,std_shared_pin_raw_borrow,scope,97,31985,329.742268041,2334208
78,46,group_setup_then_1_copies,std_shared,group,100000,3334900,33.349,2000000
78,47,async_queue_job_1024_local_copies,std_shared,job,100,2506627,25066.27,2406400
78,48,group_setup_then_1024_copies,std_shared,group,97,1647859,16988.2371134,2334208
78,49,async_queue_job_1024_borrow_reads,std_shared_then_raw_borrow,job,100,244206,2442.06,2406400
78,50,resource_lifecycle_64_assets_4096_objects,own_local,cycle,10,198519,19851.9,17203200
78,51,async_queue_job_1_local_copies,std_shared,job,100,64276,642.76,2000
78,52,owner_retained_4096_draw_borrows,own_local_view,frame,24,47597,1983.20833333,41287680
78,53,frame_4096_draws_64_unique_leases,own_shared,frame,24,87569,3648.70833333,41287680
78,54,owner_retained_4096_draw_borrows,std_raw_borrow,frame,24,47578,1982.41666667,41287680
78,55,group_setup_then_1024_copies,own_local,group,97,88444,911.793814433,2334208
79,0,async_queue_job_1_borrow_reads,std_shared_then_raw_borrow,job,100,300893,3008.93,2000
79,1,owner_retained_borrow_copy_read,own_local_view,read,100000,32193,0.32193,2350000
79,2,async_queue_job_1_local_copies,own_local,job,100,62756,627.56,2000
79,3,localize_read_drop,std_shared,group,100000,1474020,14.7402,2350000
79,4,async_queue_job_64_local_copies,std_shared,job,100,288172,2881.72,150400
79,5,owner_retained_4096_parameter_borrows,own_local_view,frame,24,76185,3174.375,41287680
79,6,localize_read_drop,own_local,group,100000,1296848,12.96848,2350000
79,7,independent_owner_parameter,std_shared,call,100000,1663624,16.63624,2350000
79,8,resource_lifecycle_64_assets_4096_objects,own_local,cycle,10,208445,20844.5,17203200
79,9,owner_retained_4096_draw_borrows,std_raw_borrow,frame,24,47019,1959.125,41287680
79,10,owner_retained_borrow_parameter,own_local_view,call,100000,64292,0.64292,2350000
79,11,group_setup_then_64_copies,std_shared,group,1562,1676216,1073.12163892,2349248
79,12,contended_copy_2_workers,own_shared,copy,200000,5989079,29.945395,4700000
79,13,group_setup_then_8_copies,std_shared,group,12500,1867570,149.4056,2350000
79,14,group_setup_then_1024_copies,std_shared,group,97,1653900,17050.5154639,2334208
79,15,borrow_read,raw_borrow,read,100000,35031,0.35031,2350000
79,16,create_read_destroy,own_shared,asset,100000,1785644,17.85644,65000400000
79,17,async_queue_job_1024_local_copies,std_shared,job,100,2579750,25797.5,2406400
79,18,async_queue_job_64_borrow_reads,std_shared_then_raw_borrow,job,100,292936,2929.36,150400
79,19,group_setup_then_64_copies,own_local,group,1562,111061,71.1017925736,2349248
79,20,create_read_destroy,own_local,asset,100000,1899782,18.99782,65000400000
79,21,frame_4096_draws_64_unique_leases,own_shared,frame,24,86067,3586.125,41287680
79,22,group_setup_then_1024_copies,own_local,group,97,87465,901.701030928,2334208
79,23,async_queue_job_1_borrow_reads,own_shared_then_local_view,job,100,105334,1053.34,2000
79,24,resettable_root_pin_1024_borrow_reads,own_shared_pin_local_view,scope,97,31694,326.742268041,2334208
79,25,resource_lifecycle_64_assets_4096_objects,std_shared,cycle,10,522849,52284.9,17203200
79,26,group_setup_then_1_copies,own_local,group,100000,1370066,13.70066,2000000
79,27,frame_4096_draws_64_unique_leases,std_shared,frame,24,86678,3611.58333333,41287680
79,28,async_queue_job_1024_borrow_reads,std_shared_then_raw_borrow,job,100,626218,6262.18,2406400
79,29,async_queue_job_1024_borrow_reads,own_shared_then_local_view,job,100,193345,1933.45,2406400
79,30,resettable_root_pin_1024_borrow_reads,std_shared_pin_raw_borrow,scope,97,41549,428.340206186,2334208
79,31,owner_retained_4096_draw_borrows,own_local_view,frame,24,47323,1971.79166667,41287680
79,32,group_setup_then_8_copies,own_local,group,12500,252866,20.22928,2350000
79,33,group_setup_then_1_copies,std_shared,group,100000,3335818,33.35818,2000000
79,34,scene_4096_attachments,own_local,attachment,98304,143368,1.45841471354,98304
79,35,create_read_destroy,std_shared,asset,100000,1198752,11.98752,65000400000
79,36,independent_owner_parameter,own_shared,call,100000,1292893,12.92893,2350000
79,37,owner_retained_borrow_parameter,std_raw_borrow,call,100000,60014,0.60014,2350000
79,38,share_read_drop,std_shared,handoff,100000,1488961,14.88961,2350000
79,39,scene_4096_attachments,std_shared,attachment,98304,937972,9.54154459635,98304
79,40,async_queue_job_64_borrow_reads,own_shared_then_local_view,job,100,80872,808.72,150400
79,41,async_queue_job_64_local_copies,own_local,job,100,59783,597.83,150400
79,42,owner_retained_4096_parameter_borrows,std_raw_borrow,frame,24,78027,3251.125,41287680
79,43,weak_lock_expired,std_shared,lock,100000,77140,0.7714,0
79,44,independent_owner_parameter,own_local,call,100000,112454,1.12454,2350000
79,45,async_queue_job_1_local_copies,std_shared,job,100,72339,723.39,2000
79,46,contended_copy_2_workers,std_shared,copy,200000,8788352,43.94176,4700000
79,47,share_read_drop,own_shared,handoff,100000,1138251,11.38251,2350000
79,48,owner_retained_borrow_copy_read,std_raw_borrow,read,100000,30110,0.3011,2350000
79,49,weak_lock_expired,own_shared,lock,100000,68541,0.68541,0
79,50,weak_lock_live,own_shared,lock,100000,1605582,16.05582,2350000
79,51,weak_lock_live,std_shared,lock,100000,1704113,17.04113,2350000
79,52,async_queue_job_1024_local_copies,own_local,job,100,338455,3384.55,2406400
79,53,copy_read_drop,own_local,copy,100000,104864,1.04864,2350000
79,54,copy_read_drop,own_shared,copy,100000,1297001,12.97001,2350000
79,55,copy_read_drop,std_shared,copy,100000,1651864,16.51864,2350000
80,0,async_queue_job_64_borrow_reads,own_shared_then_local_view,job,100,62042,620.42,150400
80,1,frame_4096_draws_64_unique_leases,own_shared,frame,24,86938,3622.41666667,41287680
80,2,localize_read_drop,std_shared,group,100000,1491582,14.91582,2350000
80,3,async_queue_job_64_local_copies,own_local,job,100,86337,863.37,150400
80,4,resource_lifecycle_64_assets_4096_objects,own_local,cycle,10,196912,19691.2,17203200
80,5,group_setup_then_1024_copies,own_local,group,97,87820,905.360824742,2334208
80,6,async_queue_job_1_borrow_reads,own_shared_then_local_view,job,100,40949,409.49,2000
80,7,owner_retained_4096_parameter_borrows,std_raw_borrow,frame,24,76589,3191.20833333,41287680
80,8,group_setup_then_64_copies,own_local,group,1562,137304,87.9026888604,2349248
80,9,owner_retained_borrow_copy_read,own_local_view,read,100000,51365,0.51365,2350000
80,10,scene_4096_attachments,std_shared,attachment,98304,932101,9.48182169596,98304
80,11,group_setup_then_1024_copies,std_shared,group,97,1674268,17260.4948454,2334208
80,12,weak_lock_live,own_shared,lock,100000,1479008,14.79008,2350000
80,13,scene_4096_attachments,own_local,attachment,98304,128937,1.31161499023,98304
80,14,independent_owner_parameter,own_local,call,100000,122685,1.22685,2350000
80,15,owner_retained_borrow_copy_read,std_raw_borrow,read,100000,29992,0.29992,2350000
80,16,copy_read_drop,own_local,copy,100000,105327,1.05327,2350000
80,17,group_setup_then_64_copies,std_shared,group,1562,1691403,1082.84443022,2349248
80,18,group_setup_then_1_copies,own_local,group,100000,1360249,13.60249,2000000
80,19,borrow_read,raw_borrow,read,100000,35161,0.35161,2350000
80,20,weak_lock_live,std_shared,lock,100000,1660965,16.60965,2350000
80,21,create_read_destroy,own_shared,asset,100000,1781419,17.81419,65000400000
80,22,localize_read_drop,own_local,group,100000,1284720,12.8472,2350000
80,23,create_read_destroy,std_shared,asset,100000,1160195,11.60195,65000400000
80,24,group_setup_then_8_copies,std_shared,group,12500,1881305,150.5044,2350000
80,25,owner_retained_borrow_parameter,own_local_view,call,100000,60153,0.60153,2350000
80,26,async_queue_job_1024_local_copies,own_local,job,100,280012,2800.12,2406400
80,27,async_queue_job_1024_borrow_reads,std_shared_then_raw_borrow,job,100,142787,1427.87,2406400
80,28,share_read_drop,own_shared,handoff,100000,1121085,11.21085,2350000
80,29,async_queue_job_1_local_copies,own_local,job,100,54844,548.44,2000
80,30,frame_4096_draws_64_unique_leases,std_shared,frame,24,85040,3543.33333333,41287680
80,31,weak_lock_expired,own_shared,lock,100000,70841,0.70841,0
80,32,group_setup_then_8_copies,own_local,group,12500,264727,21.17816,2350000
80,33,create_read_destroy,own_local,asset,100000,1914581,19.14581,65000400000
80,34,independent_owner_parameter,std_shared,call,100000,1650140,16.5014,2350000
80,35,independent_owner_parameter,own_shared,call,100000,1340207,13.40207,2350000
80,36,resettable_root_pin_1024_borrow_reads,std_shared_pin_raw_borrow,scope,97,36181,373,2334208
80,37,group_setup_then_1_copies,std_shared,group,100000,3334307,33.34307,2000000
80,38,async_queue_job_1024_local_copies,std_shared,job,100,2481263,24812.63,2406400
80,39,resource_lifecycle_64_assets_4096_objects,std_shared,cycle,10,520778,52077.8,17203200
80,40,owner_retained_4096_draw_borrows,own_local_view,frame,24,48788,2032.83333333,41287680
80,41,owner_retained_4096_parameter_borrows,own_local_view,frame,24,76070,3169.58333333,41287680
80,42,owner_retained_4096_draw_borrows,std_raw_borrow,frame,24,47575,1982.29166667,41287680
80,43,copy_read_drop,std_shared,copy,100000,1677632,16.77632,2350000
80,44,async_queue_job_64_borrow_reads,std_shared_then_raw_borrow,job,100,1859638,18596.38,150400
80,45,contended_copy_2_workers,own_shared,copy,200000,3768702,18.84351,4700000
80,46,weak_lock_expired,std_shared,lock,100000,88717,0.88717,0
80,47,resettable_root_pin_1024_borrow_reads,own_shared_pin_local_view,scope,97,31399,323.701030928,2334208
80,48,share_read_drop,std_shared,handoff,100000,1469055,14.69055,2350000
80,49,contended_copy_2_workers,std_shared,copy,200000,14268402,71.34201,4700000
80,50,async_queue_job_1024_borrow_reads,own_shared_then_local_view,job,100,160925,1609.25,2406400
80,51,copy_read_drop,own_shared,copy,100000,1301988,13.01988,2350000
80,52,owner_retained_borrow_parameter,std_raw_borrow,call,100000,64642,0.64642,2350000
80,53,async_queue_job_64_local_copies,std_shared,job,100,295432,2954.32,150400
80,54,async_queue_job_1_local_copies,std_shared,job,100,64727,647.27,2000
80,55,async_queue_job_1_borrow_reads,std_shared_then_raw_borrow,job,100,63205,632.05,2000
81,0,group_setup_then_8_copies,own_local,group,12500,257610,20.6088,2350000
81,1,copy_read_drop,own_shared,copy,100000,1297576,12.97576,2350000
81,2,async_queue_job_1024_borrow_reads,own_shared_then_local_view,job,100,212960,2129.6,2406400
81,3,async_queue_job_1_borrow_reads,own_shared_then_local_view,job,100,72188,721.88,2000
81,4,async_queue_job_64_borrow_reads,own_shared_then_local_view,job,100,72329,723.29,150400
81,5,owner_retained_4096_parameter_borrows,std_raw_borrow,frame,24,78473,3269.70833333,41287680
81,6,group_setup_then_1024_copies,own_local,group,97,87932,906.515463918,2334208
81,7,owner_retained_borrow_parameter,std_raw_borrow,call,100000,68973,0.68973,2350000
81,8,scene_4096_attachments,std_shared,attachment,98304,946336,9.62662760417,98304
81,9,contended_copy_2_workers,std_shared,copy,200000,12562243,62.811215,4700000
81,10,create_read_destroy,std_shared,asset,100000,1235219,12.35219,65000400000
81,11,create_read_destroy,own_local,asset,100000,1902276,19.02276,65000400000
81,12,scene_4096_attachments,own_local,attachment,98304,137632,1.40006510417,98304
81,13,share_read_drop,std_shared,handoff,100000,1495920,14.9592,2350000
81,14,group_setup_then_1024_copies,std_shared,group,97,1642008,16927.9175258,2334208
81,15,create_read_destroy,own_shared,asset,100000,1768568,17.68568,65000400000
81,16,async_queue_job_64_borrow_reads,std_shared_then_raw_borrow,job,100,76681,766.81,150400
81,17,resource_lifecycle_64_assets_4096_objects,own_local,cycle,10,224986,22498.6,17203200
81,18,async_queue_job_64_local_copies,std_shared,job,100,337840,3378.4,150400
81,19,contended_copy_2_workers,own_shared,copy,200000,7900237,39.501185,4700000
81,20,group_setup_then_8_copies,std_shared,group,12500,1868754,149.50032,2350000
81,21,independent_owner_parameter,std_shared,call,100000,1660705,16.60705,2350000
81,22,resettable_root_pin_1024_borrow_reads,own_shared_pin_local_view,scope,97,32007,329.969072165,2334208
81,23,group_setup_then_1_copies,own_local,group,100000,1360180,13.6018,2000000
81,24,async_queue_job_1_borrow_reads,std_shared_then_raw_borrow,job,100,57536,575.36,2000
81,25,localize_read_drop,own_local,group,100000,1274966,12.74966,2350000
81,26,frame_4096_draws_64_unique_leases,own_shared,frame,24,88115,3671.45833333,41287680
81,27,async_queue_job_1024_local_copies,std_shared,job,100,2576197,25761.97,2406400
81,28,resource_lifecycle_64_assets_4096_objects,std_shared,cycle,10,518095,51809.5,17203200
81,29,weak_lock_live,own_shared,lock,100000,1495894,14.95894,2350000
81,30,owner_retained_4096_draw_borrows,std_raw_borrow,frame,24,49103,2045.95833333,41287680
81,31,weak_lock_expired,own_shared,lock,100000,70717,0.70717,0
81,32,owner_retained_4096_parameter_borrows,own_local_view,frame,24,79801,3325.04166667,41287680
81,33,localize_read_drop,std_shared,group,100000,1486636,14.86636,2350000
81,34,frame_4096_draws_64_unique_leases,std_shared,frame,24,88702,3695.91666667,41287680
81,35,async_queue_job_1024_borrow_reads,std_shared_then_raw_borrow,job,100,130214,1302.14,2406400
81,36,weak_lock_live,std_shared,lock,100000,1661857,16.61857,2350000
81,37,owner_retained_borrow_copy_read,std_raw_borrow,read,100000,30647,0.30647,2350000
81,38,group_setup_then_64_copies,own_local,group,1562,135499,86.7471190781,2349248
81,39,share_read_drop,own_shared,handoff,100000,1149524,11.49524,2350000
81,40,copy_read_drop,std_shared,copy,100000,1626135,16.26135,2350000
81,41,async_queue_job_64_local_copies,own_local,job,100,82922,829.22,150400
81,42,async_queue_job_1_local_copies,std_shared,job,100,68893,688.93,2000
81,43,owner_retained_borrow_copy_read,own_local_view,read,100000,32251,0.32251,2350000
81,44,resettable_root_pin_1024_borrow_reads,std_shared_pin_raw_borrow,scope,97,31656,326.350515464,2334208
81,45,group_setup_then_64_copies,std_shared,group,1562,1691551,1082.93918054,2349248
81,46,owner_retained_borrow_parameter,own_local_view,call,100000,64325,0.64325,2350000
81,47,copy_read_drop,own_local,copy,100000,127153,1.27153,2350000
81,48,independent_owner_parameter,own_shared,call,100000,1333394,13.33394,2350000
81,49,weak_lock_expired,std_shared,lock,100000,77159,0.77159,0
81,50,async_queue_job_1_local_copies,own_local,job,100,75494,754.94,2000
81,51,borrow_read,raw_borrow,read,100000,35333,0.35333,2350000
81,52,group_setup_then_1_copies,std_shared,group,100000,3332921,33.32921,2000000
81,53,independent_owner_parameter,own_local,call,100000,112252,1.12252,2350000
81,54,async_queue_job_1024_local_copies,own_local,job,100,385713,3857.13,2406400
81,55,owner_retained_4096_draw_borrows,own_local_view,frame,24,47475,1978.125,41287680
82,0,group_setup_then_1024_copies,std_shared,group,97,1643210,16940.3092784,2334208
82,1,scene_4096_attachments,std_shared,attachment,98304,947176,9.63517252604,98304
82,2,create_read_destroy,own_shared,asset,100000,1777231,17.77231,65000400000
82,3,copy_read_drop,own_shared,copy,100000,1295599,12.95599,2350000
82,4,async_queue_job_64_local_copies,std_shared,job,100,317187,3171.87,150400
82,5,async_queue_job_1_borrow_reads,own_shared_then_local_view,job,100,90841,908.41,2000
82,6,async_queue_job_64_borrow_reads,own_shared_then_local_view,job,100,44087,440.87,150400
82,7,contended_copy_2_workers,own_shared,copy,200000,9435076,47.17538,4700000
82,8,owner_retained_borrow_copy_read,std_raw_borrow,read,100000,30159,0.30159,2350000
82,9,owner_retained_4096_parameter_borrows,std_raw_borrow,frame,24,77743,3239.29166667,41287680
82,10,group_setup_then_8_copies,std_shared,group,12500,1880158,150.41264,2350000
82,11,contended_copy_2_workers,std_shared,copy,200000,14674560,73.3728,4700000
82,12,group_setup_then_8_copies,own_local,group,12500,264578,21.16624,2350000
82,13,async_queue_job_64_local_copies,own_local,job,100,91734,917.34,150400
82,14,async_queue_job_1024_borrow_reads,std_shared_then_raw_borrow,job,100,154218,1542.18,2406400
82,15,copy_read_drop,own_local,copy,100000,110862,1.10862,2350000
82,16,group_setup_then_1_copies,own_local,group,100000,1466131,14.66131,2000000
82,17,frame_4096_draws_64_unique_leases,std_shared,frame,24,110067,4586.125,41287680
82,18,async_queue_job_1024_local_copies,own_local,job,100,364783,3647.83,2406400
82,19,weak_lock_live,own_shared,lock,100000,1600463,16.00463,2350000
82,20,independent_owner_parameter,own_local,call,100000,112306,1.12306,2350000
82,21,weak_lock_expired,own_shared,lock,100000,70300,0.703,0
82,22,resettable_root_pin_1024_borrow_reads,own_shared_pin_local_view,scope,97,31766,327.484536082,2334208
82,23,group_setup_then_64_copies,std_shared,group,1562,1687230,1080.17285531,2349248
82,24,weak_lock_expired,std_shared,lock,100000,98903,0.98903,0
82,25,create_read_destroy,own_local,asset,100000,1900986,19.00986,65000400000
82,26,weak_lock_live,std_shared,lock,100000,1672713,16.72713,2350000
82,27,borrow_read,raw_borrow,read,100000,35162,0.35162,2350000
82,28,group_setup_then_1024_copies,own_local,group,97,91402,942.288659794,2334208
82,29,localize_read_drop,std_shared,group,100000,1474148,14.74148,2350000
82,30,owner_retained_4096_parameter_borrows,own_local_view,frame,24,91007,3791.95833333,41287680
82,31,independent_owner_parameter,own_shared,call,100000,1298807,12.98807,2350000
82,32,create_read_destroy,std_shared,asset,100000,1187626,11.87626,65000400000
82,33,frame_4096_draws_64_unique_leases,own_shared,frame,24,90743,3780.95833333,41287680
82,34,owner_retained_borrow_parameter,own_local_view,call,100000,64294,0.64294,2350000
82,35,resettable_root_pin_1024_borrow_reads,std_shared_pin_raw_borrow,scope,97,31240,322.06185567,2334208
82,36,async_queue_job_1_local_copies,std_shared,job,100,336662,3366.62,2000
82,37,async_queue_job_1024_local_copies,std_shared,job,100,3475071,34750.71,2406400
82,38,owner_retained_borrow_copy_read,own_local_view,read,100000,30982,0.30982,2350000
82,39,group_setup_then_64_copies,own_local,group,1562,137046,87.7375160051,2349248
82,40,async_queue_job_1024_borrow_reads,own_shared_then_local_view,job,100,210544,2105.44,2406400
82,41,copy_read_drop,std_shared,copy,100000,1647456,16.47456,2350000
82,42,async_queue_job_1_borrow_reads,std_shared_then_raw_borrow,job,100,72548,725.48,2000
82,43,group_setup_then_1_copies,std_shared,group,100000,3327518,33.27518,2000000
82,44,localize_read_drop,own_local,group,100000,1293874,12.93874,2350000
82,45,share_read_drop,std_shared,handoff,100000,1494603,14.94603,2350000
82,46,async_queue_job_64_borrow_reads,std_shared_then_raw_borrow,job,100,58383,583.83,150400
82,47,scene_4096_attachments,own_local,attachment,98304,130426,1.32676188151,98304
82,48,owner_retained_4096_draw_borrows,std_raw_borrow,frame,24,47760,1990,41287680
82,49,async_queue_job_1_local_copies,own_local,job,100,84954,849.54,2000
82,50,owner_retained_borrow_parameter,std_raw_borrow,call,100000,64290,0.6429,2350000
82,51,independent_owner_parameter,std_shared,call,100000,1639130,16.3913,2350000
82,52,resource_lifecycle_64_assets_4096_objects,std_shared,cycle,10,528306,52830.6,17203200
82,53,owner_retained_4096_draw_borrows,own_local_view,frame,24,47179,1965.79166667,41287680
82,54,resource_lifecycle_64_assets_4096_objects,own_local,cycle,10,193512,19351.2,17203200
82,55,share_read_drop,own_shared,handoff,100000,1113748,11.13748,2350000
83,0,resettable_root_pin_1024_borrow_reads,own_shared_pin_local_view,scope,97,31303,322.711340206,2334208
83,1,owner_retained_4096_draw_borrows,own_local_view,frame,24,61751,2572.95833333,41287680
83,2,independent_owner_parameter,std_shared,call,100000,1648146,16.48146,2350000
83,3,owner_retained_borrow_copy_read,std_raw_borrow,read,100000,30042,0.30042,2350000
83,4,group_setup_then_1024_copies,std_shared,group,97,1654325,17054.8969072,2334208
83,5,copy_read_drop,std_shared,copy,100000,1641618,16.41618,2350000
83,6,weak_lock_live,own_shared,lock,100000,1487514,14.87514,2350000
83,7,create_read_destroy,own_local,asset,100000,1908579,19.08579,65000400000
83,8,independent_owner_parameter,own_local,call,100000,112408,1.12408,2350000
83,9,copy_read_drop,own_shared,copy,100000,1309876,13.09876,2350000
83,10,contended_copy_2_workers,std_shared,copy,200000,15592362,77.96181,4700000
83,11,localize_read_drop,own_local,group,100000,1469432,14.69432,2350000
83,12,scene_4096_attachments,std_shared,attachment,98304,1077854,10.9644978841,98304
83,13,weak_lock_expired,std_shared,lock,100000,83590,0.8359,0
83,14,async_queue_job_1024_borrow_reads,std_shared_then_raw_borrow,job,100,174288,1742.88,2406400
83,15,frame_4096_draws_64_unique_leases,own_shared,frame,24,96225,4009.375,41287680
83,16,borrow_read,raw_borrow,read,100000,38189,0.38189,2350000
83,17,contended_copy_2_workers,own_shared,copy,200000,10793351,53.966755,4700000
83,18,localize_read_drop,std_shared,group,100000,1520015,15.20015,2350000
83,19,group_setup_then_1024_copies,own_local,group,97,111297,1147.39175258,2334208
83,20,group_setup_then_8_copies,own_local,group,12500,275827,22.06616,2350000
83,21,async_queue_job_64_borrow_reads,std_shared_then_raw_borrow,job,100,72621,726.21,150400
83,22,group_setup_then_8_copies,std_shared,group,12500,2049183,163.93464,2350000
83,23,copy_read_drop,own_local,copy,100000,112518,1.12518,2350000
83,24,owner_retained_4096_draw_borrows,std_raw_borrow,frame,24,53048,2210.33333333,41287680
83,25,owner_retained_4096_parameter_borrows,own_local_view,frame,24,85533,3563.875,41287680
83,26,owner_retained_borrow_parameter,std_raw_borrow,call,100000,69829,0.69829,2350000
83,27,async_queue_job_64_local_copies,own_local,job,100,69328,693.28,150400
83,28,async_queue_job_1_borrow_reads,own_shared_then_local_view,job,100,69556,695.56,2000
83,29,share_read_drop,std_shared,handoff,100000,1620093,16.20093,2350000
83,30,independent_owner_parameter,own_shared,call,100000,1308740,13.0874,2350000
83,31,weak_lock_expired,own_shared,lock,100000,74541,0.74541,0
83,32,owner_retained_4096_parameter_borrows,std_raw_borrow,frame,24,77254,3218.91666667,41287680
83,33,scene_4096_attachments,own_local,attachment,98304,139125,1.41525268555,98304
83,34,owner_retained_borrow_parameter,own_local_view,call,100000,60038,0.60038,2350000
83,35,group_setup_then_64_copies,own_local,group,1562,111742,71.5377720871,2349248
83,36,async_queue_job_64_borrow_reads,own_shared_then_local_view,job,100,89855,898.55,150400
83,37,share_read_drop,own_shared,handoff,100000,1223575,12.23575,2350000
83,38,create_read_destroy,own_shared,asset,100000,1764549,17.64549,65000400000
83,39,resource_lifecycle_64_assets_4096_objects,own_local,cycle,10,218545,21854.5,17203200
83,40,frame_4096_draws_64_unique_leases,std_shared,frame,24,88655,3693.95833333,41287680
83,41,owner_retained_borrow_copy_read,own_local_view,read,100000,32256,0.32256,2350000
83,42,async_queue_job_64_local_copies,std_shared,job,100,308940,3089.4,150400
83,43,async_queue_job_1024_borrow_reads,own_shared_then_local_view,job,100,158678,1586.78,2406400
83,44,async_queue_job_1024_local_copies,own_local,job,100,320740,3207.4,2406400
83,45,create_read_destroy,std_shared,asset,100000,1241004,12.41004,65000400000
83,46,async_queue_job_1_local_copies,std_shared,job,100,58348,583.48,2000
83,47,weak_lock_live,std_shared,lock,100000,1677034,16.77034,2350000
83,48,async_queue_job_1_local_copies,own_local,job,100,65203,652.03,2000
83,49,group_setup_then_64_copies,std_shared,group,1562,1692632,1083.631242,2349248
83,50,async_queue_job_1_borrow_reads,std_shared_then_raw_borrow,job,100,64300,643,2000
83,51,async_queue_job_1024_local_copies,std_shared,job,100,2402783,24027.83,2406400
83,52,resettable_root_pin_1024_borrow_reads,std_shared_pin_raw_borrow,scope,97,31319,322.87628866,2334208
83,53,resource_lifecycle_64_assets_4096_objects,std_shared,cycle,10,511936,51193.6,17203200
83,54,group_setup_then_1_copies,own_local,group,100000,1375179,13.75179,2000000
83,55,group_setup_then_1_copies,std_shared,group,100000,3313781,33.13781,2000000
84,0,async_queue_job_1024_borrow_reads,std_shared_then_raw_borrow,job,100,113406,1134.06,2406400
84,1,resettable_root_pin_1024_borrow_reads,own_shared_pin_local_view,scope,97,31340,323.092783505,2334208
84,2,share_read_drop,std_shared,handoff,100000,1484655,14.84655,2350000
84,3,weak_lock_live,std_shared,lock,100000,1669488,16.69488,2350000
84,4,owner_retained_4096_parameter_borrows,std_raw_borrow,frame,24,92354,3848.08333333,41287680
84,5,contended_copy_2_workers,own_shared,copy,200000,9557798,47.78899,4700000
84,6,resource_lifecycle_64_assets_4096_objects,std_shared,cycle,10,526683,52668.3,17203200
84,7,async_queue_job_1_local_copies,std_shared,job,100,63967,639.67,2000
84,8,weak_lock_expired,own_shared,lock,100000,70826,0.70826,0
84,9,async_queue_job_1024_borrow_reads,own_shared_then_local_view,job,100,137095,1370.95,2406400
84,10,resettable_root_pin_1024_borrow_reads,std_shared_pin_raw_borrow,scope,97,32053,330.443298969,2334208
84,11,weak_lock_live,own_shared,lock,100000,1478474,14.78474,2350000
84,12,async_queue_job_1_borrow_reads,own_shared_then_local_view,job,100,68983,689.83,2000
84,13,owner_retained_borrow_copy_read,own_local_view,read,100000,51560,0.5156,2350000
84,14,group_setup_then_8_copies,std_shared,group,12500,1872382,149.79056,2350000
84,15,async_queue_job_64_borrow_reads,own_shared_then_local_view,job,100,65622,656.22,150400
84,16,owner_retained_4096_draw_borrows,own_local_view,frame,24,66336,2764,41287680
84,17,localize_read_drop,std_shared,group,100000,1421499,14.21499,2350000
84,18,resource_lifecycle_64_assets_4096_objects,own_local,cycle,10,186722,18672.2,17203200
84,19,group_setup_then_64_copies,std_shared,group,1562,1647227,1054.56274008,2349248
84,20,async_queue_job_1024_local_copies,own_local,job,100,284118,2841.18,2406400
84,21,async_queue_job_64_borrow_reads,std_shared_then_raw_borrow,job,100,61608,616.08,150400
84,22,independent_owner_parameter,own_shared,call,100000,1237066,12.37066,2350000
84,23,weak_lock_expired,std_shared,lock,100000,75177,0.75177,0
84,24,async_queue_job_1024_local_copies,std_shared,job,100,2383187,23831.87,2406400
84,25,async_queue_job_64_local_copies,own_local,job,100,53410,534.1,150400
84,26,group_setup_then_64_copies,own_local,group,1562,106121,67.9391805378,2349248
84,27,owner_retained_4096_draw_borrows,std_raw_borrow,frame,24,48623,2025.95833333,41287680
84,28,independent_owner_parameter,own_local,call,100000,106709,1.06709,2350000
84,29,async_queue_job_64_local_copies,std_shared,job,100,279596,2795.96,150400
84,30,frame_4096_draws_64_unique_leases,std_shared,frame,24,98762,4115.08333333,41287680
84,31,group_setup_then_1_copies,std_shared,group,100000,3256295,32.56295,2000000
84,32,create_read_destroy,std_shared,asset,100000,1145018,11.45018,65000400000
84,33,owner_retained_borrow_parameter,own_local_view,call,100000,58856,0.58856,2350000
84,34,copy_read_drop,std_shared,copy,100000,1613329,16.13329,2350000
84,35,share_read_drop,own_shared,handoff,100000,1107086,11.07086,2350000
84,36,borrow_read,raw_borrow,read,100000,34249,0.34249,2350000
84,37,copy_read_drop,own_local,copy,100000,103465,1.03465,2350000
84,38,group_setup_then_8_copies,own_local,group,12500,249345,19.9476,2350000
84,39,group_setup_then_1_copies,own_local,group,100000,1331259,13.31259,2000000
84,40,group_setup_then_1024_copies,std_shared,group,97,1643260,16940.8247423,2334208
84,41,async_queue_job_1_local_copies,own_local,job,100,78894,788.94,2000
84,42,contended_copy_2_workers,std_shared,copy,200000,13511857,67.559285,4700000
84,43,frame_4096_draws_64_unique_leases,own_shared,frame,24,93923,3913.45833333,41287680
84,44,localize_read_drop,own_local,group,100000,1274103,12.74103,2350000
84,45,scene_4096_attachments,own_local,attachment,98304,131573,1.33842976888,98304
84,46,create_read_destroy,own_shared,asset,100000,1784049,17.84049,65000400000
84,47,scene_4096_attachments,std_shared,attachment,98304,933846,9.49957275391,98304
84,48,owner_retained_borrow_parameter,std_raw_borrow,call,100000,60107,0.60107,2350000
84,49,owner_retained_4096_parameter_borrows,own_local_view,frame,24,78315,3263.125,41287680
84,50,create_read_destroy,own_local,asset,100000,1896240,18.9624,65000400000
84,51,group_setup_then_1024_copies,own_local,group,97,87951,906.711340206,2334208
84,52,async_queue_job_1_borrow_reads,std_shared_then_raw_borrow,job,100,60578,605.78,2000
84,53,copy_read_drop,own_shared,copy,100000,1330503,13.30503,2350000
84,54,independent_owner_parameter,std_shared,call,100000,1650620,16.5062,2350000
84,55,owner_retained_borrow_copy_read,std_raw_borrow,read,100000,30173,0.30173,2350000
85,0,owner_retained_4096_draw_borrows,std_raw_borrow,frame,24,50525,2105.20833333,41287680
85,1,contended_copy_2_workers,own_shared,copy,200000,10115376,50.57688,4700000
85,2,group_setup_then_1_copies,own_local,group,100000,1373177,13.73177,2000000
85,3,async_queue_job_1024_borrow_reads,std_shared_then_raw_borrow,job,100,148193,1481.93,2406400
85,4,localize_read_drop,own_local,group,100000,1253673,12.53673,2350000
85,5,localize_read_drop,std_shared,group,100000,1492214,14.92214,2350000
85,6,owner_retained_borrow_copy_read,own_local_view,read,100000,51504,0.51504,2350000
85,7,owner_retained_4096_draw_borrows,own_local_view,frame,24,49033,2043.04166667,41287680
85,8,async_queue_job_1024_borrow_reads,own_shared_then_local_view,job,100,172474,1724.74,2406400
85,9,independent_owner_parameter,own_local,call,100000,111782,1.11782,2350000
85,10,copy_read_drop,own_local,copy,100000,106030,1.0603,2350000
85,11,group_setup_then_64_copies,own_local,group,1562,137066,87.7503201024,2349248
85,12,contended_copy_2_workers,std_shared,copy,200000,8935631,44.678155,4700000
85,13,resource_lifecycle_64_assets_4096_objects,own_local,cycle,10,207675,20767.5,17203200
85,14,frame_4096_draws_64_unique_leases,own_shared,frame,24,102366,4265.25,41287680
85,15,async_queue_job_1_borrow_reads,std_shared_then_raw_borrow,job,100,59546,595.46,2000
85,16,async_queue_job_1_borrow_reads,own_shared_then_local_view,job,100,64148,641.48,2000
85,17,scene_4096_attachments,std_shared,attachment,98304,951178,9.67588297526,98304
85,18,copy_read_drop,own_shared,copy,100000,1306873,13.06873,2350000
85,19,group_setup_then_64_copies,std_shared,group,1562,1662948,1064.62740077,2349248
85,20,group_setup_then_1024_copies,own_local,group,97,84395,870.051546392,2334208
85,21,owner_retained_borrow_parameter,std_raw_borrow,call,100000,61166,0.61166,2350000
85,22,resettable_root_pin_1024_borrow_reads,std_shared_pin_raw_borrow,scope,97,30388,313.278350515,2334208
85,23,resource_lifecycle_64_assets_4096_objects,std_shared,cycle,10,508396,50839.6,17203200
85,24,owner_retained_borrow_copy_read,std_raw_borrow,read,100000,28661,0.28661,2350000
85,25,group_setup_then_1_copies,std_shared,group,100000,3204997,32.04997,2000000
85,26,owner_retained_borrow_parameter,own_local_view,call,100000,58557,0.58557,2350000
85,27,weak_lock_live,std_shared,lock,100000,1638807,16.38807,2350000
85,28,create_read_destroy,own_local,asset,100000,1854218,18.54218,65000400000
85,29,independent_owner_parameter,own_shared,call,100000,1275668,12.75668,2350000
85,30,async_queue_job_1_local_copies,own_local,job,100,96410,964.1,2000
85,31,async_queue_job_64_borrow_reads,own_shared_then_local_view,job,100,105290,1052.9,150400
85,32,async_queue_job_64_local_copies,std_shared,job,100,305354,3053.54,150400
85,33,independent_owner_parameter,std_shared,call,100000,1607884,16.07884,2350000
85,34,async_queue_job_1_local_copies,std_shared,job,100,99046,990.46,2000
85,35,weak_lock_expired,std_shared,lock,100000,75250,0.7525,0
85,36,resettable_root_pin_1024_borrow_reads,own_shared_pin_local_view,scope,97,30548,314.927835052,2334208
85,37,share_read_drop,own_shared,handoff,100000,1087719,10.87719,2350000
85,38,group_setup_then_8_copies,std_shared,group,12500,1835357,146.82856,2350000
85,39,group_setup_then_1024_copies,std_shared,group,97,1602019,16515.6597938,2334208
85,40,async_queue_job_64_borrow_reads,std_shared_then_raw_borrow,job,100,80874,808.74,150400
85,41,create_read_destroy,own_shared,asset,100000,1739507,17.39507,65000400000
85,42,frame_4096_draws_64_unique_leases,std_shared,frame,24,82675,3444.79166667,41287680
85,43,owner_retained_4096_parameter_borrows,own_local_view,frame,24,76640,3193.33333333,41287680
85,44,async_queue_job_1024_local_copies,std_shared,job,100,2458792,24587.92,2406400
85,45,owner_retained_4096_parameter_borrows,std_raw_borrow,frame,24,77156,3214.83333333,41287680
85,46,share_read_drop,std_shared,handoff,100000,1454769,14.54769,2350000
85,47,group_setup_then_8_copies,own_local,group,12500,261010,20.8808,2350000
85,48,weak_lock_expired,own_shared,lock,100000,65451,0.65451,0
85,49,create_read_destroy,std_shared,asset,100000,1135372,11.35372,65000400000
85,50,async_queue_job_64_local_copies,own_local,job,100,99682,996.82,150400
85,51,scene_4096_attachments,own_local,attachment,98304,125571,1.27737426758,98304
85,52,async_queue_job_1024_local_copies,own_local,job,100,282163,2821.63,2406400
85,53,weak_lock_live,own_shared,lock,100000,1475370,14.7537,2350000
85,54,copy_read_drop,std_shared,copy,100000,1590859,15.90859,2350000
85,55,borrow_read,raw_borrow,read,100000,34243,0.34243,2350000
86,0,async_queue_job_1024_borrow_reads,own_shared_then_local_view,job,100,149099,1490.99,2406400
86,1,async_queue_job_64_borrow_reads,std_shared_then_raw_borrow,job,100,65218,652.18,150400
86,2,owner_retained_4096_parameter_borrows,own_local_view,frame,24,75471,3144.625,41287680
86,3,group_setup_then_1_copies,own_local,group,100000,1313803,13.13803,2000000
86,4,owner_retained_4096_draw_borrows,own_local_view,frame,24,45955,1914.79166667,41287680
86,5,resource_lifecycle_64_assets_4096_objects,own_local,cycle,10,194815,19481.5,17203200
86,6,owner_retained_borrow_copy_read,own_local_view,read,100000,30122,0.30122,2350000
86,7,independent_owner_parameter,std_shared,call,100000,1624885,16.24885,2350000
86,8,async_queue_job_1_local_copies,std_shared,job,100,64257,642.57,2000
86,9,group_setup_then_64_copies,std_shared,group,1562,1717443,1099.51536492,2349248
86,10,weak_lock_live,std_shared,lock,100000,1759967,17.59967,2350000
86,11,localize_read_drop,own_local,group,100000,1260527,12.60527,2350000
86,12,resource_lifecycle_64_assets_4096_objects,std_shared,cycle,10,496249,49624.9,17203200
86,13,owner_retained_borrow_parameter,own_local_view,call,100000,58540,0.5854,2350000
86,14,group_setup_then_1024_copies,own_local,group,97,84741,873.618556701,2334208
86,15,copy_read_drop,std_shared,copy,100000,1619985,16.19985,2350000
86,16,contended_copy_2_workers,own_shared,copy,200000,4078829,20.394145,4700000
86,17,async_queue_job_1_local_copies,own_local,job,100,76871,768.71,2000
86,18,localize_read_drop,std_shared,group,100000,1471988,14.71988,2350000
86,19,group_setup_then_1_copies,std_shared,group,100000,3343703,33.43703,2000000
86,20,scene_4096_attachments,own_local,attachment,98304,132874,1.35166422526,98304
86,21,frame_4096_draws_64_unique_leases,own_shared,frame,24,85745,3572.70833333,41287680
86,22,owner_retained_4096_draw_borrows,std_raw_borrow,frame,24,49697,2070.70833333,41287680
86,23,copy_read_drop,own_local,copy,100000,104882,1.04882,2350000
86,24,owner_retained_4096_parameter_borrows,std_raw_borrow,frame,24,76060,3169.16666667,41287680
86,25,copy_read_drop,own_shared,copy,100000,1304352,13.04352,2350000
86,26,independent_owner_parameter,own_local,call,100000,111800,1.118,2350000
86,27,create_read_destroy,std_shared,asset,100000,1248950,12.4895,65000400000
86,28,create_read_destroy,own_shared,asset,100000,1765572,17.65572,65000400000
86,29,async_queue_job_1024_borrow_reads,std_shared_then_raw_borrow,job,100,133358,1333.58,2406400
86,30,owner_retained_borrow_copy_read,std_raw_borrow,read,100000,30086,0.30086,2350000
86,31,share_read_drop,std_shared,handoff,100000,1474678,14.74678,2350000
86,32,create_read_destroy,own_local,asset,100000,1931740,19.3174,65000400000
86,33,group_setup_then_1024_copies,std_shared,group,97,1730184,17836.9484536,2334208
86,34,async_queue_job_64_borrow_reads,own_shared_then_local_view,job,100,71777,717.77,150400
86,35,async_queue_job_1024_local_copies,own_local,job,100,331868,3318.68,2406400
86,36,async_queue_job_64_local_copies,std_shared,job,100,289433,2894.33,150400
86,37,weak_lock_live,own_shared,lock,100000,1487833,14.87833,2350000
86,38,weak_lock_expired,std_shared,lock,100000,81910,0.8191,0
86,39,async_queue_job_1024_local_copies,std_shared,job,100,5500709,55007.09,2406400
86,40,resettable_root_pin_1024_borrow_reads,own_shared_pin_local_view,scope,97,31777,327.597938144,2334208
86,41,borrow_read,raw_borrow,read,100000,35716,0.35716,2350000
86,42,scene_4096_attachments,std_shared,attachment,98304,953188,9.6963297526,98304
86,43,resettable_root_pin_1024_borrow_reads,std_shared_pin_raw_borrow,scope,97,32001,329.907216495,2334208
86,44,independent_owner_parameter,own_shared,call,100000,1309215,13.09215,2350000
86,45,async_queue_job_1_borrow_reads,std_shared_then_raw_borrow,job,100,72982,729.82,2000
86,46,async_queue_job_1_borrow_reads,own_shared_then_local_view,job,100,67048,670.48,2000
86,47,group_setup_then_64_copies,own_local,group,1562,140034,89.6504481434,2349248
86,48,async_queue_job_64_local_copies,own_local,job,100,69989,699.89,150400
86,49,frame_4096_draws_64_unique_leases,std_shared,frame,24,84920,3538.33333333,41287680
86,50,contended_copy_2_workers,std_shared,copy,200000,5278352,26.39176,4700000
86,51,owner_retained_borrow_parameter,std_raw_borrow,call,100000,62115,0.62115,2350000
86,52,group_setup_then_8_copies,std_shared,group,12500,1902301,152.18408,2350000
86,53,group_setup_then_8_copies,own_local,group,12500,224952,17.99616,2350000
86,54,share_read_drop,own_shared,handoff,100000,1118798,11.18798,2350000
86,55,weak_lock_expired,own_shared,lock,100000,68760,0.6876,0
87,0,async_queue_job_1_borrow_reads,std_shared_then_raw_borrow,job,100,62118,621.18,2000
87,1,frame_4096_draws_64_unique_leases,std_shared,frame,24,101767,4240.29166667,41287680
87,2,async_queue_job_1_borrow_reads,own_shared_then_local_view,job,100,71837,718.37,2000
87,3,owner_retained_borrow_copy_read,std_raw_borrow,read,100000,30123,0.30123,2350000
87,4,create_read_destroy,own_local,asset,100000,1919469,19.19469,65000400000
87,5,owner_retained_borrow_parameter,std_raw_borrow,call,100000,59903,0.59903,2350000
87,6,share_read_drop,std_shared,handoff,100000,1459164,14.59164,2350000
87,7,resource_lifecycle_64_assets_4096_objects,own_local,cycle,10,210053,21005.3,17203200
87,8,resettable_root_pin_1024_borrow_reads,own_shared_pin_local_view,scope,97,31524,324.989690722,2334208
87,9,weak_lock_live,own_shared,lock,100000,1517292,15.17292,2350000
87,10,async_queue_job_1_local_copies,own_local,job,100,69641,696.41,2000
87,11,independent_owner_parameter,own_local,call,100000,117529,1.17529,2350000
87,12,async_queue_job_64_local_copies,own_local,job,100,57137,571.37,150400
87,13,async_queue_job_64_borrow_reads,own_shared_then_local_view,job,100,69595,695.95,150400
87,14,localize_read_drop,own_local,group,100000,1315524,13.15524,2350000
87,15,weak_lock_expired,std_shared,lock,100000,77117,0.77117,0
87,16,group_setup_then_1_copies,std_shared,group,100000,3340054,33.40054,2000000
87,17,frame_4096_draws_64_unique_leases,own_shared,frame,24,93379,3890.79166667,41287680
87,18,owner_retained_4096_parameter_borrows,own_local_view,frame,24,79686,3320.25,41287680
87,19,group_setup_then_8_copies,std_shared,group,12500,1868440,149.4752,2350000
87,20,owner_retained_4096_draw_borrows,own_local_view,frame,24,46998,1958.25,41287680
87,21,resettable_root_pin_1024_borrow_reads,std_shared_pin_raw_borrow,scope,97,31680,326.597938144,2334208
87,22,group_setup_then_1_copies,own_local,group,100000,1376275,13.76275,2000000
87,23,borrow_read,raw_borrow,read,100000,50569,0.50569,2350000
87,24,copy_read_drop,own_local,copy,100000,105774,1.05774,2350000
87,25,group_setup_then_1024_copies,own_local,group,97,87372,900.742268041,2334208
87,26,weak_lock_live,std_shared,lock,100000,1670146,16.70146,2350000
87,27,scene_4096_attachments,std_shared,attachment,98304,977385,9.94247436523,98304
87,28,async_queue_job_1024_borrow_reads,std_shared_then_raw_borrow,job,100,192382,1923.82,2406400
87,29,create_read_destroy,own_shared,asset,100000,1773777,17.73777,65000400000
87,30,async_queue_job_1_local_copies,std_shared,job,100,90590,905.9,2000
87,31,scene_4096_attachments,own_local,attachment,98304,149284,1.5185953776,98304
87,32,group_setup_then_8_copies,own_local,group,12500,247927,19.83416,2350000
87,33,localize_read_drop,std_shared,group,100000,1480151,14.80151,2350000
87,34,group_setup_then_1024_copies,std_shared,group,97,1662267,17136.7731959,2334208
87,35,owner_retained_4096_draw_borrows,std_raw_borrow,frame,24,50834,2118.08333333,41287680
87,36,async_queue_job_1024_local_copies,std_shared,job,100,4482732,44827.32,2406400
87,37,copy_read_drop,own_shared,copy,100000,1303405,13.03405,2350000
87,38,group_setup_then_64_copies,own_local,group,1562,135295,86.6165172855,2349248
87,39,contended_copy_2_workers,own_shared,copy,200000,5639200,28.196,4700000
87,40,async_queue_job_1024_borrow_reads,own_shared_then_local_view,job,100,188126,1881.26,2406400
87,41,group_setup_then_64_copies,std_shared,group,1562,1689073,1081.35275288,2349248
87,42,create_read_destroy,std_shared,asset,100000,1256104,12.56104,65000400000
87,43,owner_retained_borrow_copy_read,own_local_view,read,100000,32363,0.32363,2350000
87,44,async_queue_job_64_local_copies,std_shared,job,100,399716,3997.16,150400
87,45,owner_retained_4096_parameter_borrows,std_raw_borrow,frame,24,78911,3287.95833333,41287680
87,46,independent_owner_parameter,std_shared,call,100000,1652540,16.5254,2350000
87,47,async_queue_job_1024_local_copies,own_local,job,100,330125,3301.25,2406400
87,48,contended_copy_2_workers,std_shared,copy,200000,5888795,29.443975,4700000
87,49,owner_retained_borrow_parameter,own_local_view,call,100000,87064,0.87064,2350000
87,50,async_queue_job_64_borrow_reads,std_shared_then_raw_borrow,job,100,39607,396.07,150400
87,51,copy_read_drop,std_shared,copy,100000,1690257,16.90257,2350000
87,52,weak_lock_expired,own_shared,lock,100000,110132,1.10132,0
87,53,independent_owner_parameter,own_shared,call,100000,1620359,16.20359,2350000
87,54,share_read_drop,own_shared,handoff,100000,1442184,14.42184,2350000
87,55,resource_lifecycle_64_assets_4096_objects,std_shared,cycle,10,791856,79185.6,17203200
88,0,weak_lock_expired,own_shared,lock,100000,114872,1.14872,0
88,1,independent_owner_parameter,std_shared,call,100000,1821259,18.21259,2350000
88,2,resettable_root_pin_1024_borrow_reads,own_shared_pin_local_view,scope,97,47170,486.288659794,2334208
88,3,weak_lock_live,std_shared,lock,100000,2091910,20.9191,2350000
88,4,group_setup_then_64_copies,own_local,group,1562,159105,101.859795134,2349248
88,5,create_read_destroy,own_local,asset,100000,2748698,27.48698,65000400000
88,6,async_queue_job_1_local_copies,std_shared,job,100,108821,1088.21,2000
88,7,create_read_destroy,own_shared,asset,100000,2500923,25.00923,65000400000
88,8,copy_read_drop,own_local,copy,100000,152987,1.52987,2350000
88,9,group_setup_then_8_copies,own_local,group,12500,352047,28.16376,2350000
88,10,independent_owner_parameter,own_shared,call,100000,1548058,15.48058,2350000
88,11,async_queue_job_1_local_copies,own_local,job,100,92436,924.36,2000
88,12,async_queue_job_1_borrow_reads,std_shared_then_raw_borrow,job,100,51602,516.02,2000
88,13,group_setup_then_1024_copies,own_local,group,97,121994,1257.67010309,2334208
88,14,async_queue_job_64_local_copies,std_shared,job,100,227280,2272.8,150400
88,15,async_queue_job_1024_borrow_reads,own_shared_then_local_view,job,100,118638,1186.38,2406400
88,16,weak_lock_expired,std_shared,lock,100000,148747,1.48747,0
88,17,independent_owner_parameter,own_local,call,100000,161339,1.61339,2350000
88,18,borrow_read,raw_borrow,read,100000,48712,0.48712,2350000
88,19,copy_read_drop,own_shared,copy,100000,1676059,16.76059,2350000
88,20,contended_copy_2_workers,own_shared,copy,200000,5140110,25.70055,4700000
88,21,localize_read_drop,std_shared,group,100000,1706863,17.06863,2350000
88,22,async_queue_job_1024_local_copies,std_shared,job,100,4408079,44080.79,2406400
88,23,async_queue_job_1024_local_copies,own_local,job,100,318950,3189.5,2406400
88,24,scene_4096_attachments,std_shared,attachment,98304,1390035,14.1401672363,98304
88,25,owner_retained_4096_parameter_borrows,std_raw_borrow,frame,24,184835,7701.45833333,41287680
88,26,localize_read_drop,own_local,group,100000,2110760,21.1076,2350000
88,27,owner_retained_borrow_parameter,own_local_view,call,100000,125979,1.25979,2350000
88,28,copy_read_drop,std_shared,copy,100000,1933971,19.33971,2350000
88,29,share_read_drop,own_shared,handoff,100000,1838457,18.38457,2350000
88,30,owner_retained_4096_draw_borrows,own_local_view,frame,24,127806,5325.25,41287680
88,31,weak_lock_live,own_shared,lock,100000,2065362,20.65362,2350000
88,32,resource_lifecycle_64_assets_4096_objects,own_local,cycle,10,400175,40017.5,17203200
88,33,share_read_drop,std_shared,handoff,100000,1977167,19.77167,2350000
88,34,create_read_destroy,std_shared,asset,100000,1423727,14.23727,65000400000
88,35,owner_retained_4096_draw_borrows,std_raw_borrow,frame,24,74846,3118.58333333,41287680
88,36,owner_retained_borrow_copy_read,own_local_view,read,100000,44165,0.44165,2350000
88,37,owner_retained_4096_parameter_borrows,own_local_view,frame,24,121618,5067.41666667,41287680
88,38,group_setup_then_1_copies,std_shared,group,100000,3276169,32.76169,2000000
88,39,async_queue_job_1_borrow_reads,own_shared_then_local_view,job,100,94766,947.66,2000
88,40,group_setup_then_1_copies,own_local,group,100000,1811876,18.11876,2000000
88,41,resource_lifecycle_64_assets_4096_objects,std_shared,cycle,10,708547,70854.7,17203200
88,42,async_queue_job_64_local_copies,own_local,job,100,84089,840.89,150400
88,43,frame_4096_draws_64_unique_leases,own_shared,frame,24,121143,5047.625,41287680
88,44,frame_4096_draws_64_unique_leases,std_shared,frame,24,118676,4944.83333333,41287680
88,45,scene_4096_attachments,own_local,attachment,98304,169453,1.72376505534,98304
88,46,owner_retained_borrow_parameter,std_raw_borrow,call,100000,84242,0.84242,2350000
88,47,async_queue_job_1024_borrow_reads,std_shared_then_raw_borrow,job,100,154001,1540.01,2406400
88,48,group_setup_then_8_copies,std_shared,group,12500,1789430,143.1544,2350000
88,49,async_queue_job_64_borrow_reads,own_shared_then_local_view,job,100,139966,1399.66,150400
88,50,group_setup_then_64_copies,std_shared,group,1562,1763333,1128.8943662,2349248
88,51,contended_copy_2_workers,std_shared,copy,200000,4017421,20.087105,4700000
88,52,async_queue_job_64_borrow_reads,std_shared_then_raw_borrow,job,100,126241,1262.41,150400
88,53,owner_retained_borrow_copy_read,std_raw_borrow,read,100000,61745,0.61745,2350000
88,54,group_setup_then_1024_copies,std_shared,group,97,1773053,18278.8969072,2334208
88,55,resettable_root_pin_1024_borrow_reads,std_shared_pin_raw_borrow,scope,97,49111,506.298969072,2334208
89,0,async_queue_job_1_borrow_reads,std_shared_then_raw_borrow,job,100,63611,636.11,2000
89,1,owner_retained_4096_parameter_borrows,own_local_view,frame,24,240894,10037.25,41287680
89,2,weak_lock_live,own_shared,lock,100000,1967440,19.6744,2350000
89,3,owner_retained_borrow_copy_read,own_local_view,read,100000,50482,0.50482,2350000
89,4,async_queue_job_1024_local_copies,own_local,job,100,287787,2877.87,2406400
89,5,contended_copy_2_workers,own_shared,copy,200000,10149698,50.74849,4700000
89,6,contended_copy_2_workers,std_shared,copy,200000,17109801,85.549005,4700000
89,7,weak_lock_expired,own_shared,lock,100000,214711,2.14711,0
89,8,async_queue_job_1_local_copies,own_local,job,100,65195,651.95,2000
89,9,owner_retained_4096_draw_borrows,own_local_view,frame,24,73953,3081.375,41287680
89,10,scene_4096_attachments,own_local,attachment,98304,170883,1.73831176758,98304
89,11,group_setup_then_1024_copies,own_local,group,97,130135,1341.59793814,2334208
89,12,independent_owner_parameter,std_shared,call,100000,1559835,15.59835,2350000
89,13,borrow_read,raw_borrow,read,100000,51105,0.51105,2350000
89,14,create_read_destroy,own_shared,asset,100000,2066664,20.66664,65000400000
89,15,owner_retained_borrow_copy_read,std_raw_borrow,read,100000,29940,0.2994,2350000
89,16,resettable_root_pin_1024_borrow_reads,own_shared_pin_local_view,scope,97,30912,318.680412371,2334208
89,17,owner_retained_4096_parameter_borrows,std_raw_borrow,frame,24,78666,3277.75,41287680
89,18,group_setup_then_1_copies,std_shared,group,100000,3259661,32.59661,2000000
89,19,resource_lifecycle_64_assets_4096_objects,own_local,cycle,10,205805,20580.5,17203200
89,20,frame_4096_draws_64_unique_leases,own_shared,frame,24,88377,3682.375,41287680
89,21,share_read_drop,own_shared,handoff,100000,1087093,10.87093,2350000
89,22,owner_retained_4096_draw_borrows,std_raw_borrow,frame,24,59093,2462.20833333,41287680
89,23,group_setup_then_64_copies,own_local,group,1562,107401,68.7586427657,2349248
89,24,create_read_destroy,own_local,asset,100000,1902302,19.02302,65000400000
89,25,async_queue_job_1024_borrow_reads,own_shared_then_local_view,job,100,142160,1421.6,2406400
89,26,async_queue_job_64_local_copies,own_local,job,100,89686,896.86,150400
89,27,resettable_root_pin_1024_borrow_reads,std_shared_pin_raw_borrow,scope,97,31473,324.463917526,2334208
89,28,weak_lock_live,std_shared,lock,100000,1632813,16.32813,2350000
89,29,owner_retained_borrow_parameter,own_local_view,call,100000,58645,0.58645,2350000
89,30,localize_read_drop,std_shared,group,100000,1422948,14.22948,2350000
89,31,async_queue_job_1024_local_copies,std_shared,job,100,2414950,24149.5,2406400
89,32,copy_read_drop,own_local,copy,100000,126663,1.26663,2350000
89,33,group_setup_then_8_copies,own_local,group,12500,261600,20.928,2350000
89,34,async_queue_job_1_local_copies,std_shared,job,100,57783,577.83,2000
89,35,group_setup_then_1_copies,own_local,group,100000,1319989,13.19989,2000000
89,36,frame_4096_draws_64_unique_leases,std_shared,frame,24,112498,4687.41666667,41287680
89,37,copy_read_drop,own_shared,copy,100000,1275772,12.75772,2350000
89,38,async_queue_job_1_borrow_reads,own_shared_then_local_view,job,100,68493,684.93,2000
89,39,copy_read_drop,std_shared,copy,100000,1607293,16.07293,2350000
89,40,independent_owner_parameter,own_shared,call,100000,1298057,12.98057,2350000
89,41,independent_owner_parameter,own_local,call,100000,108904,1.08904,2350000
89,42,weak_lock_expired,std_shared,lock,100000,75663,0.75663,0
89,43,scene_4096_attachments,std_shared,attachment,98304,911793,9.27523803711,98304
89,44,resource_lifecycle_64_assets_4096_objects,std_shared,cycle,10,495660,49566,17203200
89,45,async_queue_job_64_borrow_reads,own_shared_then_local_view,job,100,75353,753.53,150400
89,46,share_read_drop,std_shared,handoff,100000,1436047,14.36047,2350000
89,47,owner_retained_borrow_parameter,std_raw_borrow,call,100000,62641,0.62641,2350000
89,48,async_queue_job_64_borrow_reads,std_shared_then_raw_borrow,job,100,64410,644.1,150400
89,49,create_read_destroy,std_shared,asset,100000,1168045,11.68045,65000400000
89,50,group_setup_then_64_copies,std_shared,group,1562,1646543,1054.12483995,2349248
89,51,async_queue_job_1024_borrow_reads,std_shared_then_raw_borrow,job,100,141896,1418.96,2406400
89,52,localize_read_drop,own_local,group,100000,1243815,12.43815,2350000
89,53,async_queue_job_64_local_copies,std_shared,job,100,360045,3600.45,150400
89,54,group_setup_then_1024_copies,std_shared,group,97,1627375,16777.0618557,2334208
89,55,group_setup_then_8_copies,std_shared,group,12500,1827105,146.1684,2350000
90,0,weak_lock_live,std_shared,lock,100000,1694338,16.94338,2350000
90,1,owner_retained_4096_draw_borrows,own_local_view,frame,24,49429,2059.54166667,41287680
90,2,localize_read_drop,std_shared,group,100000,1423332,14.23332,2350000
90,3,resource_lifecycle_64_assets_4096_objects,own_local,cycle,10,189848,18984.8,17203200
90,4,copy_read_drop,own_local,copy,100000,102737,1.02737,2350000
90,5,async_queue_job_1024_local_copies,own_local,job,100,310397,3103.97,2406400
90,6,resource_lifecycle_64_assets_4096_objects,std_shared,cycle,10,498333,49833.3,17203200
90,7,localize_read_drop,own_local,group,100000,1265244,12.65244,2350000
90,8,group_setup_then_1024_copies,own_local,group,97,86039,887,2334208
90,9,frame_4096_draws_64_unique_leases,std_shared,frame,24,94460,3935.83333333,41287680
90,10,owner_retained_borrow_parameter,std_raw_borrow,call,100000,58406,0.58406,2350000
90,11,async_queue_job_64_borrow_reads,own_shared_then_local_view,job,100,69479,694.79,150400
90,12,create_read_destroy,own_shared,asset,100000,1711480,17.1148,65000400000
90,13,owner_retained_4096_parameter_borrows,std_raw_borrow,frame,24,76190,3174.58333333,41287680
90,14,async_queue_job_1_local_copies,std_shared,job,100,53107,531.07,2000
90,15,group_setup_then_1_copies,std_shared,group,100000,3293462,32.93462,2000000
90,16,weak_lock_live,own_shared,lock,100000,1458579,14.58579,2350000
90,17,async_queue_job_1_local_copies,own_local,job,100,61738,617.38,2000
90,18,frame_4096_draws_64_unique_leases,own_shared,frame,24,87789,3657.875,41287680
90,19,independent_owner_parameter,own_shared,call,100000,1282419,12.82419,2350000
90,20,owner_retained_4096_parameter_borrows,own_local_view,frame,24,80759,3364.95833333,41287680
90,21,group_setup_then_1024_copies,std_shared,group,97,1576588,16253.4845361,2334208
90,22,async_queue_job_1024_borrow_reads,std_shared_then_raw_borrow,job,100,198983,1989.83,2406400
90,23,weak_lock_expired,std_shared,lock,100000,73310,0.7331,0
90,24,copy_read_drop,own_shared,copy,100000,1248939,12.48939,2350000
90,25,owner_retained_borrow_copy_read,own_local_view,read,100000,29411,0.29411,2350000
90,26,async_queue_job_1_borrow_reads,std_shared_then_raw_borrow,job,100,59912,599.12,2000
90,27,group_setup_then_64_copies,own_local,group,1562,107574,68.8693982074,2349248
90,28,share_read_drop,own_shared,handoff,100000,1110672,11.10672,2350000
90,29,async_queue_job_1_borrow_reads,own_shared_then_local_view,job,100,63080,630.8,2000
90,30,create_read_destroy,std_shared,asset,100000,1232286,12.32286,65000400000
90,31,async_queue_job_64_local_copies,std_shared,job,100,272085,2720.85,150400
90,32,group_setup_then_8_copies,own_local,group,12500,263515,21.0812,2350000
90,33,independent_owner_parameter,std_shared,call,100000,1683696,16.83696,2350000
90,34,owner_retained_borrow_parameter,own_local_view,call,100000,60003,0.60003,2350000
90,35,borrow_read,raw_borrow,read,100000,35174,0.35174,2350000
90,36,group_setup_then_64_copies,std_shared,group,1562,1690714,1082.40332907,2349248
90,37,weak_lock_expired,own_shared,lock,100000,70747,0.70747,0
90,38,async_queue_job_64_local_copies,own_local,job,100,85800,858,150400
90,39,async_queue_job_64_borrow_reads,std_shared_then_raw_borrow,job,100,72315,723.15,150400
90,40,contended_copy_2_workers,own_shared,copy,200000,6701589,33.507945,4700000
90,41,async_queue_job_1024_local_copies,std_shared,job,100,2537447,25374.47,2406400
90,42,contended_copy_2_workers,std_shared,copy,200000,14481237,72.406185,4700000
90,43,group_setup_then_8_copies,std_shared,group,12500,1955006,156.40048,2350000
90,44,copy_read_drop,std_shared,copy,100000,1656299,16.56299,2350000
90,45,independent_owner_parameter,own_local,call,100000,116014,1.16014,2350000
90,46,resettable_root_pin_1024_borrow_reads,std_shared_pin_raw_borrow,scope,97,31696,326.762886598,2334208
90,47,async_queue_job_1024_borrow_reads,own_shared_then_local_view,job,100,150145,1501.45,2406400
90,48,resettable_root_pin_1024_borrow_reads,own_shared_pin_local_view,scope,97,45723,471.371134021,2334208
90,49,scene_4096_attachments,own_local,attachment,98304,139635,1.42044067383,98304
90,50,share_read_drop,std_shared,handoff,100000,1611541,16.11541,2350000
90,51,create_read_destroy,own_local,asset,100000,1939610,19.3961,65000400000
90,52,scene_4096_attachments,std_shared,attachment,98304,990586,10.0767618815,98304
90,53,owner_retained_borrow_copy_read,std_raw_borrow,read,100000,30402,0.30402,2350000
90,54,owner_retained_4096_draw_borrows,std_raw_borrow,frame,24,58967,2456.95833333,41287680
90,55,group_setup_then_1_copies,own_local,group,100000,1439320,14.3932,2000000
91,0,group_setup_then_64_copies,own_local,group,1562,139961,89.6037131882,2349248
91,1,group_setup_then_64_copies,std_shared,group,1562,1794024,1148.54289373,2349248
91,2,contended_copy_2_workers,std_shared,copy,200000,15127041,75.635205,4700000
91,3,async_queue_job_64_borrow_reads,std_shared_then_raw_borrow,job,100,65603,656.03,150400
91,4,group_setup_then_8_copies,std_shared,group,12500,1953251,156.26008,2350000
91,5,owner_retained_borrow_parameter,std_raw_borrow,call,100000,62275,0.62275,2350000
91,6,async_queue_job_64_local_copies,std_shared,job,100,386427,3864.27,150400
91,7,resettable_root_pin_1024_borrow_reads,own_shared_pin_local_view,scope,97,31558,325.340206186,2334208
91,8,owner_retained_borrow_copy_read,std_raw_borrow,read,100000,30835,0.30835,2350000
91,9,owner_retained_4096_parameter_borrows,own_local_view,frame,24,82824,3451,41287680
91,10,independent_owner_parameter,own_shared,call,100000,1413374,14.13374,2350000
91,11,borrow_read,raw_borrow,read,100000,39130,0.3913,2350000
91,12,scene_4096_attachments,std_shared,attachment,98304,972446,9.89223225911,98304
91,13,owner_retained_borrow_copy_read,own_local_view,read,100000,32245,0.32245,2350000
91,14,copy_read_drop,own_local,copy,100000,109318,1.09318,2350000
91,15,group_setup_then_1_copies,std_shared,group,100000,3364933,33.64933,2000000
91,16,async_queue_job_1_local_copies,own_local,job,100,91340,913.4,2000
91,17,group_setup_then_1024_copies,std_shared,group,97,1692414,17447.5670103,2334208
91,18,weak_lock_expired,own_shared,lock,100000,71113,0.71113,0
91,19,group_setup_then_1024_copies,own_local,group,97,88320,910.515463918,2334208
91,20,resource_lifecycle_64_assets_4096_objects,own_local,cycle,10,221949,22194.9,17203200
91,21,async_queue_job_64_borrow_reads,own_shared_then_local_view,job,100,74896,748.96,150400
91,22,async_queue_job_1024_borrow_reads,std_shared_then_raw_borrow,job,100,129952,1299.52,2406400
91,23,resource_lifecycle_64_assets_4096_objects,std_shared,cycle,10,513849,51384.9,17203200
91,24,independent_owner_parameter,std_shared,call,100000,1646239,16.46239,2350000
91,25,async_queue_job_1024_local_copies,own_local,job,100,339662,3396.62,2406400
91,26,async_queue_job_1_borrow_reads,own_shared_then_local_view,job,100,51542,515.42,2000
91,27,group_setup_then_8_copies,own_local,group,12500,263514,21.08112,2350000
91,28,independent_owner_parameter,own_local,call,100000,113188,1.13188,2350000
91,29,copy_read_drop,own_shared,copy,100000,1303606,13.03606,2350000
91,30,async_queue_job_1024_local_copies,std_shared,job,100,2503767,25037.67,2406400
91,31,async_queue_job_1024_borrow_reads,own_shared_then_local_view,job,100,92081,920.81,2406400
91,32,async_queue_job_64_local_copies,own_local,job,100,86138,861.38,150400
91,33,owner_retained_borrow_parameter,own_local_view,call,100000,68014,0.68014,2350000
91,34,create_read_destroy,own_local,asset,100000,1910799,19.10799,65000400000
91,35,frame_4096_draws_64_unique_leases,std_shared,frame,24,89026,3709.41666667,41287680
91,36,contended_copy_2_workers,own_shared,copy,200000,9803949,49.019745,4700000
91,37,weak_lock_live,std_shared,lock,100000,2118838,21.18838,2350000
91,38,weak_lock_live,own_shared,lock,100000,1774183,17.74183,2350000
91,39,owner_retained_4096_draw_borrows,std_raw_borrow,frame,24,78117,3254.875,41287680
91,40,owner_retained_4096_draw_borrows,own_local_view,frame,24,75484,3145.16666667,41287680
91,41,localize_read_drop,std_shared,group,100000,1869776,18.69776,2350000
91,42,share_read_drop,own_shared,handoff,100000,1539115,15.39115,2350000
91,43,frame_4096_draws_64_unique_leases,own_shared,frame,24,345443,14393.4583333,41287680
91,44,async_queue_job_1_local_copies,std_shared,job,100,89917,899.17,2000
91,45,copy_read_drop,std_shared,copy,100000,2076564,20.76564,2350000
91,46,create_read_destroy,std_shared,asset,100000,2547428,25.47428,65000400000
91,47,weak_lock_expired,std_shared,lock,100000,267664,2.67664,0
91,48,group_setup_then_1_copies,own_local,group,100000,2475507,24.75507,2000000
91,49,owner_retained_4096_parameter_borrows,std_raw_borrow,frame,24,246077,10253.2083333,41287680
91,50,localize_read_drop,own_local,group,100000,2219600,22.196,2350000
91,51,async_queue_job_1_borrow_reads,std_shared_then_raw_borrow,job,100,67155,671.55,2000
91,52,scene_4096_attachments,own_local,attachment,98304,313091,3.18492635091,98304
91,53,share_read_drop,std_shared,handoff,100000,2238401,22.38401,2350000
91,54,resettable_root_pin_1024_borrow_reads,std_shared_pin_raw_borrow,scope,97,81126,836.350515464,2334208
91,55,create_read_destroy,own_shared,asset,100000,2870502,28.70502,65000400000
92,0,async_queue_job_1_borrow_reads,std_shared_then_raw_borrow,job,100,102658,1026.58,2000
92,1,share_read_drop,own_shared,handoff,100000,1505785,15.05785,2350000
92,2,async_queue_job_1024_borrow_reads,own_shared_then_local_view,job,100,107880,1078.8,2406400
92,3,async_queue_job_1024_borrow_reads,std_shared_then_raw_borrow,job,100,118828,1188.28,2406400
92,4,group_setup_then_1_copies,std_shared,group,100000,3437970,34.3797,2000000
92,5,copy_read_drop,own_local,copy,100000,190351,1.90351,2350000
92,6,weak_lock_live,own_shared,lock,100000,1735920,17.3592,2350000
92,7,localize_read_drop,std_shared,group,100000,1902638,19.02638,2350000
92,8,group_setup_then_8_copies,std_shared,group,12500,2042731,163.41848,2350000
92,9,group_setup_then_1024_copies,std_shared,group,97,1761997,18164.9175258,2334208
92,10,owner_retained_borrow_copy_read,std_raw_borrow,read,100000,53649,0.53649,2350000
92,11,async_queue_job_64_local_copies,std_shared,job,100,363160,3631.6,150400
92,12,contended_copy_2_workers,std_shared,copy,200000,16534887,82.674435,4700000
92,13,create_read_destroy,own_local,asset,100000,2916048,29.16048,65000400000
92,14,owner_retained_4096_parameter_borrows,own_local_view,frame,24,125747,5239.45833333,41287680
92,15,async_queue_job_64_borrow_reads,std_shared_then_raw_borrow,job,100,99549,995.49,150400
92,16,group_setup_then_8_copies,own_local,group,12500,378741,30.29928,2350000
92,17,resource_lifecycle_64_assets_4096_objects,own_local,cycle,10,293015,29301.5,17203200
92,18,async_queue_job_1_local_copies,own_local,job,100,42773,427.73,2000
92,19,owner_retained_borrow_parameter,own_local_view,call,100000,93278,0.93278,2350000
92,20,frame_4096_draws_64_unique_leases,std_shared,frame,24,162483,6770.125,41287680
92,21,scene_4096_attachments,std_shared,attachment,98304,1321316,13.4411214193,98304
92,22,create_read_destroy,own_shared,asset,100000,2607436,26.07436,65000400000
92,23,resettable_root_pin_1024_borrow_reads,own_shared_pin_local_view,scope,97,43794,451.484536082,2334208
92,24,frame_4096_draws_64_unique_leases,own_shared,frame,24,124058,5169.08333333,41287680
92,25,group_setup_then_64_copies,own_local,group,1562,169912,108.778489117,2349248
92,26,async_queue_job_1024_local_copies,own_local,job,100,257649,2576.49,2406400
92,27,weak_lock_live,std_shared,lock,100000,2158652,21.58652,2350000
92,28,group_setup_then_64_copies,std_shared,group,1562,1837510,1176.38284251,2349248
92,29,independent_owner_parameter,own_local,call,100000,183953,1.83953,2350000
92,30,contended_copy_2_workers,own_shared,copy,200000,9113403,45.567015,4700000
92,31,copy_read_drop,std_shared,copy,100000,1919914,19.19914,2350000
92,32,owner_retained_borrow_copy_read,own_local_view,read,100000,70275,0.70275,2350000
92,33,group_setup_then_1024_copies,own_local,group,97,191136,1970.4742268,2334208
92,34,share_read_drop,std_shared,handoff,100000,2289176,22.89176,2350000
92,35,async_queue_job_1024_local_copies,std_shared,job,100,2460975,24609.75,2406400
92,36,copy_read_drop,own_shared,copy,100000,2041942,20.41942,2350000
92,37,async_queue_job_1_borrow_reads,own_shared_then_local_view,job,100,82035,820.35,2000
92,38,async_queue_job_64_local_copies,own_local,job,100,72714,727.14,150400
92,39,weak_lock_expired,own_shared,lock,100000,211393,2.11393,0
92,40,owner_retained_4096_draw_borrows,std_raw_borrow,frame,24,131491,5478.79166667,41287680
92,41,localize_read_drop,own_local,group,100000,2062574,20.62574,2350000
92,42,independent_owner_parameter,own_shared,call,100000,1906420,19.0642,2350000
92,43,owner_retained_4096_parameter_borrows,std_raw_borrow,frame,24,167811,6992.125,41287680
92,44,async_queue_job_1_local_copies,std_shared,job,100,86857,868.57,2000
92,45,owner_retained_borrow_parameter,std_raw_borrow,call,100000,119004,1.19004,2350000
92,46,owner_retained_4096_draw_borrows,own_local_view,frame,24,131461,5477.54166667,41287680
92,47,resettable_root_pin_1024_borrow_reads,std_shared_pin_raw_borrow,scope,97,74530,768.350515464,2334208
92,48,independent_owner_parameter,std_shared,call,100000,1754885,17.54885,2350000
92,49,borrow_read,raw_borrow,read,100000,51826,0.51826,2350000
92,50,create_read_destroy,std_shared,asset,100000,1513227,15.13227,65000400000
92,51,group_setup_then_1_copies,own_local,group,100000,1803562,18.03562,2000000
92,52,resource_lifecycle_64_assets_4096_objects,std_shared,cycle,10,674452,67445.2,17203200
92,53,weak_lock_expired,std_shared,lock,100000,134318,1.34318,0
92,54,scene_4096_attachments,own_local,attachment,98304,177634,1.80698649089,98304
92,55,async_queue_job_64_borrow_reads,own_shared_then_local_view,job,100,117891,1178.91,150400
93,0,group_setup_then_8_copies,std_shared,group,12500,1913881,153.11048,2350000
93,1,resource_lifecycle_64_assets_4096_objects,own_local,cycle,10,295751,29575.1,17203200
93,2,async_queue_job_1024_borrow_reads,own_shared_then_local_view,job,100,121317,1213.17,2406400
93,3,owner_retained_borrow_copy_read,own_local_view,read,100000,48661,0.48661,2350000
93,4,owner_retained_4096_draw_borrows,std_raw_borrow,frame,24,78531,3272.125,41287680
93,5,group_setup_then_1_copies,std_shared,group,100000,3338797,33.38797,2000000
93,6,async_queue_job_1024_local_copies,std_shared,job,100,2293843,22938.43,2406400
93,7,frame_4096_draws_64_unique_leases,own_shared,frame,24,283016,11792.3333333,41287680
93,8,group_setup_then_8_copies,own_local,group,12500,303410,24.2728,2350000
93,9,copy_read_drop,own_local,copy,100000,232815,2.32815,2350000
93,10,create_read_destroy,own_local,asset,100000,1917606,19.17606,65000400000
93,11,resettable_root_pin_1024_borrow_reads,own_shared_pin_local_view,scope,97,31735,327.164948454,2334208
93,12,scene_4096_attachments,own_local,attachment,98304,137954,1.40334065755,98304
93,13,weak_lock_live,std_shared,lock,100000,1702857,17.02857,2350000
93,14,group_setup_then_1024_copies,own_local,group,97,103998,1072.1443299,2334208
93,15,owner_retained_4096_draw_borrows,own_local_view,frame,24,51016,2125.66666667,41287680
93,16,resettable_root_pin_1024_borrow_reads,std_shared_pin_raw_borrow,scope,97,32217,332.134020619,2334208
93,17,contended_copy_2_workers,std_shared,copy,200000,16816730,84.08365,4700000
93,18,independent_owner_parameter,std_shared,call,100000,1666685,16.66685,2350000
93,19,async_queue_job_1_local_copies,own_local,job,100,59597,595.97,2000
93,20,scene_4096_attachments,std_shared,attachment,98304,960331,9.76899210612,98304
93,21,copy_read_drop,own_shared,copy,100000,1312928,13.12928,2350000
93,22,weak_lock_live,own_shared,lock,100000,1523603,15.23603,2350000
93,23,async_queue_job_1_local_copies,std_shared,job,100,1198421,11984.21,2000
93,24,async_queue_job_1_borrow_reads,std_shared_then_raw_borrow,job,100,56130,561.3,2000
93,25,owner_retained_4096_parameter_borrows,std_raw_borrow,frame,24,79644,3318.5,41287680
93,26,frame_4096_draws_64_unique_leases,std_shared,frame,24,83946,3497.75,41287680
93,27,async_queue_job_1024_borrow_reads,std_shared_then_raw_borrow,job,100,1960156,19601.56,2406400
93,28,independent_owner_parameter,own_shared,call,100000,1358535,13.58535,2350000
93,29,owner_retained_borrow_parameter,std_raw_borrow,call,100000,64398,0.64398,2350000
93,30,owner_retained_borrow_parameter,own_local_view,call,100000,64281,0.64281,2350000
93,31,independent_owner_parameter,own_local,call,100000,116077,1.16077,2350000
93,32,group_setup_then_1_copies,own_local,group,100000,1379538,13.79538,2000000
93,33,borrow_read,raw_borrow,read,100000,35156,0.35156,2350000
93,34,localize_read_drop,own_local,group,100000,1309512,13.09512,2350000
93,35,weak_lock_expired,std_shared,lock,100000,77486,0.77486,0
93,36,localize_read_drop,std_shared,group,100000,1484361,14.84361,2350000
93,37,async_queue_job_64_local_copies,std_shared,job,100,308501,3085.01,150400
93,38,owner_retained_borrow_copy_read,std_raw_borrow,read,100000,30246,0.30246,2350000
93,39,async_queue_job_64_borrow_reads,own_shared_then_local_view,job,100,52091,520.91,150400
93,40,async_queue_job_64_local_copies,own_local,job,100,168425,1684.25,150400
93,41,group_setup_then_1024_copies,std_shared,group,97,1670881,17225.5773196,2334208
93,42,async_queue_job_1_borrow_reads,own_shared_then_local_view,job,100,45927,459.27,2000
93,43,share_read_drop,std_shared,handoff,100000,1486351,14.86351,2350000
93,44,share_read_drop,own_shared,handoff,100000,1124798,11.24798,2350000
93,45,group_setup_then_64_copies,std_shared,group,1562,1710189,1094.87131882,2349248
93,46,create_read_destroy,std_shared,asset,100000,1217150,12.1715,65000400000
93,47,resource_lifecycle_64_assets_4096_objects,std_shared,cycle,10,538915,53891.5,17203200
93,48,owner_retained_4096_parameter_borrows,own_local_view,frame,24,78363,3265.125,41287680
93,49,async_queue_job_1024_local_copies,own_local,job,100,323077,3230.77,2406400
93,50,async_queue_job_64_borrow_reads,std_shared_then_raw_borrow,job,100,77861,778.61,150400
93,51,contended_copy_2_workers,own_shared,copy,200000,5839870,29.19935,4700000
93,52,copy_read_drop,std_shared,copy,100000,1661630,16.6163,2350000
93,53,weak_lock_expired,own_shared,lock,100000,68721,0.68721,0
93,54,create_read_destroy,own_shared,asset,100000,1782936,17.82936,65000400000
93,55,group_setup_then_64_copies,own_local,group,1562,111183,71.1798975672,2349248
94,0,resource_lifecycle_64_assets_4096_objects,std_shared,cycle,10,507209,50720.9,17203200
94,1,resource_lifecycle_64_assets_4096_objects,own_local,cycle,10,217432,21743.2,17203200
94,2,weak_lock_expired,own_shared,lock,100000,68545,0.68545,0
94,3,owner_retained_borrow_copy_read,own_local_view,read,100000,30116,0.30116,2350000
94,4,group_setup_then_1_copies,std_shared,group,100000,3334572,33.34572,2000000
94,5,async_queue_job_1024_borrow_reads,own_shared_then_local_view,job,100,113247,1132.47,2406400
94,6,share_read_drop,std_shared,handoff,100000,1474903,14.74903,2350000
94,7,async_queue_job_1_borrow_reads,own_shared_then_local_view,job,100,53769,537.69,2000
94,8,async_queue_job_64_local_copies,std_shared,job,100,354141,3541.41,150400
94,9,share_read_drop,own_shared,handoff,100000,1120827,11.20827,2350000
94,10,group_setup_then_1024_copies,own_local,group,97,93861,967.639175258,2334208
94,11,owner_retained_4096_parameter_borrows,own_local_view,frame,24,76884,3203.5,41287680
94,12,localize_read_drop,own_local,group,100000,1296105,12.96105,2350000
94,13,weak_lock_live,own_shared,lock,100000,1493442,14.93442,2350000
94,14,owner_retained_borrow_copy_read,std_raw_borrow,read,100000,30177,0.30177,2350000
94,15,async_queue_job_64_borrow_reads,std_shared_then_raw_borrow,job,100,76902,769.02,150400
94,16,async_queue_job_1024_local_copies,std_shared,job,100,2471559,24715.59,2406400
94,17,copy_read_drop,own_shared,copy,100000,1308894,13.08894,2350000
94,18,weak_lock_live,std_shared,lock,100000,1664615,16.64615,2350000
94,19,independent_owner_parameter,own_shared,call,100000,1326277,13.26277,2350000
94,20,owner_retained_4096_draw_borrows,std_raw_borrow,frame,24,49508,2062.83333333,41287680
94,21,resettable_root_pin_1024_borrow_reads,std_shared_pin_raw_borrow,scope,97,32013,330.030927835,2334208
94,22,create_read_destroy,own_local,asset,100000,1904846,19.04846,65000400000
94,23,borrow_read,raw_borrow,read,100000,35321,0.35321,2350000
94,24,copy_read_drop,own_local,copy,100000,105820,1.0582,2350000
94,25,frame_4096_draws_64_unique_leases,std_shared,frame,24,86384,3599.33333333,41287680
94,26,async_queue_job_1_local_copies,own_local,job,100,70898,708.98,2000
94,27,create_read_destroy,own_shared,asset,100000,1798553,17.98553,65000400000
94,28,independent_owner_parameter,own_local,call,100000,112451,1.12451,2350000
94,29,create_read_destroy,std_shared,asset,100000,1214006,12.14006,65000400000
94,30,owner_retained_4096_parameter_borrows,std_raw_borrow,frame,24,79374,3307.25,41287680
94,31,async_queue_job_1_local_copies,std_shared,job,100,72616,726.16,2000
94,32,group_setup_then_8_copies,own_local,group,12500,286447,22.91576,2350000
94,33,async_queue_job_64_borrow_reads,own_shared_then_local_view,job,100,62333,623.33,150400
94,34,copy_read_drop,std_shared,copy,100000,1645073,16.45073,2350000
94,35,group_setup_then_8_copies,std_shared,group,12500,1878607,150.28856,2350000
94,36,owner_retained_borrow_parameter,std_raw_borrow,call,100000,59901,0.59901,2350000
94,37,async_queue_job_64_local_copies,own_local,job,100,91612,916.12,150400
94,38,async_queue_job_1_borrow_reads,std_shared_then_raw_borrow,job,100,68734,687.34,2000
94,39,async_queue_job_1024_borrow_reads,std_shared_then_raw_borrow,job,100,140840,1408.4,2406400
94,40,group_setup_then_1024_copies,std_shared,group,97,1658011,17092.8969072,2334208
94,41,frame_4096_draws_64_unique_leases,own_shared,frame,24,92030,3834.58333333,41287680
94,42,owner_retained_4096_draw_borrows,own_local_view,frame,24,47312,1971.33333333,41287680
94,43,group_setup_then_1_copies,own_local,group,100000,1356980,13.5698,2000000
94,44,contended_copy_2_workers,own_shared,copy,200000,9150481,45.752405,4700000
94,45,independent_owner_parameter,std_shared,call,100000,1683698,16.83698,2350000
94,46,scene_4096_attachments,own_local,attachment,98304,136383,1.38735961914,98304
94,47,weak_lock_expired,std_shared,lock,100000,81299,0.81299,0
94,48,resettable_root_pin_1024_borrow_reads,own_shared_pin_local_view,scope,97,31396,323.670103093,2334208
94,49,async_queue_job_1024_local_copies,own_local,job,100,578189,5781.89,2406400
94,50,owner_retained_borrow_parameter,own_local_view,call,100000,64324,0.64324,2350000
94,51,contended_copy_2_workers,std_shared,copy,200000,15357036,76.78518,4700000
94,52,localize_read_drop,std_shared,group,100000,1460477,14.60477,2350000
94,53,group_setup_then_64_copies,own_local,group,1562,128933,82.5435339309,2349248
94,54,scene_4096_attachments,std_shared,attachment,98304,924046,9.3998819987,98304
94,55,group_setup_then_64_copies,std_shared,group,1562,1704411,1091.17221511,2349248
95,0,localize_read_drop,own_local,group,100000,1273324,12.73324,2350000
95,1,owner_retained_4096_draw_borrows,std_raw_borrow,frame,24,50498,2104.08333333,41287680
95,2,weak_lock_live,own_shared,lock,100000,1487039,14.87039,2350000
95,3,owner_retained_4096_parameter_borrows,std_raw_borrow,frame,24,76387,3182.79166667,41287680
95,4,group_setup_then_1024_copies,own_local,group,97,87693,904.051546392,2334208
95,5,independent_owner_parameter,own_shared,call,100000,1328070,13.2807,2350000
95,6,copy_read_drop,own_shared,copy,100000,1282854,12.82854,2350000
95,7,owner_retained_4096_parameter_borrows,own_local_view,frame,24,77620,3234.16666667,41287680
95,8,group_setup_then_1_copies,std_shared,group,100000,3275828,32.75828,2000000
95,9,async_queue_job_1024_borrow_reads,own_shared_then_local_view,job,100,128628,1286.28,2406400
95,10,owner_retained_borrow_parameter,own_local_view,call,100000,59912,0.59912,2350000
95,11,scene_4096_attachments,own_local,attachment,98304,136333,1.38685099284,98304
95,12,weak_lock_expired,std_shared,lock,100000,91115,0.91115,0
95,13,contended_copy_2_workers,own_shared,copy,200000,9544118,47.72059,4700000
95,14,resource_lifecycle_64_assets_4096_objects,std_shared,cycle,10,549320,54932,17203200
95,15,frame_4096_draws_64_unique_leases,own_shared,frame,24,85502,3562.58333333,41287680
95,16,group_setup_then_64_copies,own_local,group,1562,139253,89.1504481434,2349248
95,17,async_queue_job_1024_borrow_reads,std_shared_then_raw_borrow,job,100,124108,1241.08,2406400
95,18,group_setup_then_1024_copies,std_shared,group,97,1650263,17013.0206186,2334208
95,19,async_queue_job_64_borrow_reads,own_shared_then_local_view,job,100,61892,618.92,150400
95,20,independent_owner_parameter,own_local,call,100000,112520,1.1252,2350000
95,21,share_read_drop,own_shared,handoff,100000,1122117,11.22117,2350000
95,22,async_queue_job_1024_local_copies,own_local,job,100,333533,3335.33,2406400
95,23,async_queue_job_1024_local_copies,std_shared,job,100,2632949,26329.49,2406400
95,24,async_queue_job_64_local_copies,std_shared,job,100,324809,3248.09,150400
95,25,copy_read_drop,std_shared,copy,100000,1698207,16.98207,2350000
95,26,borrow_read,raw_borrow,read,100000,35122,0.35122,2350000
95,27,group_setup_then_8_copies,std_shared,group,12500,1872168,149.77344,2350000
95,28,copy_read_drop,own_local,copy,100000,104890,1.0489,2350000
95,29,weak_lock_expired,own_shared,lock,100000,68696,0.68696,0
95,30,owner_retained_4096_draw_borrows,own_local_view,frame,24,49520,2063.33333333,41287680
95,31,resource_lifecycle_64_assets_4096_objects,own_local,cycle,10,196039,19603.9,17203200
95,32,async_queue_job_64_local_copies,own_local,job,100,75523,755.23,150400
95,33,create_read_destroy,std_shared,asset,100000,1210146,12.10146,65000400000
95,34,async_queue_job_64_borrow_reads,std_shared_then_raw_borrow,job,100,60852,608.52,150400
95,35,weak_lock_live,std_shared,lock,100000,1661026,16.61026,2350000
95,36,owner_retained_borrow_copy_read,own_local_view,read,100000,30085,0.30085,2350000
95,37,create_read_destroy,own_local,asset,100000,1909288,19.09288,65000400000
95,38,resettable_root_pin_1024_borrow_reads,std_shared_pin_raw_borrow,scope,97,31829,328.134020619,2334208
95,39,group_setup_then_1_copies,own_local,group,100000,1359560,13.5956,2000000
95,40,owner_retained_borrow_copy_read,std_raw_borrow,read,100000,29980,0.2998,2350000
95,41,async_queue_job_1_local_copies,std_shared,job,100,64181,641.81,2000
95,42,independent_owner_parameter,std_shared,call,100000,1645414,16.45414,2350000
95,43,contended_copy_2_workers,std_shared,copy,200000,13737076,68.68538,4700000
95,44,async_queue_job_1_borrow_reads,std_shared_then_raw_borrow,job,100,56897,568.97,2000
95,45,scene_4096_attachments,std_shared,attachment,98304,966070,9.82737223307,98304
95,46,group_setup_then_64_copies,std_shared,group,1562,1751227,1121.14404609,2349248
95,47,localize_read_drop,std_shared,group,100000,1488113,14.88113,2350000
95,48,share_read_drop,std_shared,handoff,100000,1480657,14.80657,2350000
95,49,frame_4096_draws_64_unique_leases,std_shared,frame,24,85020,3542.5,41287680
95,50,create_read_destroy,own_shared,asset,100000,1813830,18.1383,65000400000
95,51,async_queue_job_1_borrow_reads,own_shared_then_local_view,job,100,52346,523.46,2000
95,52,group_setup_then_8_copies,own_local,group,12500,263994,21.11952,2350000
95,53,owner_retained_borrow_parameter,std_raw_borrow,call,100000,69610,0.6961,2350000
95,54,resettable_root_pin_1024_borrow_reads,own_shared_pin_local_view,scope,97,34089,351.432989691,2334208
95,55,async_queue_job_1_local_copies,own_local,job,100,43928,439.28,2000
96,0,async_queue_job_1_borrow_reads,own_shared_then_local_view,job,100,59287,592.87,2000
96,1,localize_read_drop,own_local,group,100000,1396500,13.965,2350000
96,2,group_setup_then_64_copies,own_local,group,1562,126422,80.9359795134,2349248
96,3,async_queue_job_1_local_copies,std_shared,job,100,52236,522.36,2000
96,4,owner_retained_borrow_copy_read,std_raw_borrow,read,100000,32712,0.32712,2350000
96,5,group_setup_then_1024_copies,std_shared,group,97,1812309,18683.5979381,2334208
96,6,group_setup_then_1_copies,own_local,group,100000,1399974,13.99974,2000000
96,7,weak_lock_live,own_shared,lock,100000,1489251,14.89251,2350000
96,8,async_queue_job_64_borrow_reads,std_shared_then_raw_borrow,job,100,62205,622.05,150400
96,9,contended_copy_2_workers,own_shared,copy,200000,9641827,48.209135,4700000
96,10,async_queue_job_1024_local_copies,std_shared,job,100,2705040,27050.4,2406400
96,11,async_queue_job_64_borrow_reads,own_shared_then_local_view,job,100,47493,474.93,150400
96,12,owner_retained_borrow_parameter,own_local_view,call,100000,62747,0.62747,2350000
96,13,create_read_destroy,std_shared,asset,100000,1183512,11.83512,65000400000
96,14,group_setup_then_8_copies,own_local,group,12500,273528,21.88224,2350000
96,15,copy_read_drop,std_shared,copy,100000,1748221,17.48221,2350000
96,16,group_setup_then_1_copies,std_shared,group,100000,3539673,35.39673,2000000
96,17,resource_lifecycle_64_assets_4096_objects,std_shared,cycle,10,516124,51612.4,17203200
96,18,async_queue_job_1024_local_copies,own_local,job,100,308723,3087.23,2406400
96,19,async_queue_job_1024_borrow_reads,own_shared_then_local_view,job,100,107014,1070.14,2406400
96,20,resettable_root_pin_1024_borrow_reads,std_shared_pin_raw_borrow,scope,97,31486,324.597938144,2334208
96,21,weak_lock_live,std_shared,lock,100000,1701726,17.01726,2350000
96,22,share_read_drop,std_shared,handoff,100000,1458693,14.58693,2350000
96,23,async_queue_job_64_local_copies,own_local,job,100,120492,1204.92,150400
96,24,async_queue_job_64_local_copies,std_shared,job,100,337988,3379.88,150400
96,25,scene_4096_attachments,own_local,attachment,98304,137021,1.39384969076,98304
96,26,owner_retained_4096_draw_borrows,own_local_view,frame,24,50391,2099.625,41287680
96,27,group_setup_then_1024_copies,own_local,group,97,90183,929.721649485,2334208
96,28,copy_read_drop,own_shared,copy,100000,1317949,13.17949,2350000
96,29,async_queue_job_1_local_copies,own_local,job,100,68766,687.66,2000
96,30,weak_lock_expired,std_shared,lock,100000,77154,0.77154,0
96,31,owner_retained_4096_draw_borrows,std_raw_borrow,frame,24,50052,2085.5,41287680
96,32,group_setup_then_64_copies,std_shared,group,1562,1692284,1083.4084507,2349248
96,33,async_queue_job_1_borrow_reads,std_shared_then_raw_borrow,job,100,37638,376.38,2000
96,34,async_queue_job_1024_borrow_reads,std_shared_then_raw_borrow,job,100,189756,1897.56,2406400
96,35,share_read_drop,own_shared,handoff,100000,1165912,11.65912,2350000
96,36,localize_read_drop,std_shared,group,100000,1474719,14.74719,2350000
96,37,resettable_root_pin_1024_borrow_reads,own_shared_pin_local_view,scope,97,31356,323.257731959,2334208
96,38,independent_owner_parameter,std_shared,call,100000,1655215,16.55215,2350000
96,39,group_setup_then_8_copies,std_shared,group,12500,1889906,151.19248,2350000
96,40,frame_4096_draws_64_unique_leases,std_shared,frame,24,88929,3705.375,41287680
96,41,copy_read_drop,own_local,copy,100000,110574,1.10574,2350000
96,42,borrow_read,raw_borrow,read,100000,35293,0.35293,2350000
96,43,owner_retained_borrow_parameter,std_raw_borrow,call,100000,60002,0.60002,2350000
96,44,contended_copy_2_workers,std_shared,copy,200000,15750446,78.75223,4700000
96,45,scene_4096_attachments,std_shared,attachment,98304,938261,9.54448445638,98304
96,46,owner_retained_4096_parameter_borrows,std_raw_borrow,frame,24,77468,3227.83333333,41287680
96,47,owner_retained_4096_parameter_borrows,own_local_view,frame,24,76964,3206.83333333,41287680
96,48,resource_lifecycle_64_assets_4096_objects,own_local,cycle,10,198617,19861.7,17203200
96,49,create_read_destroy,own_local,asset,100000,1952840,19.5284,65000400000
96,50,independent_owner_parameter,own_local,call,100000,111440,1.1144,2350000
96,51,create_read_destroy,own_shared,asset,100000,1792655,17.92655,65000400000
96,52,owner_retained_borrow_copy_read,own_local_view,read,100000,32360,0.3236,2350000
96,53,weak_lock_expired,own_shared,lock,100000,70794,0.70794,0
96,54,frame_4096_draws_64_unique_leases,own_shared,frame,24,87431,3642.95833333,41287680
96,55,independent_owner_parameter,own_shared,call,100000,1322593,13.22593,2350000
97,0,async_queue_job_64_local_copies,std_shared,job,100,336680,3366.8,150400
97,1,contended_copy_2_workers,own_shared,copy,200000,9351144,46.75572,4700000
97,2,async_queue_job_1_local_copies,std_shared,job,100,60224,602.24,2000
97,3,independent_owner_parameter,std_shared,call,100000,1649870,16.4987,2350000
97,4,group_setup_then_64_copies,own_local,group,1562,111192,71.185659411,2349248
97,5,share_read_drop,std_shared,handoff,100000,1473265,14.73265,2350000
97,6,scene_4096_attachments,std_shared,attachment,98304,932344,9.48429361979,98304
97,7,group_setup_then_8_copies,own_local,group,12500,267363,21.38904,2350000
97,8,group_setup_then_1024_copies,std_shared,group,97,1813562,18696.5154639,2334208
97,9,async_queue_job_1024_local_copies,std_shared,job,100,2460230,24602.3,2406400
97,10,async_queue_job_1_local_copies,own_local,job,100,88731,887.31,2000
97,11,owner_retained_4096_parameter_borrows,own_local_view,frame,24,77409,3225.375,41287680
97,12,group_setup_then_8_copies,std_shared,group,12500,1882360,150.5888,2350000
97,13,group_setup_then_64_copies,std_shared,group,1562,1689240,1081.45966709,2349248
97,14,localize_read_drop,own_local,group,100000,1273708,12.73708,2350000
97,15,async_queue_job_64_borrow_reads,std_shared_then_raw_borrow,job,100,69725,697.25,150400
97,16,resettable_root_pin_1024_borrow_reads,own_shared_pin_local_view,scope,97,31345,323.144329897,2334208
97,17,async_queue_job_1_borrow_reads,own_shared_then_local_view,job,100,55786,557.86,2000
97,18,weak_lock_expired,own_shared,lock,100000,70779,0.70779,0
97,19,create_read_destroy,own_shared,asset,100000,1808651,18.08651,65000400000
97,20,weak_lock_live,own_shared,lock,100000,1482220,14.8222,2350000
97,21,async_queue_job_64_borrow_reads,own_shared_then_local_view,job,100,76039,760.39,150400
97,22,async_queue_job_64_local_copies,own_local,job,100,83494,834.94,150400
97,23,async_queue_job_1024_borrow_reads,std_shared_then_raw_borrow,job,100,136845,1368.45,2406400
97,24,copy_read_drop,own_local,copy,100000,106401,1.06401,2350000
97,25,resource_lifecycle_64_assets_4096_objects,std_shared,cycle,10,529147,52914.7,17203200
97,26,create_read_destroy,std_shared,asset,100000,1179316,11.79316,65000400000
97,27,copy_read_drop,std_shared,copy,100000,1643405,16.43405,2350000
97,28,owner_retained_borrow_parameter,own_local_view,call,100000,60012,0.60012,2350000
97,29,weak_lock_expired,std_shared,lock,100000,77027,0.77027,0
97,30,group_setup_then_1_copies,std_shared,group,100000,3339351,33.39351,2000000
97,31,independent_owner_parameter,own_shared,call,100000,1303613,13.03613,2350000
97,32,group_setup_then_1024_copies,own_local,group,97,87407,901.103092784,2334208
97,33,owner_retained_4096_draw_borrows,std_raw_borrow,frame,24,49314,2054.75,41287680
97,34,frame_4096_draws_64_unique_leases,own_shared,frame,24,87604,3650.16666667,41287680
97,35,owner_retained_4096_parameter_borrows,std_raw_borrow,frame,24,76125,3171.875,41287680
97,36,weak_lock_live,std_shared,lock,100000,1685219,16.85219,2350000
97,37,async_queue_job_1024_local_copies,own_local,job,100,350306,3503.06,2406400
97,38,share_read_drop,own_shared,handoff,100000,1120298,11.20298,2350000
97,39,scene_4096_attachments,own_local,attachment,98304,131116,1.33378092448,98304
97,40,borrow_read,raw_borrow,read,100000,46637,0.46637,2350000
97,41,async_queue_job_1_borrow_reads,std_shared_then_raw_borrow,job,100,73564,735.64,2000
97,42,copy_read_drop,own_shared,copy,100000,1313975,13.13975,2350000
97,43,owner_retained_borrow_copy_read,std_raw_borrow,read,100000,30501,0.30501,2350000
97,44,contended_copy_2_workers,std_shared,copy,200000,16262003,81.310015,4700000
97,45,frame_4096_draws_64_unique_leases,std_shared,frame,24,89217,3717.375,41287680
97,46,async_queue_job_1024_borrow_reads,own_shared_then_local_view,job,100,187504,1875.04,2406400
97,47,owner_retained_borrow_copy_read,own_local_view,read,100000,45267,0.45267,2350000
97,48,group_setup_then_1_copies,own_local,group,100000,1337959,13.37959,2000000
97,49,resettable_root_pin_1024_borrow_reads,std_shared_pin_raw_borrow,scope,97,30611,315.577319588,2334208
97,50,resource_lifecycle_64_assets_4096_objects,own_local,cycle,10,191822,19182.2,17203200
97,51,independent_owner_parameter,own_local,call,100000,108915,1.08915,2350000
97,52,localize_read_drop,std_shared,group,100000,1464445,14.64445,2350000
97,53,create_read_destroy,own_local,asset,100000,1862729,18.62729,65000400000
97,54,owner_retained_borrow_parameter,std_raw_borrow,call,100000,62634,0.62634,2350000
97,55,owner_retained_4096_draw_borrows,own_local_view,frame,24,48571,2023.79166667,41287680
98,0,independent_owner_parameter,own_local,call,100000,108807,1.08807,2350000
98,1,owner_retained_borrow_copy_read,own_local_view,read,100000,50046,0.50046,2350000
98,2,owner_retained_4096_draw_borrows,own_local_view,frame,24,45818,1909.08333333,41287680
98,3,weak_lock_expired,own_shared,lock,100000,69038,0.69038,0
98,4,weak_lock_expired,std_shared,lock,100000,75297,0.75297,0
98,5,frame_4096_draws_64_unique_leases,own_shared,frame,24,90699,3779.125,41287680
98,6,async_queue_job_1_borrow_reads,own_shared_then_local_view,job,100,58333,583.33,2000
98,7,resource_lifecycle_64_assets_4096_objects,own_local,cycle,10,190534,19053.4,17203200
98,8,async_queue_job_1024_borrow_reads,std_shared_then_raw_borrow,job,100,132374,1323.74,2406400
98,9,owner_retained_borrow_parameter,std_raw_borrow,call,100000,58469,0.58469,2350000
98,10,async_queue_job_1_local_copies,own_local,job,100,68164,681.64,2000
98,11,create_read_destroy,std_shared,asset,100000,1154677,11.54677,65000400000
98,12,owner_retained_borrow_parameter,own_local_view,call,100000,62747,0.62747,2350000
98,13,independent_owner_parameter,own_shared,call,100000,1262151,12.62151,2350000
98,14,async_queue_job_1024_borrow_reads,own_shared_then_local_view,job,100,112627,1126.27,2406400
98,15,localize_read_drop,std_shared,group,100000,1432940,14.3294,2350000
98,16,resettable_root_pin_1024_borrow_reads,std_shared_pin_raw_borrow,scope,97,31329,322.979381443,2334208
98,17,async_queue_job_64_borrow_reads,std_shared_then_raw_borrow,job,100,53695,536.95,150400
98,18,async_queue_job_1_borrow_reads,std_shared_then_raw_borrow,job,100,69243,692.43,2000
98,19,group_setup_then_8_copies,own_local,group,12500,260486,20.83888,2350000
98,20,group_setup_then_8_copies,std_shared,group,12500,1846417,147.71336,2350000
98,21,group_setup_then_1024_copies,own_local,group,97,85712,883.628865979,2334208
98,22,group_setup_then_64_copies,own_local,group,1562,108398,69.3969270166,2349248
98,23,async_queue_job_1_local_copies,std_shared,job,100,72592,725.92,2000
98,24,group_setup_then_1_copies,std_shared,group,100000,3299736,32.99736,2000000
98,25,resource_lifecycle_64_assets_4096_objects,std_shared,cycle,10,496104,49610.4,17203200
98,26,create_read_destroy,own_local,asset,100000,1849016,18.49016,65000400000
98,27,async_queue_job_64_local_copies,std_shared,job,100,258513,2585.13,150400
98,28,contended_copy_2_workers,own_shared,copy,200000,9425889,47.129445,4700000
98,29,async_queue_job_1024_local_copies,std_shared,job,100,2611776,26117.76,2406400
98,30,async_queue_job_1024_local_copies,own_local,job,100,407516,4075.16,2406400
98,31,group_setup_then_1_copies,own_local,group,100000,1292867,12.92867,2000000
98,32,localize_read_drop,own_local,group,100000,1223924,12.23924,2350000
98,33,copy_read_drop,std_shared,copy,100000,1593657,15.93657,2350000
98,34,group_setup_then_1024_copies,std_shared,group,97,1596778,16461.628866,2334208
98,35,create_read_destroy,own_shared,asset,100000,1726355,17.26355,65000400000
98,36,scene_4096_attachments,std_shared,attachment,98304,939241,9.5544535319,98304
98,37,share_read_drop,std_shared,handoff,100000,1478644,14.78644,2350000
98,38,resettable_root_pin_1024_borrow_reads,own_shared_pin_local_view,scope,97,31560,325.360824742,2334208
98,39,async_queue_job_64_borrow_reads,own_shared_then_local_view,job,100,61920,619.2,150400
98,40,scene_4096_attachments,own_local,attachment,98304,132368,1.34651692708,98304
98,41,independent_owner_parameter,std_shared,call,100000,1653605,16.53605,2350000
98,42,copy_read_drop,own_local,copy,100000,112983,1.12983,2350000
98,43,owner_retained_borrow_copy_read,std_raw_borrow,read,100000,32619,0.32619,2350000
98,44,owner_retained_4096_parameter_borrows,std_raw_borrow,frame,24,85283,3553.45833333,41287680
98,45,frame_4096_draws_64_unique_leases,std_shared,frame,24,91661,3819.20833333,41287680
98,46,share_read_drop,own_shared,handoff,100000,1207210,12.0721,2350000
98,47,async_queue_job_64_local_copies,own_local,job,100,77460,774.6,150400
98,48,group_setup_then_64_copies,std_shared,group,1562,1827605,1170.04161332,2349248
98,49,owner_retained_4096_draw_borrows,std_raw_borrow,frame,24,51001,2125.04166667,41287680
98,50,owner_retained_4096_parameter_borrows,own_local_view,frame,24,83664,3486,41287680
98,51,borrow_read,raw_borrow,read,100000,38156,0.38156,2350000
98,52,weak_lock_live,own_shared,lock,100000,1543826,15.43826,2350000
98,53,copy_read_drop,own_shared,copy,100000,1295382,12.95382,2350000
98,54,contended_copy_2_workers,std_shared,copy,200000,16221229,81.106145,4700000
98,55,weak_lock_live,std_shared,lock,100000,1688105,16.88105,2350000
99,0,create_read_destroy,own_shared,asset,100000,1775508,17.75508,65000400000
99,1,owner_retained_4096_draw_borrows,own_local_view,frame,24,47585,1982.70833333,41287680
99,2,frame_4096_draws_64_unique_leases,own_shared,frame,24,85931,3580.45833333,41287680
99,3,scene_4096_attachments,std_shared,attachment,98304,932620,9.48710123698,98304
99,4,copy_read_drop,std_shared,copy,100000,1648997,16.48997,2350000
99,5,resettable_root_pin_1024_borrow_reads,own_shared_pin_local_view,scope,97,31173,321.371134021,2334208
99,6,group_setup_then_8_copies,own_local,group,12500,238041,19.04328,2350000
99,7,borrow_read,raw_borrow,read,100000,35050,0.3505,2350000
99,8,contended_copy_2_workers,std_shared,copy,200000,16521515,82.607575,4700000
99,9,owner_retained_4096_parameter_borrows,std_raw_borrow,frame,24,78056,3252.33333333,41287680
99,10,group_setup_then_1024_copies,own_local,group,97,88878,916.268041237,2334208
99,11,group_setup_then_1024_copies,std_shared,group,97,1655980,17071.9587629,2334208
99,12,share_read_drop,std_shared,handoff,100000,1473405,14.73405,2350000
99,13,localize_read_drop,std_shared,group,100000,1469795,14.69795,2350000
99,14,owner_retained_borrow_parameter,std_raw_borrow,call,100000,59932,0.59932,2350000
99,15,group_setup_then_1_copies,std_shared,group,100000,3336958,33.36958,2000000
99,16,async_queue_job_1_local_copies,own_local,job,100,64147,641.47,2000
99,17,group_setup_then_64_copies,own_local,group,1562,113594,72.7234314981,2349248
99,18,weak_lock_expired,own_shared,lock,100000,83044,0.83044,0
99,19,copy_read_drop,own_local,copy,100000,105929,1.05929,2350000
99,20,async_queue_job_1_borrow_reads,std_shared_then_raw_borrow,job,100,63322,633.22,2000
99,21,async_queue_job_1_borrow_reads,own_shared_then_local_view,job,100,58925,589.25,2000
99,22,async_queue_job_64_borrow_reads,std_shared_then_raw_borrow,job,100,64732,647.32,150400
99,23,async_queue_job_64_local_copies,std_shared,job,100,326965,3269.65,150400
99,24,contended_copy_2_workers,own_shared,copy,200000,9518067,47.590335,4700000
99,25,localize_read_drop,own_local,group,100000,1279445,12.79445,2350000
99,26,resource_lifecycle_64_assets_4096_objects,std_shared,cycle,10,529906,52990.6,17203200
99,27,group_setup_then_64_copies,std_shared,group,1562,1676604,1073.37003841,2349248
99,28,async_queue_job_64_borrow_reads,own_shared_then_local_view,job,100,97664,976.64,150400
99,29,weak_lock_expired,std_shared,lock,100000,77142,0.77142,0
99,30,copy_read_drop,own_shared,copy,100000,1306502,13.06502,2350000
99,31,resource_lifecycle_64_assets_4096_objects,own_local,cycle,10,192168,19216.8,17203200
99,32,create_read_destroy,own_local,asset,100000,1900602,19.00602,65000400000
99,33,owner_retained_borrow_parameter,own_local_view,call,100000,64300,0.643,2350000
99,34,async_queue_job_1024_borrow_reads,std_shared_then_raw_borrow,job,100,115408,1154.08,2406400
99,35,scene_4096_attachments,own_local,attachment,98304,134054,1.36366780599,98304
99,36,share_read_drop,own_shared,handoff,100000,1130142,11.30142,2350000
99,37,weak_lock_live,own_shared,lock,100000,1488487,14.88487,2350000
99,38,weak_lock_live,std_shared,lock,100000,1682714,16.82714,2350000
99,39,owner_retained_4096_draw_borrows,std_raw_borrow,frame,24,48154,2006.41666667,41287680
99,40,async_queue_job_1024_local_copies,std_shared,job,100,2419475,24194.75,2406400
99,41,owner_retained_borrow_copy_read,own_local_view,read,100000,32694,0.32694,2350000
99,42,owner_retained_4096_parameter_borrows,own_local_view,frame,24,78915,3288.125,41287680
99,43,async_queue_job_1_local_copies,std_shared,job,100,83543,835.43,2000
99,44,async_queue_job_1024_local_copies,own_local,job,100,366301,3663.01,2406400
99,45,create_read_destroy,std_shared,asset,100000,1256289,12.56289,65000400000
99,46,independent_owner_parameter,own_local,call,100000,116557,1.16557,2350000
99,47,async_queue_job_64_local_copies,own_local,job,100,76842,768.42,150400
99,48,group_setup_then_1_copies,own_local,group,100000,1351086,13.51086,2000000
99,49,independent_owner_parameter,std_shared,call,100000,1648688,16.48688,2350000
99,50,group_setup_then_8_copies,std_shared,group,12500,1907533,152.60264,2350000
99,51,independent_owner_parameter,own_shared,call,100000,1305470,13.0547,2350000
99,52,async_queue_job_1024_borrow_reads,own_shared_then_local_view,job,100,100206,1002.06,2406400
99,53,resettable_root_pin_1024_borrow_reads,std_shared_pin_raw_borrow,scope,97,31604,325.81443299,2334208
99,54,owner_retained_borrow_copy_read,std_raw_borrow,read,100000,30357,0.30357,2350000
99,55,frame_4096_draws_64_unique_leases,std_shared,frame,24,90797,3783.20833333,41287680
100,0,borrow_read,raw_borrow,read,100000,35131,0.35131,2350000
100,1,group_setup_then_8_copies,own_local,group,12500,241674,19.33392,2350000
100,2,frame_4096_draws_64_unique_leases,own_shared,frame,24,89841,3743.375,41287680
100,3,contended_copy_2_workers,std_shared,copy,200000,16563972,82.81986,4700000
100,4,create_read_destroy,own_shared,asset,100000,1781421,17.81421,65000400000
100,5,async_queue_job_1024_borrow_reads,own_shared_then_local_view,job,100,137732,1377.32,2406400
100,6,share_read_drop,own_shared,handoff,100000,1125309,11.25309,2350000
100,7,group_setup_then_8_copies,std_shared,group,12500,1933036,154.64288,2350000
100,8,frame_4096_draws_64_unique_leases,std_shared,frame,24,102828,4284.5,41287680
100,9,async_queue_job_64_local_copies,std_shared,job,100,267622,2676.22,150400
100,10,weak_lock_live,own_shared,lock,100000,1484448,14.84448,2350000
100,11,owner_retained_borrow_parameter,own_local_view,call,100000,64680,0.6468,2350000
100,12,async_queue_job_1_borrow_reads,own_shared_then_local_view,job,100,64362,643.62,2000
100,13,localize_read_drop,own_local,group,100000,1330506,13.30506,2350000
100,14,share_read_drop,std_shared,handoff,100000,1476876,14.76876,2350000
100,15,group_setup_then_1_copies,own_local,group,100000,1360735,13.60735,2000000
100,16,async_queue_job_64_borrow_reads,std_shared_then_raw_borrow,job,100,56401,564.01,150400
100,17,independent_owner_parameter,own_local,call,100000,112015,1.12015,2350000
100,18,group_setup_then_64_copies,own_local,group,1562,137427,87.9814340589,2349248
100,19,contended_copy_2_workers,own_shared,copy,200000,9660879,48.304395,4700000
100,20,async_queue_job_1024_local_copies,own_local,job,100,321660,3216.6,2406400
100,21,weak_lock_expired,own_shared,lock,100000,100380,1.0038,0
100,22,localize_read_drop,std_shared,group,100000,1831917,18.31917,2350000
100,23,group_setup_then_1024_copies,std_shared,group,97,1494762,15409.9175258,2334208
100,24,independent_owner_parameter,own_shared,call,100000,1501165,15.01165,2350000
100,25,resettable_root_pin_1024_borrow_reads,std_shared_pin_raw_borrow,scope,97,46411,478.463917526,2334208
100,26,async_queue_job_64_local_copies,own_local,job,100,77452,774.52,150400
100,27,async_queue_job_1024_borrow_reads,std_shared_then_raw_borrow,job,100,190441,1904.41,2406400
100,28,async_queue_job_1_borrow_reads,std_shared_then_raw_borrow,job,100,39909,399.09,2000
100,29,resettable_root_pin_1024_borrow_reads,own_shared_pin_local_view,scope,97,41291,425.680412371,2334208
100,30,copy_read_drop,own_shared,copy,100000,1508420,15.0842,2350000
100,31,async_queue_job_1_local_copies,std_shared,job,100,69754,697.54,2000
100,32,owner_retained_borrow_copy_read,std_raw_borrow,read,100000,39602,0.39602,2350000
100,33,independent_owner_parameter,std_shared,call,100000,1467108,14.67108,2350000
100,34,create_read_destroy,std_shared,asset,100000,1302850,13.0285,65000400000
100,35,weak_lock_live,std_shared,lock,100000,1947258,19.47258,2350000
100,36,async_queue_job_64_borrow_reads,own_shared_then_local_view,job,100,57880,578.8,150400
100,37,owner_retained_4096_draw_borrows,std_raw_borrow,frame,24,70613,2942.20833333,41287680
100,38,group_setup_then_64_copies,std_shared,group,1562,1504573,963.234955186,2349248
100,39,owner_retained_borrow_parameter,std_raw_borrow,call,100000,83976,0.83976,2350000
100,40,owner_retained_4096_draw_borrows,own_local_view,frame,24,71699,2987.45833333,41287680
100,41,copy_read_drop,own_local,copy,100000,146248,1.46248,2350000
100,42,resource_lifecycle_64_assets_4096_objects,std_shared,cycle,10,603741,60374.1,17203200
100,43,owner_retained_4096_parameter_borrows,std_raw_borrow,frame,24,136773,5698.875,41287680
100,44,copy_read_drop,std_shared,copy,100000,1480648,14.80648,2350000
100,45,async_queue_job_1_local_copies,own_local,job,100,67490,674.9,2000
100,46,weak_lock_expired,std_shared,lock,100000,101478,1.01478,0
100,47,scene_4096_attachments,own_local,attachment,98304,161408,1.64192708333,98304
100,48,async_queue_job_1024_local_copies,std_shared,job,100,2467269,24672.69,2406400
100,49,group_setup_then_1024_copies,own_local,group,97,118497,1221.6185567,2334208
100,50,owner_retained_4096_parameter_borrows,own_local_view,frame,24,119290,4970.41666667,41287680
100,51,create_read_destroy,own_local,asset,100000,2448209,24.48209,65000400000
100,52,resource_lifecycle_64_assets_4096_objects,own_local,cycle,10,269936,26993.6,17203200
100,53,scene_4096_attachments,std_shared,attachment,98304,1085043,11.0376281738,98304
100,54,group_setup_then_1_copies,std_shared,group,100000,3084705,30.84705,2000000
100,55,owner_retained_borrow_copy_read,own_local_view,read,100000,39384,0.39384,2350000
